date,a1,a2,a3,a4,a5,a6,a7,a8,a9,a10,b11,b12,b13,b14,b15,b16,b17,b18,b19,b20,c21,c22,c25,c26,c29,c30,d31,d32,d33,d39,d40,e41,e42,e43,e49,e50,f51,f52,f53,f57,f58,f59,f60,g61,g62,g63,g64,g67,g68,g69,g70,h71,h72,h73,h74,h75,h76,h77,h78,h79,h80
20180104,,,,0.09064362943172455,0.08038756251335144,0.08483880758285522,0.09603112190961838,,,,,,,0.1193917840719223,0.12580175697803497,0.1508655697107315,0.2102392166852951,0.46908825635910034,,,,,0.2963700592517853,,,,0.13682864606380463,,,,,,0.13097980618476868,,0.37236979603767395,0.24587507545948029,,,,,,0.3382576107978821,0.28823956847190857,,,,,,0.3468015789985657,0.267926424741745,0.3973703682422638,,,,,,,,,,0.44174790382385254
20180105,0.3732292056083679,0.4929386079311371,0.27462106943130493,0.12686458230018616,0.11793877929449081,0.10074310749769211,0.1359122395515442,0.35238292813301086,0.9265887141227722,0.35677370429039,0.33290573954582214,0.8584355711936951,0.44223469495773315,0.1840650886297226,0.1404859572649002,0.13683229684829712,0.2201358526945114,0.45074349641799927,0.6878414154052734,0.506372332572937,0.19660058617591858,0.39756491780281067,0.3072341978549957,0.7648001909255981,,0.28199562430381775,0.1651790887117386,0.24907426536083221,,,0.23341768980026245,0.15495900809764862,0.19963227212429047,3.3712589740753174,,0.15184298157691956,,0.26603153347969055,0.356153279542923,,,0.24495230615139008,0.24038060009479523,,,0.26026496291160583,1.1190903186798096,0.7661027908325195,0.5777018070220947,0.28649190068244934,0.3847808241844177,,,,,,0.36939677596092224,0.34674152731895447,0.44510868191719055,0.43494921922683716,0.4926214814186096
20180106,,,,,,,,,,,,,,,,,,,,,,,,,,,,,,,,,,,,,,,,,,,,,,,,,,,,,,,,,,,,,
20180107,0.42812249064445496,0.5173081159591675,0.29133400321006775,0.16383908689022064,0.16938593983650208,,,,,,0.33750852942466736,1.338032603263855,0.5212259888648987,0.23860862851142883,0.1818879246711731,0.16094785928726196,,0.4730181097984314,,,0.23499591648578644,0.406230628490448,0.4061102867126465,,,,0.19072729349136353,0.3344297409057617,,,,0.17734675109386444,0.20943744480609894,4.147363185882568,,,,0.2115413099527359,0.3013802468776703,,3.1881492137908936,0.3557421565055847,0.38138505816459656,0.30152374505996704,0.32281532883644104,0.28652986884117126,,2.4430179595947266,1.373317837715149,0.43960216641426086,,0.4536108374595642,0.31850504875183105,0.2827957272529602,0.27886873483657837,0.31998878717422485,0.6511726975440979,,,,
20180108,0.4236443042755127,0.46926456689834595,0.22899183630943298,0.13163645565509796,0.11917715519666672,0.10405468940734863,0.14861240983009338,0.37455904483795166,0.6653596758842468,0.30521899461746216,0.28413283824920654,0.7118056416511536,0.3366626501083374,0.21082526445388794,0.16557443141937256,0.1548200249671936,0.19944757223129272,0.4760262072086334,0.8883448839187622,0.48537927865982056,0.1827242076396942,0.3116212785243988,0.3553392291069031,,0.6031762361526489,0.30503082275390625,0.1395719349384308,0.2207798957824707,,0.4105939567089081,0.3017151951789856,,0.15241241455078125,,0.4985117018222809,0.2880461513996124,0.22327284514904022,0.2555256485939026,0.2444700449705124,,,0.27938103675842285,0.25535112619400024,0.33438143134117126,0.3434480130672455,0.3001331388950348,0.27958858013153076,,0.4710018038749695,0.32973963022232056,0.3124690353870392,0.5341934561729431,0.4550592303276062,0.3426803946495056,0.30632078647613525,0.29845666885375977,0.39842331409454346,0.5862369537353516,0.47599950432777405,0.4648813009262085,0.4911651015281677
20180109,0.3357430398464203,0.42902278900146484,0.22870567440986633,0.12496491521596909,0.11438904702663422,0.09012622386217117,0.10108944028615952,0.2263547033071518,0.6258904933929443,0.2813269793987274,0.20156188309192657,,0.28060436248779297,0.1726042479276657,0.14210881292819977,0.09316503256559372,0.10957805812358856,0.2793213725090027,0.6051014065742493,0.27878379821777344,0.19142401218414307,0.2548571825027466,,,,,,0.15075428783893585,,,,0.12341321259737015,0.11742328852415085,,0.21066562831401825,0.19164502620697021,0.19016948342323303,0.18987290561199188,,,,0.22186927497386932,0.2118571698665619,0.2695153057575226,0.2691955864429474,0.22709967195987701,0.28787773847579956,,0.3864411413669586,0.3435543477535248,0.3043910562992096,0.403096079826355,0.372092068195343,0.25206416845321655,0.3090514838695526,0.41303110122680664,0.43562963604927063,0.5649849772453308,0.4735580086708069,0.45729371905326843,0.4868300259113312
20180110,0.41873446106910706,0.4577775001525879,0.1915522664785385,0.12263443320989609,,,,,,,0.2631281614303589,0.6171497702598572,0.45620521903038025,,,,,,,,0.23130656778812408,,,,,0.2446422129869461,,,,0.3100484311580658,0.22802874445915222,,,,0.4774196147918701,0.23614078760147095,0.17010971903800964,0.20164552330970764,0.26530033349990845,,1.2579389810562134,0.2728363871574402,0.2197950929403305,0.2315339744091034,0.2280329018831253,0.24621422588825226,0.7536182403564453,1.9208625555038452,0.6197983026504517,0.31267186999320984,0.25075969099998474,0.41610780358314514,0.3190922141075134,0.266512930393219,0.33829012513160706,0.5163518786430359,0.6258040070533752,0.6638145446777344,0.4061729311943054,0.40592247247695923,0.46359288692474365
20180111,,,,,,,0.19214093685150146,0.3362962007522583,0.7612114548683167,0.2510976791381836,,,,,,,0.26356813311576843,0.3918149769306183,0.5995829701423645,0.32791635394096375,,,,,0.44645607471466064,0.21857589483261108,,,,0.2927139401435852,0.17654481530189514,,,,0.45237356424331665,0.1875438243150711,,,,,,0.2695105969905853,0.1766931116580963,,,,,,,,0.19422565400600433,,,,,1.1373964548110962,,,,,0.42284080386161804
20180112,,,,,,,,,,,,,,,,,,,,,,,,,,,,,,,,,,,,,,,,,,,,,,,,,,,,,,,,,,,,,
20180113,,0.33127304911613464,,,0.17684616148471832,0.12270552664995193,0.14375005662441254,0.26378393173217773,,,,,,0.2186087667942047,0.17866678535938263,0.12185279279947281,0.28802356123924255,0.3538568913936615,0.6428086757659912,0.3494555354118347,,,,,,0.4015456438064575,0.13556933403015137,,,0.2695225477218628,0.26025745272636414,0.13987696170806885,0.14040528237819672,,0.207013338804245,,0.14725379645824432,0.13760821521282196,,,,,,0.1993059664964676,0.21149948239326477,0.21919001638889313,,,,,,0.3435418903827667,0.2828657329082489,0.2766859829425812,,,,,,,
20180114,,0.3616565465927124,,0.11073555797338486,0.16278529167175293,,,,0.6572068333625793,0.31367042660713196,,,0.29715654253959656,0.2143954634666443,0.1484925001859665,0.11879788339138031,0.2512480616569519,0.4779628813266754,0.5969361066818237,0.3343263268470764,,,,,0.3967476487159729,0.373195618391037,,,,,,,,,,,,,,,,,,,,,,,,,,,,,,,,,,,
20180115,0.41731610894203186,0.5078924894332886,0.2738143503665924,0.17960582673549652,0.14221753180027008,0.10274571180343628,0.13256949186325073,0.28585588932037354,,0.2540603280067444,0.3366148769855499,1.7480287551879883,0.544937789440155,0.22050762176513672,0.16960570216178894,0.1394854635000229,0.22936184704303741,0.30255937576293945,0.6091066598892212,0.3447658121585846,0.2696729004383087,0.5828342437744141,0.5879729390144348,,0.6879186630249023,0.39990535378456116,0.15557122230529785,0.4052492082118988,,0.553717315196991,0.35005804896354675,0.14226560294628143,0.19550777971744537,1.6920117139816284,0.7737130522727966,0.34850287437438965,0.16346317529678345,0.1828242689371109,0.48962610960006714,,1.6876507997512817,0.4842577874660492,,0.22150246798992157,0.20068633556365967,0.21074341237545013,0.30245283246040344,2.057806968688965,0.4882509708404541,0.3309289515018463,,0.3835512101650238,0.286622554063797,0.2634029686450958,0.35254088044166565,0.3231571316719055,,,,,
20180116,,0.45698830485343933,0.2953338623046875,0.19373850524425507,0.14811481535434723,0.09947744756937027,0.15105658769607544,0.46281152963638306,1.2635656595230103,0.3393377661705017,,,0.29442599415779114,0.2388540655374527,0.18615978956222534,0.13601890206336975,0.22412109375,0.34595760703086853,0.6412635445594788,0.4289965033531189,,,0.2982703745365143,0.5889127254486084,0.6801940202713013,0.36786165833473206,0.1917562633752823,0.5740180015563965,,0.6488279104232788,0.3698621988296509,,0.293961763381958,3.148611307144165,0.8609573841094971,0.3454919755458832,,0.1695549488067627,,,2.093494176864624,0.4531988501548767,0.2991176247596741,,0.28006911277770996,0.3924121856689453,1.2208913564682007,2.604893922805786,0.791888952255249,0.4651573896408081,0.3571265935897827,0.3422282934188843,0.30942508578300476,0.35665395855903625,0.4955942928791046,0.752015233039856,1.0768132209777832,0.6036450862884521,0.556860625743866,0.7761685848236084,0.6599556803703308
20180117,0.44034722447395325,0.4359414577484131,0.2766377329826355,0.22795812785625458,0.17823459208011627,,,,,,0.3638624846935272,1.7724703550338745,0.3043045997619629,0.2590024173259735,,,,,,,0.25019392371177673,0.6952082514762878,,,,,0.17284996807575226,0.6896244883537292,,,,0.15701943635940552,0.21774478256702423,3.4791221618652344,,,0.1583615243434906,0.17314445972442627,0.4273160994052887,,,,,,0.20427066087722778,,,,,,,0.2262675017118454,0.2590244710445404,0.28106293082237244,,0.7194344401359558,0.8178772926330566,,,,
20180118,0.3869037330150604,0.34345030784606934,0.2266014963388443,0.1879887878894806,0.14203156530857086,0.09151206910610199,0.1786603182554245,0.6874578595161438,1.7840107679367065,,0.309624046087265,1.2125755548477173,0.3659166991710663,0.20193853974342346,0.1778983771800995,0.12341368198394775,0.18334025144577026,0.33582520484924316,0.6363002061843872,,0.23606300354003906,0.49883896112442017,0.275083988904953,,,,0.15258508920669556,0.36261773109436035,,,,0.1377338021993637,0.19044576585292816,0.8241044878959656,0.3534621596336365,0.4357314705848694,0.13207490742206573,0.12549294531345367,0.30304354429244995,,,0.2736462950706482,0.22588075697422028,0.13019819557666779,0.14199502766132355,0.17356199026107788,0.3725183606147766,,,,0.39003118872642517,0.3128252625465393,0.2940206527709961,0.30795717239379883,0.3814120590686798,,,,,,0.4847036302089691
20180119,,,,,0.11185507476329803,0.09055880457162857,0.1606738567352295,0.47603586316108704,1.186989665031433,0.2242574393749237,,,,,,0.1040739119052887,0.15805736184120178,0.3108196556568146,0.5474929809570312,0.29390448331832886,,,,,0.3658321499824524,0.3005528748035431,,,,,0.26572099328041077,,,,,,0.1225748285651207,0.1258373111486435,,,,,,0.1350548267364502,0.16716700792312622,0.1888425499200821,,,0.5030540227890015,,0.4595873951911926,0.39200007915496826,0.2840673625469208,0.5890353918075562,0.39137008786201477,0.32662874460220337,,,0.3737003803253174,0.5210815072059631,0.6585339307785034
20180120,,,,,,,,,,,,,,,,,,,,,0.14651775360107422,,,,,,0.15848122537136078,0.3708508610725403,,,,0.11831773072481155,0.20996910333633423,0.7395817637443542,,0.19408267736434937,0.1033593937754631,0.11269228905439377,0.3604220151901245,,1.2005726099014282,0.20071199536323547,0.20625652372837067,,0.0933012142777443,0.232695072889328,0.5740509629249573,1.2589045763015747,0.5529295802116394,0.28503289818763733,0.34153521060943604,,0.21329636871814728,0.27902352809906006,0.326215535402298,0.4547550082206726,0.4711061418056488,0.4628998041152954,0.3425769805908203,0.3764236271381378,0.47739043831825256
20180121,,,,,0.16666632890701294,0.1114550232887268,0.21371394395828247,,,,,,,0.17247040569782257,0.20892512798309326,0.12847469747066498,0.1735338270664215,0.2971341013908386,,,,,,,,,,,,,,0.11973917484283447,0.25937458872795105,0.6764220595359802,,,0.10523080825805664,0.11967860162258148,0.4391773045063019,,,,,0.11187544465065002,0.14736007153987885,0.29482170939445496,0.5564373135566711,,,,,0.34806206822395325,0.352405846118927,0.4532489478588104,0.49155113101005554,0.48004215955734253,0.4451143443584442,0.4348933696746826,0.2807542085647583,0.21344392001628876,
20180122,,,,,,,,,,,,,,,,,,,,,,,,,0.717983603477478,0.33086803555488586,,,,0.6236125826835632,0.25770440697669983,,,,,,,,,,,0.5992686748504639,,,,,,,,,,,,,,,,,,,
20180123,0.45932045578956604,0.3595079183578491,0.22878961265087128,0.24781887233257294,0.20466561615467072,,,,,,0.29602721333503723,,0.24302640557289124,0.20363427698612213,0.19684642553329468,0.12803730368614197,,,,,,,,,0.5317918062210083,0.2779220640659332,,,,0.5069657564163208,0.5330265760421753,0.0993615984916687,0.18880490958690643,,,,0.11780266463756561,0.0840141549706459,,,,0.28800076246261597,,0.08165975660085678,0.1678367406129837,0.19567807018756866,,,,,,0.6550620198249817,,,0.4465155005455017,,,,,,
20180124,0.4666670560836792,0.37978774309158325,0.21365226805210114,0.23319119215011597,0.17567338049411774,0.11383696645498276,0.19178657233715057,0.33161038160324097,0.8427025675773621,0.22674280405044556,0.23727421462535858,0.7378149628639221,0.35666486620903015,0.19413915276527405,0.1830413043498993,0.1365911364555359,0.217014342546463,0.3312780559062958,0.8341639041900635,0.32602638006210327,0.22199080884456635,0.41951775550842285,0.28917932510375977,,0.4757592976093292,0.24686485528945923,0.16467325389385223,0.29661622643470764,,0.3925037682056427,0.2732718884944916,0.10288788378238678,0.23619164526462555,0.38566842675209045,0.4277668297290802,0.23892471194267273,0.07185116410255432,0.09632512181997299,0.15550242364406586,,1.668229103088379,0.28115180134773254,0.24414576590061188,,,0.11382422596216202,0.16125759482383728,,0.441593199968338,0.30289846658706665,0.3605594336986542,,,,,,0.38155409693717957,0.4180161654949188,0.35062646865844727,0.5888023376464844,0.36754316091537476
20180125,0.45021918416023254,0.386675089597702,0.17651301622390747,0.1819312423467636,,,,0.2784687876701355,,0.17453983426094055,0.24893777072429657,1.2359551191329956,0.4321874678134918,0.1560821831226349,0.1434192955493927,0.11555135995149612,0.18953266739845276,,,0.1514359563589096,0.2083849310874939,0.4812126159667969,0.27586087584495544,,0.3736552298069,0.17955829203128815,0.14452849328517914,0.3793562054634094,,0.34805378317832947,0.23035819828510284,0.10372743755578995,0.2829916179180145,1.1026666164398193,,,0.11000341176986694,0.10718397051095963,0.26809990406036377,,,,,0.07421699911355972,0.2378951758146286,0.39567089080810547,0.4889073669910431,1.2327589988708496,0.4220743477344513,0.5284114480018616,,0.27620893716812134,0.2891843020915985,0.6538164615631104,0.6856208443641663,0.5491673946380615,0.5194168090820312,0.4603450298309326,0.33444684743881226,0.4542497396469116,0.2814079225063324
20180126,0.4382181465625763,,,,0.1709120124578476,,0.1488064080476761,0.2606859505176544,,,0.25515785813331604,0.9291251301765442,,,0.13715603947639465,,,0.2397862672805786,,,0.2096443921327591,0.5447060465812683,,,,,0.1554674655199051,0.4129132926464081,,,,0.09963544458150864,0.2796562910079956,2.0629165172576904,,,0.0950838252902031,0.11671415716409683,0.2744222581386566,,,,,0.06733984500169754,0.23456256091594696,0.30253228545188904,0.5358971357345581,,,,,0.20741154253482819,0.23115117847919464,0.5195328593254089,0.5632015466690063,0.47582706809043884,0.4826575517654419,0.40556150674819946,0.2930434048175812,0.33733996748924255,
20180127,,,,,,,,,,,,,,,0.13956619799137115,0.11740816384553909,,,0.2363528162240982,0.19580689072608948,,,,,,0.16755186021327972,0.1587739735841751,0.3585686683654785,,0.23506006598472595,0.1724916249513626,0.10489973425865173,0.27798953652381897,2.4615612030029297,0.4156794846057892,0.2064494490623474,0.08756814897060394,0.13254764676094055,0.28852275013923645,,1.7099814414978027,0.2620949149131775,0.2302888184785843,0.07728961855173111,0.36308419704437256,0.37188735604286194,1.393039584159851,1.5310277938842773,0.45111149549484253,0.2907109558582306,0.21023717522621155,0.2097264677286148,0.21991375088691711,0.545364499092102,0.5801103711128235,0.5300256609916687,0.5090073943138123,0.3283692002296448,,,
20180128,0.36269286274909973,0.2621835768222809,0.15418069064617157,0.1767895221710205,0.1386031061410904,0.11250177770853043,0.14361672103405,,,,0.28472888469696045,0.5469846725463867,,0.16340965032577515,0.14794935286045074,0.13312530517578125,0.1823892891407013,,,,0.2126583606004715,0.3632408082485199,0.2626999318599701,,,,0.14643780887126923,0.30411168932914734,,,,0.09060347080230713,0.23336826264858246,0.35634347796440125,,,0.07197654992341995,0.10958606749773026,0.21728701889514923,,,,,0.07885374873876572,0.32327160239219666,0.2692011594772339,0.33644264936447144,2.3663642406463623,0.49480000138282776,,,0.11601202934980392,0.17936676740646362,0.44757673144340515,0.48367103934288025,0.36265116930007935,0.3969215750694275,0.3199189007282257,0.2511689066886902,,
20180129,,,,,,,,,,,,,,,,,,,,,,,,,,,,,,,,,,,,,,,,,,,,,,,,,,,,,,,,,,,,,
20180130,0.2984309196472168,0.33345142006874084,0.19450131058692932,0.2343134880065918,0.1697254329919815,0.1495947390794754,0.14461562037467957,,,,0.3035498559474945,,0.27812522649765015,0.18714222311973572,0.15791833400726318,0.15848253667354584,0.14644388854503632,,,,0.16584867238998413,,,,,,,,,,,0.0765204206109047,,,0.16482971608638763,,0.08669127523899078,0.11755900084972382,,,,,0.17656832933425903,0.257315069437027,0.4327535331249237,0.3442517817020416,,,,,0.16671103239059448,0.29015079140663147,0.3544817566871643,0.5483048558235168,0.5575114488601685,,,,,,
20180131,0.42976951599121094,0.568845272064209,0.2371184527873993,0.2304924875497818,0.16311787068843842,0.13316532969474792,0.2297869771718979,0.4129028022289276,0.7324459552764893,0.25235089659690857,0.36725524067878723,1.1743781566619873,0.5015259385108948,0.18979069590568542,0.15327250957489014,0.154562845826149,0.188237264752388,0.3278578221797943,0.735280454158783,0.24475379288196564,0.2551942467689514,0.3852076828479767,,,0.3282764256000519,0.19487302005290985,0.1614968627691269,0.3106224834918976,,0.23085446655750275,0.20718923211097717,0.1102667823433876,0.18219029903411865,0.35692551732063293,0.2977169454097748,0.20621591806411743,0.11476925015449524,0.1383708417415619,0.14665764570236206,,,0.2381686270236969,0.2896686792373657,0.3238489627838135,0.5821840763092041,0.3936266303062439,0.2868315875530243,,0.24249568581581116,0.2240622490644455,0.2596072852611542,0.34575212001800537,0.4006245732307434,0.47314852476119995,0.5689317584037781,0.29708772897720337,0.3626602292060852,0.2678867280483246,0.22131425142288208,0.21227231621742249,0.20354464650154114
20180201,,,0.207266166806221,0.23307397961616516,0.15697774291038513,0.12558850646018982,0.2275993525981903,0.55409836769104,1.384251356124878,0.2418273538351059,,,0.8001587390899658,0.21319468319416046,0.161128968000412,0.17260044813156128,0.2275804728269577,0.44416508078575134,0.7920283675193787,0.2186722755432129,,,0.4653299152851105,,0.3354480564594269,0.19441907107830048,,,,,,,,,,,,,,,,,,,,,,,,,,,,,,,,,,,
20180202,0.5718404650688171,0.3786810040473938,0.20415765047073364,0.22886201739311218,0.15449324250221252,,,,,,0.8026989102363586,2.7579267024993896,0.5231718420982361,0.18990714848041534,0.1453351527452469,,,,,,0.4213460683822632,1.0198054313659668,,,,,0.2141743153333664,0.7391546368598938,,,,0.09650097042322159,0.2615257501602173,3.676168203353882,,,,,,,,,,,,,,,,,,0.41163384914398193,0.4186137020587921,0.6656777858734131,0.665167510509491,0.4497624635696411,,,,,
20180203,0.3973933160305023,0.33770641684532166,0.16732892394065857,0.169866144657135,0.12281279265880585,0.13614536821842194,0.2530224919319153,0.3939497470855713,0.6931809782981873,0.2165735363960266,0.48803195357322693,0.8735218644142151,0.35986584424972534,0.16285930573940277,0.12117826193571091,0.14207910001277924,0.17563344538211823,0.3975665271282196,0.5249319672584534,0.22683726251125336,0.36470240354537964,0.8653265833854675,0.30733922123908997,,0.2641581594944,0.18487097322940826,0.17256411910057068,0.42876365780830383,,0.2756725549697876,0.19713535904884338,,0.23341676592826843,1.5891549587249756,0.5225691199302673,0.2075420618057251,,0.17638058960437775,0.5324994921684265,,1.291833519935608,0.3310607075691223,0.15572936832904816,,,0.2956692576408386,0.7720188498497009,0.9995298981666565,0.5136864185333252,0.23819600045681,0.208494171500206,,,0.39446982741355896,0.4299393594264984,0.3622663617134094,0.24023447930812836,0.20955818891525269,0.2186892181634903,,
20180204,0.4192226529121399,0.3755890130996704,0.17004473507404327,0.16281455755233765,0.12264539301395416,0.14231303334236145,0.233469158411026,0.32730376720428467,,0.13039237260818481,0.47193723917007446,1.139446496963501,0.4224797487258911,0.22286102175712585,0.17403291165828705,0.1636641025543213,0.19339025020599365,0.47190290689468384,0.5654075741767883,0.18040210008621216,,1.1484653949737549,0.474059134721756,,,,,0.5567440390586853,,,,,0.16536669433116913,0.7367410659790039,0.28186336159706116,0.16156865656375885,,,0.45060867071151733,,1.2568553686141968,0.3253399729728699,0.1573309302330017,0.2986774146556854,0.388254851102829,,,1.4460700750350952,0.5103855133056641,0.25612685084342957,,0.4029110074043274,0.3880734443664551,0.39489564299583435,0.380710631608963,0.32697921991348267,0.2474207729101181,0.35336557030677795,0.32574641704559326,0.2394609898328781,0.2026309370994568
20180205,,,,,0.11117354035377502,0.12787242233753204,0.2513563930988312,0.7304946184158325,,0.20575831830501556,,,,0.1817025989294052,0.18409283459186554,0.1473357379436493,0.18405771255493164,0.5030472874641418,0.565528929233551,0.19464144110679626,,,0.30038437247276306,,,0.14363664388656616,0.21442219614982605,0.40316370129585266,,,0.15667617321014404,,,,0.44466525316238403,0.19702287018299103,,,,,1.0651507377624512,0.35845422744750977,0.19133783876895905,0.40436068177223206,0.6192452311515808,0.442648708820343,0.6069220900535583,1.460736870765686,0.4953871965408325,0.29285475611686707,,0.5025744438171387,0.590178906917572,0.553475558757782,0.4689301550388336,0.4585392475128174,0.35795456171035767,0.37076708674430847,0.3313666880130768,,0.2584027647972107
20180206,0.3951060473918915,0.322670042514801,0.17870014905929565,0.14558055996894836,0.12066846340894699,0.17055588960647583,0.30946576595306396,0.5011211037635803,0.9542721509933472,0.1811150312423706,0.3714902997016907,1.0952250957489014,0.5638509392738342,0.19409799575805664,0.20390449464321136,0.15402695536613464,0.20805318653583527,0.5410293936729431,0.6529474258422852,0.1931597888469696,0.33833029866218567,0.9237810969352722,0.4225883483886719,0.6301960349082947,0.2299836128950119,0.16594606637954712,0.2414683699607849,0.6172447204589844,,0.24495239555835724,0.1674673855304718,0.16349108517169952,0.20535758137702942,3.4769749641418457,0.44942396879196167,0.170944482088089,0.15478859841823578,0.20232577621936798,0.6097610592842102,,1.350621223449707,0.3198937475681305,0.18165796995162964,0.32561320066452026,0.49966588616371155,0.3616964519023895,0.8475649952888489,1.2816778421401978,0.48658066987991333,0.2528012692928314,0.19103819131851196,0.3856869041919708,0.5364943146705627,0.5232649445533752,0.4193978011608124,0.5593731999397278,0.4141902029514313,0.3670084774494171,0.31523099541664124,0.2999971807003021,0.2970797121524811
20180207,,,,,,,,,,,,,,,,,,,,0.15104128420352936,,,,,0.2418641746044159,0.15226785838603973,,,,0.29827451705932617,0.16246552765369415,,,,0.5568211674690247,,,,,,1.7941501140594482,0.45685839653015137,,0.5992338061332703,0.6062479019165039,0.41908907890319824,,2.092146635055542,0.5306934118270874,,,0.6065524220466614,0.6496752500534058,0.5289267897605896,0.4017903506755829,0.332218736410141,0.4201863408088684,0.35806041955947876,0.29159700870513916,0.307547926902771,0.29130280017852783
20180208,0.20556789636611938,0.348470538854599,,,,,,,,,,0.6636017560958862,,0.17454048991203308,,,,,,,,,,,,,,,,,,,,,,,,,,,,,,,,,,,,0.2094288021326065,,,,,,,,,,,
20180209,0.4001583755016327,0.3179055452346802,0.23651616275310516,0.13817845284938812,0.1123700886964798,0.2022203952074051,0.3019992709159851,0.2738712430000305,0.7837531566619873,0.18213827908039093,0.33448341488838196,0.7596184611320496,0.6865789294242859,0.1914289891719818,0.15880921483039856,0.17924325168132782,0.23226986825466156,0.33529233932495117,0.5331767797470093,0.1657860279083252,0.2805868685245514,0.32629629969596863,0.36317065358161926,,,,0.23786112666130066,0.3365502953529358,,,,0.1880452036857605,0.21556544303894043,0.7740416526794434,0.20920535922050476,0.1466170996427536,0.2302657812833786,0.2647140920162201,0.33490845561027527,,0.7063337564468384,0.2178144007921219,0.1684165894985199,0.5216336846351624,0.7216450572013855,0.4383056163787842,0.5656466484069824,0.3984919488430023,0.2881779074668884,0.2320719212293625,0.16574111580848694,0.5613386631011963,0.7927411198616028,0.5905100107192993,0.3907795250415802,0.29873523116111755,0.2662011682987213,0.3041790723800659,0.23084460198879242,0.2390606701374054,0.22672122716903687
20180210,,,,,,,,,,,,,,,,,,0.29799556732177734,0.5966109037399292,,,,,,,,,,,,,,,,,0.1496943235397339,,,,,,,0.16545940935611725,,,,,,,,,,,,,,,,,,0.19456087052822113
20180211,,,0.30010324716567993,0.11309641599655151,0.11682640016078949,0.2245766669511795,0.3609285056591034,0.4969126284122467,1.5886938571929932,0.2211553454399109,,,0.6520999073982239,0.24168328940868378,0.1600876897573471,0.21158285439014435,0.33754661679267883,0.3956823945045471,0.6461813449859619,0.20446306467056274,,,0.7199525833129883,,0.38576915860176086,0.14434973895549774,0.205479234457016,0.20629332959651947,,0.5417576432228088,0.16870103776454926,0.1685762107372284,0.18530473113059998,0.3043673038482666,0.4372187554836273,0.1729602813720703,,,0.28688451647758484,,,0.24161750078201294,,,,0.2742147147655487,0.44636356830596924,,,,,,,0.48638615012168884,0.30097830295562744,,,,,0.20517635345458984,
20180212,,,,,,,0.4093362092971802,0.3979879915714264,1.475454568862915,0.22269664704799652,,,,,0.2147730439901352,0.2624237835407257,0.36824214458465576,0.45161962509155273,0.7526652812957764,0.21651935577392578,,,,,0.2869495451450348,0.17295019328594208,,,,,0.16166655719280243,0.2089049220085144,0.22676578164100647,0.4790026545524597,0.4844827353954315,0.1519984006881714,0.23041385412216187,0.28173932433128357,0.2796643078327179,,,,0.11505026370286942,0.7854923605918884,0.9910363554954529,0.8697042465209961,0.6068516373634338,,0.27287015318870544,,,0.5541808605194092,0.6121852993965149,,,,,,0.3124653697013855,0.26164448261260986,0.2383466213941574
20180213,,0.40143364667892456,,,,,,,,0.19580680131912231,,0.5072150230407715,,,,0.26215246319770813,0.35580331087112427,0.3225988745689392,,,0.2473604530096054,0.3520212173461914,,,,,0.22199131548404694,0.20332439243793488,,1.4129363298416138,,0.22801735997200012,0.18621525168418884,,0.34854504466056824,0.1990748643875122,0.37584388256073,0.33096662163734436,0.19930246472358704,,,0.2931363880634308,0.21083369851112366,0.7554513216018677,0.8353318572044373,0.5614842176437378,,0.7659911513328552,0.43603211641311646,0.4155126214027405,0.22071142494678497,,,,,,,,0.3146086037158966,0.295024037361145,0.238937109708786
20180214,0.28428882360458374,,,,,,,,,,,,,,0.10895290225744247,,,,,,,,,,0.5117795467376709,0.2130039930343628,,,,0.5402039289474487,0.15890266001224518,,,,,,,,,,,,,0.40610912442207336,,0.49798840284347534,,,,,,0.46349644660949707,0.4094592332839966,,,,,,,,
20180215,,,,,,,,,,,,,,,,,,,,,,,,,,,,,,,,,,,,,,,,,,,,,,,,,,,,,,,,,,,,,
20180216,,,0.3631419241428375,0.20839518308639526,0.15652213990688324,0.21127386391162872,,,,,,,,0.2485980987548828,,,,,,0.6690572500228882,,,,,,,,,,,,,0.1724732220172882,,,0.21405735611915588,,,,,,,0.17008423805236816,,,,,,,0.20700719952583313,0.19993256032466888,,0.26764965057373047,,,,,0.2437179535627365,,,
20180217,,,,,,0.14112506806850433,,,,0.49608689546585083,,,,,,,,0.37957292795181274,,,,,,,,,,,,,,,,,,,,,,,,,,,,,,,,,,,,,,,,,0.18832653760910034,,
20180218,,,,,,,,,,,,,,,,,,,,,,,,,,,,,,,,,,,,,,,,,,,,,,0.4130638837814331,,,,,0.23142635822296143,0.2347583770751953,,0.3597554862499237,,,,0.2680855691432953,0.4725343883037567,0.4649062752723694,0.34854409098625183
20180219,,0.4414602816104889,0.3280099928379059,0.2043205350637436,0.17215082049369812,0.2789052128791809,0.4650571048259735,0.7092108130455017,,0.5307113528251648,0.18974512815475464,,0.8590651154518127,0.25557267665863037,0.22452904284000397,0.23954685032367706,0.43014249205589294,0.7675889730453491,1.1318265199661255,0.4750044047832489,0.2491750568151474,0.42457646131515503,0.40161582827568054,,,,0.31306931376457214,0.3925045132637024,,,,0.4545341730117798,0.4633401334285736,1.4263309240341187,,,0.46732863783836365,0.5105475187301636,0.5159406065940857,,,,,0.36328715085983276,0.523158073425293,0.5451463460922241,0.8571376800537109,,,,,,,,,,,,,,
20180220,0.32557955384254456,,,0.17006415128707886,0.157494455575943,0.20572374761104584,0.4082367420196533,,,,0.3384266793727875,,0.8541050553321838,0.29094386100769043,0.2325671762228012,0.23735390603542328,0.39258936047554016,0.6044483780860901,,,0.2785906195640564,0.507414698600769,0.35250920057296753,,,,0.25926604866981506,0.40035280585289,,,,0.39154279232025146,0.3577060103416443,2.2585811614990234,,,0.35570505261421204,0.4199056029319763,0.41672182083129883,,2.0202252864837646,,,0.4600410461425781,0.5650951266288757,0.6031107902526855,1.0729215145111084,2.8495798110961914,0.8925738334655762,0.31830519437789917,,0.4483378529548645,0.6436663866043091,0.6145175099372864,0.5699676871299744,0.6620661020278931,0.4948135316371918,0.4154796302318573,0.37385332584381104,0.3736439645290375,
20180221,,,,,,,,,,,,,,,,,,,,,,,,,,,,,,,,0.35263770818710327,,,,,,,,,,,,0.4374220073223114,0.48047807812690735,0.5338097214698792,0.799443244934082,,,,,0.39505884051322937,0.5690698623657227,0.5651837587356567,0.595602810382843,1.029381513595581,0.560602605342865,0.5831853151321411,,,
20180224,,,,,,,,,,,,,,,,,,,,,,,,,,,,,,,,,,,,,,,,,,,,,,,,,,,,,,,,,,,,,
20180225,0.48527058959007263,0.5177415609359741,0.35465213656425476,0.19222797453403473,0.22912566363811493,0.3442314565181732,0.5446990132331848,0.7658634185791016,,,0.4153163433074951,1.1772688627243042,0.7538849115371704,0.28648364543914795,0.2544264495372772,0.2829170525074005,0.4276881814002991,0.6055999994277954,0.7803937792778015,0.47978588938713074,0.2986861765384674,0.6056764125823975,0.4734480679035187,,0.24112097918987274,,,0.5917552709579468,,0.22254253923892975,,0.33268535137176514,0.38525721430778503,0.7122070789337158,0.25864556431770325,,0.3327759802341461,0.28435176610946655,0.27272844314575195,,,,,0.38997048139572144,,0.3703344464302063,0.38810572028160095,,,,,,,,0.36643069982528687,,,,,,
20180226,,,,,,,,,,,,,,,,,,,,,,,,,,,,,,,,,,,,,,,,,,,,,,,,,,,,,,,,,,,,,
20180227,0.541253387928009,0.4406726658344269,0.2931452989578247,0.16155771911144257,0.22738897800445557,0.4491514265537262,0.6798703670501709,0.8952565789222717,1.3452630043029785,0.331529825925827,0.44653627276420593,,,0.2154487520456314,,0.27602025866508484,0.4897545576095581,0.5672786831855774,0.8005385994911194,0.3570399880409241,,,,,0.37100520730018616,0.2646957039833069,,,,,0.2288212925195694,,,,,0.27047473192214966,,,,,,,0.3023378551006317,,,,,,,,0.24217292666435242,,,,,,,,,,
20180228,,,,,0.26469483971595764,0.49883344769477844,0.6489101648330688,0.46831440925598145,,,0.3360779881477356,,,,,0.35370197892189026,0.3796388506889343,0.40298473834991455,,,0.2810775637626648,0.4897024929523468,,,,0.18797126412391663,0.19928129017353058,0.26029032468795776,,,0.18767134845256805,,,,,,0.3304067552089691,,,,,,,0.5626525282859802,0.8250076174736023,0.7038571834564209,,,,,,,0.9850849509239197,0.8537017703056335,0.7378643155097961,,,,,,
20180301,0.2945934534072876,0.5143008232116699,0.39559146761894226,0.23480789363384247,0.2423386573791504,0.371035099029541,0.5021747350692749,0.42710989713668823,,0.2585447430610657,,,0.70245361328125,0.2873297929763794,0.234042227268219,0.29339465498924255,0.3927106559276581,0.47942695021629333,,,,,0.5091445446014404,,0.4022897779941559,0.22520941495895386,,,,0.3980967700481415,0.22376908361911774,0.1604469120502472,,,,0.2162504345178604,0.18805314600467682,,,,,0.33557772636413574,0.21613845229148865,0.327960342168808,,,,,0.3389504551887512,0.31972992420196533,0.19035887718200684,0.3967309892177582,,0.24755892157554626,0.3055517077445984,0.3426934480667114,0.3120696246623993,0.28072136640548706,0.29902184009552,0.2398824840784073,0.18470056354999542
20180302,0.3610868453979492,0.4714739918708801,0.2667907178401947,0.1576152890920639,,,,,,,0.35916098952293396,1.0703638792037964,0.5295742750167847,0.17000412940979004,0.12871839106082916,,,,,,0.23484298586845398,0.5171593427658081,,,,,0.18743115663528442,0.32688719034194946,,,,0.2349366545677185,0.28032386302948,0.9889189600944519,0.3990485668182373,0.20930132269859314,0.22531943023204803,0.29923465847969055,0.3751947581768036,,,0.25939756631851196,,0.23967128992080688,0.4011394679546356,0.509385347366333,0.49872004985809326,,,0.32943418622016907,0.23325875401496887,,,0.4553936719894409,0.4644375443458557,0.6540735960006714,0.608041524887085,0.6713669300079346,0.45249128341674805,0.31242164969444275,0.20495738089084625
20180303,,,,,,,,,,0.26812422275543213,,,,,,,,,0.6157398223876953,0.30658724904060364,,,,,,0.2160385549068451,,,,0.5591557621955872,0.23025819659233093,,,,0.2979515790939331,0.19876116514205933,,,,,,0.24817323684692383,0.19551315903663635,0.39817214012145996,,,,,,0.27506229281425476,0.21721778810024261,0.6346959471702576,0.6487551331520081,,,,,,,0.2326097935438156,0.2131243348121643
20180304,,,0.36399227380752563,0.1816539168357849,0.2010110467672348,0.3421482741832733,0.495670884847641,0.7258738279342651,1.4608070850372314,0.37158262729644775,,,,0.3350561261177063,0.23208704590797424,0.43315067887306213,0.5525329113006592,0.6980218887329102,1.019671082496643,0.6219093203544617,,,0.5902665257453918,,0.4336322844028473,0.2812070846557617,,,,0.4717409014701843,0.23187461495399475,,,,0.5364591479301453,0.2217034250497818,,,,,,0.3393203616142273,0.2197228968143463,,,,,,,0.30344539880752563,0.22340631484985352,,,,,,,,,,
20180305,0.5054191946983337,0.5077072381973267,0.3338616192340851,0.20391465723514557,0.1843186765909195,0.3388349711894989,0.4636803865432739,0.7350974678993225,1.4637136459350586,0.33565276861190796,0.41048097610473633,1.1865390539169312,0.4363250434398651,0.2401251345872879,0.20456649363040924,0.4252626895904541,0.5255779027938843,0.6639698147773743,0.911003053188324,0.3480893075466156,0.33653831481933594,0.7698521614074707,0.46425873041152954,,0.4119803309440613,0.24445520341396332,0.23932351171970367,0.4894481897354126,,0.40279287099838257,0.2857476472854614,0.27512043714523315,0.2895660698413849,1.4370824098587036,0.40675589442253113,0.21673361957073212,0.47286176681518555,0.3266323506832123,0.27074283361434937,,,0.23146630823612213,0.1974019706249237,,0.5991525053977966,0.5280585289001465,0.25842708349227905,,0.3328512907028198,0.32623255252838135,0.17296309769153595,0.4263343811035156,0.3869393467903137,0.4965321123600006,0.5449739694595337,0.48429253697395325,0.4190325438976288,0.4353194534778595,0.42604750394821167,0.31195032596588135,0.24880221486091614
20180306,0.5029764175415039,0.434012770652771,0.28853321075439453,0.18215399980545044,0.17322424054145813,0.3315904438495636,0.4754197895526886,0.6004658341407776,0.9114266633987427,0.29151010513305664,0.4611975848674774,0.9904657006263733,0.6727978587150574,0.308754563331604,0.2035621851682663,0.3941422700881958,0.5244643688201904,0.656105637550354,0.8684126734733582,0.296441912651062,0.35150668025016785,0.848515510559082,0.5229114890098572,2.8404128551483154,0.4883745312690735,0.20240558683872223,0.2313632220029831,0.644690215587616,,0.41262394189834595,0.2653500735759735,0.24795518815517426,0.262957900762558,0.9892597198486328,0.7452192902565002,0.24901403486728668,0.27147987484931946,0.3399258852005005,0.5744119882583618,,1.9001065492630005,0.3459119498729706,0.20550280809402466,,0.5282734036445618,0.44869309663772583,0.45298507809638977,3.1295735836029053,0.6837677359580994,0.4320770800113678,0.22340653836727142,,,,,0.7523478865623474,0.6489335298538208,0.6038094758987427,0.6071970462799072,0.4801793098449707,0.2580641508102417
20180307,,,0.2074844241142273,0.17295962572097778,0.17338517308235168,0.35131847858428955,0.5411971807479858,0.7692258358001709,1.2600607872009277,0.2680917978286743,0.32050400972366333,0.6281068921089172,0.5324052572250366,0.25165390968322754,0.18624284863471985,0.3598131835460663,0.4367148280143738,0.6206714510917664,0.9391511678695679,0.28387966752052307,0.3080970048904419,0.7688608169555664,0.44887682795524597,,0.44113463163375854,0.19240392744541168,0.21756069362163544,0.4292370676994324,,0.38181909918785095,0.20580822229385376,0.24016554653644562,0.3168066442012787,0.8656829595565796,1.1501519680023193,0.22204960882663727,0.32652589678764343,0.2904775142669678,0.4227965772151947,,1.1250990629196167,0.26890456676483154,0.17628821730613708,0.43702349066734314,0.4284442067146301,0.29525065422058105,0.439899206161499,1.9493749141693115,0.5202661752700806,0.2750105857849121,0.15493786334991455,0.35295799374580383,0.3227138817310333,,,0.49910998344421387,0.4176989793777466,0.3904484212398529,0.30275729298591614,0.35075628757476807,0.2079780250787735
20180308,0.47273382544517517,0.4047822952270508,0.28109803795814514,0.1749323457479477,0.1753900647163391,0.3787917494773865,0.5661466717720032,0.6780687570571899,1.2358494997024536,0.13456252217292786,0.3770711421966553,1.098003625869751,0.5770807266235352,0.26585614681243896,0.19249732792377472,0.3559587299823761,0.40117383003234863,0.6022804975509644,0.971340537071228,0.2704753279685974,0.2873877286911011,0.5283522605895996,0.5250781774520874,,0.3883135914802551,0.1743714064359665,0.20382645726203918,0.5491018891334534,,0.38440608978271484,0.18460732698440552,0.21581846475601196,0.3815455734729767,1.351778268814087,0.3153616487979889,0.18452991545200348,0.30670061707496643,0.2723902463912964,0.4538673758506775,,0.5604512691497803,0.1692167967557907,0.13636521995067596,,,0.2801424264907837,0.4997807741165161,,0.24535009264945984,0.14892807602882385,,,,,,0.5306650996208191,0.4351710379123688,,,,
20180309,0.42156311869621277,0.3548714220523834,0.25431859493255615,0.16386424005031586,0.16778035461902618,0.41123172640800476,0.5270374417304993,0.5590568780899048,0.9042038321495056,0.2500777542591095,0.3651632070541382,0.7350751757621765,0.6034007668495178,0.2409127652645111,0.17868547141551971,0.32769396901130676,0.38772860169410706,0.572799563407898,0.9653959274291992,0.27599918842315674,0.2659054398536682,0.5413662791252136,0.5396146178245544,,0.4448327422142029,0.17083090543746948,0.19933608174324036,0.39486199617385864,,0.38403958082199097,0.16406691074371338,0.20480313897132874,0.3884032070636749,1.2923526763916016,0.357098251581192,0.20250913500785828,0.4717179238796234,0.32881227135658264,0.4420291781425476,,1.0965614318847656,0.2579232454299927,0.20285776257514954,0.5196579694747925,0.572464644908905,0.40154844522476196,,2.812199831008911,0.4857686161994934,0.19881536066532135,0.1569783091545105,,,,,0.8215533494949341,0.8805822134017944,0.7357046604156494,0.5467228293418884,0.34558233618736267,
20180310,0.4103236198425293,0.3568444848060608,0.2449210286140442,0.16028688848018646,0.16614699363708496,0.40796220302581787,0.49333131313323975,0.7128002643585205,1.496193289756775,0.2315627783536911,0.37819597125053406,0.753045916557312,0.476379930973053,0.21692900359630585,0.17196254432201385,0.31357914209365845,0.37852707505226135,0.5641857981681824,0.9678572416305542,0.2446451187133789,0.2634046971797943,0.7319985032081604,0.5693491697311401,,0.5021974444389343,0.15588708221912384,0.2100101262331009,0.647428035736084,,0.5462538599967957,0.16067759692668915,0.22365400195121765,0.37493833899497986,2.8921821117401123,0.3828953206539154,0.19791154563426971,0.43349698185920715,0.29592791199684143,0.49929144978523254,,2.724189519882202,0.27579036355018616,,0.6066476106643677,0.6559658646583557,0.4013248085975647,0.6357638835906982,5.927619457244873,0.7270950078964233,0.25854170322418213,0.23119352757930756,0.6504554152488708,0.6447874903678894,0.7068362236022949,0.671280562877655,0.9364488124847412,1.1863974332809448,0.6848160028457642,0.49158185720443726,0.29713448882102966,0.21317839622497559
20180311,,0.34595659375190735,0.2620903551578522,0.17096689343452454,0.1640925109386444,0.39810657501220703,0.5148727297782898,0.6278595924377441,1.537908911705017,0.24544338881969452,,1.0237386226654053,0.7326128482818604,0.25115343928337097,0.19848118722438812,0.3271118402481079,0.4142509400844574,0.48622384667396545,0.8733195066452026,0.2738458216190338,,,0.6473567485809326,1.6582576036453247,,,,,,,0.1626521348953247,,,,0.47001051902770996,0.2286769300699234,,,,,2.0605146884918213,0.3268335163593292,0.22202149033546448,,,,,1.7408249378204346,0.4921291768550873,0.24882926046848297,0.21143575012683868,,,,,,,0.36626240611076355,0.3213317096233368,0.20377936959266663,
20180312,,,,,0.1701575666666031,0.419130802154541,0.6351154446601868,0.80955970287323,1.3806908130645752,0.309739351272583,,,,0.21015144884586334,0.2660257816314697,0.4197746217250824,0.5052867531776428,0.5612069964408875,1.2143000364303589,0.3115776479244232,,,,,0.6001220345497131,0.18299949169158936,,,,0.47863468527793884,0.16950161755084991,,,,,0.1621766984462738,,,,,,,,,,,,,0.24434782564640045,,,,,,,,,,0.3246002197265625,,
20180313,,,,,,,,,,,,,,,,,,,,,,,,,,,,,,,,,,,,,,,,,,,,,,,,,,,,,,,,,,,,,
20180314,,,0.27390429377555847,0.22987496852874756,,,,,,,,,,,,,,,,,,,,,,,,0.39553043246269226,,,,,,0.29973793029785156,,,,,,,1.710005760192871,0.34651875495910645,,,,,,,0.5263591408729553,0.32925960421562195,,0.2349773645401001,,,,,,0.4031622111797333,0.38599109649658203,0.2642899453639984,0.19787874817848206
20180315,,,,,,0.3145407736301422,,,,,0.2799631953239441,0.5942202806472778,0.29611536860466003,0.22000280022621155,0.24809794127941132,0.35136878490448,0.5510106682777405,,,,0.2549494504928589,0.5396668314933777,,,,,0.23187552392482758,0.57511967420578,,,0.15452009439468384,0.2349865734577179,0.21131175756454468,0.4249286353588104,,0.13764920830726624,0.41696596145629883,0.21363812685012817,,,,,,0.2885338068008423,0.3355426788330078,0.24076317250728607,,,,,,,,,,,,,,,
20180316,,,,,,,,,,,,,,,,,,,,,,,,,,,,,,,,,,,,0.13792724907398224,,,,,,0.2018931806087494,0.21695782244205475,0.3986709415912628,0.5561106204986572,0.442126601934433,,0.8918697834014893,0.5924137234687805,0.26683101058006287,0.28955474495887756,0.6068975925445557,0.6233653426170349,0.6309942603111267,0.4319164454936981,,,0.3722376525402069,0.22692644596099854,,
20180317,0.5049243569374084,0.4101349115371704,0.28347450494766235,,,0.3319709897041321,0.7095761895179749,0.8112402558326721,2.169713020324707,0.45434293150901794,0.33931323885917664,1.0571345090866089,0.5753175020217896,0.3535372316837311,0.3431427776813507,0.43714651465415955,0.6265276074409485,0.5610582232475281,0.9632194638252258,0.35471272468566895,0.282559871673584,,0.6396796703338623,,,0.2691504657268524,0.27112212777137756,0.6624225378036499,,,0.2512408494949341,0.2924489974975586,0.3326495885848999,0.5886152982711792,1.169376015663147,0.274467408657074,0.6125285029411316,0.37949031591415405,,,,0.29157760739326477,0.24748925864696503,0.43961837887763977,0.5020074844360352,0.5065932869911194,,1.3579648733139038,0.5991865992546082,0.3025931119918823,0.3367336690425873,,0.4238557815551758,0.4675576090812683,,0.5181580185890198,0.46835047006607056,0.43553200364112854,0.3100997507572174,0.31440669298171997,0.3527727723121643
20180318,,,,,,,,,,,0.26514923572540283,0.917570948600769,0.4451274871826172,0.2819880247116089,0.1962970346212387,,,,,,,,,,0.4386400878429413,,0.20260614156723022,,,0.35860300064086914,,0.2942476272583008,0.26683321595191956,,,,0.481672465801239,0.39224907755851746,,,,0.3091263771057129,,0.28220894932746887,0.3533533215522766,0.4311939477920532,0.37580054998397827,,,,,,0.3179863691329956,0.37752464413642883,0.4002908766269684,0.3664974272251129,0.3318066895008087,0.40552088618278503,,,
20180319,,,,,,,,,,,0.1931978166103363,,,,,,,,,,,,,,,0.16475211083889008,,,,,,,,,,,,,,,,,,0.2824450731277466,,,,,,,,0.33927226066589355,0.35397768020629883,0.36692872643470764,0.3274794816970825,,,,,,
20180320,0.5315093398094177,0.6047673225402832,0.5534441471099854,0.3349718749523163,0.21175488829612732,0.27050232887268066,0.5893166661262512,1.0694613456726074,2.2943313121795654,0.693065345287323,0.2621117830276489,,0.7025256752967834,0.460527628660202,0.40215566754341125,0.4094972610473633,0.76528000831604,0.8202856183052063,0.7247153520584106,0.36308538913726807,0.30104872584342957,,1.0226085186004639,,0.6440497040748596,0.30694758892059326,0.26155149936676025,0.4929950535297394,,0.43414002656936646,0.30221953988075256,0.3218664228916168,0.30195826292037964,1.6986017227172852,0.452972948551178,0.2797074019908905,0.39167067408561707,0.39405226707458496,0.518144965171814,,1.8272184133529663,0.3596068024635315,0.23293887078762054,0.29487335681915283,0.32725363969802856,0.41803011298179626,0.7137870192527771,2.096696138381958,0.6798637509346008,0.2702829837799072,0.21862255036830902,0.46532872319221497,0.4617931544780731,0.47080108523368835,0.40993672609329224,0.46627792716026306,0.5428572297096252,0.4653577506542206,0.2963961660861969,0.2303764820098877,0.257004976272583
20180321,0.563875675201416,0.6368101835250854,0.5218290090560913,0.32115280628204346,0.17185421288013458,0.22326235473155975,,,,0.39160895347595215,0.36580896377563477,0.6884148120880127,,,0.3789283037185669,0.4393976330757141,0.6749842762947083,0.7451865077018738,0.8398724794387817,,0.3544861674308777,0.668840229511261,,,0.8822714686393738,0.24390429258346558,0.3429163992404938,0.8252164721488953,,0.4941157400608063,0.24826234579086304,0.4128612279891968,0.500251054763794,5.251482963562012,,0.17351873219013214,0.4685143232345581,0.49603334069252014,1.1692280769348145,,,0.22804363071918488,,0.3726487159729004,0.4249032735824585,0.5892253518104553,2.1622157096862793,,,0.19705387949943542,0.1967931091785431,0.5458571910858154,0.5004370212554932,0.6065973043441772,0.5248820781707764,0.7963436245918274,0.5805392861366272,0.42977315187454224,0.3427886962890625,0.2513137757778168,0.27450883388519287
20180322,0.564619779586792,0.4131467044353485,,,0.18387576937675476,0.2715953588485718,,,,,0.28525421023368835,,,,,,,,,,0.20905527472496033,,,,,,,0.40806058049201965,,,,,0.35041093826293945,0.6329991817474365,,,0.344185471534729,0.41236352920532227,0.3764101266860962,,,,,0.29089659452438354,0.3759364187717438,0.3837434947490692,0.8222836256027222,,,0.20459486544132233,0.20625242590904236,,0.3594275712966919,0.4842267632484436,0.4388372004032135,0.3073931932449341,,,,0.214675173163414,0.2780090570449829
20180323,0.6163627505302429,0.5036718249320984,0.543589174747467,0.3518378436565399,0.21565765142440796,0.2400495707988739,,,,0.5074790716171265,0.46900638937950134,,,0.43884536623954773,0.2756528854370117,0.20081458985805511,0.4515126645565033,,,,,,,,,,,,,,0.24426373839378357,,,,0.3405710458755493,0.2849935293197632,,,,,,0.4078933298587799,0.320976197719574,,0.4527374804019928,0.5756908655166626,2.144083261489868,2.524467706680298,0.5886676907539368,0.35074254870414734,0.3397858440876007,0.4394058585166931,0.3616894483566284,0.6495394110679626,0.7743871808052063,1.0896235704421997,1.1228032112121582,0.5789229273796082,0.5110408663749695,0.31464385986328125,0.3567226231098175
20180324,0.4400657117366791,0.35849079489707947,,0.1731305867433548,0.1660025715827942,0.4054061770439148,1.2672712802886963,,,,0.36418280005455017,,,0.2973744571208954,0.1798965483903885,0.3136698305606842,0.7912925481796265,,,,0.33030077815055847,0.5237282514572144,,,,,0.32479119300842285,,,,,,,,,,,,,,,,,0.2628217935562134,,,,,,,,,,,,,,,,,
20180325,,,0.38619711995124817,0.3814736306667328,0.17435908317565918,,,,,0.36086538434028625,,,,0.4143407642841339,0.39967089891433716,0.5739450454711914,0.7843217849731445,,,0.355303019285202,,,0.7700925469398499,,,0.23546259105205536,,,,0.655320942401886,0.27568519115448,,,,0.5960526466369629,0.35937827825546265,,,0.30568405985832214,,2.6444268226623535,0.36434295773506165,0.28704288601875305,,0.5790414810180664,0.617924690246582,,,0.5869141817092896,0.2919079661369324,0.2959313988685608,0.5483012795448303,0.47291529178619385,0.72385174036026,0.5788289308547974,,,0.33616921305656433,0.4331321120262146,0.3546340763568878,0.31681379675865173
20180326,0.4632207751274109,0.377551794052124,0.5167010426521301,0.3360884189605713,0.21579712629318237,0.2782245874404907,0.5723782181739807,,2.166532039642334,0.543601393699646,0.28544214367866516,0.7808113694190979,,0.5208945274353027,0.35410869121551514,0.5336930155754089,1.1444134712219238,,,0.5760562419891357,0.189093217253685,0.4218924939632416,,,0.9134084582328796,,0.18687096238136292,0.18810896575450897,,0.46766629815101624,0.2591555416584015,0.20083361864089966,0.18406355381011963,,0.34462276101112366,0.23718875646591187,0.17747089266777039,0.16997121274471283,,,,0.215286985039711,,,,,,,,,,0.2038169801235199,0.15880897641181946,,,,,,,,
20180327,,,,,0.21213777363300323,0.24262629449367523,0.5225417017936707,0.7888308167457581,,,,,,,0.3011188507080078,0.4267961084842682,0.8279203176498413,1.2810547351837158,,,,,,,,,,,,,,,,,,,,,,,,,,,,,,,,,,,,,,0.33058416843414307,0.3206768333911896,,,,
20180328,,,,,,,0.5363972783088684,0.9232771396636963,1.9935245513916016,0.674339771270752,,,,0.36134111881256104,0.26154085993766785,0.18716666102409363,,0.9161637425422668,1.406492829322815,0.815811038017273,,,,,0.9665859341621399,0.3999837636947632,,,,0.8061655759811401,0.3788914382457733,,,,0.6232025623321533,0.3757292628288269,,,,,0.7892298102378845,0.40991953015327454,0.33191052079200745,,,,,,,0.30126500129699707,0.28739994764328003,,,,,,,,,0.35408681631088257,0.36526602506637573
20180329,,,0.2605535686016083,0.22491709887981415,0.19479012489318848,0.1812259554862976,,,,0.44263461232185364,,,,0.28922420740127563,0.2823287546634674,0.2511906921863556,,,,0.4716073274612427,,,,,0.6908039450645447,0.32516592741012573,,,,0.9637831449508667,0.3173119127750397,,,,0.6243945360183716,0.3416796922683716,,,,,,0.47928497195243835,0.354801744222641,,,,,,,,0.3126065135002136,,,,,,,,,,
20180330,0.41566991806030273,0.579700767993927,0.5432843565940857,0.3488897681236267,0.2294480949640274,0.2620801329612732,0.4656234085559845,0.7078725695610046,,0.6320353150367737,,1.708579421043396,0.6597371697425842,0.6158502697944641,0.4331325590610504,0.44243961572647095,0.9535592198371887,1.0332006216049194,2.1818900108337402,0.7216525673866272,,,1.283666968345642,,3.375678300857544,0.5216445922851562,,,,2.3671529293060303,0.38213253021240234,,,,1.015074610710144,0.3984100818634033,,,,,,0.48411062359809875,0.31998828053474426,,0.2086086869239807,,,1.0726808309555054,0.4696998596191406,0.2999493181705475,0.3252115249633789,0.23967613279819489,0.23827192187309265,0.25335294008255005,0.2059394270181656,0.2311113476753235,0.3884385824203491,0.30215105414390564,0.27980837225914,0.2556416094303131,0.3481264114379883
20180331,,,,,,,,,,0.47797128558158875,,,,,,,,,,0.3445497751235962,,,,,0.9438416361808777,0.3475821316242218,,,,1.1766270399093628,0.342792809009552,,,,0.8839927911758423,0.3834381699562073,,,,,2.549015522003174,0.5629292726516724,0.3511383831501007,,,,,3.6242659091949463,0.7288128137588501,0.35525792837142944,0.3168933391571045,0.19754594564437866,0.20077602565288544,0.21560296416282654,,,,,0.23322772979736328,0.26515454053878784,0.3021547496318817
20180401,0.5135807394981384,0.48732319474220276,0.41929197311401367,0.25997206568717957,0.22467198967933655,0.30920112133026123,0.4270753264427185,0.703237771987915,1.6487914323806763,0.9420952200889587,,,,,0.2559877336025238,0.24008026719093323,0.3674626350402832,,,0.5249198079109192,,,,,,,,,,0.4116578996181488,0.3625594973564148,,,,0.6767896413803101,0.3581112325191498,0.23877283930778503,,,,,0.29547739028930664,0.3295727074146271,0.23032328486442566,,,,,,,0.24027864634990692,,,,,,,,,,
20180402,,,,,,,,,,,,,,,,,,,,,,,,,,,0.3037453591823578,0.2989174723625183,,,0.24288855493068695,0.2908514738082886,0.24123723804950714,0.4339629113674164,0.3319224417209625,0.2618577778339386,0.1902504861354828,,,,1.523887276649475,0.295109361410141,0.18057698011398315,,,,,2.1881656646728516,0.5725376009941101,0.19820275902748108,0.1813063770532608,,,,,,,0.4683700501918793,,,0.19060282409191132
20180403,,,,,,,0.2707803547382355,,1.0328888893127441,0.6535525918006897,,,,,0.35843220353126526,0.3637545108795166,0.7322626709938049,0.6783487796783447,1.031101942062378,0.5277583599090576,,,0.9688204526901245,,0.6878912448883057,0.42119893431663513,,,,0.6724234819412231,0.3764171004295349,,,,0.593562662601471,0.3763158321380615,,,,,1.6763355731964111,0.42168524861335754,0.3699685335159302,,,,,1.4077543020248413,0.6730136871337891,0.30613136291503906,0.3065154254436493,,,,,,0.2874927222728729,0.2621065080165863,0.2354138195514679,0.26230841875076294,0.276711106300354
20180404,,,,,,,0.2794232964515686,,1.186566948890686,0.6183746457099915,,,,0.4893873333930969,0.4639088809490204,0.43664470314979553,,,0.9781964421272278,0.5585650205612183,,,1.5092418193817139,,1.3237125873565674,0.47966793179512024,,,,1.735274314880371,0.40669843554496765,0.16336624324321747,,,0.7934854030609131,0.4527069628238678,,,,,2.9224610328674316,0.704143762588501,0.4332970380783081,,,,,9.058945655822754,0.9698664546012878,0.4264395534992218,0.36681291460990906,0.18839266896247864,0.1956728994846344,0.17593953013420105,0.1747441589832306,,0.34006640315055847,0.40751752257347107,0.2756779193878174,0.22027738392353058,0.23160357773303986
20180405,0.34881648421287537,0.4489714205265045,0.38576558232307434,0.25676462054252625,,,,,0.9111595153808594,0.7103153467178345,,,,0.28193217515945435,0.3827783763408661,0.3881317377090454,0.6937140226364136,,0.8594686985015869,0.5959993600845337,,,0.7742964029312134,2.6618151664733887,0.8275390863418579,0.5376648306846619,,,,0.8347925543785095,0.43205004930496216,,,,0.6916359663009644,0.6245214343070984,,,,,,0.4259072542190552,0.4398385286331177,,,,,,,0.3325505554676056,0.4106267988681793,,,,,,,,,0.28842198848724365,0.25804880261421204
20180406,0.6204279065132141,0.953579843044281,0.7577157020568848,0.5177920460700989,,,0.3122185170650482,,,,,1.6016521453857422,0.5331041216850281,0.4891440272331238,0.4794485569000244,0.4331400990486145,0.6761813759803772,,,,,,1.0756124258041382,,,,,,,,,0.5344536304473877,,,,,0.5240831971168518,,,,,,,0.3406047821044922,0.29076123237609863,0.3341333866119385,0.5533416271209717,,,,,0.2645615041255951,0.26008743047714233,,0.3381197154521942,0.3943001925945282,0.3910837769508362,0.39497995376586914,0.32665905356407166,0.34981778264045715,0.31168460845947266
20180407,,0.5405031442642212,0.5183597803115845,0.2849946916103363,0.22354035079479218,0.18525812029838562,0.22153085470199585,0.5982505083084106,1.0691581964492798,0.5943731069564819,,,,,0.3614985942840576,0.4221339821815491,0.6879247426986694,0.8487183451652527,1.0334599018096924,0.5577312707901001,,,,,0.6573097705841064,0.4563700258731842,,,,0.6656038165092468,0.40746650099754333,,,,0.9292343854904175,0.48337680101394653,0.2121795415878296,,,,,0.4704172909259796,0.3742518723011017,,,,,,,0.3124285638332367,0.36454489827156067,,,,,0.23793582618236542,0.2725085914134979,0.23044432699680328,,,
20180408,,,,,,0.231793612241745,0.33790308237075806,0.6375544667243958,1.1676045656204224,0.5777477025985718,,,,,0.35308700799942017,0.29950299859046936,0.4802780747413635,0.6334614157676697,0.8669940829277039,0.41434988379478455,,,,,,,,,,,,,,,,,,,,,,,,,,,,,,,,,,,,,,,,,
20180409,0.8339887261390686,0.6665643453598022,0.6323863863945007,0.42088618874549866,,,,,,0.5162156820297241,0.5979927778244019,,,,,,,,,0.35624703764915466,,,,,,,,,,,,,,,,,,,,,,0.3018772006034851,0.3428354263305664,0.587928295135498,0.6979560852050781,0.9147327542304993,3.362752914428711,,,0.25378111004829407,0.2510189712047577,0.562095582485199,0.5757848620414734,0.588184654712677,,,,,,,
20180410,0.6590617299079895,0.7336776256561279,0.5714243054389954,0.339514821767807,0.26896393299102783,0.24497658014297485,0.4758684039115906,0.9457275867462158,1.2334657907485962,0.7177374958992004,0.494907945394516,,,,,0.23275284469127655,0.4986964464187622,0.6724207401275635,0.6166401505470276,,0.40770184993743896,0.6253940463066101,,,,0.22123271226882935,0.3459923565387726,0.7485728859901428,,,,0.41807088255882263,0.3557005226612091,,,,0.43537890911102295,0.3786708116531372,,,,,,,,,,,,,,,,,,,,,0.5644656419754028,0.4081960618495941,
20180411,,,,,,,,,,,,,,,,,,,,,,,,,,,,,,,,,,,,,,,,,,,,,,,,,,,,,,,,,,,,,
20180412,0.36833903193473816,0.37790730595588684,0.22442568838596344,0.2035342901945114,0.18433579802513123,0.23428745567798615,0.3951994478702545,,,,0.3181379437446594,1.408563256263733,,,,0.30281195044517517,0.48824483156204224,0.4778776466846466,,,0.3538367450237274,0.6253268718719482,,,,,0.21265913546085358,,,,,0.21249720454216003,,,,,0.1936352252960205,,,,,,,0.14627084136009216,,,,,,,,,,,,,,,,,
20180413,,,,,,0.1825564056634903,0.3075471520423889,0.7454286813735962,1.6561821699142456,0.43108195066452026,,,,,,0.24571283161640167,0.4085497260093689,0.6226152181625366,0.7293838262557983,0.4050675630569458,,,,,0.45701923966407776,0.4150993525981903,,,,0.4297620356082916,0.34255602955818176,,,,0.4613988399505615,0.28963708877563477,,,,,1.5460056066513062,0.30255234241485596,0.2788739800453186,,,,,10.86606216430664,0.7736967206001282,0.2692144811153412,0.24061179161071777,,0.19032244384288788,0.20457234978675842,,,0.4615980386734009,0.36817315220832825,0.2824957072734833,0.2618352472782135,
20180414,,,,,,,,,,,,,,,,,,,,,,,,,,,,,,,,,,,,,,,,,,,,,,,,,,,,,,,,,,,,,
20180415,,,,,,,,,,,,,,0.525473952293396,0.48602941632270813,0.46849316358566284,0.9273250699043274,,0.9726377129554749,0.42906320095062256,0.21855492889881134,,,,0.48999103903770447,0.3328481614589691,0.20551857352256775,0.24914132058620453,,,0.32916784286499023,0.18680159747600555,0.14626634120941162,,0.5388479828834534,0.2620517611503601,,,,,,0.31037384271621704,0.2747119963169098,0.19685475528240204,0.1775217056274414,0.21448810398578644,,,,,,0.19816753268241882,0.19100143015384674,0.19054876267910004,0.19242388010025024,,,,,,
20180416,0.5088691115379333,0.6643469929695129,0.6595427989959717,0.6014099717140198,0.5117249488830566,0.424685001373291,0.5041959881782532,1.4053969383239746,2.112504005432129,0.5839948058128357,0.36398181319236755,,1.0896333456039429,0.5922183990478516,0.5359927415847778,0.5932433605194092,1.1013832092285156,2.2269833087921143,1.0777612924575806,0.45332685112953186,0.2071242332458496,0.8631503582000732,,,0.7966460585594177,0.32977890968322754,0.19781602919101715,0.5020455121994019,,0.6310044527053833,0.3773641586303711,0.18923908472061157,0.2172376662492752,0.48104602098464966,0.48267805576324463,0.2349022477865219,0.18748056888580322,0.20024634897708893,0.38394567370414734,,,0.26150599122047424,0.22666035592556,0.18761461973190308,0.1911480873823166,0.20453187823295593,0.2527129650115967,2.5223166942596436,0.5763254165649414,0.16571784019470215,0.176985502243042,0.18574093282222748,0.17469339072704315,0.1788460612297058,0.19646517932415009,,0.2683732509613037,0.3019546866416931,0.21094447374343872,,0.1632070690393448
20180417,,,,0.49888187646865845,0.47864800691604614,0.43765872716903687,0.4574703872203827,0.791986882686615,1.7294254302978516,0.5203425884246826,,,,0.6194363236427307,0.580230712890625,0.6017131805419922,0.7542647123336792,1.0296088457107544,0.8526918888092041,0.39865297079086304,,,1.6466141939163208,2.5543739795684814,0.761019229888916,0.4018850326538086,,,,0.6083217859268188,0.3474482297897339,,,,0.8953181505203247,0.2571187913417816,,,,,,0.2332039475440979,,,,,,,,,,,,,,,,,,,
20180418,,,,,,,,,,,,,,0.6726933121681213,0.5633077621459961,,,,,,,,1.6040773391723633,,0.5800397992134094,0.24461565911769867,,,,0.5303656458854675,0.271385133266449,,,,,0.28721755743026733,,,,,2.1052677631378174,0.4048086106777191,,,,,,,1.2614078521728516,0.3060394525527954,0.27123308181762695,,,,,,,,,0.18186230957508087,
20180419,0.47449904680252075,0.6860466003417969,0.683146595954895,,,,,,,,0.3138219118118286,1.1210793256759644,0.7608829736709595,0.6733618974685669,,,,,,0.29982277750968933,,,,,,,,,,,,0.23993323743343353,0.30937761068344116,,0.4049840271472931,0.262411892414093,,0.208897665143013,0.30872687697410583,,,0.29294490814208984,0.23230767250061035,0.20509839057922363,0.2202262133359909,0.1950242519378662,0.24392366409301758,,,,,0.1957845836877823,0.2062997668981552,0.17909005284309387,,,0.28771132230758667,0.3209877610206604,0.18692612648010254,,
20180420,0.5647627115249634,0.7112940549850464,0.6509709358215332,0.3941338062286377,0.4722633361816406,0.42811402678489685,0.39959388971328735,0.6341818571090698,1.612260341644287,0.38423311710357666,0.47771841287612915,1.6507306098937988,1.2616976499557495,0.8780590295791626,0.645521879196167,0.6459455490112305,0.7025139331817627,1.153203010559082,1.057400107383728,0.349791944026947,0.4350552558898926,4.92337703704834,4.709354400634766,,1.198988437652588,0.30451905727386475,0.2791295051574707,6.788471698760986,,1.1310431957244873,0.2986404001712799,0.25500187277793884,0.8706040382385254,12.579693794250488,0.5024353265762329,0.3379512429237366,,,,,4.286530017852783,0.37226179242134094,0.28847095370292664,0.19409099221229553,,,2.395617961883545,4.761997699737549,1.4806560277938843,0.30641764402389526,0.21861793100833893,,,,,0.6722960472106934,0.7441145777702332,0.5074908137321472,0.3426996171474457,,0.10870400816202164
20180421,1.0658832788467407,,0.6866644620895386,0.4207994341850281,,0.35264334082603455,0.33162596821784973,0.6512042880058289,1.1587432622909546,0.43660297989845276,,3.738237142562866,,,0.5957282185554504,1.0096906423568726,0.6583510041236877,0.9853792786598206,1.1419867277145386,0.36428186297416687,,3.192558526992798,2.6635372638702393,,,0.3720754086971283,,,,,,,,,,,,,,,,0.6646556854248047,,,,,,6.748077392578125,1.8064924478530884,0.39211398363113403,0.3197396695613861,,,,0.5774315595626831,,,0.5946556925773621,0.44535407423973083,0.39931008219718933,0.27682074904441833
20180422,0.5581685900688171,0.5424670577049255,0.4506920874118805,0.2610609531402588,0.5601115226745605,0.5337982177734375,0.29568973183631897,0.655526876449585,1.501657247543335,0.38142094016075134,0.4085468351840973,0.5022263526916504,0.7173113822937012,0.6266244649887085,0.5848010182380676,0.6107293963432312,,0.7641144394874573,0.8169090747833252,0.39969581365585327,0.32568392157554626,0.531338095664978,1.2624647617340088,1.4667069911956787,0.503303587436676,0.2907874286174774,0.2850385010242462,0.4097351133823395,,0.5616344809532166,0.34786149859428406,,0.40740272402763367,0.8911193609237671,0.7855165004730225,0.4178723096847534,,0.35076528787612915,0.31825441122055054,,1.659628987312317,0.46384209394454956,0.38600265979766846,,,,,,0.7674968838691711,0.3914117217063904,0.3180312514305115,,,,,,0.2746073305606842,0.19639523327350616,,,0.3096665143966675
20180423,,0.6546092629432678,0.5448188781738281,0.5338290333747864,0.7097523808479309,0.5501185655593872,0.3300124704837799,0.5085371732711792,1.0940120220184326,0.31730860471725464,0.546999990940094,1.0005797147750854,0.8728405237197876,0.7558499574661255,0.6303662657737732,0.6713383197784424,0.5472159385681152,0.7124845385551453,0.822672426700592,0.39195340871810913,0.6604459285736084,1.93975031375885,3.11441707611084,,0.559009313583374,0.38030996918678284,,4.263065814971924,,0.4860031008720398,0.4095005393028259,,,,0.45320358872413635,,,,0.8697344660758972,,2.260451316833496,0.46723538637161255,,,,,,6.673829078674316,1.1146929264068604,0.4505012035369873,,,,,,,,0.6611385941505432,0.45458152890205383,0.42909693717956543,
20180424,,,,,,,,,,,,,,,,,,,,,,,,,,,,,,,,,,,,,,,,,,,,,,,,,,,,,,,,0.5632812976837158,0.3585364818572998,,0.4208149015903473,,
20180425,,0.5623714327812195,0.3227282464504242,,0.2809406816959381,,,,,,,,,,,,,,0.5393839478492737,,,,,,0.723095178604126,0.49241968989372253,,,,0.501293957233429,0.43697017431259155,,,,0.5600086450576782,0.4289288818836212,,,,,9.893189430236816,0.5512389540672302,0.6177213191986084,,,,,,2.607696771621704,0.6082072854042053,0.7278285622596741,,,,,,0.27433592081069946,,0.30325573682785034,0.3600515127182007,0.3747679889202118
20180426,0.40251511335372925,,,,0.4956125319004059,0.3992956876754761,0.4167134761810303,0.4805527627468109,1.0214170217514038,0.47471296787261963,0.29267746210098267,0.6127212643623352,,0.6267436146736145,0.5837655067443848,0.5513526201248169,0.6843848824501038,0.8284997940063477,0.8608704805374146,0.4074593484401703,0.2984270751476288,,1.012313961982727,,0.6086978912353516,0.40528666973114014,0.24131634831428528,,,0.4332885146141052,0.3438563644886017,0.22929026186466217,0.3124959170818329,0.5996386408805847,0.4123191833496094,0.320752888917923,0.23471172153949738,,,,,0.31762975454330444,0.3537593185901642,,0.20443563163280487,,,0.530508816242218,0.4960620701313019,0.3099305331707001,0.2539350986480713,0.2069672793149948,0.18037362396717072,0.16335529088974,0.15579168498516083,,0.35604768991470337,0.3253478705883026,0.23846310377120972,0.23448428511619568,0.2090122550725937
20180427,,,0.38090893626213074,0.45934876799583435,,,0.47341373562812805,0.8849144577980042,1.5527470111846924,0.6299195289611816,,,0.5451145172119141,0.5939961671829224,0.7476664185523987,,,,0.8619542717933655,0.4570794403553009,,,1.1514739990234375,,,,,0.1744166761636734,,0.4739518165588379,0.38654422760009766,0.1273554414510727,,,0.5086129307746887,0.30895373225212097,,,,,,0.416616827249527,0.27539852261543274,,,0.36324959993362427,0.4362718164920807,,,,0.20701640844345093,0.21387964487075806,0.1889701783657074,0.1938331574201584,0.26936450600624084,,,,,,
20180428,,,,,,,,,,0.29956361651420593,,,,,0.3051329255104065,,,,,0.19538001716136932,0.19183482229709625,,0.8702496290206909,,0.348193496465683,0.2590164840221405,0.14622128009796143,,,0.4068047106266022,0.29388222098350525,,0.14253009855747223,,0.8803241848945618,0.24326357245445251,,,,,3.077535390853882,0.41427722573280334,0.38849371671676636,,,,,2.1661999225616455,1.0288455486297607,0.3836340606212616,0.3909798860549927,,,,,,0.2292131781578064,0.26346293091773987,0.2825378477573395,0.33909034729003906,0.292174369096756
20180429,,,0.5825406312942505,0.46910613775253296,0.51596599817276,0.3738050162792206,0.44086217880249023,0.538367509841919,1.2141330242156982,0.3720453381538391,,,,0.5116262435913086,0.5857335329055786,0.59268718957901,0.6213428974151611,0.763765275478363,0.707977831363678,0.35720208287239075,,,,,0.3658088147640228,0.3258829712867737,,,,0.4160839021205902,0.30961015820503235,,,,0.4638882279396057,0.2644236981868744,,,,,,,,,,,,,,,,,,,,,,,,,
20180430,0.8194682598114014,0.7576337456703186,0.7330655455589294,0.5924519896507263,0.6185357570648193,,,,,,,,,,,,,,,,,,,,,,,,,,0.34762781858444214,,,,,,,,,,,,,,,,,,,,,,,,,,,,,,
20180501,0.6303861737251282,0.8178142309188843,0.9194408655166626,0.6015396118164062,0.5542435050010681,0.41028285026550293,0.559983491897583,0.6865466833114624,1.3312809467315674,0.5041689276695251,0.3341894745826721,1.3920494318008423,1.2910584211349487,0.6225360035896301,0.6413560509681702,0.7008544206619263,0.8103557825088501,0.8388007283210754,0.758712649345398,0.4036557972431183,0.3365446925163269,,,,0.6269267201423645,0.45153915882110596,0.4486332833766937,0.6512959599494934,,0.5145827531814575,0.48318132758140564,0.3802756071090698,0.5065624117851257,5.599920272827148,0.7820524573326111,0.34568506479263306,,0.4014098346233368,2.0380618572235107,,,0.5324339270591736,0.34869444370269775,,,0.3753967583179474,2.4214155673980713,,1.465819239616394,0.5302874445915222,0.47860634326934814,,0.1791810840368271,0.20853698253631592,0.29794299602508545,1.0467431545257568,0.7947366237640381,0.7208011150360107,0.4152160882949829,0.4643629789352417,0.4695068895816803
20180502,,,,,,,,,,,,,,,,,,,,,,,,,,,,,,,,,,,,,,,,,,,,,,0.377905935049057,,,,,,,,,,,,,,,
20180503,,,,,,,,0.6245414018630981,1.7664984464645386,0.6203829050064087,,,,,,,,,0.823827862739563,0.4367893934249878,,,,,0.5128375291824341,0.5138092041015625,,,,,,,,,,,,,,,,,,,,,,,,0.3747209310531616,0.3419310748577118,,,,,,,,,,1.64934241771698
20180504,,,,,,,0.4334297180175781,,,,,,,0.2801479995250702,0.5081919431686401,0.472181111574173,,,,,,,,,,,,,,,,,,,,0.29183530807495117,,,,,,0.3093254268169403,0.3481506407260895,,,,,,0.21877028048038483,0.2374849170446396,,,,,,,,0.2590954005718231,0.2037598192691803,,
20180505,0.4022182524204254,0.5040076375007629,0.6044979095458984,0.5074561238288879,0.4866332709789276,0.3518187403678894,0.41478660702705383,0.3833755850791931,,0.27954360842704773,,,,0.5438900589942932,0.5667644739151001,0.5496302247047424,,,,0.2315777689218521,,,0.8890916109085083,,,0.2511008381843567,,,,,,,,,,,,,,,,,,,,,,,,,,,,,,,,,,,
20180506,,,0.594195544719696,0.5786686539649963,,,,,,,,,,,0.6585181951522827,,,,,,,,,,,,,,,,,,,,,,,,,,,,,,,,,,,,,,,,,,,,,,
20180507,,,,,,,,,,,,,,,,,,,,,,,,,,,,,,,,,,,,,,,,,,,,,,,,,,,,,,,,,,,,0.5558069348335266,
20180508,,,0.5010991096496582,0.35201776027679443,0.33287519216537476,0.44109249114990234,0.5059659481048584,0.5564223527908325,1.168915867805481,0.46723559498786926,,,,0.3780165910720825,0.4620897173881531,0.5847940444946289,0.810187816619873,1.119836688041687,0.7642185091972351,0.4216454029083252,,,,,0.39385923743247986,0.31469929218292236,,,,0.3558579683303833,0.3056715130805969,,,,0.8586279153823853,0.27891767024993896,,,,,6.917118549346924,0.5584432482719421,0.2624090611934662,,,,,6.662107467651367,2.100701332092285,0.32858243584632874,0.25049370527267456,,,,,,0.3942658007144928,0.3657858371734619,0.25144851207733154,0.2319747358560562,0.21512144804000854
20180509,,,,,,,,,,0.18585126101970673,,,,,,,,,0.3668746054172516,,,,,,,0.15172314643859863,,,,,,,,,,,,0.19610562920570374,,,,,,0.22389866411685944,0.19988855719566345,,,,,,,0.19291934370994568,0.19672536849975586,0.18273955583572388,0.15702009201049805,,,,,,
20180510,0.4389033317565918,0.5699809193611145,0.5691172480583191,0.4330371916294098,0.34595009684562683,,0.33383795619010925,0.6954796314239502,0.9478915929794312,0.3373711407184601,0.23530513048171997,0.9621379971504211,0.7464698553085327,0.47495129704475403,0.3867013454437256,,,,0.5738085508346558,,,,,,,,,,,,,,,,,,,,,,,,,,,,,,,,,,,,,,,,,,
20180511,,,0.6112791299819946,0.5711413621902466,,,,,,,,,,,,,,,,,,,,,,,,,,,,,,,,,,,,,,,,,,,,,,,,,,,,,,,,,
20180512,,0.6022984981536865,0.5643031597137451,0.5249670147895813,0.43366965651512146,0.48283517360687256,0.4442633092403412,0.37993717193603516,,,,,0.98736572265625,0.7475684881210327,0.5103757977485657,0.6052356958389282,0.6724483966827393,,,,,,,,,,,,,,,,,,,,,,,,,,,,,,,,,,,,,,,,,,,,
20180513,0.42734846472740173,0.6176030039787292,0.5109889507293701,0.4313664734363556,0.4050961136817932,0.4552597403526306,0.42898809909820557,0.5092270374298096,,,0.3729012608528137,1.2416493892669678,1.2381086349487305,0.7500894665718079,0.5115458965301514,0.5560176968574524,0.5994582772254944,0.8496094346046448,1.309400200843811,,,,3.72710919380188,,,0.12067493051290512,,0.8549773693084717,,,0.09649626910686493,0.17222562432289124,0.4057247042655945,1.600036382675171,,,0.14889489114284515,,0.6740635633468628,,,,,0.1373913586139679,,0.2888637185096741,0.44069457054138184,,,,,0.15563689172267914,0.16819560527801514,,,,,,,,
20180514,,0.3288629353046417,0.3023628890514374,0.2498207688331604,0.3039522171020508,0.384194940328598,0.3173307776451111,0.5192227959632874,2.0380938053131104,0.348336786031723,,,,,,0.4692223370075226,0.5311311483383179,0.7152418494224548,1.072914481163025,0.3384767472743988,,,1.3364847898483276,1.7118443250656128,0.4359429180622101,0.25519999861717224,0.14310488104820251,,,0.4061008393764496,0.24992039799690247,,,,1.2439051866531372,0.24549460411071777,,,,,6.0214338302612305,0.40818649530410767,0.2253347784280777,,,,,8.399499893188477,1.2534879446029663,0.2246326059103012,0.20352648198604584,,,,,0.6223130226135254,0.5746486783027649,0.31918618083000183,0.22125336527824402,0.1500445306301117,0.14232558012008667
20180515,,0.648057222366333,0.6100732088088989,0.481723427772522,0.4545375108718872,0.48452475666999817,0.3968162536621094,,,,,,0.9933704733848572,0.697235643863678,0.555658757686615,0.5632361173629761,0.558501124382019,0.6034849286079407,,,,,1.1110001802444458,,0.3650825023651123,0.2552269995212555,,,,0.4256977140903473,0.26103562116622925,,0.13981865346431732,0.17472213506698608,0.559465765953064,0.23076209425926208,,,,,,,,,,,,,,,,,,0.17980989813804626,,,,,,,
20180516,,,,,,,,,,,,,,,,,,,,,,,,,,0.2861509323120117,,,,,,,,,,,,,,,,,,,,,,,,,,,,,,,,,,,
20180517,,,,,,,,,,,,,,,,,,,,,,,,,,,,,,,,,,,,,,,,,,,,,,,,,,,,,,,,,,,,,
20180518,0.3130645453929901,0.4725026786327362,0.541408896446228,0.45453137159347534,0.44664037227630615,0.45560598373413086,0.43622204661369324,0.5882633328437805,,0.35365256667137146,0.23845238983631134,1.2210332155227661,0.7820131182670593,0.5591363310813904,0.5662438869476318,0.5796278715133667,0.5969243049621582,0.8205211758613586,0.8598806858062744,0.36219102144241333,0.13126742839813232,,0.8085880279541016,,0.3752630352973938,0.33900555968284607,0.14070777595043182,0.17096468806266785,,,,0.14223572611808777,0.14524626731872559,0.14876733720302582,,,,,,,,,,0.12035191804170609,0.10615383088588715,,,,,,,0.11374969035387039,0.11767908185720444,0.12487193942070007,,,,,,,
20180519,0.25499892234802246,0.4473758935928345,0.4112021028995514,0.33515867590904236,0.2686117887496948,0.2796488404273987,0.1966066211462021,0.35030362010002136,,0.29047083854675293,0.1367984563112259,,0.4108867943286896,0.4778292775154114,0.4965246021747589,0.4196763336658478,0.4291766881942749,0.5560455322265625,0.4795457422733307,0.30327489972114563,0.1209283247590065,,0.5795639753341675,0.8722622990608215,0.3720255196094513,0.2960946261882782,0.10025202482938766,0.1509944200515747,,0.3833106458187103,0.27092257142066956,,,,1.4042088985443115,0.2647849917411804,,,,,,,,,,,,,,,,,,,,,,,,,
20180520,,,,,,,,,,,,,,,,,,,,,,,,,,,,,,,,,,,,,,,,,,,,,,,,,,,,,,,,,,,,,
20180521,,,,,,,,,,,,,,,,,,,,,,,,,,,,,,,,,,,,,,,,,,,,,,,,,,,,,,,,,,,,,
20180522,,,,,,,,,,,,,,,,,,,,0.3253527879714966,,,,,0.2659074664115906,0.28837499022483826,,,,,,,,,,,,,,,,,,,,,,,,,,,,,,,,,,,
20180523,,,,,,,,,,,,,,,0.42882269620895386,0.53145831823349,1.0876880884170532,0.6894011497497559,,,,,0.9068695306777954,,,,,,,,,,,,,,,,,,,,,,,,,,,,,,,,,,,,,,
20180524,,0.38264399766921997,0.5514345169067383,0.5071525573730469,0.41424790024757385,0.45931339263916016,0.5313966274261475,0.7331733703613281,2.0119400024414062,0.3992578685283661,0.22865283489227295,0.9290216565132141,0.7783523797988892,0.5834230184555054,0.5387107133865356,0.530766487121582,0.7783604860305786,1.052209496498108,0.9582515954971313,0.34246429800987244,0.1572328507900238,,1.6928592920303345,1.9028174877166748,0.4406009912490845,0.3547919690608978,,,,0.3652042746543884,0.3036265969276428,,,,0.9375753998756409,0.2210109978914261,,,,,2.1623613834381104,0.2932036519050598,,,,,,,,,,,,,,,,,,,
20180525,0.2280215471982956,,,,,,0.3867933750152588,0.6794961094856262,1.6505531072616577,0.39112257957458496,,,,,,,,,0.7082134485244751,0.3218452036380768,0.182427778840065,,,,0.369567334651947,0.3219294250011444,0.24824005365371704,0.6998817324638367,,0.40953874588012695,0.31501197814941406,0.24837295711040497,0.34603098034858704,3.5047833919525146,0.7217003107070923,0.2656288146972656,,0.22683152556419373,1.3942162990570068,,,0.37339702248573303,0.2261529266834259,,,,,,1.350099802017212,0.2798072397708893,0.18233613669872284,,,,,,,,,,
20180526,0.26961129903793335,,,,,,0.37875163555145264,0.8129155039787292,1.7534308433532715,0.29143333435058594,,,,,,,,,,,,,,,,0.18927474319934845,,,,0.3522580862045288,,0.20069687068462372,0.2923419177532196,,0.5966473817825317,0.26296234130859375,,0.20375102758407593,0.3314327299594879,,8.295639038085938,0.32571056485176086,0.23649853467941284,,,,0.2942845821380615,,3.3924312591552734,0.26267144083976746,0.15842613577842712,,,,,,,,,,
20180527,,,,,,0.4703224301338196,0.5998109579086304,0.8386375308036804,1.6440972089767456,0.4298618733882904,,,,,,,0.6739020943641663,0.7682040333747864,0.8698126673698425,0.40019041299819946,,,,,,,,,,,,,,,,,,,,,,,,,,,,,,,,,,,,,,,,,
20180528,,,,,,,,,,,,0.9686646461486816,,,,,,,,,,,,,,,,,,,,,,,,,,,,,,,,,,,,,,,,,,,,,,,,,
20180529,0.19195809960365295,0.22508090734481812,0.24621298909187317,0.22469909489154816,,0.25585243105888367,0.25630679726600647,0.3759040832519531,,,0.1140669733285904,,0.41840776801109314,0.22624441981315613,,,,0.40005582571029663,,,,,,,,,,,,,,,0.12230288237333298,,,,,,,,,,,,,,,,,,,,,,,,,,,,
20180530,,,,,,,,,,0.2464681714773178,,,,,,,,,,0.20202423632144928,,,,,,0.22797532379627228,0.14062027633190155,,,,,0.13053110241889954,0.11014929413795471,,,,0.12104985117912292,,,,,,,0.12655211985111237,,,,,,,,0.11201004683971405,,,,,,,,,
20180531,0.3901576101779938,0.5448127388954163,0.6173948049545288,0.4604440927505493,0.48048755526542664,0.4384373128414154,0.5042784214019775,0.6837443113327026,1.4619892835617065,0.38928210735321045,0.2942356765270233,1.4095712900161743,1.6937967538833618,0.5181127190589905,0.4776376187801361,0.4790169298648834,0.6489605903625488,0.9113377332687378,0.6452272534370422,0.2896721065044403,,,1.3260611295700073,1.5128034353256226,0.28978580236434937,0.25284454226493835,0.16135449707508087,1.144035816192627,,0.29080384969711304,0.21459577977657318,,0.2049933671951294,,0.6520471572875977,0.1938355714082718,,,0.19159048795700073,,,0.2795282304286957,0.20571309328079224,,,0.19933366775512695,,2.0274977684020996,0.5323145389556885,0.22198693454265594,0.1932523101568222,,0.18866734206676483,0.19031140208244324,,0.22133107483386993,0.2765682637691498,0.22475731372833252,0.17536787688732147,0.17583812773227692,0.18926823139190674
20180601,,0.7167667150497437,0.6231173276901245,0.4403305649757385,0.45900383591651917,0.43905913829803467,0.529226541519165,0.6517602801322937,,,,,1.0591702461242676,0.5278602838516235,0.4763660430908203,0.5099661946296692,0.684157133102417,0.7302657961845398,,,,,2.1398913860321045,,,,,,,,,,,,,,,,,,,,,,,,,,,,,,,,,0.4482237994670868,0.304227352142334,,,,
20180602,,,,,,,,,,,,,,,,,,,,,,,,,,,,,,,,,,,,,,,,,,,,,,,,,,,,,,,,,,,,,
20180603,0.4514066278934479,0.5578708648681641,0.5815792679786682,0.4871436655521393,,0.4155665636062622,0.4107835292816162,,,,0.29501664638519287,1.5759741067886353,0.9608797430992126,0.578288733959198,0.4513413906097412,,,,,,0.22561296820640564,0.2726864218711853,,,,,0.23738856613636017,,,,,,,,,,,,,,,,,,,,,,,,,,,,,,,,,,
20180604,0.24653397500514984,0.42034825682640076,0.49864253401756287,0.478972852230072,0.4346539378166199,0.3479413688182831,0.3781517446041107,0.8296690583229065,2.8147342205047607,0.44673532247543335,0.1819082349538803,,1.1841564178466797,0.4892764985561371,0.44300320744514465,0.45114007592201233,0.6952582597732544,0.8866271376609802,0.7396448850631714,0.3877561092376709,,,1.884188175201416,,,0.3712761104106903,,,,,,0.13426364958286285,0.11907058209180832,,,,0.1933165043592453,0.16891011595726013,0.17599035799503326,,,,,0.16389068961143494,0.182414710521698,,,,,,,,,,,,,,,,
20180605,0.48649337887763977,0.40149208903312683,0.31064772605895996,,0.41730454564094543,0.3871304392814636,0.5155413746833801,0.630687415599823,1.0851835012435913,0.383144736289978,0.3225717842578888,,,,0.4118221700191498,0.4534916877746582,0.7429624795913696,0.8539312481880188,0.7636666893959045,0.35787495970726013,,,,,0.38951125741004944,0.322966992855072,0.36489176750183105,,,0.43233755230903625,0.24610018730163574,0.300000935792923,0.355071485042572,,1.4827157258987427,,0.24105896055698395,0.2588421702384949,2.502912998199463,,,,,,,,,,,,,,,,,,,,,,
20180606,0.5265856981277466,0.5345494747161865,0.5179281234741211,0.49023401737213135,0.45279619097709656,0.42153263092041016,0.48655128479003906,0.3676713705062866,,0.33639031648635864,0.2833278179168701,,,,,0.50336754322052,0.5428641438484192,0.4339173138141632,,0.2621804177761078,,,,,0.28396880626678467,0.29426461458206177,,0.7363833785057068,,0.400509774684906,0.2620562016963959,0.22208717465400696,0.3418234884738922,1.2191005945205688,0.7863682508468628,0.27022799849510193,0.1765245944261551,0.29094231128692627,0.8019258975982666,,8.620004653930664,0.4102044999599457,0.2548114061355591,0.20255637168884277,0.24334903061389923,0.42389312386512756,1.1705782413482666,5.7314677238464355,3.9291038513183594,0.3596281409263611,0.2770088315010071,0.22250667214393616,0.2616440951824188,0.2978109121322632,0.5028689503669739,0.8672739863395691,0.5321235656738281,0.5896573066711426,0.2898387312889099,0.2730397880077362,0.265541672706604
20180607,,,,,,,,,,,,,,,,,,,,,,,,,,,,,,,,,,,,,,,,,,,,,,,,,,,,,,,,,,,,,
20180608,0.3454207181930542,,,,,,,,,,,,,,,,,,,,,,,,,,,,,,,,,,,,,,,,,,,,,,,,,,,,,,,,,,,,
20180609,,0.3516240119934082,0.3608519434928894,0.4115481674671173,0.426359623670578,0.45626530051231384,0.48944929242134094,0.7279542684555054,1.598313808441162,0.44124627113342285,0.22867846488952637,1.4842545986175537,0.5928283333778381,0.4890449643135071,0.5447165966033936,0.6242325305938721,0.7758932113647461,1.0654563903808594,0.8886231780052185,,0.2036990374326706,0.4701249897480011,2.295614719390869,2.649817705154419,,,0.22935371100902557,0.5698968768119812,,,,0.17097733914852142,0.20347532629966736,,,,,,,,,,,,,,,,,,,,,,,,,,,,
20180610,0.2850157618522644,,0.25940680503845215,0.22020219266414642,0.2739293873310089,0.35816195607185364,0.44410240650177,0.5597891807556152,1.4398982524871826,0.3780471682548523,,,,,,0.43442246317863464,0.6220359802246094,0.6738061308860779,0.6187154650688171,0.29063335061073303,,,,,0.46849480271339417,0.2539084851741791,,0.18335925042629242,,0.4307903051376343,0.2982232868671417,,0.20152127742767334,0.6032839417457581,0.931857168674469,0.2454828917980194,,0.21638496220111847,1.5873603820800781,,,0.48079046607017517,,0.11977478861808777,0.17878641188144684,0.3077447712421417,1.249267816543579,,,,,0.13897113502025604,,,,,,,,,
20180611,0.25823524594306946,,,,,,0.46387356519699097,0.5716975331306458,1.3983550071716309,0.401861310005188,,,,,,0.6519561409950256,0.6011911034584045,0.5613605976104736,,0.23788049817085266,,,,,,0.22313529253005981,,,,0.3221299350261688,0.23265384137630463,,,,0.35943353176116943,0.218921959400177,,,,,3.300153970718384,0.20291851460933685,0.2018667757511139,,,,,8.498037338256836,0.7089071869850159,0.18547187745571136,0.17221175134181976,,,,,,0.44774797558784485,0.37373799085617065,0.1982944756746292,,0.1251954287290573
20180612,,,,,,,,,,,,,,,,,,,,,,,,,,,,,,,,,,,,,,,,,,,,,,,,,,,,,,,,,,,,,
20180613,,,,,,,,,,,,,,,,,,,,,,,,,,,,,,,,,,,,,,,,,,,,,,,,,,,,,,,,,,,,,
20180614,,,0.18563012778759003,0.2690083682537079,0.18457123637199402,,,,,,,,,,,,,,,,0.13038372993469238,,,,,,,,,,,,,,,,,,,,,,,,,,,,,,,,,,,,,,,,
20180615,,,0.41431471705436707,0.40881630778312683,,,,,,,,,,0.6966648101806641,0.543353796005249,0.5042378306388855,0.4776265323162079,,,,,,,,0.49252718687057495,,,,,0.4712594747543335,,,0.11466489732265472,,,,,0.09732101112604141,,,,,,,,,,,,,,,,,,,,,,,
20180616,,,0.41419273614883423,0.41381168365478516,0.4164298474788666,,0.4213729202747345,,,0.2986476421356201,,,1.0120006799697876,0.4284573793411255,0.4350430965423584,,,,,,,,,,,,,,,,,,,,,,,,,,,,,,,,,,,,,,,,,,,,,,
20180617,,,0.6302194595336914,0.5425089597702026,0.5007495284080505,,,,,,,,2.175142526626587,0.5869894027709961,0.49109017848968506,0.5003548860549927,0.7414937615394592,,,,,,,,,,,,,,,,,,,,,,,,,,,,,,,,,,,,,,,,,,,,
20180618,,,,,,,,,,,,,,,,,,,,,,,,,,,,,,,,,,,,,,,,,,,,,,,,,,,,,,,,,,,,,
20180619,,,,,,,,,,,,,,,,,,,,,,,,,,,,,,,,,,,,,,,,,,,,,,,,,,,,,,,,,,,,,
20180620,,,,,,,,,,,,,,,,,,,,,,,,,,,,,,,,,,,,,,,,,,,,,,,,,,,,,,,,,,,,,
20180621,,,,,,0.2832333743572235,0.39816367626190186,,,,0.19741880893707275,,1.1883938312530518,0.4888768494129181,0.4269670844078064,0.583910346031189,0.7497281432151794,0.7161510586738586,,0.16226762533187866,0.18475691974163055,,6.711953163146973,,0.35494720935821533,0.23266282677650452,0.18578365445137024,0.2724173963069916,,0.38590773940086365,0.22757504880428314,,0.18075497448444366,0.24510782957077026,1.6160619258880615,0.23226682841777802,,,0.22978144884109497,,3.5775794982910156,0.37404271960258484,0.23471757769584656,0.1838979870080948,0.1795683354139328,0.16211867332458496,0.25706905126571655,,,,,0.17695344984531403,0.16777214407920837,,,,,,,,
20180622,,,,,,,,,,,,,,,,,,,,,,,,,,,,,,,,,,,,,,,,,,,,,,,,,,0.30066967010498047,,,,,,,,,,,
20180623,,,,,,,,,,0.3332037031650543,,,,,,,,,0.7247387766838074,0.3597917854785919,,,,,0.39490020275115967,0.26303398609161377,,,,0.3899112641811371,0.2752879858016968,,,,0.3413993716239929,0.2558273375034332,,,,,,,,,,,,,,,,,,,,,,,,,
20180624,,,,,,,,,,,,,,,,,,,,,,,,,,,,,,,,,,,,,,,,,,,,,,,,,,,,,,,,,,,,,
20180625,0.2146756500005722,0.5124608278274536,0.413816899061203,0.4348028004169464,0.4305260181427002,0.416837215423584,0.46656376123428345,0.5039719343185425,1.307482361793518,0.3386799693107605,0.23171980679035187,0.873300313949585,1.0338647365570068,0.5523471832275391,0.5507799386978149,0.476707398891449,0.6700702905654907,0.7687439322471619,,,0.1225697472691536,0.3016621768474579,1.99857759475708,2.4570562839508057,,,0.13249599933624268,,,,,,,,,,,,,,,,,,,,,,,,,,,,,,,,,,
20180626,0.2483336627483368,0.3884519934654236,0.4427381157875061,0.4507187604904175,,,0.29639285802841187,0.47183775901794434,0.9484151005744934,0.3161868453025818,,,1.1202117204666138,0.48945343494415283,,,0.5851267576217651,0.7223767638206482,0.6701564788818359,0.30034753680229187,0.1318255513906479,,5.285991191864014,,0.4346727728843689,0.29598501324653625,0.1430763304233551,1.3072118759155273,,0.3955644369125366,0.2964558005332947,0.14051134884357452,0.19925595819950104,0.7801043391227722,2.3093388080596924,0.27976754307746887,0.13850340247154236,0.10646246373653412,,,,,,0.13977257907390594,0.11460105329751968,0.10825987160205841,,,,,,0.11473032087087631,,,,,,,,,
20180627,,,,,,,,,,,0.26472339034080505,,,,,,,,0.8392882347106934,,,0.3970071077346802,,,0.3733994662761688,0.2995164096355438,,0.7323410511016846,,0.4138033986091614,0.2629627585411072,,0.661750316619873,,0.33003389835357666,0.2486821860074997,0.15048106014728546,0.13533706963062286,,,,,,0.15964125096797943,0.12095780670642853,,,,,,,,,,,,,,,,
20180628,,,,,0.41012200713157654,0.32979801297187805,,0.48121803998947144,,,,,,,,0.3339330554008484,0.40343940258026123,0.6282622814178467,0.5338857769966125,0.2647375166416168,,,,,,0.22946086525917053,,,,0.3830373287200928,0.24641335010528564,,,,0.6476073861122131,0.24342653155326843,,,,,,0.3255361318588257,0.24704128503799438,,,,,2.6363911628723145,0.7345799207687378,0.2774662971496582,0.21534432470798492,,,,,,,1.421329140663147,0.3128371238708496,0.22188599407672882,0.18520934879779816
20180629,,,,,,,,,,,,,,,,,,,,,,,,,,,,,,,,,,,,,,,,,,,,,,,,,,,,,,,,,,,,,
20180630,,0.24872523546218872,0.3409886956214905,0.34618663787841797,0.36582475900650024,0.39468055963516235,,,,,0.1168719232082367,,0.9025500416755676,0.5180402398109436,0.4820110499858856,0.4586503505706787,,,,,,,1.2318532466888428,,,,0.12401647865772247,,,,,,,,,,,,,,,,,,,,,,,,,,,,,,,,,,
20180701,0.2751557230949402,0.443206787109375,0.37189632654190063,0.4480326175689697,0.3855326473712921,0.4134894013404846,0.4245053231716156,0.5661330819129944,1.2944563627243042,0.33180439472198486,0.21527588367462158,0.4310574233531952,0.6600253582000732,0.4375861883163452,0.4722270965576172,0.44490641355514526,0.6175103783607483,0.8378710150718689,0.6684377193450928,0.29414257407188416,0.17014837265014648,0.2412196397781372,1.0436193943023682,3.0969045162200928,0.33944499492645264,0.2665749192237854,0.13267061114311218,,,,0.27400049567222595,0.16406165063381195,0.181393101811409,0.3750818371772766,,0.2710932493209839,0.1795376092195511,0.16925106942653656,0.21060767769813538,,,,,0.16317912936210632,0.17122428119182587,0.15011616051197052,,,,,,0.15910430252552032,,,,,,,,,
20180702,0.4445432722568512,,0.4951420724391937,0.41837018728256226,0.4189545214176178,0.4582890272140503,0.5064519643783569,0.634601354598999,1.1476564407348633,0.2854841351509094,,,0.7450298070907593,0.4520716965198517,0.4999713897705078,0.4086807072162628,0.40895774960517883,0.5810295939445496,0.5319644212722778,0.23502029478549957,,,,,0.3868139386177063,0.2648685574531555,,,,0.3820880055427551,0.282122939825058,,,,0.6621546149253845,0.2618712782859802,,,,,,0.4300062358379364,0.2608385384082794,,,,,4.11561393737793,3.235327959060669,0.3067706227302551,0.22176332771778107,,,,,,0.4038294553756714,0.5777800679206848,0.269795686006546,,0.18653124570846558
20180703,,,,,,,,,,,,,,,,,,,,,,,,,,,,,,,,,,,,,,,,,,,,,,,,,,,,,,,,,,,,,
20180704,,,,,,,,,,,,,,,,,,,,,,,,,,,,,,,,,,,,,,,,,,,,,,,,,,,,,,,,,,,,,
20180705,,,,,,,,,,,,,,,,,,,,,,,,,,,,,,,,,,,,,,,,,,,,,,,,,,,,,,,,,,,,,
20180706,0.18724492192268372,0.2148292064666748,0.4031127691268921,0.321113646030426,0.2451375424861908,0.2749274671077728,0.2814139127731323,0.40880876779556274,1.1456658840179443,0.2480543702840805,0.1343519687652588,,0.6893512606620789,0.29854267835617065,0.35656923055648804,0.42170289158821106,0.46689698100090027,0.4922678768634796,0.681961715221405,0.2672303020954132,0.11191316694021225,,0.9486892819404602,,0.3456282317638397,0.23046088218688965,,,,0.3424229025840759,0.2580641210079193,,,,0.847872257232666,,,,,,,,,,,,,,,,,,,,,,,,,,
20180707,,,0.44322267174720764,0.4722631275653839,0.4138413965702057,0.4584008753299713,0.46548059582710266,0.7057910561561584,1.3200739622116089,0.23778146505355835,,,1.0121229887008667,0.4465571343898773,0.398711234331131,0.474794864654541,0.6391568779945374,0.8513415455818176,0.5992705821990967,0.25497716665267944,,,2.022193431854248,,0.26704737544059753,0.1638949066400528,,,,0.2467067390680313,,,,,0.45631498098373413,,,,,,1.0464240312576294,0.2514125108718872,0.11266975104808807,,,,,0.35261911153793335,0.24183522164821625,0.14853768050670624,0.11765804886817932,,,,,,0.26189541816711426,0.22757302224636078,0.12201584875583649,0.1257314532995224,0.11322037875652313
20180708,,,,,,,,0.5614557862281799,0.9054709076881409,0.3581264913082123,,,,,,0.520848274230957,0.7297770977020264,1.0086305141448975,0.7076878547668457,0.2771320641040802,,,,,0.33769547939300537,0.23164953291416168,,,,0.331586629152298,0.24723681807518005,,,,0.4460409879684448,,,,,,,,,,,,,,,,,,,,,,,,,,
20180709,,,,,,,,,1.2532469034194946,0.26165735721588135,,,,,,,,,0.6112310290336609,0.1694995015859604,,,,,,0.1631261706352234,,,,0.3098565638065338,0.22281289100646973,,,,0.34834909439086914,0.1753077358007431,,,,,,,,,,,,,,,,,,,,,,,,,
20180710,0.13368037343025208,0.2659507095813751,0.3133396506309509,0.25291556119918823,0.20905810594558716,,,,,,,,0.2988438010215759,0.2165679931640625,0.22237595915794373,,,,,,,,,,,,,,,,,,,,,,,,,,,,,,,,,,,,,,,,,,,,,,
20180711,,0.23860087990760803,0.48299553990364075,0.3221902847290039,0.25494807958602905,0.27480629086494446,0.42138171195983887,0.5398008823394775,1.2585614919662476,0.24872952699661255,,,,,,0.5127930045127869,1.2521854639053345,0.8785963654518127,0.8371853232383728,,,,,,0.3984047770500183,0.31044137477874756,0.18468941748142242,2.704328775405884,,0.3586356043815613,0.29044240713119507,0.18213535845279694,0.23792998492717743,6.302921295166016,,,0.19831499457359314,0.2132112681865692,0.7575085759162903,,,,,0.1858898550271988,0.20374374091625214,0.24617643654346466,,,,,,0.12114594876766205,0.14544805884361267,,,,,,,,
20180712,0.393406480550766,0.529143214225769,0.5270326137542725,0.40396952629089355,0.298197478055954,0.3565360903739929,0.43441230058670044,0.559291422367096,0.9999343156814575,0.28598615527153015,0.2689349353313446,1.6966475248336792,,,0.4288875460624695,,0.48936063051223755,1.0959526300430298,0.63656085729599,0.2453499287366867,0.21960513293743134,2.5477888584136963,,,,,0.19803878664970398,2.067847967147827,,,,0.177363321185112,0.27865058183670044,1.5774556398391724,,,0.1589825600385666,0.1739867925643921,0.5443305373191833,,11.497868537902832,0.36659663915634155,0.22554244101047516,,0.10538090765476227,0.12198077887296677,,7.8552775382995605,3.3030190467834473,0.24377870559692383,0.16131633520126343,,,0.12209547311067581,0.12758785486221313,0.2129901647567749,0.47345808148384094,0.35173889994621277,0.22575153410434723,0.17656156420707703,0.179437518119812
20180713,0.25818830728530884,0.5539466738700867,0.5764269232749939,0.43567362427711487,0.4016461670398712,0.4471046030521393,0.5007771849632263,0.7294496297836304,1.6157264709472656,0.31195762753486633,0.21993684768676758,,0.7181975841522217,0.33859941363334656,0.4417223632335663,0.4960641860961914,0.9200213551521301,1.1195577383041382,0.684379518032074,0.29427358508110046,0.18752945959568024,,,,0.42409375309944153,0.2666785717010498,,,,0.4945030212402344,0.30003949999809265,,,,0.8081003427505493,0.25251305103302,,,,,,0.3336041569709778,0.18532659113407135,,,,,,,,,0.10738678276538849,,,,,,0.3427760601043701,0.16832587122917175,,
20180714,,,,,0.40689048171043396,0.42902714014053345,0.3550921082496643,0.4692775309085846,0.4532034695148468,,,,,,0.4509199261665344,0.4498414695262909,0.6482406258583069,0.99797123670578,0.4931374788284302,,,,,,,,,,,,,,,,,,,,,,,,0.1712104082107544,,,,,,,0.17231515049934387,0.13202175498008728,,,,,,,,,0.1800043284893036,
20180715,0.20661553740501404,0.42658478021621704,,0.2917608916759491,,0.2586214542388916,0.37003135681152344,,,,0.2121867686510086,0.9467889666557312,0.6537598371505737,0.4287830591201782,0.33082643151283264,,,,,,0.16677552461624146,0.3873726427555084,,,,,0.13715600967407227,0.36125102639198303,,,,,,,,,,,,,,,,,,,,,,,,,,,,,,,,,
20180716,,,,,,,,,,,,,,,,,,,,,,,,,,,,,,,,,,,,,0.10437159240245819,,,,,,,0.12493684887886047,,,,,,,,,,,,,,,,,
20180717,,,,,0.3213978409767151,0.42743119597435,0.46073436737060547,0.35349297523498535,,0.2719593346118927,,,,,,,0.39363327622413635,0.6486294269561768,,0.23514191806316376,,,,,,0.2705528736114502,,,,,0.2869468927383423,,,,,0.25670886039733887,,,,,,,,,,,,4.572576999664307,,,,,,,,0.5230615735054016,0.6033427119255066,0.40563100576400757,,,
20180718,,,,,,,,,,,,,,,,,,,,,,,,,,,,,,,,,,,,,,,,,,,,,,,,,,,,,,,,,,,,,
20180719,,,,,,,,,,0.2572475075721741,,,,,,,,,,,,,,,,,,,,,,,,,,,,,,,,,,,,,,,,,,,,,,,,,,,
20180720,0.47144976258277893,,,,,,,,,,,,,,0.4758860468864441,0.5013071894645691,,,,,0.17004314064979553,,,,,,0.1687346249818802,,,,,,,,,,,,,,,,,,,,,,,,,,,,,,,,,,
20180721,,,0.634334146976471,0.41057562828063965,0.4287663698196411,0.4554438292980194,0.48455244302749634,0.541759192943573,0.8256917595863342,0.2812727689743042,,,1.8409568071365356,0.4861399829387665,0.7839877605438232,0.5292037129402161,0.7547438144683838,1.313745379447937,0.7722386121749878,0.2812725007534027,,,,,,0.24622364342212677,,,,,0.23754876852035522,,,2.6262011528015137,1.063362717628479,0.2395891398191452,,,0.46852973103523254,,,,,,0.22111111879348755,0.17003802955150604,0.3903791606426239,,,,,,0.16500496864318848,0.1490578055381775,0.15429681539535522,,,,,,
20180722,0.3685486316680908,0.4103933274745941,0.5622563362121582,0.4133329689502716,0.3232775926589966,0.3098495304584503,,0.35224077105522156,0.6033685207366943,0.23556584119796753,0.23769065737724304,,2.81396484375,,,,,,,,0.2072800248861313,,,,,0.18825016915798187,,,,0.26206254959106445,0.20973002910614014,,,,0.529528796672821,0.23496808111667633,,,,,,0.35946038365364075,0.20925161242485046,,,0.13619005680084229,,,5.771243572235107,0.2128198742866516,0.1728070229291916,,,,,0.6237971186637878,0.526604413986206,0.46608245372772217,0.25919029116630554,0.17336273193359375,0.1427537053823471
20180723,,,,,,,,0.6808393597602844,1.1016324758529663,0.2249426692724228,,,,,,,,,0.7545748949050903,0.26324597001075745,,,,,,0.18424072861671448,,,,,,,,,,,,,,,,,,,,,,,,,,,,,,,,,,,
20180724,,,,,,,,,,,,,,,,,,,,,,,,,,,,,,,,,,,,,,,,,,,,,,,,,,,,,,,,,,,,,
20180725,0.35059672594070435,0.371986448764801,0.5703555941581726,0.5589278936386108,0.47146400809288025,0.44720780849456787,0.4314447045326233,0.4878109097480774,,,0.19717250764369965,1.3647793531417847,,1.1125372648239136,0.610320508480072,0.546347439289093,0.40606042742729187,,,,,,4.599555969238281,,,,0.1586976796388626,0.18547414243221283,,,,,,,,0.22820988297462463,,,,,,,0.18196703493595123,,,,,,,,0.13282853364944458,,,,,,,,,,
20180726,0.42689210176467896,,,,,0.4603913128376007,0.4193534255027771,0.4463231563568115,,0.2824806869029999,0.3139404058456421,2.60610032081604,2.266106605529785,0.8776455521583557,0.6206787824630737,0.5604690313339233,0.6816117763519287,0.744059681892395,0.6454145908355713,0.29672855138778687,,,4.151885986328125,,0.4474397301673889,,0.1679944396018982,0.1950072944164276,,0.4039115607738495,0.3315071761608124,0.13147826492786407,0.13744987547397614,0.4631389081478119,,0.20982283353805542,0.15583902597427368,0.16586841642856598,0.23572199046611786,,,,0.17225195467472076,0.16572017967700958,0.17762970924377441,0.17496304214000702,0.38813653588294983,,,,,0.16544945538043976,0.1644797921180725,0.16242606937885284,0.17156557738780975,0.37050098180770874,0.33760905265808105,,,,
20180727,0.26780709624290466,0.29263535141944885,0.4449682831764221,0.307156503200531,0.37590786814689636,0.38571080565452576,0.34526902437210083,0.2812969982624054,,0.1678149700164795,,,,0.35623183846473694,0.2597582936286926,,0.21822915971279144,0.7113802433013916,0.49534282088279724,0.23437586426734924,,,,,,,,,,,,0.13351228833198547,0.11744419485330582,,,,0.10857800394296646,,0.3708783686161041,,2.931879997253418,0.48545658588409424,,0.10504043847322464,0.1251351535320282,0.12234194576740265,,0.3462758958339691,0.7322720885276794,0.30606916546821594,,0.10017707943916321,0.115314781665802,0.122264564037323,0.12255002558231354,,0.2841419279575348,0.2518993318080902,0.18868491053581238,0.1610453873872757,0.15884709358215332
20180728,0.2529539167881012,0.3662295937538147,0.4228816628456116,0.24805380403995514,,,,,0.5835943222045898,0.22568263113498688,,,,0.43520212173461914,0.48183590173721313,0.7141004800796509,0.6100610494613647,1.1661933660507202,0.660416841506958,0.26327279210090637,,,1.2152609825134277,,0.3686206340789795,0.22136934101581573,,,,0.3792560398578644,0.23786990344524384,,0.14198628067970276,0.38416168093681335,0.624480128288269,0.23129767179489136,0.11981040239334106,0.11317801475524902,,,12.330669403076172,0.4598790109157562,0.19964835047721863,,,,,8.212650299072266,3.984912157058716,0.3112516701221466,0.1380617767572403,,,,,,0.40816888213157654,0.6181477904319763,0.2548171281814575,0.12475389242172241,0.12103192508220673
20180729,,,,,,0.3394518494606018,0.23314519226551056,0.28459998965263367,0.500728189945221,0.2235645055770874,,,,,,,,,0.43490901589393616,0.21061907708644867,,,,,,,,,,,0.19496384263038635,0.13265696167945862,,,,,,,,,,,,,,,,,,,,,,,,,,,,,
20180730,,,,,,,,,,0.2832956612110138,,,,,,0.28598451614379883,,2.26566219329834,0.7172315120697021,0.31609660387039185,,,,,0.33197906613349915,0.2586466670036316,,,,,0.24786919355392456,,,,,0.22052094340324402,0.23818431794643402,,,,,,0.13561147451400757,,,,,,,,,,,,,,,,,,
20180731,,,,,,,,,,0.3786906599998474,,,,,,,,,0.4855184853076935,0.3149590790271759,,,,,0.3067708909511566,0.20704442262649536,,,,,0.22984760999679565,,,,,0.24206604063510895,,,,,,,,,,,,,,0.3192031979560852,0.2314508557319641,,,,,,,,,,
20180801,0.4153509736061096,0.45586103200912476,0.5701743960380554,0.4026545286178589,0.37959563732147217,0.47088828682899475,0.4700503945350647,0.6329416036605835,1.0039640665054321,0.3362375497817993,0.28322067856788635,2.5861027240753174,3.0878207683563232,0.9043168425559998,0.4430261552333832,0.5850627422332764,0.9125550985336304,1.7595754861831665,0.9033549427986145,0.3006390333175659,0.20465771853923798,2.311660051345825,2.981914758682251,,0.32529667019844055,0.23103123903274536,0.19221536815166473,0.3217131793498993,,0.3520858883857727,0.22699454426765442,0.18376025557518005,0.19087980687618256,0.6976746916770935,0.9389376640319824,0.22072404623031616,0.16439060866832733,0.1663099080324173,0.5372450351715088,,1.2282224893569946,0.4618210792541504,0.1626124531030655,0.17129279673099518,0.1794465333223343,0.194689080119133,0.27156728506088257,2.6744534969329834,0.8006522059440613,0.25695356726646423,0.1415334939956665,0.1822899729013443,0.1595064401626587,0.14227209985256195,0.15324662625789642,0.2834480106830597,0.5182982683181763,0.41658228635787964,0.19222931563854218,0.14088112115859985,0.12650617957115173
20180802,,,,0.3731909990310669,0.41272807121276855,0.43768593668937683,,,1.4456926584243774,0.4726332426071167,,,,0.6665269136428833,0.4355625510215759,0.4222926199436188,,1.2603633403778076,0.7017005681991577,0.3240639567375183,,,,,,0.19087226688861847,,,,,,,,,,,,,,,,,0.22681929171085358,,,,,,,0.3743969798088074,0.210462749004364,,,,,,,,0.2664981782436371,0.211554154753685,0.2165186107158661
20180803,,,,,,,,,,0.26465392112731934,,,,,,,,,,,,,,,,,,,,,,,,,,,,,,,,,,,,,,,,,,,,,,,,,,,
20180804,,,,,,,0.5244474411010742,0.5969943404197693,,0.23732449114322662,,,,,,,2.2299532890319824,1.3529467582702637,0.7585679888725281,0.2856726050376892,,,,,0.3816644251346588,0.2606334090232849,,,,0.41487088799476624,0.25761568546295166,,,,1.067670464515686,0.25313636660575867,,,,,14.631567001342773,0.49490565061569214,0.21047870814800262,,,,0.347995787858963,7.272444248199463,4.509210586547852,0.38146325945854187,0.17500680685043335,,,0.14416542649269104,,1.054700255393982,1.1032874584197998,0.8157230615615845,0.304783433675766,0.18871361017227173,
20180805,0.48148980736732483,0.5467106699943542,0.6024492383003235,0.3870374262332916,0.3681088984012604,0.4739004671573639,0.4857447147369385,,,0.8725177049636841,,1.612900972366333,1.2754625082015991,0.9595677852630615,0.44646304845809937,0.6180577278137207,0.9853754043579102,,1.3052527904510498,0.5544208288192749,,,,,,0.3918156921863556,,,,,,,,,0.4893340468406677,0.36416706442832947,,,,,,,,,,,,,,,,,,,,,,,,,
20180806,,,,,,,,,,,,,,,,,0.8342360854148865,,,,,,,,,,,,,,,,0.22831252217292786,,,,,0.17756964266300201,0.49043115973472595,,,,,0.17930461466312408,0.17045272886753082,0.1780603677034378,,,,,,0.17689599096775055,0.18868900835514069,,,,,,,,
20180807,0.24036414921283722,0.43306446075439453,0.4101649224758148,0.21677415072917938,0.2675500214099884,0.3911477029323578,0.35012608766555786,0.580152690410614,1.1215630769729614,0.3085097074508667,0.19611206650733948,0.9546561241149902,1.0246968269348145,0.729572057723999,0.5055767297744751,0.5510422587394714,0.7064220905303955,1.2770720720291138,0.8564282059669495,0.3441314697265625,0.16741834580898285,,3.0860495567321777,,0.33573052287101746,0.22549918293952942,0.17679135501384735,0.1655043363571167,,0.31272092461586,0.22889931499958038,0.1786068230867386,0.13297396898269653,,1.5628126859664917,0.2203189730644226,0.1667122095823288,0.14171463251113892,0.18222971260547638,,2.245577335357666,0.4431426227092743,0.1910889446735382,0.14192825555801392,0.11907535791397095,0.1346416473388672,0.27503588795661926,1.2562552690505981,1.3563621044158936,0.3624342381954193,0.1447543203830719,0.13440890610218048,0.10741326212882996,0.10471265017986298,0.13723912835121155,0.3176506757736206,0.4027458131313324,0.3565637171268463,0.22428996860980988,0.15193898975849152,0.1324363648891449
20180808,,0.33162209391593933,0.3735540807247162,0.28156936168670654,0.242544025182724,,,,,0.34335803985595703,0.15555736422538757,,1.265681266784668,0.7245126962661743,0.4940328001976013,0.5627851486206055,1.1605051755905151,,,0.3857616186141968,,,2.4478235244750977,,0.39657944440841675,,,0.144767165184021,,0.2946659028530121,0.2226918339729309,0.14837677776813507,,,0.7604950666427612,0.16999629139900208,0.15079501271247864,,,,,0.1997326910495758,0.1081693172454834,,0.13532470166683197,0.12761107087135315,,,,,,0.13081787526607513,0.13174577057361603,0.1544511914253235,0.13367699086666107,0.1591983288526535,,,,0.09425017982721329,0.07124350219964981
20180809,,,,,,,,,,0.30435872077941895,,,,,,,,,,0.2335822582244873,,,,,,0.16309688985347748,0.11602745205163956,0.11683480441570282,,,0.2326296716928482,0.178638756275177,0.10901749134063721,,,,0.21375028789043427,0.19007211923599243,,,,,,,,,,,,,0.19898851215839386,,,,,,,0.3591923713684082,0.2537092864513397,0.18856321275234222,
20180810,,,,,,,,,,,,,,,,,,,,,,,,,,,,,,,,,,,,,,,,,,,,,,,,,,,,,,,,,,,,,
20180811,,,,,,,,,,,,,,1.2163587808609009,,,,,,,,,,,,,,,,,,,,,,,,,0.5288759469985962,,,,,0.14671894907951355,,0.1695271134376526,0.6008676290512085,,,,,0.15489409863948822,0.15639740228652954,0.1465456634759903,0.1925567388534546,1.4886324405670166,,,,,
20180812,,0.2531089186668396,0.37350937724113464,0.17188717424869537,,,0.2534838616847992,0.4020870327949524,,,,,,0.3120384216308594,0.2237572968006134,,,0.4764600098133087,0.7947591543197632,,0.10111404210329056,,,,0.3887960612773895,,0.11954193562269211,0.16705457866191864,,,,0.12579844892024994,0.10570988804101944,,,,0.1069851666688919,0.11415044963359833,,,,,,0.09839648753404617,,,,,,,,,0.10390874743461609,,,,,,,,0.15822915732860565
20180813,,,,,,,0.29226306080818176,,,,,,,,,,,,,,,,,,,,,,,,,,,,,,,,,,,,,,,,,,,,,,,,,,,,,,
20180814,,,0.724818766117096,0.31170374155044556,,,,,,,,,,,,,,,,,,,,,,,,,,,,,,,,,,,,,,,,,,,,,,0.24596746265888214,,,,,,,,,0.31758180260658264,0.22860124707221985,
20180815,,,,,,,,,,,,,,,,,,,,,,,,,0.32181432843208313,0.2737375497817993,,,,0.24695748090744019,0.22242328524589539,,,,,0.1932903528213501,,,,,,0.4580313265323639,,,,,,,,,0.22113457322120667,,,,,,,,,,
20180816,0.3666229546070099,0.40571117401123047,0.6769348382949829,0.45633068680763245,0.4787580966949463,0.49639126658439636,0.5099037289619446,,,0.3638513684272766,0.20088744163513184,,1.6123199462890625,0.6212064027786255,0.45943397283554077,0.5956860780715942,1.1021864414215088,2.5265042781829834,1.1579707860946655,0.3709443509578705,0.18499307334423065,0.6360923647880554,1.5285183191299438,,0.3889285922050476,0.23627886176109314,0.1593666821718216,0.27412548661231995,,,0.18891561031341553,0.14491140842437744,0.13189490139484406,,0.5865173935890198,0.19404782354831696,0.12116621434688568,0.12783405184745789,0.2639113664627075,,,0.21197190880775452,0.11033285409212112,,0.11429701745510101,0.12525524199008942,0.2923762798309326,,,0.1890452653169632,,,0.12012170255184174,0.12834976613521576,0.12661588191986084,0.22020603716373444,0.20109352469444275,0.24573975801467896,0.16603608429431915,0.13930952548980713,0.14002344012260437
20180817,,,,0.3683335483074188,0.4117264151573181,0.4254620671272278,0.4482453167438507,0.6821197271347046,0.6993937492370605,0.2969062030315399,,,1.242735743522644,0.6468569040298462,,0.4378807842731476,,,0.48702314496040344,0.21369343996047974,,,,,0.2844015955924988,0.19686874747276306,,,,0.40678316354751587,0.22645878791809082,,,,0.7640324831008911,0.2652924954891205,,,,,3.644481658935547,0.555730938911438,0.19778919219970703,,,,,9.956379890441895,4.608278751373291,0.3189578652381897,0.2000104784965515,,,,,,,0.3295210301876068,0.2499782145023346,0.1805635392665863,0.19510799646377563
20180818,,,0.5350456237792969,,0.24833421409130096,,,0.7444283962249756,,0.2594911754131317,0.20363695919513702,,,0.6983632445335388,0.37149545550346375,,,,,0.2390953004360199,,,,,,0.18794599175453186,0.138081893324852,,,0.4455876648426056,0.25677263736724854,0.14056965708732605,0.1428099274635315,0.26041102409362793,0.6548956632614136,0.2294854074716568,0.1315128207206726,0.11710810661315918,,,,0.3232852816581726,0.19673627614974976,,0.11390874534845352,0.09581838548183441,,,,,0.19682994484901428,,,,,,,,,0.17532530426979065,0.18937726318836212
20180819,,,0.9193722009658813,0.45390331745147705,0.4050130546092987,0.4334234595298767,0.4142015874385834,0.8315526247024536,1.1051621437072754,0.48950502276420593,0.23848284780979156,,2.5128660202026367,0.7513570189476013,0.4733341932296753,0.5846492648124695,0.8049299120903015,1.5050487518310547,0.8589583039283752,,0.19234803318977356,,2.354592800140381,,,,,,,,,,,,0.719226062297821,,,0.12195201963186264,,,,,,,0.1121690422296524,,,,,,0.09967579692602158,,,,,0.18049082159996033,,,,0.11101134866476059,0.1060560792684555
20180820,,,,,,,,,,,,,,,,,,,,,,,,,,,,0.3337269425392151,,,,0.1535770148038864,0.21929813921451569,,,,,,,,,,,,,,,,,,,,,,,,,,,,
20180821,,0.44830942153930664,0.7063539624214172,0.4408498704433441,0.4509649872779846,0.4825398027896881,0.5679173469543457,0.9048473834991455,,0.3972061276435852,0.2026194930076599,,2.8072304725646973,0.5770846605300903,0.5016219615936279,0.5972826480865479,0.9156991243362427,1.3337382078170776,1.136684775352478,0.41185811161994934,0.161895751953125,,1.4113119840621948,,,,,0.25604838132858276,,,,0.15590952336788177,0.24496254324913025,,,,0.17811882495880127,0.19451722502708435,0.6103824377059937,,,,,0.19568555057048798,0.20313739776611328,0.21644432842731476,0.3900910019874573,,,,0.14978058636188507,0.19396276772022247,0.2011432647705078,0.20165133476257324,0.23660552501678467,0.30272939801216125,0.36139747500419617,,,0.14707334339618683,
20180822,0.5143883228302002,1.3601937294006348,0.8689672350883484,0.4491346776485443,0.43425804376602173,0.4342304468154907,0.4896945357322693,1.1008728742599487,,0.5774222016334534,0.7275987863540649,4.524711608886719,7.160036563873291,0.7556641697883606,0.674534261226654,0.6148156523704529,1.0296118259429932,1.810105323791504,,0.566649317741394,0.31728118658065796,4.487078666687012,2.364211082458496,,,0.358527272939682,0.20880793035030365,4.716416835784912,,,0.3484909236431122,0.1809459775686264,1.1361175775527954,8.656563758850098,0.9493710398674011,0.3034728169441223,,,2.240199565887451,,,0.5247005820274353,0.20407316088676453,,,0.25365734100341797,2.294652223587036,15.854337692260742,0.7938588857650757,0.34784454107284546,0.15829390287399292,0.1431708037853241,,,,0.9107216596603394,0.6647241115570068,0.6005618572235107,0.27881109714508057,0.15868809819221497,0.14734472334384918
20180823,0.5379496812820435,0.7624228596687317,0.5394561886787415,0.34034740924835205,0.36974036693573,0.39659354090690613,0.4103265404701233,0.7105458974838257,2.216322422027588,0.38533222675323486,0.28844770789146423,3.9116883277893066,5.390127658843994,0.5112842321395874,0.44196128845214844,0.5029873847961426,0.738671064376831,1.2421330213546753,1.244437575340271,0.4204515814781189,0.14506526291370392,0.5237948894500732,4.04371976852417,2.0355587005615234,0.523087739944458,0.29204878211021423,,0.5135052800178528,,0.4465150535106659,0.2532624900341034,0.15210095047950745,,,1.2541223764419556,0.24802915751934052,0.16881708800792694,0.15386268496513367,0.4511650502681732,,14.316508293151855,0.5389405488967896,0.23687712848186493,0.18573275208473206,0.16896304488182068,0.14768609404563904,,14.796629905700684,7.097804069519043,0.4369417726993561,0.23906490206718445,0.16395002603530884,0.16431893408298492,0.166585311293602,0.17700065672397614,0.32258597016334534,0.43040281534194946,0.6686544418334961,0.31477561593055725,0.22333285212516785,0.23263391852378845
20180824,0.5666443109512329,0.8923010230064392,0.5363019108772278,0.3265713155269623,0.38662710785865784,0.40645474195480347,0.3617229461669922,0.6195052862167358,1.7220312356948853,0.3310880661010742,0.3951975107192993,4.462451457977295,5.996922969818115,0.5640465021133423,0.42659568786621094,0.5069301724433899,0.6746723055839539,1.1401270627975464,1.070173740386963,0.37665075063705444,0.2900514602661133,5.049125671386719,5.3434062004089355,,0.6423739790916443,0.2606455981731415,0.2138630896806717,2.705798864364624,,0.42864692211151123,0.23896414041519165,0.19239839911460876,0.40255826711654663,2.972846746444702,0.6735541224479675,0.23623424768447876,,0.14934563636779785,0.6747303009033203,,13.189249038696289,0.43876662850379944,0.21390128135681152,,,,,,5.1955766677856445,0.29259082674980164,0.18846184015274048,,,,,,,0.5722184181213379,0.2516319453716278,,
20180825,,,,0.25438427925109863,0.410942405462265,0.46239399909973145,0.33124488592147827,0.6313720345497131,1.5527151823043823,0.3362688720226288,,,,,0.2932093143463135,0.48406893014907837,1.076331377029419,1.208362340927124,1.321350336074829,0.41572389006614685,,,,,0.40496140718460083,0.2707459032535553,,,,0.4256048798561096,0.26213276386260986,,,,0.628001868724823,0.25365597009658813,,,,,,0.44158241152763367,0.2407711148262024,,,,,10.053651809692383,6.106281757354736,0.43951499462127686,0.2328544408082962,,,,,,1.540751576423645,1.7655547857284546,0.3027583956718445,0.21932843327522278,0.21421301364898682
20180826,,,,,,,,,,,,,,,,,,,,1.1531257629394531,,,,,,,0.17698904871940613,,,,,0.16234278678894043,0.1633220613002777,,,,0.1459995061159134,0.15990646183490753,,,,,,0.16574054956436157,0.17666172981262207,0.15815529227256775,,,,,,,0.15737450122833252,,,,,,,,
20180827,0.45935890078544617,0.6656193137168884,0.43926912546157837,0.3222174644470215,0.41848087310791016,0.44001948833465576,0.40961408615112305,0.6531758308410645,0.9716503024101257,0.49639517068862915,0.30277180671691895,1.8984990119934082,1.1251121759414673,0.4871148467063904,0.4851738512516022,0.44404566287994385,0.5756168961524963,0.9110340476036072,0.5156734585762024,0.27896252274513245,0.19562166929244995,1.4219646453857422,,,0.35898828506469727,0.22308869659900665,0.1950342357158661,1.3905271291732788,,0.25105711817741394,0.16271865367889404,0.19518859684467316,0.384543240070343,2.590888738632202,0.2814715802669525,0.1590665578842163,0.1725832223892212,0.19164466857910156,0.6597157716751099,,,0.2736222445964813,0.17107146978378296,0.16872632503509521,0.17495252192020416,0.16894254088401794,0.6380100846290588,,0.7794420719146729,0.18595224618911743,0.15392595529556274,0.16501286625862122,0.1708390712738037,0.15918482840061188,0.20213814079761505,0.34219297766685486,0.31553688645362854,0.30760613083839417,0.1962101012468338,0.17397858202457428,0.1747274398803711
20180828,0.5931923985481262,0.8179360628128052,0.5187840461730957,0.3187718391418457,0.3808218538761139,0.40714049339294434,0.36243516206741333,0.5577862858772278,0.715711236000061,0.38534781336784363,0.31675752997398376,3.699730396270752,4.695645332336426,0.5176324248313904,0.4365702271461487,0.446789413690567,0.38223639130592346,,0.6476593613624573,0.24045193195343018,0.24750158190727234,1.2242683172225952,1.3940165042877197,1.2181284427642822,,,0.2286684215068817,2.465083360671997,,,,0.17706917226314545,0.6870297193527222,5.492303848266602,,,,0.21136853098869324,0.6642454862594604,,,,,0.12563757598400116,0.1676439493894577,0.2033105492591858,0.3196321129798889,0.3789706826210022,,,,0.11922993510961533,0.133327454328537,0.1558762937784195,0.15955710411071777,0.2772984504699707,0.3069173991680145,0.2750210464000702,0.17613108456134796,0.11213304847478867,
20180829,0.541377604007721,0.6939749121665955,0.46632638573646545,0.27561524510383606,0.3621937334537506,0.41454941034317017,0.3616805076599121,0.5637795329093933,,,0.3254536986351013,3.266223192214966,3.8186087608337402,0.4926561415195465,0.3810860812664032,0.4412399232387543,0.6096936464309692,0.9079286456108093,,,,1.6294212341308594,4.462995529174805,,,0.12310776859521866,0.2634195387363434,2.44148325920105,,0.349029541015625,0.13374045491218567,0.19212444126605988,0.9350517988204956,4.521695137023926,0.2763442099094391,0.12519975006580353,0.1909707933664322,0.2857098877429962,1.6857836246490479,,,,,,0.1745389848947525,0.24980689585208893,0.7282126545906067,,,,,,,,,,,,,,
20180830,,,,,,,,,,,,,,,,,,,,,,,,,,0.24599389731884003,,,,0.4884185194969177,0.25228726863861084,,,,0.7791544198989868,0.23880638182163239,,,,,12.67591667175293,0.6114349365234375,0.22951258718967438,,,,,7.43937349319458,4.871669292449951,0.4521113932132721,0.2093246728181839,,,0.22989867627620697,0.35813039541244507,0.7858114242553711,0.9556533098220825,0.7584258317947388,0.27330705523490906,0.21083001792430878,0.18719370663166046
20180831,,,,,,,,,,,,,,,,,,,,,,,,,,,,,,,,,,,,,,,,,,,,,,,,,,,,,,,,,,,,,
20180901,0.4610747992992401,0.40269309282302856,0.32670143246650696,0.2218896448612213,0.26049143075942993,0.35072648525238037,0.3339730203151703,0.5950180292129517,1.2310336828231812,0.5459357500076294,0.22401376068592072,,1.959153175354004,0.4626055359840393,0.3730407655239105,0.5282480120658875,0.5686585307121277,1.0590113401412964,1.1860127449035645,,0.1626330465078354,,2.3383748531341553,,,0.2029106318950653,0.1436583399772644,0.25481465458869934,,0.4781430959701538,0.2267579436302185,,0.14395424723625183,,0.49956974387168884,0.2347223311662674,0.12726309895515442,,0.2599925696849823,,,0.5209974050521851,0.21937307715415955,0.1343628615140915,0.12281724065542221,0.11425777524709702,,0.7500457763671875,0.7088336944580078,0.3006879687309265,0.16888439655303955,0.1386273056268692,0.13505025207996368,0.12130064517259598,0.13316822052001953,,,,,0.13001923263072968,0.12200918048620224
20180902,0.6819777488708496,0.7151544690132141,0.4124457538127899,0.26898643374443054,0.3016223907470703,0.36484503746032715,0.3350253403186798,0.6292495131492615,1.268284559249878,0.44139185547828674,0.2946361005306244,0.792758047580719,0.8044116497039795,0.5571234226226807,0.44804367423057556,0.5497154593467712,0.5864766836166382,1.2699456214904785,1.2425380945205688,0.2999718487262726,0.18618899583816528,0.4725662171840668,2.500572443008423,,0.35887542366981506,0.22653071582317352,0.15353988111019135,0.6442136764526367,,0.4428277909755707,0.20630602538585663,0.15651744604110718,0.28226858377456665,0.7320758700370789,0.4812368154525757,0.18861432373523712,0.14996182918548584,0.16748996078968048,0.3314239978790283,,2.1092469692230225,0.4839090406894684,0.1707938313484192,0.15258756279945374,0.14785566926002502,0.1606849581003189,0.21862532198429108,0.5627172589302063,0.3249107301235199,0.18968166410923004,0.12333934754133224,0.15923601388931274,0.14477618038654327,0.13055719435214996,0.13581396639347076,0.2974618971347809,0.2535974681377411,0.22008250653743744,0.15775950253009796,0.11080530285835266,0.1191520094871521
20180903,0.5708330869674683,0.6382122039794922,0.38297876715660095,0.20636126399040222,0.2548444867134094,0.3407596945762634,0.2923126220703125,0.45012950897216797,0.78807532787323,0.3802145719528198,0.3362337648868561,1.556826114654541,1.2233248949050903,0.4278395473957062,0.25379738211631775,0.39817413687705994,0.4560718238353729,0.7531844973564148,0.8312532901763916,,0.22038622200489044,0.6644786596298218,,,,0.18050172924995422,0.17021024227142334,1.0444855690002441,,,0.22477500140666962,0.15347658097743988,0.24465042352676392,0.7301990985870361,0.5726729035377502,0.2183818221092224,0.15588495135307312,0.14488287270069122,0.37520289421081543,,3.075396776199341,0.46880006790161133,0.21744774281978607,0.13658352196216583,0.14173659682273865,0.14794154465198517,0.28055673837661743,,1.163557767868042,0.31995639204978943,0.18878218531608582,0.13377797603607178,0.13966943323612213,0.1466272622346878,0.15775734186172485,0.21166130900382996,,0.22348552942276,0.19000156223773956,0.14263445138931274,0.13198614120483398
20180904,0.30895987153053284,,0.219399556517601,0.22899416089057922,0.31334125995635986,0.3934001922607422,0.31236204504966736,0.48551270365715027,,0.33464515209198,0.23845258355140686,,1.3046581745147705,0.41556304693222046,0.32329896092414856,0.4359399676322937,0.41529127955436707,0.6468502879142761,0.7178739309310913,0.3269987106323242,0.17760233581066132,,0.7553755044937134,,0.24048632383346558,0.20737715065479279,0.1602904051542282,0.15578903257846832,,0.27589869499206543,0.1991005539894104,,0.1468597650527954,,,,,,,,,0.34641095995903015,0.19668400287628174,,,,,,0.5371778011322021,0.30521950125694275,0.2053034007549286,,,,,,,0.251911997795105,0.22182652354240417,0.19390524923801422,0.19273430109024048
20180905,,,,,0.43946540355682373,0.4769236147403717,0.2931405305862427,0.5574706196784973,0.8686362504959106,0.5131217241287231,,,,,0.3042098581790924,0.6181313991546631,0.5838788747787476,0.6680258512496948,0.9181745052337646,0.4196244478225708,,,,,,,0.31126680970191956,0.7371076345443726,,,,0.2828778922557831,,,0.6698399186134338,,,,,,,,,,0.2767408490180969,,,,,,,0.3016378879547119,0.28771108388900757,0.1747814416885376,,,,,,,
20180906,,,,,,,,,,,,,,,,,,,,,,,,,,,,,,,,,,,,,,,,,,,,,,,,,,,,,,,,,,,,,
20180907,0.3268754780292511,0.4493264853954315,0.3965497612953186,0.3003658950328827,0.32010722160339355,0.3609091341495514,0.34271126985549927,0.707248330116272,1.3015187978744507,0.7875831127166748,0.36788210272789,1.8519545793533325,1.52800452709198,0.8468492031097412,0.4379957914352417,0.5446917414665222,0.6668498516082764,1.0904970169067383,1.0340595245361328,0.4845882058143616,0.22795778512954712,0.6589389443397522,2.517606019973755,,0.3870721161365509,0.35875752568244934,0.1998595893383026,0.33359336853027344,,0.4551587700843811,0.3171349763870239,0.18728899955749512,0.2713579833507538,1.0086801052093506,0.7573987245559692,0.31288936734199524,0.18191173672676086,0.17442238330841064,0.35841917991638184,,2.9210801124572754,0.7466082572937012,0.32216694951057434,0.18608245253562927,0.16595301032066345,0.18261994421482086,0.3599194884300232,1.5947901010513306,3.0077223777770996,0.6596958041191101,0.24303729832172394,0.17261646687984467,0.16750012338161469,0.18547731637954712,0.1928483247756958,0.4128551781177521,0.6298322677612305,0.6185550093650818,0.2826969623565674,0.21405939757823944,0.2102581262588501
20180908,,,,,0.3411964178085327,0.26418188214302063,0.23383979499340057,0.49946489930152893,0.640405535697937,0.457298219203949,,,,,0.35665181279182434,0.35039177536964417,0.3937374949455261,0.7549558877944946,0.9977813363075256,0.44345057010650635,,,,,0.4669039845466614,0.4821845591068268,,,,0.3953859806060791,0.3459700644016266,,,,0.7072871327400208,0.35296276211738586,,,,,,0.7124645709991455,0.4353969395160675,,,,,2.1624889373779297,1.4988665580749512,0.6525728106498718,0.259518563747406,,,,,0.3735755681991577,0.24056465923786163,0.31305837631225586,0.22547858953475952,0.2118271142244339,0.23376931250095367
20180909,,0.3456232249736786,0.35373440384864807,0.33060190081596375,0.30200836062431335,0.3164428174495697,0.29750099778175354,0.5529206991195679,,0.2200925350189209,,,,0.5709160566329956,0.47102418541908264,0.522417426109314,0.6677786707878113,0.8517449498176575,0.7002595067024231,0.32731616497039795,,,4.257746696472168,,0.4370515048503876,0.44995954632759094,,,,0.44248369336128235,0.31301093101501465,,,,0.8339035511016846,0.3170042335987091,,,,,2.012192726135254,0.44819146394729614,0.2382611483335495,,,,,0.4262692928314209,0.5351743698120117,0.37123584747314453,0.18592482805252075,,,,,,,0.43878066539764404,0.21953754127025604,0.19901078939437866,0.18626420199871063
20180910,,,,,,,,,,,,,,,,,,,,,,,,,,1.0805333852767944,,,,,0.8725506663322449,,,,,0.6950473189353943,,,,,,7.14829158782959,1.1057703495025635,,,,,,,1.0646559000015259,0.3976260721683502,,,,,,,0.6787996888160706,0.2987896502017975,0.2628133296966553,
20180911,,0.7081668376922607,0.7172402739524841,0.45545557141304016,,,,,,,,,4.139697551727295,1.157076358795166,,,,,,,,,,,,0.9289528131484985,0.36378347873687744,,,,,0.34127745032310486,0.343618780374527,,,,0.30443280935287476,0.2989400327205658,,,,,,,0.3306942880153656,0.362867534160614,,,,,,,,0.33091112971305847,0.32782167196273804,,0.7616785764694214,,,,
20180912,0.33527567982673645,0.39578625559806824,0.5132870674133301,0.3432465195655823,0.2883276641368866,0.2848809063434601,0.32303935289382935,0.7520370483398438,,0.5384945273399353,0.33570098876953125,1.4131051301956177,1.4677351713180542,0.6249309778213501,0.494920015335083,0.5581974387168884,1.1191556453704834,1.8456687927246094,1.3661495447158813,0.5062498450279236,0.19712921977043152,0.4892526865005493,3.3585736751556396,,0.8006105422973633,0.5386571288108826,0.1943041831254959,0.38925233483314514,,0.8424072861671448,0.5581861138343811,0.17815160751342773,0.18709902465343475,0.5358110070228577,2.03281831741333,0.4501568377017975,0.18078099191188812,0.18026521801948547,0.3857675790786743,,1.471348524093628,0.6705708503723145,0.5429214239120483,0.18257282674312592,0.18398025631904602,0.20288382470607758,0.2414119690656662,,0.2776218354701996,0.24914802610874176,0.3228907883167267,0.187225803732872,0.17998993396759033,0.176463782787323,,,,0.22681786119937897,0.17076930403709412,0.17665253579616547,
20180913,,,,0.2284560203552246,0.27325814962387085,0.3032206892967224,0.30024638772010803,0.6468819379806519,0.5540852546691895,0.5624720454216003,,,,,0.3221433162689209,0.48509714007377625,0.8485387563705444,1.135526180267334,0.6774486303329468,0.3275741934776306,0.18365538120269775,,,,0.3170199990272522,0.48966971039772034,0.1539243906736374,,,0.6368739604949951,0.6621353030204773,0.19056923687458038,0.17057520151138306,,1.0990198850631714,0.5563061237335205,,0.16300202906131744,,,2.3473615646362305,0.6913667321205139,0.6960650682449341,,,,,,0.41726064682006836,0.2871409058570862,0.34729015827178955,,,,,,0.1634402722120285,,0.17056319117546082,0.21446523070335388,0.24700404703617096
20180914,,0.5616076588630676,0.7431270480155945,0.40367406606674194,0.3447462320327759,0.34427860379219055,0.3428840637207031,0.7341762185096741,1.0754618644714355,0.6793511509895325,,,1.7462118864059448,0.852264404296875,0.5653811693191528,0.5963032841682434,0.9786922931671143,1.4842339754104614,1.389159917831421,0.4870864450931549,,,2.6963424682617188,,1.6754134893417358,0.7251861691474915,,,,,0.6772194504737854,,,,,,,,,,,,,,,,,7.662123680114746,3.9253907203674316,,,,,,,,,0.5731193423271179,0.2616726756095886,,
20180915,,,,,,,,,,,,,,0.4818248748779297,0.5189590454101562,,,,,,,,,,,,,,,,,,,,,,,,,,,,,,,,,,,,,,,,,,,,,,
20180916,0.4314136505126953,0.49767813086509705,0.5584156513214111,0.4160017967224121,0.3084681034088135,0.397846519947052,0.43505918979644775,0.7590101361274719,0.9170486330986023,0.47916197776794434,,,1.3468270301818848,0.8745234608650208,0.5992111563682556,0.6617103815078735,1.2118892669677734,1.516748070716858,2.500272035598755,0.4933571219444275,,,,,1.5504844188690186,0.4609018564224243,0.1426611840724945,0.22875939309597015,,0.7993412613868713,0.4905194640159607,0.14592210948467255,0.17613007128238678,0.47775799036026,1.8301923274993896,0.5106940269470215,0.13629229366779327,0.14837956428527832,,,,0.4909997880458832,0.3131292760372162,0.13203711807727814,0.1341816633939743,0.11935986578464508,,6.564984321594238,1.7317531108856201,0.36738142371177673,0.21255658566951752,0.12059041857719421,0.13207723200321198,0.10794324427843094,0.11132882535457611,,0.32710736989974976,0.32871273159980774,0.2337486445903778,0.1620897501707077,0.12697072327136993
20180917,,,,,,0.4143235683441162,0.42727208137512207,0.7209669351577759,,,,,,,,,0.6201007962226868,1.1371326446533203,1.0293217897415161,0.4927688241004944,,,,,,,,,,,,0.17978157103061676,,,,,,,,,,,0.338807612657547,,,,,,,,0.23601697385311127,,,,,,,,,,0.19363972544670105
20180918,0.4226202666759491,0.4259907603263855,0.49570104479789734,,,,,,,0.5344813466072083,0.36395907402038574,,1.538744330406189,,,,,,,0.4018440544605255,0.17127534747123718,,,,1.4692845344543457,0.39495667815208435,0.1629490852355957,,,3.503706693649292,0.44180193543434143,0.19405390322208405,0.17301644384860992,,2.754812479019165,0.5612250566482544,0.17710992693901062,0.1556396484375,,,,1.008288025856018,0.3665207326412201,0.16598930954933167,0.1407284140586853,,,,,,0.27805984020233154,0.14491698145866394,,,,,,0.18446126580238342,,,0.21363337337970734
20180919,0.3920495808124542,0.5099185705184937,0.5644362568855286,0.3745352029800415,0.26782551407814026,0.3872898817062378,0.38086026906967163,0.6073489189147949,1.063170313835144,0.4497096538543701,0.3702859878540039,1.839398980140686,1.1291974782943726,0.586911141872406,0.49359846115112305,0.5761401057243347,0.7325730919837952,0.8494713306427002,0.7384573221206665,0.40224355459213257,0.19554080069065094,0.6001210808753967,2.2138381004333496,,,,0.16519534587860107,0.33669060468673706,,0.5819955468177795,0.3664838671684265,0.17000886797904968,0.1728382259607315,0.6493192315101624,1.014396071434021,0.46692243218421936,0.17464424669742584,0.15967361629009247,0.2178795337677002,,,0.3348977267742157,0.33510616421699524,0.17837205529212952,0.16856640577316284,0.1478397101163864,0.300142765045166,1.6904724836349487,0.3978525996208191,0.24547068774700165,0.24755403399467468,0.1747453659772873,0.16515928506851196,0.15380725264549255,0.15650923550128937,0.2930063307285309,0.4186916947364807,0.3905535936355591,0.20951370894908905,0.1911138892173767,0.19813500344753265
20180920,,,,0.24290703237056732,0.18051762878894806,0.23703786730766296,0.3060735762119293,0.6315011978149414,1.0778471231460571,0.38565725088119507,,,,0.3059406280517578,0.396241694688797,0.5198202729225159,0.6369141936302185,0.806697428226471,0.8547202944755554,0.4468342065811157,,,,,0.5999276041984558,0.3574971854686737,,,,0.6104685664176941,0.34237173199653625,,,,,,,,,,,,0.3723658323287964,,,,,,,,,,,,,,,,,,
20180921,,,0.30087655782699585,0.2454504817724228,0.23966285586357117,0.3134211003780365,0.27920112013816833,0.40352097153663635,,0.23472389578819275,,,,0.38304561376571655,0.4303838312625885,0.7584028244018555,0.709787130355835,0.6927578449249268,0.684035062789917,0.3649013042449951,,,,,0.6853445172309875,0.392734169960022,,,,0.7119669318199158,0.34532904624938965,,,0.09029746055603027,0.7350504398345947,0.35607796907424927,,,0.09266544133424759,,6.17808198928833,0.621832549571991,0.3213542699813843,,,,,,,0.27363234758377075,0.2561546266078949,,,,,,,,,,
20180922,,,,,,,,,,,,,,,,0.8540178537368774,,,,,,,,,,,,,,,,,,,,,,,,,,,,0.2021304965019226,,,,,,,,0.18718524277210236,0.17843669652938843,0.17985355854034424,,,,,,,
20180923,0.4024107754230499,0.5238257646560669,0.6033975481987,0.3534882664680481,0.3406829237937927,0.38918155431747437,0.3832530677318573,0.6098594069480896,1.019710659980774,0.39031901955604553,0.4105765223503113,1.290592074394226,0.9741942286491394,0.5381733775138855,0.3592453896999359,0.422016978263855,0.4912470579147339,0.596760094165802,,0.2511495053768158,0.23902849853038788,0.7968396544456482,0.9021381735801697,,,0.28167712688446045,0.20043227076530457,0.6434295177459717,,,,0.17566683888435364,0.2027740776538849,1.198652744293213,,0.25644156336784363,0.1586775928735733,0.17823974788188934,0.6222469210624695,,,0.20535388588905334,0.24466949701309204,0.14268040657043457,,0.1544450968503952,,,0.3171117305755615,0.18109233677387238,0.20218029618263245,,0.14613404870033264,0.15725944936275482,0.19449388980865479,0.31093108654022217,0.3521833121776581,0.2991958558559418,0.18340547382831573,0.15975631773471832,0.16345742344856262
20180924,0.3690751791000366,,,,0.2203361541032791,0.28063639998435974,0.34481731057167053,0.5639117360115051,1.1032811403274536,0.3781551718711853,0.40527698397636414,1.5071289539337158,1.1162539720535278,0.6068235039710999,0.39082565903663635,0.5147549510002136,0.5273187160491943,0.6274672150611877,0.7288796305656433,0.4164949655532837,,,1.6244112253189087,2.175227403640747,1.102918267250061,0.39042890071868896,0.13587221503257751,0.29126399755477905,,0.818686306476593,0.41370058059692383,0.1846136897802353,0.20039916038513184,0.5537738800048828,1.3516314029693604,0.3239254355430603,0.1290566325187683,0.13590604066848755,0.23922455310821533,,1.6407512426376343,0.5352693796157837,0.2061803787946701,0.12700003385543823,0.14067569375038147,0.13945461809635162,0.203291654586792,,0.34324419498443604,0.15790235996246338,0.13837547600269318,0.11075163632631302,0.12289837002754211,0.1194780170917511,0.15515485405921936,0.27397799491882324,0.2519814372062683,0.2725427746772766,0.16736726462841034,0.12092422693967819,0.12331711500883102
20180925,0.365905225276947,0.4520575702190399,0.49402302503585815,,0.2811887860298157,0.25427380204200745,0.2970013916492462,0.38836631178855896,0.4017333388328552,0.39216485619544983,0.43119004368782043,0.9962968826293945,,0.5850889682769775,0.36148083209991455,0.40770840644836426,0.4223046898841858,0.4984644055366516,0.5627275109291077,0.39667508006095886,0.25789299607276917,0.8175452947616577,1.2098716497421265,,0.6679786443710327,0.4594223201274872,0.16185420751571655,0.7122259140014648,,0.7106463313102722,0.5607035756111145,0.1342974603176117,0.2082798033952713,0.44778504967689514,0.6358736753463745,0.3655729293823242,,0.16793736815452576,0.5121400356292725,,,0.3549748957157135,0.22489911317825317,,0.12991869449615479,0.1741948276758194,0.3157557547092438,,0.3746085464954376,0.17786665260791779,0.1825723946094513,,0.12167269736528397,0.11928758025169373,0.13114877045154572,0.19961172342300415,0.26686450839042664,0.2590619623661041,0.14142009615898132,0.13445882499217987,0.14328844845294952
20180926,0.37800008058547974,0.47268497943878174,0.5587272047996521,0.27429381012916565,0.24158261716365814,0.21668976545333862,0.23489663004875183,0.278691828250885,0.46811118721961975,0.2853279113769531,0.4557327628135681,3.278296947479248,2.940119504928589,0.34264931082725525,0.319457471370697,0.3380821645259857,0.30746176838874817,0.3907964527606964,0.42421793937683105,0.276115745306015,0.26560571789741516,0.6540712714195251,0.6062847971916199,,0.40495264530181885,0.32808607816696167,0.2514505386352539,2.8397488594055176,,0.4302442669868469,0.3109968900680542,0.2815885543823242,1.6000492572784424,,0.51437908411026,0.29772302508354187,0.26148584485054016,0.27926841378211975,2.443821430206299,,8.914937973022461,0.42021608352661133,0.23495545983314514,0.200062096118927,0.20667175948619843,0.2628166079521179,2.947540283203125,1.6807029247283936,1.1776920557022095,0.2397436648607254,0.21672391891479492,,,0.18548211455345154,0.369223952293396,1.1157315969467163,1.035085916519165,0.8124198913574219,0.23546648025512695,0.18782849609851837,0.1568513810634613
20180927,,,0.20351000130176544,0.2651408314704895,0.2678315341472626,0.2497130036354065,0.3177241086959839,0.4684559404850006,0.7709051370620728,0.5191938877105713,,,,0.31183233857154846,0.3121998608112335,0.3708067536354065,0.3728088438510895,0.49114376306533813,0.646984875202179,0.5391068458557129,,,,,0.7780141830444336,0.5671882629394531,,,,0.772659957408905,0.5360395312309265,,,,0.8898343443870544,0.4380328059196472,,,,,,0.7294327020645142,0.34029117226600647,,,,0.39132028818130493,,3.877530574798584,0.36613595485687256,0.28457605838775635,,,,,0.5315639972686768,0.6867175102233887,0.5131680369377136,0.34499841928482056,0.2244487851858139,0.22482258081436157
20180928,,0.426236093044281,0.5751539468765259,0.33909422159194946,,,,,,,0.24868996441364288,1.897104263305664,0.9508450031280518,0.48223549127578735,0.3769434690475464,0.4139714539051056,0.3817971646785736,0.4663941264152527,,,0.18037162721157074,0.35639891028404236,0.5829837918281555,,0.6492164731025696,0.5389888882637024,0.17309898138046265,,,,0.33556362986564636,0.1668405383825302,,,0.4447519779205322,0.33614587783813477,0.15161758661270142,,,,,0.41325458884239197,0.2943641245365143,0.16079777479171753,0.1921723634004593,0.22872662544250488,0.30115121603012085,7.506307125091553,0.6298065781593323,0.25724971294403076,0.23638662695884705,0.16526468098163605,0.18226122856140137,0.18532876670360565,0.20803511142730713,0.32284119725227356,0.28727957606315613,0.36746689677238464,0.25026097893714905,0.19102370738983154,0.20742549002170563
20180929,,0.36064139008522034,,,0.2319086790084839,0.2664978802204132,0.3374149203300476,0.5123616456985474,0.9545354247093201,0.4498841464519501,0.29613131284713745,,,,0.27858662605285645,0.38501885533332825,0.39664027094841003,0.5116594433784485,0.583990752696991,0.4170689582824707,0.18676762282848358,,,,,0.36358290910720825,0.1684938222169876,0.24743159115314484,,0.48760366439819336,0.3944858908653259,0.1788153201341629,0.28728827834129333,,1.6951102018356323,0.31864550709724426,0.1425204873085022,,,,,,0.27413082122802734,0.1300812065601349,,,,,,,,0.10465389490127563,,,,,,,,,
20180930,,,,,,0.23703140020370483,0.2986808717250824,0.49570125341415405,0.729235053062439,0.4454346001148224,,,,,0.3609570860862732,0.43501049280166626,0.4227769672870636,0.6007850170135498,0.6951473951339722,0.4894433617591858,,,0.5795882940292358,,0.6869240999221802,0.3788590431213379,,,,0.6735209226608276,0.42750439047813416,,,,0.625603437423706,0.43755829334259033,,,,,4.422119617462158,0.5138373374938965,0.33811089396476746,,,,,,0.8373085856437683,0.31562674045562744,0.274418443441391,,,,,,,0.4816367030143738,0.28933966159820557,0.20716427266597748,0.19032512605190277
20181001,0.2929151952266693,0.5009794235229492,0.5499992370605469,0.2765694260597229,,,,,0.5909284353256226,0.3671247065067291,0.3421395719051361,1.5705841779708862,0.7406448125839233,0.47909578680992126,0.3671337366104126,0.3639589548110962,0.3628455102443695,0.40990152955055237,0.5451685190200806,0.3713643550872803,0.25860702991485596,1.180808424949646,0.4573860168457031,,,0.4359009563922882,,,,,0.46397843956947327,,,,,,,,,,,,0.3785965144634247,,,,,,,,0.36202579736709595,,,,,,,,,,0.22010517120361328
20181002,0.35888007283210754,0.3444487452507019,,0.3288978934288025,0.3222424387931824,,,,,,,,2.35530948638916,0.5881689190864563,,,,,,,,,,,,,,,,,,,,,,,,,,,,0.3444961905479431,0.4248739182949066,,,,,,,0.3279809355735779,0.529822051525116,,,,,,0.2740081548690796,0.26198139786720276,0.22901570796966553,0.2523577809333801,0.3168971836566925
20181003,0.2620159089565277,0.6576444506645203,0.7445979714393616,0.3169551491737366,0.2735057473182678,0.26345551013946533,0.3130177855491638,0.4789324998855591,0.5452812910079956,0.4032459259033203,0.22157509624958038,1.9072309732437134,1.347454309463501,0.5352599024772644,0.34039828181266785,0.3404502272605896,0.36478284001350403,,,,0.2078697383403778,0.34594568610191345,0.8355757594108582,,,,0.22386595606803894,0.26995348930358887,,,0.41023507714271545,,,0.4912104904651642,0.47150924801826477,0.4959350526332855,0.18440468609333038,,0.2703379690647125,,,0.44307205080986023,0.47042930126190186,0.18536695837974548,0.1836988776922226,,0.2440582811832428,,,0.30762284994125366,0.3685902953147888,0.1731538027524948,0.20968256890773773,,0.22041180729866028,0.25908592343330383,0.2174573540687561,0.2652832269668579,0.265649676322937,,0.2760842442512512
20181004,,,,0.21634313464164734,0.21257750689983368,0.21564842760562897,0.2849295735359192,0.4161747992038727,0.6058508157730103,0.42229264974594116,,,,,0.265552282333374,0.30773085355758667,0.3732544779777527,0.5009850263595581,0.6176530718803406,0.37971746921539307,,,0.8272903561592102,0.7972972989082336,0.7652854919433594,0.3979703485965729,,,,0.5498276948928833,0.40264564752578735,0.25727275013923645,0.3794178068637848,,0.6819749474525452,0.43368783593177795,0.2508617043495178,0.25479137897491455,0.28422266244888306,,2.0351641178131104,0.4732537269592285,0.3531761169433594,0.23176999390125275,0.2558940052986145,0.25493499636650085,0.22921951115131378,,0.4114924669265747,0.2976570129394531,0.2804975211620331,0.17862378060817719,0.18812836706638336,0.18220748007297516,0.19436447322368622,0.22930128872394562,,,,,0.17407965660095215
20181005,0.4019068479537964,0.726980447769165,0.4677278697490692,0.20050100982189178,0.1625240594148636,0.17079046368598938,0.2546059489250183,0.3575226366519928,0.7086418867111206,0.5098292231559753,0.4529469609260559,1.3173139095306396,1.0814157724380493,0.3875553607940674,0.23048774898052216,0.20190680027008057,0.27029359340667725,0.44167977571487427,0.5161974430084229,0.3527420461177826,0.304138720035553,0.8699174523353577,0.4878848195075989,,,0.360526978969574,0.30051252245903015,1.109523892402649,,0.43272852897644043,0.3840648829936981,0.25872334837913513,0.7418339252471924,6.3978962898254395,0.6272530555725098,0.4555855989456177,0.23758383095264435,0.36305809020996094,1.5470637083053589,,2.7798173427581787,0.5644779801368713,0.49119555950164795,0.23090608417987823,0.30757197737693787,0.358948677778244,0.5219866037368774,9.086181640625,3.547499179840088,0.4572646915912628,0.42035093903541565,0.23579572141170502,0.25683966279029846,0.280599981546402,0.3032304048538208,0.3581559360027313,0.2618281841278076,0.3830088973045349,0.3228696882724762,0.3302101790904999,0.31845811009407043
20181006,0.39707058668136597,0.840021550655365,0.5097469091415405,0.1933811753988266,0.1427305042743683,0.156804159283638,0.21313101053237915,0.3139019012451172,0.6835814118385315,0.5086174011230469,0.5660083293914795,1.9022216796875,1.0808286666870117,0.36736777424812317,0.22460566461086273,0.2467591017484665,0.2785000503063202,0.3825320899486542,0.5437074899673462,0.38393211364746094,0.3144184947013855,0.44442930817604065,0.629235565662384,,0.5107234120368958,0.4855785369873047,0.3593273460865021,0.7799429297447205,,0.4469996988773346,0.45786142349243164,0.3766634166240692,0.6910645365715027,2.17108154296875,0.608497679233551,0.4154382050037384,0.3392421007156372,0.44427257776260376,1.3199151754379272,,1.3196831941604614,0.4616566300392151,0.3945290744304657,,,,,,,0.360333114862442,0.30531129240989685,,,,,,,,,,
20181008,0.5509710311889648,0.6491739153862,,0.12238669395446777,0.11725778877735138,0.14391952753067017,0.22598709166049957,0.38983696699142456,0.5378787517547607,0.6838932633399963,0.6609423756599426,,,,0.15470953285694122,0.21758659183979034,0.26411113142967224,0.38328254222869873,0.8010875582695007,0.6995536088943481,,,,,0.6368608474731445,0.6024380922317505,,,,,0.6863723993301392,,,,,0.5728719234466553,,,,,,,,,,,,,,,,,,,,,,,,,
20181009,,0.6707600355148315,0.43235188722610474,0.1560087949037552,0.12445253878831863,0.13483449816703796,0.18860431015491486,0.3130589723587036,,,,,0.9312098026275635,0.31329774856567383,0.21103432774543762,0.2144458144903183,0.2070172280073166,,,,0.33589956164360046,,0.6657864451408386,,,,0.39672645926475525,,,,,0.3433392345905304,0.5349225997924805,0.4372336268424988,,,0.3845176696777344,0.44741198420524597,0.48920419812202454,,,,,0.3853718638420105,0.4294149577617645,0.45589134097099304,0.37165504693984985,,,0.30608806014060974,,0.3740141689777374,0.38614463806152344,0.390583872795105,0.4181309640407562,0.3329653739929199,0.2925644814968109,0.22219176590442657,0.2715565860271454,0.3672834634780884,0.35139402747154236
20181010,0.5877535939216614,0.6816185712814331,0.37153294682502747,0.20912867784500122,0.1481381058692932,0.16163672506809235,0.300870418548584,0.4706955850124359,,,0.8152218461036682,2.072654962539673,1.715544581413269,0.3542497754096985,0.24601374566555023,0.269233763217926,0.20700272917747498,0.4705083668231964,,,0.4269762635231018,1.0465153455734253,0.5567540526390076,,,,0.46652621030807495,1.6294019222259521,,,,0.41495728492736816,1.4799667596817017,2.0683438777923584,0.4606661796569824,,0.34543099999427795,0.5159640312194824,1.1273037195205688,,,,,,0.3848665952682495,0.5555608868598938,1.7126156091690063,,,,,,,,0.539894700050354,1.4948190450668335,0.6841410398483276,,,,
20181011,,0.5450978875160217,0.3300529420375824,0.1500353366136551,0.1314224898815155,0.15689972043037415,0.32022184133529663,0.46511512994766235,0.563782811164856,0.32750022411346436,0.4667350649833679,1.0068708658218384,0.8211983442306519,0.30886930227279663,0.23405033349990845,0.2583249509334564,0.27135759592056274,0.4525003433227539,0.6236090064048767,0.4070773422718048,0.420931875705719,1.0886890888214111,0.4994080364704132,0.521001398563385,0.6151480674743652,0.3112601041793823,0.392550528049469,1.2869632244110107,,0.8398717641830444,0.2470819652080536,0.5123056769371033,0.992258608341217,1.529831886291504,1.8601903915405273,,,0.421861469745636,0.6702865958213806,,2.1167516708374023,0.43317103385925293,,,,0.6054559350013733,0.6922578811645508,3.141587972640991,0.6412044763565063,,,,,,,0.6164949536323547,0.6178076267242432,0.3639056086540222,,,
20181012,0.48727351427078247,0.49897152185440063,0.29899346828460693,0.14819347858428955,0.1034557893872261,0.10809748619794846,,,,0.28320005536079407,0.7949405312538147,0.958936333656311,0.9672838449478149,0.2604771554470062,0.16545797884464264,0.17262840270996094,0.1560017615556717,0.3225843906402588,0.37213408946990967,0.2698020339012146,0.6067230701446533,1.6150741577148438,0.3067653179168701,,,,0.5706480741500854,2.209643840789795,,,,0.4855867922306061,1.5615004301071167,5.321424961090088,,,0.38499265909194946,0.46714136004447937,0.6609265208244324,,,,,0.37232711911201477,0.41047629714012146,0.6278702616691589,1.2726984024047852,0.9343282580375671,0.29788562655448914,,,0.27308547496795654,0.32955941557884216,0.3661642074584961,0.5354552268981934,0.6398953795433044,0.4592586159706116,0.43458789587020874,0.25363701581954956,,
20181013,0.4360504746437073,0.48076754808425903,0.29243847727775574,0.163985937833786,0.13054779171943665,0.15897582471370697,0.39214879274368286,0.4865306615829468,0.7472587823867798,0.6816483736038208,0.8915450572967529,1.2613309621810913,1.0041900873184204,0.23868431150913239,0.18532711267471313,0.29662707448005676,0.3169015944004059,0.5663512349128723,0.8716826438903809,0.8451239466667175,0.7951310873031616,1.0726593732833862,,,0.6641653180122375,0.8735520243644714,0.7114963531494141,1.1417475938796997,,2.1571407318115234,0.6639000773429871,0.5085868835449219,1.0344610214233398,2.74723744392395,2.0627248287200928,0.4875510632991791,0.43436524271965027,0.5092249512672424,0.6891144514083862,,,0.9036890864372253,0.3788693845272064,0.4356882572174072,0.45850151777267456,0.6557999849319458,1.1811083555221558,,3.409381628036499,0.5321831107139587,0.40882402658462524,0.4094533622264862,0.42872950434684753,0.44609105587005615,0.6912778615951538,0.9888541102409363,0.8236849308013916,0.7481592893600464,0.6830516457557678,0.4482640027999878,0.4432799816131592
20181014,,,0.2237437516450882,0.14685550332069397,0.1230475902557373,0.16904953122138977,0.35018908977508545,0.559363603591919,0.7054926753044128,0.8059682846069336,0.907074511051178,,,,0.24437011778354645,0.2667308747768402,0.31502312421798706,0.5248856544494629,0.7855845093727112,0.7084863185882568,0.6129862070083618,,,,,0.9139613509178162,,3.856595754623413,,,0.6303979754447937,0.6524422764778137,0.9428181052207947,3.8154029846191406,0.700299084186554,0.49566349387168884,0.4297417402267456,0.4794687032699585,0.5128300786018372,,2.6829264163970947,0.5166923403739929,0.43052375316619873,0.4882556200027466,0.39148077368736267,0.429412305355072,,11.823527336120605,0.9669891595840454,,,0.36688631772994995,0.36515840888023376,0.42374512553215027,0.5028200745582581,0.6048092842102051,0.5740011930465698,0.590912938117981,0.6084019541740417,0.48681455850601196,
20181015,,,,0.12625598907470703,0.12514157593250275,0.16991503536701202,0.31682464480400085,0.6001397967338562,,,,,,0.36885151267051697,0.25437110662460327,0.25735706090927124,0.30465957522392273,,,,,,0.5724570155143738,0.6112363338470459,,,,,,,,,,,2.0861294269561768,,,,,,,1.4983463287353516,0.709145188331604,,,,,,1.0565983057022095,0.6984671950340271,0.5301494002342224,,,,,,,,0.7971975803375244,0.5818014144897461,0.49973416328430176
20181016,,,,,,,0.38838645815849304,0.8616313934326172,1.8857005834579468,0.9189414978027344,,,,,,,0.32955285906791687,0.4355539083480835,1.052807092666626,0.8919249176979065,,,,,1.5689148902893066,0.9552940726280212,,,,1.1183066368103027,1.1951005458831787,,,,2.031764030456543,1.22771155834198,,,,,,,1.235799789428711,,,,,,,1.097311019897461,0.6507997512817383,,,,,,,,,0.6171835660934448,0.6188286542892456
20181017,0.15305806696414948,,,,,,,,,,,,,,,,,,,,,,,,,,,,,,,,,,,,,,,,,,,,,,,,,,,,,,,,,,,,
20181018,,,,,,,,,,,,,,,,,,,,,,,,,,1.209904432296753,,,,,2.3073196411132812,,,,,1.6722275018692017,,,,,,1.8732378482818604,1.3951729536056519,,,,,,,,,,,,,,,0.16763637959957123,,,
20181019,,,,,,0.22000864148139954,0.2526441514492035,0.47194904088974,,,,,,,0.23074007034301758,0.23857469856739044,0.29518991708755493,,,,1.3419500589370728,1.124957799911499,,,,1.4488699436187744,1.2086530923843384,1.1302698850631714,,0.9340605139732361,1.7322824001312256,0.7260265946388245,0.6958140134811401,2.69730281829834,0.8570138216018677,1.3559422492980957,0.5181925296783447,0.5432900786399841,0.6668698787689209,,,1.1872293949127197,1.29758620262146,0.5164135098457336,0.5178344249725342,0.4863767623901367,0.5559892058372498,,0.6139615178108215,1.2634541988372803,1.948803424835205,,,0.3789760172367096,0.5022116899490356,0.6695067286491394,,,,0.589177131652832,0.9571070075035095
20181020,0.3747953772544861,0.4237845242023468,0.26493531465530396,0.1495925337076187,,,,,,,0.44540879130363464,2.096961498260498,,0.277242511510849,0.268753319978714,,,,,,0.6158983707427979,0.4562169313430786,,,,,0.6631646156311035,0.5018414258956909,,,,0.5555313229560852,0.45051297545433044,1.1193386316299438,,,0.4230421185493469,0.43176212906837463,0.4384751617908478,,,,,0.44373616576194763,0.4535905718803406,0.3699131906032562,,,,,,0.39382022619247437,0.3301304578781128,0.4430098533630371,0.383695513010025,0.3977596163749695,,,,,1.1835815906524658
20181021,0.21065226197242737,,0.1256715953350067,0.07558070868253708,0.11626139283180237,0.18117645382881165,0.2630195915699005,0.5696927905082703,,0.6238303184509277,0.18862630426883698,,,,0.24646103382110596,0.2815229594707489,0.34219810366630554,0.38166022300720215,,,0.30363062024116516,,,,,0.35826969146728516,0.3857298791408539,,,0.7773213982582092,0.9945245385169983,0.38934507966041565,0.2417166829109192,,1.3193199634552002,1.2181718349456787,0.2435818463563919,0.22891977429389954,,,2.946707010269165,1.262751817703247,1.2420783042907715,0.21398915350437164,,,,10.165116310119629,1.2396587133407593,1.2461990118026733,1.327177882194519,,0.17065387964248657,,,,0.445306658744812,0.422494500875473,0.6527462005615234,0.8758430480957031,1.1044659614562988
20181022,,,,0.1160639077425003,0.11372673511505127,0.16559278964996338,,0.5576603412628174,,,,,,0.2673876881599426,0.2214493751525879,0.2385040670633316,0.2256128042936325,0.3934055268764496,0.5629899501800537,,1.0803040266036987,,,,,,1.0480979681015015,,,,,0.9419969916343689,0.8170077800750732,,,,0.5985848307609558,0.6353702545166016,0.5967512130737305,,,,,0.4794027507305145,0.48471298813819885,0.5712038278579712,0.7594062685966492,,1.6055517196655273,1.6263048648834229,,0.3855109214782715,0.3377159535884857,0.4705645740032196,0.5299240350723267,0.6427338719367981,,,,1.8056823015213013,
20181023,0.33953359723091125,0.4404609799385071,0.1437004953622818,0.10054261982440948,0.0977216437458992,0.12931455671787262,0.14546580612659454,,,,0.38906216621398926,,,0.2221183478832245,0.20596735179424286,0.2310720682144165,0.21676070988178253,0.2942766547203064,,,1.2695392370224,,,,,,0.9148695468902588,,,,,0.9026740193367004,0.9213619232177734,0.409487247467041,,,0.6656356453895569,0.7103909850120544,,,,,,0.44167277216911316,0.5187421441078186,0.5968138575553894,,,,0.42920732498168945,,0.3805299997329712,,0.48496106266975403,0.5297827124595642,,,,,,
20181024,0.40703168511390686,0.48754605650901794,0.18110235035419464,0.11626715213060379,0.10221723467111588,0.15461257100105286,0.21108365058898926,0.43571311235427856,,0.6435371041297913,0.40100058913230896,2.25647234916687,0.5534812211990356,0.28646811842918396,0.23657867312431335,0.2453141212463379,0.2944396138191223,0.36828598380088806,0.6668868660926819,0.7817109227180481,1.0743122100830078,0.6728634834289551,0.5974279642105103,,1.1670974493026733,0.719395101070404,1.1503407955169678,0.7766720056533813,,1.5184968709945679,0.7346749305725098,0.9480913281440735,0.9418979287147522,1.735727310180664,1.33224618434906,0.8293152451515198,0.5621764659881592,0.7594372630119324,0.9219005703926086,,,,,0.3864966332912445,0.42431920766830444,0.5728466510772705,0.6495747566223145,,,2.2185218334198,1.4979180097579956,0.2709670066833496,0.24566218256950378,0.39821553230285645,0.3642226755619049,0.42943400144577026,0.576689600944519,0.7487496137619019,,,1.5999895334243774
20181025,,0.45842456817626953,,,,,,,,,0.2873426079750061,2.1424028873443604,1.7785208225250244,0.22665292024612427,,,,,,,,0.5211281180381775,,,,,0.7940763831138611,,,,,0.8742685914039612,0.8019202947616577,,,,,,,,,,,,,,,,,,,,,,,,,,,,
20181026,,,,0.1022193431854248,0.09467247128486633,0.15759849548339844,0.22110581398010254,0.38705193996429443,,,,,1.4011335372924805,0.2773805856704712,0.22313299775123596,0.23703420162200928,0.24776066839694977,,,,0.6837952136993408,0.5060458183288574,,,,0.7920929193496704,0.5551998019218445,,,1.431304931640625,0.7953487038612366,0.71217942237854,0.6416226029396057,,0.8084231019020081,0.7593693137168884,,0.5737727880477905,,,,,,,,,,,,0.702583909034729,0.8668628334999084,,,,,,,,,,
20181027,,,,,,,,,,,,,,,,,,,,,,,,,,,0.988863468170166,,,,,0.9329193234443665,,,,,0.6021344065666199,,,,,,,0.41109684109687805,0.3873831629753113,,,,,,,0.3738834261894226,,0.3301810920238495,,,,,,,
20181028,0.21906493604183197,0.2388259768486023,0.22362704575061798,0.0860687717795372,0.08740803599357605,0.1438145637512207,0.18168935179710388,0.4519962966442108,1.1970374584197998,0.6073034405708313,,,,0.23136861622333527,0.2045164704322815,0.21931035816669464,0.32120823860168457,0.45216137170791626,0.7986084818840027,0.5524953007698059,,,0.4131093919277191,,0.7847962975502014,0.5597100257873535,,,,,0.5260245203971863,,,,,,,,,,,0.6326094269752502,0.42638471722602844,,,,,,,0.48670685291290283,,0.22888998687267303,,,,,,,,,
20181029,0.4380626678466797,0.47842419147491455,0.25701385736465454,0.1101667657494545,0.08655112236738205,0.16214993596076965,0.2502400875091553,0.43454840779304504,0.7755993604660034,0.7434273362159729,0.4391155242919922,1.4263153076171875,0.7538543939590454,0.2628747224807739,0.2280709147453308,0.2503698170185089,0.31407657265663147,0.4914526343345642,1.1030633449554443,0.7924978733062744,0.6808952689170837,0.7601957321166992,0.41511601209640503,,1.2623815536499023,0.9048874974250793,0.7138853073120117,,,1.5408543348312378,0.7686008810997009,0.8443337082862854,,,3.418628454208374,0.6773219704627991,,0.8497913479804993,0.9838892817497253,,4.30805778503418,2.122006416320801,0.6239404082298279,,0.7390768527984619,0.8137631416320801,0.8101922869682312,7.8943281173706055,2.4656331539154053,1.7624671459197998,0.7666360139846802,,0.5617393255233765,0.7776947021484375,0.6781376004219055,0.4421391487121582,0.5679159760475159,0.5754974484443665,0.6132045388221741,0.5483789443969727,0.6302111148834229
20181030,0.26205843687057495,0.31387537717819214,0.17803378403186798,0.09585557132959366,0.0690455362200737,0.1238776296377182,0.1862872987985611,0.5201666355133057,,1.3235176801681519,,,,0.2115165740251541,0.1967887133359909,0.2188611477613449,0.27879440784454346,0.4648575186729431,1.0018749237060547,,,,0.4406450092792511,,1.5211633443832397,,,,,1.0267090797424316,1.0047528743743896,,,,,0.8042019605636597,,,,,,,,,,,,,0.31749629974365234,,0.5827776789665222,,,,,,,,,,
20181031,0.45515674352645874,0.5172690749168396,0.25609076023101807,0.11049038916826248,0.08430390059947968,0.14676281809806824,0.2132943570613861,0.4789365530014038,0.8770968317985535,0.9922584891319275,0.4647718667984009,2.0975027084350586,0.8175777196884155,0.2832489311695099,0.21700572967529297,0.24519947171211243,0.29372283816337585,0.4120772182941437,0.881650984287262,0.736098051071167,0.5959302186965942,1.013776421546936,0.6006579399108887,1.2690571546554565,,0.6930975914001465,0.6988403797149658,0.739639401435852,,0.6854642033576965,0.6620891094207764,0.7346532344818115,0.6064257025718689,3.4569671154022217,1.3124597072601318,0.624918520450592,0.9095980525016785,0.8045467734336853,0.6916947960853577,,,0.839817464351654,0.5637324452400208,0.7469152212142944,0.8222833871841431,0.8081218004226685,1.0494918823242188,,0.6280167698860168,0.8007301688194275,0.7256884574890137,0.6925939917564392,0.5993134379386902,0.8283078074455261,0.7408948540687561,0.4378683567047119,0.39299339056015015,0.39607322216033936,0.66954106092453,0.6902667284011841,0.7210594415664673
20181101,,,,,,,,,,,,,,,,,,,,,,,,,,,,,,,,,,,1.3238024711608887,,,,,,2.2602579593658447,1.1551692485809326,,,,,,2.3473243713378906,0.8094063401222229,,,,,,,,,0.2940691113471985,0.6069977283477783,0.8352840542793274,
20181102,0.3756730556488037,0.3841463029384613,0.20378120243549347,,,,,,,,0.3512006998062134,0.4443148374557495,0.2518583834171295,0.21644169092178345,0.21168334782123566,,,,,,0.355947345495224,0.4389919638633728,0.3894171416759491,,,,,0.4162555932998657,,,,,,,0.8432707190513611,,,,,,,0.5988080501556396,0.5419622659683228,,,,,,,,,,,,,,,,,,
20181103,,,,,,,,,,,,,,,,0.5255691409111023,0.6265043616294861,,,0.5840720534324646,,,,,0.6145482063293457,0.7925551533699036,,,,1.7546265125274658,0.7779399752616882,,,,0.9025993347167969,0.5332829356193542,,,,,,0.5603383183479309,0.5398464798927307,,,,,,,0.43927252292633057,0.45948654413223267,,,,,0.3129502832889557,,,,,
20181104,0.4693619906902313,0.593197762966156,,,,,,,,,,,,,,,,,,,,,,,,,,,,,,,,,,,,,,,,,,,,,,,,,,,,,,,,,,,
20181105,,,,,,,,,,,,,,,,,,,,,,,,,,,,,,0.2747235596179962,0.3585051894187927,,,,0.279221773147583,0.28187862038612366,,,,,,0.48120999336242676,0.4302029609680176,,,,,,,0.37140440940856934,0.5373750925064087,,,,,,,,,,
20181106,,,,,,,,,,,,,,,,,,,,,,,,,,,,,,,,,,,,,,,,,,,,,,,,,,,,,,,,,,,,,
20181107,,,,,,,,,,,,,,,,,,,,,,,,,,,0.3240489661693573,0.22321312129497528,,0.6261600255966187,0.5670135021209717,0.43580198287963867,0.2845820188522339,,0.46157339215278625,,0.48275133967399597,0.4875158667564392,0.2826818525791168,,,,,0.31674766540527344,0.33819741010665894,0.22228902578353882,,,,,,0.27828240394592285,0.31974300742149353,,,,,,,,
20181108,,,,,,,,,,0.4720149040222168,,,,,,,,0.47901642322540283,0.7604424357414246,0.5572080016136169,,,,,,0.5409935712814331,,,,,,,,,,,,,,,,0.22928081452846527,0.3166194260120392,,,,,,,,0.38759756088256836,,,,,,,0.24518737196922302,0.2508610486984253,0.3287944793701172,
20181109,0.3754415512084961,0.5195361971855164,,,,0.13410107791423798,,,,,,1.0236339569091797,0.3024440407752991,0.20701731741428375,0.16725502908229828,0.16180419921875,0.3659207820892334,,,,0.2564198672771454,,,,,,0.3269771933555603,0.36871057748794556,,,0.5773083567619324,0.37220412492752075,0.36871829628944397,0.9360653162002563,,,0.5369804501533508,0.5677477717399597,0.4751672148704529,,,,0.36823955178260803,0.4932437539100647,0.6236613988876343,0.6008471846580505,,,,,,0.41929224133491516,0.5473333597183228,0.6338158249855042,,,,,,,
20181110,,,,,0.08002568036317825,0.13198502361774445,0.17300748825073242,0.33326438069343567,0.6503379940986633,0.3906281590461731,,,,,0.1507771909236908,0.18630452454090118,0.3743520677089691,,0.9270859956741333,0.5964498519897461,,,,,1.1599615812301636,0.7221624851226807,,,,0.7394970059394836,0.6433219909667969,,,,0.5077980160713196,0.4805196225643158,,,0.3713929355144501,,,0.3809126913547516,0.41072705388069153,,,,,,,0.3863503038883209,0.5740034580230713,,,,0.533231794834137,,,0.33374524116516113,,0.3932568430900574,0.6258705258369446
20181111,0.43504729866981506,0.5549017786979675,0.28905999660491943,0.13880279660224915,0.11863067746162415,0.16059096157550812,0.22516173124313354,0.5320216417312622,1.4159542322158813,0.3233562707901001,0.4587489366531372,1.6427792310714722,,0.20796383917331696,0.20134544372558594,0.21681495010852814,0.37422746419906616,0.429279088973999,0.8812578916549683,0.5307378768920898,0.3903051018714905,1.757088303565979,0.6076279282569885,,1.0240358114242554,0.6598570346832275,0.4635964035987854,1.2296072244644165,,0.9721813201904297,0.5917727947235107,0.5705558061599731,0.44873538613319397,12.291547775268555,1.2387851476669312,0.6225001215934753,0.8809674978256226,0.7068088054656982,0.9098464250564575,,2.2119548320770264,0.9245458245277405,0.5087772011756897,0.7185029983520508,1.1021240949630737,0.7435174584388733,1.156701683998108,7.894497871398926,1.0481102466583252,0.6290356516838074,0.7096300721168518,0.5668941736221313,0.946291446685791,1.2957745790481567,1.1347969770431519,0.8931131362915039,0.7000654935836792,0.5876061320304871,0.7689915299415588,0.7538735866546631,0.7494903206825256
20181112,,,,,,,,,,,,,,,,,,,,,,,,,,,,,,,,,,,,,,,,,,,,,,,,,,,,,,,,,,,,,
20181113,,,,,,,,,,,,,,,,,,,,,,,,,,,,,,,,,,,,,,,,,,,,,,,,,,,,,,,,,,,,,
20181114,,,0.13201862573623657,0.09793316572904587,0.12009048461914062,0.1630268692970276,0.2128283828496933,0.3064596652984619,,0.3523402810096741,,,0.24153675138950348,0.12381593883037567,0.15297189354896545,0.18638359010219574,0.3019280731678009,0.37100937962532043,1.0778740644454956,0.3573213219642639,,,0.3231832683086395,,,,,,,,,,0.4830518662929535,0.7549139857292175,,,1.0932021141052246,0.6445096135139465,0.4716150164604187,,,,,,,,,,,,,,,,,,,,,,
20181115,0.44886860251426697,0.49538394808769226,0.2501441538333893,0.11265251040458679,0.1338772177696228,0.16329659521579742,0.21322377026081085,0.34818708896636963,0.6037524938583374,0.49350064992904663,0.4781974256038666,1.844369649887085,0.6013237833976746,0.18909579515457153,0.15686318278312683,0.18871404230594635,0.27800190448760986,0.32653722167015076,,0.46815356612205505,0.4005047082901001,0.5531346201896667,0.4127713143825531,,,0.5105251669883728,0.5444252490997314,0.6163569688796997,,,0.4159179627895355,0.7510902881622314,0.5744360685348511,2.1964142322540283,0.5378298163414001,0.37977200746536255,0.8444314002990723,0.7548723220825195,0.8190687894821167,,,0.4464150667190552,0.5726489424705505,0.9587454795837402,1.0093525648117065,0.6809887290000916,0.9763223528862,0.7812985181808472,0.770129382610321,0.702624499797821,0.7688496112823486,0.5673118829727173,0.8681279420852661,1.0475773811340332,0.9772580862045288,0.7951464056968689,0.6243484616279602,0.5558176636695862,0.8538483381271362,0.9330218434333801,0.748198390007019
20181116,0.43811166286468506,0.48768818378448486,,,,,,,,,0.49456650018692017,,,,,,,,,,0.3538496792316437,,,,,,0.4483814537525177,,,,,0.4977342188358307,,,,,,0.4968094229698181,,,,,,,,0.39343932271003723,,,,,,,,,,,,,,,
20181117,,,,0.10843504965305328,0.14863798022270203,0.17158563435077667,0.2279810607433319,0.38710179924964905,1.2025924921035767,0.5353952646255493,,,,,,,,,0.6603482961654663,0.4320885241031647,,,,,0.4872620105743408,0.4115673303604126,,,,0.9105027914047241,0.3514985740184784,0.9388734698295593,,,1.4064788818359375,0.37226173281669617,0.936099648475647,0.9167988896369934,,,,,0.5718721747398376,,0.9704988598823547,,,,,,,,,,,,,,,,
20181118,0.4038812816143036,0.4299137592315674,0.1898924708366394,0.10185617208480835,0.1458854079246521,0.16832196712493896,0.20812168717384338,0.4621617794036865,,,0.42453300952911377,0.7316102981567383,0.5085620880126953,0.16975805163383484,0.15251749753952026,0.18449631333351135,0.244186133146286,0.26997143030166626,0.46458950638771057,0.35637950897216797,0.34057241678237915,0.5844152569770813,0.3587147891521454,,,0.38174235820770264,0.3887675404548645,0.425986111164093,,,,0.6590442657470703,0.8920161128044128,2.7137794494628906,,,0.8667417168617249,0.9220912456512451,1.0579675436019897,,1.2085732221603394,,0.5151764750480652,0.6546705961227417,1.2708312273025513,0.7447149157524109,1.2178946733474731,1.7993496656417847,0.6357771158218384,0.7437837719917297,0.8977677226066589,0.828810453414917,1.4153985977172852,1.2160093784332275,1.2832995653152466,1.3526960611343384,0.9543104767799377,0.8001208305358887,1.0537673234939575,1.1974018812179565,0.9408760070800781
20181119,,0.36235108971595764,0.17903640866279602,0.10312648117542267,0.1799173206090927,0.16746507585048676,0.1926441341638565,0.33228355646133423,0.4508630633354187,0.3308795392513275,0.47869667410850525,0.5044932961463928,0.3770943880081177,0.16196013987064362,0.12467529624700546,0.13844038546085358,0.18282023072242737,0.24224965274333954,0.41564851999282837,0.34557434916496277,0.35849836468696594,0.548903226852417,,,0.2710650563240051,0.3234768211841583,0.4409877061843872,0.3758446276187897,,,0.34032386541366577,0.6784990429878235,0.5681445002555847,1.3236180543899536,0.670835018157959,0.45052507519721985,0.783317506313324,0.7819657325744629,0.7323272228240967,,,0.5974932312965393,0.3946317136287689,0.5213072299957275,,0.5508554577827454,0.8980982899665833,0.7409924268722534,0.6393429636955261,0.5333127975463867,0.822012722492218,,1.4363189935684204,0.8609977960586548,0.9752530455589294,0.9645065665245056,0.7990292906761169,0.8389349579811096,1.1439484357833862,1.074715495109558,1.0599154233932495
20181120,,,,,,,,,,,,,,,,,,,,,,,,,,,,,,,,,,,,,,,,,,,,,,,,,,,,,,,,,,,,,
20181121,0.3354891240596771,0.31160423159599304,0.1982497274875641,0.11143313348293304,0.23227959871292114,0.2073238492012024,0.25139233469963074,0.5341744422912598,1.0057132244110107,0.3616487681865692,0.48087313771247864,2.148409366607666,0.8269941806793213,0.22235064208507538,0.1579303741455078,0.19594189524650574,0.2445874810218811,0.3533095717430115,0.4907541573047638,0.3473803400993347,,,0.5962214469909668,0.6498014330863953,0.3628524839878082,0.3076733350753784,,0.5880538821220398,,,0.1994439661502838,0.7138059735298157,0.48805540800094604,1.666005253791809,0.5146963596343994,0.3026784360408783,,0.6612693071365356,0.9446309804916382,,,0.32493582367897034,0.3206545412540436,0.8840366005897522,,,,0.3335355222225189,,,,0.7223944067955017,,,,0.6082413196563721,0.4034196734428406,,,,
20181122,,,,,,,,,,,,,,,,,,,,,,,,,,,,,,,,,,,,,,,,,,,,,,,,,,,,,,,,,,,,,
20181123,,,,,,,,,,,,,,,,,,,,,,,,,,,,,,,,,,,,,,,,,,,,,,,,,,,,,0.7101326584815979,,,,,,,,
20181124,0.3512212038040161,0.3888998031616211,0.15970176458358765,0.11974981427192688,0.29736557602882385,0.26470041275024414,0.2909046411514282,0.2828051745891571,,,,1.385880947113037,0.3903803527355194,0.15973056852817535,0.16454578936100006,0.19332607090473175,0.19349654018878937,0.17189320921897888,0.49434396624565125,,,0.46973907947540283,0.3329648971557617,,0.2840914726257324,,0.4330112040042877,0.5545129776000977,,,,,0.34150177240371704,0.2771880626678467,,,,,,,,,,,,,,,,,,,,,,,,,,,
20181125,0.431005597114563,,,,0.3561939299106598,,,,,,0.4817846119403839,0.5136322379112244,,,,,,,,,0.5272917747497559,0.7718849182128906,,,,,0.5211288928985596,0.8251960277557373,,,,0.755504310131073,0.7183154225349426,0.5390130281448364,,,0.777894139289856,0.7784667611122131,0.3894876539707184,,,,,,0.5799669623374939,0.41758665442466736,,,,,,,,0.4798518419265747,0.5567779541015625,,,,,,
20181126,0.33622223138809204,0.3096919655799866,0.15636077523231506,0.13104726374149323,0.3192380964756012,0.2309730350971222,0.22793428599834442,0.3212489187717438,,0.5610645413398743,0.34830453991889954,0.8924216032028198,,0.12218143790960312,0.1342916488647461,,0.15719634294509888,,,0.4138070344924927,,0.44947731494903564,0.5402222275733948,,,0.3999435007572174,,0.40301713347435,,,0.4029155373573303,,0.36414551734924316,,,,,,0.25118082761764526,,,,0.2866959869861603,,,,,,0.4473316967487335,,,,,,,0.5075317025184631,0.4189893901348114,0.39848053455352783,0.34328165650367737,,
20181127,,0.22189661860466003,0.11982648819684982,0.1424339860677719,0.31624141335487366,0.25287023186683655,0.2603808343410492,0.35558173060417175,1.03923761844635,0.5361467599868774,,,0.33210185170173645,0.18650618195533752,0.1412087082862854,0.16330479085445404,0.19469228386878967,0.4024388790130615,0.4978031516075134,0.42856183648109436,,,1.2011518478393555,,,0.3776310980319977,,,,,0.43520665168762207,,,,0.4982777237892151,0.3632712662220001,,,,,,0.222769632935524,0.2120441496372223,,,,,0.8355706334114075,0.5543133616447449,0.2563646733760834,0.282185822725296,,,,,1.438358187675476,1.1983529329299927,0.8011212944984436,0.3873215615749359,0.2723578214645386,
20181128,,,0.09429776668548584,,,,,,,,,,,,,,,,,,,,,,,,0.48790857195854187,,,,,0.6833735704421997,,,,,0.8445518016815186,,0.45010972023010254,,,,,,1.1561380624771118,0.9702668190002441,1.325698971748352,,,,,0.8143490552902222,0.9061221480369568,0.8998525738716125,1.4074047803878784,1.6414434909820557,1.4079303741455078,1.1202529668807983,,,
20181129,0.2897823452949524,0.2968144416809082,0.13468429446220398,0.1756879985332489,0.21477113664150238,,,,,0.39588457345962524,0.30759674310684204,0.7269787192344666,0.5286793112754822,0.16466519236564636,0.09417553246021271,0.15069425106048584,0.13365206122398376,,0.500286877155304,0.36603477597236633,0.5335806608200073,1.8173532485961914,,,,0.28281211853027344,0.6335116624832153,2.486250400543213,,0.2635800838470459,0.4224327802658081,1.0576649904251099,1.0597676038742065,11.57294750213623,0.48724719882011414,0.44696909189224243,0.910445511341095,1.1060606241226196,4.1234049797058105,,0.9398224353790283,0.46280235052108765,0.3923785090446472,,1.0066946744918823,1.7505766153335571,6.655134677886963,0.8454131484031677,0.590673565864563,0.40852758288383484,0.2915525734424591,0.7037535905838013,,0.6387143731117249,0.9669596552848816,0.8251647353172302,0.748221218585968,0.703881561756134,0.46148768067359924,,
20181130,0.37946346402168274,,,0.21086415648460388,0.45378488302230835,0.4524921774864197,,,,,,,,0.10525890439748764,0.1383768916130066,0.1823594570159912,,,0.4693658947944641,0.227850079536438,,,0.3310806453227997,,0.21566806733608246,0.30368003249168396,,,,0.27811211347579956,0.3701460063457489,,,,0.335506796836853,0.4508747458457947,,,,,,0.28819891810417175,0.3860740661621094,,,,,,,0.20332786440849304,0.3762316405773163,,,,,0.8510822653770447,0.8915036916732788,,,,0.4264000356197357
20181201,,,0.12459669262170792,0.25405633449554443,0.48091554641723633,0.472714364528656,0.2695702016353607,0.45893940329551697,0.9235628247261047,0.3835315406322479,,,0.30579790472984314,0.23628361523151398,0.163686603307724,0.2056165188550949,0.24871855974197388,0.37556713819503784,0.7559281587600708,0.4429539442062378,,,0.44171860814094543,,0.39258047938346863,0.45375585556030273,,,,0.4368865191936493,0.4640384316444397,,,,0.610896110534668,0.49021849036216736,,,,,1.0919780731201172,0.4924614131450653,0.48231834173202515,,,,,1.4858778715133667,0.6340693831443787,0.5202135443687439,0.6444991230964661,,,,,,,0.8589527010917664,0.5818926692008972,0.5131289958953857,0.8494799137115479
20181202,,,,,,0.41500207781791687,0.2828125059604645,0.4146955907344818,,0.42055147886276245,,,,,,0.2289726436138153,0.255116730928421,0.37755438685417175,0.5991286039352417,0.45990899205207825,,,,,,0.4151066839694977,,,,,0.34127137064933777,,,,0.4499439001083374,0.4502265751361847,,,,,,0.4778669774532318,0.5387832522392273,,,,,,0.5460692644119263,0.5681973695755005,0.7098182439804077,,,,,,,,0.3863789141178131,0.38780245184898376,0.7872093915939331
20181203,,,,,,,,,,,,,,,,,,,,,,,,,,,,,,,,,,,,,,,,,,,,,,,,,,,,,,,,,,,,,
20181204,,0.40294769406318665,0.25306135416030884,,,,,,,,,,,0.1878299117088318,0.20899514853954315,0.39851486682891846,,,,,,,,,,,,,,,0.5750406384468079,0.5332663059234619,,,,0.5574285984039307,,,,,,,,,,,,,,,,,,,,,,,,,
20181205,0.4701940715312958,0.4666924476623535,0.2180444598197937,0.19406215846538544,0.4573183059692383,0.431343138217926,0.29332002997398376,0.46564602851867676,,,0.4967130124568939,1.3933979272842407,0.6346011757850647,0.28910553455352783,0.2066504806280136,0.3035740852355957,0.4461927115917206,0.4211713671684265,0.6356940269470215,0.5529902577400208,0.5377690196037292,1.5804498195648193,0.9559265971183777,,,0.4362589418888092,0.545394241809845,1.1342265605926514,,,0.39318281412124634,0.8127196431159973,0.5967491865158081,3.880117893218994,0.9687784314155579,0.5248528122901917,0.6538219451904297,0.7380606532096863,1.2801198959350586,,2.572354793548584,0.830622136592865,0.6713570356369019,0.5460688471794128,0.8345433473587036,0.7485687732696533,2.425618886947632,4.809602737426758,1.0045138597488403,0.5605223178863525,0.5614961981773376,,0.548599898815155,0.6978012919425964,0.8296976089477539,1.7596769332885742,1.6581599712371826,0.8821003437042236,0.6520364880561829,0.5576974153518677,0.5801674127578735
20181206,0.51351398229599,0.42041781544685364,0.1997067779302597,0.22564993798732758,0.4558717906475067,0.42229896783828735,0.26638367772102356,0.6581301093101501,1.1612026691436768,0.535537600517273,0.5546745657920837,,0.3867798447608948,0.21569257974624634,0.19693653285503387,0.27036726474761963,0.35104095935821533,0.38504815101623535,0.6806833148002625,0.4860173463821411,0.5362472534179688,0.5582374930381775,0.9088102579116821,,0.8049603700637817,0.4759639501571655,0.47909486293792725,,,0.7502968907356262,0.4740871489048004,0.8501244187355042,0.599364161491394,,0.9936342239379883,0.48289787769317627,0.6650386452674866,0.6798927783966064,0.5616477131843567,,,0.8253439664840698,0.7091487050056458,,0.6842904090881348,0.6449186205863953,0.7745729088783264,1.172966718673706,,,0.6485530138015747,1.006790280342102,0.8834381699562073,0.6973917484283447,0.769609272480011,1.0102554559707642,0.9037712812423706,0.9018028974533081,0.7394446134567261,,
20181207,,,,0.32067105174064636,0.4689919650554657,0.46835362911224365,0.31532156467437744,,,0.6624417304992676,,,,0.24043548107147217,0.229044109582901,0.282566100358963,0.2999367117881775,,,,,,0.6339271068572998,,,,,,,,,,,,,0.5106365084648132,,,,,,0.63089919090271,0.5773681402206421,,,,,1.4842053651809692,1.1079052686691284,,,,,,,,,,,,
20181208,,,,,,,,,,,,,,,,,,,,,,,,,,,,,,,,,,,,,,,,,,,,,,,,,,,,,,,,,,,,,
20181209,0.32339930534362793,0.24435223639011383,0.14786739647388458,,,,,,,,0.2979751229286194,,0.34507328271865845,0.22684280574321747,,,,,,,0.457183301448822,0.7376519441604614,0.5201753377914429,,,,0.4340748190879822,0.7289743423461914,,,,0.949718177318573,1.5095114707946777,5.22124719619751,,,0.6402046084403992,0.7768715023994446,1.722434401512146,,,,,0.3663870692253113,0.587199330329895,0.6823128461837769,0.6207520961761475,1.2038122415542603,0.7826082706451416,,,0.5769332647323608,0.6162525415420532,0.6057776212692261,0.6780526638031006,0.6684246063232422,0.9280611872673035,0.9449748396873474,0.718724250793457,0.49618175625801086,0.47104066610336304
20181210,0.4577881395816803,0.3693287968635559,0.1564386636018753,0.1995169073343277,0.47862741351127625,0.7315938472747803,0.3684535324573517,0.723224401473999,0.9951872825622559,0.43090754747390747,0.33107927441596985,2.290254592895508,0.5363368391990662,0.24192330241203308,0.2773393392562866,0.3887932598590851,0.36558181047439575,0.4725188612937927,0.5119099617004395,0.3903832733631134,0.3866710066795349,0.47494375705718994,0.5180109739303589,,,0.2316131889820099,,0.37890613079071045,,0.4011152684688568,0.3623400926589966,,0.41298913955688477,,0.7552828192710876,0.4389094114303589,0.4485042989253998,,,,,0.6024090647697449,0.5221872329711914,0.3163139522075653,0.45691901445388794,0.4824061393737793,,,0.6001115441322327,0.45609113574028015,0.5254056453704834,,,,0.4483130872249603,0.40911486744880676,0.49840912222862244,0.6563476920127869,0.7285290360450745,0.6009909510612488,0.5238885879516602
20181211,0.40052804350852966,0.3154388964176178,0.15032397210597992,0.17551060020923615,0.4173825979232788,0.5268142819404602,0.28102362155914307,0.338001549243927,0.4881250262260437,0.3382129371166229,0.3457645773887634,1.330854892730713,0.5414772629737854,0.21452143788337708,0.24518784880638123,0.33884844183921814,0.3285934329032898,0.45683640241622925,0.48281553387641907,0.31434643268585205,0.4143133759498596,0.5550766587257385,0.3425458073616028,,,0.30517351627349854,0.44218364357948303,0.5913713574409485,,,0.3456268906593323,0.7662231922149658,0.9153623580932617,2.847266912460327,0.8711607456207275,0.4108838140964508,0.47828757762908936,0.6436758041381836,0.7025450468063354,,1.4800410270690918,0.6168994903564453,0.42948880791664124,0.32352393865585327,0.4385606348514557,0.5155308246612549,0.6888822317123413,7.193740367889404,0.8751863837242126,0.5571513175964355,0.5657788515090942,0.5676776766777039,0.5112258195877075,0.5081028342247009,0.5563569664955139,0.9591453671455383,0.7709659337997437,0.7730348110198975,0.7418783903121948,0.5364124774932861,0.5542478561401367
20181212,,,0.16863584518432617,0.23723269999027252,0.4709024727344513,0.6295369267463684,0.27119380235671997,,,0.32974210381507874,0.24904373288154602,,,,,,0.2598617374897003,,0.504874587059021,0.28521671891212463,0.3517221510410309,0.5690619945526123,,,,0.30509576201438904,0.43915045261383057,0.5151436924934387,,0.8582369685173035,0.3614746630191803,0.7044611573219299,0.800098180770874,2.727846145629883,0.9531300067901611,0.37135136127471924,0.3998817205429077,0.5860247611999512,0.6926168203353882,,1.6565967798233032,0.6421658992767334,0.35179510712623596,0.3119884729385376,0.37523525953292847,0.4287865161895752,0.9513468742370605,5.467145919799805,0.8017383217811584,0.5016311407089233,0.49487707018852234,0.482448935508728,0.48207297921180725,0.479438453912735,0.5689306855201721,0.7708184719085693,0.7918257117271423,0.7404698729515076,0.7615334391593933,0.4923727214336395,0.4891285300254822
20181213,,,,,,,,,,,,,,,,,,,,,,,,,,,,,,,,,,,,,,,,,,,0.29285261034965515,,,,,,,,0.3975743353366852,,,,,,,,,,0.5066300630569458
20181214,,,,,,,,,,,,,,,,,,,,,0.35769182443618774,,,,,,0.505580484867096,0.4105664789676666,,,,0.7113959789276123,1.9979891777038574,,,,,,0.9894697070121765,,,,,,,,,,,,,,,,,,,,,,
20181215,,,,,,,,,,,,,,,,,,,,,,,,,,,,,,,,,,,,,,,,,,,,,,,,,,,,,,,,,,,,,
20181216,,0.266725093126297,0.35482239723205566,,0.7025581002235413,0.5324515700340271,,1.3334527015686035,1.686712384223938,0.6241127848625183,,,,0.32794830203056335,0.4839296340942383,,,,,,,,,,,0.8423079252243042,,,,,,,,,,,,,,,,,,,,,,,,,,,,,,,,,,,
20181217,,,0.2603779435157776,0.3188840448856354,0.5979421138763428,0.39051011204719543,0.22222314774990082,0.4260784089565277,1.1756891012191772,0.452939510345459,,,1.0928986072540283,0.4276052415370941,0.4051237404346466,0.41535356640815735,0.32029202580451965,0.47357380390167236,0.9065384864807129,0.5115849375724792,,,0.7537976503372192,,,0.29852959513664246,,,,,,,,,0.4291505515575409,,,,,,,0.33202534914016724,,,,,,,,,,,,,,,,,,,
20181218,,,,,,,,,,,,,,0.2365829348564148,0.3160209357738495,0.2848941683769226,0.17706634104251862,,,,,,0.5051275491714478,,,0.2598404586315155,,,,,0.22497957944869995,,,,,0.27686887979507446,,,,,,,0.31590762734413147,,,,,,0.6126514077186584,0.35772985219955444,0.3464092016220093,,,,,1.2780147790908813,0.8084379434585571,0.5064075589179993,0.45508769154548645,0.27076712250709534,
20181219,,,,,,,,,,,,,,,,,,,,,,,,,,,,,,,,,,,,,,,,,,,,,,,,,,,,,,,,,,,,,
20181220,,0.21457204222679138,,,,,,,,,,,,0.17245647311210632,,,,,,,0.20374220609664917,,,,,,0.2872476577758789,0.26899048686027527,,,,0.4118354022502899,0.3026743531227112,0.3622077405452728,,,0.3106611669063568,0.3654862642288208,0.38711535930633545,,,,,,0.34276875853538513,0.3491426706314087,,,,,,,0.2776223421096802,0.2767714560031891,0.2446478009223938,,,,,,
20181221,,,,,,0.2273961305618286,0.16166900098323822,0.29066479206085205,0.9262983798980713,0.27164170145988464,0.32914620637893677,,,,,0.15176348388195038,0.13520795106887817,0.2081293761730194,0.47896599769592285,0.2527059316635132,0.34341564774513245,0.6013396978378296,,,,0.26066309213638306,0.3606627583503723,0.5255883932113647,,,,0.4348084032535553,0.652622401714325,0.8444848656654358,,,0.3906653821468353,0.49993443489074707,0.5815675258636475,,,,,,,,,,,,,,,,,0.40913745760917664,0.43154823780059814,0.49160581827163696,0.5904957056045532,,
20181222,0.2814977467060089,0.35133710503578186,0.22325552999973297,0.4308018088340759,0.4492582678794861,0.2674035429954529,0.17207925021648407,0.39326220750808716,,0.27557802200317383,0.3018285930156708,2.077519655227661,0.9878637790679932,0.3870200514793396,0.37011995911598206,0.2072097510099411,0.22759561240673065,0.3688393831253052,,,0.27319011092185974,0.5685247182846069,0.7394917011260986,,,,0.3045842945575714,0.5701544284820557,,,0.25545254349708557,,0.5361558198928833,0.8115392923355103,0.3418693244457245,0.30592453479766846,,0.35512447357177734,0.4797227382659912,,,0.2962026596069336,0.401218056678772,0.27840331196784973,,0.33014488220214844,0.5070895552635193,0.8719459772109985,0.5771329402923584,0.3991304039955139,0.44742006063461304,0.2570187449455261,,0.1884794533252716,,0.34145182371139526,0.483896404504776,0.44580990076065063,0.4840650260448456,0.4592481553554535,0.41971835494041443
20181223,0.24366414546966553,0.34886330366134644,0.20688386261463165,0.4086836874485016,0.4385358691215515,0.24669387936592102,0.15658289194107056,0.2995505928993225,1.3111234903335571,0.33446571230888367,,1.0528672933578491,0.48555779457092285,0.4608314335346222,0.39970123767852783,0.21741393208503723,0.25117814540863037,0.47632452845573425,0.8068296313285828,0.37420371174812317,,,0.797556459903717,,0.6947034597396851,0.37735310196876526,,,,0.522695779800415,0.33539074659347534,,,,1.5370991230010986,0.2786419689655304,,,,,,0.42035406827926636,0.32954514026641846,,,,,,,,,,,,,,,,,,
20181224,,,,,,,,,,0.25834354758262634,,,,,,,,,,,,,,,,,,,,,,,,,,,,,,,,,,,,,,,,0.4411057233810425,,,,,,,,,,,0.4546991288661957
20181225,0.36247506737709045,0.5607891082763672,0.25209248065948486,0.3651335537433624,,,,,,,0.2596884071826935,1.3060057163238525,0.9233283400535583,0.4487936794757843,0.3555520474910736,,,,,,0.2788921892642975,,,,,,0.41929444670677185,0.4850088059902191,,,,0.4419243037700653,,,,,,,,,,,,,,,,,,,,,,,,,,,,,
20181226,0.36884811520576477,0.35242846608161926,0.21585917472839355,0.414529949426651,0.3972662687301636,0.17864197492599487,0.1447434276342392,0.23918016254901886,,0.29463234543800354,0.26111605763435364,1.6946781873703003,0.39808687567710876,0.36998701095581055,0.28764286637306213,0.17666207253932953,0.19554610550403595,0.4790033996105194,,,0.29092687368392944,0.3506273627281189,,,,,0.4009808599948883,0.41610389947891235,,,,,,,,0.21565088629722595,,,,,,0.2835823595523834,0.26699694991111755,,,,,,,,0.3168487548828125,,,,,,,,,,
20181227,,,0.17205668985843658,,,0.11473052948713303,0.15083351731300354,0.2898595929145813,,,,,,,,,,0.5380597114562988,0.7734327912330627,0.3329257369041443,,,,,,0.3022976219654083,,,,,0.31809648871421814,,,,,,,,,,,,,,,,,,,,,0.5576021075248718,0.44642478227615356,0.4631102383136749,0.6471500992774963,0.717327356338501,,,,,
20181228,0.30911362171173096,0.22168666124343872,0.2679784595966339,0.46254026889801025,0.4644573926925659,0.20959590375423431,0.14789465069770813,0.3212263882160187,0.9733058214187622,0.2808399796485901,0.21599137783050537,3.24424147605896,1.4028953313827515,0.42365431785583496,0.30093681812286377,0.1713043451309204,0.2306787222623825,0.5818656086921692,0.723561704158783,0.3451260030269623,,0.26571840047836304,0.5754938125610352,1.2580220699310303,,,0.35843995213508606,0.4319371283054352,,0.37738677859306335,0.3440781235694885,0.3610231578350067,0.5223864912986755,4.514380931854248,1.6882561445236206,0.2798579931259155,0.46990370750427246,0.4329996407032013,0.6311233639717102,,1.1501349210739136,0.38325753808021545,0.2680671215057373,0.4458693265914917,0.4603042006492615,0.4066423773765564,1.195163607597351,1.5534815788269043,0.5907453894615173,0.297946959733963,0.35520121455192566,0.47859567403793335,0.40317100286483765,0.42490047216415405,0.5154578685760498,0.6091824769973755,0.5782098770141602,0.4350876808166504,0.37294918298721313,0.3560779392719269,0.39136746525764465
20181229,,,,,,,,,,,,,,,,,,,,,,,,,,,,,,,,,,,,,,,,,,0.3410615622997284,0.25118160247802734,,,,,,,,0.3422815501689911,,,,,,,,,,
20181230,0.3651515245437622,,,,,,,,,,0.20117565989494324,,,,,,,,,,0.2822962701320648,0.3139501214027405,,,,,0.378052294254303,0.4046250283718109,,,,0.5312960147857666,0.5173633098602295,1.1500303745269775,,,0.48593711853027344,0.493564248085022,0.8656196594238281,,,,,0.445763498544693,,,,,,,,,,,,,,,,,
20181231,0.3076123297214508,0.3526788651943207,0.345630019903183,0.46828916668891907,0.4019691050052643,0.19414480030536652,0.13150575757026672,0.46129679679870605,,0.20707233250141144,0.2411583513021469,1.919209599494934,0.8224611878395081,0.402599036693573,0.23935538530349731,0.16599856317043304,0.22579577565193176,0.3856543004512787,0.7620118856430054,0.28120607137680054,0.232996866106987,0.2870674133300781,0.42571839690208435,,0.7095709443092346,0.2831514775753021,0.3226895034313202,0.344041645526886,,0.3688679039478302,0.27634578943252563,0.3964758515357971,0.3948274254798889,1.0427565574645996,0.7660170197486877,0.23585960268974304,0.4457927346229553,0.4131092429161072,0.5112048387527466,,,0.37607455253601074,0.2445979118347168,0.5297333002090454,0.5078082084655762,0.3762681782245636,0.4138871431350708,,0.6277151703834534,0.2731207609176636,0.3564312756061554,,,,0.5605881810188293,0.5979143381118774,0.6613633632659912,0.5056541562080383,,,0.5294283032417297
20190101,,,,0.295055627822876,0.2926782965660095,0.17112278938293457,0.11915935575962067,0.25478053092956543,0.8504712581634521,0.25728321075439453,,,,0.2137017846107483,0.19166725873947144,0.16858425736427307,0.242521733045578,0.352954238653183,0.9220800399780273,0.35754522681236267,,,0.4747715890407562,,0.7445661425590515,0.31943511962890625,,,,0.31069067120552063,0.26338356733322144,,,,0.5521937012672424,0.2104616016149521,0.423736572265625,0.4499233067035675,,,,0.2751234769821167,0.19749031960964203,0.5017374753952026,0.5098421573638916,0.29817917943000793,,,,0.16438664495944977,0.26494669914245605,,,,0.5330979228019714,0.7046111226081848,,,,0.22367171943187714,0.422676146030426
20190102,0.3078762888908386,0.3547889292240143,0.41762083768844604,0.5024142265319824,0.42813414335250854,0.19818706810474396,0.13563458621501923,0.4220385253429413,0.9563120007514954,0.3061012029647827,0.23853181302547455,1.453113079071045,1.005921483039856,0.4300247132778168,0.24049536883831024,0.19279861450195312,0.2680648863315582,0.4757460355758667,0.9360754489898682,0.4065765142440796,0.2736455798149109,,0.5383545756340027,,0.6734601855278015,0.31017008423805237,0.4035339057445526,0.3119567036628723,,0.2738756537437439,0.24661731719970703,0.35577577352523804,0.32914289832115173,,0.6927188634872437,0.22182190418243408,,0.34590378403663635,0.5147871375083923,,1.7852365970611572,0.33434340357780457,0.23430578410625458,,,,,1.6899632215499878,0.6135867238044739,0.32484856247901917,0.40587878227233887,0.6890474557876587,0.5410404205322266,0.5794574618339539,,,,,,,
20190103,,,,0.519705057144165,0.40584641695022583,0.18060806393623352,0.12847928702831268,0.47505858540534973,1.2393932342529297,0.2772170901298523,,,,0.3800989091396332,0.2232218086719513,0.17805442214012146,0.267261803150177,0.37050876021385193,0.8643528819084167,0.3451463282108307,,,0.4458152949810028,,0.43690457940101624,0.2483736127614975,,0.4249015152454376,,0.2679316997528076,0.22623170912265778,0.388335257768631,0.4113100469112396,9.056571006774902,0.6955376863479614,0.21135814487934113,0.5524861216545105,0.46321022510528564,1.8219276666641235,,1.4939546585083008,0.2934899926185608,0.25787103176116943,0.6862146854400635,0.6161633729934692,0.4792182445526123,2.2858526706695557,5.068606376647949,0.6446549892425537,0.2670523524284363,0.3662959337234497,,0.5425533056259155,0.638293981552124,0.8146355152130127,0.748835563659668,0.6377366185188293,0.4982064664363861,0.33859366178512573,0.5429718494415283,0.6451249718666077
20190104,,,,,,,,,,,,,,,,,,,,,,,,,,,,,,,,,,,,,,,,,,,,,,,,,,,,,,,,,,,,,
20190105,0.27470776438713074,0.3464936316013336,0.41443732380867004,,,,,,,,0.1414390653371811,,,,,,,,,,0.20552703738212585,,,,,,0.2801964581012726,0.26339074969291687,,,,0.2631372809410095,0.287418007850647,,,,0.2792091369628906,0.2606859505176544,0.2968999743461609,,,,,0.5717645883560181,0.5446879863739014,0.292405903339386,0.2585535943508148,,,,,0.4892517328262329,0.3561733365058899,,0.2222824990749359,0.3016212284564972,,,,,
20190106,,0.29631349444389343,0.2264496386051178,0.34081152081489563,0.4375017583370209,0.23661722242832184,0.15693062543869019,0.3115933835506439,0.9387741088867188,0.3846516013145447,,,,0.22709113359451294,0.22645695507526398,0.19753843545913696,0.28110548853874207,0.35946211218833923,1.0809441804885864,0.45574623346328735,,,0.3594989776611328,,0.4054023027420044,0.2563071846961975,0.21759304404258728,,,0.30653128027915955,0.24341066181659698,0.3023647665977478,0.2586497664451599,,0.5575772523880005,0.2091323584318161,0.35383859276771545,0.2524285614490509,0.2526949644088745,,,,0.1929011046886444,,,0.19679322838783264,0.2533181309700012,,,,,,,,,,0.35385996103286743,,,,0.25966012477874756
20190107,0.27661943435668945,0.3273693919181824,0.36732563376426697,0.38866376876831055,0.4211273789405823,0.2435295283794403,0.13876298069953918,0.3660770654678345,1.299141764640808,0.3329080045223236,,1.4589924812316895,0.6866276264190674,0.3225014805793762,0.22944007813930511,0.17560364305973053,0.24548044800758362,0.34461361169815063,0.6919363737106323,0.31445419788360596,0.24557508528232574,0.3444186747074127,0.40456750988960266,,,0.17463286221027374,0.3746478259563446,0.3200068771839142,,,0.14312025904655457,0.3136165738105774,0.36312949657440186,1.3013519048690796,,0.16513416171073914,0.3980358839035034,0.35664835572242737,0.5577480792999268,,,,,0.4685407280921936,0.4316720962524414,0.29915156960487366,0.43546417355537415,1.4875622987747192,0.5478055477142334,0.2526502311229706,0.32749325037002563,0.3830767869949341,,,0.3700975775718689,0.45812445878982544,0.568975567817688,0.5455262660980225,0.3595183789730072,0.46247103810310364,0.40486881136894226
20190108,,,,,,0.2023307830095291,0.12055661529302597,,,0.2156369835138321,,,,0.2723705768585205,0.2223251312971115,,,0.38336291909217834,0.7932939529418945,,,,0.4069415330886841,,,,,,,,,,,,,,,,,,,,,,,,,,,,,,,,,,,,,,
20190109,,,,,,,,,,,,,,,,,,,,,,,,,,0.33684292435646057,,,,,0.24672701954841614,,,,,0.25607672333717346,,,,,,,0.30555596947669983,,,,,,,,,,,,,,,,,,
20190110,,,,,,,,,,,,,,0.2815421521663666,0.24168294668197632,,,,,,,,,,,,,,,,,,,,,,,,,,,,,,,,,,,,,,,,,,,,,,
20190111,0.33281537890434265,0.4013247489929199,,,,,,,,,0.20925340056419373,0.5536499619483948,,,,,,,,,0.2387581616640091,0.3340319097042084,,,,,0.4028979539871216,0.3002000153064728,,,,0.4195748269557953,0.37513959407806396,0.7887474894523621,0.32713067531585693,0.17917613685131073,0.42221057415008545,0.36509624123573303,0.4796435832977295,,1.696548342704773,0.31098178029060364,0.26753461360931396,0.47475630044937134,0.4522484242916107,0.4537571668624878,0.7692039608955383,2.367717742919922,0.8195763826370239,0.36642488837242126,0.41729143261909485,0.46139606833457947,0.5292119979858398,0.5266284346580505,0.48296409845352173,0.5433593988418579,0.5294487476348877,0.5018020272254944,0.4148789644241333,0.4354254901409149,0.440860390663147
20190112,0.382405549287796,0.478431761264801,,,,,,,,0.3908548951148987,0.20992444455623627,,,,,,,,,0.3590657114982605,0.2336273193359375,,,,,,0.4228504002094269,0.32399803400039673,,,0.2643302381038666,0.44151076674461365,0.3339694142341614,1.412479281425476,,0.22760920226573944,0.4250907003879547,0.34655776619911194,0.37564221024513245,,,0.3528575003147125,0.335220068693161,0.4757361114025116,0.4103594720363617,0.45846229791641235,0.5172311067581177,0.632961630821228,0.6543483734130859,0.42603716254234314,0.5515127182006836,0.47046130895614624,0.4796542823314667,0.4655058681964874,,0.36909204721450806,0.36047232151031494,0.4065497815608978,0.36920976638793945,0.3769366145133972,0.4767707586288452
20190113,0.3914085030555725,0.4242593050003052,0.28328949213027954,0.35101258754730225,0.38183295726776123,0.22945049405097961,0.16607949137687683,0.4589523673057556,1.2630929946899414,0.320522665977478,0.2432854175567627,1.3692318201065063,0.68001788854599,0.2502378225326538,0.2532067596912384,0.1911613941192627,0.22354479134082794,0.3957669138908386,0.6606080532073975,0.39926666021347046,0.22051255404949188,0.3471065163612366,0.3451383411884308,,0.2848983407020569,0.2709936797618866,0.3844171464443207,0.30207860469818115,,0.296901136636734,0.23865239322185516,0.37230825424194336,0.31594526767730713,1.4129173755645752,0.6643781661987305,0.21674364805221558,0.36175537109375,0.3112429678440094,0.3803580403327942,,1.5823893547058105,0.30277401208877563,0.2866624593734741,0.47326597571372986,0.37860387563705444,0.39916276931762695,1.7729878425598145,1.2811191082000732,0.5318244695663452,0.34341540932655334,0.40725433826446533,0.4802848994731903,0.5187577605247498,0.5125794410705566,0.4552224576473236,0.6338757276535034,0.5640448331832886,0.43974563479423523,0.3980916738510132,0.379555881023407,0.44671106338500977
20190114,,,,,,,,,,,,,,,,,,,,,,,,,,,,,,,,,,,0.796370804309845,0.2022409290075302,,,,,,0.31149956583976746,0.26300662755966187,,,,,,,0.29755061864852905,0.37937965989112854,,,,,,0.6582066416740417,0.5550665259361267,0.35941213369369507,,
20190115,,,,,,,,,,,,,,,,,,,,,,,,,,,,,,,,,0.24695567786693573,0.5287855267524719,,,,0.2753860354423523,0.31766995787620544,,,,,,,0.30918681621551514,0.5907800793647766,1.8492647409439087,0.5198134779930115,,,,,,0.3143399953842163,0.44281458854675293,0.4946735203266144,0.405404657125473,0.34751632809638977,,
20190116,,,,,,,,0.360274076461792,0.7687538862228394,0.266381174325943,,,,,,,,,0.4830368459224701,,,,,,,,,,,,,,,,,,,,,,,,,,,,,,,,,,,,,,,,,,0.44102880358695984
20190117,0.39642664790153503,,,,,,,,,,0.2506124973297119,,0.5181162357330322,0.26810044050216675,,,,,,,0.24781207740306854,0.28949135541915894,,,,,0.33070722222328186,0.2663613259792328,,,,,,,,,0.2967217266559601,,,,,0.24035310745239258,,0.314389169216156,0.25704413652420044,,,,,0.22253674268722534,0.4297788143157959,0.28505101799964905,0.2163187861442566,0.2996956408023834,,,,,,,0.28999263048171997
20190118,,,,,,,,,,,,,,,,,,,,,0.21053652465343475,,,,,,0.3156978487968445,0.3042029142379761,,,,0.26567593216896057,0.3275431990623474,1.1864315271377563,,0.18359532952308655,0.2406982183456421,0.31671395897865295,0.3374568819999695,,,,,0.22506216168403625,0.23667262494564056,0.3045211732387543,0.46215230226516724,,,0.22870539128780365,,,,,,0.3614085912704468,,,0.2790553867816925,0.4102012515068054,0.45398250222206116
20190119,,,,,,0.2026217132806778,0.23054824769496918,0.3889581561088562,1.0488369464874268,0.39955762028694153,,,,,0.22129973769187927,0.22953104972839355,0.28255534172058105,0.3748929500579834,0.8266209959983826,0.5228102207183838,,,0.4559788107872009,,0.5099471211433411,0.3527969717979431,,,,0.38281533122062683,0.2638989984989166,,,,0.5898841023445129,0.2319917380809784,,,,,2.7648279666900635,0.27186280488967896,0.2535780668258667,,,,,,0.36829960346221924,0.2332616150379181,0.3624330163002014,,,,,,,,,,
20190120,,,,,,,,,,,,,,,,,,,,,,,,,,,,,,,,,,,1.0791301727294922,,,,,,,,,,,,,,,,,,,,,,,,,,
20190121,,,0.28785789012908936,0.256460577249527,0.2929832339286804,0.20549236238002777,0.18113933503627777,0.5381790995597839,1.2752853631973267,0.4603460133075714,,,0.7686190009117126,0.2079247683286667,0.19305485486984253,0.16596554219722748,0.19370193779468536,0.3475867807865143,,,0.23761989176273346,0.26405906677246094,0.2708425521850586,,0.3301478922367096,0.33597907423973083,0.24224652349948883,,,0.3000924289226532,0.26336437463760376,,,,0.2526063919067383,0.18726688623428345,,,,,1.19118332862854,0.2248394638299942,0.20151060819625854,,,,,0.9206392168998718,0.5547685623168945,,,,,,,0.573453426361084,0.5332628488540649,0.5227643847465515,0.5049822330474854,0.5798441171646118,0.4803942143917084
20190122,0.36546897888183594,0.34495237469673157,0.23210467398166656,0.2077690213918686,0.24246126413345337,0.17860007286071777,0.16082090139389038,0.4371083974838257,0.9659163951873779,0.30170875787734985,,,0.4795083999633789,0.19099929928779602,0.1795373558998108,0.17127132415771484,0.19701875746250153,0.34067586064338684,1.0549389123916626,0.32496580481529236,,,0.3442254364490509,,0.2876091003417969,0.27792537212371826,,,,0.2519388496875763,0.20044384896755219,,,,,,,,,,,,,,,,,,,,,,,,,,,,,,
20190123,0.3074145019054413,0.643281102180481,,,,,,,,,0.2948416769504547,0.7366225123405457,0.3545575439929962,,,,,,0.6381106972694397,0.29722461104393005,0.23457251489162445,0.46032947301864624,,,,0.325370192527771,0.29618942737579346,0.34820520877838135,,0.25572606921195984,0.28433719277381897,0.3418028652667999,0.34515678882598877,1.792667269706726,0.441484272480011,0.2733316421508789,0.41600358486175537,0.3164307773113251,0.37311744689941406,,1.1105026006698608,0.3063853681087494,0.27334898710250854,0.3346230387687683,0.3343107998371124,0.3722997307777405,0.5325890779495239,1.283711314201355,0.7137027382850647,0.29971951246261597,0.38266897201538086,0.36529430747032166,0.45949238538742065,0.44135433435440063,0.4756646752357483,0.5517491102218628,0.5605916976928711,0.4497864842414856,0.3388863205909729,,0.4645267724990845
20190124,,,0.24986998736858368,0.24828767776489258,0.30753064155578613,0.20097655057907104,0.2766231298446655,0.638239324092865,1.3085943460464478,0.40803197026252747,,,0.9475393295288086,0.1985417902469635,0.2020808458328247,0.19185025990009308,0.24153903126716614,0.5597139000892639,0.8873419165611267,0.38552215695381165,,,0.33737221360206604,0.5714365243911743,0.3066614866256714,0.3198847770690918,0.3367999196052551,0.4866976737976074,,,0.2820621728897095,0.374092161655426,0.49726787209510803,,,0.24270494282245636,0.4414888918399811,,,,,0.26256468892097473,,0.3639124631881714,,,,,,0.2479863315820694,,,,,,,,0.5101698637008667,,,
20190125,,,,,,,,,,0.4298274517059326,,,,,,,,,,,,,,,,,,,,,,,,,,,,,,,,,,,,,,,,,,,,,,,,,,,
20190126,,0.30977627635002136,0.27941304445266724,0.23991802334785461,0.2882652282714844,0.2112601101398468,0.3159969449043274,0.7362877130508423,1.905152440071106,,,1.2397377490997314,0.6352574229240417,0.21618999540805817,0.19479705393314362,0.1921723484992981,0.23570749163627625,0.5738745927810669,1.2502108812332153,,0.27154242992401123,0.5552583336830139,0.45495736598968506,,0.2559771239757538,,0.2683304250240326,0.27913185954093933,,0.40125343203544617,,,0.34189650416374207,1.610426664352417,0.4064823091030121,0.23832274973392487,0.230044424533844,0.25884613394737244,0.24527359008789062,,,,,,,0.23508264124393463,0.2641966640949249,,,,0.5190316438674927,,,,0.3002277612686157,0.5137962102890015,0.6181325316429138,0.48533645272254944,0.4577394127845764,0.5154879689216614,0.5296161770820618
20190127,,0.20645830035209656,,0.15529285371303558,0.19820426404476166,0.15969032049179077,0.20146675407886505,0.23647812008857727,,,,,,0.09425407648086548,0.11910660564899445,0.1445951759815216,0.19159814715385437,0.35046014189720154,,,,,,,0.38718166947364807,0.2482524961233139,0.2607819437980652,,,0.38642168045043945,0.29310789704322815,0.2332175076007843,0.23598119616508484,,0.37465330958366394,0.33330732583999634,,,,,,0.1977171003818512,0.27675241231918335,,,,,,,,0.3523189127445221,,,,,0.35679301619529724,,,,,
20190128,0.375762939453125,0.4043167233467102,0.2430199533700943,0.19914303719997406,0.24559184908866882,0.18292348086833954,0.2765054702758789,0.5115493535995483,1.4751298427581787,0.41173112392425537,,,0.32390543818473816,0.1417774260044098,0.15434525907039642,0.17579041421413422,0.23682454228401184,0.4123741388320923,0.9997199177742004,0.5553990602493286,,,,,1.4630939960479736,0.382845938205719,,,,0.6669659614562988,0.3485560417175293,,,,0.6634012460708618,0.3160225450992584,,,,,1.2015094757080078,0.4192666709423065,0.44770511984825134,,,,,,0.7458594441413879,0.3362586796283722,0.4384217858314514,,,,,,0.44670069217681885,0.38950443267822266,,,
20190129,0.4729340374469757,0.41638702154159546,0.21648018062114716,0.1878182590007782,0.22315694391727448,0.16746920347213745,0.2311914712190628,0.33704549074172974,,,0.23305082321166992,0.9726439118385315,0.6442028880119324,0.18418607115745544,0.1584596484899521,0.1681976318359375,0.22274982929229736,0.4137857258319855,0.8971748948097229,0.41070976853370667,0.23757393658161163,0.35856184363365173,0.39270681142807007,,1.1866426467895508,0.37159019708633423,0.25561240315437317,0.24733248353004456,,0.6842833757400513,0.34699490666389465,,0.2516709864139557,0.6899595260620117,0.39748767018318176,,,,0.31132975220680237,,,,,,,,,,,,0.40572357177734375,,,,,,0.4595317542552948,0.4599938690662384,,,
20190130,,,,,0.21314866840839386,0.16690678894519806,0.2000817060470581,0.571391224861145,1.6614717245101929,0.28248387575149536,,,,,0.17787380516529083,0.16581296920776367,0.22890320420265198,0.34311485290527344,0.8618813753128052,0.32645994424819946,,,,,1.082984447479248,0.375540167093277,,,,0.42639708518981934,0.2947782874107361,,,,0.4907573461532593,0.24133606255054474,,,,,,0.4308839440345764,,,,,,,,0.3678019344806671,,,,,,,,,,,
20190131,,,,,,,,,,,0.2251078188419342,,,,,,,,,,0.2705567479133606,,,,,,0.33841052651405334,0.28495341539382935,,,,0.32056576013565063,0.2592065930366516,0.2870869040489197,,,0.5111298561096191,0.3272113502025604,0.2636771500110626,,,,,0.3548610508441925,0.26464390754699707,0.27986854314804077,,,,,,0.4109404683113098,0.46630674600601196,0.3397989571094513,,,,,,,
20190201,,0.532230794429779,0.2627575397491455,0.1663118600845337,,0.1573098599910736,0.19154542684555054,0.2648580074310303,,0.4008435904979706,0.3333735466003418,2.0466372966766357,,,,,,0.4232140779495239,0.7337723970413208,0.39667269587516785,0.25911375880241394,0.35373395681381226,,,,,0.3435262441635132,0.3032180964946747,,,0.261335551738739,0.3083207905292511,0.2829931080341339,0.39184853434562683,,,0.45575428009033203,0.35851234197616577,0.36208921670913696,,,,0.286125123500824,0.39462727308273315,0.3468618392944336,0.37948739528656006,0.3802010118961334,,,,,0.43828916549682617,0.5173941850662231,0.4635956287384033,0.3996042311191559,0.5447699427604675,0.4939708709716797,0.48216184973716736,,,
20190202,0.34222862124443054,0.2180701494216919,0.19910375773906708,0.2178107351064682,0.25828859210014343,0.2130197137594223,0.34679582715034485,0.4151819050312042,,,0.15742042660713196,,,0.1477247029542923,0.1613491326570511,0.15336918830871582,,,0.3382176160812378,,0.18934926390647888,0.32439476251602173,,,,,0.2429272085428238,0.2669764459133148,,,,0.2574089765548706,0.2455313801765442,0.5418992042541504,0.3018844723701477,0.21908868849277496,0.3407175838947296,0.2893953025341034,0.3621135652065277,,1.3579387664794922,0.35739070177078247,0.2766155004501343,0.27774086594581604,0.26257774233818054,0.295597642660141,0.38180434703826904,1.4936636686325073,0.7166070938110352,0.40772727131843567,0.3675450384616852,0.26741132140159607,0.33017823100090027,0.30970054864883423,0.28154340386390686,0.29358911514282227,0.3430500626564026,0.40662965178489685,0.4823213815689087,0.46731430292129517,0.5633116364479065
20190203,0.4428834319114685,0.3717575669288635,0.22858725488185883,0.19150549173355103,0.2229233831167221,0.1869135946035385,0.383293479681015,0.4439736306667328,1.2364181280136108,0.4896993637084961,0.2586272656917572,1.506258249282837,0.6389594674110413,0.16807758808135986,0.1684257537126541,0.16819338500499725,0.2221773862838745,0.3421500325202942,0.9267495274543762,0.44260236620903015,0.2151327133178711,0.3682522177696228,0.3551178276538849,,0.35969632863998413,0.2859534025192261,0.2676837146282196,0.2787202298641205,,0.37088990211486816,0.2533790171146393,0.21745659410953522,0.20220400393009186,1.7411144971847534,0.6137842535972595,,,,,,,0.30683279037475586,0.2482813149690628,,,,,,,0.2858998775482178,0.29568246006965637,,,,,,,,,,0.6586272120475769
20190204,,,,0.18170034885406494,0.20731057226657867,0.19972115755081177,0.3634698688983917,0.5935762524604797,1.7003284692764282,0.49122315645217896,,,0.2973810136318207,0.1717895269393921,0.14554263651371002,0.13659760355949402,0.2035003900527954,0.3241645395755768,0.6702530384063721,0.27568933367729187,,,0.3695884346961975,,,0.18848907947540283,,,,,0.17708303034305573,,,,,,,,,,,,,,,,,0.5630770921707153,0.36747249960899353,0.25360003113746643,,,,,,,0.2657361328601837,0.41060933470726013,0.46872958540916443,0.34717026352882385,0.42738720774650574
20190205,,,,,,,,,,,,,,,,,,,,,0.17707274854183197,,,,,,0.22468706965446472,0.27035996317863464,,,,0.23020316660404205,0.25087568163871765,,,,0.28848767280578613,0.23537284135818481,0.2607482373714447,,,,,0.27150771021842957,0.21070915460586548,,,,,,,0.39875298738479614,0.3079630434513092,0.24283069372177124,,,,0.3011927902698517,0.47549524903297424,0.39203816652297974,0.640308141708374
20190206,,,,,,,,,,,,,,,,,,,,,,,,,,,,,,,,,,,,,,,,,,,,,,,,,0.3616635203361511,,,,,,,,,,,,
20190207,,,0.1036771610379219,0.11648983508348465,,,,,,,0.18334543704986572,1.0383630990982056,0.42402830719947815,0.17955778539180756,0.14993011951446533,0.19091102480888367,0.24191220104694366,,,,0.17437924444675446,0.31939199566841125,0.3273296058177948,,,,,,,0.31855323910713196,,,,,0.3061806559562683,0.29252538084983826,,,,,0.8766340613365173,0.21837633848190308,0.21535919606685638,,,,,,0.28658539056777954,,,,,,,,,,0.175593763589859,,
20190208,0.26058048009872437,0.2911178171634674,0.16839100420475006,0.13939034938812256,,,0.42799511551856995,0.7360095977783203,1.4535537958145142,0.43879878520965576,0.23283793032169342,0.6801696419715881,0.2811562418937683,0.17111489176750183,0.15493877232074738,0.22104787826538086,0.41036897897720337,0.5312027931213379,0.7036070227622986,0.4250761866569519,0.1419990360736847,,0.3556196689605713,,0.3906310200691223,0.41444116830825806,,,,,,0.1373167484998703,0.17316225171089172,,,,,,0.2561371326446533,,,0.3544832468032837,,,,0.2215128391981125,0.2630048990249634,0.6705931425094604,0.5707138776779175,0.3297399878501892,0.32339736819267273,,,,0.25948813557624817,,0.26929008960723877,0.3596915304660797,0.41949474811553955,0.4272207021713257,0.4720723330974579
20190209,,,0.15036964416503906,0.17053066194057465,0.2032773196697235,0.3407581150531769,0.5386410355567932,0.5606355667114258,,,,,0.27230775356292725,0.17298270761966705,0.14993250370025635,0.2579377591609955,0.5010700225830078,,,,,,0.5060467720031738,,,,,0.17595769464969635,,,,,0.18481573462486267,0.38988345861434937,,,,0.20318731665611267,0.23960056900978088,,,0.21745111048221588,,,0.21490827202796936,0.21872130036354065,0.27195999026298523,0.6951890587806702,0.4254435896873474,,,,0.2470005303621292,0.28951066732406616,0.24237118661403656,0.30475547909736633,0.3125748932361603,0.35479944944381714,0.34292373061180115,0.3333927392959595,
20190210,,,,,,,,,,,,,,,,,,,,,,,,,,0.4191301763057709,,,,0.5595517754554749,0.35527533292770386,,,,0.4614325165748596,0.49299511313438416,,,,,,0.32346826791763306,0.3183870315551758,,,,,,,,,,,,,,,,,,
20190211,,,,,0.20175620913505554,0.21322917938232422,,,,,,,,,,,,,,,,,,,,,,,,,,,,,,,,,,,,,,,,,,,,,,,,,,,,,,,
20190212,,,,0.13757574558258057,0.1845097541809082,,,,,,,,,0.1687467247247696,0.1455213576555252,0.2096216380596161,,,,,0.2248203009366989,,0.38624653220176697,,,,0.22382257878780365,,,,,,0.22294723987579346,,,,0.22009997069835663,,,,,,,,,,,0.37056443095207214,0.2807348966598511,0.17328768968582153,,,,,,,,,0.21154291927814484,,
20190213,0.36314287781715393,0.5099766850471497,0.3405890166759491,0.17853808403015137,0.22093123197555542,0.22305521368980408,0.5158283710479736,0.7085630893707275,,0.559525728225708,0.27486348152160645,1.0950571298599243,0.5707454085350037,0.19332045316696167,0.16703686118125916,0.24605832993984222,0.48665815591812134,0.6329426169395447,1.1600173711776733,0.5394893288612366,0.20556960999965668,,,,,0.4491542875766754,0.21524138748645782,0.221966952085495,,,0.315002977848053,0.23350924253463745,0.21771346032619476,,0.28711825609207153,0.41939666867256165,0.2169969528913498,0.21111220121383667,0.2642877995967865,,,0.2941506505012512,0.2610701322555542,0.19544219970703125,0.19009403884410858,0.18916542828083038,0.24999648332595825,,0.43107926845550537,0.3163750171661377,0.2818540930747986,0.16470922529697418,,0.17417262494564056,0.19030608236789703,0.2283029407262802,,0.2600215971469879,0.27838632464408875,,0.28933247923851013
20190214,0.36558037996292114,0.5048316121101379,0.39809390902519226,0.13071486353874207,0.16711892187595367,0.1772945523262024,0.4904433488845825,0.4606395661830902,,0.4362408220767975,0.24958476424217224,,,,0.14337553083896637,0.23599256575107574,0.3750547766685486,0.44981423020362854,1.0469673871994019,0.6196756362915039,,,,,0.6416202783584595,0.509415864944458,,,,0.22753988206386566,0.3277972638607025,,,,0.19298578798770905,0.2701106369495392,0.24469825625419617,,,,,,,,,,,,,,,,,,,,,,,,
20190215,,,0.352789968252182,0.21536758542060852,0.247817724943161,0.30718815326690674,0.7115347981452942,0.8319747447967529,1.228126883506775,0.5920956134796143,,,,,0.19616514444351196,0.2653452754020691,0.4906586706638336,0.5069971680641174,0.9425846338272095,0.6933584213256836,,,0.7120050191879272,,0.4694068133831024,0.44738277792930603,,,,,0.3559621572494507,,,,0.43348559737205505,0.410742849111557,,,,,,0.3741081953048706,0.24267981946468353,,,,,,,0.35338008403778076,0.22837209701538086,,,,,,,,,,
20190216,,,,,,,,,,,,,,,,0.15266624093055725,,,,,,,,,,,,,,,,,,,0.3204708695411682,0.22685091197490692,0.19484634697437286,,,,,,,,,,,,0.44693106412887573,0.29063287377357483,,0.1751154512166977,,,,,,,,,
20190217,0.2905777394771576,0.51136714220047,,,,,,,1.1347579956054688,0.36497336626052856,0.1655135303735733,,,,,,,,,,,,,,,,,,,,,,,,,,,,,,,,,,,,,,,,,,,,,,,,,,
20190218,,,,,,,0.3350881040096283,,1.1768203973770142,0.3793148398399353,,,,0.11864728480577469,0.1543455719947815,0.2279876172542572,0.3489823639392853,0.4102616310119629,1.402647614479065,0.5411407947540283,,,,,0.5610016584396362,0.350653737783432,,,,0.4230495095252991,0.3654995858669281,,,,0.39253610372543335,0.323050856590271,,,,,,0.3630283772945404,0.2222817838191986,,,,,,0.2895147502422333,0.2698865830898285,0.23638448119163513,,,,,,,,0.20400689542293549,0.22496692836284637,0.1795910745859146
20190219,0.3743895888328552,0.5256730318069458,0.3567114472389221,0.1437838226556778,0.18009255826473236,0.23316793143749237,0.42003530263900757,0.5662705302238464,1.452970027923584,0.5112841129302979,0.27998051047325134,1.6724439859390259,0.49186068773269653,0.16573745012283325,0.16800163686275482,0.24921192228794098,0.39336079359054565,0.5522716641426086,1.046432614326477,0.7017163038253784,0.17133550345897675,,0.4496740400791168,,0.6269708871841431,0.4438945949077606,0.16785527765750885,0.20174303650856018,,0.43776991963386536,0.35806500911712646,0.20339813828468323,,,0.39377763867378235,0.302775114774704,0.2042275220155716,0.2030038833618164,0.2370814085006714,,,0.36516812443733215,0.227852001786232,0.19744165241718292,0.18329764902591705,0.19713254272937775,0.26883020997047424,,,0.2673436999320984,0.2573879361152649,0.1771100014448166,0.18328715860843658,0.19983229041099548,0.24844123423099518,0.32145190238952637,,0.18666782975196838,,,0.20126834511756897
20190220,,,,0.14506778120994568,0.17006078362464905,0.1844228059053421,0.29296430945396423,0.34481942653656006,,0.18191878497600555,,,,0.14185839891433716,0.16308008134365082,0.24055950343608856,0.3539164364337921,0.3735179901123047,0.6135790348052979,0.42497891187667847,,0.551877498626709,,,0.8478793501853943,0.4105440676212311,,0.30850470066070557,,0.25806090235710144,0.278823584318161,,,0.4338987469673157,0.22625695168972015,0.1743048131465912,,,,,,0.22998709976673126,0.16236399114131927,,,,,,,,,,,,,,0.22339525818824768,,0.24679556488990784,0.27582186460494995,0.17914460599422455
20190221,,0.40929973125457764,,,,,,,,,,,0.24223092198371887,0.15833795070648193,0.14829511940479279,,,,,,,,,,,,,,,,,0.2308800369501114,0.2005188763141632,,,,0.23351258039474487,0.20218954980373383,0.19713057577610016,,,,,,0.1842191517353058,0.19655227661132812,0.2251601368188858,,,,,0.16200627386569977,0.20911797881126404,0.2570008337497711,0.25754448771476746,0.22731684148311615,,,,,
20190222,,,0.3307171165943146,0.18788105249404907,0.20847120881080627,0.21075156331062317,0.31704404950141907,0.361765593290329,1.2025775909423828,0.5270982384681702,0.16620981693267822,,0.41093069314956665,0.20763428509235382,0.1865890771150589,0.21879926323890686,0.299498051404953,0.45200464129447937,0.8256016373634338,0.49334049224853516,0.16400229930877686,0.19952327013015747,0.39026597142219543,,0.40196800231933594,0.2918848991394043,0.1439885050058365,0.1338794231414795,,0.26458826661109924,0.24104276299476624,0.14288215339183807,0.14659805595874786,0.22574415802955627,0.2297070473432541,0.23752310872077942,0.14674554765224457,0.17892219126224518,0.1654798835515976,,,0.23481668531894684,0.17914073169231415,0.1422831416130066,0.16152094304561615,0.1544680893421173,,,0.39506763219833374,0.28119099140167236,0.2641296982765198,0.10970429331064224,0.10542972385883331,,,,0.2915486693382263,0.32044717669487,0.31938832998275757,0.26303794980049133,0.2154313623905182
20190223,0.4779319167137146,0.5827081203460693,0.34908702969551086,0.1998307853937149,0.20344263315200806,0.22651436924934387,0.3923207223415375,0.6060407757759094,1.0560556650161743,0.44081756472587585,0.31806278228759766,1.140215277671814,0.5227400660514832,0.18107011914253235,0.17720311880111694,0.21268674731254578,0.2750842273235321,0.5460882186889648,0.9389351606369019,0.41697973012924194,0.24943560361862183,0.5346370935440063,0.37854528427124023,,0.33819395303726196,0.2857765555381775,0.24378728866577148,0.33609843254089355,,0.33291518688201904,0.27200886607170105,0.24467934668064117,0.3368702530860901,1.8418755531311035,0.35051700472831726,0.2627123296260834,0.30372127890586853,0.31180742383003235,0.5981489419937134,,1.8013836145401,0.30978742241859436,0.2892804443836212,0.40139082074165344,0.4339192807674408,0.430881142616272,0.7359093427658081,3.7772819995880127,0.654725968837738,0.30161792039871216,0.25452473759651184,,0.5611348748207092,0.48793044686317444,0.4588971734046936,0.5389684438705444,0.4855448603630066,0.4011601209640503,0.32980942726135254,0.23531010746955872,0.2524075210094452
20190224,0.5228283405303955,0.5321127772331238,0.34656020998954773,0.22483284771442413,0.2590528726577759,0.32980406284332275,0.6280723214149475,1.2476565837860107,2.499711275100708,0.6635448932647705,0.36948367953300476,0.8433740735054016,0.46594923734664917,0.2027130424976349,0.25098052620887756,0.2719065546989441,0.323296457529068,0.8727667331695557,1.3883771896362305,0.6257418394088745,0.26275286078453064,0.6357903480529785,0.6324617862701416,,,0.31453078985214233,0.2264774590730667,0.3461480736732483,,,0.34713464975357056,0.2292260080575943,0.3298322260379791,,0.8903242945671082,0.3998618721961975,0.2870461642742157,0.2927393317222595,0.32165560126304626,,,0.6344261765480042,0.3567412793636322,0.3487764000892639,0.3769835829734802,0.42506149411201477,0.5611838698387146,,,0.7772451043128967,0.4381881058216095,0.3362213373184204,0.37133538722991943,0.41592323780059814,0.6234903335571289,0.893754243850708,1.2084778547286987,1.563127875328064,1.3034188747406006,0.757096529006958,0.35746631026268005
20190225,0.5280287265777588,0.5514501333236694,0.32063713669776917,0.2080153375864029,0.1996033489704132,0.24785460531711578,0.4442877471446991,0.8323484063148499,1.4005922079086304,0.4141974151134491,0.5536822080612183,1.766007423400879,0.8450631499290466,0.25028538703918457,0.18043960630893707,0.2215583622455597,0.28529998660087585,0.6378514170646667,0.841820478439331,0.3725830912590027,0.37654590606689453,1.0828338861465454,0.6512651443481445,,0.3651685416698456,0.2812286615371704,0.29545289278030396,0.3720928728580475,,0.45961517095565796,0.3220250904560089,,,2.6158220767974854,0.48470538854599,0.33544042706489563,,,,,2.3695807456970215,0.38345420360565186,0.28467118740081787,,,,,6.856904983520508,0.8106881380081177,0.3995981216430664,0.36452382802963257,,,,,,,0.6417574286460876,0.6191698312759399,0.49785056710243225,0.3528350293636322
20190226,,,,0.188799649477005,0.1830584704875946,0.2004912942647934,0.320913165807724,0.5841833353042603,,0.33655989170074463,,,0.7716064453125,0.19292780756950378,0.16936880350112915,0.17571774125099182,0.2877160906791687,0.41924166679382324,,0.2837058901786804,0.23408129811286926,,0.3930720090866089,,,,0.2301914393901825,0.24990323185920715,,,,0.20813941955566406,0.26410219073295593,1.138586401939392,0.2273769974708557,0.2113075703382492,0.1746542900800705,0.1675235778093338,0.2850031554698944,,,,0.1872757077217102,0.2274976670742035,0.20599152147769928,0.23059579730033875,0.2912960350513458,0.7035699486732483,0.38523054122924805,0.21032802760601044,0.2032417356967926,0.19867080450057983,0.2012634575366974,0.24663159251213074,0.22210340201854706,,,0.34752121567726135,0.36104243993759155,0.1689002513885498,
20190227,0.4236232340335846,0.36181125044822693,0.20113572478294373,0.1902925968170166,0.17196866869926453,0.20547086000442505,0.44303807616233826,0.6599498987197876,0.9091476798057556,0.32450002431869507,0.373016357421875,,,,0.1550939679145813,0.2024853676557541,0.24533389508724213,0.46192899346351624,0.7607070803642273,0.34227168560028076,0.274215966463089,0.3301313817501068,,,0.2546745836734772,0.20910854637622833,0.22868239879608154,0.3160994350910187,,0.40266919136047363,0.25908124446868896,0.21670140326023102,0.32780662178993225,0.5180725455284119,0.4362609088420868,0.28362661600112915,,0.23804767429828644,0.4183712303638458,,1.8752027750015259,0.3410817086696625,0.2395693063735962,0.24330176413059235,0.25430822372436523,0.28156542778015137,0.8414828181266785,2.277283191680908,0.6202683448791504,0.32037675380706787,0.2840935289859772,0.24452033638954163,0.24224267899990082,0.2795048952102661,0.4231770932674408,0.6697791814804077,0.5783483982086182,0.5001065135002136,0.4945472180843353,0.3410245180130005,0.2825952172279358
20190228,,,,,,,0.6353752017021179,,,,,,,,,,,,,,0.3949139416217804,1.0919796228408813,,,,,0.26879969239234924,0.5000936388969421,,,,0.2445480227470398,0.34425604343414307,,,,0.2506793439388275,0.3024634122848511,0.5139214396476746,,,,,0.2744242548942566,0.28493863344192505,0.30509933829307556,0.652869462966919,,0.8632920384407043,0.4567038118839264,,0.24121634662151337,0.27479371428489685,0.2775821089744568,0.5075932741165161,0.8123189210891724,0.6762769818305969,0.5841376781463623,0.6280702948570251,0.41755735874176025,0.36140576004981995
20190301,0.5021081566810608,0.43947261571884155,0.26591193675994873,0.2467724233865738,0.2522239089012146,0.43310391902923584,0.9107508063316345,1.0816925764083862,2.0712578296661377,0.4122760593891144,0.5500497221946716,1.2320334911346436,0.7146643996238708,0.2585836350917816,0.25101301074028015,0.2828297019004822,0.3419412076473236,0.539818525314331,1.2619565725326538,0.5431995987892151,0.35336899757385254,0.5815567970275879,0.41004177927970886,,,0.32158565521240234,,0.3082853853702545,,0.6458027362823486,0.33748358488082886,,,,0.6218427419662476,0.34426945447921753,,,,,,0.5335955023765564,,,,,,2.241746664047241,1.119293212890625,0.3651602864265442,,,,,,,0.8774945735931396,0.6496420502662659,0.5790994763374329,,
20190302,0.48126402497291565,0.42983654141426086,0.21889418363571167,0.1920233815908432,0.19401812553405762,0.3134971857070923,0.606879472732544,0.7505648732185364,1.3646281957626343,0.3442595303058624,0.48096802830696106,1.9913244247436523,0.7363570332527161,0.2225426733493805,0.20060068368911743,0.2464931756258011,0.3204030394554138,0.4126741886138916,0.8329486846923828,0.3655761182308197,0.31310972571372986,0.7417376637458801,0.5762552618980408,2.0075271129608154,0.3829980790615082,0.3156294524669647,0.2532185912132263,0.31427955627441406,,0.9955245852470398,0.33656230568885803,0.23689474165439606,0.26804211735725403,1.5746861696243286,0.6811906695365906,0.379853755235672,,0.3098471462726593,0.345461368560791,,2.5606701374053955,0.5270571708679199,0.3445807099342346,,,0.34333735704421997,0.3765871226787567,9.240408897399902,0.8367314338684082,0.42108118534088135,0.28304657340049744,,,0.4010823369026184,0.5383913516998291,0.7831863760948181,0.7092397809028625,0.59119713306427,0.5119500160217285,0.44936108589172363,0.30717945098876953
20190303,,,,,,,,,,,,,,,,,,,,,,,,,,,,,,,,0.16750796139240265,,,,,0.2064368575811386,,,,,,,0.23702673614025116,0.20478512346744537,,,,,,,0.2504705488681793,,,,,,,,,
20190304,0.44256243109703064,0.42294275760650635,0.20546312630176544,0.18188601732254028,0.19649596512317657,0.27967867255210876,0.45343881845474243,0.6441518664360046,1.671641230583191,0.2701551020145416,0.34299978613853455,1.3101847171783447,0.5479109883308411,0.2239152044057846,0.20516495406627655,0.23741032183170319,0.275369793176651,0.4311287999153137,0.7393749952316284,0.28103992342948914,,,0.5071864128112793,,0.3959066569805145,0.24846941232681274,,,,,0.2825557589530945,0.1132543757557869,0.12673813104629517,,,0.30971285700798035,0.17099547386169434,0.18783479928970337,,,,,0.2603570520877838,0.2361365258693695,0.23703157901763916,0.23069459199905396,0.16745978593826294,0.8133859634399414,0.3689236640930176,0.29022058844566345,0.25887906551361084,0.27578097581863403,0.26621493697166443,0.32097670435905457,0.30202293395996094,0.2742817997932434,0.4478493928909302,0.4218531548976898,0.34098494052886963,0.2564082443714142,0.22313828766345978
20190305,,,,,,,,0.5484277606010437,,,,,,,,,,,,,,,,,0.6323965787887573,0.2647576332092285,,,,,0.2774851322174072,,,,,,,,,,,,0.21842119097709656,,,,,,,,,,,,,,,,,,
20190306,0.44960498809814453,,0.17047038674354553,0.14011546969413757,0.16700468957424164,0.2858857810497284,0.44561636447906494,0.5536975264549255,1.1746313571929932,0.3579268455505371,,,0.2865440845489502,0.17395555973052979,0.1948087364435196,0.26987770199775696,0.39613568782806396,0.4860178828239441,0.7280446887016296,0.3601289391517639,0.20657221972942352,,,,0.9643771648406982,0.1776365339756012,0.18618574738502502,0.2362050712108612,,,,0.19306591153144836,0.17724767327308655,,,,0.197505384683609,0.19948437809944153,,,,,,0.21473123133182526,0.2644183337688446,0.2227771282196045,,,,,,0.2393544316291809,0.2992296516895294,0.30255377292633057,0.2917580306529999,0.38480308651924133,0.3770020604133606,,,,
20190307,0.45574432611465454,0.45799824595451355,0.15998753905296326,0.14205940067768097,0.13469140231609344,0.24958491325378418,0.31750398874282837,0.37498050928115845,,0.31683993339538574,,,0.18564827740192413,0.13902723789215088,,,,,0.5598599314689636,0.31314074993133545,,,,,0.4138112962245941,0.25313320755958557,,,,0.6474822759628296,0.3167603015899658,,,,0.3977980315685272,0.3465235233306885,,,,,,0.22974196076393127,0.24179823696613312,,,,,,,0.20198500156402588,0.2333034873008728,,,,,,,,,,0.20881026983261108
20190308,,,,,,,,,,,,,,,,,,,,,,,,,,,,,,,,,,,,,,,,,,,,0.21273674070835114,,,,,,,,0.31509581208229065,0.29218822717666626,0.3493281304836273,,,,,,,
20190309,0.4773557186126709,0.5120416879653931,0.23647785186767578,0.1778354048728943,0.1875016987323761,0.2942259609699249,0.4216178357601166,0.4493943154811859,,0.28496482968330383,0.3797234892845154,0.5726160407066345,0.23646841943264008,0.18808937072753906,0.17666751146316528,0.23054775595664978,0.29105934500694275,0.20747169852256775,,0.23309914767742157,0.2142782211303711,0.20979027450084686,,,,0.19186654686927795,0.18130724132061005,0.21814467012882233,,,,0.2212943136692047,0.20252050459384918,0.2794014811515808,,,0.2425757348537445,0.2477520853281021,0.29332277178764343,,,,,0.22480638325214386,0.309163361787796,0.33205869793891907,,,,,,0.2713521718978882,,0.25946617126464844,,,,,,,
20190310,,,,,,,,,,,,,,,,,,,,,,,,,,,,,,,,,,,,,,,,,,,,,,,,,,,,,,,,,,,,,
20190311,,,,,0.1292344182729721,0.2773379981517792,0.49274638295173645,0.519554615020752,,0.2856826186180115,,,,0.12818123400211334,0.17751681804656982,0.27467235922813416,0.36026284098625183,0.4841834306716919,0.8015024065971375,0.4163477420806885,,,0.32378584146499634,,0.43215757608413696,0.35940009355545044,,,,0.5099521279335022,0.37621039152145386,,,,0.3681047856807709,0.3021091818809509,,,,,,0.29166775941848755,0.2691958546638489,,,,,,0.4428713619709015,0.3028745949268341,0.2989356219768524,,,,,,,,,0.26047566533088684,0.3107307553291321
20190312,0.5107576251029968,0.45239129662513733,0.23862004280090332,0.17174848914146423,0.1748432070016861,0.27301907539367676,0.5184462070465088,0.6116173267364502,1.1730022430419922,0.41490787267684937,0.3416091799736023,1.1971129179000854,0.31588831543922424,0.21198982000350952,0.1967991590499878,0.295263409614563,0.5076496005058289,0.5915190577507019,0.9881962537765503,0.5422815084457397,0.21004725992679596,,0.4443161189556122,,,0.3787188231945038,0.2231893539428711,0.27669858932495117,,0.47576016187667847,0.42211461067199707,0.2248930186033249,0.22897757589817047,,0.2614569664001465,0.2746576964855194,0.24183793365955353,0.23641224205493927,0.28237682580947876,,,0.28444385528564453,0.2548980116844177,0.24818669259548187,0.32786113023757935,0.3248540461063385,,,,,,0.20667138695716858,0.30058011412620544,0.2737945020198822,0.2723073363304138,0.23988449573516846,0.23277588188648224,0.19923648238182068,0.1951434314250946,0.1875428557395935,0.2340136021375656
20190313,,,,,0.16382041573524475,0.33504271507263184,0.6449381709098816,,,0.43934503197669983,,,,,0.16577903926372528,0.29215824604034424,,,,0.5577893257141113,,,,,,0.43588554859161377,,,,,,,,,,,,,,,,,,,,,,,,,,,,,,,,,,,
20190314,0.5361226797103882,0.5150479674339294,0.2070106863975525,0.1827055811882019,0.18367716670036316,0.3884369134902954,0.7667465806007385,0.6605766415596008,1.2093026638031006,0.42333099246025085,0.5132562518119812,1.2311646938323975,0.3584703207015991,0.18996746838092804,0.19904333353042603,0.2918301522731781,0.4519804120063782,0.5472875237464905,1.4515089988708496,0.626427412033081,,0.5368527770042419,0.5338795185089111,1.2426302433013916,1.770229697227478,0.5510572791099548,0.15409284830093384,,,0.750387966632843,0.46366241574287415,,,,0.7898055911064148,0.29811131954193115,,,,,1.6896690130233765,0.37784311175346375,0.3329642415046692,,,,,,0.5691055655479431,0.3404598534107208,0.38341566920280457,,,,,,,,0.3411197364330292,0.3822246491909027,0.40604618191719055
20190315,,,0.18885815143585205,0.18695922195911407,0.18362268805503845,0.3295649290084839,0.6404953002929688,0.5958876609802246,0.9624006152153015,0.42719870805740356,,1.0307077169418335,0.4082705080509186,0.22409769892692566,0.2042340636253357,0.27648529410362244,0.41100236773490906,0.3883386254310608,0.9516542553901672,0.5054503679275513,,0.6607835292816162,0.48971983790397644,,0.46834591031074524,0.5088100433349609,,0.8035739064216614,,0.4014557898044586,0.3708861470222473,,,,0.4023081064224243,0.28202179074287415,,,,,1.0533039569854736,0.3727947175502777,0.29002225399017334,,,,,,0.5166586637496948,0.2702499032020569,,,,,,,,,,,
20190316,,0.5243757963180542,0.22640496492385864,0.17842446267604828,0.17377133667469025,0.3279227614402771,0.6548249125480652,0.31146594882011414,0.6986033320426941,0.2766563594341278,,,0.3500623106956482,0.2210216373205185,0.204563170671463,0.27442899346351624,0.39482662081718445,0.3232992887496948,0.7348712086677551,0.42801162600517273,0.3338657021522522,0.6722918152809143,0.3422853648662567,,0.37350577116012573,0.3564015030860901,0.29164984822273254,0.5304425954818726,,,,0.3370058834552765,0.3238338232040405,3.07985258102417,0.30229437351226807,,0.39389654994010925,0.3751802444458008,0.6362111568450928,,1.4365506172180176,0.3440309166908264,0.25174403190612793,0.3754611909389496,0.34725308418273926,0.3902509808540344,0.750405490398407,5.596988201141357,0.5959011912345886,0.37898874282836914,0.3347459137439728,,0.25594431161880493,0.34512466192245483,0.3836060166358948,0.4594612419605255,0.49680522084236145,0.4437960088253021,0.37102219462394714,0.3742947578430176,0.24859528243541718
20190317,,,,,,,0.6081731915473938,0.41477394104003906,0.7015798091888428,0.3350914716720581,,,,0.1811995506286621,0.17683330178260803,0.2399894893169403,0.3872074782848358,0.40867555141448975,0.7205145359039307,0.297433465719223,,,0.3477669358253479,,,,0.22843539714813232,0.25738808512687683,,,,0.2681371867656708,0.28526386618614197,1.156457543373108,0.4134162962436676,0.21890060603618622,0.39562273025512695,0.3350326418876648,0.6448211073875427,,,0.34968510270118713,0.2798643708229065,0.5312961935997009,0.4729166626930237,0.49504613876342773,0.8344316482543945,,0.5655452013015747,0.32096031308174133,0.3508857488632202,0.4225771725177765,0.6454622149467468,0.6851850748062134,0.68226158618927,0.5520569086074829,,,,,
20190318,0.5681195259094238,0.5199119448661804,0.19369706511497498,0.17631125450134277,0.16888076066970825,0.44484981894493103,0.728556215763092,0.3807249367237091,,,0.44405966997146606,1.735042929649353,0.6519841551780701,0.18540579080581665,0.15052713453769684,0.20614784955978394,0.32245418429374695,0.3845631778240204,0.726235568523407,0.4410371780395508,,,,,,0.2802998125553131,0.17242883145809174,0.27723428606987,,,0.24143917858600616,0.21141307055950165,0.24083873629570007,0.7863168716430664,,,,0.3021831214427948,0.41588568687438965,,,,,,0.47471824288368225,0.31723204255104065,,,,,,,0.3728666305541992,0.35992899537086487,,0.460598349571228,0.5431681871414185,0.305446982383728,,,
20190319,0.5914134979248047,0.4968194365501404,0.16467739641666412,0.10162541270256042,,,,,,,0.5641734600067139,1.325093388557434,0.44583413004875183,0.13785719871520996,,,,,,,0.26245811581611633,0.701277494430542,,,,,0.20015698671340942,0.34689146280288696,,,,0.2888704240322113,0.24808914959430695,2.467604398727417,,,0.3946913480758667,0.32546669244766235,0.4648361802101135,,,,,0.5132534503936768,0.414266973733902,0.34203633666038513,0.6295187473297119,0.5917433500289917,,,,0.6046308279037476,0.598840057849884,0.42477449774742126,0.48419007658958435,0.4513905644416809,0.4778915345668793,0.4853167235851288,0.3740611672401428,,0.2246638536453247
20190320,,,,0.14402486383914948,0.16519181430339813,0.4031476080417633,0.5927446484565735,0.41811734437942505,,,,,0.2642418146133423,0.15891464054584503,0.16818778216838837,0.22577646374702454,0.3347264528274536,0.407560259103775,0.6024563908576965,,,,0.2963571846485138,1.1552081108093262,,,,,,,0.14785026013851166,,,,,,,,,,,0.17828549444675446,0.15333223342895508,,,,,,0.29206839203834534,,,0.3102690577507019,,,,,,0.2972893714904785,0.24952800571918488,,
20190321,,,,,,,,0.605193555355072,0.7258712649345398,0.21378125250339508,,,,,,,0.303091436624527,0.46340376138687134,0.7023779153823853,0.20237338542938232,,,,,,,,,,,,,,,,,,,,,,,,0.21422719955444336,,,,,,,,0.2492198348045349,,,,,,,,,
20190322,,,0.13085925579071045,0.1526532620191574,0.257011353969574,0.952398955821991,0.8436292409896851,0.7345331907272339,1.0584404468536377,0.2742629647254944,,,0.6651981472969055,0.21728330850601196,0.19609446823596954,0.2805686593055725,0.35797691345214844,0.5256410837173462,0.8054075241088867,0.361359179019928,0.2589525878429413,0.5508918166160583,0.33641722798347473,,,,0.19780749082565308,0.4320547878742218,,,,0.2717294692993164,0.30464500188827515,0.6319430470466614,,,0.3726063668727875,0.3660160303115845,0.39130547642707825,,,,,0.4805624186992645,0.3940872848033905,0.3268624246120453,0.5255526900291443,,,,,0.4808817505836487,0.3902449607849121,0.4030313789844513,0.3996122181415558,0.3917362689971924,0.44832658767700195,0.304377943277359,,,
20190323,0.2958422601222992,0.35758140683174133,0.19567503035068512,0.1744883805513382,0.2476739138364792,,,,,,,,,,,,,,,,,0.6223464012145996,,,,0.2844139635562897,,0.4093998670578003,,,0.3192593455314636,0.22903038561344147,,,,,0.24274413287639618,,,,,,,,0.19942805171012878,,,,,,,,,,,,,,,,
20190324,0.3267178237438202,0.23029962182044983,0.14752084016799927,0.1554121971130371,0.25967156887054443,0.7814176082611084,0.5489970445632935,0.6509901881217957,1.662358045578003,0.2822396159172058,,,,,0.15975689888000488,0.25348228216171265,0.34438666701316833,0.6130596399307251,0.6508335471153259,0.2945077121257782,,,,,0.3033415675163269,0.24958102405071259,0.1734895259141922,,,0.3959284722805023,0.28610947728157043,0.23961783945560455,0.2595539689064026,0.9271443486213684,0.3354688584804535,0.24259434640407562,0.2790015935897827,0.35454484820365906,,,,0.2259669154882431,0.22888876497745514,0.29630428552627563,0.28143468499183655,0.26735106110572815,0.29492664337158203,,0.21888062357902527,0.22767916321754456,0.23936918377876282,,,0.29507896304130554,0.3369705080986023,0.3371310532093048,0.35599586367607117,0.27382829785346985,0.2669820785522461,0.3112831115722656,0.25784096121788025
20190325,0.4971277117729187,0.32683852314949036,0.31474393606185913,0.15270337462425232,0.16495174169540405,,,,,0.2671242952346802,0.4978483021259308,,0.898289680480957,,,,,,,,0.23772285878658295,,,,,,0.15079505741596222,,,0.3607061505317688,,,,,0.31585562229156494,0.2427564114332199,,,,,,0.3221091628074646,0.2596009075641632,,,,,0.8109170794487,,0.33510881662368774,0.26954764127731323,,,,,,0.23369084298610687,0.2519471049308777,0.1955844610929489,,0.2459724396467209
20190326,,,,,,,,,,0.4825637936592102,,,,,,,0.9883450269699097,2.3233015537261963,0.96844482421875,0.4214373826980591,,,,,0.3370840847492218,0.2955935001373291,,,,0.4457797110080719,0.4259350895881653,,,,,0.23292629420757294,,,,,,,,,,,,,,,,,,,,,,,,,
20190327,,,,,,,,,,0.3727669417858124,0.2503102123737335,,,0.21277350187301636,0.2698243260383606,0.39085105061531067,,,0.679942786693573,0.35906699299812317,,,0.688726007938385,,0.8871279358863831,0.42656850814819336,,,,0.484637975692749,0.5352608561515808,,,,0.6434730887413025,0.4167024493217468,0.24380947649478912,0.23990465700626373,,,2.6920294761657715,0.5266522765159607,0.38433748483657837,0.2061043530702591,0.23094521462917328,,,4.208832263946533,0.7203810214996338,0.37757182121276855,0.35286834836006165,,0.163478285074234,0.2165239453315735,0.3043149709701538,0.43463796377182007,0.40731745958328247,0.3622267246246338,0.26644769310951233,0.29194629192352295,0.3108278810977936
20190328,0.5789790749549866,0.6857646703720093,0.3765449821949005,0.2903532385826111,0.25085461139678955,0.48913490772247314,0.7567408084869385,0.9209156036376953,1.5039116144180298,0.5526480674743652,0.41596609354019165,1.380763053894043,0.6455660462379456,0.32402700185775757,0.2624484896659851,0.4128706753253937,0.5192661285400391,0.6351581811904907,1.0465524196624756,0.4672218859195709,0.355720192193985,0.7786544561386108,,,0.9299436807632446,0.47188133001327515,0.2121185064315796,0.46327999234199524,,0.7902474999427795,0.5382436513900757,,0.24676327407360077,0.5532764792442322,0.5898367166519165,0.4428270161151886,0.19609354436397552,0.23543792963027954,0.4841941297054291,,1.9691585302352905,0.5633091330528259,0.3941512107849121,,,,0.4842962920665741,1.4738476276397705,0.5595400929450989,0.3821527659893036,0.379027783870697,,,,,,,0.26327288150787354,0.29731234908103943,0.36128541827201843,0.37184807658195496
20190329,,,,,,,,,,,,,,,,,,,0.9749929308891296,1.0200906991958618,,,,,1.0586973428726196,0.8747098445892334,,,,0.6444954872131348,0.4978654384613037,,,,0.3482957184314728,0.4820578992366791,,,,,,,0.44410592317581177,,,,,,,,0.5186086297035217,,,,,,,,,,0.5214263796806335
20190330,0.4410014748573303,0.5406661033630371,0.36541277170181274,0.2745541036128998,0.22845380008220673,0.34418877959251404,0.5626322627067566,,,,0.3265693187713623,,0.7247946262359619,0.3494304120540619,0.3000056743621826,0.38874295353889465,0.5691615343093872,,,,0.23746664822101593,0.6267930865287781,0.5692359805107117,,,,0.24353435635566711,0.3393433392047882,,,,0.27678292989730835,0.2807215750217438,0.5090927481651306,,,0.2776331603527069,0.27730390429496765,0.26517730951309204,,,,,0.32120275497436523,0.2742670774459839,0.23671822249889374,,0.8627278804779053,0.5134528875350952,,,0.29969123005867004,0.2566800117492676,0.2539399266242981,0.23139512538909912,0.253347247838974,0.28093162178993225,0.37544623017311096,0.32839128375053406,,
20190331,,,,0.2421516478061676,,0.26795870065689087,0.5496366024017334,0.757485032081604,1.1525822877883911,,,,0.312981516122818,0.2996717095375061,0.31950104236602783,0.41238394379615784,0.5990835428237915,0.6714833974838257,0.6408774852752686,0.2656295895576477,,,0.5417057871818542,,0.34708255529403687,0.37901216745376587,,,,0.39863112568855286,0.46844208240509033,,,,0.6381484270095825,0.35201603174209595,,,,,,,0.20461702346801758,,,,,,,0.181632861495018,,,,,,,0.22795696556568146,,,0.1913127601146698,
20190401,,,,0.18264539539813995,0.18133242428302765,0.2028551995754242,0.3597929775714874,0.21414980292320251,,,,,,0.2933296263217926,0.2714710831642151,0.4035487771034241,0.3690599501132965,0.4483341574668884,0.532718300819397,0.3029768466949463,,,,,,0.2660782039165497,,,,0.3119320571422577,0.3165689706802368,,,,0.4966055154800415,0.3544923961162567,,,,,1.9818331003189087,0.40016552805900574,0.2626587450504303,,,,,,0.5371869206428528,0.22821973264217377,,,,,,,,,0.15260523557662964,0.19788514077663422,
20190402,0.5898287296295166,0.6654868125915527,0.34191766381263733,0.27143394947052,0.20085306465625763,0.25789135694503784,0.6654811501502991,0.8858652710914612,,0.5194278359413147,0.4285302460193634,0.7101193070411682,,,,,,0.550468385219574,,,,0.7023982405662537,,,,,,0.6238519549369812,,,,,0.2621075510978699,0.9050291776657104,,0.7327265739440918,,,,,2.076530694961548,0.5945634245872498,0.6471388936042786,,,,,8.912801742553711,0.6083574891090393,0.5119798183441162,,,,,,0.33389976620674133,0.40769097208976746,0.3990379869937897,0.43034422397613525,0.5825765132904053,
20190403,0.6065099835395813,0.7398378849029541,0.39720800518989563,0.3719352185726166,,,,,,,0.5037274956703186,1.6000553369522095,0.6546531319618225,0.46694204211235046,0.37041276693344116,,,,,,0.4387325346469879,0.5659182667732239,0.8459753394126892,,,,0.3362199366092682,0.34040847420692444,,,,0.31149208545684814,0.3411557078361511,1.005150556564331,,,0.30189377069473267,0.3099493384361267,0.36330342292785645,,1.7707443237304688,0.5063158273696899,0.5706393718719482,0.3341231942176819,0.3388422131538391,0.312361478805542,0.2976372241973877,0.7771643400192261,0.5073927044868469,0.3046236038208008,0.4563097357749939,0.37163418531417847,0.35737037658691406,0.3505135476589203,0.3263985216617584,0.29056715965270996,0.2830233573913574,,0.21542838215827942,0.28555306792259216,0.3245234787464142
20190404,0.48348289728164673,0.6038316488265991,0.29721587896347046,0.2747527062892914,0.2633863687515259,0.3138255476951599,0.5433240532875061,0.7690321803092957,1.3041456937789917,0.4244525730609894,0.4477751851081848,,0.8391883373260498,0.4258992373943329,0.3356282711029053,0.4396965205669403,0.5887371897697449,0.616317868232727,0.6992316246032715,0.3546243906021118,0.436786949634552,0.8053411841392517,0.7317733764648438,1.114513635635376,0.3937256336212158,0.3331484794616699,0.439362108707428,0.8842935562133789,,0.39452624320983887,0.3766019344329834,0.41773006319999695,0.4697973430156708,3.761113405227661,0.743395209312439,0.40006768703460693,0.3619948625564575,0.464687705039978,0.6974749565124512,,2.6007773876190186,0.4068939983844757,0.4689914882183075,0.3792644143104553,0.3572605848312378,0.430696576833725,1.0310791730880737,4.699248313903809,0.7286925315856934,0.42563867568969727,0.530177652835846,0.38795363903045654,0.45395755767822266,0.4465319812297821,0.4560694098472595,0.6732622981071472,0.6938945651054382,0.48088347911834717,0.41720402240753174,0.488214910030365,0.43891432881355286
20190405,,,,,,,,,,,,,,,,,,,,,,,,,,,,,,,,,,,,,,,,,,,,,,,,,,,,,,,,,,,,,
20190406,,0.3098524808883667,0.2200123369693756,0.2382795512676239,0.2289522886276245,0.28037917613983154,0.5216960906982422,0.5320252180099487,,0.4776841998100281,,,0.4798274040222168,0.4115065336227417,0.31598806381225586,0.4282471239566803,0.5388723015785217,0.5702359080314636,0.8179724216461182,0.4368704557418823,,,,,0.3561965525150299,0.318264365196228,,,,0.43132466077804565,0.3953653573989868,,,,0.6712254881858826,0.4573107957839966,,,,,,0.382951945066452,0.49058300256729126,,,,,,0.4079529345035553,0.42193472385406494,0.5423702001571655,,,,,,,0.3083724081516266,0.31924042105674744,0.44564932584762573,0.48696601390838623
20190407,,,,,,,0.5248519778251648,,,0.28513288497924805,,,,,,,,,,,,,,,,,,,,,0.2831294536590576,,,,,0.4242902100086212,,,,,,,,,,,,,,,,,,,,,,,,,
20190408,0.4562728703022003,0.5336307287216187,,,,,0.38725894689559937,0.44393306970596313,,,,,,,,,,,,,0.23696397244930267,,,,,,0.2539616823196411,0.2758738100528717,,,,0.2175011932849884,0.2455749660730362,,,,0.24382683634757996,,0.3237086236476898,,,,,,,0.2967248857021332,0.34737515449523926,,,,,,,0.2772412896156311,0.3531077206134796,0.39211493730545044,,0.22501198947429657,0.3650607764720917,,
20190409,0.5161427855491638,0.5954025387763977,0.496976375579834,0.34271571040153503,0.2805265784263611,0.27234986424446106,0.4056117832660675,0.5796209573745728,1.4740158319473267,0.5446306467056274,0.36984875798225403,,0.774607241153717,0.4913327693939209,0.3390720784664154,0.35410967469215393,0.5099776387214661,0.6260876655578613,0.823602557182312,0.43382787704467773,0.2978237271308899,,0.8552795648574829,,0.35627439618110657,0.3448029160499573,0.24646255373954773,0.37784382700920105,,0.4245406985282898,0.3875700533390045,0.22920487821102142,0.26916202902793884,0.8355373740196228,0.6111055612564087,0.40780457854270935,0.20061162114143372,0.25377508997917175,0.4579574167728424,,1.790304183959961,0.3453056812286377,0.31050485372543335,0.2208338975906372,0.19102135300636292,0.22341983020305634,0.4555058479309082,0.9905047416687012,0.600202739238739,0.3106563091278076,0.3142058849334717,0.2004787027835846,0.21156378090381622,0.20828458666801453,0.2051030397415161,,0.35549166798591614,0.22198881208896637,0.2174980491399765,0.2541986107826233,0.3047492504119873
20190410,,,,0.13222278654575348,,,,,1.2411291599273682,0.5227198600769043,,,,,0.29283279180526733,0.31895583868026733,0.4659900665283203,0.5449633598327637,0.7824224829673767,0.4232579171657562,,,0.7197664976119995,,0.6209957003593445,0.4584375023841858,,,,0.5942387580871582,0.42932450771331787,,,,0.8206080794334412,0.37913021445274353,,,,,0.8095301389694214,0.3838523030281067,0.29274505376815796,,,,,,0.5844114422798157,,,,,,,,,,,,
20190411,,,,,,,,,,,,,,0.5107709169387817,0.3694469630718231,,,,,,,,1.0968263149261475,,,0.35122016072273254,0.2087002694606781,0.28925520181655884,,0.5346822738647461,0.3816850483417511,0.19811974465847015,0.2535610496997833,,0.5599470138549805,0.3553457260131836,0.23551517724990845,0.24179238080978394,,,1.7595295906066895,0.35043540596961975,0.2689754068851471,0.20571541786193848,0.22545228898525238,0.20032751560211182,,2.5475242137908936,0.5030209422111511,0.26721569895744324,,0.20640765130519867,0.2090194970369339,0.1955297887325287,,,0.2701244056224823,0.40571677684783936,0.25936660170555115,0.2257750779390335,0.20529690384864807
20190412,0.5774470567703247,0.5553332567214966,0.4814477264881134,0.31933045387268066,0.26688352227211,0.20060139894485474,0.20988301932811737,0.6259072422981262,2.1543030738830566,0.431871235370636,,,,,,,0.17259164154529572,0.33230382204055786,0.540976881980896,0.3244510591030121,0.3466353714466095,,,,0.5750436782836914,0.5201215744018555,0.4070641100406647,,,1.3818423748016357,0.5286546349525452,,,,0.6734799146652222,0.5329115390777588,,,,,1.6614432334899902,0.5649338364601135,0.4837040901184082,,,,,6.3861894607543945,0.8344156742095947,0.4907265305519104,0.4992356300354004,,,,,,0.3359006345272064,0.4165438413619995,0.3716018497943878,0.4796128273010254,0.4973047971725464
20190413,0.5297156572341919,0.6463338136672974,0.4951866567134857,0.39400002360343933,0.33776143193244934,0.26643016934394836,0.2873702347278595,,,,0.4230971932411194,1.4732569456100464,0.6966632008552551,0.6049273014068604,0.3782770335674286,0.41866162419319153,0.47695332765579224,0.46975043416023254,,,0.36638158559799194,0.8752127289772034,1.1869267225265503,1.4304869174957275,,,0.25065210461616516,0.98468416929245,,0.32329657673835754,0.36789071559906006,0.2003709077835083,0.2878504693508148,4.430152416229248,0.46617773175239563,0.39346057176589966,0.20073512196540833,0.2519587278366089,0.5831232070922852,,1.7492692470550537,0.32657870650291443,,,,0.28726282715797424,0.5904675722122192,1.3854520320892334,0.4677392244338989,0.28216081857681274,,0.19617509841918945,0.20684762299060822,0.20893847942352295,0.22697214782238007,0.29307278990745544,0.26366856694221497,0.2790433466434479,0.3062639832496643,0.36567944288253784,0.333121657371521
20190414,,,,0.25087761878967285,,0.31224900484085083,0.506894052028656,0.6465949416160583,0.917526125907898,0.5618294477462769,,,,,0.31592074036598206,0.40693044662475586,0.49417802691459656,0.6229816675186157,0.7571098208427429,0.3764568269252777,0.3007522523403168,1.0922725200653076,0.8005648851394653,,,0.22228789329528809,0.2974993884563446,0.5417596697807312,,,,0.34882262349128723,0.4199354946613312,3.356837034225464,,,0.3767766058444977,0.4055953621864319,0.7144919633865356,,1.2032015323638916,0.32790929079055786,0.19386228919029236,0.3693365156650543,0.39576300978660583,0.39180633425712585,0.4758000671863556,3.835247039794922,0.5653319954872131,0.3046336770057678,0.16765762865543365,0.29797035455703735,0.28204628825187683,0.26322516798973083,0.2558736801147461,0.5228338241577148,0.5549310445785522,0.4430910348892212,0.3574952185153961,0.31433871388435364,
20190415,,,,,0.24801932275295258,0.3111015558242798,0.5395657420158386,0.6351712346076965,1.2146022319793701,0.7243533730506897,,,,,0.2888374328613281,0.39204004406929016,0.44263190031051636,0.40548175573349,0.7420792579650879,0.45962563157081604,,,,,,,,,,,0.19483397901058197,,,,0.288661926984787,0.22407034039497375,,,,,1.3569620847702026,0.32628947496414185,0.35087838768959045,,,0.718963623046875,1.807314395904541,5.074621677398682,0.6164528131484985,0.40376153588294983,0.35231903195381165,,,0.48941171169281006,0.5261213779449463,0.92234206199646,0.7305432558059692,0.5075196027755737,0.38632866740226746,0.4443668723106384,0.3254382312297821
20190416,0.6480564475059509,0.6195138096809387,0.4258067309856415,0.3763333559036255,0.30071958899497986,0.30567631125450134,0.5855718851089478,0.6574400067329407,1.0415149927139282,0.5401811003684998,0.5118466019630432,1.204699993133545,0.8798100352287292,0.4983677566051483,0.36958980560302734,0.3824879229068756,0.4024636745452881,0.45391350984573364,0.7477929592132568,0.5079664587974548,0.39570239186286926,0.7205875515937805,0.8159592151641846,,0.4234181344509125,0.31364843249320984,0.37784701585769653,0.502839207649231,,0.3696843087673187,0.3376968801021576,0.44742393493652344,0.4542635679244995,5.815579414367676,0.4021003246307373,0.36183369159698486,0.4742046892642975,0.48892349004745483,3.1506762504577637,,2.1957931518554688,0.3764367401599884,0.4053630828857422,0.49808037281036377,0.5459709167480469,0.5505074858665466,1.2078070640563965,5.3369903564453125,0.5801786184310913,0.35232803225517273,0.31756702065467834,0.5011788010597229,0.5231871008872986,0.49217021465301514,0.5687764883041382,0.8513795137405396,0.5320396423339844,0.4437696039676666,0.4075336158275604,0.4141954779624939,0.2980259954929352
20190417,,,,,,,,,,,,,,,,,,,,,,,,,,,,,,0.43652766942977905,,,,,0.49368178844451904,,,,,,,,,,,,,,,,,,,,,,,,,,
20190418,,,,,0.578267514705658,,,,,,,,,0.7549777030944824,0.45334887504577637,,,,,1.284541130065918,,,,,,0.8172608613967896,,,,1.9234087467193604,0.6306698322296143,,,,0.4487239718437195,0.4457552433013916,0.4669685661792755,0.5173189043998718,0.8187161087989807,,,0.3294687569141388,0.4188172221183777,0.32933223247528076,0.3201252818107605,0.34055382013320923,,0.7675538659095764,0.42071405053138733,0.2829631567001343,,0.3839973509311676,0.2902490496635437,0.27507245540618896,0.31711235642433167,0.4187562167644501,,0.22319523990154266,0.28330692648887634,0.31532740592956543,
20190419,0.5613980293273926,0.5369026064872742,0.45245620608329773,0.3734399378299713,0.3377946615219116,0.33471187949180603,0.7573006749153137,0.8814453482627869,1.456156849861145,0.5320068001747131,0.4675992727279663,0.9148082733154297,0.8645014762878418,0.5763070583343506,0.37076306343078613,0.4407835006713867,0.5731505155563354,0.643315315246582,0.843000590801239,0.5544464588165283,,1.2701054811477661,0.8438624739646912,,,0.42770272493362427,0.5010125637054443,1.3285020589828491,,0.5144577622413635,0.49168089032173157,0.4748097360134125,0.459139883518219,6.664792060852051,0.5039359927177429,0.4684670865535736,0.5999858975410461,0.5715136528015137,3.6755778789520264,,2.8151094913482666,0.4237841069698334,0.48685815930366516,0.5107980370521545,0.5454267859458923,0.5687625408172607,2.3750364780426025,8.202181816101074,0.750289261341095,0.4405672252178192,0.4833250045776367,0.4470304548740387,0.4073662757873535,0.3727647364139557,0.51876300573349,1.5038373470306396,1.270661473274231,0.5639252066612244,0.41292625665664673,0.42866256833076477,0.4138074815273285
20190420,0.5412596464157104,0.5126796364784241,,,,0.21306128799915314,0.45476260781288147,0.42547035217285156,,,0.459086149930954,,,,,0.32232338190078735,0.37299230694770813,0.37484800815582275,,,0.4317252039909363,1.221240758895874,,,,0.26366645097732544,0.40009182691574097,1.0288699865341187,,0.35003650188446045,0.2835026681423187,0.46150821447372437,0.40193283557891846,9.075211524963379,0.5209993124008179,0.2909086346626282,0.4871150255203247,0.4171445667743683,6.346410274505615,,1.6010167598724365,0.4544777572154999,0.41344016790390015,0.6185939311981201,0.4625434875488281,0.5465686321258545,2.8660717010498047,9.89452838897705,0.6356715559959412,0.451165109872818,0.5392515659332275,0.48597097396850586,0.41474729776382446,0.35189542174339294,0.5218069553375244,1.8214091062545776,0.8238183259963989,0.4487789571285248,0.37157291173934937,0.43702051043510437,0.467883437871933
20190421,,,,,,,,,,,,,,,,,,,,,,,,,,,,,,,,,,,,,,,,,,,,,,,,,,,,,,,,,,,,,
20190422,0.5229735374450684,0.5957839488983154,0.45538926124572754,0.3922217786312103,,,,,,,0.32840749621391296,1.1914137601852417,0.5542195439338684,0.4570176899433136,0.37664586305618286,0.474587619304657,,,,,,,,,,,0.25331857800483704,0.27200445532798767,,,,0.3271849751472473,0.38140106201171875,,0.5306693315505981,0.457625150680542,0.30246850848197937,0.39696547389030457,0.3459204137325287,,,0.44892990589141846,0.5024374723434448,0.353286474943161,,0.25851690769195557,,,,0.43549108505249023,0.5114316940307617,0.4192622900009155,,0.25722625851631165,0.27457571029663086,0.27208128571510315,0.28059762716293335,0.3842832148075104,,,0.314891517162323
20190423,,,,,0.27194589376449585,0.2866480052471161,0.5264512300491333,0.9701815843582153,0.9338273406028748,0.46568596363067627,,,,,0.369951993227005,0.42872729897499084,0.5729206204414368,0.5905649662017822,0.8383750915527344,0.610075831413269,,,0.6669624447822571,,0.8627253174781799,0.6185969114303589,,,,1.0339055061340332,0.5816890001296997,,,,0.6814653277397156,0.5971187353134155,,,,,,0.5054190754890442,0.5044055581092834,,,,,,,,0.44218891859054565,,,,,,,,,,
20190424,0.4468521475791931,0.516238272190094,,0.21985694766044617,0.25923532247543335,0.21119141578674316,,,,,0.3267403244972229,1.1955010890960693,0.3370840549468994,,0.21026496589183807,0.2167872041463852,0.2637026906013489,,,,0.4776162803173065,0.6091859936714172,,,0.403001606464386,0.4129961133003235,,0.7215914130210876,,,,,,,,,,,,,0.9997990131378174,0.8136382699012756,,,,,,,,0.5815649628639221,,,,,,,0.4181605577468872,,,,
20190425,,,,,0.15317896008491516,,,,,,,,,0.2519172132015228,0.19775806367397308,0.18385006487369537,,,,,,,,,,,,,,,,,,,,,,,,,,,,,,,,,,,,,,,,,,,,,
20190426,,,0.4378848969936371,0.39943045377731323,0.25138044357299805,,0.2199934870004654,0.4009738266468048,0.7335808873176575,0.42220428586006165,,,,,0.28209707140922546,0.3007011115550995,0.6165540814399719,0.5968229174613953,0.7034341096878052,0.33909404277801514,,,0.7299408316612244,,0.5273377299308777,0.31738120317459106,,0.3464811146259308,,,0.28836891055107117,,0.1873367875814438,,0.41519656777381897,0.3243407607078552,0.19606778025627136,0.18594811856746674,,,0.924127459526062,0.2698374092578888,0.21099580824375153,,,,,0.38812369108200073,,0.15900807082653046,0.17337292432785034,,,,0.16520008444786072,0.2622796893119812,,0.22385148704051971,0.13634267449378967,0.15735265612602234,
20190427,,,,,,,,,,,,,,,,,,,,,,,,,,,,,,,,,,,,,,,,,,,,,,,,,,,,,,,,,,,,,
20190428,,,,,0.569372296333313,0.5258946418762207,0.5249459743499756,0.7097323536872864,,,,,,0.5191774368286133,0.5534473657608032,0.5605121850967407,0.9128069281578064,1.3226275444030762,1.1834311485290527,,,,1.3128291368484497,,,0.47717034816741943,,,,0.5540148019790649,0.4427400827407837,,,,0.7583890557289124,0.4610946476459503,,,,,,,,,,,,,,,,,,0.10937418043613434,,,,,,,
20190429,,,,,,,,,,,,,,,,,,,,,,,,,0.4381565749645233,0.503429651260376,,,,,0.4581446647644043,,,,,,,,,,,,,,,,,,,0.5471200346946716,0.5969480872154236,,,,,,,,,0.4370344281196594,0.3426729738712311
20190430,,,0.6923393607139587,,,0.5234174132347107,0.4933077394962311,0.9807881712913513,1.4284679889678955,0.3974490761756897,0.47381505370140076,,,,,0.6381089687347412,0.6664183139801025,0.7014139890670776,0.7164466977119446,0.38370266556739807,,,,,0.4547852873802185,0.3482210636138916,,,,0.48629799485206604,0.3447200357913971,,,,0.7371834516525269,0.35250455141067505,,0.393634557723999,0.3712165057659149,,2.400775671005249,0.45163968205451965,0.3186834156513214,,0.30789321660995483,0.3053723871707916,0.538266122341156,4.31343936920166,0.8868396282196045,0.33988744020462036,0.31342005729675293,,0.25318485498428345,0.2391476035118103,0.25857552886009216,,3.0113697052001953,0.5910786986351013,0.3441177308559418,0.29791074991226196,0.315696120262146
20190501,0.4061340093612671,0.3426676392555237,,,,,,,,0.5915178656578064,0.24585415422916412,,,,,,,,,,,,,,,,,,,,,,,,,,,,,,,,,,,,,,,,,,,,,,,,,,
20190502,,,,,,,,,,,,,,,,,,,,,,,,,,,,,,,,0.36969059705734253,,,,,0.2666962146759033,,,,,,,0.21921081840991974,,,,,,,,0.1801920235157013,,,,,,,,,
20190503,,,0.6802288293838501,0.6161777973175049,0.5639380812644958,0.5559026598930359,0.3870565891265869,0.49901318550109863,0.7870441675186157,0.45395132899284363,,,,,,,0.3018788993358612,,0.6089682579040527,0.4429643154144287,0.36842846870422363,,,,0.3682490885257721,0.5380503535270691,,,,,0.47444596886634827,,,,0.3060843050479889,0.4732595980167389,,,,,,,0.4471617639064789,,,,,,,,0.41483980417251587,,,,,,,,,,0.35520076751708984
20190504,,0.4097084403038025,0.5926886200904846,0.5605974197387695,0.5120770335197449,0.5266010761260986,0.4043031632900238,0.5738325119018555,0.73860102891922,0.48451367020606995,0.17027691006660461,,0.48689907789230347,0.5639083385467529,0.589005708694458,0.5992690324783325,0.6416544914245605,,0.5341170430183411,0.4939770996570587,,,2.4554431438446045,,0.3340165615081787,0.3877883851528168,,,,,0.27957776188850403,0.18133582174777985,0.1481429785490036,,,,0.15931789577007294,0.14973656833171844,,,,,,,,0.14620403945446014,,,,,,0.1493019312620163,,,0.151550754904747,,,,,,
20190505,0.3672804534435272,0.5908902287483215,0.5787314176559448,0.527899980545044,0.4756445586681366,0.4660528302192688,0.37343013286590576,0.5172185897827148,1.0322625637054443,,0.5240952968597412,1.2879682779312134,0.7545086145401001,0.6208599209785461,0.5543804168701172,0.572250247001648,0.6326481699943542,0.6023826599121094,0.6103000640869141,0.335069477558136,0.3398539423942566,3.0336906909942627,1.8954074382781982,,0.42075827717781067,0.25187844038009644,,1.1790574789047241,,,,0.3540305197238922,0.33003315329551697,3.510247230529785,,,0.3747282028198242,0.38525205850601196,4.018908977508545,,,,,0.3255481719970703,0.32109853625297546,0.5790097713470459,1.8339980840682983,,,,,0.3323648273944855,,0.27009710669517517,0.2964455783367157,1.6271284818649292,,,,,
20190506,0.3153366148471832,0.576762855052948,0.5752441883087158,0.5167364478111267,0.4800819158554077,0.45798975229263306,0.31139034032821655,0.5643273591995239,0.9440110921859741,0.2853030562400818,0.3654669225215912,1.5290374755859375,1.4423046112060547,0.5576736927032471,0.5422009229660034,0.5649555921554565,0.5663267374038696,0.6286100149154663,0.5471640825271606,,0.41060110926628113,2.1950504779815674,4.512394905090332,1.8468176126480103,1.448309302330017,,0.4140526056289673,3.041851043701172,,,,0.3939281702041626,0.8324668407440186,9.197429656982422,,,0.35122808814048767,0.3683260977268219,3.0104382038116455,,,,,0.2848653793334961,0.3150169849395752,0.525236189365387,2.1777265071868896,,,,,0.27800074219703674,0.2746976613998413,0.23193709552288055,0.33190980553627014,,,,,,
20190507,0.41612306237220764,0.5017661452293396,0.4332663118839264,,,,,,,0.31127431988716125,0.2682567834854126,,,,,,,0.4563176929950714,0.580052375793457,0.41094452142715454,,,,,,0.5198642611503601,,,,,,,,,,,,,,,,,,,,,,,,,,,,,,,0.7485975623130798,,,,
20190508,,,,,,0.34816837310791016,0.2677741050720215,0.607986569404602,1.044037938117981,0.31089144945144653,,,,,0.5084032416343689,0.48881059885025024,0.49691128730773926,0.6201900243759155,0.6714274883270264,0.3550467789173126,,,,,,0.318513959646225,,,,,0.32976794242858887,,,,0.32408106327056885,0.31083959341049194,,,,,,,0.29341545701026917,,,,,,0.36847352981567383,0.20250728726387024,0.3536103665828705,,,,,,,,0.26474690437316895,0.23977889120578766,
20190509,,,,,,,,,,0.19929906725883484,,,,,,,,,,,,,,,,,,,,,,,,,,0.32340314984321594,,,,,,,,,,,,,,,,,,,,,,,,,
20190510,0.2256167083978653,,0.4016280472278595,0.4749501645565033,0.43634817004203796,0.35028311610221863,0.3165971040725708,,,,0.2408086210489273,,,,,,,0.6290594935417175,0.7995808124542236,,0.2342086136341095,,,,,,0.2544829249382019,0.22749485075473785,,,,0.29524123668670654,0.2599719762802124,0.5304226279258728,,0.15097454190254211,0.2764911353588104,0.28668561577796936,0.59084153175354,,,,,0.2379492074251175,0.272590696811676,0.2962709665298462,0.5102311968803406,,,,,0.27288544178009033,0.22783426940441132,0.25432977080345154,0.3101431131362915,0.4693143367767334,0.4637710452079773,0.35774049162864685,0.2621207535266876,,
20190511,0.2668093740940094,0.2321750670671463,0.414399653673172,0.4564405083656311,0.4290216267108917,0.3914988934993744,0.2975928485393524,0.5361290574073792,0.9459398984909058,0.31427904963493347,0.181792214512825,,0.8320936560630798,0.5249645113945007,0.5133543610572815,0.5272541046142578,0.5620673298835754,0.8579208850860596,0.6467663049697876,0.36621931195259094,0.16583271324634552,,,1.5583986043930054,,0.31042084097862244,,,,,0.3452634811401367,0.15290561318397522,0.158792182803154,,0.5799592733383179,0.3184662461280823,0.2171548753976822,0.19876529276371002,,,,0.3442171812057495,0.3114294707775116,0.20680111646652222,0.2007908821105957,,,1.753662347793579,0.6518188714981079,0.27681493759155273,0.25083106756210327,0.20939886569976807,0.16949237883090973,0.18608757853507996,0.21361622214317322,0.34903955459594727,0.3408438265323639,0.4089098274707794,0.24873343110084534,0.2287648767232895,0.2261090725660324
20190512,0.2638121247291565,0.4854363203048706,0.561550498008728,0.5406798124313354,0.4496602714061737,0.3819831907749176,0.2691021263599396,0.4221844971179962,0.7940484285354614,0.31324535608291626,0.30326977372169495,1.5605213642120361,0.9320237040519714,0.6063927412033081,0.5754687786102295,0.5527892708778381,0.6031652092933655,0.8472147583961487,0.616209864616394,0.3464146554470062,,0.9478238821029663,1.5111033916473389,1.8874804973602295,0.8868507146835327,0.36850473284721375,,0.33994001150131226,,0.3598763942718506,0.33516785502433777,0.2209511548280716,0.23316790163516998,,0.6997885704040527,0.32724297046661377,,0.22959978878498077,0.18026061356067657,,1.131385087966919,0.3869524896144867,0.3015190660953522,0.1655825823545456,0.18388116359710693,,,0.9855536222457886,0.5431570410728455,0.27588778734207153,0.22213949263095856,,,0.10875840485095978,,0.18871892988681793,0.19406406581401825,0.22323231399059296,0.22202569246292114,0.22419708967208862,0.20439565181732178
20190513,,,,,,,0.18619336187839508,0.1548200398683548,,,,,,,,,,,,,,,,,,,,,,,,,,,,,,,,,,0.38291117548942566,0.3690367043018341,,,,,,0.47465187311172485,,,,,,,,,,0.27541735768318176,0.2794795036315918,0.3121276795864105
20190514,,,,,,,0.1927499920129776,,,0.2642267346382141,,,,,,0.6328953504562378,0.8843256235122681,,0.5691497921943665,0.3609226942062378,,,,,0.35752764344215393,0.33930766582489014,,,,0.36088359355926514,0.3328123092651367,,,,0.40552952885627747,0.30258533358573914,,,,,,0.25045046210289,0.22946155071258545,,,,,,,,,,,,,,,,,,
20190515,0.33207404613494873,0.4987894892692566,0.5775535702705383,0.608824610710144,,0.47496774792671204,0.36214739084243774,0.5560621023178101,1.0707601308822632,0.40319904685020447,0.19087976217269897,,0.45036643743515015,0.5982416272163391,0.6090516448020935,0.6234426498413086,0.7840656638145447,0.8975858092308044,0.6352872252464294,0.3672398328781128,,,1.66815185546875,,,,0.2149735540151596,0.2461734414100647,,,,0.20840312540531158,0.2091122418642044,,,,0.1981041133403778,,,,,,,,,,,,,,,,,,,,,,,,
20190516,,0.2929084002971649,0.45937615633010864,0.4364272654056549,0.31519615650177,0.26395753026008606,0.19210684299468994,0.2684785723686218,,0.19935251772403717,0.16700483858585358,,0.4862014353275299,0.5204851031303406,0.5525903105735779,0.45984768867492676,0.38285115361213684,0.5441882014274597,0.455519437789917,0.24112707376480103,0.1578022539615631,0.32555389404296875,1.7430603504180908,,0.4395594000816345,0.3238941729068756,0.16876830160617828,0.21494820713996887,,0.49011656641960144,0.34770578145980835,0.16751612722873688,0.1740441471338272,,0.9185335636138916,0.28662922978401184,0.18787936866283417,0.16507576406002045,0.2052759975194931,,,0.44992557168006897,0.2872392237186432,0.17038412392139435,0.15206563472747803,0.13740324974060059,0.17110691964626312,6.93959903717041,1.960241675376892,0.28998276591300964,0.28190329670906067,0.132948100566864,0.12385722249746323,0.11407597362995148,0.1475917398929596,0.24895133078098297,0.439740926027298,0.4195457100868225,0.2811349630355835,0.2598176896572113,
20190517,0.4713214337825775,0.5535258054733276,0.5708005428314209,0.5419619679450989,0.403488427400589,0.32602038979530334,0.2675934433937073,0.6383959650993347,,0.2593035101890564,0.34891459345817566,0.8960327506065369,0.6113073825836182,0.563594400882721,0.5412267446517944,0.5019519329071045,0.5849496126174927,,0.5511566996574402,0.31308475136756897,0.3226907551288605,0.938798189163208,4.327510356903076,,0.403232216835022,0.28910133242607117,0.33733460307121277,0.639876663684845,,0.4768849015235901,0.45782238245010376,0.2932048439979553,,,0.8844915628433228,,,,,,1.934068202972412,0.5071740746498108,0.38530609011650085,,,,,,,0.4172787070274353,0.3468794822692871,,,,,0.2081129252910614,,,,,
20190518,0.45110297203063965,0.5428621768951416,0.5506467223167419,0.5156272053718567,0.4293224513530731,0.3650670051574707,0.3493032455444336,0.6387937664985657,1.7371231317520142,0.4209541082382202,0.29586130380630493,0.9165770411491394,0.5857527852058411,0.5688684582710266,0.544588565826416,0.5316292643547058,0.7036005258560181,0.6738025546073914,0.6908772587776184,0.3827466368675232,0.30475959181785583,0.9062104225158691,3.1663286685943604,,0.4308716058731079,0.3550013303756714,0.2927002012729645,0.8009745478630066,,0.46841517090797424,0.399912565946579,0.2376466542482376,0.23260954022407532,0.643358051776886,0.8841975927352905,0.37235963344573975,0.2102026492357254,0.19687271118164062,0.2007887214422226,,1.605284333229065,0.33254697918891907,0.21510940790176392,,,,,,0.4275071918964386,,,,,,,,,,,,
20190519,,0.5889365673065186,0.5947511196136475,0.5841541886329651,,,,,,,,,,,,,,,,,,,,,,,,,,,,,0.6089497804641724,,0.524681031703949,0.4499398469924927,,,0.3531099557876587,,,0.44656282663345337,0.3141254186630249,,,,,,,,,,,,,,1.0384966135025024,0.4791288673877716,0.23631252348423004,,
20190520,0.3473019599914551,0.4827174246311188,0.5060394406318665,,,,,,,,,,,,,,,,,,,,,,,,,,,,,,,,,,,,,,,,,,,,,,,,,,,,,,,,,,
20190521,,,0.5041660070419312,0.5263087749481201,,,,,,,,,,0.37142372131347656,0.4396701753139496,0.4470102787017822,0.6153929829597473,,,,0.18622475862503052,,,,,,0.17378327250480652,,,,,,,,,,,,,,,,,0.1921597123146057,,,,,,,,,,,,,,,,,
20190522,0.4180845320224762,0.4709429144859314,0.4941006302833557,0.48412907123565674,0.4227091073989868,0.29612353444099426,0.30900970101356506,0.5393819808959961,1.2977768182754517,0.522077202796936,0.3007145822048187,0.8571163415908813,1.5971065759658813,0.5483982563018799,0.512627363204956,0.47334057092666626,0.682853102684021,0.7739645838737488,0.8027122020721436,0.5432193875312805,0.26065799593925476,0.5675109624862671,0.9173139929771423,1.4944556951522827,0.46042436361312866,0.4556679427623749,0.24319778382778168,0.19586411118507385,,,0.3821527659893036,0.30146703124046326,0.19124695658683777,,0.42366334795951843,0.3484327495098114,0.2927112877368927,0.24266771972179413,0.177854984998703,,2.8794870376586914,0.3260332942008972,0.3218019902706146,0.24787020683288574,0.19876208901405334,0.2050662636756897,0.2517763376235962,3.802405595779419,1.3771967887878418,0.2674742043018341,0.34447532892227173,,,0.18248647451400757,0.2014017105102539,0.2463962286710739,0.23940631747245789,,0.18837502598762512,0.19666239619255066,0.295122891664505
20190523,,0.4592866897583008,0.5354419350624084,0.5071291923522949,0.46467748284339905,0.3068348467350006,0.3591724932193756,0.662352442741394,1.6558362245559692,0.5070750713348389,,,0.5307202935218811,0.5611116290092468,0.49303746223449707,0.4051598906517029,0.41239428520202637,0.5473275780677795,0.596356987953186,0.3536054790019989,,,,,,0.29438671469688416,,,,,0.35123753547668457,,,,0.3702414333820343,0.3476678729057312,,,,,,,0.43683433532714844,,,,,,,,0.4371034502983093,,,,,,,,,,
20190524,,,,,,,,,,,,,,,,,,,,0.33081790804862976,,,,,,,,,,,,,,,,,,,,,,,,,,,,,,,,,,,,,,,,,
20190525,,,,,,,,,,,,,,,,,,,,,,,,,,,,,,,,,,,,,,,,,,,,,,,,,,,,,,,,,,,,,
20190526,,,,,,,,,,,,,,,,,,,,,,,,,,,,,,,,,,,,,,,,,,,,,,,,,,,,,,,,,,,,,
20190527,0.20486533641815186,0.32340800762176514,0.3740667402744293,0.49961191415786743,0.3908753991127014,0.3668312430381775,0.32808297872543335,0.6769957542419434,1.1808698177337646,0.3447287380695343,0.19884362816810608,0.5773725509643555,1.0856986045837402,0.5556622743606567,0.45707055926322937,0.4853297173976898,0.7638742923736572,1.193893551826477,0.6721289753913879,0.3260643184185028,0.17808663845062256,,1.25742506980896,,0.3732120394706726,0.259641170501709,0.16909825801849365,0.18545493483543396,,0.3075985908508301,0.25662949681282043,0.18503853678703308,0.17577558755874634,0.18487399816513062,,,0.19596801698207855,0.1917426735162735,0.18873925507068634,,,,,0.20382264256477356,0.2345789670944214,0.21188144385814667,,,,,,0.2059825360774994,0.21677939593791962,,,,,,,,
20190528,,,,,,,0.1856626570224762,,,0.17620325088500977,,,0.6047714352607727,,0.4881065785884857,,,,,0.21080760657787323,,,,,0.3282434344291687,0.23671233654022217,,,,0.37696123123168945,0.2337217479944229,,0.16780734062194824,,1.6973234415054321,0.20168015360832214,,0.1324193924665451,,,,0.207050621509552,,,0.1215226948261261,,,,0.3810727894306183,,,0.09364772588014603,0.095987968146801,0.16107074916362762,0.16480956971645355,,,,,,
20190529,,,,,0.5101584196090698,,,,,,,,,0.620357871055603,0.5638832449913025,0.5364518165588379,0.783291757106781,1.2264355421066284,0.6404708623886108,0.3058106303215027,,,,,0.3932465612888336,0.25434762239456177,,,,0.322849839925766,0.20139636099338531,,,,,0.1926237940788269,,,,,,,,,,,,,,,,,,,,,,,,,
20190530,,,,,,,,,,,,,,,,,,,,,,,,,,,,,,,,,,,,,,,,,,,,,,,,,,,,,,,,,,,,,
20190531,,,,,,,,,,,,,,,,,,,,,,,,,,,,,,,,,,,,,,,,,,,,,,,,,,,,,,,,,,,,,
20190601,,,0.4564661979675293,0.4768694043159485,0.43706750869750977,0.4309716820716858,0.35593149065971375,0.7031518220901489,1.4019545316696167,0.3392195701599121,,,1.3929862976074219,0.540848970413208,0.5111365914344788,0.4802192151546478,0.5825762152671814,0.8361234068870544,0.8798437714576721,,,,3.5895297527313232,1.9941065311431885,,,,,,,,,,,,,,,,,,,,,,,,,,,,,,,,,,,,,
20190602,,,,,,,,,,0.1959010511636734,,,,,,,,,0.41193994879722595,0.26856473088264465,,,,,,0.2063675969839096,,,,,0.18606917560100555,,,,,,,,,,,,,,,,,,,,,0.15811608731746674,,,,,,,,,
20190603,0.4362074136734009,0.570095956325531,0.5284869074821472,0.5147969126701355,0.4732726216316223,0.4148000180721283,0.26692768931388855,0.3760814070701599,,,,2.097299337387085,2.4424920082092285,0.5532407760620117,0.5427516102790833,0.4769607186317444,0.4649788737297058,0.5604348182678223,,,,,0.8538143038749695,,,0.12034645676612854,,,,,0.13228489458560944,,,,,0.11470962315797806,,,,,,,0.11135661602020264,,,,,,0.1745891273021698,0.10822765529155731,0.10298993438482285,,,,,,,,,,
20190604,,,0.5786469578742981,0.5612398386001587,0.4995047450065613,0.4883950650691986,0.45243316888809204,0.7350543737411499,1.2017995119094849,0.3871622681617737,,,,,,0.47002100944519043,0.5640523433685303,0.7416656613349915,0.5436082482337952,0.29614773392677307,,,,,,0.22327052056789398,,,,,,,,,,,,,,,,,,,,,,,,,,,,,,,,,,,
20190605,,,,,,,,,,,,,,,,,,,,,,,,,,,,,,,,,,,,,,,,,,,,,,,,,,,,,,,,,,,,,
20190606,,,,,0.49109095335006714,,,,,,,,,,,,,,,,,,,,,,,,,,,,,,,,,,,,,,,,,,,,,,,,,,,,,,,,
20190607,,,,,,,,,0.5888911485671997,0.3029822111129761,,,,,0.4264724850654602,0.278699666261673,0.3487897515296936,0.6599946022033691,0.5080571174621582,0.3053435981273651,,,0.49699491262435913,,,0.21869167685508728,,,,,,,,,,,,,,,,,,,,,,,,,,,,,,,,,,,
20190608,0.3760582208633423,0.5085914134979248,0.5598942637443542,0.5245635509490967,,,,,,,0.4063522219657898,1.480422019958496,0.9279854893684387,0.46412980556488037,,,,,,,0.33955085277557373,1.1127065420150757,,,,,0.27303531765937805,0.7085613012313843,,,,0.1913626790046692,,,,,,,,,,,,,,,,8.092344284057617,3.2270727157592773,,,,,,,,,,,,
20190609,,,0.6545032262802124,,,0.5581973791122437,0.48734650015830994,1.0725022554397583,1.0452685356140137,0.339567095041275,,,,0.6350931525230408,0.577420175075531,,,,0.79605633020401,0.3070460855960846,,,,,,0.2791736125946045,,,,0.347862184047699,0.29431039094924927,,,,0.501242458820343,0.27725666761398315,,,,,,0.3310757875442505,0.2474837452173233,,,,,,,,0.317674845457077,,,,,,,,0.3025554418563843,0.28680145740509033,0.2736376225948334
20190610,,,,,,,,,,,,,,,,,,,,,,,,,,,,,,,,,,,,,,,,,,,,,,,,,,,,,,,,,,,,,
20190611,0.385799765586853,,,,,,,,,,,,,,,,,,,,,,,,,,,,,,,,,,,,,,,,,,,,,,,,,,,,,,,,,,,,
20190612,,,,,,,,,,,,,,,,,,,,,,,,,,,,,,,,,,,,,,,,,,,,,,,,,,,,,,,,,,,,,
20190613,,,0.2969961166381836,,,,0.2603100836277008,0.40588560700416565,0.5558695197105408,0.278004914522171,,,,0.4677473306655884,0.4398294687271118,,0.15549230575561523,0.37413787841796875,0.48491495847702026,0.24371840059757233,,,,,0.1949741691350937,0.18141555786132812,,,,0.22160810232162476,0.2026887685060501,,,,0.29097965359687805,0.22400429844856262,,0.15509067475795746,,,,,,,,,,,,,,,,,,,,,,,
20190614,,,,,0.4657629430294037,0.43361592292785645,,,,0.19384168088436127,0.2479456067085266,,0.5653063058853149,0.5350291728973389,0.5457088351249695,0.49097710847854614,0.208922877907753,,0.5002318024635315,0.26998624205589294,,,,,,,0.14423857629299164,,,,,,,,,,,,,,,,,,,,,,,,,,,,,,,,,,
20190615,,,,,,0.4472557604312897,0.4195525348186493,0.6665429472923279,1.2380740642547607,0.2925975024700165,,,,,0.5662450790405273,0.5299621820449829,0.6142445802688599,0.7720150351524353,0.6350618004798889,0.2576691210269928,,,,,0.2610974609851837,0.2391081303358078,,,,,0.2920503318309784,,,,,,,,,,,0.3217659294605255,0.27903392910957336,,,,,,,,,,,,,,,0.203226700425148,,,
20190616,,,,,,,,,,,,,,,,,,,,,,,,,,,,,,,,,,,,,,,,,,,,,,,,,,,,,,,,,,,,,
20190617,0.39171302318573,0.6050442457199097,0.616756796836853,0.5776863694190979,0.5439020991325378,,,,,,0.3173762857913971,3.41359806060791,2.017920970916748,0.5908644199371338,,,,,,,,,,,,,,,,,,,,,,,,,,,,,,,,,,,,,,,,,,,,,,,
20190618,,0.25157880783081055,,,,,,,,0.21655793488025665,,,,,0.48122280836105347,0.4734744727611542,,,,0.19344350695610046,0.17973889410495758,,,,,0.15334811806678772,0.1400252729654312,,,,,,,,,,,,,,,,,,,,,,,,,,,,,,,,,,
20190619,0.2865360975265503,0.4721794128417969,0.5999741554260254,0.49963515996932983,0.5054768919944763,0.48462536931037903,0.4520423710346222,0.640454888343811,1.3689402341842651,0.32898494601249695,,1.5114784240722656,1.095269799232483,0.53378826379776,0.5518752932548523,0.5344157218933105,0.6065768599510193,0.8069601058959961,0.5649069547653198,0.2757478356361389,,,1.4477945566177368,,0.3623344898223877,0.24633337557315826,0.12701267004013062,,,0.3714088797569275,0.1980370432138443,,,,0.3342326283454895,0.14253658056259155,0.14180900156497955,0.1421959549188614,,,,0.1685900241136551,,0.1483476758003235,0.1738864928483963,0.17493592202663422,,,0.2090350091457367,,,,0.1572883576154709,0.13513819873332977,0.15013718605041504,0.20269495248794556,,,,,
20190620,,0.7556605935096741,0.7091748714447021,0.5231460332870483,0.4930408298969269,0.5009716153144836,0.4275577664375305,0.5797796845436096,0.9491791725158691,0.3099326193332672,,,0.7835265398025513,0.5903078317642212,0.5664413571357727,0.5485714077949524,0.7088716626167297,0.8710253834724426,0.5577898025512695,0.285371869802475,,,3.410404682159424,,0.40769684314727783,0.26525527238845825,,,,0.411088228225708,0.2276047170162201,,,,,,,,,,,,,,,,0.24111807346343994,,,,,,,,,,,,,,
20190621,,,,,,,,,,,,,,,,,,,,,,,,,,,,,,,,,,,,,,,,,,,,,,,,,,,,,,,,,,,,,
20190622,0.2967051863670349,0.5156828761100769,0.6020219922065735,,,,,,,,0.21106374263763428,,,,,,,,,,,,,,,,,,,,,,,,,,,,,,,,,,,,,,,,,,,,,,,,,,
20190623,0.3957643508911133,0.6184673309326172,0.5723305344581604,0.4619291126728058,0.4481185972690582,0.4580989181995392,0.4387233555316925,0.6251915693283081,1.184712529182434,0.30844151973724365,0.24144187569618225,1.4003101587295532,2.87524676322937,0.5774152278900146,0.5160081386566162,0.48655346035957336,0.5478250980377197,1.0956887006759644,0.6317399144172668,0.27091383934020996,0.2076326310634613,,6.244307518005371,2.3501787185668945,,,0.19536826014518738,0.8456772565841675,,,,0.1450820416212082,,,,,,,,,,,,,,,,,,,,,,,,,,,,,
20190624,,,,0.50238436460495,0.4875155985355377,0.514093816280365,0.4712130129337311,0.7684874534606934,2.182950973510742,0.29106178879737854,,,,0.5017744898796082,0.5011926293373108,0.4811267852783203,,,0.5843272805213928,0.26209014654159546,,,,,0.3005182445049286,0.20073623955249786,,,,0.35102710127830505,0.22836974263191223,,,,1.0318690538406372,0.22621066868305206,,,,,,0.26151958107948303,0.22861258685588837,,,,,,,,,,,,,,,,,,
20190625,0.49345043301582336,,0.5750806927680969,0.5469871163368225,0.5072624087333679,0.5374390482902527,0.5270856618881226,0.6630375981330872,1.1017705202102661,0.2702891528606415,0.31804391741752625,,,,0.5483229756355286,0.46721652150154114,0.4751278758049011,1.0029573440551758,0.6326010227203369,0.30385228991508484,,,,,0.32287412881851196,0.2718375027179718,,,,0.41664576530456543,0.27747204899787903,,,,0.9412955641746521,0.2647387385368347,,,,,,0.3398880958557129,0.23928475379943848,,,,,,,0.28553563356399536,0.27665549516677856,,,,,,,,,,0.26345065236091614
20190626,,,,,,,,2.583085536956787,1.0219638347625732,0.336599200963974,,,,,,,,,0.6812230348587036,0.32090747356414795,,,,,0.30186113715171814,0.2772378921508789,,,,0.3623470067977905,0.2703542709350586,,,,0.7034165263175964,0.26192495226860046,,,,,,0.2819106876850128,0.2569296061992645,,,,,,,0.25950750708580017,0.25340473651885986,,,,,,,,,0.2452055662870407,0.23156553506851196
20190627,0.5900670886039734,,,,,,,,,,,,,,,,,,,,,,,,,,,,,,,,,,,,,,,,,,,,,,,,,,,,,,,,,,,,
20190628,,,,,0.5074299573898315,0.5850874185562134,0.6051244139671326,0.7246447205543518,1.2057700157165527,0.3437822759151459,,,,,0.4664081037044525,0.384552001953125,0.7498758435249329,0.886088490486145,0.8839138150215149,,,,,,,,,,,,,,,,,,,,,,,,,,,,,,,,,,,,,,,,,,
20190629,,,,,,,,,,0.28927385807037354,,,,,,,,,,0.2732325792312622,,,,,,0.24069492518901825,,,,,,,,,,,,,,,,,,,,,,,,,,,,,,,,,,,
20190630,,,0.3079511821269989,,,,,,,0.24608752131462097,,,,0.40667879581451416,,,,,0.5307492017745972,0.2974446713924408,,,,,,0.25030022859573364,,,,,0.25710582733154297,0.118143729865551,,,0.663089394569397,,,,,,,0.2850066125392914,,,,,,,,,,,,,,,,,,,
20190701,,,,,,,,,1.082971215248108,0.4397229254245758,,,,,,,,,,0.34167200326919556,,,,,,,,,,,0.21903029084205627,,,,,0.26283934712409973,,,,,,0.3323430120944977,0.24430368840694427,,,,,,,0.24027667939662933,0.24636311829090118,,,,,,,,,,0.2295949012041092
20190702,,,,,,,,,,,,,,,,,,,,,,,,,,,,,,,,,,,,,,,,,,,,,,,,,,,,,,,,,,,,,
20190703,0.18842339515686035,0.17190659046173096,0.43982547521591187,0.4497423470020294,0.4113696813583374,0.40386322140693665,0.3929167091846466,0.6166867613792419,1.5474919080734253,0.3785141110420227,0.16704484820365906,,1.9074863195419312,0.6507096290588379,0.5348358154296875,0.6874995231628418,0.46472421288490295,0.6143929958343506,,,0.16327451169490814,0.4232543110847473,6.60392951965332,,,,0.1893640160560608,0.976189374923706,,,,,,,,,,,,,,,,,,,,,,,,,,,,,,,,,
20190704,,0.3735262155532837,0.4861559271812439,0.4331080913543701,0.40079835057258606,0.3850453495979309,0.3777450621128082,0.44305044412612915,0.4148668944835663,0.19774101674556732,0.28893813490867615,1.8592818975448608,2.6397085189819336,0.9676758646965027,0.42884543538093567,0.4869735836982727,,,,0.13950534164905548,0.250928670167923,1.9356904029846191,3.847869873046875,,,,0.22333641350269318,4.322000503540039,,0.32011178135871887,0.2094413936138153,0.22978930175304413,0.39029619097709656,12.50838565826416,0.6561831831932068,0.21462556719779968,0.20118626952171326,0.24013301730155945,4.78942346572876,,,,,,0.2015010267496109,0.4479960501194,2.0065207481384277,,,,,,,,,,,,,,
20190705,,,0.30584028363227844,,0.264009565114975,0.33819282054901123,0.3608473539352417,0.4630820155143738,0.5048045516014099,0.17680230736732483,,,,,,0.4438210427761078,0.41184666752815247,0.6302511096000671,0.48097530007362366,0.17268764972686768,0.16873136162757874,,,,,,0.17739737033843994,0.3001786470413208,,,0.18095384538173676,0.1523810625076294,0.21930107474327087,,0.3717031478881836,0.18098612129688263,0.18347102403640747,0.20918893814086914,4.304051399230957,,,,0.17593570053577423,0.21742479503154755,0.23555904626846313,0.3522811532020569,1.7764434814453125,7.486144065856934,0.33800652623176575,0.16924181580543518,,0.20822753012180328,0.21771839261054993,0.22997061908245087,0.3459438681602478,0.9877080321311951,0.630852460861206,0.8162236213684082,0.21917754411697388,0.15853261947631836,0.17113034427165985
20190706,,,,,,0.40736323595046997,0.43487006425857544,0.7339988946914673,1.277747631072998,0.30396944284439087,,,,,,,,1.3632385730743408,0.6431208252906799,0.25800541043281555,,,,,0.256120502948761,0.20251144468784332,,,,0.36942699551582336,0.22100257873535156,,,,1.5726488828659058,0.24676179885864258,,,,,11.629172325134277,0.3255835473537445,0.25163471698760986,,,,,7.2106547355651855,4.431859970092773,0.2849753797054291,0.23738235235214233,,,,0.37851545214653015,3.9001755714416504,1.3489495515823364,0.9511058330535889,0.31153467297554016,0.24245421588420868,0.22768990695476532
20190707,,,,,,,,,,,,,,,,,,,,,,,,,,,,,,,,,,,,,,,,,,,,,,,,,,,,,,,,,,,,,
20190708,0.2550954818725586,0.40062007308006287,0.34623754024505615,0.3594195544719696,0.3913775384426117,0.4095415771007538,0.41667497158050537,,,,0.19716209173202515,1.2473671436309814,1.4940837621688843,0.9120376110076904,0.5263808369636536,0.5689152479171753,0.48806601762771606,,,,0.18505290150642395,0.27478721737861633,,,,,0.16686145961284637,0.2077997475862503,,,,,,,,,,,,,,,,,,,,,,,,,,,,,,,,,
20190709,0.2645573019981384,,0.3860177993774414,0.3265454173088074,0.3197263181209564,0.3374899625778198,0.34770843386650085,0.47636133432388306,0.9077366590499878,0.2792872190475464,,,,0.4067429006099701,0.5063415765762329,0.5446155071258545,0.5809941291809082,0.8390450477600098,0.6645283102989197,0.2824958562850952,0.15218615531921387,,,,0.2958486080169678,0.25896915793418884,,,,0.47243672609329224,0.24417994916439056,,,,4.393177032470703,0.22260306775569916,,,,,,,,,,,,,,,,,,,,,,,,,
20190710,,,,,0.4208577871322632,,,0.5757784843444824,1.186941146850586,0.34230732917785645,,,,,,,,1.7496944665908813,0.8481470942497253,0.4169069826602936,,,,,,,,,,,,,,,,,,,,,,,,,,,,,,,,,,,,,,,,,
20190711,,,,,,,0.3415588140487671,,,,,,,,,,1.1782803535461426,,0.4763450026512146,0.43291693925857544,,,,,0.2711930274963379,0.22275374829769135,,,,0.31198015809059143,0.226687490940094,,,,,,,,,,,,,,,,,,,,,,,,,,,,,,0.168779194355011
20190712,,,,,,,,,,,,,,,,,,,,,,,,,0.2993660569190979,0.23941238224506378,,,,0.38381427526474,0.2560161054134369,,,,1.1712801456451416,0.19621045887470245,,,,,,0.2667314112186432,,,,,,,,0.2292560487985611,0.21455417573451996,,,,,,,,,,0.19980981945991516
20190713,0.25299426913261414,0.31538572907447815,0.42319631576538086,0.4998129904270172,0.5509586334228516,0.49950453639030457,0.5276755094528198,1.0312223434448242,,,0.21346509456634521,0.8041571974754333,1.3547412157058716,0.9897162318229675,0.6514456868171692,0.5994957685470581,0.6324387788772583,,,,0.15390756726264954,0.4731212258338928,4.88817834854126,,,,0.13464808464050293,0.1623910516500473,,,,0.11741956323385239,,,,,,,,,,,,,,,,,,,,,,,,,,,,,
20190714,,,,,,,,1.065238356590271,1.0308030843734741,0.3986454904079437,,,,,0.5526660084724426,0.5894752144813538,1.1781153678894043,2.0024876594543457,1.2081403732299805,0.25692087411880493,,,,,0.29644471406936646,0.18234442174434662,,,,,,,,,,,,,,,,,,,,,,,,,,,,,,,,,,,
20190715,,,,,,,,,,,,,,,,,,,,,,,,,,,,,,,,,,,,,,,,,,0.2121535986661911,,,,,,0.7326273322105408,,,,,,,,,,,,,
20190716,,,,0.4128415584564209,0.4455494284629822,0.42583417892456055,0.4372980296611786,0.6781451106071472,0.8749347925186157,0.3349120318889618,,,,0.5339120626449585,0.5149406790733337,0.4965142011642456,0.8547649383544922,,0.4417770802974701,0.24285869300365448,,,,,,,,,,,0.1740771234035492,,,,0.2533625066280365,0.16018237173557281,,,,,,0.21116100251674652,,,,,,,,,,,,,,,,,,,
20190717,,,,,,,,,,,,,,,,,,,,,,,,,,,,,,,,,,,,,,,,,,,,,,,,,,,,,,,,,,,,,
20190718,,,,,,,,,,,,,,,,,,,,,,,,,,,,,,,,,,,,,,,,,,,,,,,,,,,,,,,,,,,,,
20190719,0.14133498072624207,0.25850701332092285,0.49315646290779114,0.3489082455635071,0.33803555369377136,0.3888908326625824,0.41089099645614624,0.5609060525894165,0.700724720954895,0.32955771684646606,0.1441202610731125,1.21687912940979,0.93073970079422,0.5434426665306091,0.5466657876968384,0.5269399881362915,0.889307975769043,1.7934571504592896,0.7096078991889954,0.28416088223457336,0.13786357641220093,0.7373632192611694,2.2736551761627197,3.949742078781128,0.29056254029273987,0.23306867480278015,0.1356639713048935,0.21978004276752472,,,0.22732952237129211,0.1291128247976303,0.1355975717306137,0.3359185755252838,1.6250580549240112,0.2260407656431198,,,,,2.676954746246338,0.335341215133667,0.2141326367855072,,,0.17369534075260162,,8.177130699157715,2.5654773712158203,,,,,,,,,,,,
20190720,,,,,,0.4337446987628937,0.43654388189315796,0.6107703447341919,,,,,,,0.5067294836044312,0.44214388728141785,0.4827010929584503,,,,,,,,,,,,,,,,,,,,,,,,,,,,,,,,,,,,,,,,,,0.2029418796300888,0.20797379314899445,0.19309942424297333
20190721,,,,0.36810582876205444,0.3802343010902405,0.39608505368232727,0.3068801760673523,0.5276461243629456,0.576255738735199,0.28069785237312317,0.19748416543006897,,,1.0557825565338135,0.5316917300224304,0.4356447160243988,0.4673287272453308,,0.41135725378990173,0.22179296612739563,0.1510414481163025,,,,0.3128962516784668,0.21338072419166565,,,,0.36925604939460754,0.23576293885707855,,,,0.9485707879066467,0.2321849912405014,,,,,,0.34030401706695557,0.24888306856155396,,,,,0.7335464358329773,0.6816272735595703,0.25860434770584106,0.19094812870025635,,,,,,,,,0.14614562690258026,0.17116492986679077
20190722,,0.6032782793045044,0.7280829548835754,0.46661362051963806,0.4451832175254822,0.45255374908447266,0.4535561203956604,0.6873070001602173,0.890198826789856,0.3463820219039917,,,1.6218925714492798,0.7806660532951355,0.5919235944747925,0.6255362033843994,0.5071089267730713,,0.6306481957435608,0.29989948868751526,,,1.5624858140945435,,0.2977253794670105,0.2410319596529007,,,,0.30767786502838135,0.24219068884849548,,,,,0.26281794905662537,,,,,,0.32850658893585205,0.2838810682296753,,,,,7.400976181030273,3.666826009750366,0.5314760208129883,0.22792692482471466,,,,,,,0.5033050179481506,0.22813688218593597,,0.2518402934074402
20190723,,,,,,,,,,,,,,,,,,,,,,,,,,,0.1889229416847229,,,,,0.15728259086608887,0.16580408811569214,,,,0.15846160054206848,,,,,,,,,,,,,,,,,,,,,,,,
20190724,0.15780362486839294,0.14666013419628143,,,,,0.2898419201374054,0.4404437243938446,,,,,,,0.5043628811836243,,,,,0.1644061803817749,,,,,,,,,,,,,,,,,0.12879198789596558,,,,,,,,,,,,,,,,,,,,,,,,
20190725,,0.34512144327163696,,,0.22678977251052856,0.39174121618270874,0.33701059222221375,0.5048906803131104,,,0.12084663659334183,,,1.1272598505020142,,,,0.7505431771278381,,,0.13737066090106964,,,,,,0.10988876223564148,0.13028369843959808,,,,,0.10498885810375214,,,,0.09760268777608871,,0.18621022999286652,,,,,0.11979302018880844,,0.11578424274921417,,4.220775127410889,,,,0.12901736795902252,0.07930178940296173,0.09216426312923431,0.10559730231761932,0.11589572578668594,0.2206687331199646,0.3281448185443878,0.2320154309272766,0.22801119089126587,
20190726,0.2984722852706909,0.4805106222629547,0.5531022548675537,0.48387396335601807,0.34311529994010925,0.4217393696308136,0.40439534187316895,0.49523526430130005,,,0.2602870762348175,1.941789984703064,1.8244943618774414,0.9512176513671875,0.559773325920105,0.6846223473548889,0.8321242332458496,1.3177342414855957,,,0.22446684539318085,,2.6043779850006104,3.727168321609497,,,0.19757531583309174,0.46842312812805176,,0.23079761862754822,,0.18849463760852814,0.20196053385734558,,1.0281610488891602,0.20092599093914032,0.17575028538703918,0.17059007287025452,0.5762171745300293,,,0.45806685090065,0.23788729310035706,0.16513505578041077,0.1607227325439453,0.1649308204650879,0.3988044559955597,1.503252625465393,0.4381103515625,0.2025758922100067,0.1854909211397171,0.1317177712917328,0.14941458404064178,0.15436658263206482,0.17549735307693481,0.3226815462112427,0.3628172278404236,0.25512075424194336,0.1894146353006363,0.1867668628692627,0.16742770373821259
20190727,,,,,,,,,,,,,,,,,,,,,,,,,,,,,,,,,,,,,,,,,,,,,,,,,,,,,,,,,,,,,
20190728,0.2723827064037323,0.49436596035957336,0.5534812211990356,0.4037801921367645,0.2543957531452179,0.41570156812667847,0.42792806029319763,0.5444563031196594,0.646991491317749,0.3008561432361603,0.19774846732616425,,0.8800804615020752,0.58857262134552,0.5565825700759888,0.8163809776306152,0.6796419620513916,1.0948868989944458,0.6832614541053772,0.2635716199874878,0.16306397318840027,,,,0.28574085235595703,0.26872876286506653,0.18507233262062073,,,0.3451419174671173,0.26769593358039856,0.17726141214370728,0.1903407722711563,,1.3214937448501587,0.2874629497528076,0.16321571171283722,0.19252647459506989,,,,0.4183954894542694,0.30210378766059875,0.13664159178733826,,,,,,0.26159101724624634,0.24580150842666626,,,,,,,,,0.20658241212368011,0.21626314520835876
20190729,,0.4786040782928467,0.5862277746200562,0.4626273214817047,0.33044540882110596,0.42833828926086426,0.48272013664245605,0.5944294333457947,0.598997950553894,0.26876187324523926,0.1774466335773468,0.7249171137809753,1.5683737993240356,0.7384088635444641,0.5739550590515137,0.6872940063476562,0.5782463550567627,0.8828334808349609,0.7405473589897156,0.2757759988307953,0.14261192083358765,,1.7126984596252441,,,0.21364250779151917,0.12858988344669342,0.25080373883247375,,0.3033546209335327,0.22718840837478638,,0.13770531117916107,,0.3319760859012604,0.22529780864715576,,0.1369982808828354,0.16875477135181427,,,0.3346913754940033,,,0.12692971527576447,0.1435595154762268,,,,0.1372164487838745,,0.11533527821302414,0.11760234832763672,,0.12147681415081024,0.229850172996521,,0.1833481788635254,,0.0977087914943695,
20190730,,0.4430813789367676,0.5827375054359436,0.42837250232696533,0.3364578187465668,0.425371378660202,0.458831787109375,0.6692581176757812,1.5838613510131836,0.2817786931991577,,,1.5734713077545166,0.7887459397315979,0.5905234813690186,0.7157669067382812,0.9478089213371277,1.484606146812439,0.7142296433448792,0.28286319971084595,,,3.3782856464385986,1.9749573469161987,0.40070390701293945,0.2429502010345459,,,,0.3616364598274231,0.23075717687606812,,,,0.41780415177345276,0.18541601300239563,,,,,,,,,,,,,0.257447749376297,0.14776518940925598,0.13685260713100433,,,,,,,0.16253477334976196,0.17167821526527405,0.13162729144096375,0.11585776507854462
20190731,,,,,0.3977643549442291,0.328104704618454,0.23954416811466217,0.5177426934242249,0.6512698531150818,0.26083365082740784,,,,0.633126437664032,0.5560408234596252,0.6990426182746887,,,0.6033266186714172,0.3008593022823334,,,5.244548797607422,,0.41515088081359863,0.2796419858932495,,,,0.5187554359436035,0.30345404148101807,,,,1.492598056793213,0.3002322018146515,,,,,14.668238639831543,0.493998646736145,0.25505512952804565,,0.06768912076950073,0.07055167853832245,,6.427974700927734,4.34132194519043,0.2888913154602051,0.19503837823867798,,,,0.0761025995016098,0.15997405350208282,0.6678521037101746,0.5109615325927734,0.25186896324157715,0.16649465262889862,0.13413861393928528
20190801,,,0.48584941029548645,0.39302900433540344,0.35814201831817627,0.426239937543869,0.43310511112213135,0.5677626729011536,0.7489710450172424,0.28196319937705994,,,,0.6825792789459229,0.6350007653236389,0.7035920023918152,0.984068751335144,1.0303065776824951,0.7183834910392761,0.35790643095970154,,,1.8867052793502808,,0.3239019513130188,0.2560422718524933,,,,,,,,,,,,,,,,,,,,,,,,,,,,,,,,,,,
20190802,,,,,,,,,,,,,,,,,1.5665448904037476,,,,,,,,0.41095614433288574,0.3123483657836914,,,,0.4923616945743561,0.33008745312690735,,,,1.7175006866455078,0.3124271631240845,,,,,,0.5529513359069824,0.2847679853439331,,,,,,2.54746150970459,0.3264073133468628,0.22404848039150238,,,,,,,1.522763967514038,0.29425087571144104,0.1661195605993271,
20190803,0.38728809356689453,0.689835786819458,0.6496755480766296,0.43768712878227234,0.42157670855522156,0.4903116822242737,0.486038476228714,0.7504374980926514,,0.3783465325832367,0.1838061362504959,1.1808441877365112,0.8645753264427185,0.6597196459770203,0.632420539855957,0.6896262168884277,1.271547794342041,1.6796256303787231,1.0518654584884644,,0.1380711942911148,0.3727302551269531,1.4778306484222412,,0.4141884744167328,0.28725433349609375,0.1348659098148346,0.32412660121917725,,0.491360604763031,0.25272688269615173,0.1329898089170456,,,,0.20184412598609924,0.11316896975040436,0.12575450539588928,,,,0.26423385739326477,,,,,,,,,,,,,,,,,,,
20190804,0.7953497767448425,0.8071724772453308,,,,,,,,0.21715910732746124,,,,,0.5794114470481873,0.5589929819107056,0.8376559615135193,1.542763590812683,,,,,,,,,,,,,,,0.22913993895053864,,,,0.18571342527866364,0.15724603831768036,,,,,,0.13785943388938904,0.1285155564546585,0.11329042166471481,0.1704428344964981,,,,,0.12176503986120224,,0.12586113810539246,0.1329260915517807,0.2576228678226471,,,,,
20190805,0.7604570984840393,0.9592419266700745,0.7213298678398132,0.361091285943985,,,,,,,0.3034508228302002,1.6182091236114502,1.2751206159591675,0.6371474266052246,,,,,,,0.22671033442020416,,,,,,0.17105141282081604,,,,,,,,,,,,,,,,,,,,,,,,,,,,,,,,,,
20190806,,,,,,,,,0.9389392137527466,0.4019503593444824,,,,,,,,,,,,,,,,,,,,,,,,,,,,,,,,,,,,,,,,,,,,,,,,,,,
20190807,0.4614630937576294,0.5193548202514648,0.6037468910217285,0.35943472385406494,0.3380896747112274,0.42358505725860596,,,,,,1.7831804752349854,1.9588844776153564,0.7517063021659851,0.5172995328903198,0.578605592250824,0.7406936883926392,1.1981645822525024,,0.257218599319458,0.1804312914609909,,,,0.2740754783153534,0.2477135956287384,,,,0.3380630314350128,0.24599307775497437,0.16434387862682343,0.17255181074142456,,0.7409536242485046,0.24510209262371063,0.1355217546224594,,,,,0.337222158908844,0.22570708394050598,,,0.13012179732322693,,2.63999080657959,2.523817300796509,0.3651597201824188,0.21589262783527374,,0.1344727724790573,,,,,,0.258537620306015,0.15908506512641907,0.10652825236320496
20190808,0.42044973373413086,0.5841472744941711,0.4810653626918793,0.3313671350479126,,0.30319541692733765,,,,,0.21265695989131927,1.5626415014266968,1.0828713178634644,0.5469057559967041,0.5166640281677246,,0.2412560135126114,,,,0.18058493733406067,,,,,,0.15333200991153717,,,,,,,,,,,,,,,,,,,,,,,,,,,,0.17679068446159363,,,,,,
20190809,,,,,,,,,1.1536046266555786,0.4953974485397339,,,,0.7594944834709167,0.5760158896446228,0.530724048614502,0.8814297914505005,2.635876178741455,0.6195054650306702,0.30430394411087036,,,1.7613266706466675,,0.3249271810054779,0.2227054089307785,0.13708581030368805,0.404938668012619,,0.3496394753456116,0.21957816183567047,0.13627226650714874,0.14323315024375916,0.8540458679199219,,,0.15309937298297882,0.15051919221878052,0.2610440254211426,,,,,0.1299135535955429,,0.19721269607543945,,,,,,,,,,,,,,,
20190810,0.3260062634944916,0.3599112927913666,0.48046112060546875,,,,,1.044622778892517,0.9210147857666016,,0.18075278401374817,1.033174991607666,,,,,,0.9005696177482605,,,0.1339958757162094,,,,,,0.1345319300889969,0.20788785815238953,,0.25279706716537476,,0.12923341989517212,0.17020855844020844,,,,0.13310934603214264,0.1295221596956253,,,,,,0.11693030595779419,0.1254735141992569,0.1222168356180191,,,,,,0.11947603523731232,0.1351073980331421,0.1285741776227951,,,,,,,0.12993018329143524
20190811,,0.8244408965110779,0.589600682258606,0.44406139850616455,0.40909135341644287,0.4245653748512268,0.2866020202636719,0.3101082146167755,,,,,2.3957412242889404,0.5637533068656921,0.43632954359054565,0.39818331599235535,0.3093254864215851,0.5956106781959534,0.6051439642906189,,,,0.7543976306915283,,,,,0.32908308506011963,,,,,,,,,,,,,,,,,,,,,0.6176418662071228,0.13330674171447754,,,,0.09501100331544876,,0.20205847918987274,0.21659809350967407,0.1995929628610611,0.13069477677345276,0.10268869251012802,0.08968956768512726
20190812,,,0.3503339886665344,0.513380229473114,,,,,,0.25240376591682434,,,,0.47805067896842957,0.4365771412849426,0.4375930726528168,0.7670817375183105,1.1893377304077148,0.6620170474052429,0.27626994252204895,,,,,0.3429604470729828,0.25551438331604004,,,,0.3529511094093323,0.25415581464767456,,,,0.31732919812202454,0.21481816470623016,,,,,,,,0.09797047078609467,0.09610182046890259,,,,,,,,0.08045323193073273,,,,,,,,
20190813,0.32670387625694275,0.3681453764438629,0.448870986700058,0.5274858474731445,0.5110100507736206,0.5124684572219849,0.45028701424598694,0.7006238698959351,1.6681132316589355,0.514060378074646,,,2.4901282787323,0.8229785561561584,0.568208634853363,0.5412700176239014,0.9198811650276184,1.8051342964172363,2.104804277420044,0.6155775785446167,,,,,,0.6985322833061218,,,,,0.6639015078544617,,,,1.7513084411621094,0.45260345935821533,,,,,,1.3438135385513306,0.3746374547481537,,,,,,6.995040416717529,0.6847938299179077,,,,,,0.45550084114074707,5.689996242523193,3.9493918418884277,,,
20190814,,0.6700401902198792,0.5938645005226135,0.4858754873275757,0.4153915345668793,0.32100555300712585,0.24943777918815613,0.39432960748672485,0.811288595199585,0.293176531791687,0.33546289801597595,1.7367814779281616,1.7081725597381592,0.5026771426200867,0.4230261743068695,0.3125607371330261,0.2580290734767914,0.7004302144050598,0.6987141966819763,0.3075109124183655,,,,,0.4061257541179657,0.27523306012153625,,,,0.43881288170814514,0.3008584678173065,,0.16577719151973724,,0.6469240784645081,0.28584808111190796,,,,,,,0.2581392824649811,,0.13476409018039703,,0.26460129022598267,9.384613990783691,,,0.26789358258247375,0.11103129386901855,,0.12805305421352386,,0.15536129474639893,0.5172369480133057,0.7884458303451538,0.30719515681266785,,0.26007279753685
20190815,,,,,,,,,,0.33359140157699585,,,,,,,,,0.5808436274528503,,,,,,,,,,,,,,,,,,,,,,,,0.24195696413516998,,,,,,,,0.2180299460887909,,,,,,,0.3839571177959442,,,
20190816,,,,,0.22242330014705658,,,,,,0.16495205461978912,,,,,,,,,,0.14430683851242065,,,,,,0.15737228095531464,0.22976408898830414,,,,0.1592375785112381,0.17235155403614044,0.3437671661376953,,,0.16578318178653717,0.16216199100017548,0.24639864265918732,,,0.2657018005847931,,0.15653371810913086,0.16940848529338837,0.16690407693386078,0.25623172521591187,0.986043393611908,0.6653583645820618,0.23058153688907623,0.18837609887123108,0.13942638039588928,0.15883344411849976,0.1542053520679474,0.16007857024669647,0.21062636375427246,0.24447737634181976,0.2931848466396332,0.20038607716560364,0.17037305235862732,0.17511095106601715
20190817,,0.592211127281189,0.4170038104057312,0.2545154392719269,0.37015682458877563,0.43318435549736023,0.32449519634246826,0.41600021719932556,0.7292351126670837,0.18023037910461426,,3.2527880668640137,1.1880898475646973,0.29763272404670715,0.25954151153564453,0.3398447036743164,0.41600826382637024,0.6558948755264282,0.4467729330062866,,0.13939739763736725,,,,0.24634197354316711,0.20594945549964905,0.09968648105859756,0.27554741501808167,,0.269642174243927,0.21232889592647552,,0.21553578972816467,,0.28119605779647827,0.19671930372714996,,0.12697237730026245,0.37451672554016113,,,0.4950343072414398,0.20434355735778809,,,0.16577795147895813,0.3628101944923401,,7.289863109588623,0.39724141359329224,0.17628949880599976,,,,0.23486167192459106,0.34433236718177795,,,0.28107956051826477,0.2148982584476471,0.18442770838737488
20190818,,,,,0.4397159814834595,0.5043509006500244,,,,0.25262412428855896,,,,,,0.32713037729263306,0.5235763788223267,,,0.27394431829452515,,,,,,0.255962997674942,,,,0.3283328711986542,0.28725922107696533,,,,1.0626029968261719,0.3267827033996582,,,,,,0.6271505355834961,0.3295665383338928,,,,,,1.9929219484329224,0.719025194644928,0.30086570978164673,,,,,,,,0.2501199245452881,0.264864981174469,0.32622793316841125
20190819,,,0.6618180274963379,0.5512005090713501,0.4856076240539551,0.4718286395072937,0.3299301862716675,0.6036009788513184,,0.368306040763855,,,,0.5407823324203491,0.45007655024528503,0.42481714487075806,0.5103235244750977,0.8523983359336853,1.0285212993621826,0.4578772187232971,,,0.8874351978302002,,,0.2813527584075928,,,,0.4822641611099243,0.2808423638343811,,,,0.6077877283096313,0.2373642772436142,,,,,1.9079583883285522,0.426960289478302,,,,,,,0.7000374794006348,0.1864907145500183,0.17296405136585236,,,,,,,,,0.1449139267206192,0.19023548066616058
20190820,,,,,,,,,,,,,,,,0.5545434355735779,0.8161635398864746,,,,,,,,,0.22276446223258972,,,,0.3487425148487091,0.23583446443080902,,,,0.5123879313468933,0.21478380262851715,,,,,3.5394883155822754,0.41044819355010986,0.18288308382034302,,,,,,,0.3434036672115326,0.12847745418548584,,,,,,,,,,
20190821,,,,,,0.458036333322525,0.5092066526412964,0.8721977472305298,1.3958899974822998,0.5404895544052124,,,,,,0.5086035132408142,0.6476956009864807,1.702991247177124,0.8704824447631836,0.3328413665294647,,,,,0.34539565443992615,0.2331766039133072,,,,0.27440792322158813,0.22873911261558533,,,,0.5941756963729858,0.22208061814308167,,,,,,0.34035298228263855,0.16582347452640533,,,,,0.8836644291877747,0.5256446003913879,0.201564759016037,0.15588435530662537,,0.1636195182800293,,,,,0.22541740536689758,0.2195775806903839,,0.18551166355609894
20190822,0.3448297083377838,0.49098390340805054,0.8805116415023804,0.7150388360023499,0.5812370777130127,0.5975080132484436,0.5321316123008728,0.765163779258728,1.4547256231307983,0.28788769245147705,,,1.2324296236038208,0.6044061183929443,0.48214709758758545,0.48441240191459656,0.6130621433258057,1.2685456275939941,0.7209194302558899,0.2929888665676117,0.12783631682395935,,2.244546413421631,,,0.21792595088481903,0.13941393792629242,,,0.3077765703201294,0.22775579988956451,0.13191132247447968,0.12178423255681992,,,,0.11975216120481491,0.143514946103096,0.4480201303958893,,,0.4041791558265686,,,0.13190554082393646,0.14775294065475464,,,,,,,,,,0.16887594759464264,0.26146894693374634,0.6401095986366272,,,
20190823,,,,,,,,,,0.20136266946792603,,,,,0.21916832029819489,,,,,,,,,,0.28703489899635315,0.2392635941505432,,,,0.31880754232406616,0.24362196028232574,0.08425242453813553,,,0.7630650997161865,0.24281443655490875,,,,,5.286759853363037,1.014332890510559,0.21261027455329895,,,,,8.308906555175781,3.387770891189575,0.47828590869903564,0.21166938543319702,,,,,,,0.3861105144023895,0.21832913160324097,0.20726007223129272,0.19402140378952026
20190824,,,,,,,,,1.2246456146240234,0.5436944365501404,,,,,,,,,,0.522042453289032,,,,,,,,,,,,,,,,,,,,,,,,,,,,,,,,,,,,,,,,,
20190825,0.3504653573036194,0.46298205852508545,0.7576922178268433,0.5384132862091064,0.494346559047699,0.5933586359024048,0.5956592559814453,0.8127841949462891,1.0498148202896118,0.4287896156311035,,,1.1130657196044922,0.5316711664199829,0.4896232485771179,0.48958757519721985,0.6472005844116211,1.171480655670166,0.8725406527519226,0.4026755690574646,0.15093092620372772,1.1600369215011597,,,0.31873053312301636,0.26275479793548584,0.16162829101085663,,,0.362932413816452,0.2802143394947052,,,,,0.3297719359397888,,,,,,,,,,,,,,,,0.1477917581796646,0.1544344574213028,,,,0.19462722539901733,,,,
20190826,0.26759958267211914,0.5175028443336487,0.6884079575538635,0.4278104603290558,0.43125781416893005,0.5358333587646484,0.5019017457962036,0.6191045045852661,1.2058398723602295,0.41560888290405273,0.24030980467796326,1.0674539804458618,0.8667371869087219,0.3979230225086212,0.45570293068885803,0.4552021622657776,0.5423026084899902,0.8743345737457275,0.8522684574127197,0.32622021436691284,0.16641157865524292,0.6195085644721985,0.7915861010551453,,0.3082473576068878,0.23698574304580688,0.11108499020338058,0.39066842198371887,,0.4197169840335846,0.26348719000816345,,,,0.6495888829231262,0.28331464529037476,0.09366461634635925,,0.17859917879104614,,,0.46391817927360535,0.2403361052274704,,0.0959358885884285,0.10133703052997589,,1.167073130607605,0.45451411604881287,0.22845879197120667,0.20070159435272217,,,0.07604174315929413,,,0.4233567714691162,0.31956860423088074,0.1685873568058014,0.14420615136623383,0.16303184628486633
20190827,,,0.4432128369808197,,0.3971603512763977,0.5163010954856873,0.4724031686782837,0.5261287093162537,0.6597828269004822,0.2400428056716919,0.1894109547138214,,0.6915640830993652,0.3561161160469055,0.4326971173286438,0.43409639596939087,0.47896698117256165,,0.6995198726654053,0.30073314905166626,,,,,,,,,,0.3882618546485901,0.275012344121933,,,,0.792908787727356,0.27702537178993225,,,,,,0.46024593710899353,0.2471575140953064,,,,,,,0.28140348196029663,0.2244298756122589,,,,,,,,,0.18424661457538605,0.17697298526763916
20190828,0.7063737511634827,0.6727513074874878,0.9137738347053528,,,,,,,,,,4.858337879180908,,0.3934825658798218,,,,,,0.1719343364238739,,0.6077815890312195,,,,0.17390985786914825,0.7843524813652039,,,,0.16062818467617035,0.20476901531219482,,,,0.12503747642040253,0.1392524391412735,0.4887056350708008,,,,,0.1187702938914299,0.11841941624879837,0.16014531254768372,0.38957199454307556,,,,,,0.10663589835166931,0.10429254919290543,0.14236418902873993,0.22176463901996613,0.20177701115608215,0.24683432281017303,0.16177251935005188,,
20190829,,,0.7822885513305664,0.5253148674964905,0.5236079692840576,0.6331183314323425,0.6505286693572998,0.7452057600021362,2.049443006515503,0.828215479850769,,0.9307880401611328,2.1367862224578857,0.6078758239746094,0.5205700397491455,0.6288219094276428,0.6800651550292969,0.7877092957496643,1.8331596851348877,0.6702128648757935,0.17375656962394714,,2.529245615005493,,0.5175339579582214,0.3693065047264099,0.162387415766716,0.39120540022850037,,0.8230417370796204,0.3800959289073944,0.1638866513967514,0.22425007820129395,0.9095797538757324,1.5946693420410156,0.40352824330329895,0.13051140308380127,0.11381395906209946,0.28087055683135986,,,0.8330672979354858,,,,,,,,,,,,,,,,,,,
20190830,0.7222535014152527,0.7739288210868835,0.7173915505409241,0.44621923565864563,0.4328281581401825,0.474185973405838,0.403754323720932,0.558577299118042,1.238651990890503,0.4674266278743744,0.2667151689529419,2.622899293899536,1.9019697904586792,0.5247149467468262,0.4065653085708618,,,0.5924842357635498,0.9717599153518677,0.3748806118965149,,0.3689880967140198,3.454864025115967,,0.4493400752544403,0.2922312021255493,,1.9468942880630493,,0.5029105544090271,0.287774920463562,,0.2446659505367279,1.7466107606887817,1.078333854675293,0.28330591320991516,0.0948728695511818,0.0955895185470581,,,11.0965576171875,0.7433109283447266,0.26558271050453186,,0.09096473455429077,0.09784665703773499,0.19269296526908875,14.38136100769043,7.794479846954346,0.4374401569366455,0.24950361251831055,,,0.09622853994369507,0.10995899885892868,0.5486085414886475,2.0024824142456055,1.0774322748184204,0.28842753171920776,0.2375299334526062,0.20513853430747986
20190831,,,,0.43720224499702454,0.43164822459220886,0.5306262373924255,0.47044727206230164,0.5359925627708435,1.338008165359497,,,,,0.47641217708587646,0.4463030993938446,0.4693863093852997,0.4339906871318817,0.5886127352714539,0.876568615436554,0.3470627963542938,0.27937012910842896,,,4.180882930755615,0.3820694088935852,0.2216704934835434,0.2139894664287567,,,0.48185303807258606,0.25856661796569824,,,,0.8769626617431641,0.28654563426971436,,,,,,0.5295047760009766,0.27476075291633606,,,,,,,,0.2820679545402527,,,,,,,,0.32561156153678894,,0.2817783057689667
20190901,0.2678275406360626,,,,,,,,,,,,,,,,,,,,,,,,,,,,,,,,,,,,,,,,,,,,,,,,,,,,,,,,,,,,
20190902,0.783579409122467,0.7809568047523499,0.7405686974525452,0.4552348554134369,0.38435930013656616,0.49445486068725586,0.35754579305648804,0.5700583457946777,0.9478039741516113,0.3799949884414673,0.32235074043273926,3.4047274589538574,2.459419012069702,0.47757190465927124,0.35921600461006165,0.3828285038471222,0.3215150237083435,0.5766001343727112,0.6773082613945007,0.31415656208992004,0.19765201210975647,,1.5364118814468384,,0.32001128792762756,0.23778216540813446,,0.4047776162624359,,0.3882361650466919,0.24794578552246094,,0.19225141406059265,,0.7277467846870422,0.2421196848154068,,,0.27043604850769043,,,0.5259840488433838,0.23217235505580902,,,0.19885312020778656,0.29810214042663574,,3.5989441871643066,0.8115612864494324,0.23629777133464813,,,,0.21811150014400482,0.4957655668258667,0.4525356888771057,0.5436321496963501,0.2592351734638214,0.2368285357952118,0.23122082650661469
20190903,1.5093886852264404,0.9349671006202698,1.0008344650268555,0.6077205538749695,0.5646538138389587,0.6265255808830261,0.4403136670589447,0.592885434627533,1.4011130332946777,0.4324851930141449,,,2.9989209175109863,0.7397645115852356,0.5061949491500854,0.5218991041183472,0.419684499502182,0.7107040882110596,1.5826802253723145,0.40289655327796936,0.2904788553714752,0.9182511568069458,,,0.30446675419807434,0.33815839886665344,0.25167325139045715,,,0.5608097314834595,0.37090933322906494,0.21827246248722076,,,1.582295536994934,0.32483360171318054,,,,,12.339616775512695,0.9882997274398804,0.3203866183757782,,,,,10.153098106384277,8.957538604736328,1.577257752418518,0.29529011249542236,,,,,1.5204025506973267,1.444738745689392,1.2893296480178833,0.3175896406173706,0.2606244385242462,0.2726869583129883
20190904,0.9278682470321655,0.9600141644477844,1.0046519041061401,0.6472733020782471,0.5624932646751404,,,,,0.2742624878883362,0.3861100673675537,2.7046194076538086,1.501739263534546,0.5467267632484436,0.45941463112831116,0.5102564096450806,0.4136565625667572,0.6725769639015198,1.0213595628738403,0.35414743423461914,0.3137615919113159,0.7351770401000977,1.181310772895813,,0.34013304114341736,0.22175128757953644,0.31023266911506653,0.46212393045425415,,0.4164871871471405,0.30341237783432007,0.2343526929616928,0.24290300905704498,1.1722124814987183,0.9469019770622253,,0.19747549295425415,0.19402837753295898,0.27561914920806885,,,0.47459638118743896,0.25473910570144653,0.1786232441663742,0.18494375050067902,0.194492369890213,,,,0.43805503845214844,0.20985659956932068,0.16864898800849915,0.16792283952236176,0.17726603150367737,0.17053601145744324,0.255479097366333,0.2616206109523773,0.24029716849327087,,0.1892460286617279,
20190905,0.9499880075454712,1.1745193004608154,0.974247395992279,0.5040629506111145,0.4657105505466461,0.5000441074371338,0.371445894241333,0.47273287177085876,1.1129653453826904,0.5618014931678772,0.3914463222026825,3.136399269104004,1.7090119123458862,0.48621779680252075,0.39001840353012085,0.4232323467731476,0.40427839756011963,0.6322880983352661,1.0765587091445923,0.39840951561927795,0.2835130989551544,2.2282443046569824,,,0.41634106636047363,0.32911959290504456,,,,0.4473523497581482,0.3270489275455475,,0.25600466132164,,0.9131489396095276,0.32494235038757324,,,2.683666706085205,,5.05214262008667,0.857987642288208,0.271902859210968,0.2175440788269043,0.21508178114891052,0.21140259504318237,0.6435032486915588,,2.3189685344696045,0.948701024055481,0.24122337996959686,0.18489982187747955,0.18499678373336792,0.1928536295890808,0.22151382267475128,0.6118777394294739,0.5651513338088989,0.4289049506187439,0.2558492422103882,0.2785695493221283,0.21380767226219177
20190906,0.4661690294742584,0.5646859407424927,,,,,,,,,,,,,,,,,,,,,,,,,,,,,,,,,,,,,,,,,,,,,,,,,,,,,,,,,,,
20190907,,,,,,,,,,,,,,,,,,,,,,,,,,,,0.20077204704284668,,,,,,,,,,,,,,,,,,,,,,,,,,,,,,,,,
20190908,,,,,,,0.2797008752822876,0.3418470621109009,,0.2070811539888382,,,,,,0.2860211730003357,0.4005104601383209,0.46087315678596497,0.8859168291091919,0.2956557869911194,,,,,0.37796857953071594,,,,,,,,,,,,,,,,,5.342137336730957,,,,,,4.055948257446289,2.74009108543396,3.1934196949005127,,,,,,,0.4703325927257538,0.8216403126716614,0.3257630169391632,1.0381314754486084,
20190909,0.40507617592811584,0.769990861415863,0.8553160429000854,0.6150510907173157,0.5403053760528564,0.5842766761779785,0.6002223491668701,0.5423205494880676,,0.18917101621627808,0.2706942856311798,1.1035336256027222,1.6654492616653442,0.49612367153167725,0.5180527567863464,0.6335690021514893,0.532444179058075,0.7800341248512268,0.6636109352111816,0.2751094102859497,0.17203471064567566,0.5432732701301575,1.219812273979187,,0.292084664106369,0.24468615651130676,0.18998309969902039,0.37040039896965027,,0.4099040925502777,0.2479761391878128,0.17415140569210052,0.264386385679245,,0.9017159938812256,0.2344675362110138,0.17737245559692383,0.21738900244235992,,,,0.5225527882575989,0.21354159712791443,0.16740788519382477,0.16525693237781525,0.2215764969587326,0.4902288615703583,2.396394729614258,0.5733353495597839,0.2582286596298218,0.19274333119392395,0.14301463961601257,0.14929208159446716,0.1586778163909912,0.17939430475234985,0.3301674425601959,0.27917978167533875,0.3114473819732666,0.18439161777496338,0.2396119236946106,0.18579420447349548
20190910,,,0.4630031883716583,0.5161567330360413,0.5096102952957153,0.5658074617385864,0.578984797000885,0.5081393122673035,1.3692822456359863,0.35299283266067505,,,0.33637309074401855,0.3521334230899811,0.4050386846065521,0.565478503704071,0.5479920506477356,0.8889879584312439,1.1628164052963257,0.3684057593345642,,,,,0.533942461013794,0.25968852639198303,,,,0.4401302635669708,0.26841437816619873,,,,1.2306735515594482,0.2933715581893921,,,,,14.943319320678711,1.193617343902588,0.2900662422180176,,,0.12887395918369293,,6.739389896392822,4.074009895324707,0.45635923743247986,0.27416688203811646,,,,,,,0.30443698167800903,0.2833636403083801,0.36217352747917175,0.27399417757987976
20190911,0.78355473279953,1.1107183694839478,0.8618113398551941,0.5756348371505737,0.5250179171562195,0.5088494420051575,0.3757653534412384,0.2608734965324402,1.1924923658370972,0.42040881514549255,0.4478524923324585,1.2773877382278442,2.4922034740448,0.6215157508850098,0.5773223638534546,0.5585227012634277,0.43317726254463196,0.5755607485771179,1.018446683883667,0.4229601323604584,,,2.1237404346466064,,0.5015562176704407,0.2587997615337372,,,,0.42731353640556335,0.24858124554157257,,,,,0.26401692628860474,,,,,,,,,,,,,,,,,,,,0.5397992730140686,0.4220896363258362,0.3374820947647095,0.23438553512096405,,
20190912,,,0.6149598956108093,0.525006115436554,0.4898431599140167,0.5137351155281067,0.46219122409820557,0.4289795756340027,1.2474476099014282,0.37879040837287903,,,0.9732321500778198,0.5404198169708252,0.5198817849159241,0.5388004183769226,0.4894806742668152,0.5665513873100281,0.8241826891899109,0.3929864168167114,,,1.386872410774231,,0.3891583979129791,0.2536561191082001,,,,0.35506775975227356,0.20600751042366028,,,,0.712355375289917,0.20327141880989075,,,0.1766674518585205,,,0.4445689618587494,0.2003830224275589,,,0.13477054238319397,,0.7378876805305481,0.3129085600376129,0.22401653230190277,0.1916954517364502,,,0.13493917882442474,0.12150216102600098,,,0.34197303652763367,0.20705504715442657,0.19495630264282227,0.1367502212524414
20190913,,,,,,,,,,,,,,,,,,,,,,,,,,,,,,,,,,,,,,,,,,,,,,,,,,,,,,,,,,,,,
20190914,1.4963274002075195,2.174225091934204,1.8136037588119507,0.7245285511016846,0.5607916712760925,0.5758806467056274,0.6066728830337524,0.5395009517669678,,1.0124047994613647,,,,1.0058764219284058,0.8100788593292236,0.7171311378479004,0.6524955630302429,0.762818455696106,1.8490155935287476,0.6457739472389221,,,,,,0.40157169103622437,,,,,0.43264129757881165,,,,3.159388780593872,0.5799827575683594,,,,,,0.9109464287757874,0.33560851216316223,,,,,,1.7325767278671265,0.4292770028114319,0.30748075246810913,,,,,,0.7953100204467773,0.7591906189918518,0.3749130368232727,0.3402702212333679,0.3267757296562195
20190915,,,,,,,,,,,,,,,,,,,,,,,,,,0.35555651783943176,,,,,,0.227029949426651,,,,1.0136549472808838,,,,,,1.7426007986068726,0.41401973366737366,,,,,,,0.3934345543384552,0.30810651183128357,0.18643423914909363,,,,,0.8660450577735901,,,,
20190916,0.6792125105857849,0.8853967785835266,0.7813474535942078,0.5581562519073486,0.45052289962768555,0.46657508611679077,0.44463634490966797,0.5236127972602844,1.1037864685058594,0.3927754759788513,0.36834970116615295,2.103982448577881,2.85846209526062,0.5544443726539612,0.5254486203193665,0.5120980739593506,0.47473591566085815,0.531413197517395,0.6562981605529785,,0.2019580900669098,0.6601439118385315,1.232905626296997,1.129828929901123,0.5640016198158264,0.2563653290271759,0.1851358711719513,0.48372191190719604,,0.6872616410255432,0.3027242124080658,0.1777270883321762,0.22604863345623016,0.866783618927002,1.0779489278793335,0.28056639432907104,0.16255421936511993,0.14594784379005432,0.3839699327945709,,2.1152055263519287,0.3779178857803345,,0.15875093638896942,0.1452111154794693,0.16282004117965698,0.430806040763855,1.5654196739196777,0.6854633688926697,0.23939508199691772,0.15948498249053955,0.16737374663352966,0.15946614742279053,0.14718632400035858,0.16472820937633514,0.23465998470783234,0.2596045732498169,0.2675771117210388,0.20694062113761902,0.15921925008296967,0.15321198105812073
20190917,0.4180546998977661,0.647413969039917,0.6163948774337769,0.5146891474723816,0.41953837871551514,0.40009820461273193,0.3183021545410156,0.41229724884033203,0.9251164197921753,0.39591631293296814,,1.7346242666244507,1.4678940773010254,0.5626142621040344,0.5025700330734253,0.4523038864135742,0.4041554033756256,0.6066830158233643,0.9703376293182373,0.3916202485561371,0.1313788741827011,,1.8594940900802612,2.2179791927337646,1.240038514137268,0.3646776080131531,,,,1.9660518169403076,0.4758690595626831,,0.13503143191337585,,1.9795955419540405,0.36726778745651245,0.10239061713218689,0.10379816591739655,,,9.154766082763672,0.9516265392303467,0.28462350368499756,0.0981372520327568,0.1167401447892189,0.11166789382696152,0.19451116025447845,11.83012866973877,2.9574384689331055,0.39759010076522827,0.2418244183063507,0.09748539328575134,,0.09994681179523468,0.12817665934562683,0.26911792159080505,0.41261476278305054,0.39689067006111145,0.24386495351791382,0.2372319996356964,0.21952682733535767
20190918,0.42841222882270813,0.6826931238174438,0.5374801158905029,0.47780582308769226,0.4167720079421997,0.35173895955085754,0.2743343710899353,0.2890513837337494,0.6164440512657166,0.3663162887096405,0.3528047502040863,1.7367056608200073,,,0.3985862731933594,0.3935490548610687,0.3249833583831787,0.3750634789466858,,0.27454131841659546,0.20257695019245148,0.24767349660396576,,,,0.1691143959760666,0.1709911972284317,0.38418835401535034,,1.2738367319107056,0.3358946144580841,,0.24049419164657593,0.5135526061058044,1.73029625415802,0.3986649215221405,,0.17499525845050812,0.34247443079948425,,6.772076606750488,0.8239744305610657,0.2636544108390808,,,,,7.293206214904785,2.436443328857422,0.4114586412906647,0.2312455177307129,,,,,,,0.48668476939201355,0.2620221972465515,0.23391000926494598,0.21822094917297363
20190919,1.5249314308166504,1.8602229356765747,1.1698756217956543,0.6720489263534546,0.47549936175346375,0.35153108835220337,0.30108800530433655,0.33674734830856323,0.6279163956642151,0.35622942447662354,1.348591685295105,9.327192306518555,4.731741428375244,0.8978750705718994,0.6497116088867188,0.4732775092124939,0.36012446880340576,0.5346761345863342,0.8510445356369019,0.4403025507926941,0.5556327700614929,5.214736461639404,2.6297800540924072,,,0.2981848418712616,0.281848669052124,,,1.152872920036316,0.5928396582603455,,,,4.016136646270752,1.1665031909942627,,0.2555276155471802,0.7488943934440613,,10.167241096496582,2.1549794673919678,0.2814764082431793,,0.23363126814365387,0.2720507085323334,0.41910916566848755,,4.697582721710205,0.5760418176651001,0.27019745111465454,0.23665431141853333,0.22442109882831573,0.22356268763542175,0.2969704270362854,1.4384657144546509,1.477156639099121,1.7645344734191895,0.44265058636665344,0.3416725695133209,0.26742568612098694
20190920,,,,,,,,0.442383736371994,,0.5708971619606018,,,,,,,,,3.1873013973236084,,,,,,,,,,,,,,,,,,,,,,,,,,,,,,,,,,,,,,,,,,
20190921,,,,,,,,,,,,,,,,,,,,,,,,,,,,,,,,,,,,,,,,,,,,,,,,,,,,,,,,,,,,,
20190922,0.3747589886188507,0.5586966276168823,0.5415410995483398,0.5116172432899475,0.4035574197769165,0.31120508909225464,0.2414805144071579,0.2700248658657074,1.2570688724517822,0.4306012690067291,0.31024953722953796,2.5401554107666016,0.47203734517097473,0.41939714550971985,0.4560205042362213,0.3982439339160919,0.35520869493484497,0.4686363935470581,1.1219912767410278,0.5134597420692444,0.19830350577831268,,0.6884084939956665,,0.6473059058189392,0.4598621428012848,0.16250425577163696,,,0.5048403143882751,0.293693482875824,,0.2346796989440918,,0.7053057551383972,0.3200855553150177,0.17587821185588837,0.17348358035087585,0.2773054838180542,,,0.4763110280036926,0.27524474263191223,0.1750825047492981,0.17794004082679749,0.16329330205917358,0.24093987047672272,0.7432652115821838,,0.29838335514068604,0.260726660490036,0.17462921142578125,0.18270204961299896,0.180155411362648,0.17619545757770538,0.22171765565872192,0.22509893774986267,0.24856410920619965,0.20320579409599304,0.21181054413318634,0.19354496896266937
20190923,0.5442280769348145,0.7025747299194336,0.6771695017814636,0.6009547710418701,0.42031821608543396,0.344914048910141,0.25037986040115356,0.32791197299957275,0.8594523668289185,0.3268330693244934,0.43815863132476807,0.8065609335899353,0.6882753968238831,0.3910277783870697,0.4514094293117523,0.37869691848754883,0.2950400412082672,0.41207969188690186,0.8893752694129944,0.405320405960083,0.22348707914352417,0.3642699420452118,,,0.4996007978916168,0.3505595922470093,0.1805577129125595,0.2954423129558563,,0.6118984222412109,0.3608863055706024,0.15632091462612152,0.17523585259914398,,0.5589503049850464,0.32771727442741394,0.1646186113357544,,,,,0.5638893842697144,0.318226158618927,,,,,1.6899255514144897,0.8984658122062683,0.5146679878234863,0.31090113520622253,0.16298438608646393,,,,,,0.4801517128944397,0.22550655901432037,0.17869701981544495,0.14733023941516876
20190924,,0.7548852562904358,0.574134886264801,0.5330848693847656,0.429053395986557,0.38117772340774536,0.27300235629081726,0.29462945461273193,,0.37044423818588257,0.5809088349342346,,0.8944992423057556,0.3735196888446808,0.5176483988761902,0.4786761701107025,0.3753470182418823,0.3965531885623932,0.7945270538330078,0.4474680721759796,,,,,,0.3986580967903137,,,,,,,,,,0.19328179955482483,,,,,,,,,,,,,,,,,,,,,,,,,
20190925,0.4282749891281128,0.8708077669143677,0.774224042892456,0.6029769778251648,0.46929943561553955,0.41058579087257385,0.2987048923969269,0.30023932456970215,0.711132824420929,0.4467709958553314,0.42507532238960266,,1.8211396932601929,0.4477439820766449,0.5201560258865356,0.48608556389808655,0.3871016800403595,0.4183238446712494,0.5686705708503723,0.35695311427116394,,,1.6630841493606567,,,0.36752375960350037,,,,,,,0.20984874665737152,,,0.2961824834346771,0.20541657507419586,0.19387085735797882,,,,,,0.16510604321956635,,,,,,,,,,,,,0.16019023954868317,0.18400846421718597,,,
20190926,0.4155692160129547,0.6821109652519226,0.6549699306488037,,,,,,,0.4924156367778778,,,,0.38979795575141907,0.4630861282348633,0.4946959614753723,0.4028396010398865,0.4234107732772827,8.9647855758667,1.0192450284957886,0.21399664878845215,,1.6631101369857788,,17.175987243652344,0.89883953332901,0.20600102841854095,0.876139760017395,,7.310951232910156,0.5809855461120605,,0.3698720335960388,2.1533021926879883,1.5142548084259033,0.6037260293960571,,,0.6713066101074219,,6.032958984375,1.5213886499404907,0.4503045082092285,,,,0.7618328332901001,,3.3856215476989746,0.5887358784675598,0.32446953654289246,,,,0.3397148847579956,0.7009124159812927,0.4572058916091919,0.4442111849784851,0.2762564420700073,0.2731594443321228,0.2891010344028473
20190927,0.22159028053283691,0.4338234066963196,,,,,,,,,0.18386004865169525,0.8895794153213501,,,,,,,,,,0.23465029895305634,,,,,,,,,,,,,,,,,0.20938071608543396,,,,,,,,,,,,,0.1906246393918991,0.17038637399673462,,,,,,,,
20190928,,,,,,,,,0.6035614609718323,0.4515472948551178,,,,,0.43314000964164734,0.4530363976955414,0.3197646141052246,0.3716807961463928,2.361358880996704,0.8204067945480347,,,1.1850662231445312,,12.087024688720703,0.9733655452728271,,,,,0.3467720150947571,,,,1.628682017326355,0.40994560718536377,0.12279662489891052,,,,,0.5669237971305847,0.3066105842590332,,0.12287770211696625,0.13984361290931702,,,,,0.2599514424800873,0.10352394729852676,,0.1378321796655655,0.12543699145317078,0.14450998604297638,,,,0.20183731615543365,0.19281689822673798
20190929,,0.6923002004623413,0.9093649387359619,0.6112791299819946,0.5003076791763306,0.452551007270813,0.28268691897392273,0.35476577281951904,0.6022751331329346,0.5616907477378845,0.265933632850647,,0.6540460586547852,0.46362918615341187,0.49085909128189087,0.46511638164520264,0.3652550280094147,0.4305594265460968,1.8052431344985962,0.95143061876297,,0.22528529167175293,1.3684355020523071,,,0.2999784052371979,0.19175565242767334,,,,0.3186767101287842,0.24057646095752716,0.20490893721580505,,0.4276760220527649,0.3011607825756073,0.16108623147010803,0.17467735707759857,0.18702208995819092,,,,0.19971902668476105,0.14035922288894653,,,,,,,,,,,,,,0.30150550603866577,0.2107471376657486,,
20190930,,0.6904791593551636,1.0403140783309937,0.6271231174468994,0.5151872634887695,0.4366604685783386,0.27300190925598145,0.3410159647464752,0.6340810060501099,0.5687277317047119,,1.1720119714736938,1.5746431350708008,0.5719600915908813,0.5141057372093201,0.4736132025718689,0.39050161838531494,0.4882669448852539,3.5911123752593994,0.8697095513343811,0.17705436050891876,,2.641653537750244,,7.56646728515625,0.5148990154266357,0.17621777951717377,0.9143308401107788,,5.584774971008301,0.5480506420135498,0.2200057953596115,0.5412641167640686,1.897560477256775,2.1650898456573486,0.43336525559425354,,0.2387911081314087,,,,1.8293462991714478,0.38511601090431213,,0.181073397397995,,,,1.6766847372055054,0.5306539535522461,0.33488914370536804,,,0.15482844412326813,,,,0.4267560541629791,,,
20191001,0.6202322244644165,1.0131369829177856,1.321502923965454,0.5975443124771118,0.4994969964027405,0.39140555262565613,0.24622337520122528,0.2406034618616104,0.6450774669647217,1.1417373418807983,0.5802820920944214,2.9865381717681885,1.8926957845687866,0.5001934766769409,0.4804863929748535,0.4050666391849518,0.3170904517173767,0.46068859100341797,5.679798126220703,2.0681827068328857,,,2.234454870223999,,16.009483337402344,0.7789928317070007,,,,3.4503402709960938,0.7054767608642578,,,,1.1349750757217407,0.5760953426361084,,,,,7.4133172035217285,1.2483656406402588,0.34959134459495544,,,,,12.168137550354004,2.6627862453460693,0.5988130569458008,0.315455824136734,,,,,,0.5863861441612244,0.6559801697731018,0.361642062664032,0.3275570869445801,
20191002,0.37322866916656494,,0.7152689695358276,0.5886548161506653,0.4730698764324188,0.336906373500824,0.24400928616523743,0.3695121109485626,1.367091178894043,0.8543103337287903,0.4007771611213684,,2.4221742153167725,0.4475020170211792,0.4377959072589874,0.3658372163772583,0.2746083736419678,0.5234071612358093,1.6669433116912842,0.9403802156448364,0.4062133729457855,1.9487568140029907,1.7983535528182983,,4.319447040557861,0.7578352093696594,0.370260626077652,1.3538539409637451,,1.2316330671310425,0.6994830369949341,0.3314063251018524,0.5833531022071838,1.6205933094024658,1.0144034624099731,0.6799554228782654,0.2535933256149292,0.3029550015926361,0.7350081205368042,,,0.8654748797416687,0.3658277988433838,0.22663147747516632,0.22514919936656952,0.2549191117286682,0.6969799399375916,12.106945037841797,1.3014793395996094,0.6079608201980591,,0.21392132341861725,0.21837203204631805,0.22626787424087524,0.23241734504699707,0.4201712906360626,0.7951217293739319,0.6722452044487,0.37347739934921265,0.35560089349746704,
20191003,,1.1466292142868042,1.1209872961044312,0.5574946403503418,0.42106449604034424,0.26604780554771423,0.2084556221961975,0.3955252766609192,0.9869198799133301,0.9129443764686584,,0.5712053775787354,1.7918074131011963,0.41628819704055786,0.39979320764541626,0.30896085500717163,0.25100958347320557,0.4857849180698395,1.2179019451141357,0.940741240978241,0.3440915644168854,0.7888029217720032,1.8201380968093872,,2.834373950958252,0.7676174640655518,0.34689369797706604,1.0685120820999146,,1.2599174976348877,1.0923696756362915,0.28764665126800537,0.7105916142463684,,0.8973190188407898,0.7014310359954834,0.1930301934480667,0.3076595067977905,0.8518950343132019,,3.20306396484375,0.927553653717041,0.511526346206665,0.17977958917617798,0.22437193989753723,0.3156181573867798,0.6470744609832764,7.119944095611572,1.7266050577163696,0.7695147395133972,0.39438167214393616,0.20529480278491974,0.21937625110149384,0.23818522691726685,0.279619961977005,0.5840040445327759,1.1581504344940186,0.899849534034729,0.5610982179641724,0.5067880153656006,0.3911614418029785
20191004,,,,0.5217500925064087,0.43669599294662476,0.31987375020980835,0.23278801143169403,0.33322015404701233,0.8823525309562683,,,,,,0.38714948296546936,0.342928022146225,,0.3104340136051178,,,0.2764493227005005,,,,,,0.3573627173900604,0.27962976694107056,,,0.4671870768070221,0.37414973974227905,0.33302196860313416,,,,0.3128187358379364,0.30305641889572144,0.4111478626728058,,,,,0.25314944982528687,0.2526206374168396,0.31030964851379395,0.41550955176353455,,,0.34173357486724854,,0.28369665145874023,0.27507299184799194,0.29236242175102234,0.2416110783815384,0.3078957498073578,0.37972593307495117,0.4477066993713379,0.2965327203273773,,0.2749302387237549
20191005,2.1824307441711426,,,,,,,,0.5263950824737549,0.6116729974746704,,,,,0.27276286482810974,0.2490275353193283,0.21128663420677185,0.3241705000400543,1.4012869596481323,0.7877434492111206,,,,,0.7622101902961731,0.5139995813369751,,,,0.7156813144683838,0.5668253302574158,,,,0.9890956878662109,0.6492002606391907,,1.0206478834152222,2.955277919769287,,3.635366916656494,1.931302547454834,0.48668110370635986,,0.3356105387210846,0.5458053946495056,3.112699270248413,6.0001726150512695,5.170173645019531,1.4275223016738892,0.47826099395751953,0.28717344999313354,0.2995772361755371,0.4277838468551636,0.5355467796325684,2.1032979488372803,2.003159284591675,1.8636325597763062,0.5512773990631104,0.40545031428337097,0.28522446751594543
20191007,,,0.3511557877063751,,0.41991370916366577,0.36595645546913147,,,,,,,,0.3183092474937439,0.44453534483909607,0.4300917387008667,0.37228304147720337,,,,0.2559365928173065,,,1.6636642217636108,,,0.35909339785575867,0.42460888624191284,,,,0.21038377285003662,0.3173619508743286,,,0.3820952773094177,,,,,,0.351047545671463,0.35364964604377747,,,,,,,0.3469165861606598,0.3311797082424164,,,,,,,,,,
20191008,0.7908592224121094,1.012786865234375,0.5884433388710022,0.568955659866333,0.480776846408844,0.33574649691581726,0.2256523221731186,,,0.5746459364891052,0.7175537347793579,1.3923324346542358,1.0140117406845093,0.4531329572200775,0.431316077709198,0.3444177806377411,0.26437491178512573,0.20497402548789978,0.6760450005531311,0.6128031015396118,0.5255118012428284,1.0050112009048462,0.5561655163764954,,0.7354774475097656,0.6486184000968933,0.4814244210720062,1.3996295928955078,,0.5522415041923523,0.6435909271240234,0.32713499665260315,0.5597600936889648,1.5984797477722168,0.7152727246284485,0.5842646956443787,0.26458466053009033,0.41656938195228577,0.48307037353515625,,4.049736976623535,0.6138095259666443,0.3962559401988983,0.2109125256538391,0.2550705373287201,0.2714504897594452,0.32310664653778076,,0.8775860667228699,0.5194566249847412,0.25072944164276123,0.15408597886562347,,0.22111737728118896,0.24475571513175964,0.2909882664680481,0.2945984899997711,0.3249364197254181,0.3193739056587219,0.33052483201026917,0.2615746557712555
20191009,0.3200840950012207,0.6256617307662964,0.3879372179508209,0.4604635238647461,0.3819710910320282,0.2522706389427185,0.19909846782684326,0.3651144206523895,0.6895203590393066,0.6257146000862122,0.31579893827438354,0.8004197478294373,,,,0.22825197875499725,0.2070624828338623,0.27905023097991943,0.31105369329452515,0.6949284076690674,0.2502098083496094,,,,,0.5254858732223511,0.24713073670864105,0.3211038410663605,,,0.3345167636871338,0.287173867225647,0.31758353114128113,0.19934146106243134,0.34705889225006104,0.4330318868160248,,0.32443276047706604,0.24062243103981018,,,0.3244401514530182,0.31873857975006104,0.23170524835586548,0.24005019664764404,0.2513505220413208,0.2643674314022064,,0.4350760281085968,0.4206385612487793,0.2933843433856964,,,0.23129881918430328,0.25380656123161316,0.287736713886261,0.248878613114357,0.29898327589035034,0.241543710231781,,0.17552118003368378
20191010,,,,,,,,,0.37427064776420593,0.3595162034034729,0.48134252429008484,,,,,,,0.16764584183692932,,,0.6354705095291138,,,,,,0.5293448567390442,1.9239884614944458,,,,0.4974484443664551,0.9209865927696228,,,0.263837993144989,0.428762823343277,0.6270103454589844,0.528931200504303,,,0.23523730039596558,,0.2940845489501953,0.3650308847427368,0.3743232488632202,0.45342394709587097,,,,0.15558114647865295,0.24699684977531433,0.40264230966567993,0.39205223321914673,0.45862022042274475,0.46621647477149963,0.3774876892566681,0.33986130356788635,0.21140682697296143,0.1548815220594406,
20191011,0.7292695045471191,0.7622431516647339,0.4300652742385864,0.5060357451438904,0.34383127093315125,0.2534942328929901,0.19345015287399292,0.24060654640197754,,,0.48752427101135254,2.3200042247772217,0.8939972519874573,0.3577280342578888,0.3255713880062103,0.21258993446826935,0.20041407644748688,0.3094191253185272,,,,,,,,,0.48137328028678894,0.8155648112297058,,,0.3500727415084839,0.5193668007850647,0.8686972260475159,1.046189785003662,0.283796489238739,0.5057616233825684,0.48927995562553406,0.749809980392456,0.6092601418495178,,,,0.5639382004737854,0.4011005163192749,0.46524831652641296,0.5896494388580322,0.9464747309684753,,,0.4495657682418823,,0.46098223328590393,0.5318614840507507,0.5803347826004028,0.7322595119476318,1.133995532989502,0.7429900765419006,,0.40009427070617676,0.48997873067855835,
20191012,0.7459408640861511,0.71882164478302,0.45344042778015137,0.48151370882987976,0.32777276635169983,0.25898265838623047,0.21929419040679932,0.27818068861961365,,0.41523778438568115,0.6003270745277405,0.9360517859458923,1.0481388568878174,0.4177713394165039,0.37427160143852234,0.28772929310798645,0.2580251097679138,0.386470228433609,0.5262392163276672,0.4395143985748291,0.6243929266929626,2.2831625938415527,0.6195816993713379,,0.419826865196228,0.476205050945282,0.5713858008384705,2.090991258621216,,0.3896670341491699,0.3407996892929077,0.5778258442878723,0.9849472045898438,1.2137633562088013,0.453969806432724,0.3135771155357361,0.518036425113678,0.7485053539276123,0.6198965907096863,,,0.3371199071407318,0.32721731066703796,0.37487855553627014,0.399585098028183,0.5955861210823059,0.9317430853843689,3.8229317665100098,,0.3371165990829468,0.2679225206375122,0.3032299280166626,0.28998276591300964,0.41487613320350647,0.5958287715911865,1.2325925827026367,1.1714907884597778,0.7693485021591187,0.4105456471443176,0.461998850107193,0.42349773645401
20191013,,,0.4028414487838745,,,,,,,,,,,0.3873409032821655,0.39502182602882385,0.3226983845233917,,,,,,,,,,0.7372216582298279,,1.0427725315093994,,0.6839598417282104,0.7040643095970154,0.6301091313362122,0.8188657164573669,0.9732900857925415,0.5720402598381042,0.5908520817756653,0.4700947701931,0.7684423327445984,1.289383053779602,,0.7986451983451843,0.5165836215019226,0.5477853417396545,0.48175275325775146,0.5340514779090881,0.61786949634552,0.7549654245376587,,0.7534797787666321,0.6205361485481262,0.5541638135910034,0.4826461374759674,0.48436257243156433,0.3981301486492157,0.5815398097038269,1.2727932929992676,1.4800145626068115,1.1724934577941895,0.8940565586090088,0.7720436453819275,0.6437629461288452
20191014,,,,0.22699198126792908,,0.16284812986850739,0.14706270396709442,,0.7270932197570801,0.35704389214515686,,,,,,,,0.3801918923854828,0.569354772567749,0.616245687007904,,,,,0.6784366369247437,0.930770754814148,,,,,1.436098575592041,,,,0.8277336359024048,1.4024814367294312,,,,,,0.9725326299667358,0.7792305946350098,,,,,,0.6978252530097961,0.7891386151313782,0.649245023727417,,,,,,,,,,
20191015,,,0.28460967540740967,0.23342955112457275,,0.1447477489709854,0.16125144064426422,0.22077934443950653,0.7154402136802673,0.3420921564102173,,,0.3298545777797699,0.2809942066669464,,0.2104049175977707,0.23340731859207153,0.3102242648601532,0.5688251852989197,0.46248558163642883,,,,,0.47483450174331665,0.35378289222717285,0.6013634204864502,,,,,,,,,,,,,,,,,,,,,,,,,,0.49755266308784485,,,,,,,,
20191016,0.5652692317962646,0.6158112287521362,,,,,,,,,0.6066063642501831,0.8831512331962585,,,,,,,,,0.48705029487609863,0.7898383140563965,,,,,0.5099679827690125,0.5494409799575806,,,,0.6093332767486572,0.8784104585647583,,,,0.44859251379966736,,,,,,0.3102543354034424,0.4732806384563446,,,,,,0.48617902398109436,0.39742839336395264,0.49603235721588135,,,,,,,,0.6887803673744202,0.6925180554389954
20191017,0.5243959426879883,0.4692773222923279,0.4026171565055847,0.3601852059364319,0.20588962733745575,0.1570041924715042,0.16870377957820892,0.27103206515312195,,,0.6064398884773254,1.387597680091858,0.9232531785964966,0.3176931142807007,0.3237823247909546,0.2637874186038971,0.20485933125019073,,,,0.630952000617981,0.8746389150619507,0.5243313908576965,,,,0.6017329692840576,0.7304534316062927,,,,0.6044526696205139,1.0269958972930908,4.2467041015625,0.7717392444610596,,0.40201637148857117,0.8196852803230286,1.874990701675415,,,,,0.39912307262420654,0.4742546081542969,0.7093260884284973,0.9701091647148132,5.327167987823486,0.844268798828125,0.46404674649238586,0.3819395899772644,0.4154180884361267,0.44908958673477173,0.4304121136665344,0.604464590549469,1.2726877927780151,1.0900169610977173,0.7414464354515076,0.6496343612670898,0.5373069047927856,0.47590455412864685
20191018,,,,,,0.1740264594554901,0.17437289655208588,,,0.28641608357429504,,,,,,,,,,,,,,,,,,,,0.6143965721130371,0.5442660450935364,,,,0.9635253548622131,0.5878483057022095,,,,,,0.8328237533569336,0.9653534889221191,,,0.32384175062179565,,,,0.547988772392273,0.7383463382720947,,,0.29236671328544617,0.2323254495859146,,,,,,0.5720469355583191
20191019,,,,,,,,,,,,,,,,,,,,,,,,,,,,,,0.7469580173492432,0.47859326004981995,,,,1.0336356163024902,0.32377889752388,,,,,,0.8248116374015808,0.582316517829895,0.19514504075050354,,,,,,,0.40906575322151184,0.15962368249893188,0.1484028398990631,,,,,,,,
20191020,,,,,,,,,,,,,,,,,,,,,,,,,,,,,,,,,,,,,,,,,,,,,,,,,,,,,,,,,,,,,
20191021,,,0.523981511592865,0.5438191294670105,0.5302322506904602,0.3973071873188019,0.25900566577911377,0.3450813591480255,0.6587609052658081,0.6373297572135925,,,0.6116831302642822,0.6890286207199097,0.6571480631828308,0.5698203444480896,0.4874323904514313,0.3869989216327667,1.3220716714859009,0.7229819893836975,,,1.1578315496444702,,3.0346851348876953,0.7113268375396729,,,,2.8598709106445312,0.662215530872345,,,,1.7632173299789429,0.5848463773727417,,,,,4.635868549346924,2.051870822906494,0.7683243155479431,,0.17408868670463562,0.17975665628910065,,6.615386009216309,2.715630054473877,1.0293558835983276,0.4426419734954834,,,,,,,0.7435618042945862,0.45691272616386414,0.3814752995967865,0.2404441386461258
20191022,0.6107234954833984,0.7322973012924194,0.7289720177650452,0.4782905578613281,0.48092418909072876,0.27133628726005554,,0.3773096203804016,0.5941107869148254,0.8353095650672913,0.5485533475875854,2.169956684112549,0.9984979629516602,0.581383466720581,0.5562554597854614,0.48563912510871887,0.3932277262210846,0.3444109261035919,0.9443811774253845,0.6526823043823242,0.47114166617393494,1.1952996253967285,0.8801700472831726,,3.6136128902435303,0.7495622038841248,0.43487924337387085,0.9932684898376465,,2.639430522918701,0.6432799100875854,,0.5252454876899719,3.9093551635742188,1.9681396484375,0.530406653881073,,,1.2360965013504028,,4.236196041107178,2.007399797439575,0.6313620209693909,,,0.4587627053260803,1.208662748336792,10.441732406616211,2.315218448638916,0.9447416067123413,0.4517800807952881,,,,,0.5925232172012329,0.8770881295204163,0.9317077994346619,0.501427412033081,,0.2871864438056946
20191023,0.5570241212844849,0.7003728747367859,0.6857191920280457,0.4763416647911072,0.4715474545955658,0.2689165472984314,0.16870254278182983,0.3933151960372925,0.9607009291648865,0.8342949748039246,0.5146985650062561,2.171246290206909,0.5088397264480591,0.49083152413368225,0.506954550743103,0.4158019721508026,0.3034897446632385,0.3087916076183319,0.7342841625213623,0.8148087859153748,0.4938732981681824,2.761040210723877,,,,0.5768253207206726,0.5339953899383545,1.195920467376709,,1.6709890365600586,0.5690970420837402,,0.8572282791137695,6.846534252166748,1.4752651453018188,0.5168060660362244,,,1.2784459590911865,,2.612145185470581,1.5452286005020142,0.49235567450523376,,,0.5307746529579163,1.3994529247283936,8.241316795349121,1.2945858240127563,0.7880752682685852,0.4218463599681854,,,,,0.5971997976303101,0.6943661570549011,0.6193737387657166,0.4849473834037781,0.4209171235561371,0.3112539052963257
20191024,,,0.4268248379230499,0.4355602264404297,0.3719935715198517,0.18462878465652466,0.14329653978347778,0.5056547522544861,1.628000020980835,0.989169716835022,,,0.857795238494873,0.5140331387519836,0.45850199460983276,0.33897894620895386,0.3044203519821167,0.33822792768478394,0.6913055181503296,0.8176630735397339,,,0.8721071481704712,,1.909576416015625,0.6831908226013184,,,,,0.6628448963165283,,,,1.7029982805252075,0.5655590891838074,,,,,,,,,,,,,,,0.45263928174972534,,,,,,,,0.6034345030784607,,
20191025,0.5538097620010376,0.6742269396781921,0.5686125755310059,0.4957289397716522,0.5472432971000671,,,,,,0.4280109107494354,0.686003565788269,0.3940635025501251,0.5617630481719971,0.5149100422859192,,,,,,0.28806301951408386,,0.7349321842193604,,,,0.39913636445999146,0.44351956248283386,,,,0.41035205125808716,0.33442094922065735,,,,0.24573691189289093,0.2385532557964325,0.3567036986351013,,,,,0.23192203044891357,0.25344735383987427,0.36036351323127747,0.3568894565105438,,,,,0.27793648838996887,0.23542454838752747,0.20434404909610748,0.28416600823402405,0.3190893530845642,,,,,
20191026,,,,0.48539602756500244,,,,,,,,,,0.4194423258304596,,,0.1746685653924942,,,,0.34169885516166687,,,,,0.25753727555274963,0.41256269812583923,0.6298298835754395,,,0.2335135042667389,0.46105873584747314,0.567425549030304,,,,0.3142196536064148,0.44647908210754395,,,,,,0.29813438653945923,0.31308555603027344,,,,,,,0.32816001772880554,0.31112805008888245,0.25936341285705566,0.3040303587913513,0.3392741084098816,,,,,
20191027,0.4701564311981201,0.5118145942687988,,0.5003616809844971,,,0.13478955626487732,,,0.43012547492980957,,,,0.47344648838043213,0.4678991734981537,,,,,0.49572989344596863,0.32129448652267456,,,,,,0.39314964413642883,0.3803786635398865,,,,0.3887691795825958,0.4094258248806,0.460648775100708,,,0.27468764781951904,0.29111433029174805,0.35754722356796265,,,,,0.31159353256225586,0.29784005880355835,0.34755441546440125,0.3358205258846283,,,,,0.23493802547454834,0.25199204683303833,0.2936220169067383,0.2731938660144806,0.31737256050109863,,,,,
20191028,0.4702403247356415,0.6305698156356812,0.554197371006012,0.5141703486442566,0.4783772826194763,0.33735015988349915,0.20900067687034607,0.3291676640510559,,,,,0.5472589135169983,0.5688143372535706,0.504630446434021,0.4744735062122345,0.4283615052700043,,,,,,0.7758969068527222,,,,,,,,,,,,,,,,,,,,,,,,,,,,,,,,,,,,,,
20191029,,0.6894218921661377,0.5253098011016846,0.43979331851005554,0.4086337387561798,0.250071257352829,0.1814059168100357,0.44241541624069214,0.9175271391868591,0.4818309247493744,,,1.0871715545654297,0.4824899435043335,0.4396404027938843,0.4182296395301819,0.40936967730522156,0.3530562222003937,0.8235395550727844,0.6044043898582458,,,0.7926170229911804,1.3133105039596558,0.8963539004325867,0.45024538040161133,,,,1.008437156677246,0.4650723934173584,,,,1.150383710861206,0.4586954414844513,,,,,2.4891765117645264,1.047555685043335,0.3019797205924988,,,,,5.946503162384033,0.7670888900756836,0.4183517396450043,0.2963801622390747,,,,,,,0.5293840765953064,0.39588049054145813,0.2712639272212982,0.2621900737285614
20191030,,,,,0.3273877203464508,,,,,,,,,,0.4032871723175049,0.38308271765708923,0.4270957112312317,,,,0.3293832540512085,0.6934258341789246,,,,,0.4717106223106384,0.49611207842826843,,,,0.536181628704071,0.6037158966064453,,0.7074960470199585,0.29686737060546875,0.41373348236083984,0.49888530373573303,0.7275421023368835,,2.4730679988861084,0.7217709422111511,,0.37652474641799927,0.3983086049556732,0.5129026770591736,0.6550080180168152,6.319777965545654,0.8705294132232666,0.47551026940345764,0.36997517943382263,0.28567156195640564,0.30137085914611816,0.3691297471523285,0.43675974011421204,0.7472854256629944,0.6540300846099854,0.6432039737701416,0.40925636887550354,0.35310986638069153,0.31076711416244507
20191031,1.3499335050582886,2.8565189838409424,,0.32960614562034607,0.23420347273349762,0.14683130383491516,0.1417679786682129,0.23539213836193085,,,1.182059407234192,1.9939473867416382,,,,,,0.401620090007782,,,,,,,,,,,,,,,,,,,,,,,,,,,,,,3.5744829177856445,0.42327097058296204,0.45301270484924316,,,,,,0.5417042374610901,0.47762686014175415,0.4375697374343872,0.2975720763206482,,
20191101,,,,,,,,,,1.1800769567489624,,,,,,,,,,,,,,,,,,,,,,,,,,,,,,,,,,,,,,,,,,,,,,,,,,,
20191102,,,,,,,,,,,,,,,,,,,,,,,,,,,,,,,,,,,,,,,,,,,,,,,,,,,,,,,,,,,,,
20191103,0.5617223978042603,0.5688117742538452,0.453212708234787,,,,,,,,0.8102594017982483,0.775721549987793,0.5043808221817017,,,,,,,,0.5175052881240845,0.7833276391029358,,,,,,,,,,,,,,,,,,,,,,,,,,,,,,,,,,,,,,,
20191104,,,,,,,,,,,,,,,,,,,,,,,,,,,,0.8231309056282043,,,,,,1.625575304031372,,,,,,,,,,0.5824809074401855,0.7574018239974976,,,,,,,0.47919464111328125,0.49717748165130615,,,,,,,,
20191105,,,,,,,,,,,,,,,,,,,,,,,,,,,,,,,,,,,,,,,,,,,,,,,,,,,0.5042072534561157,,,,,,,,,,0.5192920565605164
20191106,,,,,,,,,,,,,,,,,,,,,,,,,,,,,,,,,,,,,,0.40664783120155334,,,,,,0.33430591225624084,,,,,,,,,,,,,,,,,0.4859864413738251
20191107,,,,,,0.3648485541343689,0.29253196716308594,0.4908123016357422,,,,,,,0.3799078166484833,0.3598707616329193,0.4936475157737732,0.5651820302009583,0.5354276895523071,0.5866193175315857,0.282102108001709,,0.8691821694374084,,0.5986993312835693,0.48690491914749146,0.26986438035964966,0.5093168616294861,,1.0482580661773682,0.3325909972190857,0.33843424916267395,0.33849847316741943,0.5913147926330566,0.730867326259613,0.47009167075157166,0.2579561471939087,0.2586411237716675,,,,0.7147197127342224,0.5382258892059326,,,,,,,,0.37941938638687134,,0.2373250275850296,0.22008496522903442,,,,,,,
20191108,0.3859664499759674,0.4741371273994446,0.5653185844421387,0.42869120836257935,0.42366984486579895,0.3347087800502777,0.3012029528617859,0.414042592048645,0.5252231359481812,0.27602696418762207,0.3307573199272156,,0.5307395458221436,0.46646371483802795,0.346935898065567,0.3534011244773865,0.41580525040626526,0.5227915048599243,,,,,0.9436707496643066,,,0.3504975438117981,0.23673109710216522,0.26872318983078003,,,0.20756836235523224,0.3387660086154938,0.3371974229812622,,,0.24331234395503998,0.3186393678188324,0.30025482177734375,0.43570467829704285,,,0.40630432963371277,0.3469596207141876,0.2740144729614258,0.3084254562854767,0.2741970419883728,0.3985842764377594,1.1585395336151123,0.46710115671157837,0.3827016353607178,0.29595860838890076,0.21480324864387512,0.2921806573867798,0.3089179992675781,0.3685449957847595,0.43883609771728516,0.3576350808143616,0.371151328086853,0.29203295707702637,0.2644405663013458,0.20267337560653687
20191109,,,,,,,,,,,,,,,,,,,,,,,,,,,,,,,,,,,,,,,,,,,,,,,,,,,,,,,,,,,,,
20191110,,,,,,,,,,,,,,,,,,,,,,,,,,0.5364663600921631,,,,0.4978594183921814,0.5196800827980042,,,,,,,,,,,,,,,,,,,,,,,,,,,,,,
20191111,,,,,,0.3215586543083191,,,,,,,,,,,,0.41504156589508057,,,,,,,,,,,,,,,,,,,,,,,,,,,,,,3.460235595703125,0.7643691301345825,0.4648313522338867,,,,,,,,0.35865768790245056,0.40022724866867065,0.367474228143692,
20191112,0.3746592104434967,0.5678001642227173,0.5446990728378296,0.5002379417419434,0.4268935024738312,0.31457287073135376,0.2990596890449524,0.35307052731513977,,0.6005295515060425,,,0.3047228157520294,0.3513071835041046,0.4066738784313202,0.39194053411483765,0.42098256945610046,0.4947253167629242,1.1468133926391602,0.8105229735374451,0.18373610079288483,0.38524314761161804,,,,0.4711124002933502,0.22630956768989563,0.2909000515937805,,,,0.26693111658096313,0.21321292221546173,,0.33625221252441406,0.3690369129180908,0.28295689821243286,0.30992788076400757,0.2542378306388855,,,0.3600507080554962,0.31622523069381714,0.28087717294692993,0.25249114632606506,0.3176999092102051,0.3934680223464966,,,0.3474131226539612,0.2554537057876587,0.2764427065849304,0.2960963249206543,0.32047411799430847,0.3124038279056549,,,,0.3166305422782898,,0.24699893593788147
20191113,,,,,,,,,,,,,,,0.40160655975341797,0.4069023132324219,0.4648958742618561,0.5522181987762451,,,,,,,0.4986811578273773,0.2468949407339096,,,,0.5776793360710144,0.326296865940094,,,,0.533498227596283,0.38320302963256836,,0.3249753415584564,,,1.1431164741516113,0.3626571297645569,0.31960636377334595,0.32233887910842896,0.41277986764907837,,,,,0.36171263456344604,,0.3627691864967346,0.4050389230251312,,0.4023401141166687,0.4155571162700653,,,,,
20191114,,,,,,,,,,0.3904000520706177,,,,,,,,,,,,,,,1.0379639863967896,0.37072858214378357,,,,0.5690205693244934,0.41926753520965576,,,,0.5919941067695618,0.38627445697784424,,,,,,0.4471901059150696,,,,,,,,0.3468199670314789,0.2571294903755188,,,,,,,,,,0.24324767291545868
20191115,,,,,,,,,,,,,,,,,,,,,,,,,,,,,,,,,,,,,,,,,,,,,,,,,,,,,,,,,,,,,
20191116,,,,,,,,,,,,,,,,,,,,,,,,,,,,,,,0.3100454807281494,,,,,0.3412504494190216,0.282168984413147,,,,,,,,0.30622339248657227,,,,,,,,0.304964154958725,,,,,,,,
20191117,,0.42687132954597473,0.8358447551727295,0.5674022436141968,,0.4631005525588989,0.37618041038513184,0.3975369930267334,0.6754069924354553,0.7239464521408081,,,0.4883786141872406,0.39804375171661377,,,0.37758705019950867,0.542198121547699,0.7432324290275574,0.3868890404701233,,,,,0.3621590733528137,0.35130441188812256,,,,0.587274968624115,0.4022613763809204,,,,0.43236449360847473,0.37614816427230835,,,,,,0.515302836894989,0.3960118293762207,,,,,,0.5860012769699097,0.5120731592178345,0.4280225336551666,,,,,,,,,,
20191118,,,,,,,,,,,,,,,,,,0.549069344997406,,,,,,,0.5350966453552246,0.4433740973472595,,,,0.6204929947853088,0.46567630767822266,,,,0.3984271287918091,0.2703002989292145,,,,,,0.2041357308626175,0.20245963335037231,,,,,,,,,,,,,,,0.30103233456611633,0.22714249789714813,,
20191119,,,1.1797118186950684,0.5699649453163147,0.45211949944496155,0.40644586086273193,0.3091720938682556,0.41386640071868896,0.9329575300216675,0.5817192792892456,,,1.0831754207611084,0.3894578814506531,0.43463701009750366,0.45361703634262085,0.39356541633605957,0.49017518758773804,0.6275722980499268,0.41907092928886414,,,0.6740453243255615,1.531543493270874,0.4137171506881714,0.36882221698760986,,1.8777998685836792,,0.8604915142059326,0.4241284132003784,,,,1.0435994863510132,0.5201472043991089,,,0.8640444278717041,,,0.6437188982963562,0.3706078827381134,,,0.4513609707355499,0.628067135810852,2.45481014251709,0.8434017896652222,0.510882556438446,0.3859650194644928,,,,0.37237241864204407,0.46294814348220825,0.4090059995651245,0.35822388529777527,0.3690134286880493,0.32144755125045776,
20191120,,,,,,,,,,,,,,,,,,,,,,,,,,,,,,,,,,,,,,,,,,,,,,,,,,,,,,,,,,,,,
20191121,,,,,,,,,,,,,,,,,,,,,,,,,,,,,,,,,,,,,,,,,,,,,,,,,,,,,,,,,,,,,
20191122,,,,0.4739852845668793,0.35072457790374756,0.3162251114845276,0.2639053761959076,0.34409263730049133,0.6396776437759399,0.6347682476043701,,,,,0.404161274433136,0.3695301413536072,0.3299010097980499,0.34441789984703064,1.133163571357727,,,,,,6.254602909088135,3.197739839553833,,,,10.884099960327148,1.775773048400879,,,,1.298695683479309,,,,,,,0.8617798089981079,,,,,,,,,,,,,,,,,,,
20191123,0.5634936094284058,0.8653843998908997,0.9119455814361572,0.4278310239315033,0.2765813171863556,0.2740224599838257,0.2229647934436798,0.2447662651538849,,0.6610004305839539,0.33352547883987427,1.4527904987335205,0.4904669225215912,0.27132734656333923,0.3437873423099518,0.3699970841407776,0.3232303857803345,0.3335532546043396,0.669954776763916,0.8411159515380859,0.30675581097602844,1.2696146965026855,,,,1.134300947189331,0.25075995922088623,0.323767751455307,,2.740959644317627,0.6737782955169678,0.726218044757843,0.4245733618736267,,1.5562933683395386,0.8611859083175659,0.9392359852790833,0.8833961486816406,0.40975525975227356,,,1.5929030179977417,0.9905630350112915,0.8136093616485596,0.8767706751823425,0.794262170791626,,,,,0.4362691342830658,0.6496198177337646,0.6908650994300842,0.6241433024406433,0.41798290610313416,,0.5028504133224487,0.6164829730987549,,,0.4040881097316742
20191124,0.4556843340396881,,,0.3481544554233551,0.22649288177490234,0.25144532322883606,0.22462521493434906,0.3470171391963959,0.7781038880348206,0.6682942509651184,,,,0.30307242274284363,0.32533660531044006,0.350384384393692,0.34689581394195557,0.33978500962257385,0.5820223093032837,0.89225172996521,,,0.5026863813400269,,1.3642148971557617,1.3651083707809448,,,,1.9907526969909668,0.6887706518173218,,,,1.359210729598999,,,,,,,,,,,,,,0.42764490842819214,0.6802676320075989,0.5443025827407837,,,,,,,,0.22719818353652954,0.23567712306976318,0.2879050076007843
20191125,,,,,,,,,,0.9122182726860046,,,,,,,,,,1.1722397804260254,,,,,,1.2059309482574463,,,,,0.7576208114624023,,,,,1.258891224861145,,,,,,,0.9868287444114685,,,,,,,,0.7455103397369385,,,,,,,,,,
20191126,,,,,,,,,,,,,,,,,,,,,,,,,,,,,,,,0.8155801296234131,0.3951756954193115,,,,0.6439535021781921,0.6922153234481812,0.456703245639801,,,,,0.6152514219284058,0.6331149339675903,0.5715308785438538,,,,,,0.6247036457061768,0.6426223516464233,0.6039226055145264,0.4527663290500641,,,,,,
20191127,,,,,,,,,,,,,,,,,,,,,,,,,,0.40790918469429016,,,,,0.3966964781284332,,,,,0.4083280861377716,,,,,,,,,,,,,,,,,,,,,,,,,
20191128,,,,,0.28388071060180664,0.29065340757369995,,,,,,,,,,,,,,,0.2748231291770935,0.7956849336624146,0.48997431993484497,,,1.2446818351745605,0.3055689036846161,0.43232885003089905,,,,0.7227842807769775,0.3422168493270874,2.4381332397460938,1.7037309408187866,1.0188000202178955,0.6714645028114319,0.7354570627212524,0.8205541968345642,,,1.6728421449661255,1.3206793069839478,0.661699116230011,0.6460263729095459,0.7577007412910461,0.7036352753639221,,1.5238056182861328,0.7918206453323364,1.3647981882095337,0.6287351250648499,0.6744299530982971,0.6181022524833679,0.5099513530731201,0.5413812398910522,0.8789331912994385,0.7623257040977478,0.5680606365203857,0.7188279032707214,0.8158602118492126
20191129,,,,,,0.1842857450246811,0.20470453798770905,0.3326895833015442,1.0513641834259033,0.834893524646759,,,,,,0.21037164330482483,0.23916934430599213,0.31798243522644043,0.7050039172172546,1.011521339416504,,,,,,,,,,,,,,,,,,,,,,,0.7541433572769165,,,,,,,,0.8967406153678894,,,,,,,,,,0.6661900281906128
20191130,,,,,,,0.22479036450386047,0.36651670932769775,0.8702672719955444,0.6130176186561584,,,,,,,0.31327545642852783,0.3911350667476654,0.6531158685684204,0.7357474565505981,,,,,,0.689024031162262,,,,0.7822568416595459,0.7630301713943481,,,,0.8038362264633179,0.9519519805908203,,,,,,0.5700732469558716,0.8662798404693604,,,,,,0.30121707916259766,0.5249865055084229,0.7535934448242188,,,,,,,,,,0.5245005488395691
20191201,,,,,,,,,,,,,,,,,,,,,,,,,,,,,,,,,,,,,,,,,,,,,,,,,,,,,,,,,,,,,
20191202,,,,,,,,,,,,,,,,,,,,,,,,,,,,,,,,,,,,,,,,,,,,,,,,,,,,,,,,,,,,,
20191203,,,,,,,,,,,,,,,0.45571088790893555,0.4996880888938904,0.47743695974349976,,,0.9771247506141663,,,,,,1.328395128250122,,,,0.8615175485610962,0.9623504281044006,0.3432753086090088,,,0.6004065871238708,0.9684398174285889,0.3391640782356262,0.3833923637866974,,,,0.322857141494751,0.4469982385635376,,0.46837252378463745,0.41398245096206665,,,,0.296550989151001,0.31287527084350586,,0.47377562522888184,,,,,,,,
20191204,,,,,,,,,,,,,,,,0.4808242619037628,0.5098680257797241,0.5160965323448181,0.6059455275535583,0.7123562097549438,,,,,,1.1367135047912598,,,,,0.8342535495758057,,,,0.5762456059455872,0.7994142174720764,,,,,,0.33569154143333435,,,,,,,,,,,,,,,,,,,
20191205,,,,,,,0.3895328938961029,0.3951226472854614,,0.5405485033988953,,,,,,0.5206788182258606,0.5246497988700867,0.5266664028167725,0.5612158179283142,0.7104359269142151,,,,,0.5287007093429565,0.8345047235488892,,,,,0.6104877591133118,,,,0.40496376156806946,0.45110756158828735,,,,,,0.2842448651790619,,,,,,,,,,,,,,,,,,,
20191206,,,,,,,,,,,,,,,,,,,,,,,,,,,,,,,,,,,,,,,,,,,,,,,,,,,,,,,,,,,,,
20191207,,,,,,,,,,,,,,,,,,,,,,,,,,,,,,,,,,,,,,,,,,,,,,,,,,,,,,,,,,,,,
20191208,0.560194194316864,0.6750103235244751,0.7688795924186707,0.4674919843673706,0.45092499256134033,0.3153904378414154,0.3213712275028229,0.4215179979801178,,,0.49978187680244446,1.7076524496078491,0.8234071135520935,0.48021918535232544,0.5219744443893433,0.4070931077003479,0.36597055196762085,0.5005363821983337,,,0.366182804107666,6.282782554626465,,,,,0.32058650255203247,3.2274177074432373,,,,0.30953943729400635,0.32543379068374634,,,,,,,,,,0.5341940522193909,,,,,,,,0.42609405517578125,,,,,0.7622907161712646,,,,,
20191209,,,,,,,,,,,,,,,,,,,,,,,,,,,,,,,,0.4633278250694275,,,,,,,,,,,,,,,,,,,,,,0.4963149130344391,0.5747712254524231,0.6608787775039673,1.3200111389160156,,,,
20191210,,0.6414648294448853,0.543462336063385,0.4719182252883911,0.34601831436157227,0.18268799781799316,0.19054412841796875,0.26535484194755554,,0.3508748710155487,,2.413809061050415,0.8445519804954529,0.40119579434394836,0.4099850654602051,0.2685653567314148,0.3020265996456146,0.40429726243019104,,0.5014218091964722,0.2980955243110657,0.7482428550720215,0.7284212708473206,,,0.4062853455543518,0.3412109315395355,0.98145592212677,,,0.641911506652832,0.39105117321014404,0.4205755591392517,2.342400074005127,0.4776623249053955,0.6153532862663269,0.3637291491031647,0.3383133113384247,0.5024304389953613,,1.947349190711975,0.6713368892669678,0.6071849465370178,,0.4987840950489044,0.45843589305877686,,8.098733901977539,0.896713376045227,0.5587855577468872,0.625952959060669,,0.49196290969848633,0.5763661861419678,0.5218394994735718,0.2991277873516083,0.5239645838737488,0.5033416748046875,0.48876699805259705,0.5177537798881531,0.5100181698799133
20191211,,,,,,,,,0.3905712366104126,0.41117143630981445,,,,,,,,,0.552868664264679,0.6238209009170532,,,,,,0.5163999199867249,,,,,,,,,,,,,,,,,,,,,,,,0.5316227674484253,0.4674837589263916,,,,,,,,,0.550055205821991,0.530176043510437
20191212,,,,,,,,,,,,,,,,,,,,,,,,,,,0.4528239071369171,0.5240508913993835,,,,0.47123536467552185,0.32663989067077637,,,,0.46395444869995117,0.4600338339805603,0.3440200388431549,,,,,0.4324100911617279,0.5019803047180176,0.38136395812034607,,,,,,,,,,,,,,,
20191213,,,,,,,,,,,,,,,,,,,,,,,,,,,,,,,,,,,,,,,,,,,,,,,,,,,,,,,,,,,,,
20191214,,,,0.4018239974975586,0.24695314466953278,0.2098948359489441,0.25208747386932373,0.46696290373802185,0.4919675290584564,0.41896238923072815,,,0.3096826672554016,0.34284573793411255,0.3442060649394989,0.299674391746521,0.362747460603714,0.5011863112449646,,,,,0.48461881279945374,,,,,,,,,,0.2856730818748474,,,0.4991220235824585,,,,,,0.7021613121032715,0.6242092251777649,,0.5991335511207581,0.47801437973976135,,,0.8102708458900452,0.6434146761894226,0.6244762539863586,0.6087280511856079,0.7381168603897095,0.7729504108428955,0.6632657051086426,0.4208360016345978,0.31893661618232727,0.4077884554862976,0.6927099823951721,0.7002215385437012,
20191215,,,,,,,,,,,,,,,,,,,,,,,,,,,,,,,,,,,,,,,,,,,,0.2962760329246521,0.3368169963359833,0.2821234166622162,,,,,,,,,,,,,,,
20191216,,,,,,0.1948004961013794,0.2339417189359665,0.5031883120536804,1.2910897731781006,0.44425639510154724,,,,,,,0.3337857127189636,0.5127498507499695,0.5713722705841064,0.48837554454803467,,,,,0.4275311529636383,0.34220585227012634,,,,0.590577244758606,0.46755683422088623,,,,0.5675176382064819,0.5222699046134949,,,,,,0.5879228711128235,0.5087030529975891,,,,,,,0.4630598723888397,0.3989158272743225,,,,,,,,0.47578391432762146,0.5584821701049805,
20191217,,,,,,,,,,,,,,,,,,,,,,,,,,,,,,,,,0.16010139882564545,,,,,,,,,,,,,,0.35640406608581543,,,,,,,,,,,,,,
20191218,,,,,,,,,,,,,,,,,,,,,,,,,,,,,,,,,,,,,,,,,,,,0.4445745348930359,,,,,,,,0.6122066378593445,0.6556134223937988,,,,,,,,
20191219,0.685901939868927,,0.7386800050735474,0.27967727184295654,0.2172209769487381,0.1899511069059372,0.20844724774360657,0.39781367778778076,,,0.39558732509613037,,0.38335269689559937,0.2807343900203705,0.27963635325431824,0.26977625489234924,0.3106723129749298,0.5008953213691711,,,0.3144744038581848,1.010864496231079,0.6560282707214355,,,,0.3293817937374115,,,,,0.36665084958076477,,,0.6255534291267395,,0.4302382171154022,0.30317240953445435,0.9251691699028015,,,0.7700160145759583,0.6738447546958923,0.4485243558883667,,,,7.042571544647217,2.1663050651550293,0.8816643953323364,0.5194090604782104,,,,,,,0.5219333171844482,0.33977529406547546,0.5267394185066223,
20191220,0.8233537077903748,0.6158441305160522,0.49576929211616516,0.2731185853481293,0.22237628698349,0.19287319481372833,0.2067587673664093,0.47483158111572266,0.5588923096656799,0.6913907527923584,,,,0.3269733488559723,,0.24533557891845703,0.2729019522666931,0.45222553610801697,0.7546301484107971,0.8586315512657166,,,0.6771743297576904,,,0.7894070148468018,,,,,,,,,0.5887608528137207,0.9269412159919739,,,,,,0.7871374487876892,0.7114432454109192,,,,,6.856503963470459,1.3850096464157104,0.9453870058059692,0.6422315239906311,,,,,0.4473879039287567,,,0.5800400376319885,0.9434623718261719,0.7049705982208252
20191221,,,,,,0.14649562537670135,0.1797042191028595,0.4182240068912506,1.2199742794036865,0.5527164340019226,,,,,0.2863582968711853,0.2618359625339508,0.3253116011619568,0.47450512647628784,0.7717574238777161,0.6811999678611755,,,0.6279500722885132,,0.49935397505760193,0.46344029903411865,,,,,,,,,0.6628940105438232,0.7350900173187256,,,,,1.9582384824752808,0.6385144591331482,0.6648913025856018,,,,,,1.1162867546081543,0.7452477812767029,0.6182615756988525,,,,,,,,,0.715185821056366,0.550463855266571
20191222,,,,,,,,,,,,,,,,,,,,,,,,,,,,,,,,,,,,,,,,,,,,,,,,,,,,,,,,,,,,,
20191223,,,,,,,,,,,,,,,,,,,,,,,,,,,,,,,,,,,,,,,,,,,,0.22768306732177734,,,,,,,,0.3628922700881958,0.44891828298568726,0.46012750267982483,0.41175171732902527,0.43306007981300354,0.6064234972000122,0.5416404008865356,0.6288805603981018,,
20191224,0.7546249628067017,0.7710737586021423,0.39316999912261963,0.23285293579101562,0.1655738800764084,0.1446797251701355,0.21900153160095215,0.3147916793823242,,,0.9604652523994446,2.1466989517211914,0.30981218814849854,0.2535889446735382,0.22244524955749512,0.2201371043920517,0.29598841071128845,0.40985584259033203,0.69344162940979,0.5802992582321167,0.6914975643157959,1.324629545211792,,,0.49723318219184875,0.3563326895236969,0.5104477405548096,1.7033288478851318,,0.6762202978134155,0.40793755650520325,0.259038507938385,1.231845736503601,8.348130226135254,0.6286098957061768,0.6385813355445862,0.2712553143501282,0.6617317199707031,3.9259369373321533,,2.7193000316619873,0.7001034617424011,0.6916484832763672,0.2555278241634369,0.3576517701148987,0.5204002857208252,1.6841530799865723,6.361473083496094,1.3697773218154907,0.8364369869232178,0.5880540609359741,0.2974856197834015,0.37413907051086426,0.3460124433040619,0.5071896314620972,1.000047206878662,1.2753263711929321,0.8944514393806458,0.6548309922218323,0.696201741695404,0.5246177315711975
20191225,0.6352246403694153,0.7249312400817871,0.3562028110027313,0.20487329363822937,0.15152578055858612,0.14020675420761108,0.22170469164848328,0.4087708592414856,1.0539058446884155,0.4328751564025879,,3.782663583755493,0.6431808471679688,0.22176167368888855,0.18506158888339996,0.20572824776172638,0.27503836154937744,0.3671397566795349,0.6536805629730225,0.6505144834518433,,0.929882824420929,,,,,,0.8334245085716248,,,,0.20147106051445007,,,,0.5853121876716614,0.21399931609630585,0.20215757191181183,,,,0.6426047682762146,0.7559365630149841,0.17449213564395905,0.23351578414440155,,,3.613879680633545,1.1542145013809204,0.8727062940597534,0.9231647253036499,,,0.16219371557235718,0.1978297233581543,,,0.8535919189453125,0.6760201454162598,0.8494704365730286,0.8566370606422424
20191226,,0.7174046039581299,0.41393178701400757,0.19680218398571014,0.13185086846351624,0.12061036378145218,0.1906820833683014,0.37997516989707947,0.8622801303863525,0.4465908408164978,,2.4637115001678467,0.39753973484039307,0.25965040922164917,0.1867837905883789,0.19454540312290192,0.28377312421798706,0.39770829677581787,0.6275818943977356,0.42808544635772705,0.34779122471809387,1.2404628992080688,0.4887215793132782,1.6110085248947144,0.5204123854637146,0.4239107668399811,0.45690393447875977,0.8741080164909363,,,0.36113032698631287,0.21829397976398468,0.4976181387901306,1.004125952720642,,,,,,,2.0894153118133545,0.5567874908447266,0.7491084337234497,,,,,2.7302231788635254,1.2591482400894165,0.840853214263916,0.9226639270782471,,,,,,,,0.6254910230636597,0.8357460498809814,0.647476315498352
20191227,,,,,,,,,,,,,,,,,,,,,,,,,,,,,,,,,,,,0.4071940779685974,,,,,,,0.8488028645515442,,,,,,,1.2206076383590698,1.1065285205841064,,,,,,,,0.6952155828475952,0.9266137480735779,
20191228,,,,,,,,,,,0.2105189561843872,,1.0605918169021606,,,,,,,,0.23471276462078094,,,,,,0.21525201201438904,0.3115282654762268,,,,,,,0.5242010354995728,,,,,,,0.5080694556236267,0.6332533359527588,,,,,,2.267824649810791,,,,,,,,,,,,
20191229,0.7194593548774719,0.6468353867530823,0.30776891112327576,0.19368821382522583,0.1278657764196396,0.11677522212266922,0.17375493049621582,0.41953974962234497,0.5041298866271973,0.3363434076309204,0.8808326125144958,2.552839517593384,0.755373477935791,0.23536278307437897,0.1863837093114853,0.18983562290668488,0.2625073194503784,0.3509284257888794,0.6643915772438049,0.41631966829299927,0.34265702962875366,1.3548892736434937,0.3478536605834961,,,0.41338640451431274,0.3331493139266968,2.688023805618286,,,,0.2591678202152252,0.7594521045684814,6.720457553863525,,,,,1.9606354236602783,,,,0.46393582224845886,,,,0.674317479133606,,1.9493728876113892,0.8615167140960693,0.8219814300537109,,,,0.26141756772994995,1.468930959701538,1.6779141426086426,1.1628831624984741,0.6300455331802368,0.5418140888214111,0.46995487809181213
20191230,,,,0.21706925332546234,0.1799061894416809,,,,,,,,,,0.2209462970495224,0.2554452419281006,,,,,,,0.31417226791381836,,,0.40906190872192383,,,,0.9204343557357788,0.49263954162597656,,,,0.5273686051368713,0.48808884620666504,,,,,,0.4594423174858093,0.4154936969280243,,,,,,,0.4462658762931824,0.7243659496307373,,,,,,,,,,0.6448681354522705
20191231,0.673148512840271,0.651378333568573,0.39607781171798706,0.2118580937385559,0.13638067245483398,0.12298737466335297,0.19763702154159546,0.43018627166748047,0.7694892287254333,0.4109359383583069,0.3697335422039032,,0.34401974081993103,0.25439125299453735,0.21465136110782623,0.2286766618490219,0.3797825574874878,0.45475223660469055,0.7306489944458008,0.4925408661365509,0.2593904137611389,0.5936879515647888,0.3156040608882904,,0.602293848991394,0.37960097193717957,0.27445393800735474,0.4813992381095886,,,0.35585883259773254,0.36024659872055054,0.29452231526374817,1.0863163471221924,0.5552104711532593,0.49257931113243103,0.40955546498298645,0.3996368646621704,0.5948048233985901,,,0.49123382568359375,0.3953183591365814,0.39680835604667664,0.46461302042007446,0.3217034637928009,0.27265045046806335,,0.6194152235984802,0.6475812792778015,0.6899076104164124,,0.4729790985584259,0.6669256687164307,0.48637959361076355,0.4597364366054535,,,0.5206310153007507,0.6898895502090454,0.6697925329208374
20200101,,,,,,,,,,0.3479619324207306,,,,,,,,,,,,,,,,,,,,,,,,,,,,,,,,,,,,,,,,,0.643230676651001,,,,,,,,,,0.7292486429214478
20200102,,,,,,,,,,,0.27362608909606934,,,,,,,,,,0.219963937997818,,,,,,0.28794097900390625,0.5288429260253906,,,,0.4186680316925049,0.3750852048397064,,,,0.3564273715019226,0.5086299180984497,1.3563668727874756,,,,,0.3581444025039673,,0.654291570186615,,,,,,0.450488805770874,0.7394025325775146,0.6696747541427612,,,,,,,
20200103,0.7380448579788208,0.6375494003295898,0.3338851034641266,0.18807165324687958,0.15906037390232086,0.13527598977088928,0.19713209569454193,,,,0.5349613428115845,1.1952778100967407,0.5804471373558044,0.335999071598053,0.2845231294631958,0.24624210596084595,0.32240086793899536,0.3749365508556366,,,,,,,,,,,,,,,,,,,,,,,,,,,,,,,,,,,,,,,,,,,
20200104,,,,,,,0.2567463219165802,,,,,,,,,,0.46915391087532043,,,,,,,,,,,,,,,,,,,,,,,,,,,,,,,,,,,,,,,,,,,,
20200105,,,,,,,,,,,0.5158143043518066,0.7537093162536621,,,,,,,,,0.3470820188522339,0.6695601940155029,,,,,0.193584606051445,0.4498477578163147,,,,0.1998182088136673,0.38180777430534363,0.8107959628105164,0.5270799994468689,,0.44625139236450195,0.3200368881225586,,,1.6779158115386963,0.5587454438209534,0.569647490978241,0.5265464782714844,0.6199978590011597,0.49682649970054626,0.45824751257896423,3.4283018112182617,1.3516514301300049,0.731029748916626,0.5565088987350464,0.4462762475013733,0.5837647914886475,0.6306816339492798,0.6281626224517822,0.5946642756462097,0.6824927926063538,0.7178410887718201,0.4671268165111542,0.5195237994194031,0.3849489986896515
20200106,,,,,,,,,,,0.7295300960540771,,0.8740171790122986,0.43602198362350464,,,,,,,,,,,0.3131493031978607,0.28971850872039795,,,,,0.43034759163856506,,,,0.48609957098960876,0.40517809987068176,,,,,1.409987211227417,0.374868243932724,0.45949697494506836,,,,,7.401070594787598,1.1326212882995605,0.5306333303451538,0.44836410880088806,,,,,1.093456745147705,0.8446054458618164,0.76146000623703,0.5126937031745911,0.5221827030181885,0.3635091185569763
20200107,,,,,,,,,,,,,,,,,,,,,,,,,,,,,,,,,,,,,,,,,,,,,,,,,,,,,,,,,,,,,
20200108,0.5664941072463989,0.5485485196113586,0.3011801242828369,,,,0.1721515655517578,0.26378196477890015,,0.2688705623149872,0.4485829770565033,1.8252105712890625,0.6356240510940552,,,0.21048691868782043,0.34531357884407043,0.3734799325466156,0.5647523999214172,0.2865946590900421,0.3695622980594635,0.8102675676345825,,,0.273156076669693,0.24746821820735931,0.43723243474960327,0.4955771267414093,,0.3022524416446686,0.32143428921699524,0.30705633759498596,0.6123077273368835,3.5529048442840576,0.45755958557128906,0.4150904417037964,0.3236716091632843,0.28717029094696045,1.1881073713302612,,1.5460530519485474,0.48221269249916077,0.49626895785331726,,,0.3046019971370697,0.5076243281364441,1.9279078245162964,1.403328537940979,0.38093405961990356,0.6045572757720947,0.2003013789653778,,,,,,,0.49640151858329773,,
20200109,,,,,,0.2555285096168518,0.33174991607666016,0.47731509804725647,0.7239498496055603,0.31281426548957825,,,,,,0.3161746561527252,0.5075976848602295,0.4675767719745636,0.5852348804473877,0.32450488209724426,,,,,0.333466500043869,0.30830052495002747,,,,0.37868887186050415,0.3854005038738251,,,,0.3502275049686432,0.44176387786865234,,,,,,0.7441936731338501,0.5788177847862244,,,1.3900117874145508,0.9127137064933777,5.403903007507324,3.6658475399017334,0.8467505574226379,0.8283491134643555,,,,,,0.9927639961242676,1.4780722856521606,1.2621856927871704,0.7469187378883362,0.7423589825630188
20200110,,,,,,,,,,,,,,,,,,,,,,,,,,,,,,,,,,,,,,,,,,,,0.5769199132919312,,,,,,,,0.6498571634292603,,,,,,,,,
20200111,,,,0.2467183619737625,0.3419041931629181,0.23091548681259155,0.28147217631340027,0.5530700087547302,,,,,,,0.27317604422569275,0.3393974304199219,0.523452877998352,,,0.5378122329711914,,,,,0.5744417309761047,0.3847696781158447,,,,,0.3414585292339325,,,,,,,,,,,,,,,,,,,,0.31203240156173706,,,,,,,0.3941390812397003,0.32174646854400635,,
20200112,,,,,,,,,1.4670498371124268,0.5786393880844116,,,,,,,,,1.0331803560256958,0.5856742262840271,,,,,0.8802526593208313,0.35666847229003906,,,,0.5733198523521423,0.4322497844696045,,,,0.9466832280158997,0.6146795749664307,,,,,,,0.8340855836868286,,,,,,,,,,,,,,,,,,
20200113,,,,,,,,,,,,,,,,,,,,,,,,,,,,0.5876650214195251,,,,0.8881275653839111,0.57674640417099,2.84228253364563,,,,0.569942057132721,1.3072762489318848,,,,,0.41714319586753845,,0.4841252565383911,0.43558546900749207,,,,,0.4059610068798065,0.3913658559322357,,,,,,,,
20200114,,,,,,,,,,,,,,,,,,,,,,,,,,,,,,,,,,,,,,,,,,,,,,,,,,,,0.8582605123519897,,,,,0.4644376337528229,0.6298919320106506,,,
20200115,,,,,,,,,,,,,,,,,,,,,,,,,,,,,,,,,,,,,,,,,,,,,,,,,,,,,,,,,,,,,
20200116,0.562974214553833,0.7813547253608704,0.5857813358306885,0.4087887704372406,0.2461860477924347,0.265960693359375,,,,,0.5509624481201172,0.8676205277442932,1.0408127307891846,0.520421028137207,,,,,,,0.39707812666893005,,,,,,0.5132142305374146,,,,,0.8501981496810913,0.4945482909679413,,,,0.850233256816864,0.5726954936981201,0.5286716222763062,,,,,0.7900427579879761,0.9197438359260559,0.4845455586910248,,,,,,0.844886302947998,0.5622507333755493,0.44475406408309937,0.46300044655799866,0.4173390865325928,,,0.3693940043449402,,
20200117,,,,,,,,,1.4096087217330933,0.5469005107879639,,,,0.5092808604240417,0.36450260877609253,0.38067057728767395,0.669361412525177,0.7388483881950378,1.1234958171844482,0.6563102602958679,,,,,0.6207934021949768,0.4847314953804016,,,,,,,,,0.7207093238830566,0.4977000653743744,,,,,1.7814781665802002,0.6540157794952393,0.6936443448066711,,,,,,0.855443000793457,0.5375363826751709,0.7184056639671326,,,,,,,0.5744907855987549,0.44290176033973694,,0.7335608005523682
20200118,,,,,,,,,,,,,,,,,,,,,,,,,,,,,,,,0.9986273646354675,0.6330786943435669,,,,0.8970434069633484,0.7510836124420166,0.6453937292098999,,,,,0.9565879702568054,0.7233983874320984,0.6508988738059998,,,,,,1.5274937152862549,0.5853284001350403,,,,,,,,
20200119,,,,,,,,,,,,,,,,,,,,,,,,,,,,,,,,,,,,,,,,,,,,,,,,,,0.4972432553768158,,1.928324818611145,,,,,,,0.5453429818153381,0.6254550218582153,
20200120,,,,,,0.23709814250469208,,,,,,,,,,,,,,,,,,,,,0.3769472539424896,0.9431740641593933,,,,,0.6786114573478699,,,,,0.6279366612434387,1.901319980621338,,,,,,,,,,,,,1.5496734380722046,0.7174264192581177,0.8142037391662598,,,,,,,
20200121,,,0.632722795009613,0.3189445734024048,0.2985838055610657,,,,,0.3266807794570923,,,1.1650092601776123,0.4513496160507202,0.3578486442565918,0.24875833094120026,,,,,,0.650547444820404,0.7546041011810303,,,,,0.7728534936904907,,,,0.46896684169769287,0.5709728002548218,1.3250532150268555,0.5233691334724426,0.3970920443534851,0.41848498582839966,0.6211507320404053,1.9079307317733765,,1.9683396816253662,0.45324450731277466,0.4461040496826172,0.8090580105781555,0.6165603995323181,0.6661059260368347,1.7279552221298218,2.641451358795166,0.7923560738563538,0.4672441780567169,0.6579919457435608,0.8769481778144836,0.6433500647544861,0.6674206852912903,0.8684766888618469,0.6978825926780701,0.7134404182434082,0.592609167098999,0.439750075340271,0.6761364936828613,0.9671388268470764
20200122,,,,,,,0.2655464708805084,,,0.47928982973098755,,,,,,,,0.4283004701137543,,,,,,,,,,,,,,,,,,,,,,,,,0.36521029472351074,,,,,,,0.4292692542076111,0.4374324679374695,,,,,,,,0.5009977221488953,0.49053049087524414,0.722963809967041
20200123,,,,,,,,,,,,,,,,,,,,,,,,,,,,,,,,,,,,,,,,,,,,,,,,,,,,,,,,,,,,,
20200124,,,0.5462619662284851,0.4270167350769043,,,,,,,0.5973344445228577,,,0.508476972579956,,,,,,,,,,,,,,,,,0.49856871366500854,,,,0.5824404358863831,0.4259316623210907,0.9592699408531189,,,,,,,1.539144515991211,0.688479483127594,0.7795965671539307,,,,,,1.3221286535263062,1.1174540519714355,1.2831257581710815,1.2703907489776611,,,,,,
20200125,,,,,,0.16865505278110504,0.21897996962070465,0.4462275803089142,0.8838772177696228,0.46133965253829956,,,,,,,0.22159521281719208,0.38258096575737,,0.5071958899497986,,,,,,0.47639229893684387,,,,,0.4510780870914459,,,,,,,,,,,,,,,,,,,,,,,,,,,,,,
20200126,,,,,,0.1930752694606781,0.2438807487487793,,,,,,,,,0.3576129376888275,,,,,0.6247323155403137,,,,,,,,,,,,,,,,,,,,,0.5453596115112305,,1.2029809951782227,0.8421630859375,0.7452894449234009,0.57990962266922,,,0.5600816011428833,0.46557867527008057,0.9955691695213318,0.825186550617218,0.8519615530967712,0.591925859451294,0.7855717539787292,1.2066073417663574,0.9430444240570068,0.8861374855041504,0.6807187795639038,0.7167841792106628
20200127,0.4951750934123993,0.7125892639160156,0.6499390006065369,,,,,,,,0.5112810730934143,2.222684383392334,1.1523927450180054,,0.4481164813041687,0.3693857491016388,0.5101562738418579,,,,,,,,,,,0.44761791825294495,,0.7869842052459717,0.4585067629814148,,,,1.1870372295379639,0.44854775071144104,,,,,,0.5198420882225037,0.43714436888694763,,,,,,,0.478122353553772,,,,,,,,,,,
20200128,,,,,,,,,,,,,,,,,,,,,,,,,,,,,,,0.44634512066841125,,,,,0.41694220900535583,,,,,,0.48968809843063354,0.4342186152935028,,,,,,,,0.42416080832481384,,,,,,,,,,
20200129,0.5259442329406738,,,,,,,,,,,,,0.6887674927711487,0.49994751811027527,0.48133477568626404,,,,,,,0.7459690570831299,,,,,,,0.39776697754859924,0.3696344196796417,,,,0.5348110198974609,0.40448471903800964,,,,,,,0.3996798098087311,,0.5794312357902527,0.37990888953208923,,,1.542586326599121,0.6086249947547913,0.38964879512786865,0.48072925209999084,0.38953250646591187,,,,0.5310691595077515,0.8269029855728149,,0.4908921718597412,
20200130,0.5256226658821106,0.6802725791931152,0.4710465669631958,0.30401870608329773,0.272209107875824,0.2716512084007263,0.3258328139781952,0.5728787183761597,1.121659517288208,0.45584359765052795,0.29163047671318054,2.2754721641540527,1.2096518278121948,0.6680418252944946,0.462333619594574,0.49219322204589844,0.7402587532997131,0.6914048194885254,3.9593403339385986,1.1895489692687988,0.3693733811378479,0.6578021049499512,,,4.428313732147217,0.42621999979019165,0.7258578538894653,0.7528082132339478,,0.3930615186691284,0.3638516962528229,0.46657612919807434,0.4333244562149048,1.3986951112747192,0.5659763813018799,0.3355458378791809,,0.3194463849067688,0.8811874389648438,,4.0914998054504395,0.48744460940361023,0.32029324769973755,,,,,,,0.4978159964084625,0.4154249131679535,,,,,,,,,1.301869511604309,2.164640188217163
20200131,,,,,,,,,,,,,,,,,,,,,,,,,,,,,,,,,,,,,,,,,,0.4463711977005005,,,,,,,,,,,,,,,,,,,
20200201,,,,,,,,,,,,,,,,,,,,,,,,,,,0.5719969272613525,,,,,0.5458754897117615,,,,,0.8644688725471497,0.25596073269844055,,,,,,0.7600134611129761,,,,3.959256887435913,,,,0.847284734249115,,0.6191600561141968,0.587578535079956,,,0.4781709313392639,0.7011704444885254,0.8189804553985596,
20200202,,,,,,,,,,0.479478120803833,,,,,,,,,,0.4542710483074188,,,,,,0.40191981196403503,,,,0.4539206027984619,0.419996052980423,,,,0.6130427718162537,0.4520780146121979,,,,,,0.49055150151252747,0.42982804775238037,,,,,,,,0.37273362278938293,,,,,,,,,,0.7769323587417603
20200203,,,,,,,,,,,,,,,,,,,,,0.5012797117233276,,,,,,0.7248929142951965,,,,,0.6844308972358704,0.5321317315101624,,,,0.5922221541404724,0.4969479441642761,0.431356281042099,,,,,0.531398355960846,0.6626623868942261,0.6805576086044312,,,,,,0.6621211767196655,0.6037194728851318,0.6031651496887207,,,,,,,
20200204,0.4340815842151642,0.5689734816551208,0.646883487701416,0.3397497236728668,0.356484979391098,0.3790014088153839,0.4350625276565552,0.6293666958808899,1.3834196329116821,0.7052305936813354,,,0.7609080672264099,0.5997509956359863,0.5453781485557556,0.5528988242149353,0.8251342177391052,0.6518125534057617,0.9079940915107727,0.6769022345542908,,,0.9182953238487244,,,0.45457887649536133,,,,0.4244033396244049,0.44080984592437744,,,,0.7950729727745056,0.4819200336933136,,,,,,0.48351338505744934,0.4466495215892792,,,,,,1.0573371648788452,0.4436925947666168,0.3763545751571655,,,,,,,,,,
20200205,0.48083919286727905,0.6170410513877869,0.6904258728027344,0.3651629090309143,0.38471370935440063,0.41060131788253784,0.44687414169311523,0.6876128315925598,0.9219883680343628,0.5548727512359619,0.653911292552948,1.7149593830108643,0.947826087474823,0.5874766707420349,0.5793576240539551,0.5999448895454407,0.8519375920295715,,0.7723671793937683,0.618689775466919,0.360156774520874,0.88322913646698,,,0.3534465432167053,0.43711578845977783,0.6231726408004761,0.4631927013397217,,0.3234263062477112,0.4349701404571533,0.5391904711723328,0.5778124928474426,3.622295379638672,0.5694447755813599,0.41698476672172546,,0.41864702105522156,,,,0.3978045582771301,0.4219802916049957,,,,,,,,,,,,,,,,,,
20200206,,,,,,,,,,,0.40987876057624817,,,,,,,,,,0.35580751299858093,0.7040616273880005,,,,,0.5967779159545898,0.6713604927062988,,,,0.527562141418457,0.5600864887237549,1.521130084991455,0.7490501999855042,,0.4107842743396759,0.40724918246269226,0.7916451096534729,,2.752553701400757,,,0.5983179807662964,0.7548832297325134,0.6962273716926575,1.0875763893127441,1.7856013774871826,1.059713363647461,0.46058809757232666,0.41961470246315,0.5856125950813293,0.7713391780853271,0.9415865540504456,0.7619661688804626,0.6486582159996033,0.5935470461845398,0.463284969329834,0.4283854365348816,0.560415506362915,0.5431463122367859
20200207,,0.6322351098060608,0.6340060234069824,,0.5054367184638977,,,,,0.5130361914634705,,,0.6365520358085632,0.5054693818092346,0.49023813009262085,0.5030530095100403,0.5764254331588745,0.5023901462554932,,,,,0.5504682064056396,,,,,,,,,,,,,,,,,,,,,,,,1.5754107236862183,,,,,,,,0.6801795959472656,0.5031431317329407,0.2825055420398712,,,,
20200208,,,,,,,,,,,0.6277477145195007,,,,,,,,,,0.3570369780063629,0.7266409993171692,,,,,0.49664565920829773,0.732349693775177,,,,0.49483850598335266,0.7208229899406433,1.69281804561615,,,0.4370380640029907,0.4228876829147339,0.6394564509391785,,,,,0.7802273631095886,0.8268452286720276,0.6055954694747925,1.2382478713989258,,,,,0.7529746294021606,0.9356372952461243,,,,,,,,
20200209,,,,,,,,,,,,,,,,,,,,,0.4029374420642853,,,,,,0.4402715265750885,0.30772891640663147,,,,0.42966991662979126,0.5098205804824829,1.1367404460906982,,,0.37730222940444946,0.39920133352279663,0.5119079947471619,,,0.36848020553588867,0.34043624997138977,0.8039957880973816,0.8692561388015747,0.6150115728378296,0.841646671295166,4.31243896484375,0.5593119859695435,0.37843379378318787,0.3233506381511688,0.5751561522483826,1.008145809173584,1.1610053777694702,1.0914791822433472,0.9285590648651123,0.7699787020683289,0.6003798246383667,0.5315393805503845,0.36340096592903137,
20200210,,,,,,,,,,,,,,,,,,,,,,,,,,,,,,,,,,,,,,,,,,,,,,,,,,,,,,,,,,,,,
20200211,0.5728267431259155,0.6053800582885742,0.22795768082141876,,,,,,,,0.6450119614601135,2.036545515060425,,0.33042487502098083,0.4268164038658142,,,,,,0.35627275705337524,1.4756511449813843,0.5280486345291138,,,,0.3188922703266144,0.4844394624233246,,,,0.360815167427063,0.5333274006843567,1.803489327430725,,,0.2686046063899994,0.4075084626674652,0.6470231413841248,,,,,,,0.3681294918060303,0.6029238104820251,,,,,,,,0.47790759801864624,0.8774958252906799,,,,,
20200212,0.5021927356719971,0.5426449775695801,0.37510010600090027,0.37867289781570435,0.28409841656684875,0.21034996211528778,0.3606807589530945,0.5581313371658325,,,,0.976028323173523,0.4960781931877136,0.4655233919620514,0.44340988993644714,0.38183751702308655,0.3277970552444458,0.6694210767745972,0.6793972849845886,,,,0.6236711740493774,0.9227144718170166,0.26042020320892334,0.23629526793956757,,,,,,,,1.3753591775894165,,,,,0.8226847648620605,,,,,,,,1.1435106992721558,,,,,,,0.5087868571281433,,,,,,,
20200213,,,,,,,,,,,0.8685457110404968,,,,0.4395115077495575,,,,,,,,0.6337975263595581,,,,,,,,,,0.7534511685371399,,,,,0.46807199716567993,,,,,0.1953316181898117,0.79673832654953,,,0.6243438124656677,,,,,,,,0.4897156357765198,,,,,,
20200214,,,,0.33010220527648926,0.20762819051742554,0.23376616835594177,0.320383757352829,0.3049936592578888,,,,,,,0.2723238170146942,0.21359552443027496,0.269019216299057,0.41004830598831177,,0.3194161057472229,,,,,,,,,,0.27653786540031433,0.27440789341926575,,,,,0.24028123915195465,,,,,,,,,,,,,,,,,,,,,,,,,
20200215,0.5523186922073364,0.6299993395805359,0.5032482743263245,,,,,,,,0.5780065655708313,1.3303695917129517,,,,,,,,,,0.5372251868247986,,,,,,0.5408651232719421,,,,,,0.8834347724914551,,,,,,,,,,0.5483596324920654,0.5046647191047668,0.44827142357826233,,,,,,,,0.2399619221687317,0.33529379963874817,,0.6787441372871399,,,,
20200216,0.6616561412811279,0.6002176403999329,0.4681980609893799,0.4821552336215973,0.27035483717918396,0.32779377698898315,0.4925595223903656,0.7976847887039185,,,0.6823726296424866,1.4791481494903564,1.171371340751648,0.5465463995933533,0.4725845158100128,0.37249988317489624,0.34852898120880127,0.8967958092689514,1.099658727645874,,0.5529268980026245,0.6290256381034851,1.0608781576156616,,,,0.4086163640022278,0.5493109226226807,,,,0.4864698052406311,0.6133725643157959,0.6641740202903748,,,0.6801707744598389,0.4862273633480072,0.6087413430213928,,,,,0.7947812676429749,0.6987049579620361,0.543100118637085,1.2233387231826782,10.46178913116455,2.3264811038970947,,,0.8534872531890869,0.7552486062049866,0.7315685153007507,0.7460324168205261,0.873202919960022,0.8869721293449402,0.647727906703949,0.4321359097957611,,
20200217,0.5959400534629822,0.5170984864234924,0.44524672627449036,0.40951746702194214,0.213947132229805,0.2821332514286041,0.4174835979938507,0.7114941477775574,1.9294527769088745,0.37731149792671204,0.6754748225212097,1.339876651763916,1.2801473140716553,0.5422433614730835,0.42597949504852295,0.3378126323223114,0.3548663854598999,0.7052939534187317,1.0787874460220337,0.41727587580680847,0.5715727806091309,0.8338563442230225,1.131637692451477,,0.47586962580680847,0.3761957287788391,0.3709885776042938,1.3119345903396606,,0.5309131741523743,0.3392888903617859,0.39850378036499023,0.4703734517097473,2.3017563819885254,0.7502701878547668,0.31254854798316956,,,0.6236676573753357,,3.1649959087371826,0.45788949728012085,0.3328185975551605,0.5080955028533936,0.47476622462272644,0.44258227944374084,0.8554384708404541,5.695019721984863,0.8575273156166077,0.382631778717041,0.32623469829559326,0.6561094522476196,0.5334399342536926,0.3838065564632416,0.5602978467941284,0.7634255290031433,0.7276585102081299,0.5653018355369568,0.4108971357345581,0.44671985507011414,0.45961982011795044
20200218,,,,,,,,,,,,,,,,,,,,,,,,,,,,,,,,,,,,0.33913642168045044,,,,,,,0.3808634877204895,,,,,,0.42041242122650146,0.31865575909614563,,,,,,,,,0.3929522931575775,,
20200219,,0.5576601624488831,0.46373337507247925,0.39331066608428955,,,,,,,,1.7781821489334106,1.3937880992889404,0.43949878215789795,0.33685731887817383,,,,,,0.6280672550201416,0.7609142661094666,,,,,,1.010956883430481,,,,,0.6925206184387207,1.6093538999557495,,,,,0.9742841720581055,,,,,,,,1.128443717956543,,,,,,0.366306334733963,,,,0.8548039793968201,,,,
20200220,,,,,,0.2911527454853058,0.3624334931373596,0.9728591442108154,2.323216676712036,0.46178215742111206,,,,,0.3546091318130493,,0.30098164081573486,0.6987195611000061,0.918484628200531,0.41366294026374817,,,,,,0.371916800737381,,,,,0.42650219798088074,,,,0.8690385222434998,,,,,,,,,,,,,,,,,,,,,,,,,,
20200221,0.5493539571762085,0.509232223033905,0.45468416810035706,0.34163349866867065,0.29589271545410156,0.4420264959335327,0.5458723902702332,0.750072717666626,,,0.7150967717170715,1.2231464385986328,,0.37631914019584656,0.4242944121360779,0.4258456230163574,0.4114673435688019,0.7494623064994812,1.0216602087020874,0.5649433732032776,,,,,,0.4109395146369934,0.6139340996742249,3.1010396480560303,,0.39725878834724426,0.4718053936958313,0.5405464768409729,,,0.6233547329902649,0.6186834573745728,0.7709597945213318,,,,,0.5635904669761658,0.5077269077301025,0.824088990688324,,,,5.5317792892456055,1.4305826425552368,,0.2709847688674927,,0.7477309703826904,0.7405180335044861,0.885303795337677,1.4535871744155884,,,,0.38905954360961914,0.3917478322982788
20200222,0.5547369718551636,0.4999796748161316,0.3870750665664673,0.30568209290504456,0.23587195575237274,0.35030731558799744,0.4847392141819,,,0.5847641825675964,0.6012632250785828,1.6794703006744385,0.8664263486862183,0.3896729648113251,0.4004724323749542,0.38803166151046753,0.3811571002006531,0.5286188721656799,0.7596122026443481,0.4807775616645813,0.6035284996032715,1.1601117849349976,0.922846794128418,,0.43832892179489136,0.4983566105365753,0.39915916323661804,1.1485368013381958,,0.4795343577861786,0.5000450611114502,0.3274202346801758,0.38824689388275146,4.038403511047363,0.7943433523178101,0.5481272339820862,0.2507462799549103,0.3373230993747711,1.7562214136123657,,2.0555427074432373,0.5528616309165955,0.42242714762687683,,,0.37774309515953064,1.2600550651550293,4.925633430480957,0.76351398229599,0.509032666683197,0.32327741384506226,,,,0.44375747442245483,1.0800468921661377,1.412108302116394,0.560680627822876,0.3599020540714264,0.32498958706855774,0.3644719421863556
20200223,0.5989309549331665,0.5389527082443237,0.35263124108314514,0.27335211634635925,0.207270547747612,0.43306487798690796,0.5020738840103149,0.7317999005317688,2.508829116821289,0.6410245299339294,,1.830448031425476,0.8060784935951233,0.3782977759838104,0.3603515028953552,0.2910541296005249,0.3542007505893707,0.6191496849060059,0.8676431179046631,0.4915963411331177,,,0.6965431571006775,1.3989039659500122,0.4060653746128082,0.4655460715293884,,0.458963006734848,,0.4431193470954895,0.5247572660446167,,,0.63568514585495,0.6754841804504395,0.49653688073158264,0.2933858036994934,,,,1.8876782655715942,0.4896634519100189,0.3923914432525635,0.4052928388118744,,,,5.118113040924072,0.7337397336959839,0.4278106987476349,0.23297135531902313,,,,,,0.7154983282089233,0.5505733489990234,0.4340510964393616,0.45511162281036377,0.35869479179382324
20200224,,,,0.21374021470546722,0.18808867037296295,0.19762110710144043,,,,,,,,,,,,,,,,,,,,,,,,,,,0.3100339472293854,,,,0.4174879491329193,0.35781610012054443,0.3356151282787323,,,,,0.5140692591667175,0.6948773264884949,0.5049355626106262,0.6464701294898987,,,,,0.3931253254413605,0.51507568359375,0.753669023513794,0.624672532081604,0.866398274898529,0.7393783926963806,,,,
20200225,0.5785325765609741,0.528832733631134,0.2718258798122406,,,0.278900146484375,0.2873013913631439,,,,0.4467324912548065,1.647904872894287,0.9881879091262817,0.22276723384857178,0.15169686079025269,,,,,,0.4283355474472046,0.8817832469940186,,,,0.39254140853881836,0.35634714365005493,0.46094876527786255,,,0.4187975525856018,0.30324867367744446,0.3222435712814331,2.356508255004883,0.4843328297138214,0.4476493000984192,0.3015771210193634,0.30921924114227295,0.3235305845737457,,,0.37926188111305237,0.3889394998550415,,,0.401995986700058,0.5505756735801697,0.844251275062561,0.53847336769104,0.34111547470092773,0.3699742555618286,0.11468809843063354,,,0.4854329228401184,0.8220068216323853,0.6797254681587219,0.42768508195877075,0.3494374752044678,0.41857632994651794,0.4498901665210724
20200226,0.5785247087478638,0.7141887545585632,0.4373169243335724,0.38208141922950745,0.29397276043891907,0.37419021129608154,0.5226616859436035,0.7465643882751465,,,0.5432722568511963,0.9680132865905762,0.6862508058547974,0.45618635416030884,0.46330225467681885,0.3349796235561371,0.38522666692733765,0.723532497882843,1.1553987264633179,0.5166313648223877,0.5393476486206055,0.7250149846076965,,,,0.31300318241119385,0.4408910274505615,0.5255619287490845,,,,0.3302820324897766,0.33367133140563965,,0.7979987859725952,,0.5209541916847229,0.5193116068840027,0.384103924036026,,,0.33911535143852234,,0.4903276264667511,0.5491563081741333,0.5893349051475525,,,0.5547518134117126,,,0.31891170144081116,0.3940315544605255,0.741681694984436,0.7312490344047546,,0.6527408957481384,0.437514990568161,0.4081362187862396,,
20200227,,,,,,,,,,,,,,,,,,,,0.37614762783050537,,,,,,,,,,,,,,,,,,,,,,,,,,,,,,,,,,,,,,,,,
20200228,0.3817484974861145,0.5294772982597351,0.5118288993835449,0.30672624707221985,0.2617233097553253,0.3517678380012512,0.4766642153263092,0.6739452481269836,1.5301319360733032,0.5518652200698853,0.3589065968990326,,0.5705825686454773,0.44837120175361633,0.46957799792289734,0.42393743991851807,0.5628198981285095,0.9157910943031311,1.0841715335845947,0.5317378640174866,,,1.2616493701934814,,0.4574800133705139,0.4629504978656769,,,,0.41772332787513733,0.4634832739830017,,,,0.8228559494018555,0.458392471075058,,0.29132333397865295,,,1.1006006002426147,0.42957109212875366,0.6457846164703369,0.21487398445606232,,,,,0.4493670165538788,0.36448442935943604,0.4027737081050873,,,,0.4149778187274933,0.3598465919494629,0.42067617177963257,,0.2761930227279663,0.25950393080711365,0.31550195813179016
20200229,,0.4545782506465912,0.3304940164089203,0.1847679167985916,0.17993974685668945,0.2216087281703949,,,,0.5160013437271118,,,,0.5377984046936035,0.4487028121948242,0.41210484504699707,0.4795035719871521,,,0.47604402899742126,0.276621550321579,,,,0.6222631335258484,0.6402449607849121,0.2627354562282562,,,0.42890578508377075,0.4983147382736206,0.2715921103954315,0.25114884972572327,,0.7451390624046326,0.42910870909690857,,0.31735944747924805,,,2.435966968536377,0.5204325914382935,0.6920443773269653,,0.2767498195171356,0.3441135585308075,0.3084046542644501,4.975183486938477,0.7435972094535828,0.4661200940608978,0.5013072490692139,,,,,,0.5466094613075256,0.4703887403011322,0.5001243948936462,0.4735510051250458,0.5165832042694092
20200301,,,,,,,,,,,,,,,,,,,,,,,,,,,,,,,,,,,,,,,,,,,,,,,,,,,,,,,,,,,,,
20200302,,,,0.3370983302593231,0.328171044588089,0.369643896818161,0.45846331119537354,0.7681682705879211,,,,,0.5921180248260498,0.47944483160972595,0.42889848351478577,0.44578784704208374,0.49050280451774597,0.6411406993865967,0.8154788613319397,,,,1.452568769454956,,0.3111282289028168,0.4542120695114136,,,,0.4347655773162842,0.5205687284469604,,,,0.41289210319519043,0.42962968349456787,0.22417792677879333,,,,,0.316806435585022,0.34843748807907104,,,,,,,,,,,,,,,,,,
20200303,0.5159392952919006,0.7029814124107361,0.4991273880004883,0.30461814999580383,0.2668726146221161,0.3179640769958496,0.4392589330673218,0.5818628668785095,1.035315990447998,0.6114473342895508,0.7806694507598877,1.9734867811203003,0.8100473284721375,0.48181334137916565,0.40312659740448,0.40388980507850647,0.43382805585861206,0.5004119873046875,,0.5792178511619568,0.48224782943725586,1.4422268867492676,1.0579169988632202,,0.7941904067993164,0.6286940574645996,,1.8345832824707031,,1.2850874662399292,0.660527229309082,,0.37297987937927246,2.139547109603882,0.6916801929473877,0.5950464606285095,,,1.0226414203643799,,3.516080141067505,0.589838445186615,1.03078031539917,0.22879761457443237,0.29059040546417236,0.4196593165397644,0.57927006483078,8.446481704711914,0.9381471872329712,0.5132637023925781,0.47779136896133423,0.29872530698776245,0.36944860219955444,,0.5094628930091858,0.42292866110801697,0.4314689636230469,0.3672131597995758,,,
20200304,,,,,,,,,,,,,,,,,,,,,,,,,,,,,,,0.45311757922172546,0.37042319774627686,0.34254130721092224,0.8731048703193665,0.4927250146865845,0.4725232720375061,0.48964330554008484,0.40859347581863403,1.967168927192688,,2.0499274730682373,0.4915718138217926,0.5562962889671326,0.32173919677734375,0.3573963940143585,0.3728735148906708,,2.112729549407959,0.636847734451294,0.40734240412712097,,0.31048476696014404,0.43503454327583313,0.5768335461616516,0.5368462204933167,0.5520177483558655,0.47994890809059143,0.40787890553474426,0.4107639193534851,0.3657558560371399,
20200305,,,,,,,,,,,,,,,,,,,,,,,,,,,,,,,,,,,,,,,,,,,,,,,,,,,,,,,,,,,,,
20200306,,,0.4236552119255066,0.3110417425632477,0.287990927696228,0.3375474214553833,0.4307757318019867,0.40218156576156616,,0.50465989112854,,,0.6230376958847046,0.45492249727249146,0.36343929171562195,0.328976571559906,0.4442436993122101,0.5030009746551514,0.7819637656211853,0.5204778909683228,,,1.2547160387039185,,1.0735522508621216,0.5086711049079895,,,,0.7157532572746277,0.5186923742294312,,,,0.7561737298965454,0.44705283641815186,,,,,,0.36305201053619385,0.3712190091609955,,,,,,,,,,,,,,,,,,
20200307,0.545204758644104,,,,,,,,,0.3014492988586426,0.9262678623199463,0.9642908573150635,,,,,,,0.696830689907074,,0.8255702257156372,1.6052473783493042,,,,,0.5274242758750916,2.9311699867248535,,,,0.44566118717193604,0.5739603042602539,1.5989172458648682,,,0.356520414352417,0.4045736491680145,0.8265572786331177,,,,,0.2159615308046341,,,,,,,,0.43177616596221924,0.607752799987793,,,,,,,,
20200308,0.5850430727005005,0.5953723788261414,0.45861032605171204,0.3408671021461487,0.28270015120506287,0.4184468388557434,0.616180419921875,0.9954305291175842,,,,,0.47376537322998047,0.41156476736068726,0.3403208255767822,0.34340381622314453,0.44407835602760315,,0.6757867932319641,,,,,,,,0.4663025438785553,1.1059925556182861,,,,0.4686965346336365,0.5322611331939697,1.4457950592041016,,,0.2515648901462555,0.44974783062934875,0.8692634701728821,,,,,,0.3874655067920685,0.8225318789482117,1.1874616146087646,,,,,,,,,,,,,,
20200309,,0.5816325545310974,0.4170588552951813,0.26646509766578674,,,,,,0.4884765148162842,0.786730170249939,1.935186743736267,0.9193422794342041,0.34628427028656006,0.2702004611492157,,,,0.7944510579109192,0.5447984337806702,0.6519113183021545,1.6485379934310913,,,,,0.48096874356269836,1.1106277704238892,,,0.3974961042404175,0.5708146691322327,0.5878298878669739,2.4414312839508057,0.3289673328399658,,0.37198951840400696,0.48378410935401917,0.7282252311706543,,,,0.32354578375816345,,0.4761559069156647,0.9682268500328064,,,,,,0.25512248277664185,,0.49683186411857605,0.4931725263595581,,,,,,
20200310,0.675530195236206,0.5867719054222107,0.4076775908470154,0.23764246702194214,0.22480906546115875,0.39671164751052856,0.6018764972686768,0.6302974820137024,,0.4584139287471771,0.7403435111045837,1.4974545240402222,1.256308913230896,0.3694816827774048,0.2835494577884674,0.29091864824295044,0.3965873420238495,0.5856842398643494,0.8615304231643677,0.46587425470352173,0.5614655017852783,1.5987786054611206,0.6596442461013794,,0.3842093348503113,0.3432220220565796,0.42644965648651123,1.7339707612991333,,0.402156263589859,0.38433048129081726,0.5145013332366943,0.554732620716095,6.276246070861816,0.8319903016090393,0.44895225763320923,0.3347076177597046,0.4536861777305603,0.9379894733428955,,1.9405449628829956,0.4244806170463562,0.4402800500392914,,0.4250895082950592,0.8052589297294617,1.4433456659317017,8.09334659576416,0.6199684143066406,0.5167820453643799,0.4768819212913513,,0.4189412295818329,0.6929498314857483,0.6382736563682556,1.5958383083343506,0.8115966320037842,0.37833476066589355,0.3952788710594177,0.32481473684310913,0.303254097700119
20200311,0.7145252227783203,0.6025252342224121,0.43014007806777954,0.27019965648651123,0.2559247612953186,0.45348677039146423,0.7163914442062378,1.128962516784668,2.4964890480041504,0.505334198474884,0.9194568991661072,1.1320669651031494,0.7066311836242676,0.3857004642486572,0.3205394446849823,0.3392575979232788,0.4553428292274475,1.886238932609558,0.9779520034790039,0.4448932409286499,0.6045042276382446,2.328369379043579,1.4533641338348389,2.0076658725738525,0.4192846417427063,0.2789075970649719,0.3616751432418823,4.001631259918213,,0.43957340717315674,0.3368361294269562,0.47212520241737366,0.4944192171096802,5.721001625061035,0.6858893632888794,0.3904147446155548,0.3539438247680664,0.43649256229400635,0.8117953538894653,,2.7078897953033447,0.457587867975235,0.44051310420036316,0.31127917766571045,0.48850059509277344,0.8187063336372375,2.8713958263397217,9.593542098999023,0.7023166418075562,0.5984043478965759,0.5358784794807434,0.3292381167411804,0.6515159606933594,1.0312824249267578,0.7680599689483643,2.3697378635406494,1.5911011695861816,0.5324995517730713,0.46180662512779236,0.39444565773010254,0.37475457787513733
20200312,0.5572624802589417,,,,0.2083234339952469,0.4165298044681549,0.6878753304481506,0.7182087302207947,1.2203378677368164,0.3925929069519043,0.7305368781089783,,,0.2599187195301056,0.23059622943401337,0.27479344606399536,0.35366103053092957,0.6516385078430176,0.7792031168937683,0.4045281410217285,0.591509997844696,1.5995980501174927,,,0.32942700386047363,0.27396291494369507,0.3773579001426697,4.45200252532959,,0.39911404252052307,0.2883368134498596,0.3880113959312439,0.5154719352722168,5.591570854187012,,0.25484493374824524,0.3153681457042694,0.48069313168525696,1.029029130935669,,,,0.24619300663471222,0.27680614590644836,0.42785680294036865,0.7624570727348328,0.7326928377151489,,,,,0.28539717197418213,0.46170860528945923,0.990199625492096,0.6394740343093872,,0.5704407095909119,0.31161653995513916,,,
20200313,,,,,,,,,,,,,,,,,,,,,,,,,,,,,,,,,,,,,,,,,,,,,,,,,,,,0.38802826404571533,,,,,,,,,
20200314,0.5064963102340698,,0.3377915620803833,0.23869527876377106,0.2510698735713959,0.43493467569351196,0.5875037312507629,0.9447045922279358,1.8225040435791016,0.5972447991371155,0.5187070965766907,,,0.24954834580421448,0.26520153880119324,0.34238117933273315,0.43552643060684204,0.5404511094093323,0.8798894882202148,0.5057640671730042,0.3444162905216217,,,,,0.3246925175189972,0.28754955530166626,,,,0.2823849022388458,,0.30050402879714966,,0.24706223607063293,0.2865171432495117,,,0.4385157823562622,,,,,,,,,,,,,,,,,,,,,,
20200315,0.5782028436660767,0.560813844203949,0.4498108923435211,0.3047301173210144,0.25505492091178894,0.42926958203315735,0.5287187099456787,0.7545104622840881,1.5138614177703857,0.5307105183601379,0.5856940746307373,1.1123735904693604,0.6931816339492798,0.43592268228530884,0.3405340015888214,0.3764183223247528,0.46704089641571045,0.8565250635147095,0.9777708053588867,0.45174965262413025,0.45794710516929626,0.925808310508728,1.3184340000152588,0.9734655022621155,0.4461180567741394,0.38102659583091736,0.2928007245063782,0.9294238686561584,,0.45250260829925537,0.4253964424133301,0.2929789423942566,0.3880040943622589,1.655478835105896,0.8302046060562134,0.4346157908439636,0.28208956122398376,0.3535451889038086,0.9684933423995972,,1.671164870262146,0.4355083405971527,0.38342511653900146,0.23139771819114685,0.29638776183128357,,,,0.5413810610771179,0.3476508557796478,0.3159507215023041,,0.32579174637794495,0.2887694835662842,0.3183143734931946,0.3920661509037018,0.33923792839050293,0.29395774006843567,,0.26159825921058655,0.27818000316619873
20200316,0.6971492767333984,0.577003002166748,0.44812142848968506,0.2852076292037964,0.2544232904911041,0.5455273985862732,0.5476556420326233,0.9650750756263733,1.973968505859375,0.5347313284873962,0.7067604064941406,0.915067195892334,0.6604781746864319,0.42282602190971375,0.36024630069732666,0.4096726179122925,0.43020370602607727,0.7897908687591553,1.0253210067749023,0.46043333411216736,0.6107609272003174,0.8671340942382812,0.5390538573265076,,0.43153396248817444,0.37276533246040344,0.45809152722358704,0.6545426845550537,,0.3909998834133148,0.38719642162323,0.46811443567276,0.4518134891986847,1.1881135702133179,0.5836009383201599,0.41987451910972595,0.379201740026474,0.49012672901153564,1.275891661643982,,1.9911284446716309,0.43767109513282776,0.35841307044029236,0.2900277078151703,0.4315915107727051,0.5423554182052612,1.3941866159439087,8.9021635055542,0.6278674602508545,0.40716052055358887,0.36562952399253845,0.3763207793235779,0.5462152361869812,0.6205430626869202,0.5552461743354797,0.6416042447090149,0.6771968007087708,0.45174992084503174,0.3808455765247345,0.37074634432792664,0.33020225167274475
20200317,,,,,0.27282842993736267,0.5853557586669922,0.5389857888221741,0.7571679353713989,1.2412183284759521,0.4977820813655853,,,,0.40943771600723267,0.3127009868621826,0.3431604206562042,0.41045331954956055,0.646957516670227,0.9184685945510864,0.5031592845916748,,,,,0.391435831785202,0.3680921494960785,,,,0.6257014274597168,0.4736309051513672,,,,0.819480299949646,0.5421543121337891,,,,,,0.5565248727798462,0.5705041289329529,,,,,,0.7636238932609558,0.5219739079475403,0.49231940507888794,,,,0.5952420830726624,,,,0.4276794493198395,0.46285372972488403,0.4329865276813507
20200318,,,,,,,,,,,,,,,,,,,,,,,,,,,,,,,,,,,,,,,,,,,,,,,,,,,,,,,,,,,,,
20200319,,,,,,,,,,,,,,,,,,,,,,,,,,,,,,,,,,,,,,,,,,,,,,,,,,,,,,,,,,,,,
20200320,,,,,0.1418553590774536,0.35843998193740845,,,,,,,,0.3553003966808319,0.34682580828666687,0.3449020981788635,0.38620540499687195,0.590524435043335,,,,,,,0.24466292560100555,0.24007590115070343,,,,,,,,,,,,,,,,,,,,,,,,,0.4427955746650696,,,,,,,,,,0.3397093415260315
20200321,,,,,,,,,,,,,,,,,,,,,,,,,,,,,,,,,,,,,,,,,,,,,,,,,,,,,,,,,,,,,
20200322,,,0.5518156886100769,0.4083939492702484,0.2965601682662964,0.5040753483772278,0.5107513666152954,0.9092461466789246,1.742346167564392,0.5671252608299255,,,0.7012319564819336,0.4871473014354706,0.4142152965068817,0.45312562584877014,0.42482057213783264,0.529629647731781,0.7397677302360535,0.5599059462547302,0.4966689348220825,,0.4961699843406677,,,0.535790741443634,0.4677114188671112,,,0.40543729066848755,0.3697744607925415,0.4117158353328705,0.39982491731643677,,0.6611621379852295,,0.23986917734146118,0.24636180698871613,0.3787418007850647,,,0.4731360077857971,0.3800426721572876,0.2316865622997284,0.24654263257980347,0.2116086333990097,,1.2111918926239014,0.5134217143058777,0.3855952322483063,0.3033677041530609,0.23783805966377258,0.31590649485588074,0.2513240575790405,0.24287430942058563,,,0.28143373131752014,0.31676676869392395,0.45315849781036377,0.283611536026001
20200323,,,,0.3296801745891571,0.2630733251571655,0.4233144223690033,0.3995339870452881,0.4430934190750122,,0.5268824696540833,,,,0.40506502985954285,0.3691098392009735,0.4475431442260742,0.475723534822464,0.5897157788276672,0.7977697849273682,0.5129574537277222,,,0.9730211496353149,,0.46040165424346924,0.47644853591918945,,,,0.43462666869163513,0.3410012125968933,0.20080265402793884,0.37140992283821106,,0.4871944487094879,0.26678466796875,0.15310829877853394,0.21670648455619812,,,1.4722055196762085,0.2721351385116577,,,,,,,0.39589908719062805,,,,,,,,0.1675535887479782,0.2363857924938202,,,0.20531237125396729
20200324,,0.786097526550293,0.8111059069633484,,,0.8538453578948975,,,,,,1.780590295791626,0.8418061137199402,0.5180667638778687,0.4123092293739319,0.9779748320579529,0.6645402312278748,1.152192234992981,1.2307788133621216,1.1124972105026245,,,0.6234997510910034,,0.5451768040657043,0.6635660529136658,,,,0.3902410864830017,0.4239160716533661,,,,0.9863182306289673,0.4894813001155853,0.24681267142295837,0.33659517765045166,,,,0.8163793683052063,0.45404547452926636,0.2419009655714035,0.24171991646289825,,,,,0.516779363155365,,0.20320650935173035,,,,,,,,,
20200325,0.5278797149658203,,0.4465894103050232,0.3415386974811554,0.261965811252594,0.5841593146324158,0.670873761177063,0.7235782742500305,,0.6920471787452698,,0.6654456257820129,,0.3711399435997009,0.3399595022201538,0.4822308123111725,0.5077148079872131,0.6312068700790405,0.9741439819335938,0.7028993368148804,0.41370224952697754,,0.5795758366584778,1.0376230478286743,0.5194646120071411,0.5839588642120361,,,,0.401757150888443,0.4074493646621704,0.23226116597652435,,,0.4761049449443817,0.44137585163116455,,,,,0.9258962869644165,0.4723314940929413,0.42832881212234497,0.2364628165960312,,,,,0.46205267310142517,0.3010191321372986,0.2726242244243622,0.27106496691703796,0.30907684564590454,0.2709367573261261,0.28042393922805786,,,,,,
20200326,0.6696236729621887,0.6588839292526245,0.44891566038131714,0.3230551779270172,0.2385396808385849,,0.47680020332336426,0.7558908462524414,1.6091886758804321,0.5807114839553833,0.7234024405479431,0.8769433498382568,,0.3661981523036957,0.3361671566963196,0.433487206697464,0.4438592791557312,0.7694886922836304,0.9558960199356079,0.6283650994300842,0.46283119916915894,0.8924533724784851,,,0.481698215007782,0.5586112141609192,0.4977100193500519,1.3789081573486328,,0.4160653054714203,0.37749263644218445,,0.8008227944374084,3.5728750228881836,0.9147238731384277,0.38860124349594116,,,,,2.1804096698760986,0.48043590784072876,0.4263673722743988,,,,0.5127266049385071,7.779496669769287,0.7908651828765869,0.45041143894195557,0.39563971757888794,,,,,0.5412601232528687,0.48264965415000916,0.3952050805091858,0.47604602575302124,0.47994887828826904,0.3896966576576233
20200327,,,0.4114568829536438,0.3094135522842407,0.2656509578227997,0.560506284236908,0.4751996397972107,0.7644741535186768,,,,,,0.4149980843067169,0.33845677971839905,0.439840704202652,0.43237319588661194,0.6417756676673889,0.7212820649147034,,0.4996216297149658,,,,0.37238481640815735,0.4811541438102722,0.3926858901977539,1.0216708183288574,,0.3228904902935028,0.32199397683143616,0.35932835936546326,0.6967220306396484,1.9393566846847534,0.4464690685272217,0.30613771080970764,0.3034583032131195,0.3766564130783081,0.7776579856872559,,,,,,0.23103627562522888,0.3814878761768341,0.7195881605148315,1.1835511922836304,0.5445519089698792,0.3806319236755371,0.3787344694137573,0.23688246309757233,,0.2668270766735077,0.3673331141471863,0.4027957618236542,0.34595033526420593,0.36263787746429443,0.456441193819046,0.39571505784988403,0.3429809808731079
20200328,0.5955869555473328,0.6361230611801147,0.4059612452983856,0.23081286251544952,0.2136840671300888,0.4182712435722351,0.47449037432670593,0.774403989315033,1.5293818712234497,0.6098144054412842,,,,0.2384532392024994,0.22034893929958344,0.3422575294971466,0.4453604519367218,0.6509948372840881,0.9097728729248047,0.6437925100326538,,,,,,0.4742198884487152,,,,,,0.21384091675281525,,,0.40665116906166077,0.38568565249443054,0.350504994392395,,,,1.3100197315216064,0.40674614906311035,0.4109751880168915,,0.2374967485666275,,,1.1232802867889404,0.7383270859718323,0.4267285168170929,0.45639950037002563,0.2659207880496979,0.3034554421901703,0.24552881717681885,0.3069087266921997,0.4004131853580475,0.35410648584365845,0.3694410026073456,0.49216756224632263,0.4935206174850464,0.4634401500225067
20200329,,,,,,,,,,,,,,,,,,,,,,,,,,,,,,,,,,,,,,,,,,,,,,,,,,,,,,,,,,,,,
20200330,,,,,,0.42350831627845764,,,,,1.100337028503418,0.8046942353248596,,,,,,,,,0.5582432150840759,,,,,,0.44155243039131165,,,,,,,,,,,,,,,,,,,,,,,,,,,,,0.5926098227500916,0.4433141052722931,0.37318384647369385,0.42961838841438293,,
20200331,0.4536932408809662,0.48218047618865967,,0.2501024901866913,0.20547324419021606,0.4398648738861084,0.3614477813243866,0.6317235827445984,1.403101921081543,0.5236331820487976,0.6348663568496704,,0.3789546489715576,,0.2358994036912918,0.38362565636634827,0.4069695472717285,,0.8511737585067749,0.5232583284378052,0.4058148264884949,0.47661906480789185,,,0.5045660138130188,0.5753813982009888,0.29401570558547974,0.25003212690353394,,0.5536454319953918,0.45107510685920715,,,,0.426106721162796,0.33995750546455383,,,,,,0.31056228280067444,0.37309888005256653,0.16937793791294098,,,,,,0.29505905508995056,,0.18965420126914978,,,,,0.34538233280181885,0.2700873911380768,0.2570157051086426,,0.2684020400047302
20200401,0.5020565986633301,0.5485754609107971,,0.22269967198371887,0.20469358563423157,0.42265966534614563,0.3364163339138031,0.3485127091407776,0.6704981923103333,0.31397560238838196,,,0.4866380989551544,,,,,,,,,,,,,0.3990838825702667,,0.42706170678138733,,0.4207812547683716,0.41392388939857483,,,,0.5774284601211548,0.28989896178245544,,,,,,,0.24849215149879456,,0.2536483705043793,,0.3974648714065552,,,,,,,,0.23994725942611694,0.2535202205181122,,,0.2374393492937088,,
20200402,,,,,,,,,,,,,,,,,,,,,,,,,,,,,,,,,,,,,,,,,,,,,,,,,,,,,,,,,,,,,
20200403,0.5051536560058594,,0.3572644293308258,0.24585048854351044,0.2698386013507843,0.3752133846282959,0.2902800738811493,0.6692852973937988,,,,,,0.21806485950946808,0.2661633789539337,0.3384247124195099,,,,,,,,,,0.4286539852619171,0.40624213218688965,,,,0.44993358850479126,0.43428683280944824,0.5516919493675232,1.737015962600708,,0.3547215163707733,0.3949219584465027,0.5210867524147034,,,,0.7510786056518555,0.3667253255844116,0.21588268876075745,0.3587549328804016,0.4320685565471649,0.8398476839065552,,5.115286827087402,0.6466718316078186,0.38770702481269836,,,0.399164617061615,0.735801637172699,,0.7711336612701416,1.5223281383514404,0.4718851149082184,0.6443440914154053,0.647305428981781
20200404,,,,,,0.4420352578163147,0.5051240921020508,0.6643661856651306,,,,,0.7883217334747314,0.5035277009010315,0.4093437194824219,0.5276468992233276,0.6194636821746826,,,,0.5298631191253662,,1.8628712892532349,,,,0.34430038928985596,0.4369315505027771,,,,0.3559388220310211,0.4060104489326477,,,,0.33932504057884216,,,,,,,0.2620808482170105,0.29793596267700195,0.37249675393104553,,,,,,0.270698219537735,0.2961631119251251,0.2820672392845154,,,,,,,
