date,a1,a2,a3,a4,a5,a6,a7,a8,a9,a10,b11,b12,b13,b14,b15,b16,b17,b18,b19,b20,c21,c22,c25,c26,c29,c30,d31,d32,d33,d39,d40,e41,e42,e43,e49,e50,f51,f52,f53,f57,f58,f59,f60,g61,g62,g63,g64,g67,g68,g69,g70,h71,h72,h73,h74,h75,h76,h77,h78,h79,h80
20180104,,,,,,,,,,,,,,,,,,,,,,,,,,,,,,,,,,,,,,,,,,,,,,,,,,,,,,,,,,,,,
20180105,16.588125228881836,16.72989273071289,16.83332061767578,17.0815486907959,17.0068416595459,17.03201675415039,16.962961196899414,,,,,17.17819595336914,17.10108757019043,16.132078170776367,16.811691284179688,16.902788162231445,16.595321655273438,16.682254791259766,,,,,,,,,,,,,,15.683380126953125,,,,,,,,,,,,,14.402910232543945,14.289000511169434,,,,,,14.286666870117188,14.17943000793457,13.83829402923584,,,,15.047391891479492,,,
20180106,16.975500106811523,17.135046005249023,17.302661895751953,17.52057456970215,17.4260196685791,17.026947021484375,16.989452362060547,17.499418258666992,17.4851131439209,16.708499908447266,,17.171518325805664,16.996816635131836,16.58858871459961,16.780479431152344,17.190832138061523,16.179218292236328,,16.56155776977539,,,,,,16.962682723999023,17.75214195251465,,,,16.893781661987305,17.770851135253906,,,,17.215124130249023,18.2698917388916,,,,,,,,,,,,,,,,,,,,,,,,,
20180107,,,,,,16.815956115722656,,,,,,,,,,,,,,,,,,,,,15.900768280029297,16.322765350341797,,,,15.750685691833496,15.78833293914795,16.681705474853516,,,15.159259796142578,14.92845630645752,16.219030380249023,,,,,14.252632141113281,14.480781555175781,14.845719337463379,15.894999504089355,15.554357528686523,15.618826866149902,16.672359466552734,14.438677787780762,14.180404663085938,13.944258689880371,13.800742149353027,14.102402687072754,14.739142417907715,14.866593360900879,15.106127738952637,15.406081199645996,16.080678939819336,14.956938743591309
20180108,16.94999885559082,16.882343292236328,16.83429527282715,16.7145938873291,16.780231475830078,16.988468170166016,17.329687118530273,17.593168258666992,,,,17.1163330078125,17.392724990844727,16.407791137695312,16.638086318969727,16.476789474487305,17.026172637939453,17.288721084594727,,,,,,,,,16.72468376159668,,,16.351282119750977,17.89455795288086,,,,16.978532791137695,17.3799991607666,,,,,17.034748077392578,17.315584182739258,17.172239303588867,,,,,,15.975590705871582,16.96430015563965,,,,,,,,,,,
20180109,,,,,,,,19.277894973754883,19.593017578125,19.58186149597168,,,,,,,,18.81348991394043,18.73058319091797,18.758724212646484,,,,,18.16855812072754,19.126075744628906,,,,18.01932144165039,18.887832641601562,,,,17.584735870361328,18.122190475463867,,,,,,17.95244789123535,18.170499801635742,,,,,,,,,,,,,16.090694427490234,15.879117965698242,15.796273231506348,,,
20180110,16.778730392456055,17.058116912841797,17.046180725097656,17.356008529663086,17.2197208404541,17.08131980895996,17.16517448425293,17.484045028686523,,,16.717714309692383,17.360795974731445,17.005165100097656,16.4312686920166,16.774682998657227,16.891143798828125,16.992809295654297,17.188091278076172,,,,16.845407485961914,16.30150032043457,,,,16.395071029663086,,,,,15.883041381835938,,17.194847106933594,,,,15.16624927520752,,,,,,,,14.29745101928711,,,,,,,14.223331451416016,14.2871732711792,14.577775955200195,14.435258865356445,,15.400525093078613,,,
20180111,16.783674240112305,,17.258811950683594,17.666210174560547,17.693334579467773,17.636259078979492,17.736713409423828,18.362878799438477,18.97203826904297,18.896589279174805,16.683748245239258,,17.05382537841797,17.12898826599121,17.47522735595703,17.470439910888672,17.69064712524414,18.07499885559082,18.02751922607422,18.24276351928711,16.851665496826172,17.195531845092773,17.251338958740234,,17.82146453857422,18.53047752380371,16.825727462768555,17.362285614013672,,17.227699279785156,17.68695640563965,16.133636474609375,16.571510314941406,17.705854415893555,16.675426483154297,17.624765396118164,16.08709716796875,15.781294822692871,,,,17.499536514282227,17.716264724731445,15.3809232711792,15.255778312683105,,16.82196044921875,16.703954696655273,16.43181800842285,17.375640869140625,18.017114639282227,15.078093528747559,,,15.611146926879883,15.946880340576172,15.977165222167969,15.906400680541992,16.452104568481445,16.319778442382812,15.35538387298584
20180112,,,,,,,,,,,,,,,,,,,,,16.819425582885742,17.48556137084961,,,,,17.258806228637695,17.632740020751953,,,,17.000322341918945,17.105314254760742,17.933570861816406,,,17.00146484375,,,,,,,,16.3078556060791,,,,,,,15.503180503845215,,,,,,,,,
20180113,,,,,17.805814743041992,,,,,,,,,,,,,,,,,,,,,,,,,,,,,,,,,,,,,,,,,,,,,,,,,,,,,,,,
20180114,,,,,,18.28047752380371,18.364028930664062,18.93071937561035,19.409854888916016,,,,,,,18.098278045654297,18.235530853271484,18.509244918823242,18.565155029296875,,,,,,17.54930877685547,,,,,17.419527053833008,18.367958068847656,,,,17.77864646911621,,,,,,,17.31525993347168,,,,15.991777420043945,,16.894386291503906,,17.089017868041992,,,15.119779586791992,14.937868118286133,15.271158218383789,15.957128524780273,16.0972843170166,15.889389038085938,16.253568649291992,16.959030151367188,14.56704044342041
20180115,,,,16.397281646728516,,,,,,,,,,,,,,,,,,,,,,,,,,,18.934566497802734,,,,,,,,,,,,,,,,,,,,,,,,,,,,,,
20180116,16.659013748168945,17.002716064453125,17.042985916137695,17.26329803466797,17.340044021606445,17.37523078918457,17.53826141357422,,,,16.563804626464844,17.19727325439453,17.178558349609375,16.76971435546875,,,,,17.38176155090332,17.85984230041504,16.571277618408203,,,,17.299047470092773,,16.56766700744629,16.9505558013916,,17.48818016052246,,16.16347312927246,16.592430114746094,17.222158432006836,,,15.895166397094727,15.989161491394043,16.956588745117188,,,,,,15.268115997314453,15.49145221710205,,,,,,,,14.427948951721191,,,,,,,
20180117,16.83109474182129,17.277908325195312,17.33763885498047,17.64305877685547,17.77848243713379,17.69906997680664,17.66093635559082,17.98427391052246,17.88142967224121,19.252336502075195,16.82583236694336,17.221263885498047,17.168352127075195,17.016094207763672,,17.36709213256836,17.16884994506836,17.658658981323242,,18.507999420166016,16.198034286499023,16.048749923706055,,,,17.961349487304688,15.920832633972168,16.145435333251953,,,16.840635299682617,15.70992660522461,15.546980857849121,,,,,15.23986530303955,,,,,16.93009376525879,,,,,,15.314582824707031,16.616350173950195,18.13874053955078,,,,,,15.242718696594238,15.753948211669922,15.906412124633789,16.22348976135254,14.998422622680664
20180118,17.499929428100586,17.975317001342773,18.149513244628906,18.20656394958496,18.21666717529297,18.207984924316406,18.35388946533203,18.823463439941406,18.89306640625,19.312326431274414,17.798749923706055,18.24673843383789,18.240001678466797,17.768245697021484,17.862049102783203,18.057777404785156,18.11419105529785,18.110597610473633,17.704145431518555,18.72076416015625,17.716655731201172,17.611953735351562,17.879167556762695,,17.774017333984375,19.04244613647461,17.52576446533203,17.85454750061035,,17.788593292236328,18.823200225830078,17.20309066772461,17.621700286865234,18.10126495361328,17.29491424560547,18.549283981323242,16.622291564941406,16.719825744628906,17.440349578857422,,17.726499557495117,17.478404998779297,17.988679885864258,15.682722091674805,16.05586814880371,16.47165298461914,17.205930709838867,16.746347427368164,16.421998977661133,17.806610107421875,18.63492774963379,15.106282234191895,15.555387496948242,15.25882339477539,15.457540512084961,,16.178592681884766,16.14446449279785,16.36674690246582,17.74320411682129,
20180119,,,19.3602294921875,19.487430572509766,19.44447898864746,19.38763999938965,19.32982635498047,19.804330825805664,19.850759506225586,19.952880859375,,,19.17434310913086,18.986183166503906,19.20718765258789,19.198020935058594,19.23092269897461,19.283763885498047,18.45711326599121,19.240867614746094,,18.40081024169922,19.317838668823242,,18.154375076293945,19.54805564880371,18.17486000061035,18.626331329345703,,18.175355911254883,19.148611068725586,17.969816207885742,18.319095611572266,19.219890594482422,18.244375228881836,18.703298568725586,,17.60365867614746,18.429466247558594,,18.739049911499023,18.164745330810547,18.538368225097656,,16.61676597595215,16.732999801635742,18.130624771118164,18.03280258178711,18.258281707763672,18.965200424194336,19.225797653198242,,,16.174396514892578,16.498167037963867,17.395450592041016,17.223546981811523,16.8387508392334,17.16061019897461,18.377588272094727,17.690610885620117
20180120,,,,,,,,,,,,,,,,,,,,,,,,,,,16.609718322753906,,,,,16.362260818481445,,,,,16.168842315673828,,,,,,,,,,,,,,,,,,,,,,,,15.123444557189941
20180121,,,,,,,,,,,,,,,,,,,,,,,,,,,16.55081558227539,,,,,16.413606643676758,16.563453674316406,,,,15.915374755859375,16.10723876953125,16.64480209350586,,,,,,15.497664451599121,16.32924461364746,16.560409545898438,,,,,,14.972915649414062,14.745367050170898,14.835000038146973,16.059017181396484,15.683136940002441,,,,
20180122,,,,,,,,19.135087966918945,19.22269630432129,19.61161231994629,,,,18.124595642089844,18.235124588012695,18.296829223632812,18.368305206298828,,,19.31743812561035,,,,,,,,,,,,,,,,,,,,,,,,,,,,17.262439727783203,16.903308868408203,,,,,,,,,16.42985725402832,,,
20180123,17.29792594909668,17.81847381591797,18.07525634765625,18.300048828125,18.39712142944336,18.4493408203125,18.642841339111328,18.973142623901367,19.364038467407227,19.74867820739746,17.205787658691406,18.422443389892578,18.442087173461914,18.256715774536133,18.341352462768555,18.47510528564453,18.74195098876953,18.871292114257812,18.413747787475586,19.19569206237793,16.756526947021484,16.90599822998047,18.923978805541992,,18.127124786376953,19.80449104309082,,,,18.462499618530273,19.94484519958496,,,,,,15.70150089263916,,,,,,,15.748279571533203,15.684781074523926,15.929333686828613,,,,,,,15.004822731018066,14.598917961120605,15.402552604675293,16.1860408782959,,,,,
20180124,18.06787872314453,18.46900749206543,18.708887100219727,18.75749969482422,18.921146392822266,18.836944580078125,18.898908615112305,19.00555419921875,19.152935028076172,20.032073974609375,,,19.04769515991211,18.78070831298828,18.593852996826172,18.72715187072754,18.846879959106445,18.546157836914062,17.886125564575195,18.868927001953125,17.400651931762695,,18.819143295288086,,,19.658750534057617,17.248926162719727,17.656681060791016,,,,17.007904052734375,17.579092025756836,17.80095100402832,,,16.375972747802734,16.510799407958984,17.224712371826172,,,,,16.1579532623291,15.864707946777344,15.872382164001465,16.597984313964844,,,,,15.858362197875977,15.415331840515137,15.088616371154785,15.400343894958496,16.197011947631836,16.331636428833008,16.037155151367188,,,
20180125,,,,,,,,,20.419832229614258,20.5654296875,,,,,,,,19.538278579711914,19.36273193359375,19.992080688476562,,,,,19.094297409057617,20.165081024169922,,,,19.20386505126953,,,,,,,,,,,,,,,,,,,,,18.561227798461914,,,,,,,,,,
20180126,17.995460510253906,18.59329605102539,19.065174102783203,18.964160919189453,18.880863189697266,,,,,,18.10100555419922,18.964582443237305,19.278371810913086,19.028013229370117,18.943172454833984,,,,,,17.959686279296875,18.011764526367188,,,,,17.840808868408203,18.09518814086914,,,,17.635072708129883,17.929594039916992,17.89544677734375,,,16.98744010925293,17.25409698486328,17.496938705444336,,,,,16.540178298950195,,16.67524528503418,17.287891387939453,17.770000457763672,,,,15.61850643157959,15.821810722351074,15.311266899108887,15.772430419921875,16.697250366210938,16.95870018005371,16.694091796875,,,
20180127,,,,,,,,,,,,,,,,,,,,,,,,,,,,,,,,,,,,,,,,,,,,,,,,,,,,,,,,,,,,,
20180128,,,,,,,,,,21.46393394470215,,,,,,,,,,20.965694427490234,,,,,,,18.870805740356445,18.84568214416504,,,,,18.93096160888672,19.332530975341797,19.83112335205078,,,18.648488998413086,18.537006378173828,21.333330154418945,20.46527862548828,19.49395179748535,,17.742319107055664,,18.191776275634766,18.45823860168457,19.97385597229004,19.73114013671875,19.209156036376953,,17.437915802001953,17.41840362548828,17.049266815185547,17.271455764770508,18.1936092376709,18.344125747680664,19.07939338684082,19.41471290588379,19.224899291992188,
20180129,,,,21.171749114990234,21.328357696533203,21.090831756591797,,,21.66088104248047,21.292160034179688,,,,,20.825498580932617,20.814558029174805,21.296775817871094,,,21.01481056213379,,,,21.760181427001953,,,,,,,,,,,,,,,,,21.520118713378906,,,,,,,20.901941299438477,20.4514102935791,,,,,,,,,19.513750076293945,19.99481964111328,19.96320152282715,20.323280334472656
20180130,,,,,,,,,,,,,,,,,,,,,,,,,,,,,,,,,,,,,,,,,,,,,,,,,,,,,,,,,,,,,
20180131,,18.355680465698242,18.38283348083496,,,,,,,,,,19.611968994140625,19.320554733276367,,,,,,,,,,,,,,,,,,,,,,,,,,,,,,,,,,,,,,,15.249667167663574,,,,,,,,
20180201,17.373804092407227,18.273035049438477,18.343124389648438,18.405452728271484,18.785261154174805,18.855623245239258,19.03819465637207,19.825040817260742,20.106853485107422,20.434436798095703,17.542078018188477,18.127437591552734,19.30392837524414,18.984811782836914,19.015634536743164,19.228450775146484,19.556730270385742,19.874479293823242,19.324859619140625,20.4440975189209,17.498971939086914,16.689069747924805,19.938203811645508,,19.117462158203125,20.411378860473633,,,,19.05499839782715,20.063180923461914,,,,18.865123748779297,,,,,,,,,,,,,,,,,,,,,,,,,,
20180202,17.05797576904297,17.94971466064453,17.959619522094727,18.281530380249023,18.697391510009766,18.786041259765625,18.992290496826172,19.68082046508789,20.041868209838867,20.321388244628906,16.869850158691406,17.67011260986328,,,18.613590240478516,18.77729606628418,19.04152488708496,19.604633331298828,18.932010650634766,20.39928436279297,,16.033626556396484,,,,,,16.434412002563477,,,,,,,,,,,,,,,,,,,,,,,,,,,,,,,,,
20180203,,,,,,,,,,,,,,,,,,,,,,,,,,,,,,,,,,,,,,,,,,,,,,,,,,,,,,,,,,,,,
20180204,,18.989213943481445,19.3659725189209,19.53822898864746,19.615936279296875,19.594375610351562,19.772062301635742,20.060150146484375,19.830856323242188,19.626558303833008,,19.34845542907715,19.86172103881836,19.60567283630371,19.379154205322266,19.436445236206055,19.594894409179688,19.493915557861328,18.755891799926758,,,,,,,,,,,,,,,,,,,,,,,,,,,,,,,,,,,,,,,,,,
20180205,17.10133934020996,,,,,,,,,,16.934860229492188,,,,,,,,,,16.560407638549805,,,,,,,,,,,,,,,,,,,,,19.250221252441406,,,,,,,,,,,,,,,,,,,18.658063888549805
20180206,17.914749145507812,18.522241592407227,18.906049728393555,19.21320343017578,19.290142059326172,19.437759399414062,19.655593872070312,20.020292282104492,19.924999237060547,20.24225425720215,17.369304656982422,18.38427734375,19.338956832885742,19.124771118164062,19.001903533935547,19.036663055419922,19.27706527709961,19.4515380859375,18.79619789123535,,17.216373443603516,16.186521530151367,,,,,17.39793586730957,16.77783966064453,,,19.74340057373047,16.942049026489258,17.390867233276367,16.4567813873291,19.16973114013672,19.656230926513672,16.429040908813477,16.9027099609375,16.313867568969727,,,18.841800689697266,19.739660263061523,15.527400970458984,15.90715217590332,16.48124885559082,16.671213150024414,17.187498092651367,17.213409423828125,,,15.144551277160645,14.602395057678223,15.022867202758789,16.414596557617188,16.86135482788086,17.364294052124023,17.317920684814453,,,
20180207,17.930259704589844,18.568212509155273,18.996768951416016,18.890260696411133,18.696998596191406,19.31088638305664,19.444072723388672,19.99176597595215,20.089109420776367,20.2109375,17.6281681060791,,,,,,19.100502014160156,19.665002822875977,19.271665573120117,19.672565460205078,,,,,19.40387535095215,20.167600631713867,17.79787254333496,17.54680824279785,,19.24016571044922,20.35297203063965,17.47660255432129,18.018522262573242,17.251874923706055,18.79281234741211,20.171878814697266,16.568687438964844,,16.640846252441406,,,19.275053024291992,19.836641311645508,15.994607925415039,16.01708221435547,,,,17.70009994506836,,19.46014976501465,,,15.463180541992188,,,,18.064273834228516,18.01402473449707,,
20180208,,,,,,,,,,,,,,,18.132423400878906,,,,,,,,,,,,,,,,,,,,,,,,,,18.894851684570312,18.663301467895508,,,,,,,,18.157167434692383,,,,,,,,,,,
20180209,,,,,,,,,,,,,,,,,,,,,,,,,,,,,,,,,,,,,,,,,,,,,,,,,,,,15.271286010742188,15.923138618469238,,,,,,,,17.806201934814453
20180210,,,,,,,21.14703941345215,21.273473739624023,21.340612411499023,21.06922149658203,,,,,,,20.9317684173584,20.788976669311523,20.49492645263672,20.8319149017334,,,,,19.915821075439453,20.74769401550293,,,,19.25442886352539,,17.022777557373047,17.903886795043945,,19.069026947021484,,,,16.32318115234375,,,,,,,,,,,,,,,15.243086814880371,,,,,,,
20180211,,,,,19.0512752532959,19.279090881347656,19.37244415283203,19.618661880493164,,,,,,19.484270095825195,19.387237548828125,19.444013595581055,19.700477600097656,19.819581985473633,,,,,19.839723587036133,,,,,,,,,,,,,,,,,,,,,,,15.492499351501465,,,,,,14.004999160766602,14.680480003356934,,,,,,,,
20180212,,,,,,19.406761169433594,,,,20.331405639648438,,,,19.75413703918457,19.491214752197266,19.56631851196289,19.831390380859375,20.10824203491211,19.884546279907227,,,,20.198951721191406,,,,,,,,,,,,,,,,,,18.907562255859375,19.304750442504883,,,,,,,18.376283645629883,19.14771842956543,19.749332427978516,,,,,,,,,,
20180213,17.355581283569336,18.218507766723633,,18.88663673400879,18.92894744873047,19.08975601196289,19.34552001953125,19.932571411132812,20.302989959716797,19.98320960998535,17.335323333740234,,19.376340866088867,19.302188873291016,19.22801971435547,19.313505172729492,19.560230255126953,20.09075355529785,19.602787017822266,20.12285804748535,17.432842254638672,17.54236602783203,19.673093795776367,,,20.49762535095215,17.21763801574707,17.24808692932129,,,,,17.318485260009766,17.14034652709961,,,16.14910125732422,16.399581909179688,16.835418701171875,,,,,15.418237686157227,15.262807846069336,15.213645935058594,,,,,,13.61967945098877,14.025217056274414,15.823529243469238,16.66013526916504,17.245712280273438,17.28687286376953,17.36260414123535,17.82033920288086,,
20180214,,19.03147315979004,,,,,,,,19.40772819519043,,,19.923219680786133,,18.91241455078125,18.841293334960938,,,,,,,,,,,,,,,,,,,,,,,,,,,,,,,,,,,19.305835723876953,,,,,,,,17.377376556396484,18.031248092651367,18.889440536499023
20180215,,,,,,,,,,,,,,,,,,20.37952995300293,,,,,,,,,,,,18.376110076904297,20.3833065032959,,,,18.68115997314453,20.029895782470703,,,,,18.552186965942383,18.98145294189453,19.813228607177734,,,,,17.59588623046875,17.662473678588867,18.043643951416016,19.33170509338379,,,,,,17.12064552307129,17.2097110748291,18.067609786987305,18.60017967224121,18.26878547668457
20180216,,17.561969757080078,18.49300193786621,,,,,,,,,,,19.270341873168945,,,,,,,,,,,,,16.422330856323242,,,,,,,,,,,,,,,,,,,,,,,,,,14.448902130126953,,,,,,,,
20180217,17.196744918823242,17.085369110107422,18.37155532836914,18.100500106811523,18.180063247680664,18.45888900756836,18.644201278686523,,,18.69025421142578,,,,18.656890869140625,18.892019271850586,18.51943588256836,18.733484268188477,,,19.022083282470703,,,19.01171112060547,,18.388103485107422,19.51854133605957,,,,,19.80263900756836,,,,,20.04281997680664,,,,,,,19.534374237060547,,,,,,,,,12.913599967956543,,,,,,,17.339879989624023,,
20180218,,,,,,,,,,,,,,,,,,,,,,,,,,,,,,,,,,,,19.62984848022461,,,,,,17.775131225585938,19.40226173400879,,,,,,,,,12.295286178588867,13.743549346923828,14.256805419921875,,15.24338150024414,,,,,
20180219,16.573774337768555,16.61840057373047,,,,,,,,,16.73882293701172,16.914396286010742,,18.36199951171875,,,,,,,,16.558773040771484,,,,,,16.657169342041016,,,,15.35561466217041,16.31584930419922,15.941420555114746,,,14.937747955322266,15.30862045288086,,,,,,14.184870719909668,13.302711486816406,13.764527320861816,14.580609321594238,,,,,12.814077377319336,14.423334121704102,14.138139724731445,,,,,,16.354806900024414,
20180220,,,,,18.392772674560547,18.466575622558594,18.444528579711914,,,,,,,19.049938201904297,18.561603546142578,18.47399139404297,18.353466033935547,,,,17.331361770629883,17.036270141601562,18.756248474121094,,,,17.00290870666504,17.109458923339844,,,,16.220142364501953,16.837621688842773,16.578441619873047,,,15.31646728515625,16.14594078063965,16.2535457611084,,,,,14.492117881774902,14.305971145629883,14.80197811126709,15.860921859741211,,,,,13.69576358795166,15.195039749145508,14.56716251373291,15.116290092468262,,,,,,
20180221,,,,17.44159698486328,17.512645721435547,,,,,,,,,,,,,,,,,,,,,,,,,,,,,,,,,,,,,,,,,,,,,,17.713537216186523,,,,,,,,15.341889381408691,,
20180222,17.266502380371094,17.82086181640625,,17.75965118408203,18.213787078857422,18.394285202026367,,,,,16.516565322875977,,18.180086135864258,18.220727920532227,18.18159294128418,18.254268646240234,,,,,16.4951114654541,16.528305053710938,18.3586368560791,,,,16.390396118164062,16.554847717285156,,17.65142822265625,18.07136344909668,15.663750648498535,16.50930404663086,16.160768508911133,17.48162269592285,18.274124145507812,15.086909294128418,16.053091049194336,16.007326126098633,,16.513259887695312,16.82496452331543,18.03951644897461,14.45917797088623,14.241538047790527,14.66781234741211,15.662352561950684,16.00603675842285,16.16004180908203,15.978631973266602,,13.964492797851562,,,14.80695629119873,15.068780899047852,15.137243270874023,15.802071571350098,16.177255630493164,16.818195343017578,17.302188873291016
20180225,,,,,,,,,,,,,,,,,,,,,,,,,,,,,,,,,,,,,,,,,,,,,,,,,,,,,,,,,,,,,
20180226,,,,,,,,19.69048500061035,,,,,,,,,,19.53811264038086,18.98172378540039,19.319244384765625,,,,,19.032629013061523,,,,,18.649063110351562,,,,,18.115602493286133,,,,,,,,,,,,,,,,,,,,,15.941413879394531,16.305761337280273,,,,
20180227,17.6466121673584,18.33601188659668,18.374725341796875,18.0446834564209,18.235248565673828,18.405128479003906,18.908367156982422,19.207538604736328,,,17.195934295654297,17.969148635864258,,,18.13303565979004,18.214574813842773,18.56255531311035,18.857711791992188,,,17.09192657470703,17.1108341217041,,,,,17.038894653320312,16.990285873413086,,,,15.701725006103516,17.004779815673828,16.585384368896484,,,15.390826225280762,,,,,,,14.09863567352295,15.104544639587402,,,16.327754974365234,,,,14.501165390014648,15.404624938964844,,,,,15.762639045715332,,,
20180228,,,18.601804733276367,,,,,,18.903606414794922,19.062440872192383,,,18.857391357421875,,,,,,,,,,,,,,,,,,,,,,,19.277809143066406,,,,,,,19.218332290649414,,,,,,,,,,,,,,,,,,
20180301,,,,,17.972158432006836,18.25701332092285,18.916595458984375,19.011194229125977,18.726974487304688,18.555124282836914,,,,18.174894332885742,18.107568740844727,18.19847297668457,18.606632232666016,18.911649703979492,18.508996963500977,18.560300827026367,,,18.329755783081055,,18.426790237426758,19.03447151184082,,,,18.12891387939453,18.864154815673828,,,,17.847896575927734,18.97948455810547,,,,,,17.877208709716797,18.798072814941406,,14.615270614624023,,,,,17.80103302001953,,,,,,,,,,,
20180302,,17.76392364501953,18.228309631347656,18.06222152709961,18.025558471679688,18.17677879333496,18.91232681274414,18.96208381652832,,,16.90338897705078,17.893218994140625,18.517906188964844,18.332143783569336,18.059507369995117,,,,,,16.825241088867188,17.042638778686523,,,,,16.596134185791016,,,,,15.5256986618042,15.764622688293457,,,,,,,,,17.469743728637695,18.458202362060547,13.569153785705566,14.50844669342041,,,,16.198610305786133,17.582204818725586,18.25,,,,,,,,,,
20180303,,,,,,19.254940032958984,19.664072036743164,19.81003761291504,19.151233673095703,19.277671813964844,,,,,18.870487213134766,18.858333587646484,19.111324310302734,19.24799919128418,18.68442726135254,19.114778518676758,,,,,18.812423706054688,19.106708526611328,,,,18.47058868408203,19.0745906829834,,,,18.244163513183594,18.851484298706055,,,,,17.74727439880371,18.25180435180664,18.94091796875,,,,,,,17.88671112060547,18.896686553955078,,,,,,,,17.20905113220215,18.137374877929688,18.636585235595703
20180304,17.419593811035156,17.9018497467041,18.065227508544922,17.738332748413086,,,,,,,17.101572036743164,,18.36899757385254,18.109926223754883,,,,,,,16.888404846191406,16.983076095581055,,,,,16.660547256469727,16.75262451171875,,,,15.688162803649902,16.57145118713379,,,,14.874326705932617,15.582186698913574,,,,,,14.351300239562988,14.706998825073242,15.246825218200684,,,,,,14.569807052612305,15.024999618530273,14.736001014709473,14.548433303833008,,,,,,
20180305,17.398738861083984,17.99895668029785,,18.175579071044922,18.074033737182617,18.28228187561035,18.452608108520508,,,,17.157405853271484,18.023067474365234,18.616756439208984,18.32769203186035,18.326805114746094,18.442567825317383,18.708263397216797,18.922466278076172,18.041057586669922,,16.874269485473633,17.078227996826172,18.538835525512695,,18.291364669799805,18.679174423217773,16.568973541259766,16.92987823486328,,18.008636474609375,18.931764602661133,,,,18.357175827026367,19.01801300048828,,,,,,18.6982479095459,19.120649337768555,,,,,,,17.952238082885742,18.923236846923828,,,,,,,,,,18.568077087402344
20180306,17.42443084716797,17.92316436767578,18.15566062927246,17.979026794433594,18.048749923706055,18.276180267333984,18.987951278686523,19.097299575805664,18.71914291381836,18.819578170776367,17.010000228881836,17.775516510009766,18.343820571899414,18.102924346923828,18.053970336914062,18.25286865234375,18.65653419494629,18.833877563476562,,18.516708374023438,16.70673179626465,16.98373031616211,18.214458465576172,,,,16.557680130004883,16.73262596130371,,17.69064712524414,,15.62338924407959,16.151798248291016,16.505285263061523,18.055723190307617,18.776607513427734,15.274911880493164,15.653300285339355,16.209115982055664,,17.466773986816406,18.294105529785156,18.657745361328125,,14.541813850402832,15.512960433959961,16.08346176147461,,,17.638334274291992,18.728240966796875,14.274641990661621,14.840668678283691,14.813193321228027,,15.403919219970703,,16.13422393798828,16.495092391967773,17.05028533935547,18.316429138183594
20180307,17.735872268676758,18.217926025390625,18.442394256591797,18.31659698486328,18.327293395996094,18.505544662475586,19.190032958984375,19.203033447265625,18.810466766357422,18.706531524658203,17.365867614746094,17.92966651916504,18.49576759338379,18.210256576538086,18.104339599609375,18.132152557373047,18.53544807434082,18.8405818939209,18.259498596191406,18.64783477783203,16.9599666595459,17.130287170410156,18.143861770629883,,18.194543838500977,18.727861404418945,16.623714447021484,16.874923706054688,,17.97783088684082,18.69644546508789,15.946019172668457,16.818893432617188,16.781421661376953,,,,,16.526552200317383,,,,,,,,,,,,,,,,,,15.460155487060547,15.501023292541504,,,
20180308,,18.93734359741211,18.91472625732422,18.877187728881836,18.856201171875,18.963748931884766,19.64246368408203,19.600107192993164,19.198835372924805,18.95534896850586,,18.640193939208984,19.131000518798828,18.86831283569336,18.7928409576416,18.932525634765625,19.300376892089844,19.26584243774414,18.64499855041504,18.945524215698242,17.692094802856445,17.811830520629883,18.851028442382812,,18.414093017578125,19.010765075683594,17.366270065307617,17.54298973083496,,17.945293426513672,18.822811126708984,16.852678298950195,17.495525360107422,17.33194351196289,18.161901473999023,18.734159469604492,,,17.03031349182129,,,,,,,,,,,,18.83279037475586,,,,,,,,,,
20180309,16.952980041503906,,,,,,,19.67509651184082,19.54481315612793,19.615230560302734,16.891435623168945,,,,,,,,,19.768138885498047,16.514665603637695,,,,19.187803268432617,19.66309928894043,16.036697387695312,,,19.009300231933594,19.58193588256836,,,,18.861541748046875,19.40559959411621,,,,,,18.887022018432617,19.22036361694336,,,,,,17.766685485839844,19.056398391723633,19.29055404663086,,,,15.31208324432373,15.861530303955078,,,17.068592071533203,,
20180310,17.90105438232422,18.33576202392578,18.404685974121094,18.32756805419922,18.35097312927246,18.644201278686523,19.14986228942871,19.081953048706055,,18.413551330566406,17.64992904663086,18.05500030517578,18.416778564453125,18.2780818939209,18.32730484008789,18.517881393432617,18.939006805419922,18.7860164642334,,,17.197986602783203,17.593307495117188,18.4424991607666,,17.766841888427734,18.73258399963379,16.930971145629883,16.954254150390625,,,,16.108213424682617,16.77469253540039,16.586427688598633,,18.269283294677734,15.032154083251953,15.069356918334961,,,,,,,13.939929008483887,,15.54666805267334,,,,,,,,,,14.68117618560791,,,,
20180311,18.569456100463867,18.80342674255371,18.858089447021484,18.884965896606445,19.010032653808594,19.368818283081055,19.803646087646484,19.733652114868164,19.330554962158203,19.158355712890625,,,19.06061363220215,18.847705841064453,18.80784797668457,19.123472213745117,19.611223220825195,19.59365463256836,18.809389114379883,19.046649932861328,,,19.12583351135254,,18.25812530517578,19.409809112548828,17.253854751586914,,,17.896860122680664,19.221492767333984,,17.711538314819336,18.033552169799805,,,,,,,,,,,,,,,,,,,,,,,,,,,
20180312,,,,,18.27250099182129,18.616195678710938,19.171875,19.36264419555664,19.201404571533203,19.083066940307617,,,,18.381330490112305,18.261014938354492,18.37848663330078,19.03929328918457,19.211462020874023,18.71697235107422,18.860820770263672,,,18.552915573120117,,18.231027603149414,19.10232925415039,,,,,,,,,18.198511123657227,,,,,,,,18.76433563232422,,,,,,,,,,,,,,,,,,
20180313,,,,,,,,,,,,,,,,,,,,,,,,,,,,,,,,,,,,,,,,,,,,,,,,,,,,,,,,,,,,,
20180314,,,,,,,,,,,,,,,,,,,,,,,,,,,,,,,,,,,,,,,,,,,,,,,,,,,,,,,,,,,,,
20180315,,,,,,17.832500457763672,19.036855697631836,,,17.655637741088867,,,,,,,,,,,,,,,,,,,,,,,,,,,,,,,,,,,,,,,,,,,,,,,,,,,
20180316,17.49241828918457,18.159528732299805,18.294097900390625,18.0037841796875,18.094097137451172,18.332847595214844,18.722713470458984,18.99454116821289,18.4908504486084,18.582555770874023,17.201963424682617,17.824771881103516,18.315223693847656,18.19671630859375,18.294893264770508,18.452831268310547,18.797325134277344,18.91488265991211,,18.126428604125977,,17.010847091674805,18.361284255981445,,,,16.486421585083008,16.900453567504883,,,,,16.808151245117188,16.406709671020508,,,,,,,,18.00444221496582,,,,,,,,,,,,,,,,,,,
20180317,,,,,,,,,,,,,,,,,,,,,,,,,,,,,,,,,,,,,,,,,,,,,,,,,,,,,,,,,,,,,
20180318,,,,,,,,,,,,,,,,,,,,,,,,,,,,,,,,,,,,,,,,,,,,,,,,,,,,15.096525192260742,,,,,,,,,
20180319,,,,,,,19.35040283203125,19.46168327331543,18.561033248901367,18.321468353271484,,,,,,,,,,,,,,,,,,,,,,,,,17.89069366455078,18.643310546875,,,,,,,,,,,,,,,17.197647094726562,,,,,,,,,,
20180320,17.194581985473633,17.221393585205078,,,,,,,,,,,,18.041475296020508,,,,,,,,,,,,,15.75596809387207,,,,,15.252099990844727,,,,,14.41772747039795,,,,,,,14.3827543258667,,14.467324256896973,,,,,,,,,,,,,,,
20180321,17.320480346679688,,,,17.87627410888672,18.152467727661133,18.74520492553711,18.85228157043457,,17.817676544189453,16.859853744506836,17.259119033813477,,,,18.5699520111084,18.833786010742188,18.815441131591797,,,16.566373825073242,16.846393585205078,18.380157470703125,,,17.991710662841797,15.92739486694336,16.734458923339844,,,,15.401603698730469,16.42559051513672,16.382282257080078,,18.261274337768555,14.5986909866333,15.508649826049805,16.32493019104004,,,,17.978084564208984,14.60660171508789,14.42513656616211,14.360929489135742,15.909917831420898,16.5040340423584,15.980952262878418,,16.8492431640625,,,13.853734970092773,13.947641372680664,14.530312538146973,14.678218841552734,15.3116455078125,,,
20180322,,,,,17.537967681884766,17.8397274017334,,,,,,,,,,,,,,,16.279483795166016,16.48324966430664,,,,,15.807499885559082,,,,,15.2876558303833,16.10526466369629,15.923421859741211,,,14.531515121459961,15.614285469055176,16.084375381469727,,,17.71259117126465,17.591814041137695,14.29704761505127,14.312567710876465,14.593145370483398,15.61888313293457,,16.51968765258789,,,14.387950897216797,14.367341041564941,14.073612213134766,14.219061851501465,15.198213577270508,15.004188537597656,,,,
20180323,17.149799346923828,17.29762077331543,17.554702758789062,17.28284454345703,,,,,,17.500606536865234,16.68194007873535,16.80685806274414,,,,,,,,,16.38718605041504,16.618852615356445,,,,,15.85468864440918,16.49083137512207,,,,15.405694007873535,16.13607406616211,15.887107849121094,,,14.721978187561035,15.85576343536377,16.300085067749023,,,,17.084688186645508,14.468859672546387,14.643739700317383,14.881491661071777,15.798542976379395,,,,,,,14.355093955993652,14.312979698181152,15.312984466552734,,,,,16.466049194335938
20180324,,,,,,,,,16.694570541381836,17.66018295288086,,,,,,,,,17.08786964416504,,,,,,,,,,,,,,,,,,,,,,,,16.399375915527344,,,,,,,,,,,,,,,,,,
20180325,,,,,,,,18.539648056030273,,,,,,,,,,18.683259963989258,,19.875917434692383,,,,,,,,,,,18.246829986572266,,,,17.458450317382812,18.029293060302734,,,,,,17.71363639831543,17.78621482849121,,,,,,,17.89259147644043,17.90276527404785,,,,,,,,,,
20180326,,,,,,,,,,,,,,,,,,,,,,,,,,,,,,,17.597532272338867,,,,17.23406219482422,17.448110580444336,,,,,,17.372798919677734,16.925695419311523,,,,,,16.39934730529785,17.804059982299805,17.045900344848633,,,,,,,,,17.982255935668945,17.071535110473633
20180327,,17.256563186645508,17.53898048400879,,,,18.165393829345703,18.332141876220703,17.500749588012695,18.00383758544922,,,17.065847396850586,17.411964416503906,17.47916030883789,17.698583602905273,18.040939331054688,18.133615493774414,17.3641414642334,18.450729370117188,,,17.54453468322754,,16.535158157348633,18.5222225189209,,,,16.98746109008789,17.46350860595703,,,,17.266027450561523,17.12049102783203,,,,,,,,,,,,,,,,,,,,,,,,,
20180328,,,,,,,,,,,,,,,,,,,,,,,,,,,,,,,,,,,,,,,,,,,,,,,,,,,,,,,,,,,,,
20180329,,,,,,,18.312057495117188,18.27840805053711,17.496984481811523,17.822561264038086,,,17.728832244873047,17.887096405029297,17.848012924194336,18.074758529663086,18.20026206970215,18.100208282470703,17.42542839050293,18.119068145751953,,,17.70757293701172,,16.742076873779297,18.12310218811035,,,,16.984329223632812,17.46763801574707,,,,16.979841232299805,16.613924026489258,,,,,16.43293571472168,17.065759658813477,16.340314865112305,14.366121292114258,13.72811508178711,,,,,16.944679260253906,15.73670768737793,14.231500625610352,13.745546340942383,,,,,,,,
20180330,,,,,,,,,,18.886823654174805,,,,,,,,,17.400310516357422,18.36819076538086,,,,,17.388811111450195,18.37783432006836,,,,,,,,,,,,,,,,,,,,,,16.327728271484375,16.582612991333008,,,,,,,,,,,,
20180331,,,,,17.56171417236328,17.485511779785156,17.976484298706055,18.310728073120117,,,16.52815818786621,16.81624984741211,,17.46950912475586,17.477184295654297,17.753372192382812,17.81615447998047,17.8539981842041,,,,,17.589881896972656,,,,,,,,,,,,,,,,,,,17.132755279541016,16.480331420898438,,,,,,,,,13.968647956848145,14.02757740020752,,,15.022625923156738,,,,,
20180401,16.89484977722168,16.941633224487305,17.437408447265625,17.047325134277344,17.177955627441406,17.34538459777832,,,,,,,,,,,,,,,,,,,,,,,,,,15.029998779296875,,,,16.00066566467285,,14.942658424377441,,,,,16.169151306152344,,,,,,,,16.19456672668457,,,,,,,,,16.301584243774414,16.310510635375977
20180402,16.831960678100586,,17.449193954467773,17.160892486572266,,,,,,17.39883804321289,,,,17.307720184326172,17.33821678161621,17.319747924804688,17.320798873901367,,,,,,17.498065948486328,,16.67180633544922,17.435998916625977,,,,17.024499893188477,16.68854522705078,14.296621322631836,14.448225975036621,,16.88345718383789,16.27709197998047,14.320226669311523,,,,,16.86288833618164,,,,14.4210205078125,,,,16.55137825012207,15.940879821777344,,,,13.745060920715332,14.488584518432617,,,,,15.480692863464355
20180403,16.899152755737305,16.842899322509766,17.469032287597656,17.145505905151367,16.983901977539062,16.879817962646484,17.255340576171875,16.849388122558594,,16.90436553955078,,,,16.960567474365234,16.730913162231445,,,,,17.32794189453125,,,,,,,15.420639038085938,15.780311584472656,,,,14.902268409729004,14.832024574279785,,,,14.059649467468262,,,,,,,,,,,,,,,,,,,,14.787617683410645,15.083861351013184,,,
20180404,,,,,,,,,,,,,,,17.993135452270508,17.953231811523438,18.051916122436523,,17.223472595214844,17.53260040283203,,,18.01015281677246,,17.237045288085938,17.604305267333984,,,,17.298059463500977,16.428638458251953,,,,16.974822998046875,16.015310287475586,,,,,,16.635967254638672,15.919532775878906,,,,,,,,,,,,,,,,,,
20180405,,,,,,,,,,,,,,,,,,,,,,,,,,,,,,,,,,,,,,,,,,,,13.873876571655273,,,,,,,,13.561805725097656,13.36390209197998,,,,,,,,
20180406,,,,17.093332290649414,16.831636428833008,,17.225997924804688,,,16.90289878845215,,,16.849794387817383,17.189207077026367,17.100744247436523,16.90816307067871,17.263505935668945,17.3015079498291,16.763423919677734,16.515207290649414,,,,,16.854394912719727,17.090246200561523,15.527667999267578,16.09025001525879,,,16.47130012512207,15.01842212677002,15.862363815307617,,,,14.293488502502441,,,,,,,,,,,,,,,,,,,,,,,,
20180407,16.382797241210938,15.683086395263672,16.59310531616211,16.987974166870117,16.924375534057617,17.005062103271484,17.42223358154297,17.41551971435547,17.11357307434082,17.00105857849121,15.581353187561035,15.556770324707031,16.469999313354492,16.88302993774414,17.047760009765625,16.996477127075195,17.316999435424805,17.376482009887695,,17.086620330810547,15.126203536987305,14.850231170654297,16.687841415405273,,,,,15.04661750793457,,,,,,,,,,,15.643404006958008,,,,,,13.66524600982666,14.123748779296875,14.927040100097656,15.073968887329102,,,,,,12.115936279296875,13.123387336730957,,,,,,
20180408,15.650665283203125,,,,,,,,,,,15.668076515197754,,,,,,,,,,,,,,,,,,,,,,,,,,,,,,,,,,,,,,,,,,,,,,,,,
20180409,,,,17.70833396911621,17.61222267150879,17.478900909423828,17.662811279296875,17.861846923828125,17.265613555908203,17.03614616394043,,,,,17.45523452758789,17.464998245239258,17.53420639038086,17.584779739379883,16.746868133544922,17.61685562133789,,,17.40128517150879,,16.880399703979492,17.818958282470703,,,,16.911449432373047,16.568090438842773,,,,16.616613388061523,15.946422576904297,,,,,16.211708068847656,16.403169631958008,15.756296157836914,,,,,,,,,,,,,,,,,16.09116554260254,
20180410,,,,,,,,,,,,,,,,,,,,,,,,,,,,,,,,,,,,,,,,,,,,,,,,,,,,,,,,,,,,,
20180411,,,,,,16.00825309753418,16.373268127441406,,,,,,,,,,15.300673484802246,,,16.15589714050293,,,,,,,,,,,,,,,,,,,,,,,,,,,,,,,,,,,,,,,,,
20180412,,,,,,,,,,,,,,,,,,,,,,,,,,,,,,,,,,,,,,,,,,,,,,,,,,,,,,,,,,,,,
20180413,,,,,,,,,16.964120864868164,16.91656494140625,,,,,16.726436614990234,16.764545440673828,16.983667373657227,17.07807731628418,16.685298919677734,17.58193588256836,,,16.728975296020508,,16.49625015258789,17.819374084472656,,,,16.51537322998047,16.78208351135254,,,,16.26418685913086,15.72902774810791,,,,,15.468552589416504,16.017778396606445,15.519914627075195,,,,,15.090429306030273,,,14.848968505859375,,,,,,14.859442710876465,,,14.788665771484375,15.628851890563965
20180414,,,,,,,17.334218978881836,17.44148826599121,16.934066772460938,17.204530715942383,,,,,,,,17.143224716186523,16.683666229248047,17.493370056152344,,,,,16.373706817626953,17.829931259155273,,,,16.336000442504883,16.610301971435547,,,,16.08631134033203,15.642953872680664,,,,,15.377253532409668,15.780463218688965,15.372014045715332,,,,,15.018414497375488,15.476280212402344,15.457155227661133,,,,,,,,,15.341354370117188,14.893355369567871,
20180415,,,,,,,,,,17.191211700439453,,,,,,,,,,17.905227661132812,,,,,16.627178192138672,17.913265228271484,,,,16.66499900817871,,,,,,15.82271671295166,,,,,,16.119224548339844,15.828998565673828,,,,,,,,,,,,,,,15.382575988769531,,,
20180416,,,,,,,,,,,,,,,,,,,,,,,,,,,,,,,,,,,,,,,,,,,,,,,,,,,,,,,,,,,,,
20180417,,,16.214027404785156,16.65858268737793,16.223527908325195,,,,,16.54543685913086,,,16.01071548461914,16.225223541259766,16.281545639038086,16.18178939819336,16.36957550048828,16.33946418762207,15.995916366577148,16.82657241821289,,,16.12971305847168,,16.25583267211914,17.599130630493164,,,,16.196287155151367,16.964754104614258,,,,15.81607437133789,15.529998779296875,,,,,,,,,,,,,,,,13.045332908630371,,13.191129684448242,13.348334312438965,,,14.14869213104248,,,
20180418,,,,,16.22719383239746,16.011980056762695,16.2332706451416,16.342647552490234,15.828142166137695,16.261014938354492,,,15.637681007385254,15.934025764465332,16.05357551574707,15.932881355285645,16.03240966796875,16.00844383239746,15.817259788513184,16.917604446411133,,,15.467260360717773,,15.896693229675293,17.140554428100586,,,,15.735523223876953,16.38426971435547,,,,15.39865779876709,15.373696327209473,,,,,14.743331909179688,15.28829574584961,15.173748970031738,,,,,,,,,,,,,,,,,,
20180419,,,,,,,,,,,,,,,,,,,,,,,,,15.229264259338379,15.994195938110352,,,,15.081019401550293,15.136711120605469,,,,14.82109546661377,15.095056533813477,,,,,,14.568721771240234,,,,,,,,,,,,,,,,13.967999458312988,13.671443939208984,,
20180420,,,,,,,,,,,,,,,,,,,,16.915103912353516,,,,,16.076717376708984,,,,,15.86582088470459,15.819487571716309,,,,15.527276039123535,15.860332489013672,,,,,14.834443092346191,15.351323127746582,15.740218162536621,,,13.897120475769043,,14.4766206741333,14.766763687133789,14.815436363220215,14.53530216217041,,,13.485783576965332,,,,14.728649139404297,14.239070892333984,,
20180421,16.139066696166992,15.966547012329102,15.949516296386719,16.309450149536133,16.34699821472168,,,,,,15.761141777038574,,,15.308065414428711,,,,,,,15.587625503540039,15.380271911621094,,,,,14.556047439575195,15.176183700561523,,,,13.679834365844727,14.613795280456543,13.838950157165527,,,13.826653480529785,14.124154090881348,14.66991138458252,,,,,12.582403182983398,13.382421493530273,14.295001983642578,,,,,,,,,,,,,,,
20180422,15.866720199584961,15.983633041381836,,,,,,,,17.20718765258789,15.454643249511719,15.282720565795898,,,,,,,,17.227123260498047,15.235665321350098,15.033409118652344,,,,,,14.795199394226074,,,17.07564353942871,,14.880866050720215,13.448334693908691,,,,,,,,,,,,,14.633140563964844,,,,,,,,14.038124084472656,14.188761711120605,14.31207275390625,14.061517715454102,,,
20180423,15.334571838378906,15.613694190979004,15.755043983459473,15.87221622467041,15.718533515930176,15.91252613067627,,,,16.253360748291016,15.290667533874512,15.210355758666992,15.462639808654785,15.472412109375,15.444294929504395,15.649443626403809,,,,16.330726623535156,15.252272605895996,,15.1874361038208,,15.501538276672363,16.81287384033203,14.548245429992676,15.117934226989746,,14.904922485351562,16.391616821289062,,14.879667282104492,,,14.884196281433105,,,,,,,,,,,,,,,,,,,,14.907297134399414,14.894295692443848,14.448460578918457,14.095475196838379,,
20180424,,,,14.764642715454102,,,,,,14.970975875854492,,,,,,,,,,,,,,,,,,,,,,,,,,,,,,,,,,,,,,,,,,,,,,,,,,,
20180425,,,,17.32464599609375,16.958620071411133,16.68906021118164,16.510217666625977,,,16.52735710144043,,,,,16.594863891601562,16.40795135498047,16.42656135559082,,,,16.374502182006836,15.833999633789062,16.107385635375977,,,,,16.049253463745117,,15.820794105529785,16.93833351135254,,,,15.405113220214844,16.393985748291016,,15.267206192016602,,,15.128952980041504,15.300957679748535,15.444540977478027,,,,,14.571666717529297,14.852917671203613,14.90856647491455,15.184623718261719,,,,13.465507507324219,14.30585765838623,14.990606307983398,14.819043159484863,14.39104175567627,14.624154090881348,14.735347747802734
20180426,,,,,,,,,,,,,,,,,,,,,,,,,,17.481786727905273,14.404305458068848,,,,18.217716217041016,13.89840316772461,,,,18.189001083374023,,,,,,,16.434165954589844,,,,,,,,,,,,,,,,,,
20180427,,15.059131622314453,15.887863159179688,16.377525329589844,16.063831329345703,16.108367919921875,16.740591049194336,16.835037231445312,16.040189743041992,17.308889389038086,,,15.411437034606934,15.813331604003906,15.60307788848877,15.57431697845459,17.12217903137207,16.894779205322266,16.33334732055664,17.175556182861328,15.875000953674316,,,,16.04861068725586,17.315834045410156,14.996611595153809,15.048401832580566,,15.788448333740234,17.613609313964844,14.00110912322998,15.242202758789062,,15.812161445617676,17.570478439331055,,14.95195484161377,15.173188209533691,,,,,,12.493307113647461,12.60705852508545,,,,,,,,,12.203387260437012,,,,,,
20180428,15.070284843444824,,,,,,,16.134000778198242,15.82729721069336,16.73652458190918,,,15.541885375976562,15.893959999084473,15.948105812072754,15.764999389648438,15.68317985534668,15.908188819885254,15.777875900268555,16.771387100219727,,,15.407569885253906,,15.568652153015137,16.88885498046875,14.400983810424805,15.034124374389648,,15.480234146118164,17.341571807861328,14.110971450805664,15.080377578735352,,15.09526538848877,17.18218421936035,,,,,14.591805458068848,15.253430366516113,16.359317779541016,,,,,14.374614715576172,14.504271507263184,14.649770736694336,15.130908012390137,,,,,,,,,,
20180429,15.43539047241211,,15.58241081237793,16.22707176208496,,,,,,,15.353764533996582,14.944165229797363,15.075286865234375,15.55113410949707,,,,,,,15.58499813079834,,,,14.737272262573242,,14.51696491241455,,,,16.22150993347168,,15.014222145080566,,,,14.119647026062012,14.99885368347168,14.905513763427734,,,,,13.54979133605957,13.59201431274414,13.797916412353516,14.672327041625977,,14.359193801879883,,,12.924317359924316,12.634515762329102,12.736572265625,13.891592979431152,14.58354377746582,14.429616928100586,14.348119735717773,14.22531795501709,14.264999389648438,14.670498847961426
20180430,,,,,15.783998489379883,16.20807456970215,15.919026374816895,16.53661346435547,16.12140464782715,16.810514450073242,,,,,,,,,,17.013015747070312,,,,,,17.10681915283203,,,,,16.682497024536133,,,,,,,,,,,,,,,,,14.285345077514648,,,,,,,,,14.204411506652832,14.512598991394043,14.404614448547363,,
20180501,,,,,,,,,,,,,,,,,,,,,,,,,,,,,,,,,,,,,,,,,,,,,,,,,,,,,,,,,,,,,
20180502,,,,,,,,,,,,,,,,,,,,,,,,,,,14.770468711853027,,,,,12.765475273132324,,,14.642058372497559,16.673179626464844,13.434855461120605,,,,,14.706841468811035,,13.71852970123291,12.12533950805664,12.52154541015625,13.215984344482422,,13.727856636047363,14.3028564453125,,13.271754264831543,12.788570404052734,12.623139381408691,13.897245407104492,14.061348915100098,13.668440818786621,13.615921974182129,13.929404258728027,,
20180503,15.464999198913574,15.8035249710083,16.06329917907715,16.53253936767578,16.51937484741211,16.185588836669922,16.186878204345703,16.162128448486328,,16.853275299072266,15.555694580078125,15.43382740020752,15.677721977233887,15.980375289916992,16.07120132446289,15.849265098571777,15.790252685546875,,,15.845843315124512,16.361997604370117,15.649298667907715,,,,16.3389835357666,,15.754923820495605,,,16.537139892578125,,15.987065315246582,14.968080520629883,,17.11916732788086,,15.253679275512695,15.547663688659668,,,,,,14.189264297485352,14.777235984802246,15.365188598632812,,,,17.143718719482422,,,13.506816864013672,14.404052734375,15.042478561401367,14.728250503540039,,14.628450393676758,15.020942687988281,
20180504,,,,,,,,,,,,,,,,,,,,,,,,,,,,,,,,,,,,,,,,,,,,,,,,,,,,,,,,,,,,,
20180505,15.718631744384766,15.755167007446289,15.862157821655273,16.34746742248535,,15.765249252319336,15.795781135559082,,,16.27986717224121,15.94542407989502,15.520212173461914,15.371842384338379,15.808379173278809,15.903952598571777,15.697388648986816,15.559435844421387,15.552878379821777,,16.382844924926758,16.622211456298828,16.043750762939453,15.441590309143066,,16.190462112426758,16.648149490356445,15.468039512634277,,,15.79742431640625,16.8804874420166,14.24902057647705,15.537056922912598,15.441214561462402,16.07270050048828,17.11536979675293,14.323850631713867,15.15349292755127,,,14.119305610656738,15.936728477478027,16.890562057495117,13.923630714416504,13.592987060546875,14.29747200012207,14.810301780700684,,14.139193534851074,15.476574897766113,17.002792358398438,12.860418319702148,12.653974533081055,12.754180908203125,13.870240211486816,14.323549270629883,,,,14.727972984313965,
20180506,,,,,,,,16.355501174926758,,16.899675369262695,,,,,,16.15767478942871,15.981922149658203,15.91773796081543,15.753219604492188,16.463130950927734,14.690896034240723,,,,16.433359146118164,17.052776336669922,,,,16.510475158691406,17.21835708618164,,,,16.329435348510742,17.337236404418945,,,,,14.47833251953125,16.200885772705078,17.134511947631836,,,,,14.505614280700684,14.641012191772461,15.927447319030762,17.186935424804688,,,,,,,14.770870208740234,14.765519142150879,15.176767349243164,15.742945671081543
20180507,,,,,,,,,,,,,,,,,,,,,,,,,,,,,,,,,,,,,,,,,,,,,,,,,,,,,,,,,,,,,
20180508,15.477303504943848,15.355713844299316,15.499164581298828,15.863186836242676,16.131484985351562,15.981403350830078,15.59086799621582,15.498369216918945,14.822320938110352,15.07967758178711,15.804388046264648,,15.093277931213379,15.57882022857666,15.94527816772461,15.782730102539062,15.515957832336426,15.40873908996582,15.292264938354492,15.619306564331055,16.314926147460938,,15.286280632019043,,15.781484603881836,16.35744857788086,14.752811431884766,,,16.153656005859375,16.89595603942871,,,,15.657242774963379,16.780078887939453,14.164165496826172,15.093291282653809,,,14.07840633392334,15.522601127624512,17.055713653564453,13.354998588562012,13.219477653503418,13.470332145690918,14.732428550720215,14.070191383361816,14.20283317565918,14.986065864562988,,12.23768138885498,12.12670612335205,12.881879806518555,13.592191696166992,14.440980911254883,,14.107538223266602,13.912887573242188,14.961454391479492,
20180509,,,,,,,,15.385321617126465,15.148812294006348,15.924894332885742,,,,,,,,,15.407824516296387,15.846704483032227,,,,,15.914304733276367,16.62189483642578,,,,16.436391830444336,16.98908233642578,,,,15.637601852416992,16.912349700927734,13.530285835266113,,,,,15.987152099609375,17.260324478149414,,12.751786231994629,,,,,15.252233505249023,16.355825424194336,11.978250503540039,,,13.22884464263916,,14.599403381347656,,14.033782005310059,15.061258316040039,16.671232223510742
20180510,,,,,,,,,,,,,,,,,,,,,,,,,,,,,,,,,,,,,,,,,,,,,,,,,,,,,,,,,,,,,
20180511,,,,,,,,,,15.562363624572754,,,,,,,14.763872146606445,,,,,,,,,,,,,,,,,,,,,,,,,,,,,,,,,,,,,,,,,,,,
20180512,15.132584571838379,,,,,,,,,,15.561853408813477,,,,,,,,,,,,,,,,,,,,,,,,,,,,,,,,,,,,,,,,,,,,,,,,,,
20180513,15.068906784057617,15.148310661315918,15.660243034362793,16.00642204284668,16.048185348510742,15.868159294128418,15.436737060546875,15.133853912353516,,,15.627363204956055,14.785298347473145,14.897207260131836,15.588178634643555,15.989645957946777,15.71454906463623,15.16758918762207,14.811735153198242,,,,,14.938863754272461,,,,,,,,,13.708520889282227,,13.296111106872559,,,,,,,,,,11.930184364318848,11.79894733428955,,,,,,,11.430878639221191,11.821052551269531,,,,,,,,
20180514,14.661770820617676,14.7479887008667,15.177162170410156,15.716552734375,15.71483325958252,15.557642936706543,15.404426574707031,,,15.735750198364258,15.01249885559082,14.422229766845703,14.37368106842041,15.117670059204102,15.487380027770996,15.25825023651123,15.058131217956543,,,,15.452670097351074,15.173880577087402,14.554046630859375,,,,14.586183547973633,15.063478469848633,,15.561184883117676,16.03499984741211,,,,13.86522102355957,,12.115774154663086,,,,13.36864948272705,15.5882568359375,,11.664911270141602,11.77834701538086,11.735596656799316,,,14.194533348083496,15.816682815551758,,11.596909523010254,11.590302467346191,11.891786575317383,12.654267311096191,,13.85333251953125,13.963040351867676,13.854000091552734,,
20180515,,,,,,,,,14.679998397827148,15.681408882141113,,,,,,,,,,,,,,,,,,,,,,,,,,,,,,,,,,13.059858322143555,12.458520889282227,,,,,,,12.323348045349121,12.708653450012207,12.986719131469727,,,,,,,
20180516,,,15.544736862182617,16.183818817138672,16.170499801635742,15.456499099731445,15.33060359954834,14.139044761657715,14.272053718566895,15.63097095489502,,,14.801108360290527,15.569628715515137,15.806138038635254,15.34839916229248,15.146608352661133,14.604879379272461,,15.130583763122559,,,14.814545631408691,,,14.652180671691895,15.566535949707031,,,,,14.06092357635498,15.715438842773438,,14.41100025177002,,14.582856178283691,15.384084701538086,15.144099235534668,,,,,,,14.525864601135254,,,,,,12.537032127380371,,,,13.934614181518555,,,,,
20180517,,,,,,,,,,16.34694480895996,,,,,,15.190237998962402,,,,,,,,,,,,,,,,,,,,16.441999435424805,,,,,,16.333913803100586,16.449254989624023,,,,,,,16.075300216674805,16.37964630126953,,,,,,,,,,
20180518,14.639554023742676,14.071084976196289,14.040556907653809,14.263635635375977,14.681378364562988,15.109661102294922,14.984265327453613,14.079998970031738,,,,,13.806490898132324,14.63597297668457,15.234484672546387,15.208797454833984,14.856870651245117,14.235739707946777,,,,,14.494871139526367,,,,,,,,,13.067418098449707,,,,,,,,,,,,,,,,,,,,,,,,,,,,,
20180519,,,14.503901481628418,15.44520378112793,15.692063331604004,15.545049667358398,15.22618579864502,14.763062477111816,14.100356101989746,15.416736602783203,15.372343063354492,,14.279391288757324,15.053739547729492,15.509965896606445,15.292049407958984,15.060325622558594,14.575952529907227,14.684593200683594,16.056367874145508,,,14.554068565368652,,15.464468955993652,16.046112060546875,,15.06399917602539,,15.568655967712402,16.04538345336914,13.989832878112793,14.790937423706055,,14.990486145019531,16.020240783691406,,,,,,15.330915451049805,15.878955841064453,,,,,,,,,,,,,,,,,,
20180520,,14.141029357910156,,,,,15.003528594970703,14.60930347442627,,15.316352844238281,,,,14.92032527923584,15.009939193725586,14.764348983764648,14.615812301635742,14.314791679382324,14.612425804138184,15.628352165222168,,,14.294837951660156,,15.457083702087402,15.845104217529297,,,,15.31535816192627,15.918804168701172,,,,14.775057792663574,15.741299629211426,,,,,,14.863374710083008,,,,,,12.693488121032715,,,,,,,,,,13.733749389648438,13.996391296386719,,15.309111595153809
20180521,,,14.729761123657227,15.445476531982422,,15.287178039550781,15.0166654586792,14.580955505371094,13.578747749328613,14.414999961853027,,,14.22318172454834,14.887965202331543,15.31019115447998,15.097429275512695,14.819119453430176,14.373254776000977,14.218201637268066,15.604523658752441,,14.953271865844727,14.557158470153809,,,15.612728118896484,15.512382507324219,,,,15.494768142700195,14.398420333862305,15.049999237060547,,14.646597862243652,15.72592544555664,,13.66296672821045,,,13.070347785949707,15.184600830078125,15.551445960998535,12.448803901672363,13.50582218170166,,,12.623260498046875,13.150191307067871,15.336688995361328,15.325270652770996,,12.021973609924316,13.361298561096191,,,,,,,
20180522,,,,,,,,,,,,,,,,,14.398719787597656,,,,,,,,,15.291874885559082,,,,,,,,,14.177326202392578,,,,,,12.391054153442383,14.238801002502441,,,,,,12.537120819091797,12.537934303283691,,,,,,,,,14.245833396911621,13.844334602355957,,
20180523,,,,14.635342597961426,,,,,,,,,13.674393653869629,14.343818664550781,15.176594734191895,15.616299629211426,14.897125244140625,,,,,,,,,,,,,,,,,,,,,,,,,,,,,,,,,,,,,,,,,,,,
20180524,,,,15.243133544921875,15.537117958068848,15.727253913879395,15.374788284301758,14.587677001953125,13.700292587280273,15.751951217651367,15.302838325500488,,14.304422378540039,15.004772186279297,15.471874237060547,15.488922119140625,15.002872467041016,14.449087142944336,14.764181137084961,15.823575973510742,,,14.597855567932129,,15.801717758178711,15.510624885559082,,,,15.270153999328613,15.467534065246582,,,,14.679105758666992,15.586423873901367,,,,,12.545400619506836,14.889351844787598,15.493571281433105,,,,,12.73781681060791,13.032342910766602,14.354272842407227,,,,,,,,,,,
20180525,,14.705602645874023,14.297430992126465,15.119478225708008,15.281561851501465,15.408357620239258,15.07961654663086,14.333440780639648,13.735370635986328,14.996824264526367,14.773407936096191,14.152437210083008,13.792044639587402,14.781221389770508,15.18461799621582,15.111940383911133,14.681984901428223,14.134299278259277,14.427726745605469,15.394911766052246,,,14.35035514831543,,15.441970825195312,15.466700553894043,,,,15.111892700195312,15.38058090209961,,,,14.395675659179688,,13.734112739562988,,,,12.757420539855957,,,13.184825897216797,13.33792781829834,,,12.524137496948242,,,,12.13576889038086,13.055521965026855,13.170517921447754,13.006047248840332,,,,,,
20180526,,,,,,,,,13.546646118164062,15.1131591796875,,,,,,,,,13.957714080810547,15.211099624633789,14.81719970703125,,,,15.183084487915039,15.168384552001953,14.967981338500977,14.49612045288086,,14.656875610351562,15.034939765930176,14.11726188659668,14.344439506530762,12.74848747253418,14.20745849609375,15.165634155273438,,,,,12.23636245727539,14.446236610412598,15.085705757141113,,,,,,,,,,,,,,,,,,
20180527,,,13.115304946899414,14.320505142211914,15.09825611114502,14.798195838928223,15.100370407104492,14.334883689880371,13.804061889648438,15.177534103393555,,13.019067764282227,13.216200828552246,,,,14.427024841308594,13.803102493286133,14.246386528015137,15.267716407775879,,14.355658531188965,,,15.333264350891113,15.35942268371582,14.978673934936523,14.792167663574219,,,,14.619297981262207,14.888701438903809,13.675396919250488,,,,14.802291870117188,14.759618759155273,,,,,,,14.573012351989746,14.058232307434082,12.250714302062988,,,,,,,13.823728561401367,13.606945991516113,13.960245132446289,13.72249984741211,,,
20180528,,,,,,,,,,,,,,,,,,,,,,,,,,,,,,,,,,,,,,,,,,,14.745244979858398,,,,,,,14.987075805664062,15.245034217834473,,,,,,12.912819862365723,,,15.017288208007812,15.000214576721191
20180529,,,,,,,,,,15.545273780822754,,,,,,,,,14.087030410766602,15.610963821411133,,,,,,,,,,,,,,,,15.151999473571777,,,,,,14.834651947021484,15.272441864013672,,,,,,,,,,,,,,,,,,
20180530,14.886420249938965,14.611831665039062,,,15.003142356872559,15.036480903625488,14.866332054138184,14.179902076721191,13.72208309173584,15.035154342651367,15.033686637878418,13.777059555053711,13.30238151550293,14.006580352783203,14.774466514587402,14.87034797668457,14.246779441833496,13.60546875,14.263103485107422,15.144121170043945,14.849128723144531,,13.938215255737305,,15.217257499694824,15.42072868347168,14.402612686157227,14.648970603942871,,15.04793643951416,15.599336624145508,,14.469722747802734,,14.355825424194336,15.3787841796875,,14.433374404907227,14.430832862854004,,12.675000190734863,14.776067733764648,15.213624954223633,,13.651457786560059,13.958049774169922,,,13.003549575805664,14.397608757019043,15.257857322692871,12.03956413269043,12.580565452575684,12.931750297546387,13.083333015441895,13.369544982910156,,,,,14.754998207092285
20180531,14.944660186767578,14.557950019836426,13.978638648986816,14.639617919921875,14.982916831970215,15.07701301574707,14.83706283569336,14.0835599899292,13.435518264770508,14.60056209564209,14.959630966186523,14.1589994430542,13.583845138549805,14.326369285583496,14.793367385864258,14.864375114440918,14.414392471313477,13.948071479797363,14.030180931091309,14.764286041259766,14.695610046386719,14.483461380004883,13.9695463180542,,14.932064056396484,15.031886100769043,14.320258140563965,14.572587966918945,,14.777237892150879,15.080095291137695,13.675278663635254,14.261881828308105,,14.086524963378906,14.925000190734863,13.22517204284668,13.878451347351074,14.268783569335938,,,14.372057914733887,,12.569544792175293,13.331361770629883,13.220440864562988,,,13.193861961364746,13.953587532043457,,12.076193809509277,12.624171257019043,12.780126571655273,13.373889923095703,13.86351203918457,13.41860294342041,13.364798545837402,13.781249046325684,,
20180601,,15.01209545135498,14.505937576293945,14.91562557220459,15.075769424438477,15.071808815002441,14.821714401245117,14.080679893493652,13.406923294067383,,15.524772644042969,,13.795941352844238,14.586036682128906,14.87718677520752,14.968889236450195,14.478616714477539,13.70320987701416,14.32447338104248,14.78863525390625,14.93449878692627,14.649754524230957,14.0353422164917,,14.884318351745605,15.273630142211914,14.547956466674805,14.587475776672363,,14.614217758178711,14.989517211914062,14.2615966796875,14.419492721557617,13.730844497680664,13.870532035827637,14.87430477142334,13.762431144714355,13.81954288482666,13.677565574645996,,12.207819938659668,13.921039581298828,14.792065620422363,12.863025665283203,13.554383277893066,13.878929138183594,13.744861602783203,,,,14.549999237060547,12.322125434875488,13.003451347351074,13.020606994628906,,,13.557445526123047,,,,
20180602,,,,,,,,,,,,,,,,,,13.805643081665039,,15.146562576293945,,,,,,15.656389236450195,,,,,14.942763328552246,,,,,14.857246398925781,,,,,,,15.296477317810059,,,,,,,,15.24489974975586,,,,,14.54935359954834,14.189009666442871,13.989883422851562,,,
20180603,,,12.361499786376953,13.447614669799805,13.97822093963623,14.473068237304688,14.496064186096191,13.912840843200684,,,,,11.502562522888184,13.078551292419434,14.031086921691895,14.300354957580566,14.050796508789062,13.617105484008789,,,,,12.916570663452148,,,,,,,,,,,,,,,,,,,,,,,,,11.038870811462402,,,,10.854999542236328,,,,,12.96059799194336,12.677196502685547,,,
20180604,14.926328659057617,14.370378494262695,13.813359260559082,14.541864395141602,14.883533477783203,15.115303993225098,14.772055625915527,13.789905548095703,13.659711837768555,,15.11605453491211,13.698234558105469,13.053603172302246,14.222777366638184,14.67208194732666,14.992127418518066,14.31918716430664,13.537149429321289,14.363656044006348,15.096196174621582,,,13.924881935119629,,15.016768455505371,15.445000648498535,,,,14.845671653747559,14.936990737915039,,,,14.303176879882812,14.775740623474121,,,,,12.468088150024414,14.124334335327148,14.456279754638672,,,,,,13.23933219909668,14.443282127380371,14.836007118225098,,,,,,,,,14.91397762298584,14.818306922912598
20180605,14.814783096313477,14.420181274414062,13.965082168579102,14.492055892944336,,,14.420256614685059,13.48445987701416,,,14.85313892364502,13.658551216125488,13.129252433776855,14.110527038574219,14.507651329040527,14.59538459777832,,13.161066055297852,13.790714263916016,14.726374626159668,14.898978233337402,,13.609027862548828,,14.682127952575684,15.25560188293457,14.291383743286133,14.221717834472656,,14.642231941223145,14.722444534301758,13.90657901763916,14.268081665039062,,,,13.512655258178711,14.075276374816895,13.758923530578613,,,,,12.682291984558105,13.208725929260254,,,,,,,12.67364501953125,13.046818733215332,12.871406555175781,,,,13.305608749389648,13.415899276733398,,
20180606,14.957620620727539,14.547358512878418,14.20888900756836,14.772811889648438,14.898749351501465,14.939167022705078,14.578679084777832,13.651402473449707,13.612528800964355,15.04038143157959,15.153016090393066,13.667609214782715,13.355681419372559,14.365989685058594,14.663385391235352,14.729612350463867,14.260106086730957,13.404305458068848,13.883255958557129,14.993070602416992,15.192834854125977,14.579999923706055,14.016514778137207,,,15.295361518859863,14.99323558807373,14.835172653198242,,14.276300430297852,14.318065643310547,,,,13.70870304107666,14.081487655639648,13.084555625915527,,,,11.844786643981934,13.811173439025879,14.418517112731934,13.0158109664917,13.426074028015137,14.027766227722168,13.747304916381836,12.21895980834961,12.666610717773438,13.760570526123047,,12.894933700561523,13.205225944519043,13.295251846313477,13.831562042236328,13.922037124633789,13.928293228149414,13.557743072509766,13.629791259765625,14.466070175170898,14.41526985168457
20180607,,,,,14.64288330078125,15.009443283081055,15.150748252868652,14.420999526977539,14.24736213684082,15.659098625183105,,,,13.6051607131958,14.268250465393066,,14.964330673217773,14.12307357788086,14.385998725891113,15.703802108764648,,,,,14.977499961853027,15.570308685302734,,,,,,,,,14.242916107177734,14.47024154663086,,,14.222498893737793,,12.330114364624023,14.26678466796875,14.78522777557373,,,12.965262413024902,,13.132182121276855,13.142624855041504,14.197152137756348,14.86402702331543,,,,,14.5022611618042,14.52910327911377,14.070798873901367,13.962812423706055,14.743021965026855,14.874650001525879
20180608,,,,,,,,,,,,,,,,,,,,,,,,,,,,,,,,,,,,,,,,,,,,,,,,,,,,,,,,,,,,,
20180609,14.740974426269531,14.2327880859375,13.974635124206543,14.37047004699707,14.686915397644043,14.775472640991211,14.6287202835083,13.839836120605469,13.370919227600098,14.972247123718262,14.73499870300293,13.954666137695312,,14.042551040649414,14.445590019226074,14.648767471313477,14.291918754577637,13.54391860961914,13.783920288085938,15.118054389953613,15.05826473236084,,13.81762409210205,,14.644922256469727,15.335867881774902,14.32096004486084,14.53361701965332,,14.458881378173828,14.848020553588867,13.99578857421875,,,14.302969932556152,14.411110877990723,12.493558883666992,13.576250076293945,,,,13.908154487609863,14.439821243286133,12.314074516296387,13.211772918701172,13.716468811035156,,12.981189727783203,13.393180847167969,,,12.461405754089355,12.985730171203613,12.985160827636719,13.149374008178711,13.755605697631836,13.700657844543457,13.815382957458496,13.441665649414062,,14.250357627868652
20180610,,,13.679999351501465,14.21743392944336,14.489615440368652,14.571045875549316,14.290875434875488,13.587823867797852,13.300347328186035,14.864422798156738,,,12.766478538513184,13.804402351379395,14.31214714050293,14.347192764282227,14.18014907836914,13.43934440612793,13.699780464172363,15.31764030456543,,14.034463882446289,13.438215255737305,,14.471531867980957,15.364410400390625,,14.098404884338379,,14.387877464294434,14.785381317138672,,,13.242618560791016,13.801409721374512,14.21788215637207,,,13.644489288330078,,11.989500045776367,13.797588348388672,14.397183418273926,12.312666893005371,13.100444793701172,13.64405345916748,13.525725364685059,12.215965270996094,12.835619926452637,13.808841705322266,14.440611839294434,12.330594062805176,12.729639053344727,13.016626358032227,13.343043327331543,13.795652389526367,13.782564163208008,13.9586763381958,13.600000381469727,14.081592559814453,14.388361930847168
20180611,14.7106351852417,14.462766647338867,13.860462188720703,14.367741584777832,,14.626648902893066,14.414793968200684,13.224296569824219,13.280072212219238,14.959101676940918,14.791341781616211,13.313291549682617,12.89436149597168,13.860347747802734,14.299999237060547,14.490687370300293,14.41043758392334,13.114165306091309,13.491188049316406,15.075371742248535,15.082676887512207,14.34375,,,,,14.915732383728027,14.461069107055664,,,,,,13.914382934570312,13.38779067993164,13.924469947814941,,,13.930532455444336,,11.898977279663086,13.499999046325684,14.231612205505371,12.378161430358887,13.0557222366333,13.854898452758789,13.8853120803833,12.32198715209961,12.786343574523926,13.503804206848145,14.237924575805664,12.332075119018555,12.87984848022461,13.051623344421387,13.810930252075195,13.492362976074219,13.72131061553955,13.717812538146973,13.622916221618652,14.025914192199707,14.194926261901855
20180612,,,,,,,,,12.916314125061035,15.03151798248291,,,,,,14.317655563354492,13.414566993713379,,13.37768840789795,14.795958518981934,,,,,14.58281135559082,,,,,,,,,,,,,,,,,,,,,14.707426071166992,14.318181037902832,,,,,13.165392875671387,,13.496050834655762,14.399666786193848,13.953619956970215,,13.750200271606445,,,
20180613,,,,,,,,,,,,,,,,,,,,,,,,,,,,,,,,,,,,,,,,,,,,,,,,,,,,,,,,,,,,,
20180614,,14.214919090270996,,,,14.690363883972168,14.265188217163086,,,,,13.528948783874512,,,,14.495152473449707,14.39735221862793,,,,,14.509593963623047,,,,,,14.778721809387207,,,14.716893196105957,,,,,,,,,,11.08650016784668,,,,,,,12.423133850097656,12.987083435058594,13.444258689880371,,,,,,13.858484268188477,14.02505111694336,13.933759689331055,13.846145629882812,14.00931453704834,14.292257308959961
20180615,14.56545352935791,,,,,,,,,,,,,,,,,,,,,,,,,,,,,,,,,,,,,,,,,,,,,,,,,,,12.317036628723145,,,,,,,,,
20180616,,,,,,14.1553316116333,,,,,,,,,,14.085145950317383,13.982236862182617,13.236355781555176,,,,,,,,,,,,,,,,,13.310652732849121,13.716574668884277,12.148029327392578,,,,,13.198009490966797,13.441505432128906,,,,,,,,14.048465728759766,,,,,,,,,,
20180617,,,,,,14.403428077697754,,,,14.01889705657959,,,,13.768818855285645,14.142847061157227,14.197704315185547,,,,14.21202278137207,,,,,,14.412434577941895,,,,,13.931638717651367,,,,,13.199481964111328,,,,,,13.322500228881836,,,,,,,,13.523149490356445,13.603658676147461,,,,13.264090538024902,,,,,,
20180618,,,,,,,,,,,,,,,,,,,,,,,,,,,,,,,,,,,,,,,,,,,,,,,,,,,,,,,,,,,,,
20180619,14.587695121765137,13.832789421081543,13.509872436523438,13.949542045593262,14.021324157714844,14.15913200378418,14.09994888305664,,,,14.518159866333008,13.375749588012695,12.572043418884277,13.647157669067383,14.048749923706055,13.975728988647461,13.664999961853027,13.197856903076172,,,14.668140411376953,14.09151554107666,12.973529815673828,,,,14.045832633972168,14.04924201965332,,,,,13.836719512939453,13.491429328918457,,,,13.959918975830078,13.960856437683105,,,,,11.373900413513184,,14.150215148925781,13.623183250427246,,,,,11.842194557189941,12.304666519165039,,13.555588722229004,13.404166221618652,13.140665054321289,,,,
20180620,,,,,13.85709285736084,14.022730827331543,,13.147143363952637,12.420087814331055,,,,,,,13.745624542236328,13.521700859069824,12.953203201293945,,,,,,,,,,,,,,,,,,,,,,,,,,,,,,,12.846458435058594,,,,,,,13.646162033081055,13.439834594726562,13.570255279541016,12.876068115234375,,
20180621,,,,,13.627103805541992,13.777718544006348,14.025842666625977,13.127945899963379,12.59788990020752,14.705103874206543,,,,,,,13.717668533325195,12.955316543579102,13.237079620361328,15.017189979553223,,,,,13.722762107849121,14.9315185546875,13.857707977294922,,,13.21349048614502,14.094907760620117,13.402990341186523,13.837769508361816,,,13.216935157775879,12.705676078796387,13.263102531433105,,,,,13.434212684631348,,12.558110237121582,13.51928424835205,,12.05820369720459,,,13.851880073547363,12.164275169372559,,,,,,,,,14.10949420928955
20180622,,13.056325912475586,13.143479347229004,13.470416069030762,,,13.641363143920898,12.539999008178711,12.135525703430176,13.99517822265625,,,11.938334465026855,12.6212739944458,13.553030967712402,13.238288879394531,,,12.953673362731934,14.18968677520752,,,,,,,,,,,,,,,,,,,,,,13.109143257141113,13.076080322265625,,12.018499374389648,,,11.863429069519043,13.217951774597168,13.377888679504395,13.540302276611328,12.266759872436523,,,,,13.405777931213379,13.099478721618652,13.465659141540527,,13.881692886352539
20180623,,,,,,,,,,15.666281700134277,,,,,13.925810813903809,13.902734756469727,,,13.141040802001953,,,,,,,,,,,,,,,,,,,,,,,,,,,,,,,,,,,,,,,,13.779723167419434,,
20180624,,,13.17587661743164,13.60849380493164,13.683799743652344,,,,,,,,,13.329062461853027,13.779705047607422,,,,,,,,,,,,,,,,,,,,,,,,,,,,,,,,,,,,,,,,,,,,,,
20180625,,13.299519538879395,12.977212905883789,13.172094345092773,13.1442289352417,13.756911277770996,13.969964027404785,13.035555839538574,12.562106132507324,15.031840324401855,13.926322937011719,,11.970945358276367,13.093334197998047,13.611180305480957,13.81003475189209,13.49517822265625,12.981650352478027,12.801023483276367,14.877167701721191,,,13.141250610351562,,,,,,,,,,,,12.581530570983887,13.388431549072266,,,,,10.227727890014648,13.487349510192871,13.462462425231934,,,,,11.74216365814209,12.782578468322754,13.593445777893066,13.484831809997559,,,,,,,12.977619171142578,,,
20180626,,12.919716835021973,12.899443626403809,13.23236083984375,13.458681106567383,13.615846633911133,13.548110008239746,12.994892120361328,12.486282348632812,15.080937385559082,13.859416007995605,12.316960334777832,12.031837463378906,13.07111930847168,13.392972946166992,13.546504020690918,13.225140571594238,12.706665992736816,12.873464584350586,15.1290283203125,13.960624694824219,,12.566511154174805,,13.169536590576172,15.17475700378418,,,,12.97757625579834,14.216909408569336,,,,12.717708587646484,13.30642318725586,,,,,11.093487739562988,13.239822387695312,13.28282642364502,11.723519325256348,12.05199909210205,,,11.622784614562988,12.640402793884277,13.367449760437012,,,,,13.019027709960938,13.137858390808105,12.97350025177002,13.105685234069824,,13.321771621704102,
20180627,,12.318788528442383,12.585582733154297,,13.161184310913086,,13.468000411987305,,12.50481128692627,14.867764472961426,13.575624465942383,12.613056182861328,11.612715721130371,,,,,,,15.314310073852539,,12.507741928100586,,,13.04306697845459,14.809842109680176,,,,12.926416397094727,14.31006908416748,,,,12.584918022155762,13.200798034667969,,,,,10.911666870117188,13.096488952636719,13.13499927520752,11.155302047729492,,,,11.462828636169434,12.681304931640625,13.340950965881348,13.528611183166504,12.059475898742676,12.457296371459961,13.297128677368164,12.480801582336426,12.97619915008545,13.415902137756348,13.3691987991333,13.394294738769531,13.317500114440918,13.788907051086426
20180628,,,,13.714574813842773,13.798906326293945,,,11.659403800964355,,14.663826942443848,,,12.985769271850586,13.515633583068848,13.806829452514648,13.858548164367676,13.52508544921875,,,,,,13.12426471710205,,,14.782588005065918,,14.596976280212402,,,,,14.79318904876709,13.245753288269043,,,13.610332489013672,14.270792007446289,13.875842094421387,,,12.986806869506836,13.057186126708984,12.22192668914795,13.000446319580078,13.969213485717773,13.135555267333984,11.625378608703613,12.796553611755371,12.922733306884766,12.934069633483887,11.64448070526123,,,12.638484954833984,13.264493942260742,13.38648796081543,13.539405822753906,13.306571006774902,13.242070198059082,13.394956588745117
20180629,,,,,,,,,,,,,,,,,,,,,,,,,,,,,,,,,,,,,,,,,,13.724390983581543,,,,13.373663902282715,,,14.013017654418945,14.027883529663086,,,,,,,13.410614013671875,13.866683959960938,14.088491439819336,14.2280855178833,14.462120056152344
20180630,,,,,,,,12.422234535217285,12.414381980895996,15.018006324768066,,,,,,,,,12.761824607849121,14.867911338806152,,,,,,14.030139923095703,,,,,,13.5392427444458,,,,,,,,,,,13.082380294799805,,,,,,,13.478835105895996,13.170403480529785,,,,,,,14.058648109436035,13.54521656036377,,
20180701,13.85257339477539,13.38698673248291,12.82339096069336,13.146235466003418,13.394553184509277,13.613737106323242,13.60816478729248,12.974785804748535,12.417017936706543,14.707783699035645,14.020237922668457,,11.99850845336914,12.850496292114258,13.29694938659668,13.520625114440918,13.312070846557617,12.720865249633789,12.94035816192627,14.881050109863281,,,12.719358444213867,,13.286507606506348,15.072431564331055,,,,,14.954156875610352,,,,,,12.506298065185547,13.133333206176758,,,,,,12.061322212219238,13.081048965454102,13.806111335754395,,,,,,11.803182601928711,13.203086853027344,13.044553756713867,12.768940925598145,13.003961563110352,,,,,
20180702,13.967656135559082,13.373918533325195,12.853472709655762,13.089612007141113,13.293392181396484,13.400832176208496,13.421523094177246,12.746052742004395,12.350554466247559,14.54867935180664,14.340567588806152,12.972701072692871,11.967263221740723,12.742908477783203,13.078278541564941,13.275081634521484,13.085624694824219,12.497333526611328,12.725349426269531,14.632742881774902,13.958636283874512,13.966875076293945,12.256786346435547,,13.00765609741211,14.673505783081055,13.955933570861816,14.04837703704834,,13.007498741149902,14.442500114440918,13.345945358276367,14.157454490661621,13.348625183105469,12.766040802001953,13.422290802001953,12.892230987548828,13.492755889892578,13.392744064331055,,10.80852222442627,13.20547103881836,13.223332405090332,12.208114624023438,12.97427749633789,13.966955184936523,12.975750923156738,11.585681915283203,12.625360488891602,13.234514236450195,13.382048606872559,12.021894454956055,13.225879669189453,12.886282920837402,12.61153793334961,12.943614959716797,13.08354377746582,13.224926948547363,13.371323585510254,13.257770538330078,13.788727760314941
20180703,,,,,,13.827776908874512,13.864469528198242,13.092658996582031,12.342375755310059,13.763093948364258,,,,,,,13.685126304626465,12.803838729858398,12.531110763549805,13.63025951385498,,,,,12.781131744384766,13.30846118927002,,,,13.190587043762207,13.090636253356934,,,,12.913290977478027,12.98596477508545,,,,,,13.207897186279297,13.159478187561035,,,,,,,13.042579650878906,13.089164733886719,,,,,,,,,,13.481315612792969
20180704,,,,,,,,,,,,,,,,,,,,,,,,,,,,,,,,,,,,,,,,,,,,,,,,,,,,,,,,,,,,,
20180705,13.973657608032227,13.578105926513672,13.080690383911133,12.934019088745117,13.417916297912598,13.415322303771973,,,,,14.34614372253418,,,12.357065200805664,12.857856750488281,,,,,,14.399147987365723,,,,,,13.967917442321777,13.892623901367188,,,,13.060115814208984,13.582249641418457,12.921340942382812,,,12.915645599365234,,,,,,,,,,,11.673818588256836,,,,12.482421875,,,,,,12.951727867126465,,,
20180706,,13.577258110046387,,13.313437461853027,,,,,,,14.30284595489502,,,,13.121723175048828,,,,,,14.059356689453125,,,,,,14.154491424560547,,,,13.25958251953125,13.614375114440918,13.49431324005127,,12.578490257263184,13.285765647888184,12.47889518737793,12.921817779541016,,,10.779755592346191,13.261123657226562,13.349365234375,12.086804389953613,12.522977828979492,13.051018714904785,,,12.711116790771484,13.303714752197266,13.595560073852539,12.250714302062988,,,,,,,13.088420867919922,,
20180707,,,,,,,,,,14.224287033081055,14.475847244262695,,,,,,,,,13.80137825012207,14.031594276428223,,,,12.727815628051758,13.624369621276855,13.707830429077148,,,12.947419166564941,13.255378723144531,,,,,13.036952018737793,,,,,,12.612142562866211,13.112577438354492,,,,,,,12.309362411499023,13.14331340789795,,,,,,,,,,
20180708,,,,12.839813232421875,13.094854354858398,13.334218978881836,13.114999771118164,,,13.659843444824219,,,11.66923999786377,12.378644943237305,12.783258438110352,12.961715698242188,12.897723197937012,12.270577430725098,12.347975730895996,13.327129364013672,14.260856628417969,,12.518604278564453,,12.72671890258789,13.2373685836792,13.896435737609863,14.308232307434082,,12.78695011138916,12.928422927856445,13.61400032043457,13.299294471740723,,12.306024551391602,13.056914329528809,12.534152030944824,13.124462127685547,13.616414070129395,,11.323668479919434,12.602194786071777,,11.803998947143555,,13.235666275024414,,12.117877960205078,11.632125854492188,12.824687957763672,,,11.983166694641113,12.992895126342773,,13.533157348632812,,12.888751029968262,,12.96833324432373,
20180709,,,,,,13.867083549499512,13.780718803405762,13.235912322998047,12.315940856933594,13.863819122314453,,,,,13.316295623779297,13.523560523986816,13.436347007751465,13.047382354736328,12.825214385986328,14.18944263458252,,,13.107418060302734,,13.052501678466797,13.510862350463867,,,,12.975390434265137,13.295525550842285,,,,,,,,,,,,,,12.978970527648926,13.853822708129883,,,,,,,,13.302656173706055,14.060694694519043,13.365487098693848,,13.188227653503418,,13.131498336791992,13.574832916259766
20180710,,,,,,,,,,,,,,12.380487442016602,,,,,,,,,,,,,,,,,,,,,,,,,,,,,,,,,,,,,,,,,,,,,,,
20180711,,,12.660832405090332,,,,,,,13.554403305053711,,,,12.312090873718262,12.468220710754395,,,,12.246606826782227,14.614720344543457,,,,,,14.364029884338379,,,,,13.30542278289795,,,,,,,,,,,12.887974739074707,13.859563827514648,,,,,,,,13.344625473022461,,,,,,,,,,
20180712,13.782082557678223,13.35374927520752,12.636415481567383,12.512263298034668,12.761449813842773,13.096856117248535,12.826667785644531,,,,13.95906925201416,12.8725004196167,11.552681922912598,12.07889461517334,,12.69643783569336,,,,,13.657554626464844,13.218582153320312,11.781288146972656,,,,13.36633586883545,13.483281135559082,,,,,13.380695343017578,12.68743896484375,12.150769233703613,13.585220336914062,,12.881697654724121,,,,,,12.117376327514648,12.43298625946045,13.208159446716309,12.80813217163086,10.980735778808594,12.576028823852539,12.789713859558105,12.818214416503906,12.35982608795166,12.637152671813965,13.011075019836426,13.214027404785156,13.012137413024902,13.008332252502441,12.70373249053955,12.431142807006836,,
20180713,14.205572128295898,13.55837345123291,12.759305953979492,12.696005821228027,12.960346221923828,13.146353721618652,12.90304946899414,12.483304977416992,,,14.108582496643066,12.348570823669434,11.553351402282715,12.334555625915527,12.59999942779541,12.71385383605957,12.544042587280273,12.025908470153809,,,13.634611129760742,,11.542092323303223,,12.690162658691406,13.278047561645508,,,,12.558181762695312,13.193941116333008,,13.817121505737305,,12.173466682434082,13.55555534362793,12.555234909057617,13.24842643737793,,,,12.803425788879395,13.913969039916992,12.095672607421875,12.547910690307617,12.948987007141113,13.269118309020996,,,13.13712215423584,13.34672737121582,12.2354097366333,12.654731750488281,13.067312240600586,13.217388153076172,,13.097856521606445,12.68314266204834,,13.1236572265625,13.323853492736816
20180714,,,13.339264869689941,13.293941497802734,13.530937194824219,13.66986083984375,13.337117195129395,12.730857849121094,12.304587364196777,14.021919250488281,,,12.403937339782715,12.883947372436523,13.079792022705078,13.163820266723633,12.913262367248535,12.274768829345703,12.469531059265137,14.050631523132324,,,12.001309394836426,,12.904621124267578,14.41389274597168,14.2703218460083,13.809365272521973,,12.707221031188965,13.455759048461914,14.307271957397461,13.578829765319824,12.523611068725586,12.523378372192383,,,13.624871253967285,13.505471229553223,,,,14.679052352905273,,12.877031326293945,,,,,,13.155945777893066,,,,,,,,,13.339090347290039,13.459484100341797
20180715,,,,,,,,,,,,,,,,,,,,,,,,,,,,,,,14.76648998260498,,,,,14.348727226257324,,,,,,,,,,,,,,,,,,,,,,,,,13.583026885986328
20180716,,,12.602256774902344,12.600555419921875,12.870530128479004,13.018977165222168,12.890534400939941,,,,13.69909954071045,12.027233123779297,11.540998458862305,,,,,,,,,,,,,,,,,12.25666618347168,13.775432586669922,,,,12.200705528259277,13.66850757598877,,,,,10.031128883361816,12.991785049438477,14.472030639648438,,,,,10.804390907287598,11.803421020507812,13.253876686096191,13.359901428222656,,,,,,,12.50796890258789,12.713725090026855,12.956252098083496,13.006629943847656
20180717,,,,,,12.727655410766602,,,,12.92235279083252,,,,,,,,,,,,,,,,,,,,,,,,,,,,,,,,,,,,,,,,,,12.239018440246582,,,,,,,,,
20180718,13.89402961730957,13.486128807067871,12.888542175292969,12.359174728393555,12.56991195678711,12.770788192749023,12.71068000793457,12.193835258483887,11.367036819458008,13.405043601989746,13.991765022277832,12.713558197021484,11.518795013427734,11.93649673461914,12.301401138305664,12.50173568725586,12.373888969421387,12.014999389648438,12.017660140991211,13.245259284973145,13.515506744384766,13.48723316192627,11.972952842712402,,12.668750762939453,13.654927253723145,13.655000686645508,13.639395713806152,,12.5369291305542,13.87352180480957,13.2376708984375,13.303176879882812,12.885285377502441,11.845075607299805,13.450591087341309,12.618559837341309,12.662175178527832,,,10.351195335388184,12.67567253112793,14.36709213256836,11.838409423828125,12.037459373474121,12.751572608947754,,11.740487098693848,12.031769752502441,13.37823486328125,13.983484268188477,12.224834442138672,12.490675926208496,12.865097999572754,13.098405838012695,12.637603759765625,,12.980901718139648,12.879437446594238,13.871466636657715,
20180719,,,,,12.879834175109863,,,12.319549560546875,,13.612990379333496,,,,,,,,,,13.419678688049316,,,,,,,,,,,,,,,,,,,,,,,,,,,,,,,,,,,,,,,,,
20180720,,,,,,,,,,,,,,,,,,,,,,,,,,,,,,,,,,,,,,,,,,,,,,,,12.404736518859863,13.140119552612305,,,,,,,,,13.29116153717041,13.360690116882324,,
20180721,,,13.055624961853027,12.361185073852539,12.273785591125488,12.639708518981934,12.755316734313965,12.31063461303711,,,,,11.48829460144043,11.848346710205078,12.247776985168457,12.471735954284668,12.385071754455566,12.101975440979004,,,,,11.714323997497559,,,,,,,,,,13.065958023071289,,,,,12.854167938232422,,,,,,,11.839516639709473,12.875981330871582,,,,,,,,12.500946044921875,11.9698486328125,,,,,,
20180722,,,,,,,,,,,,,,,,,,,,,,,,,,,,,,,,,,,,,,,,,,,12.098190307617188,,,,,,,10.803487777709961,,,,,,,,,,,
20180723,13.209142684936523,13.352289199829102,13.074689865112305,12.654333114624023,,12.906356811523438,,12.053466796875,11.558176040649414,13.404021263122559,13.3246431350708,,,,,12.135263442993164,12.19246768951416,12.007469177246094,11.885721206665039,13.174359321594238,13.048091888427734,,,,12.512459754943848,13.258872985839844,12.601353645324707,13.29524040222168,,12.69345474243164,13.555509567260742,,12.650687217712402,,12.052620887756348,13.28994083404541,,,,,,,13.120348930358887,,,,,,,,13.08331298828125,,,,,,,,,,
20180724,,,,,,,,,,,,,,,,,,,,,,,,,,,,,,,,,,,,,,,,,,,,,,,,,,,,,,,,,,,,,
20180725,,,,,,,,12.645661354064941,,,,,,,,12.695282936096191,12.680563926696777,12.250340461730957,12.197333335876465,13.19620418548584,,,,,12.829469680786133,13.524547576904297,,,,12.690651893615723,13.52518367767334,,,,12.28511905670166,13.33770751953125,,,,,10.762187957763672,12.836047172546387,13.201143264770508,,,,13.26911735534668,11.581665992736816,11.977370262145996,12.974111557006836,,,,13.041485786437988,13.137646675109863,13.472999572753906,13.15573501586914,12.970353126525879,12.960783958435059,12.886212348937988,
20180726,,,,,,,,,,,,,,,,,,,,,,,,,,,,,,,,,,,,,,,,,,,,,11.731228828430176,12.31323528289795,,,,,,11.656147003173828,,,,,,,,,
20180727,13.551223754882812,,,,,,,,,,13.231389045715332,,,,11.786139488220215,,,,,,,,,,,,,,,,,,,,12.432624816894531,13.047124862670898,,,,,,12.76103687286377,12.959854125976562,,,,,,,12.809946060180664,13.236559867858887,,,,,,,12.19999885559082,11.889594078063965,12.774442672729492,13.31705379486084
20180728,,13.13890552520752,12.994485855102539,,,12.15261459350586,12.197869300842285,,,13.302763938903809,13.472933769226074,12.504732131958008,11.349512100219727,11.680282592773438,11.883211135864258,11.93925952911377,12.083270072937012,11.65208911895752,12.100931167602539,13.002878189086914,13.325803756713867,,11.74181842803955,,12.583358764648438,13.600972175598145,12.668780326843262,13.130499839782715,,12.577163696289062,13.517187118530273,,12.973942756652832,,12.26045036315918,13.09402847290039,,,,,10.328428268432617,12.71972942352295,13.034225463867188,,,,,,,,,11.336668014526367,,,11.943541526794434,12.928067207336426,13.020536422729492,12.96875,12.558256149291992,12.927499771118164,
20180729,,,,,,,,,11.473484992980957,,,,,,,,,,11.928054809570312,,,,,,12.189568519592285,12.832825660705566,,,,12.228235244750977,13.385713577270508,,,,11.42519474029541,12.725289344787598,,,,,,,12.948773384094238,,,,,,,,,,,,,,,,,,
20180730,,,13.353166580200195,13.302129745483398,,12.447612762451172,12.496831893920898,,,,,,12.386307716369629,12.345309257507324,12.149401664733887,12.335312843322754,,,,,,,,,,,,,,,,,,,,,,,,,,,,,,,,,,,,,,,,,,,,,
20180731,,,,,,,,,,,13.38606071472168,,,,,,,,,,,,,,,,,,,,14.78350830078125,,,,,13.718836784362793,,,,,,,13.572778701782227,,,,,,,,,,,,,,,,,,13.736973762512207
20180801,13.366277694702148,13.25925350189209,12.725539207458496,12.6917142868042,12.39310359954834,12.414918899536133,12.25446605682373,,10.942915916442871,12.709306716918945,,,11.406413078308105,11.834510803222656,12.033101081848145,12.074384689331055,12.002992630004883,11.510714530944824,11.552301406860352,12.378666877746582,13.569243431091309,,,,,,12.46249771118164,13.434999465942383,,,,12.055383682250977,12.99709701538086,,,,11.905345916748047,12.590795516967773,13.062331199645996,,9.581666946411133,,,12.375173568725586,12.070782661437988,12.492264747619629,12.337803840637207,,,,,11.720998764038086,12.00854206085205,11.543334007263184,11.799701690673828,12.760658264160156,,12.704833030700684,,,
20180802,,,12.25624942779541,12.67652702331543,12.352202415466309,12.424652099609375,12.332014083862305,11.85791301727295,11.368660926818848,12.845451354980469,,11.622499465942383,,11.262826919555664,11.783843040466309,11.891006469726562,11.831750869750977,11.62407112121582,11.781075477600098,13.014720916748047,,11.843476295471191,10.858901977539062,,12.553094863891602,13.47697925567627,,12.417501449584961,,12.506348609924316,13.484424591064453,,12.759303092956543,11.89124870300293,12.039347648620605,13.397890090942383,11.51691722869873,12.106789588928223,,,10.416352272033691,12.688102722167969,13.209270477294922,,11.470749855041504,12.367716789245605,12.312808990478516,10.95439338684082,12.056377410888672,12.834436416625977,13.223498344421387,,11.690779685974121,11.508296966552734,12.01430606842041,12.45026683807373,,12.891339302062988,,13.104905128479004,13.351304054260254
20180803,,,12.680411338806152,12.622193336486816,12.138437271118164,12.392953872680664,,,,12.831196784973145,,,11.123420715332031,,11.490279197692871,11.315093040466309,,,,12.408499717712402,,,,,,,,,,,,,,,,,,,,,,,,,,,,,11.908970832824707,,,,,,,,,,,,
20180804,,13.279760360717773,,,,,,,,12.825998306274414,,13.14000129699707,,,,,,,,12.674683570861816,,,,,,,,,,,,,,,,,,,,,,,,,,,,,,,,,,,,,,,,,
20180805,,,,,,,,,,,,,,,,,,,,13.69276237487793,,,,,12.97575569152832,13.876007080078125,,,,13.108382225036621,14.06213092803955,,,,12.63808536529541,13.936119079589844,,,,,,13.036665916442871,13.508000373840332,,,,,,11.885689735412598,,13.368906021118164,,,,,,,,12.92611026763916,13.245930671691895,
20180806,,,,,,,,,,,,,,,,,,,,,,,,,,,,,,,,,,,,,,,,,,,,,,,,10.485429763793945,,,,,,,,,,,,,
20180807,13.167646408081055,,,,,,,,,,,,,,,11.64706039428711,11.562106132507324,,,,,,,,,13.428596496582031,,,,,,,13.19852066040039,,,,12.015156745910645,12.171667098999023,,,,,,12.497977256774902,12.246212005615234,,,,,,,11.847357749938965,12.066817283630371,11.605921745300293,,,,,,,
20180808,,,,,,,,,,,13.558810234069824,,,,,,,,,,13.237342834472656,,,,,,12.25999927520752,13.208703994750977,,,,12.110467910766602,12.879246711730957,,,,12.06669807434082,,,,,,,,,,,,,,,,,,,,,,,,
20180809,,13.293997764587402,12.874014854431152,12.914738655090332,12.507064819335938,12.2510986328125,,,,12.568206787109375,,,,11.847203254699707,11.857763290405273,11.746969223022461,,,,,13.497345924377441,,,,,,12.447221755981445,13.146706581115723,,,,11.598238945007324,12.643499374389648,,,,,12.40119743347168,12.995267868041992,,,,,,12.227069854736328,12.586091041564941,12.879332542419434,,12.008917808532715,,,11.417235374450684,,10.88354778289795,12.027019500732422,12.606356620788574,12.575960159301758,12.418231010437012,12.720232963562012,,
20180810,,,,,,,,,,12.69800853729248,,,,,,,,,,,,,,,,,,,,,,,,,,,,,,,,,,,,,,,,,,,,,,,,,,,
20180811,,,,,,11.531110763549805,11.563241958618164,11.198087692260742,,,,,,,10.743587493896484,,,,,,,,,,,,,,,,,,,,,,,,,,,,,,,,,,,,,,,,,,,,,,
20180812,13.481874465942383,13.368780136108398,12.827009201049805,12.573057174682617,12.529570579528809,12.44076919555664,12.210325241088867,11.603483200073242,,12.758522987365723,13.771193504333496,,11.588624954223633,11.676277160644531,11.942708015441895,11.872048377990723,11.759678840637207,11.462640762329102,11.646010398864746,12.806132316589355,13.597187042236328,,11.32829475402832,,12.67773723602295,13.247723579406738,,13.423860549926758,,12.644914627075195,13.414328575134277,12.102499961853027,12.77198314666748,12.5600004196167,12.224685668945312,13.421149253845215,12.113879203796387,12.409189224243164,13.090984344482422,,10.432953834533691,12.621902465820312,13.166910171508789,12.517571449279785,12.177580833435059,12.539932250976562,12.579195976257324,11.596537590026855,12.027130126953125,12.76151180267334,13.127567291259766,,11.753332138061523,11.364104270935059,11.692194938659668,12.432811737060547,12.6719388961792,12.521300315856934,12.46915340423584,12.966439247131348,
20180813,,13.124180793762207,,12.544893264770508,12.479618072509766,12.268794059753418,11.98519229888916,11.523646354675293,10.97318172454834,12.481250762939453,,12.043916702270508,11.495166778564453,11.674297332763672,11.848750114440918,11.701715469360352,11.66975212097168,11.37259292602539,11.629101753234863,12.83260440826416,,,11.550000190734863,,12.43046760559082,13.057222366333008,,,,12.41238784790039,13.231319427490234,,,,11.872417449951172,13.022313117980957,,,,,10.382647514343262,12.390398979187012,12.9459228515625,,11.806029319763184,,,,11.859999656677246,12.553077697753906,,11.62874984741211,,10.894903182983398,,,,,12.418302536010742,12.761610984802246,
20180814,13.581509590148926,12.956263542175293,12.618823051452637,12.583319664001465,12.227887153625488,11.999739646911621,11.470914840698242,,,,13.40020751953125,12.095941543579102,11.3161039352417,11.770334243774414,,,10.675000190734863,,,,,,,,,,,,,12.2510347366333,12.91815185546875,,,,11.633848190307617,12.587305068969727,,,,,11.013333320617676,12.058823585510254,12.699231147766113,,,,,,,,,,,,,,,,,,
20180815,,,,,13.142911911010742,12.971437454223633,,,,,,,,12.32953929901123,,,,,,,,,,,12.403014183044434,13.269857406616211,,,,12.508562088012695,12.927031517028809,,,,12.017176628112793,12.641624450683594,,,,,10.809600830078125,12.655548095703125,13.157955169677734,,,,,11.449950218200684,12.137242317199707,12.91645336151123,12.934865951538086,,,,,,,12.792291641235352,12.833098411560059,13.011041641235352,12.744729042053223
20180816,,,,,,,,,,,,,,,,,,,,,,,,,,,,,,,13.476339340209961,,,,12.825154304504395,13.446167945861816,,,,,,12.968461036682129,13.417159080505371,,,,,,,,13.015155792236328,,,,,,,,13.164375305175781,,
20180817,,,,,,12.286458015441895,12.011765480041504,11.10302448272705,,,,,,10.857072830200195,,11.703787803649902,11.28840446472168,,,,,,,,,,,,,,,,,,,,,,,,,,,,,,,,,,,,,,,,,,,,
20180818,,,,,,,,,,,,,,,,,,,,,12.781262397766113,,,,,,12.66728687286377,,,,,,,,,,,,,,,,,,,,,,,,,11.684205055236816,,,,,,,,,
20180819,,,,12.300146102905273,12.034309387207031,12.125606536865234,11.779135704040527,11.156806945800781,10.853226661682129,11.973531723022461,,,,10.982155799865723,,11.542180061340332,11.348759651184082,11.133177757263184,11.276886940002441,12.417683601379395,,,,,12.182367324829102,12.64734172821045,,,,12.039999008178711,12.55383586883545,,,,,,,,,,,,,,,,,,,,,,,,,,,,,,
20180820,,,,12.564457893371582,12.535338401794434,11.876148223876953,11.8316011428833,11.314428329467773,10.826025009155273,11.949312210083008,,,,,11.472738265991211,11.283367156982422,11.373611450195312,11.18152904510498,11.316410064697266,,,,,,11.991290092468262,12.338977813720703,,12.81363582611084,,11.91279411315918,12.337093353271484,,,,11.44588565826416,12.480137825012207,,,,,10.363139152526855,12.182332038879395,,,,11.295971870422363,,10.799755096435547,11.478498458862305,12.360806465148926,11.968634605407715,,,,,,,12.131856918334961,,,11.511913299560547
20180821,,,,,,,,,,12.909673690795898,,,,,,,,,11.965852737426758,12.920000076293945,,,,,12.566666603088379,13.174580574035645,,,,12.422794342041016,13.070693969726562,,,,12.149231910705566,12.942561149597168,,,,,10.706363677978516,12.543305397033691,12.888665199279785,,,,,,11.755799293518066,12.837186813354492,,,,,,,,,12.741756439208984,,
20180822,,12.314840316772461,12.36604118347168,12.48767375946045,12.4165620803833,12.188679695129395,11.755034446716309,11.099523544311523,,,12.671370506286621,11.903526306152344,10.8546781539917,11.544459342956543,11.762882232666016,11.568194389343262,11.263550758361816,11.020750045776367,,,12.454617500305176,12.367500305175781,11.098823547363281,,,,11.444375038146973,,,,,,,,,,,,,,,,,,,,,,,,,,,,,,,,,,
20180823,12.958748817443848,12.41555404663086,11.801397323608398,11.930279731750488,12.13792610168457,12.04964828491211,11.760369300842285,10.893957138061523,10.606761932373047,12.145646095275879,12.6882905960083,12.324677467346191,10.81678581237793,11.325852394104004,11.683050155639648,11.510619163513184,11.279854774475098,10.914285659790039,11.19722843170166,12.42751693725586,12.456510543823242,12.362212181091309,10.775486946105957,,12.21946907043457,12.946076393127441,11.59116268157959,,,12.050971031188965,12.797082901000977,11.50573444366455,,,11.631329536437988,12.57807731628418,11.636517524719238,12.025967597961426,12.096220970153809,,10.670909881591797,12.173473358154297,12.412333488464355,11.27463436126709,10.910350799560547,11.45230770111084,11.92945671081543,10.051851272583008,11.068551063537598,12.060907363891602,11.520881652832031,,10.552443504333496,10.850890159606934,11.146024703979492,,,,12.100374221801758,11.852272987365723,11.590624809265137
20180824,13.23290729522705,12.633971214294434,12.142776489257812,12.140242576599121,12.289637565612793,12.244394302368164,11.808810234069824,10.96377944946289,10.706538200378418,12.103075981140137,12.803506851196289,11.995721817016602,10.680110931396484,11.206517219543457,11.613178253173828,11.529007911682129,11.180288314819336,10.762857437133789,11.132674217224121,12.41218376159668,12.55202865600586,12.39544677734375,10.329877853393555,,12.110884666442871,12.78520679473877,11.959305763244629,12.310263633728027,,12.121835708618164,12.912947654724121,11.75333309173584,12.09782886505127,11.686665534973145,11.72512149810791,12.753506660461426,11.790937423706055,11.831719398498535,12.184743881225586,,10.295714378356934,12.313261985778809,12.750311851501465,11.458553314208984,11.170166969299316,11.633872985839844,12.195595741271973,10.567867279052734,11.43090534210205,12.509028434753418,12.304548263549805,11.86666488647461,10.920051574707031,11.082310676574707,11.251319885253906,12.186883926391602,12.059135437011719,12.021530151367188,12.406678199768066,12.121914863586426,11.982829093933105
20180825,13.694907188415527,13.042091369628906,12.586944580078125,12.487013816833496,12.567569732666016,12.504791259765625,12.050068855285645,11.295821189880371,11.012126922607422,12.582812309265137,13.272721290588379,12.385116577148438,11.083151817321777,11.546603202819824,11.958125114440918,11.87521743774414,11.57166576385498,11.077474594116211,11.33837604522705,12.546839714050293,,,10.548054695129395,,12.1893949508667,12.89194393157959,,,,12.105735778808594,13.011979103088379,,,,11.687142372131348,12.75739574432373,,,,,10.460999488830566,12.301984786987305,12.746562957763672,,,,,10.752500534057617,11.363655090332031,12.455832481384277,12.354930877685547,,,,11.355146408081055,12.23047161102295,12.127771377563477,12.024195671081543,12.314826011657715,12.056840896606445,12.074756622314453
20180826,,,,,,,,,,13.169960021972656,,,,,,,,,,13.001603126525879,,,,,12.641590118408203,13.296276092529297,,,,12.51610279083252,13.330486297607422,,,,12.316884994506836,13.096492767333984,,,,,11.2492094039917,12.587233543395996,13.079096794128418,,,,,11.303823471069336,11.658950805664062,12.52387809753418,12.40227222442627,,,,,,,12.057930946350098,12.517354965209961,12.395591735839844,12.220670700073242
20180827,,12.677886962890625,12.270785331726074,12.249788284301758,12.517166137695312,,,,,,12.903124809265137,12.141633987426758,10.945822715759277,11.44473648071289,,,,,,,12.10439395904541,,,,,,11.840424537658691,,,,,11.91952896118164,12.291912078857422,,,,11.625452995300293,,12.54416561126709,,,,,11.190118789672852,11.506098747253418,,,,,,,11.72271728515625,11.119295120239258,11.058703422546387,,,,,,,
20180828,13.095826148986816,12.434741020202637,12.150918960571289,12.208833694458008,12.369881629943848,12.424758911132812,11.91249942779541,11.04963493347168,10.824706077575684,,12.663990020751953,12.101312637329102,11.013928413391113,11.512330055236816,11.883610725402832,11.818357467651367,11.51542854309082,10.997641563415527,11.223654747009277,12.92354965209961,12.562213897705078,12.462968826293945,11.261309623718262,,12.059511184692383,12.9403657913208,12.193388938903809,12.116908073425293,,,,,12.129791259765625,11.529932975769043,,,,,12.12660026550293,,,,,,,,,,,,,,,,,,,,,,
20180829,12.819415092468262,12.400205612182617,12.066596984863281,12.008500099182129,12.21821403503418,12.270868301391602,11.713923454284668,11.002242088317871,,,12.381596565246582,11.804540634155273,10.77510929107666,11.205340385437012,11.627594947814941,11.65986156463623,11.359177589416504,10.887945175170898,11.320958137512207,,12.27408218383789,12.067230224609375,10.764772415161133,,11.981500625610352,,12.014359474182129,11.721742630004883,,,,,11.763319969177246,11.47217845916748,,,,11.771797180175781,11.991480827331543,,,,,,,,11.6766357421875,,,,,,,,,,,,,,
20180830,12.371007919311523,12.557852745056152,12.277152061462402,12.139965057373047,12.146562576293945,12.059027671813965,11.412708282470703,10.572937965393066,10.333222389221191,,12.514142990112305,12.061686515808105,10.969779968261719,11.272777557373047,11.475797653198242,11.323541641235352,11.039325714111328,10.586261749267578,11.3134765625,,12.697500228881836,12.465514183044434,10.577385902404785,,11.794923782348633,12.311918258666992,12.131479263305664,11.99405288696289,,11.837239265441895,12.485223770141602,11.860071182250977,11.777676582336426,11.201074600219727,11.330483436584473,12.415472030639648,,,11.810789108276367,,9.883404731750488,11.649433135986328,12.33217716217041,,11.240097999572754,11.546355247497559,11.706114768981934,10.32601547241211,10.74626350402832,11.711188316345215,11.8317232131958,,,,11.359039306640625,11.570780754089355,11.812661170959473,11.612215042114258,11.747406005859375,11.718138694763184,11.559528350830078
20180831,,,,,,,,,,,,,,,,,,,,,,,,,,,,,,,,,,,,,,,,,,,,,,,,,,,,,,,,,,,,,
20180901,,,,,,,,,,,,,,,,,,,,13.61099910736084,,,,,,13.410415649414062,,,,,13.443055152893066,,,,,,,,,,,12.425333976745605,,,,,,,,12.533124923706055,,,,,,,,,,,
20180902,,,11.950162887573242,11.993900299072266,12.049888610839844,12.125954627990723,11.703977584838867,10.978750228881836,10.784320831298828,12.47295093536377,,,10.664999961853027,11.249504089355469,11.622082710266113,11.602117538452148,11.308613777160645,10.895049095153809,11.602743148803711,12.745296478271484,,,10.982762336730957,,,12.972042083740234,11.934355735778809,,,,12.997699737548828,,12.132794380187988,,,,,,,,,,,,,,,,,,,,,,,,,,,12.076773643493652,
20180903,12.803255081176758,12.336679458618164,12.084721565246582,12.061110496520996,12.073897361755371,12.11885929107666,11.667916297912598,11.071897506713867,,,12.44791030883789,11.401952743530273,10.764120101928711,11.22499942779541,11.552447319030762,11.581103324890137,11.47641372680664,11.051486015319824,11.82177448272705,12.450980186462402,12.225972175598145,,10.671183586120605,,,,11.894617080688477,12.088529586791992,,,,11.65529727935791,11.853986740112305,,11.859687805175781,12.72358512878418,11.236478805541992,11.771071434020996,11.98974895477295,,10.313684463500977,11.80378246307373,12.810799598693848,10.91711139678955,10.954943656921387,11.468806266784668,12.17054557800293,10.7952299118042,10.802719116210938,12.08986759185791,,11.361857414245605,10.95199966430664,10.881817817687988,11.448631286621094,11.88460922241211,,11.931249618530273,,,
20180904,,,,,12.127306938171387,,,,,12.424516677856445,,,,11.41225814819336,,,,,,,12.282500267028809,,,,,,,,,,12.842588424682617,11.326271057128906,11.407638549804688,,,,,11.596190452575684,,,,,12.692646980285645,,,,11.712658882141113,10.39181137084961,11.320591926574707,11.993186950683594,12.22663688659668,,,10.83387565612793,11.541857719421387,11.745989799499512,11.766435623168945,11.66010570526123,11.671037673950195,,
20180905,13.464473724365234,12.88481330871582,12.195477485656738,12.494443893432617,12.519200325012207,12.496353149414062,11.973471641540527,11.305914878845215,11.092341423034668,12.534119606018066,12.950653076171875,,,11.802977561950684,12.043131828308105,11.568872451782227,11.163901329040527,11.072453498840332,11.371695518493652,11.896397590637207,,,,,,12.760257720947266,,,,12.000877380371094,12.571319580078125,,,,11.539127349853516,12.649911880493164,,,,,10.369431495666504,11.835531234741211,12.487964630126953,,,,,10.62110424041748,11.131925582885742,11.856573104858398,11.982410430908203,,,,,,,11.571616172790527,11.72952938079834,11.769196510314941,11.556492805480957
20180906,,,,,,,,,,13.357147216796875,,,,,,,,,,12.708500862121582,,,,,,,,,,,,,,,11.652532577514648,12.907769203186035,,,,,,12.065789222717285,12.725471496582031,,,,,,,12.266862869262695,12.244061470031738,,,,,,,11.971556663513184,12.150177955627441,12.280594825744629,11.782272338867188
20180907,12.487884521484375,12.343767166137695,12.041276931762695,11.826449394226074,11.914676666259766,,,,,,12.4306058883667,11.716248512268066,,,,,,,,,12.242765426635742,,,,,,11.725728034973145,,,,,11.43214225769043,,,,,11.20666790008545,11.675525665283203,,,,,,11.023674964904785,11.036666870117188,11.37388801574707,,,,,,10.856289863586426,10.671891212463379,10.79220962524414,11.107414245605469,11.61203384399414,11.618331909179688,,,,
20180908,12.776606559753418,12.521402359008789,11.955087661743164,12.032476425170898,12.173192024230957,12.250070571899414,11.78878402709961,11.304000854492188,11.396488189697266,12.592082977294922,12.410247802734375,11.836874961853027,10.871352195739746,11.288666725158691,11.668368339538574,11.614544868469238,11.417499542236328,11.219344139099121,11.662391662597656,12.832082748413086,12.356452941894531,12.358285903930664,10.93537425994873,,12.273054122924805,13.237638473510742,11.941726684570312,12.399616241455078,,12.013420104980469,12.625977516174316,11.546154022216797,11.985885620117188,11.89666748046875,11.851788520812988,12.637284278869629,11.408394813537598,11.708085060119629,12.304197311401367,,10.681594848632812,12.01386547088623,12.494645118713379,11.037765502929688,10.960586547851562,11.036962509155273,,10.877453804016113,11.346665382385254,11.934478759765625,12.176700592041016,10.995453834533691,10.867337226867676,10.975396156311035,11.34589958190918,,11.725674629211426,11.881548881530762,11.861540794372559,11.849652290344238,11.49343490600586
20180909,12.390748977661133,12.5703125,12.217913627624512,11.974849700927734,11.866249084472656,,,,,,,,10.960644721984863,11.284086227416992,11.535589218139648,,,,,,,12.126922607421875,,,,,,12.119304656982422,,,,,11.991025924682617,,,12.773968696594238,11.128205299377441,11.652743339538574,,,,11.697209358215332,12.44678783416748,,,,,11.01137638092041,11.297415733337402,11.702898979187012,12.063711166381836,,,,,11.818867683410645,11.76407241821289,11.827428817749023,11.766910552978516,11.805458068847656,11.65017318725586
20180910,,,12.40385627746582,12.19999885559082,12.200174331665039,12.247257232666016,11.80805492401123,11.263627052307129,11.359456062316895,12.43173599243164,,,11.170973777770996,11.283348083496094,11.692900657653809,11.684891700744629,11.404214859008789,11.207386016845703,11.510676383972168,12.617742538452148,,,11.112044334411621,,12.150833129882812,13.20517349243164,,,,11.974337577819824,13.03781509399414,,,,11.652103424072266,12.601319313049316,,,,,10.4296875,11.683022499084473,12.211840629577637,,,,,11.051072120666504,11.208893775939941,11.557811737060547,11.868473052978516,,,,,,11.705535888671875,11.70737075805664,11.548008918762207,11.393970489501953,11.296615600585938
20180911,,,,,,12.815000534057617,12.412393569946289,11.960865020751953,12.107540130615234,12.97065544128418,,,,,12.365714073181152,12.450217247009277,12.156949996948242,11.857222557067871,12.17443561553955,13.206944465637207,,,,,12.727121353149414,13.742916107177734,,13.07730770111084,,12.406615257263184,13.62940502166748,12.750249862670898,12.938976287841797,12.799864768981934,11.973990440368652,,,12.5350980758667,12.833464622497559,,11.626944541931152,11.933979034423828,12.05865478515625,,,11.657109260559082,12.331928253173828,,11.726019859313965,,12.048088073730469,,,,,,,,11.350404739379883,11.574057579040527,11.731000900268555
20180912,12.762890815734863,11.51716136932373,12.073189735412598,,,,,,,,12.872333526611328,11.626694679260254,11.045000076293945,,,,,,,,,12.006428718566895,,,,,11.387904167175293,12.129178047180176,,,,11.438000679016113,11.899662017822266,12.234354019165039,,,11.289999008178711,11.560603141784668,12.05114459991455,,,,,10.739913940429688,10.72425365447998,10.941725730895996,,,,,,10.74868106842041,10.783658027648926,,,,,,,,
20180913,,,,,,,,,,,,,,,,,,,,,,,,,,,,,,,,,,,,,,,,,,,,,,,,,,,,,,,,,,,,,
20180914,13.023900985717773,12.588229179382324,12.650554656982422,12.367465019226074,12.305903434753418,12.349061965942383,11.964409828186035,11.548368453979492,11.808294296264648,12.661561965942383,12.79111099243164,12.08380126953125,11.728570938110352,11.593714714050293,11.907856941223145,12.064230918884277,11.712603569030762,11.472872734069824,11.775092124938965,12.85986042022705,12.401065826416016,12.313624382019043,,,,12.884143829345703,11.686578750610352,12.226147651672363,,,,11.523635864257812,,,,,11.273284912109375,10.545555114746094,11.8316650390625,,,,,,,,,,,,,,,,,,,,,,
20180915,,,,,,12.114999771118164,12.05150318145752,11.4278564453125,11.738631248474121,12.913970947265625,,,,,,,11.595832824707031,11.458600997924805,11.506316184997559,12.836538314819336,,,,,11.998727798461914,12.74223804473877,,,,12.156363487243652,12.860198974609375,,,,11.758305549621582,12.707738876342773,,,,,,,,,,,,,,,,,,,,,,,,,
20180916,,,13.120780944824219,12.771354675292969,12.63437557220459,12.589448928833008,12.078831672668457,11.697607040405273,11.770601272583008,12.3777437210083,,,12.276390075683594,11.976731300354004,12.087913513183594,12.095273971557617,11.933694839477539,11.62224292755127,11.678027153015137,12.662281036376953,12.75374984741211,,11.733095169067383,,,12.915715217590332,12.269194602966309,12.800605773925781,,12.093700408935547,12.824779510498047,12.20180606842041,,12.449514389038086,11.758137702941895,11.993416786193848,11.943024635314941,11.739432334899902,12.520613670349121,,11.135946273803711,11.782764434814453,11.615714073181152,11.328506469726562,11.230356216430664,11.603466987609863,,,11.494237899780273,11.546807289123535,11.646129608154297,11.18310260772705,11.03519344329834,11.17136287689209,11.27727222442627,12.048649787902832,12.04636287689209,,11.641514778137207,11.745556831359863,11.77245807647705
20180917,,,,,,,,,,,,,,,,,,,,12.202286720275879,,,,,,13.173478126525879,11.254648208618164,,,,,11.215522766113281,,,,,,,,,,,,,,,,,,,,,,,,,,,,,
20180918,,,,,,,,,,,12.986101150512695,,,,,,,,,,12.484718322753906,12.461716651916504,,,,12.405182838439941,11.842157363891602,12.413860321044922,,,,11.757569313049316,12.003816604614258,11.980168342590332,,,11.585278511047363,11.30104923248291,,,,11.654340744018555,,10.632158279418945,10.66003704071045,11.167937278747559,11.618035316467285,11.347070693969727,11.540831565856934,,,10.723772048950195,10.202110290527344,10.942180633544922,10.943663597106934,11.853928565979004,11.962753295898438,,,,
20180919,12.766687393188477,,,,,12.140000343322754,,,,,12.641165733337402,,,,11.53587532043457,11.555444717407227,,,11.705526351928711,12.515833854675293,12.070208549499512,,,,,12.918115615844727,,,,12.091132164001465,12.821125984191895,,,11.805624961853027,11.819207191467285,12.426017761230469,10.94090747833252,,,,,,12.202500343322754,10.702415466308594,10.582135200500488,10.846428871154785,,,11.995468139648438,,,10.684524536132812,10.502223014831543,10.444327354431152,10.574353218078613,,,,,,
20180920,12.787078857421875,12.178998947143555,12.205904960632324,12.221864700317383,11.98898983001709,11.988615989685059,11.743522644042969,11.399858474731445,11.465513229370117,12.238611221313477,12.616071701049805,11.70714282989502,11.315361976623535,11.38302230834961,11.63545036315918,11.642152786254883,11.560779571533203,11.366618156433105,11.450570106506348,12.350176811218262,12.20732593536377,12.145788192749023,11.089749336242676,,11.926508903503418,12.635276794433594,11.675569534301758,12.032499313354492,,11.787239074707031,12.532429695129395,11.49421501159668,11.852742195129395,12.041874885559082,11.607763290405273,12.21097183227539,11.217915534973145,11.135955810546875,11.97657299041748,,11.067317008972168,11.590362548828125,11.740370750427246,10.80062484741211,10.765684127807617,11.150071144104004,11.8787202835083,11.293539047241211,11.560636520385742,11.534780502319336,11.599444389343262,10.51500129699707,10.546838760375977,10.34283447265625,10.68821907043457,,,11.812352180480957,11.524998664855957,11.56230640411377,11.52808666229248
20180921,13.383288383483887,12.69698429107666,12.702325820922852,,12.45715045928955,12.339411735534668,11.569903373718262,11.656396865844727,11.600320816040039,12.382431030273438,12.88673210144043,12.413799285888672,11.958939552307129,11.80637264251709,12.002528190612793,11.870719909667969,11.701948165893555,11.510817527770996,11.70960521697998,12.663402557373047,12.693864822387695,,11.667044639587402,11.664852142333984,12.232391357421875,12.848054885864258,12.101194381713867,12.54018497467041,,11.997762680053711,12.761284828186035,11.750314712524414,11.993630409240723,11.367698669433594,11.870245933532715,12.228992462158203,10.544166564941406,10.887665748596191,,,11.21578311920166,11.795531272888184,12.140416145324707,,,,10.858288764953613,11.476922988891602,11.714752197265625,11.691909790039062,11.722363471984863,,,,,11.73063850402832,11.784676551818848,11.956968307495117,11.683076858520508,11.592313766479492,11.608723640441895
20180922,,,,,,,,,,13.137128829956055,,,,,,,,,12.688714981079102,13.279190063476562,,,,,12.924318313598633,13.462569236755371,,,,12.786985397338867,13.455729484558105,,,,12.104633331298828,12.67232608795166,,,,,,,12.465500831604004,,,,,,,,,,,,,,,,,,
20180923,12.888821601867676,12.237082481384277,12.30689525604248,12.375577926635742,12.169114112854004,12.041913986206055,11.709404945373535,,,,,,11.713957786560059,11.636478424072266,11.86949634552002,11.63364315032959,11.515457153320312,11.484530448913574,,,,,11.467855453491211,,,,,,,,,,,,,,10.995124816894531,,,,,,,10.595221519470215,10.61042308807373,,11.435999870300293,,,,,,10.369257926940918,10.446955680847168,10.7505464553833,11.385285377502441,,,,,
20180924,12.719512939453125,12.460647583007812,12.387394905090332,12.48778247833252,,,,11.535453796386719,11.588083267211914,12.461710929870605,,11.970942497253418,11.684834480285645,11.840496063232422,12.005427360534668,11.744269371032715,11.686875343322754,11.592292785644531,11.878911972045898,12.670594215393066,12.096537590026855,,11.436707496643066,,12.221817016601562,12.737378120422363,11.883171081542969,,,11.971030235290527,12.361381530761719,,,,11.727691650390625,,,,,,,,,,,,,,,,,,,,,,,,,,
20180925,,12.01489543914795,12.228063583374023,12.243626594543457,12.11470890045166,12.014886856079102,,,,11.860440254211426,,,11.591573715209961,11.641081809997559,11.789583206176758,11.646528244018555,11.41724967956543,,11.579166412353516,12.025814056396484,,,11.151784896850586,,,11.987154960632324,,,,,12.132579803466797,11.375971794128418,,,,,10.900212287902832,,,,,,,,,,,,,,,10.312665939331055,,10.425415992736816,,,,11.609186172485352,11.298365592956543,,
20180926,13.003642082214355,12.453204154968262,12.527118682861328,12.534895896911621,12.306295394897461,12.184178352355957,11.744475364685059,11.476258277893066,11.59684944152832,12.611944198608398,12.671958923339844,12.102078437805176,11.829488754272461,11.815939903259277,11.777595520019531,11.66152572631836,11.640581130981445,11.347921371459961,11.5392427444458,12.230127334594727,12.402722358703613,12.302760124206543,11.214545249938965,,11.754999160766602,12.494998931884766,12.229665756225586,12.09007740020752,,,12.539167404174805,,11.794331550598145,11.401631355285645,,12.492875099182129,,11.256667137145996,11.862909317016602,,,11.561470985412598,,10.513711929321289,10.580780982971191,11.22276782989502,11.259023666381836,,,,,10.131881713867188,10.366822242736816,,,,,,,,
20180927,,,,,,12.884056091308594,12.637097358703613,12.355571746826172,12.354904174804688,13.115894317626953,,,,,,,12.435599327087402,12.209671020507812,12.30199909210205,13.05994987487793,,,,,12.335525512695312,13.010456085205078,,,,12.139779090881348,12.43202018737793,,,,11.97464370727539,12.534676551818848,,,,,11.394182205200195,11.984539031982422,12.272773742675781,,,,11.938399314880371,11.490671157836914,11.795495986938477,11.807673454284668,11.825605392456055,,,,10.859076499938965,11.995957374572754,11.801911354064941,11.683539390563965,11.726076126098633,11.445401191711426,
20180928,,,,,,,,,,,,,,,,,,,,,,,,,,,,,,,,,,,,13.449604034423828,,,,,,,12.949999809265137,,,,,,,,12.424505233764648,,,,,,,,,,
20180929,12.776498794555664,12.349315643310547,12.396239280700684,12.336738586425781,12.211894035339355,12.251959800720215,11.87013053894043,11.47569465637207,11.880293846130371,12.466466903686523,12.512429237365723,11.886154174804688,11.74113941192627,11.892953872680664,12.079717636108398,11.986944198608398,11.953571319580078,11.739690780639648,12.029187202453613,12.804949760437012,12.197260856628418,12.250833511352539,11.592194557189941,,12.306169509887695,12.879202842712402,11.733473777770996,12.19757080078125,,11.86959457397461,12.412435531616211,11.651443481445312,11.722972869873047,,11.896440505981445,12.52642822265625,,10.959266662597656,,,11.327384948730469,11.905850410461426,12.237916946411133,10.219742774963379,,11.289937973022461,11.438690185546875,11.510933876037598,11.759115219116211,11.711689949035645,11.779253959655762,,,,11.084518432617188,11.502575874328613,11.59878921508789,11.661774635314941,11.553902626037598,11.297308921813965,11.339824676513672
20180930,,,,,12.23469352722168,12.143132209777832,11.877358436584473,11.870073318481445,12.169999122619629,12.964340209960938,,,,,,11.952446937561035,11.962589263916016,11.908458709716797,12.170825004577637,12.947708129882812,,,,,12.47803020477295,13.156005859375,,,,12.121192932128906,13.056839942932129,,,,11.938050270080566,12.77968692779541,10.854045867919922,,,,,11.84732723236084,12.323463439941406,,,,,,,,,10.16529369354248,10.335102081298828,10.534375190734863,,,,,11.359063148498535,,
20181001,,,,,,,,,11.989761352539062,12.596802711486816,,,,,,11.66200065612793,11.710071563720703,11.678871154785156,12.021989822387695,12.70517349243164,,,,,12.309165954589844,12.913888931274414,,,,11.864631652832031,12.74465274810791,,,,11.641239166259766,12.48149299621582,,,,,,11.677214622497559,12.330554962158203,,,,,,,11.276013374328613,11.77421760559082,,,,,,,,,,
20181002,,,,,,,,,,,,,,,,,,,,,,,,,,,,,,,,,,,,,,,,,,,,,,,,,,,,10.012499809265137,9.55345344543457,,,,,,,,
20181003,,,,,,,,,,,,,,,,,,,,,,,,,,,,,,,,,,,,,,,,,,,,,,,,,,,,,,,,,,,,,
20181004,,,12.368499755859375,12.489627838134766,12.144582748413086,,,,,,,,,,,,,,,,,,,,,,,,,11.910096168518066,12.578452110290527,11.522916793823242,11.530539512634277,,12.007858276367188,12.501457214355469,10.926000595092773,11.693371772766113,,,11.750332832336426,12.025739669799805,12.978707313537598,,,,11.84063720703125,11.760734558105469,11.899999618530273,11.7490234375,12.089839935302734,,,,,,,,,11.694387435913086,11.686511039733887
20181005,,,,,,,,,12.376399993896484,12.570625305175781,,,,,,,,,,,,,,,,,11.564888954162598,12.122337341308594,,,,11.336874961853027,11.720545768737793,,,,10.856666564941406,11.138408660888672,11.706525802612305,,,,,10.618185043334961,10.643311500549316,10.766845703125,11.391427993774414,11.844036102294922,11.8798246383667,11.70630931854248,,,10.215072631835938,10.744410514831543,11.16650104522705,,,,11.661778450012207,11.607462882995605,11.505227088928223
20181006,12.893935203552246,12.490589141845703,12.58437442779541,12.732291221618652,12.624340057373047,12.496041297912598,12.314305305480957,12.230927467346191,12.538702964782715,13.205520629882812,12.569890975952148,12.251111030578613,12.215592384338379,12.377777099609375,12.399999618530273,12.286805152893066,12.22280216217041,12.141904830932617,12.182279586791992,13.071215629577637,12.116634368896484,12.205936431884766,12.178069114685059,,12.22833251953125,12.924198150634766,11.733685493469238,12.083175659179688,,12.075672149658203,12.894998550415039,11.528992652893066,11.723198890686035,11.905388832092285,12.035447120666504,12.867117881774902,11.06944465637207,11.223819732666016,11.934518814086914,,11.797104835510254,12.081134796142578,12.891666412353516,10.777905464172363,10.755707740783691,11.279301643371582,,11.721585273742676,11.770560264587402,12.064300537109375,12.69503402709961,,,,,,,11.642400741577148,11.555585861206055,11.552742958068848,11.69975757598877
20181008,,,,,,,,,13.358918190002441,13.979141235351562,,,,,,,,,13.001277923583984,13.857223510742188,,,,,13.000694274902344,13.601104736328125,,,,12.809219360351562,13.483598709106445,,,,12.67992115020752,13.308992385864258,,,,,12.755999565124512,12.647729873657227,13.344582557678223,,,,,,12.451457977294922,12.726607322692871,13.338367462158203,,,,,,,,,12.407222747802734,12.426677703857422
20181009,,,,,,,,,,,,,,,,,,,,,,,,,,,,,,,,,,,,,,,,,,,,,,,,,,,,,,,,,,,,,
20181010,,,12.877814292907715,12.928950309753418,12.785526275634766,12.84387493133545,12.435209274291992,12.378787994384766,,,12.552404403686523,12.530909538269043,12.576919555664062,12.667163848876953,12.61923599243164,12.49804401397705,12.60175895690918,12.442856788635254,,,,12.419407844543457,12.600954055786133,,,,,,,,,,,,,,,,,,,,,,,,,,,,,,,,,,,,,,
20181011,12.740851402282715,,,12.654499053955078,12.416911125183105,12.484732627868652,12.286498069763184,,,,12.480730056762695,12.399544715881348,12.386829376220703,12.267498970031738,12.240760803222656,12.331850051879883,,,12.302351951599121,,12.156375885009766,12.237940788269043,12.305856704711914,,,,11.443038940429688,12.130415916442871,,,,,12.088844299316406,11.927742958068848,11.957500457763672,,,,,,,,,,,,,,,,,,,,,,,,,,
20181012,13.41806411743164,,,,,,12.282238960266113,12.483124732971191,,13.090889930725098,13.02205753326416,,,,12.60012149810791,12.441146850585938,12.45681095123291,,12.324728965759277,13.138749122619629,12.368170738220215,12.486510276794434,,,,,12.044000625610352,12.396239280700684,,,,11.141481399536133,11.973199844360352,12.1576566696167,,12.62794017791748,10.11693000793457,11.581700325012207,11.965176582336426,,,,12.433521270751953,9.486477851867676,10.868645668029785,11.4047212600708,11.914756774902344,,11.594545364379883,12.003456115722656,,7.966935634613037,9.383932113647461,10.380533218383789,11.03575325012207,11.830286979675293,11.418048858642578,11.215768814086914,11.292308807373047,,
20181013,,,,,13.473733901977539,13.399284362792969,,,,13.939072608947754,,,,,,,,,,13.842259407043457,,,,,,,13.135960578918457,13.18362808227539,,,,12.317049026489258,12.711213111877441,12.788829803466797,12.462030410766602,,11.846552848815918,11.940261840820312,12.324166297912598,,12.406399726867676,12.42875862121582,,10.993815422058105,11.519306182861328,11.132603645324707,11.625463485717773,12.467168807983398,12.167932510375977,12.449516296386719,,9.711816787719727,10.979366302490234,11.057536125183105,11.450216293334961,11.750248908996582,11.991666793823242,11.670708656311035,11.898402214050293,12.375197410583496,
20181014,12.937166213989258,12.654998779296875,,11.79423999786377,,,,,,,,,,,,,,,,,11.969240188598633,,,,,,11.78465747833252,12.237646102905273,,,,11.186288833618164,11.727624893188477,,11.446145057678223,12.857632637023926,10.832746505737305,11.23453140258789,,,12.171998977661133,,12.73112964630127,10.580322265625,10.458381652832031,11.23133659362793,11.827898025512695,12.946196556091309,12.459248542785645,12.715262413024902,,10.411250114440918,10.514166831970215,10.86604118347168,11.052023887634277,,12.57658576965332,12.495526313781738,12.450448036193848,12.64865779876709,12.268750190734863
20181015,,,11.788111686706543,12.018404006958008,11.698698997497559,12.385576248168945,12.38170051574707,12.542482376098633,13.665292739868164,13.554685592651367,,,,,12.077469825744629,12.219732284545898,12.369071006774902,12.472128868103027,12.772032737731934,13.218062400817871,,,,,,12.950520515441895,,,,,,,,,,,,,,,,,,,,,,,,12.02328109741211,12.739054679870605,,,,,12.124597549438477,,11.553180694580078,11.318535804748535,,12.708471298217773
20181016,,,,,,12.768696784973145,,,,13.443713188171387,,,,,,12.658235549926758,,,13.039544105529785,13.27983283996582,,,,,,,,,,,,,,,,,,,,,,,,,,,,,,,,,,,,,,,,,
20181017,,,,,,,,,,,,,,,,,,,,,,,,,,,,,,,,,,,,,,,,,,,,,,,,,,,,,,,,,,,,,
20181018,,,,,,,,,,,,,,,,,,,,,,,,,,,,,,,,,,,13.370748519897461,14.102428436279297,,,,,13.781827926635742,13.059016227722168,14.207500457763672,,,,12.926453590393066,13.426429748535156,13.324548721313477,12.937423706054688,,,,,12.633674621582031,12.896955490112305,12.669855117797852,12.788533210754395,12.6796293258667,13.254373550415039,
20181019,,,,,,,,,,,,,,,,,,,,,,,,,,15.006427764892578,,,,13.72812557220459,14.87794017791748,,,,,14.959695816040039,,,,,,,,,,,,,,,,,,12.92499828338623,,,13.482915878295898,13.31192398071289,,,
20181020,,,,,,,,,,,,,,,,,,,,,,,,,,,,,,,,,,,,,,,,,,,,,,,,,,,,11.206865310668945,11.33577823638916,,,,,,,,
20181021,13.43010139465332,13.282551765441895,13.301280975341797,13.351678848266602,13.240763664245605,13.187321662902832,,,,13.404998779296875,13.21323013305664,13.400446891784668,13.528124809265137,13.338223457336426,13.179652214050293,13.141597747802734,13.001208305358887,,,,12.703333854675293,13.054080963134766,13.42932415008545,,,,12.318106651306152,13.026277542114258,,,,,,13.30412483215332,,,,,,,,,,11.669709205627441,11.631969451904297,,,13.25271987915039,12.807426452636719,12.874314308166504,13.62482738494873,,11.701554298400879,11.650666236877441,,,12.42369556427002,12.281909942626953,12.356805801391602,12.572395324707031,13.096619606018066
20181022,13.456170082092285,13.291690826416016,13.286354064941406,13.240898132324219,13.06135368347168,13.1821870803833,13.231006622314453,13.563758850097656,13.958499908447266,14.012739181518555,13.275777816772461,13.563715934753418,13.340611457824707,13.258852005004883,13.264339447021484,13.351632118225098,13.43726921081543,13.39885425567627,13.4427490234375,15.069743156433105,12.938447952270508,,13.523372650146484,,13.019261360168457,14.724072456359863,12.392648696899414,,,,14.625635147094727,12.085989952087402,,,,,11.143437385559082,,,,,,,,,,,13.382838249206543,,,,10.875253677368164,10.57861042022705,,,,,,,,
20181023,,,,,13.80421257019043,,,,,15.690435409545898,,,,,,,,,,14.264457702636719,,,,,,14.937726974487305,12.692769050598145,,,13.02649974822998,14.66771125793457,12.30180549621582,12.446136474609375,13.432762145996094,13.399396896362305,,11.878809928894043,11.87419605255127,,,13.985209465026855,13.18028736114502,14.439836502075195,11.858695030212402,11.772380828857422,11.723970413208008,,13.625375747680664,13.337722778320312,13.077981948852539,14.415901184082031,11.529817581176758,11.492918014526367,11.803672790527344,,12.446125030517578,12.445099830627441,12.797121047973633,12.545610427856445,12.522000312805176,
20181024,,,,,,,,14.36848258972168,14.753999710083008,14.749408721923828,,,,,,,13.935750007629395,14.071762084960938,14.297932624816895,,,,,,13.433016777038574,,,,,13.300220489501953,14.745338439941406,,,,13.50547981262207,14.093907356262207,,,,,13.899020195007324,13.345637321472168,14.469097137451172,,,,,13.370694160461426,13.258570671081543,13.087913513183594,14.136136054992676,,,12.136700630187988,12.218917846679688,12.475000381469727,12.515000343322754,12.513161659240723,12.40149211883545,12.734285354614258,13.388442993164062
20181025,,,,13.561450958251953,13.696145057678223,13.647168159484863,13.227246284484863,13.344460487365723,,,13.093789100646973,13.549205780029297,,13.37435531616211,13.584185600280762,13.54996395111084,13.288975715637207,,,,12.321723937988281,,13.506757736206055,,,,11.089361190795898,,,,,,10.434736251831055,,,,,,,,,,,,,,,,,,,,,,,,,,,,
20181026,13.513141632080078,,13.469999313354492,,,,,13.701536178588867,14.126294136047363,14.639057159423828,,,13.730384826660156,,,,,13.460107803344727,13.694823265075684,14.703784942626953,,,,,13.255844116210938,15.78211784362793,,,,13.087867736816406,15.933018684387207,,,,13.182758331298828,15.56168270111084,,,,,,,,,,,,,13.183999061584473,12.755167961120605,,,,,,,,,12.067940711975098,12.361581802368164,13.442630767822266
20181027,,,,,,,,,,,,,,,,,,,,,,,,,,14.300323486328125,,,,,,,,,,,,,,,,,,,,,,,,,,,,,,,,,,,
20181028,,13.719165802001953,13.722916603088379,13.58392333984375,13.343889236450195,13.192360877990723,13.039027214050293,13.385639190673828,13.839641571044922,14.509559631347656,,,13.644704818725586,13.317000389099121,13.182673454284668,13.071770668029785,12.80453872680664,13.282990455627441,13.176651954650879,14.538979530334473,13.045143127441406,13.236666679382324,12.739998817443848,,13.286742210388184,15.020609855651855,,13.128145217895508,,12.95444393157959,15.014708518981934,12.117040634155273,12.521665573120117,12.984089851379395,12.81558609008789,,11.566429138183594,11.820587158203125,12.218611717224121,,,,,11.366734504699707,11.51308822631836,11.597082138061523,,,,12.231616973876953,,11.131058692932129,11.518014907836914,11.559154510498047,11.599166870117188,11.656224250793457,,,11.699332237243652,11.968425750732422,
20181029,,,,,,13.925411224365234,13.765172958374023,14.079527854919434,14.391097068786621,15.3149995803833,,,,13.814338684082031,13.901305198669434,13.80958366394043,13.412376403808594,13.821019172668457,13.577630996704102,15.07565975189209,,,13.438023567199707,,13.635149955749512,15.735763549804688,,,,13.8489990234375,15.45180606842041,12.536874771118164,12.697416305541992,13.547500610351562,13.120990753173828,14.914365768432617,12.062850952148438,12.226201057434082,12.807619094848633,,13.185127258300781,12.822928428649902,15.025673866271973,11.908332824707031,11.96960735321045,12.173813819885254,12.656045913696289,,12.624824523925781,12.305097579956055,15.101666450500488,11.855062484741211,11.778203010559082,12.036120414733887,11.91433334350586,11.898555755615234,11.922967910766602,,,12.120500564575195,
20181030,,13.021410942077637,,,,,,12.201092720031738,13.602222442626953,,,,,,,,,,,,,,,,,,,,,,,,,,,,,,,,,,,,,,,,,,,,,,,,,,,,
20181031,13.178853034973145,13.392430305480957,13.534595489501953,13.439444541931152,13.344474792480469,13.29120922088623,13.171133995056152,13.463150024414062,13.77734375,,13.162832260131836,,13.526472091674805,13.280335426330566,13.30363655090332,13.220555305480957,13.006275177001953,13.356650352478027,12.822702407836914,14.487287521362305,12.7734375,13.021333694458008,13.025116920471191,,12.869890213012695,14.987430572509766,12.35982608795166,12.826064109802246,,,,11.972616195678711,12.043423652648926,12.922019004821777,12.890105247497559,13.70199966430664,11.403971672058105,11.731522560119629,12.302999496459961,,13.23344612121582,13.051814079284668,14.33104133605957,11.145926475524902,11.454906463623047,11.696732521057129,12.201727867126465,12.58646011352539,12.475555419921875,12.559444427490234,13.960536003112793,11.184186935424805,11.343157768249512,11.524931907653809,11.628227233886719,11.893235206604004,,11.74000072479248,11.471089363098145,11.772531509399414,12.024120330810547
20181101,,,,,,,,,,,,,,,,,,,,,,,,,,,,,,13.191070556640625,14.57487964630127,10.992396354675293,11.723016738891602,12.551851272583008,13.073738098144531,15.084924697875977,11.003960609436035,11.495113372802734,12.367616653442383,,13.20726203918457,13.108028411865234,14.672840118408203,11.326493263244629,11.516818046569824,11.566655158996582,12.412524223327637,12.546064376831055,12.405755043029785,12.483939170837402,,10.9890775680542,11.072157859802246,11.416135787963867,11.606178283691406,12.117409706115723,11.98360538482666,11.881583213806152,11.536249160766602,,
20181102,,,,,,,,,,,,,,,,,,,,,,,,,,,,,,,,,,,,,,,,,,,,,,,,,,,,,,,,,,,,,
20181103,,,,13.923644065856934,13.77214241027832,13.629535675048828,13.526835441589355,13.863333702087402,14.459545135498047,14.375947952270508,,,14.107168197631836,13.358123779296875,13.47887897491455,13.427221298217773,13.189106941223145,13.590347290039062,13.676307678222656,14.236701011657715,13.169381141662598,13.577749252319336,13.241250991821289,,13.416060447692871,15.06096076965332,12.750210762023926,13.091249465942383,,13.098042488098145,14.752103805541992,12.248748779296875,12.204511642456055,,13.295214653015137,14.40536117553711,,12.031665802001953,12.585062026977539,,13.461627006530762,13.09271240234375,14.122085571289062,,,,,12.719165802001953,12.469130516052246,12.762565612792969,13.97695255279541,,,11.611846923828125,,,12.084843635559082,11.983298301696777,11.730815887451172,11.988748550415039,13.337703704833984
20181104,,,,,,,,,,,,,,,,,,,,,,,,,,15.871262550354004,,,,13.833420753479004,15.120726585388184,,,,13.756863594055176,14.490485191345215,,,,,,13.703749656677246,14.155708312988281,,,,,,,,14.08566665649414,,,,,,,12.363472938537598,,,
20181105,,,,,,,,,,,,,,,,,,,,,,,,,,,,,,,,,,,,,,,,,,,,,,,,,,,,,,,,,,,11.237247467041016,11.904572486877441,12.6506929397583
20181106,,13.317608833312988,13.795040130615234,13.690070152282715,13.573258399963379,13.448092460632324,13.388493537902832,13.68556022644043,14.258947372436523,,,,13.350858688354492,13.220937728881836,13.327913284301758,13.307045936584473,13.125495910644531,13.471901893615723,13.880000114440918,14.455193519592285,12.421841621398926,,12.703603744506836,13.0576171875,13.283939361572266,,12.377222061157227,12.713977813720703,,13.263188362121582,14.413739204406738,,,13.12549114227295,13.502060890197754,14.218680381774902,,,,,13.442065238952637,13.256153106689453,14.082881927490234,,,,,12.961321830749512,12.766558647155762,12.93461799621582,13.79288101196289,,,,,,,12.393426895141602,12.018664360046387,12.792707443237305,13.708651542663574
20181107,13.547916412353516,13.567532539367676,13.592890739440918,13.472375869750977,13.334100723266602,13.14732837677002,13.03359603881836,13.514409065246582,13.947763442993164,14.326909065246582,13.20625114440918,13.528076171875,13.585433006286621,12.918177604675293,13.042499542236328,13.005927085876465,12.803242683410645,13.331731796264648,13.63283920288086,14.117569923400879,12.520624160766602,,12.39477252960205,,13.207685470581055,14.639687538146973,12.097345352172852,12.285385131835938,,13.03443431854248,14.236838340759277,11.467044830322266,11.954793930053711,,13.350218772888184,13.993927001953125,11.21079158782959,11.425415992736816,12.537373542785645,,13.434354782104492,13.346041679382324,,11.225000381469727,11.1679105758667,11.3131685256958,,12.716644287109375,12.346162796020508,12.879434585571289,,10.81693172454834,,11.031641006469727,,11.937841415405273,11.889568328857422,11.981807708740234,11.694395065307617,12.994193077087402,13.573813438415527
20181108,14.007766723632812,13.918079376220703,13.983224868774414,13.722169876098633,13.527381896972656,13.32721996307373,13.182881355285645,13.516122817993164,13.87614917755127,14.172673225402832,13.701397895812988,14.019242286682129,13.95122241973877,13.30751895904541,13.26111888885498,13.182291984558105,12.857836723327637,13.324541091918945,13.529436111450195,13.962916374206543,,,12.488750457763672,,13.04772663116455,14.489201545715332,12.370088577270508,13.059062957763672,,12.935661315917969,14.09202766418457,11.777430534362793,12.130964279174805,,13.037717819213867,13.80417251586914,11.615554809570312,11.721999168395996,12.526561737060547,,12.979522705078125,12.741897583007812,13.608582496643066,11.537121772766113,11.543977737426758,11.546778678894043,,12.595393180847168,12.369999885559082,12.336813926696777,13.658570289611816,11.016806602478027,11.277982711791992,11.278288841247559,11.410531997680664,11.856452941894531,11.81833267211914,11.727143287658691,11.40633487701416,12.96609115600586,13.360207557678223
20181109,,,,,,,,13.859575271606445,,,,,,,,,13.483123779296875,13.947898864746094,,,,,,,,,,,,,,,,,,,,,,,,,,,,,,,,,,,,,,,,,,,
20181110,,13.247432708740234,,,,12.698856353759766,12.738632202148438,12.796629905700684,,,,,,,,,12.419061660766602,,,,12.371309280395508,,,,,,,,,,,,11.269423484802246,,,,,,,,,,,,,,,,11.838313102722168,11.481987953186035,12.77829647064209,,,10.97833251953125,,,,,,11.814225196838379,13.644311904907227
20181111,13.174605369567871,,,,,,13.306119918823242,13.56680965423584,13.944500923156738,14.020520210266113,12.852425575256348,13.464530944824219,13.828142166137695,13.1988525390625,13.209583282470703,13.306225776672363,13.16853141784668,13.629471778869629,13.78245735168457,14.302267074584961,,,12.710339546203613,,13.276081085205078,,,,,13.400375366210938,,11.455757141113281,,,13.65333366394043,14.545061111450195,11.436100006103516,11.517190933227539,,,,13.6743745803833,14.128847122192383,,11.258914947509766,11.360588073730469,,,,,,10.570570945739746,10.98166561126709,11.209200859069824,11.412360191345215,11.520724296569824,,,,,
20181112,13.00987434387207,13.43183422088623,14.051825523376465,13.977607727050781,13.623394012451172,13.494999885559082,13.470208168029785,13.78985595703125,14.109940528869629,14.28038215637207,13.356796264648438,13.71413516998291,,13.478307723999023,13.322075843811035,13.409478187561035,13.345107078552246,13.63887882232666,13.590826034545898,14.453429222106934,13.143623352050781,13.663308143615723,12.774025917053223,,13.600900650024414,14.792092323303223,12.717377662658691,12.994544982910156,,,14.473888397216797,11.684057235717773,12.188563346862793,13.124198913574219,13.630929946899414,14.703437805175781,11.618450164794922,11.96346378326416,12.650197982788086,,13.32257080078125,,,11.37450885772705,11.933910369873047,12.149033546447754,12.595890045166016,,,,,,11.101075172424316,11.407218933105469,11.39265251159668,,,11.595215797424316,,,
20181113,,,,,,,,,,,,,,,,,,,,,,,,,,,,,,,,,,,,,,,,,,,,,,,,,,,,,,,,,,,,,
20181114,,,,,,,,14.903855323791504,,,,,,,,,,,,,,,,,,,,,,,,,,,,,,,,,,,,,,,,,13.029422760009766,,,,,,,,,12.771943092346191,12.35918140411377,13.400999069213867,14.170570373535156
20181115,13.753935813903809,13.294336318969727,13.53749942779541,13.453678131103516,,,,,,,13.409074783325195,13.719267845153809,13.894309997558594,13.627158164978027,,,,,,,12.973358154296875,,,,,,12.4556245803833,,,,,,12.453137397766113,,,,,11.731273651123047,,,,,,11.03269100189209,,,,,,,,10.877975463867188,11.18704605102539,,,,,,,,
20181116,,13.620735168457031,14.110774040222168,14.184548377990723,13.866582870483398,13.847697257995605,13.837047576904297,14.09438419342041,14.417326927185059,14.073132514953613,,13.663087844848633,14.342016220092773,14.08970832824707,13.806225776672363,13.771912574768066,13.650336265563965,13.780730247497559,,,,,,,,,,12.633768081665039,,,,,,,,,,,,,,,,,,,,,,,,,,,,,,,,12.622472763061523,13.585643768310547
20181117,13.741381645202637,13.813576698303223,14.078923225402832,14.047882080078125,14.009305953979492,13.898263931274414,13.896632194519043,14.269499778747559,14.824999809265137,14.66154670715332,13.432829856872559,14.14837646484375,14.345739364624023,13.989775657653809,13.800451278686523,13.717013359069824,13.803872108459473,13.99181842803955,,,13.26430606842041,,13.460347175598145,,,,12.82593822479248,13.065701484680176,,,,12.21794605255127,12.798184394836426,13.508906364440918,,14.84796142578125,11.719691276550293,12.072894096374512,12.858230590820312,,13.706805229187012,13.300055503845215,14.788708686828613,11.652972221374512,11.88003921508789,12.182573318481445,12.591706275939941,13.213287353515625,12.887211799621582,13.598674774169922,14.206110954284668,11.140565872192383,11.729249954223633,11.99481201171875,12.09999942779541,12.799999237060547,12.448675155639648,12.305068969726562,12.207221984863281,13.701789855957031,13.982499122619629
20181118,14.2642183303833,14.159894943237305,14.303610801696777,14.232603073120117,14.451770782470703,14.514097213745117,14.47048568725586,14.713536262512207,15.065773010253906,14.952120780944824,14.015416145324707,14.513314247131348,14.597912788391113,14.187544822692871,14.108880043029785,14.182255744934082,14.226099967956543,14.227265357971191,,,13.64802074432373,13.91775131225586,,,,,13.099770545959473,13.673347473144531,,,,12.624424934387207,13.264201164245605,13.91584300994873,,,,,13.679634094238281,,,,,11.437623023986816,11.875394821166992,12.167681694030762,,,,,,11.197518348693848,11.691493034362793,11.850373268127441,12.0380220413208,,,,,,
20181119,,15.133111000061035,15.182498931884766,15.184200286865234,15.24482536315918,15.27635383605957,15.200347900390625,15.341856002807617,15.765722274780273,15.715253829956055,14.78580093383789,15.32318115234375,15.444489479064941,15.039080619812012,15.071456909179688,15.099687576293945,15.069218635559082,14.93574047088623,14.731829643249512,15.536702156066895,14.51445198059082,14.746464729309082,14.780681610107422,,14.772351264953613,15.383525848388672,14.093541145324707,14.627851486206055,,,,13.791666030883789,14.422361373901367,14.905999183654785,,,13.118958473205566,13.432638168334961,14.227259635925293,,,,,12.613924026489258,13.080902099609375,13.109790802001953,13.708641052246094,13.63282585144043,13.227307319641113,,14.054443359375,12.557534217834473,12.865242958068848,12.569826126098633,12.70531177520752,13.152897834777832,12.941210746765137,12.694649696350098,12.526861190795898,14.065939903259277,13.985518455505371
20181120,,,,,,13.995623588562012,14.19072437286377,,,,,,,,,14.438875198364258,,14.884000778198242,,,,,,,,,,,,,,,,,,,,,,,,,,,,,,,,,,,,,,,,,,,12.829649925231934
20181121,,,,,,,,,,,,,,,,,,,,,,,,,,,,,,,,,,,,,,,,,,,,,,,,,,,,,,,,,,,,,
20181122,,,,,,,,,,15.402726173400879,,,,,,,,,14.99062442779541,15.384599685668945,,,,,,15.755125045776367,,,,,,,,,,,,,,,,,,,,,,,,,,11.722062110900879,,,,,,,,,
20181123,,,,,,,,,,,,,,,,,,,,,,,,,,,,,,,,,,,,,,,,,,,,,,,,,,,,,,,,,,,,,
20181124,,14.979070663452148,14.829166412353516,14.746074676513672,14.7618408203125,14.645801544189453,,,,,14.423200607299805,15.229181289672852,15.10130500793457,14.898850440979004,14.791877746582031,14.622380256652832,14.368367195129395,,,,,,14.873636245727539,,,,,,,,,,,,,,,,,,,,,,,,,,,,,,,,,,,,,,
20181125,,,,,,,,,,,,,,,,,,,,,,,,,,,,,,,,,,,,,,,,,,,,,,,,,,,,,,,,,,,,,
20181126,,14.454524040222168,14.523628234863281,,,,,,,,,14.509538650512695,14.87572956085205,,,,,,,,,13.141490936279297,,,,,,13.199182510375977,,,,,13.135787010192871,13.311513900756836,,,,12.730952262878418,12.432111740112305,,,,,,,12.435564994812012,12.13712215423584,,,,,,,,,,,,,,
20181127,,,14.74209213256836,14.996442794799805,,15.298651695251465,15.126150131225586,15.180999755859375,15.167430877685547,15.396712303161621,,15.141603469848633,14.994998931884766,15.227365493774414,15.159551620483398,14.912688255310059,14.623382568359375,14.864112854003906,14.702608108520508,15.28256893157959,,,,,,,,,,,,,,,,,,,,,,,,,13.337841033935547,12.60632610321045,,,,,,,,11.962332725524902,,,,,,,
20181128,14.25583267211914,14.690959930419922,15.359335899353027,15.81021785736084,,,,15.18466567993164,15.252226829528809,15.333904266357422,,14.853606224060059,15.290623664855957,,,,,,14.675699234008789,15.310555458068848,,,,,,15.086363792419434,,,,,,12.128020286560059,11.554374694824219,13.03585433959961,,14.947159767150879,12.53877067565918,11.977073669433594,12.825342178344727,,,,,12.527873992919922,,13.183295249938965,12.676066398620605,,,,,,13.306960105895996,13.032082557678223,12.933935165405273,12.951093673706055,,,,,
20181129,,15.143332481384277,15.189929962158203,15.554244041442871,15.63691520690918,,,15.359448432922363,15.395002365112305,15.882501602172852,,,15.753890037536621,15.67266845703125,,,,,,15.381404876708984,14.283637046813965,,,,,15.126561164855957,13.994463920593262,14.111568450927734,,,,13.518285751342773,14.036527633666992,14.12134838104248,,,13.359600067138672,13.775311470031738,13.375847816467285,,,,,13.403436660766602,13.901249885559082,13.532601356506348,13.079154014587402,,,,,,,,,,,,,,
20181130,,,,16.47946548461914,,,16.194568634033203,16.164514541625977,,16.443021774291992,,,,16.61876678466797,16.43132972717285,16.078018188476562,,,,,,,,,,,,,,,,,,,,16.044546127319336,,,,,,15.48717975616455,15.525259971618652,,,,,,15.076620101928711,15.37677001953125,15.041215896606445,,,,14.455162048339844,14.319530487060547,,,15.009230613708496,15.28862476348877,14.785338401794434
20181201,14.348814010620117,14.404346466064453,14.42310619354248,14.978814125061035,15.308023452758789,,,,,,14.359374046325684,15.15023422241211,15.282737731933594,15.19746208190918,15.269411087036133,,,,,,13.967117309570312,,,,,,13.502708435058594,13.826526641845703,,,,13.006163597106934,13.700536727905273,,,16.85736846923828,,13.2212495803833,13.16588306427002,,,16.253257751464844,16.46875,,,,,,,16.1784610748291,,,,,,,,,15.758159637451172,15.679810523986816,
20181202,,,,,,,,,,,,,,,,,,,,,,,,,,,,,,,,,,,,,,,,,,,,,,,,,,,,,,,,,,,,,
20181203,,,14.639374732971191,14.810428619384766,14.875604629516602,14.803043365478516,14.764071464538574,,,,14.143064498901367,,15.0285005569458,14.620306968688965,,14.932555198669434,14.689781188964844,,,,,,,,15.132741928100586,15.568694114685059,,,,14.935276985168457,15.489230155944824,,,,14.867016792297363,,,,,,,14.496109962463379,,,,,,,14.247615814208984,15.047603607177734,,,,12.75374984741211,12.679180145263672,,,,,15.037940979003906,
20181204,14.401141166687012,14.749284744262695,14.844011306762695,14.644146919250488,14.547125816345215,14.502676010131836,14.496731758117676,14.968077659606934,,,14.164949417114258,15.014203071594238,15.203679084777832,14.174629211425781,14.646480560302734,14.56527042388916,14.205367088317871,14.526198387145996,,,13.685441017150879,14.204490661621094,13.601021766662598,,,15.050542831420898,13.386303901672363,13.731683731079102,,14.707140922546387,15.152990341186523,12.71735668182373,13.286609649658203,,14.7204008102417,15.439814567565918,12.422606468200684,12.988258361816406,13.24384593963623,,14.575714111328125,14.45040225982666,14.965110778808594,12.298564910888672,12.771093368530273,13.135416984558105,13.140950202941895,14.01807689666748,13.67715072631836,14.451554298400879,14.111568450927734,12.295303344726562,12.874907493591309,12.693166732788086,12.700084686279297,12.786375999450684,12.748241424560547,12.737088203430176,13.654118537902832,14.140933990478516,13.774629592895508
20181205,,,14.862921714782715,15.315555572509766,15.355243682861328,15.180243492126465,15.06183910369873,15.49436092376709,15.901610374450684,15.950556755065918,,,15.283403396606445,15.047476768493652,15.074478149414062,14.870868682861328,14.780638694763184,15.23160457611084,15.560171127319336,15.450485229492188,,,13.223170280456543,,15.207611083984375,15.599090576171875,,,,14.86689567565918,15.228567123413086,,,,15.036470413208008,15.390412330627441,,,,,,14.924182891845703,14.881552696228027,12.901944160461426,13.521211624145508,13.574951171875,13.543877601623535,13.774664878845215,13.357646942138672,14.530319213867188,14.094738006591797,12.75908374786377,13.377115249633789,13.124263763427734,13.062865257263184,13.14632511138916,13.174517631530762,13.038436889648438,13.771936416625977,,
20181206,14.548872947692871,,,,15.367438316345215,,,,,,14.617694854736328,,,,,15.557079315185547,,,,,13.944296836853027,,,,,16.41888999938965,13.84587287902832,,,,,13.05846118927002,14.24258041381836,,15.508712768554688,16.109777450561523,12.512782096862793,13.64076042175293,14.21030044555664,,15.055909156799316,15.0833740234375,16.077640533447266,,,14.021183967590332,13.525945663452148,,14.174500465393066,14.625280380249023,14.747800827026367,12.755199432373047,,,13.751471519470215,13.447078704833984,,,,14.922696113586426,14.553610801696777
20181207,14.855803489685059,,,,,,15.435491561889648,16.229270935058594,16.11019515991211,,,17.158781051635742,16.015165328979492,15.442895889282227,15.963068008422852,,15.798050880432129,16.169921875,15.82583236694336,15.651826858520508,,,,,,15.446977615356445,,,,,,,14.963947296142578,,,,,14.615458488464355,14.582792282104492,,,,,,,,14.542142868041992,,,,,,,,13.977249145507812,13.924444198608398,,,,,
20181208,,,,,,,,,,,,,,,,,,,,,,,,,,,,,,,,,,,,,,,,,,,,,,,,,,,,,,,,,,,,,
20181209,14.846596717834473,15.43506908416748,15.753055572509766,15.918506622314453,16.2549991607666,16.2127685546875,15.986838340759277,15.858649253845215,16.189090728759766,,14.757915496826172,15.858131408691406,16.11164665222168,15.753859519958496,15.984720230102539,16.2305965423584,16.28923797607422,15.805442810058594,15.37833309173584,,14.341724395751953,14.80014705657959,,,,15.372499465942383,14.09333324432373,14.706326484680176,,,,13.667083740234375,14.311432838439941,15.108859062194824,,,13.023749351501465,13.970232963562012,14.570452690124512,,,,,12.686971664428711,13.392024993896484,13.962825775146484,14.095728874206543,14.221451759338379,13.608583450317383,,,13.462613105773926,13.649809837341309,13.584145545959473,13.856086730957031,13.521784782409668,13.528635025024414,13.665985107421875,14.194791793823242,14.734700202941895,
20181210,15.507729530334473,16.049612045288086,16.14927101135254,16.174142837524414,16.155094146728516,,,,,,15.42996597290039,16.38848876953125,16.489315032958984,15.732368469238281,15.925909042358398,15.825523376464844,,,,,15.120832443237305,15.274338722229004,,,,,14.827865600585938,15.35484504699707,,14.90124797821045,,14.43506145477295,15.190277099609375,15.17387580871582,15.094324111938477,,13.885208129882812,14.655396461486816,15.424773216247559,,,,,13.611893653869629,14.000242233276367,14.527119636535645,14.72354507446289,,,15.14640998840332,15.030326843261719,14.245479583740234,14.544896125793457,14.4020414352417,14.435662269592285,14.033670425415039,13.869819641113281,,14.686944007873535,15.273862838745117,15.187360763549805
20181211,,,,,,,,,,16.99648094177246,,,,,,,,16.721845626831055,16.435667037963867,16.529573440551758,,,,,,16.289770126342773,,,,,,,,,,,,,,,,15.808904647827148,15.563628196716309,,,,,15.294754981994629,14.631128311157227,15.59170150756836,15.372879028320312,,,,,,,14.210138320922852,14.984511375427246,15.9598970413208,
20181212,14.476999282836914,14.582551002502441,14.689516067504883,15.365988731384277,15.653992652893066,15.636347770690918,15.57067584991455,15.714888572692871,,,14.846817970275879,15.034855842590332,,15.686474800109863,15.489385604858398,15.552054405212402,15.61781120300293,15.564805030822754,,,14.689613342285156,14.364288330078125,,,,,14.46298599243164,14.756214141845703,,,,14.064305305480957,14.77076244354248,14.823162078857422,,,13.632291793823242,14.303853034973145,14.763490676879883,,,,,13.68461799621582,13.782012939453125,14.16715145111084,14.273872375488281,14.313456535339355,,,,14.020069122314453,14.130867958068848,14.157638549804688,14.134061813354492,13.703181266784668,13.416864395141602,13.3185396194458,,,
20181213,,,,,,,,,,,,,,,,,,,,15.93125057220459,,,,,,16.11920928955078,,,,,,,,,,,,,,,,,14.46556568145752,,,,,15.276909828186035,15.101861953735352,,13.941999435424805,,,,15.14780044555664,14.391112327575684,14.303703308105469,13.88086223602295,,14.487558364868164,14.003625869750977
20181214,,,,,,,,,,,,,,,,,,,,,,,,,,,,,,,,,15.366060256958008,16.655712127685547,15.381524085998535,15.916462898254395,,14.91133975982666,15.364523887634277,,,15.237951278686523,15.702109336853027,,,15.444449424743652,15.96755313873291,14.948617935180664,14.783998489379883,15.415213584899902,15.160999298095703,,,15.13298511505127,15.896385192871094,15.430404663085938,14.447667121887207,14.25975513458252,14.217666625976562,15.236979484558105,15.205286026000977
20181215,,,,,,,,,,,,,,,,,,,,,,,,,,,,,,,,,,,,,14.518921852111816,15.857535362243652,16.233570098876953,,,,,14.808671951293945,15.011963844299316,15.68409538269043,15.477060317993164,,,,,14.711748123168945,14.885416984558105,14.79704761505127,14.803610801696777,14.343687057495117,14.123748779296875,,,,
20181216,,,,,,,,,,,,,,,,,,,,,,,,,,,,,,,,,,,,,,,,,,,,,14.904572486877441,15.540176391601562,,,,,,,,,,,,,,,
20181217,,,,,,,,,,,,,,,,,,,,,,,,,,,,,,,,,,,,,,,,,,,,,,,,,16.59617042541504,,,,,,,,,,,16.402420043945312,
20181218,,15.399062156677246,15.862099647521973,16.25591468811035,16.209333419799805,16.11312484741211,,,,,,,,16.20612907409668,16.097871780395508,15.42140007019043,,,,,,,,,,,,,,,,,,,,,,,,,,15.33275032043457,,,,14.634705543518066,,,,,,,,,,,,,,,
20181219,,,15.077563285827637,15.31445598602295,,,,,,16.339317321777344,,,,,,,,,,,,,,,,16.221132278442383,,,,,16.376352310180664,,,,15.66063117980957,16.166934967041016,,,,,,15.214737892150879,,,,,,15.264090538024902,15.118234634399414,,,14.225308418273926,14.28782844543457,,,14.052422523498535,13.95983600616455,14.512611389160156,15.182387351989746,,
20181220,,,,,,,,,,,,,,,,,,,,,,,,,,,,,,,,,,,,,,,,,,,,,,,,,,,,,,,,,,,,,
20181221,,,,,,,,17.461162567138672,17.376779556274414,16.995616912841797,,,,,,,,,16.477554321289062,16.580705642700195,15.984953880310059,16.035654067993164,,,16.135671615600586,16.449378967285156,15.7524995803833,16.097864151000977,,15.960073471069336,16.32817268371582,,,15.623748779296875,15.863410949707031,,,15.784246444702148,14.867498397827148,,16.210330963134766,15.714184761047363,15.838874816894531,,,,14.97176456451416,15.597125053405762,15.231534957885742,15.733933448791504,15.245322227478027,,,,14.635000228881836,,,,14.878087043762207,,
20181222,,,,,,,,,,,,,,,,,,,,,,,,,,,15.59188461303711,,,,,15.39013385772705,,,,,14.517346382141113,,,,,,,14.304647445678711,,,,,,,,14.159574508666992,,,,,,15.243599891662598,15.441998481750488,,
20181223,16.134809494018555,16.231666564941406,,,16.551971435546875,16.497400283813477,16.85397720336914,17.516401290893555,17.369117736816406,17.406110763549805,,,,17.14093017578125,16.808372497558594,16.81801986694336,16.88979721069336,17.43321990966797,16.624998092651367,17.08490753173828,15.518099784851074,,17.976112365722656,,,16.89750099182129,15.588459968566895,,,,17.08960723876953,,,,,,,,,,,,,,,,,,,,,,,,,,,,,,
20181224,15.96276569366455,16.041975021362305,16.036542892456055,16.23126792907715,16.280515670776367,16.579641342163086,16.590694427490234,17.2081241607666,17.321319580078125,17.30314826965332,15.87451171875,16.710275650024414,16.706384658813477,16.483736038208008,16.44866180419922,16.715938568115234,16.955453872680664,16.8169002532959,16.353540420532227,16.755434036254883,,,16.94139289855957,,16.16432762145996,16.585311889648438,,,,16.275588989257812,16.699861526489258,,,,16.06327247619629,16.70427894592285,,,,,,,16.391931533813477,,,,,,,16.051067352294922,15.881162643432617,,,,,,,,,,
20181225,,,,,17.586463928222656,17.573410034179688,17.52402687072754,17.85264015197754,17.94573974609375,17.819618225097656,,,,17.09092140197754,17.227136611938477,17.481292724609375,17.587730407714844,17.718917846679688,17.02838706970215,17.435104370117188,,,17.720155715942383,,,17.197736740112305,,,,,,14.539572715759277,15.036148071289062,,,,14.32670783996582,14.542709350585938,15.144712448120117,,,,,13.918522834777832,14.180304527282715,14.536389350891113,14.766876220703125,,,,15.950311660766602,13.843222618103027,14.229249000549316,14.210447311401367,14.530936241149902,14.257722854614258,13.956279754638672,,,,
20181226,16.810176849365234,16.84380340576172,16.919429779052734,16.993677139282227,17.00989532470703,17.106794357299805,17.450626373291016,17.83339500427246,17.803998947143555,17.635923385620117,16.914409637451172,17.23896598815918,17.528274536132812,17.311445236206055,17.070539474487305,17.037691116333008,,,,17.40692901611328,16.526390075683594,16.776987075805664,,,16.24192237854004,16.81050682067871,16.276865005493164,16.675134658813477,,,,15.576379776000977,15.851452827453613,,,,,14.652868270874023,15.052186965942383,,,,,14.392777442932129,14.620476722717285,13.868030548095703,,,,,,14.100666999816895,13.903645515441895,,,,,,,,
20181227,,,,,16.902368545532227,17.02124786376953,17.05411148071289,,17.487585067749023,17.716636657714844,,,,,,,,,16.40902328491211,,,,,,,,,,,,,,,,,15.157082557678223,,,,,,,,,,,15.643452644348145,,,,,,,,,15.326427459716797,14.771984100341797,,14.974239349365234,,
20181228,,,,,,,,,,,,,,,,,,,,,,,,,,,,,,,,,14.90782642364502,,,,14.85202407836914,15.060458183288574,,,,,,14.38607406616211,14.963193893432617,14.812599182128906,,,,,,14.404964447021484,14.77145767211914,14.848825454711914,,,,,,,
20181229,,,,,,,,,,,,,,,,,,,,,,,,,,,,,,,,,,,,,,,,,,,,,,,,,,,,,,,,,,,,,
20181230,,,,,,,,,,,,,,,,,17.765331268310547,,,,15.993765830993652,,,,,,15.744830131530762,16.233386993408203,,,16.760316848754883,14.723251342773438,14.849783897399902,,,,14.553857803344727,14.792878150939941,15.58985424041748,,,,,,14.326789855957031,14.509599685668945,,,,,,,,14.601040840148926,14.911273002624512,,,,,,
20181231,,,17.101165771484375,,,17.557205200195312,17.85477638244629,18.16352653503418,,17.913875579833984,,,,,,17.89922523498535,17.711788177490234,17.607769012451172,17.031280517578125,17.533233642578125,,,,,16.323240280151367,17.75063133239746,,,,,17.30419921875,,,,,16.68097496032715,,14.471220970153809,,,,,,14.46312427520752,14.488579750061035,14.203021049499512,14.999017715454102,,,,,,14.403429985046387,14.586320877075195,,14.879587173461914,14.419126510620117,,,,15.819843292236328
20190101,,,,,,18.859420776367188,18.937427520751953,19.178831100463867,19.547203063964844,19.618436813354492,,,,18.719999313354492,18.866374969482422,18.795263290405273,19.026737213134766,18.912776947021484,18.385520935058594,18.966514587402344,,,19.342674255371094,,16.860410690307617,18.499561309814453,,,,17.603134155273438,18.313222885131836,,,,17.833620071411133,18.203683853149414,,,,,17.968963623046875,17.32081413269043,17.926109313964844,,,,,16.962434768676758,16.535619735717773,17.408262252807617,16.760276794433594,,,,,,15.137320518493652,15.577916145324707,16.671649932861328,16.904037475585938,15.944096565246582
20190102,,16.50882339477539,16.914104461669922,17.158544540405273,17.082935333251953,,,,,,16.49100112915039,17.20830535888672,17.311723709106445,17.279041290283203,17.636621475219727,,,,,,,,,,,,15.33944320678711,16.1654052734375,,,,14.792688369750977,15.250737190246582,16.625516891479492,,,14.69800090789795,15.047991752624512,15.859620094299316,,,,,14.036027908325195,15.057133674621582,,16.011079788208008,,,,,,,,,,,,,,
20190103,16.891664505004883,17.069101333618164,17.67888641357422,17.952810287475586,17.926908493041992,17.960311889648438,17.788436889648438,18.024917602539062,18.35922622680664,18.2012939453125,17.099966049194336,17.738676071166992,17.95415687561035,18.071372985839844,18.107566833496094,17.81978988647461,17.822444915771484,17.986066818237305,17.480859756469727,17.814926147460938,16.995832443237305,17.16775894165039,17.55577850341797,17.653663635253906,,18.720945358276367,15.79503345489502,16.97453498840332,,,,14.956539154052734,15.946284294128418,17.25006103515625,,,14.535811424255371,15.18358039855957,15.986727714538574,,,,,14.498005867004395,14.708110809326172,14.93232536315918,15.60412311553955,16.240217208862305,,,,14.52535343170166,14.719645500183105,14.831249237060547,15.144488334655762,15.075335502624512,14.946664810180664,14.872825622558594,15.659896850585938,,
20190104,17.1804141998291,,,,,,,,,,,,,,,,,,,,17.278593063354492,17.48162269592285,,,,,16.358848571777344,17.571651458740234,,16.77716064453125,,15.566611289978027,17.13815689086914,18.270294189453125,17.655630111694336,17.77185821533203,,16.234607696533203,,,18.58144187927246,17.61182975769043,18.118545532226562,,,,,17.918987274169922,16.982158660888672,17.991458892822266,17.211780548095703,,,,,,15.90507698059082,15.896743774414062,16.600828170776367,16.935848236083984,15.667229652404785
20190105,16.900102615356445,17.091060638427734,17.499998092651367,18.01121711730957,,,,,,,16.909732818603516,17.398998260498047,17.89102554321289,18.07377815246582,18.1933536529541,18.067651748657227,,,,,16.903316497802734,17.16878890991211,18.286136627197266,,,,15.686434745788574,16.72551155090332,,,,14.847880363464355,15.78689956665039,,17.600208282470703,17.55409049987793,14.884413719177246,15.180696487426758,15.90483283996582,,18.027437210083008,17.37856674194336,17.430715560913086,14.801858901977539,14.943429946899414,15.265181541442871,16.184255599975586,16.3984317779541,15.978250503540039,17.591548919677734,16.72534942626953,14.8549165725708,14.851797103881836,15.00269889831543,15.1436767578125,15.294205665588379,14.996384620666504,14.794366836547852,15.94351863861084,16.16922950744629,15.00553035736084
20190106,,,18.128456115722656,18.35774803161621,17.956071853637695,17.99504852294922,17.90968894958496,18.496177673339844,18.857091903686523,18.622535705566406,,,,18.22588348388672,18.0982608795166,17.919652938842773,18.005849838256836,18.352384567260742,17.810522079467773,17.948646545410156,17.382905960083008,,17.941951751708984,,17.23666763305664,18.93899154663086,16.23699951171875,,,16.7549991607666,18.011714935302734,,16.080642700195312,,17.40726089477539,17.633363723754883,,,16.833227157592773,,,17.537137985229492,17.54522132873535,,,,,,,17.861305236816406,16.733287811279297,,,,,,,,,16.272768020629883,14.459184646606445
20190107,,,,,,,,,,19.29970359802246,16.606584548950195,,,,,,,,,19.24298095703125,,,,,18.125999450683594,19.665523529052734,,,,,19.66651153564453,,,,,,,,,,,,,,,,,,,,,,,,,,,,17.628376007080078,,
20190108,,,,,,,,,,,,,,,17.055755615234375,,,,,,,17.18973731994629,,,,,,,,,,,,,,,,,,,,,,,,,,,,,,,,,,,,,,,
20190109,16.655885696411133,16.676504135131836,17.17040252685547,,17.479257583618164,17.424564361572266,17.383251190185547,18.080907821655273,18.808704376220703,18.629173278808594,16.73175048828125,17.41114616394043,17.631319046020508,17.13627815246582,17.49425506591797,17.41301918029785,17.513721466064453,18.099332809448242,17.61271858215332,17.8651123046875,16.630104064941406,16.981054306030273,16.944185256958008,,17.013141632080078,18.29088592529297,15.297231674194336,,,,,15.286396980285645,15.57599925994873,,,,15.004789352416992,15.339221000671387,16.184999465942383,,,,,14.600000381469727,14.779916763305664,15.051968574523926,,16.754499435424805,16.14735221862793,17.766841888427734,,14.5563325881958,14.679168701171875,14.911175727844238,15.179415702819824,15.338388442993164,,15.179165840148926,16.52558135986328,15.340508460998535,
20190110,,,,,,,,,18.255285263061523,18.066789627075195,,,,,,17.11143684387207,17.03485107421875,17.822187423706055,16.60101318359375,17.53656578063965,,,,,16.945606231689453,18.446840286254883,,,,17.15612030029297,18.821388244628906,,,,17.52666473388672,18.590660095214844,,,,,18.266664505004883,17.601648330688477,18.145381927490234,,,,,,16.597707748413086,16.526594161987305,16.322053909301758,,,,,,,,,,
20190111,17.38021469116211,17.33116912841797,17.833019256591797,18.023239135742188,17.44939422607422,17.561384201049805,17.489858627319336,17.860445022583008,18.652000427246094,17.74924659729004,17.37919807434082,17.575693130493164,17.931516647338867,17.490970611572266,17.62153434753418,17.358009338378906,17.101383209228516,17.905607223510742,17.496150970458984,17.67521095275879,17.39267921447754,17.46413803100586,16.631135940551758,,17.218921661376953,18.330760955810547,16.179853439331055,17.155548095703125,,17.413589477539062,18.692298889160156,,16.067771911621094,17.204923629760742,,,15.261455535888672,15.471805572509766,16.020591735839844,,,,,15.116843223571777,15.1209077835083,15.140881538391113,15.83034610748291,,,,,,15.016092300415039,14.435944557189941,14.932846069335938,15.5103120803833,15.205738067626953,,,,
20190112,,,,,,,,,,,,,,,,,,,,,,,,,,,,,,,19.65556526184082,,,,,19.704713821411133,,,,,,,18.579099655151367,,,,,,,17.848827362060547,16.667768478393555,,,,,,,,,17.1171875,16.49658966064453
20190113,17.109760284423828,16.735666275024414,17.595130920410156,17.902326583862305,17.60190200805664,17.30821990966797,17.331951141357422,17.559343338012695,,,16.98798179626465,,17.529287338256836,17.25663185119629,17.095922470092773,17.162904739379883,17.111495971679688,17.413522720336914,,,17.09014129638672,17.203125,,,,,16.20197868347168,17.24988555908203,,,,15.505172729492188,16.124826431274414,17.44582176208496,,,15.322429656982422,15.67947769165039,16.16895866394043,,,,,14.969964027404785,15.28878402709961,15.298675537109375,15.699783325195312,16.86565589904785,,,,15.042535781860352,15.025346755981445,15.17166805267334,15.25008487701416,15.515124320983887,15.415249824523926,15.528017044067383,,,
20190114,17.226285934448242,17.47913360595703,17.963613510131836,18.191978454589844,18.07982635498047,18.088367462158203,18.02827262878418,18.6591854095459,18.887039184570312,19.096492767333984,17.213090896606445,17.56801414489746,17.95319175720215,17.81788444519043,17.87202262878418,17.92361068725586,17.968971252441406,18.50350570678711,17.965253829956055,18.316181182861328,17.44159698486328,17.48272132873535,17.62874984741211,,17.590408325195312,19.013864517211914,16.755937576293945,17.553203582763672,,17.705909729003906,19.054752349853516,16.19093894958496,16.600658416748047,17.919187545776367,17.20860481262207,18.923852920532227,15.837637901306152,16.240070343017578,16.697412490844727,,18.274778366088867,17.440624237060547,18.24430274963379,15.311126708984375,15.60472297668457,15.84822940826416,16.560686111450195,16.837413787841797,16.58037757873535,17.123876571655273,16.245925903320312,15.470728874206543,15.229236602783203,15.46156120300293,15.707672119140625,15.869318008422852,15.699592590332031,15.667430877685547,16.341562271118164,16.847187042236328,15.660347938537598
20190115,,,,,,,,,,,,,,,,,,,,,,,,,,,,,,,18.572498321533203,15.440699577331543,17.081846237182617,18.052082061767578,,,16.116981506347656,16.700626373291016,17.133695602416992,,,,,15.625432014465332,15.906713485717773,16.211416244506836,16.822040557861328,17.887836456298828,17.381999969482422,17.332612991333008,,15.527817726135254,15.556840896606445,15.80944538116455,15.961446762084961,,,16.653818130493164,16.885818481445312,,
20190116,17.60615348815918,17.85306167602539,18.27841567993164,18.420278549194336,18.326597213745117,18.3282470703125,18.257291793823242,,,19.96244239807129,17.486923217773438,17.924802780151367,18.19206428527832,18.189043045043945,18.291873931884766,18.201677322387695,18.136974334716797,,17.6010799407959,18.35285758972168,17.64286994934082,17.629831314086914,,,18.082317352294922,19.0909366607666,,17.94601821899414,,17.767738342285156,19.517621994018555,16.781476974487305,,,17.90656280517578,18.996631622314453,16.351139068603516,16.388233184814453,,,18.56572723388672,17.759925842285156,18.49625015258789,15.8795747756958,16.023727416992188,16.231979370117188,,17.980266571044922,17.034486770629883,17.511171340942383,16.32830810546875,15.780402183532715,15.836045265197754,16.081281661987305,15.858100891113281,16.167621612548828,,15.938830375671387,16.739227294921875,17.62912940979004,16.45900535583496
20190117,,,,,,,,20.11288070678711,20.309696197509766,,,,,,,,,,,18.68163299560547,,,,,,,,,,,,,,,,,,,,,,,,,,,,,,,,,,,,,,,,,
20190118,,,,,,,,,,,,,,,,,,,,,,,,,,,,,,,,,,,,,,,,,,,,16.457923889160156,16.648237228393555,16.943557739257812,17.30099868774414,,,,,16.323089599609375,16.265419006347656,15.603456497192383,16.118053436279297,,,,,,
20190119,,17.703672409057617,18.009206771850586,18.09476089477539,18.082761764526367,18.073965072631836,18.124126434326172,18.70722198486328,19.381000518798828,18.860837936401367,17.173748016357422,17.818998336791992,18.041282653808594,17.850461959838867,17.956892013549805,17.86513900756836,18.138355255126953,18.587751388549805,18.35234832763672,18.189878463745117,,,18.301475524902344,,17.543983459472656,18.5379581451416,16.8492431640625,,,17.824626922607422,19.601947784423828,16.459848403930664,,,18.13822364807129,19.493488311767578,15.4278564453125,,,,,18.16046142578125,18.449323654174805,15.792571067810059,15.814461708068848,,,,,17.986024856567383,16.160982131958008,,,15.051000595092773,,,,,,,
20190120,,,,,,,17.867603302001953,18.572282791137695,19.200637817382812,18.9823055267334,,,,,17.79909896850586,17.79241180419922,18.01166534423828,18.464412689208984,18.178489685058594,18.08474349975586,,,18.044166564941406,,17.763896942138672,18.644512176513672,,,,18.21298599243164,19.91225814819336,,,,18.416757583618164,19.76357650756836,,,,,18.755781173706055,18.17950439453125,18.671838760375977,,,,,17.395944595336914,16.762928009033203,17.315555572509766,15.882500648498535,,,,,,,15.796743392944336,17.082555770874023,16.64388656616211,15.216999053955078
20190121,,17.843585968017578,17.999252319335938,18.175798416137695,18.19628143310547,18.178054809570312,18.18833351135254,18.770708084106445,19.247758865356445,18.93232536315918,,18.137554168701172,18.329246520996094,18.177183151245117,18.17218780517578,18.0350341796875,18.29540252685547,18.70100975036621,18.335094451904297,18.18920135498047,,17.766376495361328,18.280221939086914,,18.693655014038086,18.880693435668945,15.474188804626465,17.72239112854004,,18.546045303344727,19.326648712158203,14.10076904296875,17.010576248168945,,17.72954559326172,,13.1416654586792,13.900217056274414,,,19.124374389648438,17.898483276367188,,,12.986827850341797,,,17.324222564697266,16.77449607849121,17.072574615478516,,,12.679492950439453,,,14.777868270874023,15.914193153381348,15.776586532592773,16.500410079956055,14.961983680725098,
20190122,,,18.721721649169922,18.906631469726562,18.98065948486328,19.00725555419922,18.967674255371094,19.439382553100586,19.85623550415039,19.52315902709961,18.25643539428711,18.90680503845215,19.032608032226562,18.856014251708984,18.765872955322266,18.73288345336914,18.879531860351562,19.202640533447266,18.54461669921875,18.569339752197266,18.174640655517578,18.472366333007812,19.04011344909668,,18.877500534057617,19.06648826599121,17.636375427246094,18.393268585205078,,,,17.137590408325195,17.539722442626953,18.245283126831055,,,16.03202247619629,16.673643112182617,17.229936599731445,,19.447296142578125,,,15.95649242401123,16.075546264648438,,,18.081693649291992,17.58930778503418,,,15.956666946411133,15.306742668151855,15.709824562072754,15.804999351501465,15.941498756408691,16.404998779296875,16.21383285522461,16.986310958862305,,
20190123,16.928770065307617,,,,,,,,,,,,,,,,,,,,,,,,,,,,,,,,,,,,,,,,,,,,,,,,,,,,,,,,,,,,
20190124,,,17.42490577697754,17.66404151916504,17.911235809326172,18.12131118774414,,18.394489288330078,,,17.03652000427246,17.655664443969727,,,,,,18.55211067199707,,17.34291648864746,17.579662322998047,17.210735321044922,,,,17.76947021484375,,,,,,,,,,,15.785979270935059,16.18010902404785,16.28989028930664,,,16.86838150024414,18.547456741333008,15.7493314743042,15.605378150939941,15.381600379943848,,17.135900497436523,16.6207218170166,,15.300386428833008,15.078590393066406,15.343374252319336,15.496665954589844,15.395187377929688,15.518526077270508,15.745833396911621,,,,13.54883861541748
20190125,,,,18.77644157409668,18.78316307067871,18.826904296875,18.75503921508789,19.418392181396484,19.909698486328125,20.12717628479004,,,18.824308395385742,18.474306106567383,,,18.424264907836914,18.780492782592773,,19.564306259155273,,,,,,18.407108306884766,,,,,19.079824447631836,,,,,19.504056930541992,,,,,,,,,,,,,,,,,,,,,,,,,
20190126,,,,,,,,,,,,,,17.928611755371094,17.768226623535156,,18.006427764892578,18.932899475097656,18.697154998779297,,17.018510818481445,,18.49725914001465,,,,15.71051025390625,,,,18.9739990234375,16.203689575195312,16.701337814331055,,18.158456802368164,19.077930450439453,15.040863990783691,16.328542709350586,,,,18.079133987426758,19.067913055419922,15.212239265441895,15.4083890914917,,,,,,17.01872444152832,14.705129623413086,15.064167976379395,,15.242095947265625,,,,,,
20190127,,,,,,,,,,,17.7336368560791,,,,,,,,,,17.679534912109375,,,,,,16.650699615478516,17.852657318115234,,,,16.52750015258789,17.07714080810547,,,,15.440299034118652,,,,,,,15.54439640045166,,,,16.95380401611328,16.821462631225586,,,15.135833740234375,,,15.35144329071045,15.637846946716309,16.02899932861328,16.05529022216797,16.161087036132812,,
20190128,,,,,,,19.150300979614258,,,,,,,,,,19.04646110534668,,,18.534488677978516,,,,,18.543649673461914,19.5985050201416,,,,18.535350799560547,19.433889389038086,,,,18.788658142089844,19.22392463684082,,,,,19.218074798583984,18.53114891052246,19.751007080078125,,,,,,17.372238159179688,17.949739456176758,17.75950050354004,,,,,,,16.715370178222656,16.71471405029297,15.077303886413574,14.523447036743164
20190129,17.504819869995117,17.57762336730957,17.695388793945312,17.760765075683594,17.932777404785156,17.84409523010254,17.768367767333984,18.057220458984375,,,17.357789993286133,17.858503341674805,17.992830276489258,17.6416072845459,17.6031494140625,17.675485610961914,17.808929443359375,18.1877498626709,,,17.310304641723633,17.073482513427734,,,,,16.31085968017578,,,,,,,,,,,,,,,,,,,,,,,,,,,,,,,,,,
20190130,17.958484649658203,17.996395111083984,18.424930572509766,18.816734313964844,19.14791488647461,19.303401947021484,19.36576271057129,19.850000381469727,20.432592391967773,20.464859008789062,17.82633399963379,18.67951011657715,18.719043731689453,18.457611083984375,18.57868003845215,18.689260482788086,18.88178062438965,19.233728408813477,19.008289337158203,19.178625106811523,,,18.76545524597168,,17.317546844482422,18.740907669067383,,,,17.758220672607422,18.709794998168945,,,,18.268583297729492,18.458784103393555,,,,,18.243165969848633,17.88711166381836,18.676979064941406,,,,,,,18.154531478881836,18.088987350463867,,,,,,,,,,
20190131,,,,18.836477279663086,19.130374908447266,19.095224380493164,19.133216857910156,20.341611862182617,20.403207778930664,19.85555648803711,17.680856704711914,,,18.727556228637695,18.929412841796875,,19.23568344116211,,,,,,19.24916648864746,,17.88421058654785,19.178810119628906,,,,18.40671730041504,19.2125244140625,16.12881851196289,,,19.02374839782715,,14.759472846984863,,,,,,,14.941248893737793,,,,,,,,13.844941139221191,,,,,,,,,
20190201,18.152841567993164,18.096742630004883,18.340892791748047,18.457500457763672,18.605728149414062,18.542543411254883,18.323713302612305,19.178211212158203,19.59612464904785,19.24895668029785,17.867229461669922,18.558570861816406,18.49822235107422,18.22303581237793,18.354026794433594,18.338205337524414,18.56085205078125,19.02728271484375,18.69280433654785,18.335384368896484,17.533870697021484,17.65625,18.384431838989258,,,18.65889549255371,16.598840713500977,17.244096755981445,,18.019582748413086,18.65092658996582,16.35634994506836,17.020410537719727,17.40802574157715,17.8540096282959,18.184200286865234,15.416481018066406,15.999174118041992,16.92840003967285,,18.127262115478516,17.452022552490234,18.43368911743164,15.358139991760254,15.393054962158203,15.669879913330078,,16.690948486328125,16.65846061706543,17.145061492919922,17.682119369506836,14.347661018371582,14.808749198913574,14.929999351501465,15.178709030151367,15.576543807983398,15.263975143432617,15.761999130249023,,,14.435635566711426
20190202,,,,,19.115798950195312,19.19830322265625,19.198688507080078,19.76433753967285,20.117456436157227,19.348873138427734,,,,18.983657836914062,18.91339874267578,18.966999053955078,19.28261375427246,19.732336044311523,19.248666763305664,18.59666633605957,,,,,,19.020967483520508,,,,18.37874984741211,18.934627532958984,,,,18.542499542236328,,,,17.854862213134766,,18.602764129638672,17.68731689453125,,,15.97717571258545,16.56539535522461,17.386899948120117,17.23453140258789,17.03801918029785,,,,15.167655944824219,15.481083869934082,16.411617279052734,16.423776626586914,16.147747039794922,16.265417098999023,16.072221755981445,15.996268272399902,15.077086448669434
20190203,17.897180557250977,,17.825685501098633,18.36305046081543,,,,,,,17.44072914123535,,18.101987838745117,17.553428649902344,,,,,,,17.303667068481445,17.3656005859375,,,,,17.079334259033203,17.269054412841797,,,,,16.91338348388672,17.5175838470459,,,15.836000442504883,16.692157745361328,16.928707122802734,,,,,15.576066017150879,,16.281328201293945,16.686342239379883,,,,,,,,,,,,,,
20190204,,,,,,,,,,,,,,,19.343334197998047,,,,,,17.356904983520508,17.3877010345459,,,,,,,,,,,,,,,,,,,,,,,,,,,,,,,,,,,,,,,
20190205,17.75418472290039,18.06477165222168,18.095441818237305,18.394027709960938,18.65656280517578,19.085769653320312,19.158187866210938,19.9033145904541,,,17.537919998168945,17.88249969482422,18.269912719726562,18.4683895111084,18.622234344482422,18.750715255737305,18.918537139892578,19.21174430847168,,,17.533384323120117,17.44660758972168,,,,,,17.453022003173828,,,,,,,,,,,,,,,,,,,,,,,,,,,,,,,,,
20190206,,,,,,,,,,,,,,,,,,,17.65156364440918,18.157026290893555,,,,,,18.32831573486328,,,,,18.421194076538086,,,,,,,,,,,,,,,,,,,,,,,,,,15.675881385803223,15.807523727416992,15.78833293914795,,15.891704559326172
20190207,,,,,,,,,,,,,,,,,,,,,,,,,,,,,,,,,,,,,,,,,,,,,,,,,,,,,,,,,,,,,
20190208,,,,,,,,,,,,,,,,,,,,,,,,,,,,,,,19.441373825073242,,,,19.12590217590332,19.66096305847168,,,,,19.41466522216797,18.771371841430664,19.08055877685547,,,,,,18.04264259338379,18.63738250732422,18.735851287841797,,,,,,,16.28733253479004,16.7692928314209,17.870969772338867,18.16129493713379
20190209,,,,,,,,,,,,,,,,,,,,,,,,,,,,,,,,,,,,,,,,,,,,,,,,,,,,,,,,,,,,,
20190210,17.651405334472656,,,,,18.844545364379883,19.329484939575195,19.626279830932617,19.356626510620117,19.979564666748047,,,,18.703075408935547,18.721323013305664,19.039867401123047,19.388137817382812,19.634477615356445,18.93819236755371,19.63510513305664,,,18.90472984313965,,18.253032684326172,18.76392936706543,,,,18.56161117553711,19.56684112548828,,,,18.542943954467773,19.688283920288086,,,,,,18.381954193115234,19.046262741088867,,,,,17.3078556060791,17.283763885498047,18.142274856567383,18.613807678222656,,,,,,,16.23040008544922,16.528535842895508,,17.44256591796875
20190211,,,,,,,,,,19.396892547607422,,,,,,,,,17.701122283935547,19.074613571166992,,,,,17.735000610351562,18.691152572631836,,,,18.296342849731445,19.546396255493164,,,,18.12099838256836,19.1643009185791,,,,,18.130216598510742,18.013866424560547,18.76115608215332,,,,,,17.08759307861328,17.761449813842773,18.217634201049805,,,,,,,,16.506147384643555,,
20190212,,,,,,18.70816421508789,19.03868293762207,19.4158878326416,19.223737716674805,20.043392181396484,,,,,,,,,19.228717803955078,18.98920249938965,,,,,,18.552770614624023,,,,,,,,,,,,,,,,,,,,,,,,18.411924362182617,18.251827239990234,,,,,,,,,,16.367870330810547
20190213,,,,,,,,,,,,,,,,,,,,,,,,,,18.148508071899414,,,,,,,,,18.234722137451172,18.801162719726562,,,,,,18.036470413208008,18.850337982177734,,,,,,16.78876495361328,17.36556053161621,18.211519241333008,,,,,,,16.477537155151367,16.41004753112793,17.57950782775879,16.046388626098633
20190214,,,,,,,,,,,,,,18.206199645996094,,,,,,,,,,,,,15.806473731994629,,,,,15.618413925170898,,,,,,,,,,,,,,,,,,,,,,,,,,,,,
20190215,,,,,17.47016716003418,,,,,,,,,18.048828125,18.123687744140625,18.30701446533203,18.665624618530273,,,19.12873077392578,,,,,,,,,,,19.401195526123047,,,,,,,,,,17.249887466430664,17.244564056396484,18.32853126525879,,,,,,16.896888732910156,16.550121307373047,,,,,,,,,,,
20190216,,,,,,,,,,,,,,,,,,,,,,,,,,18.65250015258789,,,,,18.602201461791992,,,,,18.30994987487793,,,,,,16.783477783203125,17.96074867248535,,,,,,,,,,,,,,,,,,
20190217,16.91642189025879,16.89375114440918,17.48475456237793,17.273395538330078,17.870054244995117,18.3203125,18.47102928161621,,18.903451919555664,19.29088020324707,,16.81516456604004,17.036027908325195,17.610628128051758,18.166391372680664,18.358224868774414,18.64481544494629,18.892501831054688,18.065202713012695,18.761564254760742,,,,,17.882421493530273,19.246665954589844,,,,17.467744827270508,18.708507537841797,,,,,,,15.287742614746094,16.753833770751953,,,,17.618240356445312,15.017319679260254,14.955961227416992,15.28669261932373,15.923030853271484,,,,,14.57069206237793,14.414115905761719,14.797772407531738,14.904202461242676,15.370331764221191,15.925454139709473,15.858529090881348,,,
20190218,,,,,,,,,,19.669906616210938,,,,,,,,,18.4505558013916,19.67298698425293,,,,,17.09000015258789,19.190156936645508,,,,,,,,,,,,,,,,,,,,,,,17.299999237060547,,,,,,,,,,,,
20190219,,,,,,,,,,,17.065359115600586,,17.662317276000977,17.744081497192383,,,,,,,,,,,,,16.221025466918945,17.00489616394043,,,,15.410400390625,,,,,,,15.88974380493164,,,,,,14.855999946594238,,,,,,,,,,,,,,,,
20190220,,,,,,,,,,,,,,,,,,,17.861129760742188,19.046955108642578,,,,,18.020427703857422,19.049510955810547,,,,,18.627893447875977,,,,,,,,,,,,,,,,,,16.70100975036621,16.96507453918457,,,,,,,,,16.171274185180664,15.537683486938477,14.253125190734863
20190221,17.460100173950195,,17.589908599853516,17.593149185180664,17.636899948120117,18.086515426635742,18.195358276367188,18.788875579833984,18.69270896911621,19.104581832885742,16.82256317138672,,,17.826337814331055,17.789878845214844,18.106937408447266,18.328998565673828,18.833282470703125,18.338333129882812,18.458358764648438,15.805161476135254,,,,18.069231033325195,18.58414649963379,,,,17.74681854248047,,14.930853843688965,,,17.840805053710938,18.340106964111328,14.50035285949707,14.768800735473633,,,,17.606237411499023,18.28683090209961,14.421167373657227,14.4375,14.677702903747559,,,,17.296924591064453,17.252098083496094,,14.129650115966797,14.277778625488281,14.211248397827148,15.619864463806152,,15.796609878540039,,14.544374465942383,
20190222,17.638521194458008,,,17.097332000732422,17.314889907836914,18.022777557373047,18.148054122924805,18.278961181640625,18.141250610351562,18.620450973510742,,,17.51259422302246,17.28654670715332,17.458614349365234,17.981977462768555,18.059112548828125,18.246875762939453,17.667028427124023,17.706317901611328,,,17.731428146362305,,,18.10723304748535,,,,,,,,,16.83733367919922,17.58791160583496,,,,,,,,,,,,,16.013914108276367,16.156997680664062,,,,,,,,,,15.970893859863281,
20190223,,,,18.310068130493164,18.363975524902344,18.50319480895996,18.538923263549805,18.73361587524414,18.43643569946289,18.680171966552734,,,18.5838680267334,18.524213790893555,18.52454948425293,18.557464599609375,18.575071334838867,18.749082565307617,18.154399871826172,18.386804580688477,,,18.668603897094727,,18.063486099243164,18.6776123046875,,,,17.762311935424805,18.505712509155273,,,,,,,,,,,,,,,,,,,,,,,14.059656143188477,14.400146484375,15.168513298034668,15.402889251708984,15.452635765075684,15.721464157104492,14.15286636352539,15.02138900756836
20190224,17.156702041625977,,,,,,,,,,,,,,,,,,,,16.00727653503418,,,,,,15.940773963928223,,,,,15.391765594482422,,,,,14.487582206726074,,,,,,,14.600606918334961,,,,,,,17.770479202270508,14.202143669128418,,,,,,16.411836624145508,16.25839614868164,15.324913024902344,16.643203735351562
20190225,17.691020965576172,17.613019943237305,17.70520782470703,17.69819450378418,17.937705993652344,18.080781936645508,18.13774299621582,18.391855239868164,18.175844192504883,18.476318359375,17.1834716796875,17.371810913085938,17.509201049804688,17.398771286010742,17.410808563232422,,18.07499885559082,18.204757690429688,17.733360290527344,17.9864501953125,16.7578125,17.227697372436523,,,,18.13385772705078,16.424827575683594,17.157373428344727,,17.43610191345215,17.949798583984375,16.003541946411133,16.920902252197266,17.482894897460938,17.468454360961914,17.64729118347168,15.162708282470703,16.075729370117188,17.045129776000977,,17.842117309570312,17.09922981262207,17.71038055419922,15.13878345489502,15.36093807220459,16.006181716918945,16.590391159057617,17.4738826751709,17.305891036987305,16.89968490600586,17.302812576293945,14.656180381774902,14.640867233276367,14.411041259765625,15.201250076293945,16.0026798248291,16.173622131347656,16.647117614746094,16.68000030517578,15.51333236694336,16.335580825805664
20190226,,,,18.257619857788086,18.26019859313965,,,,,,,17.858055114746094,18.22915267944336,18.3018741607666,,,18.91776466369629,,,,,,,,,,,,,,,,,,,17.602272033691406,,,,,,,17.595666885375977,,,,,,,,17.559391021728516,,13.939839363098145,13.920625686645508,,,,,,,15.904509544372559
20190227,17.722997665405273,17.73764419555664,17.788537979125977,17.75600814819336,17.74138069152832,17.975587844848633,18.162006378173828,18.5484561920166,,,17.15961456298828,17.540958404541016,17.7797908782959,,17.789188385009766,17.924394607543945,,,,,16.21596908569336,,,,,,16.28180694580078,16.69512939453125,,17.181575775146484,,15.646332740783691,16.538795471191406,16.9680233001709,17.232765197753906,17.58308982849121,15.004223823547363,15.811057090759277,16.562427520751953,,17.13273811340332,16.833637237548828,17.68023109436035,14.67009162902832,14.900229454040527,16.0065975189209,16.46474838256836,16.580657958984375,16.373443603515625,16.64801025390625,,14.106720924377441,14.05288314819336,14.270302772521973,14.556700706481934,,,,,,
20190228,18.292829513549805,18.535057067871094,18.38036346435547,18.276071548461914,18.271665573120117,18.41558074951172,18.599361419677734,18.96099090576172,18.813852310180664,19.071733474731445,17.760831832885742,17.778888702392578,18.299779891967773,18.28404998779297,18.49016571044922,18.459171295166016,18.6146240234375,18.678773880004883,18.22756576538086,18.422941207885742,17.59102439880371,,18.771583557128906,,,18.441335678100586,16.890832901000977,,,17.47037696838379,18.37010383605957,,,,17.385713577270508,17.921403884887695,,,,,,16.65515899658203,17.56546974182129,,,,,,16.036373138427734,16.565393447875977,16.8830509185791,,,,,,,,,,
20190301,,,,,,,,,,,,,,,,,18.609031677246094,,,,,,,,,,,,,,,,,,18.263368606567383,,,,,,,17.66164207458496,,,,,,17.689855575561523,17.356689453125,17.714553833007812,,,,,,,16.686744689941406,16.854576110839844,16.931575775146484,,
20190302,18.715425491333008,18.848854064941406,18.9230899810791,19.03447914123535,19.08013916015625,19.28204917907715,19.334270477294922,19.766250610351562,,,18.494619369506836,18.939903259277344,19.06191062927246,19.125484466552734,19.073366165161133,19.1959171295166,19.50564193725586,19.595232009887695,,18.709177017211914,18.001283645629883,18.355146408081055,19.337444305419922,18.824857711791992,,18.810283660888672,17.568716049194336,18.042877197265625,,,,17.00349235534668,17.799894332885742,18.980052947998047,,,16.912240982055664,17.72947883605957,17.952695846557617,,,,,15.535741806030273,16.05525779724121,16.610750198364258,18.073331832885742,,,,,15.283559799194336,15.12338638305664,15.560147285461426,16.871795654296875,17.43879508972168,17.363025665283203,17.26070213317871,,,
20190303,18.61312484741211,18.79034996032715,18.614091873168945,18.548141479492188,18.08977699279785,18.449996948242188,18.536819458007812,19.32415199279785,,19.78700065612793,,18.97749900817871,,17.99350929260254,18.134052276611328,18.804960250854492,18.722028732299805,18.57901954650879,17.86294937133789,,,,,,,,,,,16.775165557861328,17.258220672607422,,,,17.583921432495117,17.448650360107422,,,,,,16.91095542907715,17.388103485107422,,,,,,,17.276098251342773,17.079343795776367,,,,,,,,,,17.360416412353516
20190304,17.708316802978516,17.451568603515625,18.03168487548828,18.27166748046875,18.389022827148438,19.03564453125,19.410703659057617,20.04737091064453,20.115297317504883,20.216838836669922,17.363239288330078,17.762454986572266,,18.61728286743164,18.857707977294922,18.96539878845215,,19.20572853088379,19.13287925720215,20.09183692932129,16.855728149414062,17.282196044921875,,,,,16.424665451049805,16.628978729248047,,,,,,,,,,,,,,,17.157838821411133,,,,,,,,,,,,,,,,,,
20190305,,,,,,,,,,,,,,,,,,,,,,,,,17.923019409179688,19.718564987182617,,,,17.584674835205078,18.90746307373047,,,,17.629497528076172,18.36724090576172,14.018359184265137,,,,17.983810424804688,17.452402114868164,18.120498657226562,,13.475262641906738,,,17.2578182220459,16.81513023376465,17.46996307373047,17.894575119018555,12.16944408416748,12.781551361083984,14.723423957824707,,,16.164518356323242,16.433748245239258,,17.50295066833496,17.79610252380371
20190306,,,,,,,,,,,,,,,,,,,18.671409606933594,,,,,,17.966461181640625,19.27635383605957,,,,,18.92215919494629,,,,,18.376766204833984,,,,,,,,,,15.438788414001465,,,,,,,,,,,,,,,
20190307,,,,,,,,,,,,,18.722431182861328,18.485292434692383,,,,,,,,,,,,19.553075790405273,,,,,17.809846878051758,15.703678131103516,,,,,15.999332427978516,,,,,,,,,15.34416675567627,,,,,,,15.253087043762207,15.24690055847168,,,,,,,
20190308,,,,,,,,18.564489364624023,,,,,,,,,,,17.727415084838867,,,,,,,,,,,,,,,,,,,,,,,,,,,,,,,,,,,,,,,,,,
20190309,,17.335121154785156,17.40454864501953,17.41901206970215,17.456911087036133,,,,,,,,,,,,,,,,,,,,,,,,,,,,,,,,,,,,,,,13.89426040649414,14.015857696533203,14.556249618530273,,,,,,13.902644157409668,14.22123908996582,14.589892387390137,15.23599910736084,15.482980728149414,,,,,
20190310,17.356178283691406,17.71585464477539,17.976491928100586,17.92336654663086,17.869340896606445,18.063993453979492,18.23635482788086,18.601715087890625,18.483407974243164,18.950674057006836,17.442176818847656,17.900712966918945,18.04220962524414,17.942045211791992,17.9481201171875,18.005605697631836,18.1236515045166,18.320219039916992,17.427785873413086,18.310409545898438,16.89496612548828,17.233362197875977,,,17.00383758544922,18.367902755737305,16.422460556030273,,,,,,,16.697128295898438,,,,,,,,,,,,,,,,,,,,14.861248970031738,,,,,,,
20190311,,,,,,18.44393539428711,18.618371963500977,18.93770980834961,19.004850387573242,19.684860229492188,,,,,,18.637210845947266,18.711641311645508,18.856157302856445,18.21135711669922,19.060625076293945,,,18.640331268310547,,17.653806686401367,19.310693740844727,,16.9936580657959,,17.378507614135742,18.60673713684082,15.797574043273926,16.382299423217773,,17.217329025268555,17.76333236694336,15.595308303833008,16.36390495300293,16.946666717529297,,,17.086524963378906,17.375137329101562,14.561878204345703,15.036506652832031,15.65267562866211,15.510884284973145,,16.45965576171875,17.310529708862305,17.57242202758789,14.591379165649414,14.980056762695312,14.996087074279785,15.195999145507812,15.918055534362793,,16.11276626586914,16.52005958557129,17.198123931884766,17.46078109741211
20190312,,,,,,,,,,,,,,,,,,,,,,,,,,,,,,,,,,,,,,,,,,,,,,,,,,,,,,,,,,,,,
20190313,17.59870147705078,,,17.82628631591797,17.848987579345703,18.248472213745117,18.449649810791016,18.9598445892334,18.6629581451416,19.526643753051758,17.25473976135254,17.49067497253418,17.91225242614746,18.138975143432617,18.05638885498047,18.355796813964844,18.60616683959961,18.858713150024414,18.214733123779297,18.69601821899414,16.90369415283203,,18.444076538085938,,17.69859504699707,19.171388626098633,16.446943283081055,16.46627426147461,,17.469375610351562,18.508541107177734,15.165331840515137,15.956396102905273,,17.389820098876953,17.9842529296875,14.70884895324707,15.821375846862793,16.589706420898438,,,17.355409622192383,17.727441787719727,14.213278770446777,14.740982055664062,14.686969757080078,15.376315116882324,,,,,14.301499366760254,14.570188522338867,14.385937690734863,15.460062026977539,15.74742317199707,,,16.858665466308594,,
20190314,17.188411712646484,17.437578201293945,17.5653133392334,17.541770935058594,17.632640838623047,17.883825302124023,18.11776351928711,18.668493270874023,18.722875595092773,19.368083953857422,16.71148109436035,17.0044002532959,17.59806251525879,17.799699783325195,17.58580780029297,,18.167531967163086,18.54494285583496,18.08550262451172,18.03701400756836,16.192216873168945,16.85064697265625,17.93953514099121,,17.475452423095703,18.537052154541016,,16.327838897705078,,,,,,,17.296630859375,,,,,,,17.231046676635742,17.854782104492188,,,,16.001304626464844,,,17.618471145629883,18.08326530456543,,,,,,,,,,
20190315,17.3570499420166,17.560802459716797,17.558547973632812,17.464950561523438,17.5625,17.86121368408203,18.07642364501953,18.51192855834961,18.321796417236328,19.26279640197754,,,,17.679264068603516,17.60431671142578,17.864755630493164,17.974502563476562,18.226354598999023,17.808259963989258,18.48187828063965,,,17.78636360168457,,17.08507537841797,18.567569732666016,,,,16.893861770629883,17.992292404174805,,,,16.823375701904297,17.7850341796875,,,,,16.53466033935547,16.807588577270508,17.440589904785156,,,,,,,17.18912696838379,17.66897964477539,,,,,,,,,,16.746524810791016
20190316,17.205833435058594,16.964885711669922,17.274681091308594,17.36727523803711,17.157527923583984,17.469955444335938,17.805761337280273,18.756607055664062,18.515674591064453,19.357845306396484,16.58175277709961,16.869930267333984,16.824296951293945,17.545616149902344,17.732404708862305,17.505077362060547,17.688304901123047,18.18093490600586,17.812231063842773,,16.92447853088379,17.362279891967773,,,,,16.744686126708984,16.91537857055664,,,17.7947998046875,15.82635498046875,16.22954750061035,16.400272369384766,,,15.336645126342773,16.263145446777344,16.70410919189453,,,,,,,15.781652450561523,16.06980323791504,,,,,,,,,,,,,,
20190317,,,,,,,,,,20.10057258605957,,,,,,,18.64928436279297,,19.119367599487305,19.724756240844727,,,,,,,16.610498428344727,,,,,15.991573333740234,16.04671287536621,,,,,15.737646102905273,16.44266700744629,,,17.625688552856445,18.24468994140625,,,16.388534545898438,15.746745109558105,17.208250045776367,17.256797790527344,17.747238159179688,17.934213638305664,,,15.608332633972168,16.088924407958984,15.450713157653809,15.892135620117188,16.854246139526367,17.27879524230957,,17.432065963745117
20190318,17.640682220458984,17.8915958404541,17.94850730895996,17.812049865722656,17.796249389648438,17.82590675354004,17.93012237548828,18.099721908569336,,,17.22113037109375,17.679582595825195,,17.895511627197266,17.713237762451172,17.853437423706055,17.99879264831543,,,,16.498905181884766,17.09821891784668,,,,,16.206193923950195,16.860694885253906,,,,15.182608604431152,16.07809829711914,16.32122039794922,,,14.85853099822998,,16.079736709594727,,,,,14.434252738952637,,,15.800464630126953,,,,,13.802637100219727,,,,15.346332550048828,15.4482421875,15.776577949523926,,,
20190319,17.254776000976562,17.477426528930664,17.618175506591797,17.65050506591797,17.45306396484375,,,,,,17.26602554321289,17.57470703125,17.976850509643555,17.768831253051758,17.62208366394043,17.773237228393555,,,,,,,,,,,,,,,,,,,,,,,,,,,,14.589922904968262,14.64098072052002,,,,16.609323501586914,17.173477172851562,,,,,,,15.956233024597168,16.28516387939453,16.85992431640625,17.10578727722168,16.93212127685547
20190320,,,,16.05620002746582,15.97496509552002,16.7522029876709,17.78757095336914,17.849401473999023,,16.48358154296875,,,,,16.23530387878418,,,17.284658432006836,,16.144927978515625,,,,,,,,,,,,,,,,,15.388437271118164,15.562684059143066,,,,,,14.837284088134766,15.107428550720215,,16.140729904174805,14.841477394104004,14.159832000732422,,,,14.859031677246094,15.518330574035645,,,13.850125312805176,13.975593566894531,14.444507598876953,,
20190321,,,,15.717998504638672,16.557939529418945,17.14851951599121,16.436046600341797,17.173669815063477,16.75259780883789,16.18166732788086,,,,,16.157987594604492,17.4155216217041,17.897113800048828,17.94896125793457,16.25010871887207,16.225526809692383,,,,,15.137001991271973,,,,,15.360475540161133,,15.046873092651367,,,15.718683242797852,,15.541726112365723,15.419132232666016,,,,16.452659606933594,17.413223266601562,15.072179794311523,15.398170471191406,15.636058807373047,,,,17.029735565185547,17.389366149902344,15.061418533325195,15.083070755004883,15.693451881408691,,,,,,16.9866886138916,17.134929656982422
20190322,,,,18.16301918029785,,,,19.145488739013672,,19.34499740600586,,,,,,,,,18.090341567993164,19.66808319091797,,,,,,19.84366798400879,,,,,,,,,,,,16.552501678466797,,,,,,,,16.78737449645996,16.62521743774414,,,,,,,,16.373371124267578,,,16.486665725708008,,17.115276336669922,
20190323,,,,17.566434860229492,17.909761428833008,,,,,,,,,17.54407501220703,,,,,,,,,,,,,,,,,,,,16.82499885559082,,,,,16.366455078125,,,,,,,16.45661163330078,,,,,,,,15.54822826385498,15.502360343933105,,,,,,
20190324,17.638843536376953,,,,18.56897735595703,,,,,,16.87224006652832,,,,,,,,,,16.107187271118164,,,,,,15.986555099487305,,,,,,,,,,,,,,,,,,,,,,,,,,,,,,,,,,
20190325,17.541934967041016,,,,,17.843059539794922,18.358051300048828,,,,17.24471092224121,17.829849243164062,,,,17.929853439331055,,,,,16.840436935424805,,,,,,16.205665588378906,,,,,,,,,,,,,,,,,,,,,,,,,,,,,,,,,,
20190326,17.403675079345703,,17.7043399810791,17.431360244750977,17.389854431152344,17.77395248413086,17.9434814453125,18.549999237060547,,,,,,17.683530807495117,17.571308135986328,,,,17.668333053588867,18.324766159057617,,,,,,,,,,,17.29688835144043,14.428333282470703,,,,17.230377197265625,,,,,,,,13.798636436462402,,,,,16.33354949951172,16.658143997192383,,,,,,,,,,,
20190327,,,,,17.91655731201172,,,,18.16168975830078,18.67251968383789,,,18.140275955200195,18.120670318603516,18.030418395996094,18.14344024658203,18.274627685546875,18.294906616210938,17.839784622192383,18.34493064880371,,17.699142456054688,18.240909576416016,,17.02264976501465,18.466285705566406,,,,16.69574546813965,17.792396545410156,,,,16.686397552490234,17.072221755981445,,,,,16.519893646240234,16.64159393310547,17.150304794311523,,,,,16.019540786743164,16.192546844482422,16.447153091430664,,,,,,,15.513750076293945,15.706804275512695,,15.552741050720215,16.996061325073242
20190328,16.504913330078125,,,,,,,,,,,,,,,,,,17.83306121826172,,,,,,,,,,,,17.198562622070312,,,,16.247499465942383,16.945220947265625,,,,,,,16.798730850219727,,,,,,,,,,,,,,,,15.563888549804688,,
20190329,17.182035446166992,17.564416885375977,17.65793800354004,17.576839447021484,17.59000015258789,17.801998138427734,,,,,16.74216651916504,17.4541015625,17.42392921447754,17.575109481811523,17.53593635559082,17.666597366333008,17.87375259399414,17.614049911499023,,,16.11698341369629,17.119373321533203,17.65294647216797,,,,15.881396293640137,16.485288619995117,,,,,16.228300094604492,16.601825714111328,,,,,16.41958999633789,,,,,,,,,15.467981338500977,15.860296249389648,,16.556665420532227,,,,14.898171424865723,15.446330070495605,15.359746932983398,15.593100547790527,15.935327529907227,15.863000869750977,17.643064498901367
20190330,,,17.30796241760254,17.036178588867188,17.078014373779297,17.53566551208496,17.546363830566406,,,,,,17.4422607421875,17.4623966217041,17.528257369995117,17.661846160888672,17.87612533569336,17.31969451904297,16.60018539428711,16.79075050354004,,,17.798837661743164,,,17.496973037719727,,,,,,,15.85999870300293,,,,,14.727231979370117,,,,,,,,,,,,,,14.039913177490234,,,,,,,,,
20190331,,,,,,17.29113006591797,17.650108337402344,18.045448303222656,,,,,,,17.19735336303711,17.380199432373047,17.735212326049805,17.874998092651367,17.533681869506836,,,,17.333675384521484,,16.84442710876465,,,,,16.157777786254883,,,,,16.357458114624023,16.42562484741211,,,,,16.03523826599121,16.151124954223633,,,,,,15.694220542907715,15.989104270935059,,,,,,,,,,,,
20190401,,,,,17.063051223754883,17.428592681884766,17.654193878173828,17.974586486816406,17.42868423461914,,,,,17.484230041503906,17.38805389404297,17.52838134765625,17.648847579956055,17.6939754486084,16.81140899658203,17.795513153076172,,,17.572790145874023,,,17.808927536010742,,,,16.39963150024414,17.52680206298828,,,,16.227758407592773,16.432180404663086,,,,,,,,,,,,,,,,,,,15.267972946166992,,,,,,
20190402,,,,,,,,,,,,,,,,,,,,,,,,,,,,,,,,,,,16.575225830078125,,,,,,16.349777221679688,16.525341033935547,,,,,,,16.274545669555664,,,,,,,,,,,,
20190403,,,,16.567358016967773,16.699586868286133,17.190580368041992,17.559619903564453,17.92222023010254,,,,,,,,,,,,,,,,,,,,,,,,,,,,16.90596580505371,,,,,,,16.3344669342041,,,,,,,14.739676475524902,,,,,,,,,,15.602055549621582,15.629204750061035
20190404,16.56429100036621,16.72977066040039,16.97347640991211,16.7033748626709,16.6586856842041,16.919116973876953,17.177885055541992,17.58599853515625,,,16.10885238647461,16.47774314880371,16.59010124206543,16.88455581665039,16.90949058532715,17.178421020507812,17.45940399169922,17.530284881591797,17.151229858398438,,15.645243644714355,16.270227432250977,17.187143325805664,,16.45928382873535,17.499103546142578,14.974852561950684,15.771138191223145,,16.24595832824707,16.586997985839844,15.132901191711426,15.633922576904297,15.5321044921875,16.114166259765625,,13.638153076171875,14.284141540527344,,,,,16.769258499145508,13.911593437194824,13.984079360961914,14.45099925994873,15.126640319824219,,,,15.93674087524414,,14.021240234375,14.232471466064453,14.63953971862793,15.295473098754883,15.186205863952637,15.076233863830566,14.83458423614502,15.816758155822754,
20190405,16.468597412109375,,,,16.398590087890625,16.787059783935547,17.0993709564209,17.522607803344727,17.33837127685547,17.809389114379883,16.145185470581055,,,,,,17.332006454467773,17.41389274597168,16.830482482910156,17.633331298828125,15.310406684875488,15.943665504455566,,,,,14.781736373901367,15.677310943603516,,,,14.370902061462402,15.413576126098633,15.494226455688477,,,13.490845680236816,15.19961929321289,15.7527437210083,,15.454080581665039,15.837024688720703,,13.701483726501465,14.21253490447998,14.96645736694336,15.284029960632324,15.37704849243164,15.514707565307617,15.596776962280273,,13.669150352478027,14.12614631652832,14.32003402709961,14.773228645324707,15.196276664733887,15.017845153808594,14.93618106842041,14.949742317199707,15.60980224609375,
20190406,16.344295501708984,,,,,,,,,,16.67391014099121,16.9882755279541,,,,,,,,,16.069154739379883,16.447967529296875,,,,,15.217205047607422,,,,,14.933854103088379,,,,,14.017931938171387,,,,,,,13.941691398620605,,,,,,,,,,,,,,,,,
20190407,,,,,,,,,,18.05499839782715,,,,,,,,,,17.868547439575195,,,,,16.75318145751953,17.524742126464844,,,,15.24075698852539,16.04140853881836,,,,14.948897361755371,15.6986083984375,,,,,,,,,,,,,,,,,,,,,,,,,
20190408,,,,,,,,,,,,,,16.676883697509766,,,,,,,15.631457328796387,,,,,,15.138456344604492,15.794609069824219,,,,13.694193840026855,,,,,13.722471237182617,14.758636474609375,,,,,,13.840384483337402,,14.774999618530273,,,,,,13.646111488342285,13.693863868713379,14.12423038482666,,,,,,,
20190409,,,16.852447509765625,,,,,,,17.522798538208008,,16.387500762939453,16.488548278808594,16.71616554260254,16.746337890625,,17.4273738861084,,16.81968116760254,17.015979766845703,15.47785758972168,,16.904067993164062,,16.654190063476562,,15.149442672729492,15.700435638427734,,,,,,,,,13.68346118927002,14.898083686828613,,,,,,,,,,15.154193878173828,,,,,,,,,,14.932671546936035,14.613381385803223,,
20190410,,,,15.750249862670898,15.633749008178711,15.799537658691406,16.614660263061523,17.231843948364258,16.95560646057129,17.47820281982422,,,16.136764526367188,16.143293380737305,15.989020347595215,16.517200469970703,17.1235294342041,16.83758544921875,16.625999450683594,16.75408935546875,,,,,16.37154769897461,16.973913192749023,,,,,,,,,14.94937515258789,15.852655410766602,,,,,,,,,,,,,,,,,,,,,,,,,
20190411,,,,,,,,,,,15.609881401062012,,15.355321884155273,,,,,,,15.62188720703125,,,,,,,,,,,,,,,,,,,,,,,,,,,,,,,,,,13.572142601013184,,,,,,,
20190412,,,,,,,,,16.754262924194336,17.091100692749023,,,16.812583923339844,17.047395706176758,16.901535034179688,,17.058134078979492,16.996231079101562,16.603694915771484,16.912151336669922,,,,,16.073802947998047,16.966663360595703,,16.102937698364258,,15.88749885559082,16.451236724853516,,,,15.354145050048828,16.060365676879883,,,,,15.020816802978516,15.446427345275879,16.46444320678711,,,,15.279730796813965,15.051733016967773,15.048380851745605,,,,14.079998970031738,14.1755952835083,14.580899238586426,15.146248817443848,14.944954872131348,14.792230606079102,,,
20190413,,,,,,15.959080696105957,16.387500762939453,17.589731216430664,17.145097732543945,16.98162078857422,,,,,,16.878854751586914,16.788278579711914,,17.0198917388916,16.89618492126465,,,,,16.46821403503418,16.77364158630371,,,,15.435606002807617,16.415498733520508,,,,14.79945182800293,15.782745361328125,12.466052055358887,,,,,,15.979063987731934,,,,,,,,,,,,,,,,,,
20190414,16.267841339111328,16.14162826538086,16.2995662689209,16.204151153564453,16.19864273071289,16.244930267333984,16.726715087890625,16.87914276123047,16.211050033569336,16.639677047729492,15.947385787963867,15.878154754638672,16.047657012939453,16.176448822021484,16.16216468811035,16.246368408203125,16.800514221191406,16.764902114868164,16.264253616333008,16.568538665771484,15.421380996704102,15.637338638305664,,,15.93867301940918,16.458221435546875,14.896960258483887,15.330446243286133,,,16.18084144592285,13.955416679382324,15.004791259765625,15.275467872619629,,15.956306457519531,13.538262367248535,14.477232933044434,15.230064392089844,,,,,14.040117263793945,14.196598052978516,14.64437484741211,15.216894149780273,,,14.782754898071289,,13.772982597351074,13.913846969604492,14.076583862304688,14.22636890411377,15.064711570739746,14.708939552307129,,,,
20190415,16.004417419433594,16.005857467651367,16.420766830444336,16.313749313354492,16.508390426635742,,,,,17.040306091308594,15.905142784118652,15.510857582092285,15.694405555725098,16.308563232421875,16.314748764038086,16.74457359313965,16.80817985534668,,,,15.67232608795166,15.89217472076416,,,,,15.01142692565918,15.590774536132812,,,,14.20303726196289,15.25604248046875,15.078531265258789,,,13.780312538146973,14.784284591674805,15.462116241455078,,,,,14.033124923706055,14.449790000915527,14.738794326782227,15.314899444580078,14.607580184936523,14.914615631103516,,16.417497634887695,13.788681983947754,13.947221755981445,14.136458396911621,14.474895477294922,15.16722583770752,14.968916893005371,14.747424125671387,14.613784790039062,,
20190416,,,,,,,,,,,,,,,,,,,,,,,,,,,,,,,,,,,,,,,,,,,,14.279999732971191,,,,,,,,13.902005195617676,14.06304931640625,,,,,,,,
20190417,,,,,17.093107223510742,17.06452178955078,17.408205032348633,17.587263107299805,,17.626461029052734,,,,17.00692367553711,16.936199188232422,17.061847686767578,17.290769577026367,17.2155704498291,,17.239961624145508,16.640539169311523,16.763425827026367,,,,17.466249465942383,15.966525077819824,16.501361846923828,,,,15.067886352539062,15.93461799621582,16.190319061279297,,,14.551570892333984,15.512925148010254,16.230384826660156,,15.531622886657715,,16.638153076171875,,,15.574844360351562,15.902527809143066,15.523184776306152,15.613106727600098,15.590753555297852,,14.424779891967773,,14.61103630065918,14.941160202026367,15.678110122680664,15.472265243530273,15.285243034362793,15.26471996307373,15.086166381835938,
20190418,,,,,,,,,,,,,,,,,,,,,,,,,,,,,,,,,,,,,,,,,,,,,,,,,,,,,,,,,,,,,
20190419,16.48611068725586,16.759538650512695,17.055484771728516,16.92051887512207,16.84378433227539,16.668785095214844,17.028324127197266,17.311491012573242,,,16.260150909423828,16.242855072021484,16.7572021484375,16.951080322265625,16.848541259765625,16.970937728881836,17.162572860717773,17.250139236450195,,,15.769805908203125,15.99593734741211,17.025997161865234,,,,14.976073265075684,15.505568504333496,,,,14.046110153198242,14.90873908996582,15.185094833374023,14.858732223510742,,13.625555992126465,14.543566703796387,15.228269577026367,,,15.04698657989502,,13.888880729675293,14.35504150390625,14.674545288085938,14.962187767028809,,,,,13.948332786560059,13.720976829528809,13.155268669128418,14.115078926086426,15.214293479919434,,,,,
20190420,16.337890625,,16.174785614013672,16.553407669067383,16.288658142089844,,,,,,,15.865682601928711,,,,,16.450698852539062,,,,15.908246040344238,16.170833587646484,,,,,15.21270751953125,15.832572937011719,,,,14.277410507202148,15.164752960205078,15.24682903289795,,,13.830084800720215,14.720240592956543,15.708431243896484,,,15.501643180847168,,,14.713749885559082,,,,14.91341495513916,,,,14.159311294555664,13.583076477050781,,14.973094940185547,,14.967982292175293,14.896987915039062,,
20190421,,16.0839786529541,16.655567169189453,16.104713439941406,16.54805564880371,,,,,18.012174606323242,,15.666804313659668,15.76264476776123,,,,16.904375076293945,,,,15.3817138671875,15.855999946594238,,,,,15.192569732666016,15.82081413269043,,,,,14.906399726867676,,15.864380836486816,16.167272567749023,,,,,15.203985214233398,15.890296936035156,16.583093643188477,,,,,14.626729011535645,14.948594093322754,15.681628227233887,16.695920944213867,,,,,,,14.702679634094238,14.898789405822754,,16.635440826416016
20190422,16.488534927368164,16.416484832763672,,,,,,,,18.924997329711914,16.31821060180664,16.177204132080078,,,,,,,,17.766874313354492,15.955052375793457,,,,,,15.043560981750488,15.679054260253906,,,,,15.305486679077148,,,,,,,,,,,14.353263854980469,14.44941234588623,,,,,,,13.819538116455078,,,,,,,,,
20190423,,,,,,,17.363319396972656,17.542421340942383,17.129924774169922,17.884702682495117,,,,,16.342552185058594,16.800518035888672,17.147804260253906,17.050609588623047,16.785953521728516,17.464570999145508,,,16.773237228393555,,,18.072433471679688,,,,16.145641326904297,17.11977195739746,,,,15.712644577026367,16.62787437438965,,,,,15.343978881835938,15.684286117553711,16.581632614135742,,14.593998908996582,,,,15.068537712097168,15.81937313079834,16.49734115600586,12.084098815917969,,,,,15.352686882019043,15.137768745422363,15.29546070098877,16.429712295532227,16.57400894165039
20190424,,,,,,,,,,17.2484188079834,,,,,,,,,15.649360656738281,16.965784072875977,,,,,15.853547096252441,17.601884841918945,,,,,,,,,,,,,,,,13.599635124206543,15.594375610351562,,,,,,,,,,,,,,,,,,
20190425,,,,,16.23030662536621,15.846338272094727,,,,,15.832286834716797,,,16.139530181884766,15.993959426879883,16.14637565612793,,,,,,,16.312070846557617,,,17.534852981567383,,,,15.606212615966797,16.832155227661133,,,,15.340142250061035,16.085826873779297,,,,,,,,,,,,,14.696194648742676,15.434354782104492,,,,,,,14.819672584533691,14.08238410949707,,,16.51599884033203
20190426,,,,,,,,,,16.46952247619629,,,,,,,,,,,,,,,15.745001792907715,,14.766744613647461,14.986172676086426,,,,13.825697898864746,14.518370628356934,,15.399831771850586,,13.176910400390625,13.632034301757812,,,,14.935616493225098,,,13.604118347167969,,,,,,,,13.126832008361816,12.104999542236328,12.53109359741211,,,,,,
20190427,,,15.98735237121582,16.155311584472656,,,,,15.878214836120605,16.35994529724121,15.682156562805176,,15.775416374206543,15.923762321472168,15.638334274291992,,,,15.664687156677246,16.626516342163086,15.365742683410645,,,,15.703943252563477,16.71468734741211,14.875570297241211,,,15.251493453979492,15.671249389648438,,,,14.791179656982422,15.421854019165039,,,,,,14.80854320526123,15.953307151794434,,,,,13.983546257019043,14.424334526062012,14.994999885559082,,,,,,,,,,,
20190428,,,,,,,,,,,,,,15.940642356872559,15.630237579345703,,,,,16.186845779418945,,,,,,16.35964584350586,,,,15.187976837158203,15.585736274719238,,,,14.880807876586914,15.642212867736816,,,,,,14.550999641418457,,,,,,,,,,,,,12.36772632598877,,,,,,15.698392868041992
20190429,,,,,,,,,,15.930569648742676,,,,,,,,,,,,,,,,,,,,14.905834197998047,15.460677146911621,,,,13.941176414489746,15.70377254486084,,11.943649291992188,,,,15.001249313354492,16.448333740234375,,11.785594940185547,12.712461471557617,,,,,,,10.586029052734375,10.916093826293945,12.711569786071777,,,,,,
20190430,14.918381690979004,,15.405409812927246,15.64841365814209,,,,,,,,,,,,,,,,,,,,,,,,,,,,,,,,,,,,,,,,,,,,,,14.689285278320312,,,,,,,,,,,
20190501,,,,,,,,15.591296195983887,,,,,,,,,,,,,,,,,,,,,,,,,,,,,,,,,,13.306228637695312,,,,,,,,,,,,,,,,,,,
20190502,,,,,16.350467681884766,16.094858169555664,16.02729034423828,16.301679611206055,16.008316040039062,17.104652404785156,,,,,15.696581840515137,15.731270790100098,15.74317741394043,16.016239166259766,15.888863563537598,16.878158569335938,,,,,15.491891860961914,16.62388801574707,,,,,16.47323989868164,,,,,,,,,,,,,,,,,13.835433006286621,14.498876571655273,,,,,,,,,14.654327392578125,,,
20190503,16.20830535888672,,,,,,,,,,16.094057083129883,,,,,,,,,,15.703100204467773,,,,,,15.198257446289062,,,,,14.616422653198242,14.858968734741211,14.782929420471191,,,13.838603019714355,14.696528434753418,15.25051498413086,,,,,13.548284530639648,13.805521011352539,14.13715934753418,,,,,,13.658766746520996,13.043070793151855,12.688054084777832,,,,,,,
20190504,,,,,,,,,,,,,,,,,15.486666679382324,,,,,,,,,16.975894927978516,,,,,,,,,,,,,,,,,,,,,,,,15.896306037902832,,,,,,,,,15.506922721862793,16.05154037475586,15.652857780456543
20190505,,15.321057319641113,15.37527847290039,15.848541259765625,16.138437271118164,15.72341537475586,15.31767749786377,15.823859214782715,,,,15.027437210083008,15.131377220153809,15.562932968139648,15.497602462768555,15.434651374816895,15.08532428741455,15.3095703125,,,,14.918838500976562,15.125001907348633,,,,,14.452972412109375,,,,12.586280822753906,,14.000383377075195,,,11.52881145477295,,,,,,,11.595149040222168,,,,,,,,,12.218960762023926,,12.153385162353516,,,,,,
20190506,,15.510370254516602,15.667704582214355,16.059410095214844,16.236988067626953,16.0982608795166,,,,16.856857299804688,15.3539457321167,15.112001419067383,15.286097526550293,15.791621208190918,15.807174682617188,15.65999984741211,15.42235279083252,15.657419204711914,15.565855026245117,,15.482185363769531,15.313879013061523,,,,,14.998320579528809,14.802922248840332,,,,13.838983535766602,14.497078895568848,14.30505657196045,,,13.387971878051758,14.351909637451172,15.021956443786621,,,,,13.164056777954102,13.87791633605957,14.40597152709961,14.564844131469727,,,,,12.799409866333008,12.875277519226074,12.106456756591797,13.115520477294922,14.69583511352539,,,,,
20190507,,14.886754989624023,15.276817321777344,15.71648120880127,15.939023971557617,15.835832595825195,15.447568893432617,15.454838752746582,,,,14.59749984741211,14.933834075927734,15.38647747039795,15.361802101135254,15.36760425567627,15.126596450805664,15.102707862854004,,,,,14.876395225524902,,,,,,,,,,,,,,,,14.068151473999023,,,,,,,,14.043556213378906,,,,,,,,,,,,,,
20190508,,,,,,,,15.519388198852539,15.277372360229492,16.784273147583008,,,,,,,,15.131194114685059,15.2799072265625,16.760730743408203,,,,,15.17802906036377,16.51680564880371,,,,14.9288969039917,16.076913833618164,,,,14.680280685424805,15.74020767211914,,,,,13.727609634399414,14.914735794067383,15.756598472595215,,,,,13.70083236694336,14.316957473754883,,15.721763610839844,,,12.109615325927734,13.19725227355957,14.474066734313965,14.529480934143066,14.450839042663574,14.709246635437012,15.387500762939453,15.066944122314453
20190509,,,,,,,,16.31357192993164,15.831486701965332,17.624120712280273,,,,,15.829812049865723,,15.796625137329102,15.986428260803223,15.878156661987305,17.25212287902832,,,,,15.616968154907227,16.86882209777832,,,,,,,,,14.787132263183594,,,,,,,14.970787048339844,,,,,,,14.848480224609375,15.292031288146973,,,,,,,,14.515966415405273,15.340951919555664,15.60744571685791,
20190510,,14.738572120666504,,,,,,,,,,14.28682804107666,14.639333724975586,15.200446128845215,,,,,,,,,,,,,,,,,,,,,,,,,,,,,,,,,,,,,,12.332967758178711,,,,,,,,,
20190511,,14.794353485107422,15.378464698791504,16.03622817993164,16.346179962158203,16.010841369628906,15.288768768310547,,15.104633331298828,16.904949188232422,,,14.651665687561035,15.616310119628906,15.698368072509766,15.390040397644043,15.129080772399902,,15.27293872833252,16.545331954956055,,,15.129103660583496,,15.363225936889648,16.796680450439453,,,,14.844625473022461,15.865253448486328,,,,14.606134414672852,,,,,,,14.842897415161133,,,,,,14.164443016052246,14.413066864013672,,,,,,,,14.591374397277832,14.582256317138672,,,
20190512,,14.7512788772583,14.85936164855957,15.476072311401367,15.611696243286133,15.553727149963379,15.061763763427734,15.061969757080078,,17.127357482910156,,,14.487625122070312,,14.746818542480469,14.803694725036621,,14.836220741271973,15.339953422546387,17.141124725341797,,,14.503546714782715,,15.545758247375488,17.808645248413086,,,,14.940499305725098,16.69988250732422,,,,14.574234008789062,15.602742195129395,,,,,,14.93760871887207,15.947080612182617,,,,,13.906363487243652,14.621625900268555,15.4764986038208,16.062047958374023,,,,,,,,,,
20190513,15.130788803100586,14.785390853881836,14.587571144104004,14.898031234741211,15.397811889648438,15.495594024658203,14.904791831970215,14.922916412353516,14.762690544128418,16.59731101989746,,,,,,,,,,17.02461814880371,14.99695873260498,,,,,17.85297966003418,14.623812675476074,,,,,,,,,14.905311584472656,,,,,,,15.655268669128418,,,,,,,,,,,,,,,14.266131401062012,14.377498626708984,15.310113906860352,
20190514,,,15.563498497009277,,,16.3392391204834,15.623950958251953,15.580772399902344,15.062923431396484,17.025222778320312,,,,,,,,15.24418830871582,15.29245662689209,16.11410140991211,,,,,14.769076347351074,17.078834533691406,,,,14.690467834472656,16.081302642822266,,14.77682876586914,,14.28980827331543,15.362333297729492,14.117916107177734,14.440507888793945,,,,14.82486343383789,15.566286087036133,13.660232543945312,13.786052703857422,14.465402603149414,,13.619524002075195,14.203582763671875,15.211444854736328,15.65164566040039,13.202736854553223,13.094795227050781,12.550446510314941,13.232865333557129,14.206327438354492,,14.238636016845703,14.50378131866455,15.05233383178711,
20190515,,,,,,,,,,,,,,,,,,,,,,,,,,,,,,,,,,,,16.852031707763672,,,,,,15.462030410766602,16.14160919189453,,,,,,14.206160545349121,14.996037483215332,16.17778205871582,,,,,,,,14.416577339172363,,
20190516,,,13.836469650268555,14.017059326171875,14.78783130645752,15.24799919128418,14.59372615814209,,,,,,,14.83930492401123,15.003230094909668,14.8709716796875,13.919685363769531,13.488499641418457,,14.980159759521484,13.85881233215332,,14.531514167785645,,14.56086540222168,16.043210983276367,13.068999290466309,,,14.408881187438965,15.809306144714355,,13.40666675567627,,14.041096687316895,15.251144409179688,11.50760555267334,12.137917518615723,12.929736137390137,,12.959479331970215,14.41100788116455,15.111701011657715,11.29590892791748,11.444999694824219,11.854023933410645,12.96122932434082,13.295957565307617,13.815738677978516,14.8551025390625,15.20559024810791,10.379226684570312,10.699151992797852,10.65625,10.658426284790039,13.505106925964355,14.240133285522461,14.175971031188965,14.184097290039062,15.098438262939453,15.068635940551758
20190517,,,,,,,,,,,,,,,,,14.617499351501465,,,,15.190394401550293,,14.57569408416748,,14.996371269226074,16.634883880615234,15.151519775390625,15.398200988769531,,14.772690773010254,16.033506393432617,,,,14.243695259094238,15.46475601196289,,,,,,14.686450958251953,15.535487174987793,,,,,,,15.156169891357422,15.467903137207031,,,,,14.341553688049316,,14.463666915893555,,14.28131103515625,14.971747398376465
20190518,,13.930566787719727,14.722143173217773,14.703524589538574,14.623350143432617,14.37901496887207,14.15927791595459,14.77705192565918,14.197208404541016,15.77677059173584,14.507794380187988,,,,14.312878608703613,,13.849562644958496,14.194396018981934,14.911853790283203,16.462587356567383,15.120841026306152,14.861411094665527,13.803860664367676,,15.271349906921387,16.61111068725586,14.223565101623535,14.752333641052246,,14.882612228393555,16.20374870300293,14.442499160766602,14.18471622467041,13.706531524658203,13.771463394165039,15.216328620910645,13.956427574157715,13.87486457824707,,,,,,13.046613693237305,,13.983040809631348,13.980937957763672,,,,,,,,12.214834213256836,,,,,,
20190519,15.515499114990234,15.41384220123291,15.331769943237305,15.997081756591797,16.16263771057129,16.011493682861328,15.371700286865234,15.163694381713867,14.847837448120117,16.541545867919922,15.90058708190918,15.153270721435547,15.02148151397705,15.633333206176758,15.654009819030762,15.354750633239746,14.867030143737793,14.61946964263916,15.035202026367188,16.41951560974121,15.993427276611328,15.363731384277344,14.791276931762695,,15.254253387451172,16.381357192993164,15.263958930969238,15.43471908569336,,14.738545417785645,15.902913093566895,14.874658584594727,15.225266456604004,14.354924201965332,13.931928634643555,,,,,,,,,,,,,,,,,,,,12.974461555480957,13.716136932373047,14.440732955932617,14.193406105041504,14.42780876159668,15.23288631439209,15.338752746582031
20190520,,14.438036918640137,14.502232551574707,,,,,,,,14.7290620803833,,,,,,,,,17.039403915405273,14.820327758789062,14.05274486541748,,,15.892776489257812,17.094886779785156,14.841486930847168,14.8162841796875,,15.342423439025879,16.81549644470215,14.713635444641113,,,14.549266815185547,16.081249237060547,,,,,,15.105177879333496,15.87315845489502,,,,13.755937576293945,,14.251237869262695,15.491145133972168,15.978682518005371,,,,,,13.811530113220215,14.75012493133545,14.952396392822266,15.380953788757324,15.700082778930664
20190521,15.326250076293945,15.123568534851074,15.012411117553711,15.575464248657227,15.601049423217773,15.4376802444458,14.897412300109863,14.909869194030762,,,15.77827262878418,,,14.577448844909668,14.679902076721191,15.113805770874023,14.603232383728027,,,,,,,,,,14.749090194702148,,,,,,14.624467849731445,,,,,,,,,,,,,,,,,,,,11.26528549194336,10.668835639953613,11.596291542053223,,,,,,
20190522,15.14620590209961,14.910356521606445,14.685423851013184,15.483332633972168,15.494341850280762,15.501285552978516,,,14.481287956237793,16.288803100585938,15.455435752868652,,,15.193912506103516,15.173714637756348,14.962823867797852,14.575275421142578,,14.874159812927246,16.14611053466797,15.188445091247559,14.7837495803833,14.372941017150879,,15.184452056884766,16.097517013549805,14.48377799987793,,,14.685702323913574,16.02828598022461,14.605337142944336,14.991156578063965,,14.034351348876953,15.864827156066895,14.006612777709961,14.160966873168945,14.763423919677734,,,14.147499084472656,15.384230613708496,13.55850601196289,13.793001174926758,14.460624694824219,14.429348945617676,13.201699256896973,13.942456245422363,14.998642921447754,15.769514083862305,13.231640815734863,13.139440536499023,12.778895378112793,13.384037971496582,13.666470527648926,,14.15219497680664,14.294374465942383,15.226340293884277,15.872712135314941
20190523,15.351629257202148,15.081192016601562,14.74000072479248,15.323406219482422,15.447999954223633,15.5558500289917,15.00718879699707,14.8781156539917,14.878372192382812,16.351980209350586,15.516294479370117,14.668044090270996,14.275670051574707,14.933423042297363,15.162846565246582,15.161589622497559,14.68543529510498,14.579000473022461,15.04448127746582,16.28936004638672,15.049678802490234,15.108125686645508,14.339999198913574,,15.335847854614258,16.190624237060547,14.209359169006348,,,14.865875244140625,16.102588653564453,14.164749145507812,,,,,,,,,,,,,,,,,,,,11.862618446350098,,,,,,,,,
20190524,,,,,,,,,,,,,,,,,,,,,,,,,,,,,,,,,,,,,,,,,,,,,,,,,,,,,,,,,,,,,
20190525,,,13.58712100982666,14.502453804016113,,,,,15.038235664367676,16.387863159179688,,,,14.39046573638916,,,15.292744636535645,14.749129295349121,15.388580322265625,16.366548538208008,,,,,15.639388084411621,16.149765014648438,,,,14.985151290893555,,,,,14.19117546081543,,,,,,13.554299354553223,14.33133316040039,,,,,,13.977091789245605,14.181638717651367,14.673617362976074,,,,,,,14.559764862060547,14.586858749389648,14.670915603637695,15.589043617248535,
20190526,,,14.550302505493164,15.255749702453613,,,,,,,,,,15.08125114440918,,,,,,,,,,,,,,,,,,,,,,,,,,,,,,13.219062805175781,,,,,,,,13.109761238098145,,,,,,,,,
20190527,,,14.917213439941406,,,15.658658981323242,15.179234504699707,14.489084243774414,,,,,,,15.16196060180664,,14.907401084899902,14.215898513793945,,,,,,,14.959121704101562,15.489500045776367,,,,14.642877578735352,15.33613109588623,,,,14.00642204284668,14.850842475891113,,,,,13.028182029724121,14.21233081817627,14.752950668334961,,,,,,13.934900283813477,14.825498580932617,15.336044311523438,,,,,,,,14.494571685791016,15.167407035827637,15.02408218383789
20190528,,,,,,,15.11767292022705,,,15.61985969543457,,,,,,,,,,15.536989212036133,,,,,14.980164527893066,15.359119415283203,,,,14.536249160766602,15.52184009552002,,,,13.911541938781738,15.249271392822266,,,,,,14.088593482971191,15.099499702453613,,,,,,,,,12.830520629882812,,,,,,,,,
20190529,,,,,,15.081976890563965,,14.097463607788086,,14.835461616516113,,,,14.670999526977539,14.747941017150879,,,,14.320244789123535,14.889034271240234,,,,,14.726093292236328,15.11483383178711,,,,14.166093826293945,15.176490783691406,,,,13.524099349975586,14.96535587310791,,,,,12.276021957397461,13.917381286621094,14.491867065429688,,,,,,,14.100300788879395,,,12.219571113586426,,13.242834091186523,,,,,,
20190530,,,14.740251541137695,15.333272933959961,15.62527847290039,15.535139083862305,15.324536323547363,14.32007122039795,,,,,14.383259773254395,15.118507385253906,15.33281135559082,15.286909103393555,14.737043380737305,14.060420036315918,14.10195541381836,,,,14.374750137329102,,14.570762634277344,,,,,14.068787574768066,14.745342254638672,14.512419700622559,,,13.371419906616211,,,13.801288604736328,,,,14.209836959838867,,,,,,13.0625,13.664999961853027,,,,,,,,14.048332214355469,13.988533973693848,14.172982215881348,,14.61528491973877
20190531,,,,,,,,,,,,,,,,,,,,,,,,,,,,,,,,,,,,,,,,,,,,,,,,,,,,,,,,,,,,,
20190601,,,14.229711532592773,15.11430549621582,15.24034595489502,15.15583324432373,14.99798583984375,13.854750633239746,13.233750343322754,14.680998802185059,,,13.73720932006836,14.87393856048584,15.115312576293945,15.094999313354492,14.545610427856445,13.623825073242188,14.0387601852417,14.881501197814941,,,14.12474536895752,,14.426532745361328,15.024880409240723,,,,14.145597457885742,15.142922401428223,,,,13.33487319946289,14.6303129196167,,,,,11.766111373901367,13.650846481323242,,,,,,12.529865264892578,13.2695951461792,,,,,,,,,13.527793884277344,,,
20190602,,,,,,15.014246940612793,,,13.886592864990234,15.00106430053711,,,12.524571418762207,14.220168113708496,14.897554397583008,15.055665969848633,14.447332382202148,,14.335296630859375,15.085174560546875,,,13.517748832702637,,14.722143173217773,15.294618606567383,,,,14.350242614746094,15.253575325012207,,14.129191398620605,,13.631694793701172,15.180901527404785,,,,,12.193690299987793,14.16120433807373,14.977986335754395,,,,,12.660745620727539,13.480563163757324,14.573957443237305,14.813851356506348,,,,,,13.869304656982422,,13.998147010803223,14.624848365783691,14.426763534545898
20190603,,,,,,,,,,,,,,,,,,,,,,,,,,,13.503055572509766,14.317166328430176,,,,13.679439544677734,14.378183364868164,13.863912582397461,,,13.805268287658691,13.839999198913574,,,,,,13.853113174438477,12.942710876464844,,,,,,,12.7343111038208,12.51826000213623,12.651080131530762,12.876764297485352,,,,,,
20190604,,14.300520896911621,14.421106338500977,14.971192359924316,14.979787826538086,,14.099120140075684,13.521089553833008,,14.59553050994873,,12.428499221801758,13.52089786529541,14.507108688354492,14.798198699951172,,13.768658638000488,12.883816719055176,,,,,,,,,,,,,,,,,,,,,,,,,,,,,,,,,,,,,,,,,,,
20190605,,,,,,,,,,15.160091400146484,,,,,,,,,14.825669288635254,15.195096015930176,,,,,14.82599925994873,15.182557106018066,,,,,,,,,,,,,,,,,,,,,,,,,,,,,,,,,,,
20190606,,,,,,15.020732879638672,15.038806915283203,,,,,,,,,,,,,,,,,,,,,,,,,,,,,,,,,,,,,,,,,,,,,,,12.181031227111816,12.9193115234375,13.8125,,,,,
20190607,,,,,,,,,,13.750931739807129,,,,14.114886283874512,14.540722846984863,14.444499015808105,,,13.839367866516113,14.303472518920898,,,13.742692947387695,,14.113043785095215,14.29725456237793,,,,,14.45592212677002,,,,,13.715293884277344,,,,,,12.077500343322754,12.957589149475098,,,,,,,,,,,,,,,,,,
20190608,14.464142799377441,13.762970924377441,13.649147987365723,,,,,,,,,,,,,,,,,13.603096008300781,,,13.602500915527344,,14.124545097351074,14.326736450195312,,,,13.876641273498535,14.449931144714355,,,,13.265204429626465,14.140937805175781,,,,,11.385700225830078,13.81528377532959,13.976258277893066,,,,,11.969189643859863,12.567476272583008,13.679793357849121,13.602348327636719,,,,,13.571985244750977,13.135814666748047,12.983001708984375,13.122903823852539,13.055313110351562,13.07383918762207
20190609,,,,,13.811513900756836,14.267960548400879,14.138662338256836,13.415934562683105,,,,,,,,,13.812134742736816,13.280142784118652,,,,,,,,14.055998802185059,,,,13.6710205078125,14.288870811462402,,,,13.508883476257324,14.537360191345215,,,,,,14.097750663757324,14.499042510986328,,,,,11.70297622680664,13.113390922546387,13.901269912719727,14.239706993103027,,,,,,,13.179285049438477,13.76720905303955,13.891268730163574,13.876688957214355
20190610,,,,,,,,,,,,,,,,,,,,,,,,,,,,,,,,,,,,,,,,,,,,,,,,,,,,,,,,,,,,,
20190611,14.277022361755371,14.080636978149414,13.386021614074707,14.13671875,,,,,,,,,,13.722171783447266,,,,,,,,,,,,,,,,,,,,,,,,,,,,,,,12.562360763549805,12.949553489685059,13.397000312805176,,,,,12.373809814453125,11.95622730255127,12.170223236083984,12.527456283569336,,,,,,
20190612,,,,,,,,,,,,,,,,,,,,,,,,,,14.041319847106934,,,,,14.511031150817871,13.931402206420898,14.604499816894531,,,14.425081253051758,13.428356170654297,13.696528434753418,14.23657512664795,,,13.896699905395508,14.36899185180664,13.681062698364258,13.14659595489502,13.52413272857666,13.929428100585938,,13.54024600982666,14.212857246398926,14.278888702392578,12.778219223022461,12.383781433105469,12.856197357177734,13.435315132141113,13.967464447021484,13.805550575256348,13.752296447753906,14.004040718078613,14.193401336669922,14.008749961853027
20190613,14.441797256469727,13.99557876586914,13.353666305541992,14.042238235473633,14.237197875976562,14.290474891662598,14.27172565460205,13.228256225585938,12.77261734008789,14.270678520202637,14.353473663330078,13.558427810668945,12.921753883361816,13.803495407104492,14.116787910461426,14.108368873596191,13.985087394714355,13.23166561126709,13.24709415435791,14.204792022705078,,,13.170695304870605,,14.026905059814453,14.32024097442627,,,,13.803580284118652,14.37649154663086,,,,13.57241439819336,14.395936965942383,,,,,,13.858888626098633,14.410243034362793,,,,,,13.457623481750488,14.103567123413086,14.368367195129395,11.764318466186523,11.969112396240234,12.6642484664917,12.700687408447266,,,13.518421173095703,13.652947425842285,14.1850004196167,14.14034652709961
20190614,14.656999588012695,14.027892112731934,13.38833236694336,13.936864852905273,14.109999656677246,14.08873176574707,14.138729095458984,13.467129707336426,,,14.55953311920166,13.36198902130127,12.841952323913574,13.7463960647583,14.026437759399414,13.79207706451416,13.957869529724121,13.101024627685547,,13.842358589172363,,,13.212789535522461,,13.814754486083984,14.099166870117188,,,,13.603357315063477,14.233123779296875,,,,13.232044219970703,14.236373901367188,,,,,,13.345356941223145,14.053290367126465,,,,,,,,14.160181999206543,,,,,,13.203817367553711,,,14.037940979003906,
20190615,,,14.296875,14.41489315032959,14.535987854003906,14.626408576965332,14.536503791809082,13.562808990478516,12.758980751037598,14.328409194946289,,,13.704545021057129,14.249534606933594,14.565803527832031,14.527233123779297,14.212857246398926,13.442303657531738,13.369914054870605,14.139444351196289,,,13.68453311920166,,13.891135215759277,14.21524429321289,,,,13.808307647705078,14.322882652282715,,,,12.989344596862793,14.232098579406738,,,,,,,,,,13.629666328430176,,,,,14.093856811523438,12.605624198913574,12.441719055175781,12.82606029510498,13.27182674407959,13.88804817199707,13.864643096923828,13.779365539550781,13.565000534057617,,
20190616,,,,,,,,,,14.178431510925293,,,,,,,,,12.899553298950195,13.637617111206055,,,,,,13.2235689163208,,,,,,,,,,,,,,,,,,,,,,12.004999160766602,13.416461944580078,,,,,,,,,13.260178565979004,13.554636001586914,13.98525333404541,13.957386016845703
20190617,14.496528625488281,13.763894081115723,13.356979370117188,,,,13.807571411132812,13.091723442077637,12.386921882629395,13.611936569213867,,13.157231330871582,,,,,,12.43974781036377,12.774271965026855,13.564682960510254,14.390608787536621,,,,13.769998550415039,14.131875038146973,13.574960708618164,13.784998893737793,,13.696269035339355,13.964374542236328,12.853104591369629,13.598713874816895,14.158665657043457,13.039220809936523,13.85867977142334,12.52641773223877,13.5222749710083,,,,13.558704376220703,13.802230834960938,12.624101638793945,12.440000534057617,,13.034090995788574,,12.637019157409668,13.42931842803955,13.801185607910156,,,11.812307357788086,,,13.37680435180664,13.123861312866211,13.401472091674805,13.337727546691895,13.392999649047852
20190618,,,,,,,,,,12.722710609436035,,,,,,,,,,,,,,,,,,,,,,,,,,,,,,,,,,,,,,,,,,,,,,,,,,,
20190619,14.234865188598633,13.849275588989258,13.324999809265137,13.540633201599121,13.793486595153809,13.786908149719238,14.019843101501465,13.290231704711914,12.612565994262695,13.609734535217285,14.346376419067383,,12.027570724487305,13.511393547058105,13.845775604248047,,,,12.73093318939209,13.687915802001953,14.529664039611816,,,,,,13.767461776733398,14.159000396728516,,,,13.078591346740723,14.076395988464355,,,,13.139058113098145,13.515970230102539,13.65560531616211,,,,,12.736696243286133,12.701857566833496,13.273889541625977,,,,,,12.836771965026855,11.845476150512695,12.098736763000488,13.4010009765625,,,,,,
20190620,,14.261024475097656,13.759721755981445,13.925485610961914,13.98458194732666,14.126070976257324,14.155253410339355,13.230123519897461,12.571941375732422,13.546574592590332,14.766695022583008,13.63782024383545,12.92159366607666,13.838666915893555,14.108525276184082,14.182535171508789,13.71156120300293,12.815185546875,13.209786415100098,13.770930290222168,15.206774711608887,,13.066250801086426,,13.55628776550293,13.792393684387207,14.33725357055664,,,13.30970287322998,13.73341178894043,13.14627456665039,13.97357177734375,,12.797762870788574,13.62587833404541,13.126874923706055,13.652286529541016,13.460111618041992,,,13.256016731262207,13.589856147766113,12.943570137023926,13.290572166442871,13.936506271362305,,11.958634376525879,12.446270942687988,13.564934730529785,13.535907745361328,12.847186088562012,12.234435081481934,12.321725845336914,13.26292896270752,13.595118522644043,,13.332755088806152,13.414843559265137,13.68677043914795,13.448216438293457
20190621,,,,,,,,,,,,,,,,,,,13.883549690246582,,,,,,14.018359184265137,14.205605506896973,,,,13.665159225463867,14.063461303710938,,,,,,,,,,,13.435651779174805,,,,,,,13.664509773254395,13.78559398651123,,,,,,14.309531211853027,,13.949922561645508,13.91739559173584,14.107793807983398,
20190622,14.266860961914062,13.36775016784668,13.190868377685547,13.769027709960938,13.886258125305176,13.992814064025879,14.146231651306152,13.548333168029785,,,14.21916675567627,12.920084953308105,12.50129508972168,13.695560455322266,13.990659713745117,14.074583053588867,13.634153366088867,13.208589553833008,,,14.456405639648438,,12.834443092346191,,,,14.084552764892578,,,,,12.826590538024902,13.72933292388916,,,,12.46399974822998,13.207941055297852,,,,,,,13.037999153137207,13.739229202270508,,,,,,12.650951385498047,,,,,,,,,
20190623,13.931571006774902,13.633561134338379,12.94906234741211,13.258541107177734,13.49437427520752,13.797499656677246,13.817021369934082,,,,13.976729393005371,13.012350082397461,12.26837158203125,13.207976341247559,13.681538581848145,13.86225700378418,13.303998947143555,12.578351020812988,12.85661506652832,,14.21589183807373,13.66804027557373,12.630476951599121,,,,14.086556434631348,12.973166465759277,,,,12.80220890045166,,,12.976884841918945,13.721413612365723,12.802854537963867,13.058570861816406,,,11.174317359924316,13.249011039733887,,12.606282234191895,13.276734352111816,,,10.61129093170166,,,,,,12.547958374023438,,,,,,,
20190624,13.678471565246582,13.093286514282227,12.629475593566895,13.198386192321777,13.377474784851074,,,12.261980056762695,12.262262344360352,13.291991233825684,13.766886711120605,12.723101615905762,12.1282958984375,13.146230697631836,13.591059684753418,13.500977516174316,13.072012901306152,12.481614112854004,12.825055122375488,,14.278082847595215,13.646036148071289,,,13.335907936096191,13.522968292236328,13.681069374084473,13.042764663696289,,13.059632301330566,13.550739288330078,,,12.272499084472656,12.52314567565918,13.472058296203613,,,,,,,,,,,,11.39962100982666,11.737997055053711,,,,,,,,12.910234451293945,12.919837951660156,,,
20190625,,,11.897360801696777,13.402761459350586,13.568255424499512,13.666706085205078,,12.699519157409668,12.213987350463867,13.524272918701172,,,11.717935562133789,13.32661247253418,,,,,12.718367576599121,13.473007202148438,,,,,13.255155563354492,13.635751724243164,,,,13.021343231201172,13.554895401000977,,,,12.44767951965332,13.517354011535645,,,12.853175163269043,,10.709146499633789,13.074254989624023,13.4268217086792,,,12.684418678283691,12.683314323425293,10.770000457763672,11.929391860961914,12.947328567504883,13.190888404846191,,,,12.611644744873047,,,12.312631607055664,12.59792709350586,12.654212951660156,12.876165390014648
20190626,,,,,,,14.478897094726562,13.47036075592041,12.853445053100586,14.081075668334961,,,,,,,,13.068617820739746,13.228034019470215,14.025936126708984,,,,,13.735302925109863,14.06833267211914,,,,13.515634536743164,13.890162467956543,,,,12.959684371948242,13.916840553283691,,,,,11.316350936889648,13.58441162109375,13.859722137451172,,,14.20181655883789,,12.287967681884766,12.757586479187012,13.718541145324707,13.686771392822266,,,,,13.802820205688477,13.799291610717773,13.584097862243652,13.739583015441895,13.74263858795166,13.619061470031738
20190627,,,,,11.869097709655762,13.19293212890625,13.719748497009277,,,,,,,,12.11990737915039,13.081998825073242,,13.089906692504883,13.0695161819458,13.985289573669434,,,,,,,,,,12.522457122802734,12.840571403503418,,,,12.276124954223633,13.223583221435547,,,,,,,,,,,,10.234237670898438,11.86732292175293,13.361211776733398,,,,,,,,12.224027633666992,12.210505485534668,12.481761932373047,12.205193519592285
20190628,13.925064086914062,13.50468921661377,13.324784278869629,13.756681442260742,13.819819450378418,,,,,,13.844999313354492,11.979333877563477,12.155985832214355,13.488909721374512,13.925668716430664,,,,,,,,12.402095794677734,,,,,14.106840133666992,,,,12.105500221252441,14.27046012878418,13.468636512756348,,,,13.446617126464844,13.816429138183594,,,,,,12.957000732421875,13.357955932617188,,,,,,,,,,,,,,,
20190629,,,,,,,,,,14.214433670043945,,,,,,,,,,,,,,,,,,,,,,,,,,,,,,,,,,,,,,,,,,,,,,,,,,,
20190630,,,,,,,,,,,,,,,,,,,,,,,,,,,,,,,,,,,,,,,,,,,,,,,,,,,,,,,,,,,,,
20190701,,,,,,13.955476760864258,,13.590141296386719,,,,,,,13.903669357299805,,13.456066131591797,,,,,,,,,,,,,13.234428405761719,13.658804893493652,,,,12.88814926147461,13.513792991638184,,,,,11.044838905334473,13.0442476272583,13.462346076965332,,,,,,,,,,,,,,,,,,
20190702,,,,,,,,,,,,,,,,,,,,13.667667388916016,,,,,,,,,,,,,,,,,,,,,,,,,,,,,,,,,,,,,,,,,
20190703,,,13.369946479797363,13.008829116821289,13.294999122619629,13.612325668334961,13.852763175964355,13.229303359985352,11.961854934692383,13.218880653381348,,,12.229928016662598,12.847108840942383,13.50675106048584,13.67404842376709,13.4102201461792,12.896930694580078,12.730319023132324,13.313165664672852,14.115155220031738,13.96716594696045,,,13.186984062194824,13.843425750732422,13.285453796386719,13.83542251586914,,13.22599983215332,13.715520858764648,12.525986671447754,13.23725414276123,,12.271702766418457,13.47822093963623,12.981098175048828,13.063812255859375,13.5343599319458,,,13.331291198730469,13.411250114440918,12.893421173095703,13.054274559020996,13.437321662902832,,,,,,12.315701484680176,12.708483695983887,12.553635597229004,12.73499870300293,,13.625000953674316,,,,
20190704,,13.689781188964844,13.338808059692383,12.920513153076172,13.111650466918945,13.329726219177246,13.571598052978516,13.07376766204834,12.08417797088623,13.12472915649414,13.769525527954102,13.062357902526855,12.174835205078125,12.694329261779785,13.21252727508545,13.193666458129883,13.139249801635742,12.557184219360352,12.596772193908691,,13.739896774291992,13.191493034362793,11.956860542297363,,,,11.943472862243652,12.74206829071045,,,13.270320892333984,11.940766334533691,12.548993110656738,12.071742057800293,12.533445358276367,13.323808670043945,12.37608814239502,12.606413841247559,,,,13.148397445678711,,12.549999237060547,12.699041366577148,12.68799877166748,,11.315000534057617,11.660252571105957,13.087186813354492,13.076666831970215,12.10142707824707,12.267470359802246,12.204014778137207,12.36462688446045,,,,,,12.988213539123535
20190705,,13.369250297546387,13.191522598266602,12.722728729248047,12.62212085723877,12.841816902160645,12.921693801879883,12.587427139282227,,13.228449821472168,13.853354454040527,12.98638916015625,12.320975303649902,12.387856483459473,,,12.221585273742676,,12.083462715148926,12.918333053588867,13.959047317504883,12.92294979095459,,,,,13.579700469970703,13.282984733581543,,,12.692272186279297,12.286266326904297,12.965211868286133,12.091639518737793,,12.724618911743164,12.770174026489258,13.168368339538574,13.268855094909668,,,12.754399299621582,12.448943138122559,12.738950729370117,12.767107009887695,13.393471717834473,12.901747703552246,11.476045608520508,12.263826370239258,12.58391284942627,12.473150253295898,11.850218772888184,12.033417701721191,12.389335632324219,12.732678413391113,13.199963569641113,13.331219673156738,13.13849925994873,12.653334617614746,12.557239532470703,12.49863338470459
20190706,14.817752838134766,14.363211631774902,13.891422271728516,13.429250717163086,13.570942878723145,13.660520553588867,13.735763549804688,13.13655948638916,12.051472663879395,13.162362098693848,14.56180477142334,13.973999977111816,12.93791675567627,13.028165817260742,13.282500267028809,,13.173689842224121,12.494433403015137,12.171732902526855,13.335648536682129,14.656111717224121,14.147418975830078,,,,13.603641510009766,14.108332633972168,14.062023162841797,,12.774832725524902,13.318310737609863,13.034086227416992,13.514026641845703,12.852876663208008,12.498318672180176,13.237358093261719,13.18553638458252,13.372916221618652,13.319390296936035,,10.568233489990234,13.107107162475586,13.260942459106445,13.17365837097168,13.2802095413208,13.759649276733398,13.169418334960938,11.427372932434082,12.392393112182617,13.310171127319336,12.989825248718262,12.829544067382812,12.811210632324219,12.775856971740723,13.338942527770996,13.201798439025879,13.398520469665527,13.367916107177734,13.378668785095215,13.271687507629395,13.187823295593262
20190707,,,,,,,,,12.975908279418945,13.905051231384277,,,,,,,13.091526985168457,11.877076148986816,13.185568809509277,13.74044132232666,,,,,,13.510743141174316,,,,,13.454999923706055,,,,12.425946235656738,13.096307754516602,,,,,,12.467378616333008,13.137407302856445,11.307707786560059,,,13.443452835083008,11.126617431640625,12.56169605255127,13.14365291595459,13.371041297912598,12.166324615478516,12.43865966796875,12.759566307067871,13.581530570983887,13.33258056640625,,13.31574535369873,12.82479476928711,13.452430725097656,13.681492805480957
20190708,13.751943588256836,,13.346528053283691,13.214999198913574,,,,,,,,,,,,,,,,,,,,,,,,,,,,,,,,,,,,,,,,,,,,11.245305061340332,,,,,,,,,13.588678359985352,13.504273414611816,,,
20190709,13.959918975830078,,13.284517288208008,12.948882102966309,13.090128898620605,13.231918334960938,13.50009822845459,12.671805381774902,12.407822608947754,13.348960876464844,,,,12.591583251953125,13.162443161010742,13.240754127502441,12.647045135498047,12.559568405151367,12.405123710632324,13.594331741333008,,,12.293953895568848,,,14.219468116760254,,,,13.084870338439941,13.827839851379395,,,,12.30557632446289,13.516705513000488,12.657095909118652,12.736406326293945,,,11.054286003112793,13.30545711517334,13.676319122314453,,,,,11.634705543518066,12.495523452758789,13.49819278717041,13.557889938354492,,,,,,,13.336533546447754,13.42580795288086,,13.42822551727295
20190710,,,12.707552909851074,12.627999305725098,,,,,,13.25765609741211,,,11.922208786010742,11.546666145324707,,,,,11.472352027893066,13.293716430664062,,,,,,14.10153865814209,,,,,13.452019691467285,,,,,,,,,,,,,,,,,,,,,,,,,,,,,,
20190711,,,,,,,,,,,,,,,,,,,,,,,,,,,,,,,,,,,,,,,,,,,,,,,,,,,,,,,,,,,,,
20190712,,,,,,,,,,13.208332061767578,,,,,,,,,,13.829769134521484,,,,,13.212141990661621,14.023712158203125,,,,13.058920860290527,,,,,,,,,,,,,,,,,,,,,,,,,,,,,,,
20190713,,,,,,,,,,,,,,,,,,,,,,,,,,,,,,,,,,,,,,,,,,,,,,,,,,,,,,,,,,,,,
20190714,,,,,13.15040397644043,12.953786849975586,12.947500228881836,,11.652235984802246,12.649469375610352,,,,11.881509780883789,,,,,,,,,,,,,,,,,14.15542984008789,,,,12.957453727722168,13.716259956359863,,,,,,,,,,,,,12.032500267028809,13.242903709411621,,,,,,,,,,,
20190715,,,12.469999313354492,12.662221908569336,12.6710205078125,12.824624061584473,12.864686965942383,12.350431442260742,11.751075744628906,12.949435234069824,13.517548561096191,,11.649880409240723,12.144659042358398,12.441110610961914,12.69301986694336,12.69663143157959,12.138945579528809,12.208477973937988,13.19289493560791,13.319204330444336,,12.325440406799316,,12.815780639648438,13.681500434875488,,13.008554458618164,,12.69940185546875,13.669999122619629,13.226322174072266,12.630424499511719,,11.80335807800293,,12.413948059082031,12.6121244430542,,,,,,,,,,,,,,,,,,,,,,,
20190716,,,,,12.369527816772461,12.566048622131348,12.474176406860352,12.034430503845215,11.028724670410156,,,,,12.210185050964355,12.31460952758789,12.3607759475708,12.327024459838867,11.523311614990234,,,,,12.352571487426758,,,,,,,12.540263175964355,13.372661590576172,,,,12.190890312194824,13.046785354614258,,,,,10.942361831665039,12.646087646484375,12.777802467346191,,,,,,,,,,,,,,,,,,
20190717,,,,,,13.43908977508545,,,,,,,,,12.517500877380371,12.76772689819336,,,,,,,,,,,,,,,,,,,,,,,,,,,,,,,,,,,,,,,,,,,,,
20190718,,,,,,,,,,,,,,,,,,,,,,,,,,,13.053028106689453,,,,13.90257453918457,,,,,,,,,,,,,,,,,,,,,,,,,,,,,,13.219165802001953
20190719,13.5482816696167,13.08350658416748,12.352619171142578,12.650181770324707,12.395333290100098,12.785857200622559,12.532803535461426,11.839317321777344,10.925444602966309,12.653138160705566,13.28756332397461,12.390338897705078,11.297607421875,12.12227725982666,12.250601768493652,12.39397144317627,12.362374305725098,11.64822769165039,11.565125465393066,12.589038848876953,13.657999038696289,,12.187124252319336,,11.99715518951416,13.428508758544922,13.087424278259277,13.078063011169434,,12.51220703125,13.456693649291992,12.769916534423828,12.9142484664917,12.75444221496582,,,12.226903915405273,12.559134483337402,12.998590469360352,,,,,,11.953514099121094,12.45405387878418,12.695738792419434,,11.26657485961914,12.693442344665527,,12.037714004516602,12.185550689697266,12.130352020263672,12.325754165649414,12.793940544128418,12.964031219482422,13.04617691040039,,12.503876686096191,12.652701377868652
20190720,,,,,,,12.704687118530273,,11.604832649230957,12.85837173461914,,,,,,,,11.550936698913574,11.917125701904297,13.474411964416504,,,,,12.818388938903809,13.860624313354492,,,,12.739140510559082,13.71065902709961,,,,12.377799987792969,13.582846641540527,,,,,10.850768089294434,13.0120210647583,13.231318473815918,,,12.160518646240234,,11.104192733764648,12.370549201965332,13.039791107177734,13.219999313354492,,,12.093195915222168,12.273628234863281,12.48354721069336,12.840478897094727,12.914999961853027,13.01415729522705,12.877209663391113,12.958853721618652
20190721,13.516443252563477,13.224756240844727,12.82652759552002,12.691181182861328,12.811423301696777,12.935647010803223,12.535422325134277,12.0811185836792,11.693421363830566,13.094929695129395,13.494904518127441,12.388578414916992,11.500638008117676,12.23282527923584,12.320173263549805,12.425708770751953,12.43630599975586,11.96549129486084,,13.415099143981934,13.610116958618164,13.157244682312012,12.074771881103516,,,,,13.20398998260498,,,,,13.010842323303223,12.370301246643066,12.253159523010254,13.560521125793457,,12.675482749938965,12.914095878601074,,,12.858006477355957,13.141562461853027,,11.827194213867188,12.412964820861816,12.473722457885742,,,12.963500022888184,13.083714485168457,,12.02480697631836,12.129825592041016,12.351642608642578,,,,12.96340274810791,12.987411499023438,13.123820304870605
20190722,13.865875244140625,13.595759391784668,13.414896011352539,12.967985153198242,13.073993682861328,13.138124465942383,12.83187484741211,12.303226470947266,11.586105346679688,13.016735076904297,,13.036458015441895,11.99841022491455,12.379955291748047,12.533048629760742,12.525365829467773,12.488065719604492,12.04163646697998,11.85521125793457,13.18629264831543,,,12.17802619934082,,12.53011417388916,13.503146171569824,,,,12.56785774230957,13.51163101196289,,,,12.334029197692871,13.48079776763916,,,,,,12.79602336883545,13.117291450500488,,,,,,,12.71583080291748,13.002395629882812,,,,,12.398428916931152,12.55108642578125,12.660150527954102,12.786707878112793,12.757237434387207,12.975387573242188
20190723,,,,,,,,,,14.008313179016113,,,,,,,,,,14.454324722290039,,,,,,,,,,13.082353591918945,13.817523956298828,,,,,13.841014862060547,,,,,,,13.720609664916992,,,,,,,,,,,,,,,,,,
20190724,13.513943672180176,12.827404022216797,12.888054847717285,12.595720291137695,12.584142684936523,,,,,,13.6721773147583,,11.697790145874023,11.875286102294922,12.065040588378906,,12.068504333496094,11.924046516418457,,,,,,,,,,,,,,12.190999984741211,12.77597427368164,,,,11.474900245666504,12.304851531982422,,,,,,,12.072219848632812,12.120100021362305,,10.876382827758789,,,,,,,,,,12.216060638427734,,,
20190725,13.121484756469727,,12.764999389648438,12.521870613098145,12.709866523742676,,,,,,,,,11.437167167663574,11.849677085876465,,,,,,,,11.613970756530762,,,,,,,,,,,,,,,,,,,,,,,,,,11.804240226745605,12.285613059997559,,,,,,,,,12.14560604095459,,
20190726,,,,,,,,,,,,,,,,,,,,,,,,,,,,,,,,,,,,,,,,,,,,,,,,,,,,,,,,,,,,,
20190727,13.607462882995605,13.417950630187988,12.978358268737793,,12.805556297302246,12.752153396606445,12.444062232971191,11.978830337524414,11.485594749450684,12.812925338745117,,,,11.770746231079102,12.2304105758667,12.17593765258789,12.006595611572266,11.780560493469238,11.462937355041504,12.886370658874512,,,11.600117683410645,,,,,,,12.446612358093262,12.716836929321289,,,,11.89989185333252,12.895853042602539,,,,,10.394681930541992,12.402338981628418,12.80513858795166,,,,,10.793903350830078,11.65344524383545,12.592187881469727,12.519892692565918,,,11.360833168029785,,,,12.007735252380371,12.313261032104492,12.597561836242676,12.500700950622559
20190728,,,,,12.949911117553711,13.219999313354492,12.85038948059082,12.459999084472656,,13.475445747375488,,,,,12.574403762817383,12.619572639465332,12.535223960876465,12.371874809265137,12.228632926940918,13.294964790344238,,,,,12.999696731567383,13.435312271118164,,,,12.9500732421875,13.290520668029785,,,,12.358909606933594,13.244722366333008,,,,,10.65639591217041,12.680856704711914,13.07079792022705,,,,,11.274603843688965,11.772322654724121,12.643709182739258,12.86307144165039,,,12.281351089477539,12.35463809967041,,,12.530699729919434,12.621153831481934,12.732121467590332,
20190729,13.319544792175293,13.208548545837402,,12.131686210632324,,,,,,,13.257499694824219,12.232274055480957,,,,,,,,,12.67032527923584,,,,,,12.098060607910156,,,,,,12.06716251373291,,,,,,,,,,,,,,,,,,,,,,,,,,,,
20190730,,12.964507102966309,12.848923683166504,12.63749885559082,12.719999313354492,12.764469146728516,12.528948783874512,,,13.230249404907227,,,11.903976440429688,12.026679039001465,12.2993745803833,12.280694007873535,12.23388385772705,11.96296215057373,12.149035453796387,13.0594482421875,12.735834121704102,,11.869999885559082,,12.815624237060547,13.090398788452148,12.804229736328125,13.063624382019043,,12.865970611572266,13.180925369262695,,,,,,,,,,,,,,,,,,,,,,,,,,,,,,
20190731,,,12.45248031616211,12.175187110900879,12.552706718444824,12.439311981201172,12.132241249084473,11.805142402648926,11.721624374389648,12.98371410369873,,,11.619194984436035,11.618730545043945,11.92277717590332,11.924721717834473,11.843403816223145,11.609111785888672,11.847931861877441,12.884270668029785,,,11.120119094848633,,12.608253479003906,13.093194007873535,,,,12.59388256072998,13.340277671813965,,,,11.923687934875488,12.866654396057129,,,,,10.159333229064941,12.435461044311523,12.76059627532959,,,,,10.971498489379883,11.48369312286377,12.499110221862793,,,,,,,,,,,
20190801,12.871999740600586,12.917215347290039,12.37369155883789,12.19267463684082,12.496792793273926,,,,,,,,11.4575834274292,11.538200378417969,11.738686561584473,11.750494003295898,11.678201675415039,,12.120000839233398,,,,11.370115280151367,,12.486639976501465,12.991168975830078,,,,12.299477577209473,13.126574516296387,,,,,12.551419258117676,,,,,9.313749313354492,,,11.124239921569824,,,,,,,,11.634847640991211,10.895041465759277,11.110624313354492,,,,,,,
20190802,,,12.782617568969727,12.470500946044922,12.873419761657715,12.766219139099121,12.581832885742188,11.75244426727295,11.70137882232666,12.768680572509766,,,11.269902229309082,11.823563575744629,12.297390937805176,11.638124465942383,11.92236042022705,11.547199249267578,11.890637397766113,12.525444984436035,,,11.726749420166016,,12.227499961853027,12.668898582458496,,,,12.245731353759766,12.751035690307617,,,,,,,,,,,12.029279708862305,12.593500137329102,,,,,10.939167022705078,11.01361083984375,12.407036781311035,12.510156631469727,,,,,,,,,12.429462432861328,12.464147567749023
20190803,,,,,,,,,,,,,,,,,,,,,,,,,,,,,,,,,,,,,,,,,,,,,,,,,,,,,,,,,,,,,
20190804,,,,,,,11.05946159362793,,,,,,9.995966911315918,,10.811531066894531,,,,,11.827544212341309,,,,,,12.657655715942383,,,,,12.526055335998535,,,,,,,,,,,,,,,,,,,,,,,,,,,,,,
20190805,,,,,,11.716198921203613,11.605445861816406,,,,,,,,,,10.95171070098877,11.091577529907227,,12.702339172363281,,,,,,12.518507957458496,,,,,,,,,,,,,,,,,,,,,,,,,12.090813636779785,,,,,,,,,11.902580261230469,
20190806,,12.638219833374023,,,,12.136763572692871,11.935823440551758,11.55006217956543,,,,,,,,11.931309700012207,11.59799861907959,,,,,,,,,,,,,,,,,,,,,,,,,,,,,,,,,,,,,,,,,,,,
20190807,13.653360366821289,13.062603950500488,12.520441055297852,,,,,,,,13.529926300048828,12.691352844238281,12.137539863586426,11.79559326171875,11.986952781677246,11.975189208984375,,,,,13.365851402282715,13.137361526489258,11.736702919006348,,12.426983833312988,12.663551330566406,12.648456573486328,13.050125122070312,,12.413897514343262,12.672297477722168,12.22911548614502,12.85174560546875,,11.79560375213623,12.61044692993164,12.205853462219238,12.143142700195312,12.719121932983398,,10.097299575805664,12.225424766540527,12.625895500183105,12.027624130249023,11.760102272033691,11.736689567565918,12.371206283569336,11.148333549499512,11.311088562011719,12.299930572509766,12.52678394317627,11.837186813354492,11.523921966552734,11.633620262145996,11.683316230773926,11.962871551513672,,11.996667861938477,12.206786155700684,12.131446838378906,11.6522216796875
20190808,,,,,,,,,,,,,,,,,,,,,,,,,,12.235735893249512,,,,,,,,,11.769455909729004,12.819740295410156,,,,,10.631111145019531,12.42496109008789,12.611868858337402,,,,,,11.350936889648438,12.458696365356445,12.171357154846191,,,,,,,12.280399322509766,12.555599212646484,12.47065544128418,11.601981163024902
20190809,,,,,,,,,,,,,,,,,,,,,,,,,,,,,,,,,,,,,,,,,,,,,11.017939567565918,11.264101028442383,,,,,,,11.193510055541992,11.237500190734863,,,,,,,
20190810,12.768235206604004,,11.870166778564453,11.771495819091797,11.257096290588379,,,,,,,,,,,,,,,,,,,,,,11.659271240234375,,,,,,,,,,,,,,,,,,,,,,,,,,,,,,,,,,
20190811,,,,11.302999496459961,11.826855659484863,12.077309608459473,11.784960746765137,11.256097793579102,10.967423439025879,12.152406692504883,,,10.7239990234375,11.187419891357422,11.577554702758789,11.655138969421387,11.43588638305664,11.057499885559082,11.204245567321777,,,,11.190953254699707,,,,,,,,,,,,,,11.433673858642578,11.772811889648438,,,,,,,,,,,,,,,11.097272872924805,11.228108406066895,11.30810832977295,,,,,,
20190812,,12.244508743286133,12.183645248413086,12.016809463500977,,,,11.20155143737793,10.876768112182617,12.238852500915527,12.912785530090332,,11.106833457946777,11.555184364318848,11.740336418151855,11.563180923461914,11.369126319885254,11.005187034606934,11.408173561096191,12.414654731750488,12.476219177246094,,11.29704475402832,,12.036306381225586,12.820636749267578,12.233888626098633,12.488410949707031,,12.102179527282715,12.815321922302246,,,,11.621969223022461,13.09359073638916,,,,,9.735101699829102,11.889854431152344,,,,,,,,12.148065567016602,,11.439444541931152,11.238181114196777,,,,,,,,
20190813,,,,,,12.936161041259766,12.604599952697754,11.938807487487793,11.519999504089355,12.830106735229492,,,,,12.486987113952637,12.470429420471191,12.142786026000977,11.741556167602539,11.956186294555664,13.227985382080078,,,11.871804237365723,,12.475075721740723,13.468731880187988,,,,12.47757339477539,13.519854545593262,,,,12.104852676391602,13.377795219421387,,,,,,,,,,,,,,,,,,,,,,,,,
20190814,,,9.533498764038086,,,,,,,,,,9.048966407775879,10.86398696899414,,,,,,,,,,,,,,,,,,,,,,,,,,,,,,,,,,,,,,,,,,,,,,,
20190815,12.905811309814453,12.114801406860352,12.002543449401855,11.86142349243164,12.193251609802246,12.246087074279785,11.785983085632324,11.333273887634277,10.879027366638184,12.224553108215332,,,,11.46500015258789,11.724424362182617,11.792750358581543,,10.937179565429688,11.222893714904785,,,,,,,,,,,,,,,,,,,,,,,,,,,,,,,,,,,,,,,,,,
20190816,,,,,,,,,,,,,,,,,,,,,,,,,,,,,,,,,,,,,,,,,,,,,,,,,,,,,,,,,,,,,11.697972297668457
20190817,,12.036179542541504,11.892152786254883,11.828436851501465,12.117777824401855,12.154306411743164,11.700881958007812,11.199577331542969,11.008438110351562,12.245488166809082,12.476666450500488,11.49666690826416,10.925933837890625,11.415482521057129,11.675556182861328,11.741353034973145,11.329923629760742,10.944952964782715,11.236515045166016,12.609044075012207,12.078621864318848,12.167586326599121,11.099302291870117,,12.073271751403809,12.95682430267334,11.851981163024902,12.049701690673828,,,,11.749591827392578,11.687131881713867,,11.188124656677246,,11.500670433044434,11.525372505187988,,,,11.971681594848633,12.512367248535156,11.452637672424316,11.365857124328613,11.286905288696289,11.700323104858398,,,12.014084815979004,12.394999504089355,11.361193656921387,11.209933280944824,11.062891006469727,11.462823867797852,11.55182933807373,,11.515416145324707,,,
20190818,,,12.575833320617676,12.505535125732422,12.791747093200684,12.892877578735352,12.330705642700195,11.77688980102539,,12.67844295501709,,,11.606051445007324,12.077960968017578,12.290521621704102,,,,,,12.862105369567871,12.948307037353516,,,,,12.747163772583008,12.975037574768066,,,,12.368069648742676,12.65625,12.205957412719727,11.476953506469727,,12.016631126403809,12.120523452758789,12.51353931427002,,10.170832633972168,12.174448013305664,,11.906428337097168,,11.822833061218262,11.663124084472656,,11.231693267822266,12.264870643615723,,,,,,,,,12.009851455688477,12.423421859741211,
20190819,,,,,,,,,,,12.347737312316895,,,,,,,,,,,,,,,,,,,,,,,,,,,,,,,,,,,,,,,,,,,,,,,,,,
20190820,,,,,,,11.42557144165039,,,,,,,,11.359365463256836,11.409417152404785,11.184725761413574,10.707618713378906,,,,,,,,,,,,,,,,,,,,,,,,,12.142058372497559,,,,,,,,,,,,,,,,,,
20190821,,,,,11.781249046325684,,11.729941368103027,11.224493026733398,,11.93127155303955,,,10.791718482971191,11.270893096923828,11.523933410644531,11.835693359375,11.57868766784668,11.186991691589355,11.469956398010254,12.630396842956543,11.935132026672363,11.997209548950195,11.353610038757324,,12.247186660766602,12.920207977294922,11.74899959564209,12.054997444152832,,12.257537841796875,12.913250923156738,11.115999221801758,11.609840393066406,,11.631976127624512,12.915971755981445,,11.282666206359863,11.642728805541992,,,12.04520034790039,12.328598022460938,11.016785621643066,11.024213790893555,11.261730194091797,,,,,12.115606307983398,10.952284812927246,11.06154727935791,,,,,,,,
20190822,12.357613563537598,12.068961143493652,11.472695350646973,11.578760147094727,11.688982963562012,11.951035499572754,11.771224021911621,11.118453979492188,10.69801139831543,11.96805191040039,12.056842803955078,,10.588648796081543,11.085540771484375,11.400144577026367,11.67265796661377,11.46325969696045,11.041868209838867,11.340651512145996,12.477951049804688,11.85795783996582,12.011427879333496,11.134650230407715,,11.953933715820312,12.510733604431152,11.616568565368652,11.838333129882812,,,,11.269186019897461,11.495394706726074,,,,11.126193046569824,11.173432350158691,11.624070167541504,,,,,11.097902297973633,11.057135581970215,11.220675468444824,11.343260765075684,,,,,11.048904418945312,11.088554382324219,11.13741397857666,11.061184883117676,11.42236042022705,,11.30964183807373,11.517833709716797,,
20190823,12.83121109008789,12.511666297912598,11.723772048950195,12.002422332763672,12.232563972473145,12.413125038146973,12.129964828491211,11.3313570022583,11.011385917663574,12.44486141204834,,,11.120305061340332,11.65459156036377,11.879340171813965,12.002846717834473,11.671452522277832,11.088692665100098,11.604913711547852,12.436944007873535,,,11.207618713378906,,12.001362800598145,12.520694732666016,11.975500106811523,,,11.88343334197998,12.615694046020508,,,,11.268518447875977,12.434274673461914,,,,,9.821807861328125,11.652836799621582,11.99007797241211,,,,,10.474604606628418,11.10808277130127,11.842377662658691,,,,,,,,11.395731925964355,,,
20190824,,,,,,,,,,13.324246406555176,,,,,,,,,,,,,,,12.762272834777832,13.326544761657715,,,,12.658283233642578,13.298748970031738,,,,12.18086051940918,13.055797576904297,,,,,10.681278228759766,12.1723051071167,12.484063148498535,,,,,,11.761800765991211,12.397327423095703,12.317082405090332,,,,,11.813844680786133,,12.07303524017334,12.372791290283203,12.645369529724121,12.564305305480957
20190825,12.060128211975098,11.683599472045898,11.008666038513184,11.475757598876953,11.598560333251953,12.070338249206543,12.064647674560547,11.3448486328125,,,11.95480728149414,11.322208404541016,10.407916069030762,11.045036315917969,11.413541793823242,11.876527786254883,11.812050819396973,11.437541007995605,,,11.894000053405762,,11.104616165161133,,,,11.55333423614502,11.833535194396973,,,,11.154067039489746,11.53516674041748,,,,10.980135917663574,11.293076515197754,,,,,,11.022392272949219,11.131643295288086,11.20771598815918,,,,,,11.180180549621582,,11.035284996032715,11.183303833007812,,,,,,
20190826,12.07876968383789,11.726505279541016,11.178356170654297,11.5674467086792,11.702112197875977,11.834417343139648,11.817118644714355,11.085914611816406,10.914620399475098,12.304402351379395,11.884394645690918,11.389730453491211,10.559711456298828,11.182123184204102,11.40625,11.706145286560059,11.657214164733887,11.02766227722168,11.397521018981934,12.471284866333008,11.645936965942383,11.8993558883667,10.986666679382324,,12.197117805480957,12.900763511657715,11.434805870056152,,,11.910998344421387,12.777118682861328,11.196826934814453,11.529681205749512,,11.30146598815918,12.597606658935547,11.081207275390625,11.22561264038086,11.384255409240723,,10.018095016479492,11.703156471252441,12.41451358795166,10.955737113952637,11.004175186157227,11.1807861328125,11.200970649719238,10.586323738098145,10.92465877532959,11.822426795959473,11.933087348937988,10.938570022583008,11.012102127075195,11.052162170410156,11.044602394104004,,11.039090156555176,11.452032089233398,,11.990161895751953,11.799861907958984
20190827,11.91753101348877,11.597247123718262,11.048500061035156,11.413961410522461,11.478142738342285,11.762531280517578,11.604679107666016,10.98111629486084,10.802061080932617,12.107272148132324,11.800324440002441,11.069435119628906,10.472999572753906,10.892208099365234,11.175237655639648,11.347417831420898,11.248697280883789,10.958550453186035,11.190701484680176,12.060700416564941,11.745085716247559,11.672811508178711,10.85285758972168,,12.089242935180664,12.667048454284668,11.394912719726562,11.795851707458496,,11.849043846130371,12.583784103393555,11.05142879486084,11.512107849121094,11.550312995910645,11.303719520568848,12.386215209960938,10.903665542602539,11.070242881774902,11.441136360168457,,,11.586701393127441,12.321735382080078,,10.545100212097168,10.882257461547852,11.26012134552002,,,11.805654525756836,11.998147010803223,10.825878143310547,,,,,,,,,12.114374160766602
20190828,12.36316204071045,12.07820987701416,11.303382873535156,,,11.897677421569824,11.78451919555664,11.106887817382812,10.690921783447266,11.887038230895996,,11.585698127746582,,,,,11.538938522338867,11.121476173400879,,11.816666603088379,,,,,,,,,,,,,,,,,,,,,,,,,,,,,,,,,,,,,,,,,
20190829,,,,,,12.55099868774414,12.255949020385742,11.54007339477539,11.263181686401367,12.420244216918945,,,,,,12.07223129272461,11.989562034606934,11.512788772583008,11.61258602142334,12.47456169128418,,,,,12.283257484436035,12.82873821258545,,,,12.073880195617676,12.577500343322754,,,,11.441840171813965,12.607278823852539,,11.960749626159668,11.827499389648438,,,11.680227279663086,12.389089584350586,,,11.627630233764648,11.81639575958252,10.776999473571777,11.487571716308594,,12.034571647644043,,,11.595982551574707,,11.585736274719238,11.58611011505127,11.598809242248535,11.706128120422363,12.008784294128418,11.847395896911621
20190830,,,11.136914253234863,11.29015827178955,11.475452423095703,,,,,,,,10.701190948486328,11.042462348937988,11.117379188537598,,,,,,11.829411506652832,,,,,,10.978166580200195,,,,,10.52750015258789,,,,,,,,,,,,10.824033737182617,10.722395896911621,,,,,,,,,,,,,,,,
20190831,12.147021293640137,11.915563583374023,11.658888816833496,11.835762977600098,11.858926773071289,12.082499504089355,11.956562042236328,11.198006629943848,10.85128116607666,11.99281120300293,11.996879577636719,11.521223068237305,10.802696228027344,11.134750366210938,11.43933391571045,11.685675621032715,11.606463432312012,11.104270935058594,11.31213092803955,12.165104866027832,11.882640838623047,12.010909080505371,,,12.22353744506836,12.675138473510742,11.32866096496582,12.038865089416504,,12.293806076049805,13.12298583984375,11.13719654083252,11.752388954162598,11.555315971374512,11.76268196105957,13.153331756591797,10.315143585205078,11.300143241882324,11.807612419128418,,10.614432334899902,12.141107559204102,12.959687232971191,,,11.4973726272583,11.681811332702637,10.848194122314453,11.349918365478516,12.362881660461426,13.000624656677246,,,,11.518142700195312,11.52981185913086,11.559435844421387,11.734756469726562,11.846327781677246,12.38746452331543,12.44704818725586
20190901,,,11.217143058776855,11.697961807250977,11.934367179870605,12.109103202819824,12.085139274597168,11.457625389099121,11.323012351989746,12.41378402709961,,,10.678044319152832,11.18213176727295,11.45375919342041,11.695741653442383,11.606382369995117,11.23398208618164,11.479218482971191,12.467106819152832,,,11.001166343688965,,12.010454177856445,12.613740921020508,,,,11.829000473022461,12.709166526794434,11.119244575500488,,,11.200150489807129,12.699583053588867,11.248437881469727,11.188345909118652,11.509328842163086,,,11.611522674560547,12.568784713745117,11.046712875366211,11.263741493225098,11.24017333984375,11.276183128356934,,,12.316803932189941,12.546195030212402,10.98859977722168,11.077532768249512,11.109488487243652,11.207202911376953,11.253686904907227,,,,,12.481685638427734
20190902,12.208736419677734,11.838888168334961,11.671782493591309,11.578036308288574,11.706212997436523,11.831570625305176,11.75964641571045,,,12.213335037231445,12.006667137145996,11.599787712097168,10.780652046203613,11.120147705078125,11.308818817138672,11.429193496704102,11.352022171020508,10.97523021697998,,,11.7786226272583,11.791522979736328,10.4712495803833,,11.853099822998047,12.403854370117188,11.317384719848633,11.615342140197754,,,12.756141662597656,10.190484046936035,11.47904109954834,10.79709529876709,,,,11.03869915008545,11.44752311706543,,,11.666923522949219,,,11.042877197265625,11.119555473327637,11.360737800598145,10.407083511352539,10.783196449279785,11.249114036560059,,11.183719635009766,,,11.135438919067383,11.142555236816406,11.022998809814453,11.172500610351562,11.431171417236328,12.249937057495117,12.22266960144043
20190903,,,,,,,,,,,,,,,,,,,,,,,,,,,,,,,,,,,,,,,,,,,,,,,,,,,,,,,,,,,,,
20190904,11.799541473388672,,,,,,,,,,,,,,,,,,,,,,,,,,,,,,,,,,,13.608945846557617,10.990238189697266,,,,,,,,,,,,11.969491958618164,12.470239639282227,,,,,,,,,12.127039909362793,12.866629600524902,12.629440307617188
20190905,12.187529563903809,11.6885347366333,11.52826976776123,11.493489265441895,11.756950378417969,11.928472518920898,11.951041221618652,11.380393981933594,11.29480266571045,12.359045028686523,12.026371955871582,11.485650062561035,11.016866683959961,11.218283653259277,11.516111373901367,11.72697925567627,11.766510009765625,11.482856750488281,11.80679702758789,12.276952743530273,11.872730255126953,11.773472785949707,11.288973808288574,,,,11.398385047912598,11.607142448425293,,,13.002082824707031,11.160408973693848,11.349188804626465,10.933887481689453,11.525778770446777,13.034305572509766,11.086210250854492,11.21444320678711,11.520698547363281,,10.47779369354248,11.792598724365234,12.94027328491211,11.119641304016113,11.087230682373047,11.228056907653809,11.376363754272461,10.799749374389648,10.818314552307129,11.751385688781738,11.98728084564209,11.177469253540039,,,,,,11.222368240356445,11.719843864440918,12.085980415344238,
20190906,,,,,,,,,,,,,,,,,,,,,,,,,,,,,,,,,,,11.218452453613281,,,,,,,11.463443756103516,,,,,,10.795073509216309,10.888692855834961,,11.970624923706055,,,11.195453643798828,11.453134536743164,11.572868347167969,11.421943664550781,11.281387329101562,11.435236930847168,11.887133598327637,11.791735649108887
20190907,,,,,,,,,,,,,,,,,,,,,,,,,,,,10.9712495803833,,,,,,,,,,,,,,,,,,,,,,,,,10.351221084594727,10.065613746643066,,,,,,,
20190908,,,11.407776832580566,11.578763008117676,11.638901710510254,,11.605120658874512,,,,12.322068214416504,11.790693283081055,11.181464195251465,11.229207038879395,11.310564994812012,11.330348014831543,11.231025695800781,10.345333099365234,,,12.216753005981445,11.97276782989502,,,,,11.893506050109863,11.829268455505371,,,,11.573715209960938,11.582813262939453,10.416000366210938,,,11.423542022705078,11.158467292785645,10.878193855285645,,,,,11.316423416137695,10.770108222961426,9.977012634277344,,,,,,11.155390739440918,10.444343566894531,,,,,,,,
20190909,,,,,,,,,,,,,,,,,,,,,,,,,,,,,,,,,,,,,,,,,,,,,,,,,,,,,,,,,,,,,
20190910,11.83705997467041,,10.409706115722656,,,,11.868094444274902,11.650226593017578,,,11.733312606811523,,,,,11.660841941833496,11.698681831359863,11.310470581054688,,,11.770910263061523,,,,,,11.493603706359863,11.157333374023438,,,,11.127713203430176,,,,,,,11.444355010986328,,,,,,10.829570770263672,,,,,,,,,,,,,11.109999656677246,,,
20190911,,,,,,,,,,,,,,,,,,11.278157234191895,11.78166675567627,12.309110641479492,,,,,11.924196243286133,12.858229637145996,,,,,,,,,11.277444839477539,,,,,,,11.400620460510254,12.463896751403809,10.9629545211792,,,,,,11.631957054138184,12.23523998260498,10.850606918334961,11.097678184509277,,,,11.237081527709961,,,,
20190912,,,,,,12.256372451782227,,,,,,,,,,,11.713876724243164,,,,,,,,,,,,,,,,,,,,,,,,,,,,,,,,,,,,,,,,,,,,
20190913,,,,,,11.998929023742676,11.978402137756348,11.564043045043945,11.311845779418945,12.12401294708252,,,,11.389571189880371,11.589892387390137,11.747257232666016,11.650602340698242,11.412407875061035,11.505217552185059,12.213516235351562,,,11.406135559082031,,11.563432693481445,12.849933624267578,,,,11.636160850524902,12.931465148925781,,,,11.200726509094238,12.54234790802002,,,,,,11.204116821289062,,,,,,,,,12.501497268676758,,,,,,,,,11.720077514648438,
20190914,,,,,,12.402656555175781,12.382974624633789,11.985602378845215,11.734734535217285,12.63572883605957,,,,,11.958513259887695,12.174851417541504,12.098297119140625,11.842499732971191,11.979391098022461,12.852152824401855,,,,,12.078636169433594,13.155729293823242,,,,11.980219841003418,13.130242347717285,,,,11.471231460571289,12.808732032775879,,11.768235206604004,12.163808822631836,,10.725611686706543,11.60335922241211,12.838419914245605,11.606457710266113,11.596051216125488,,,11.11046314239502,11.224164962768555,12.144881248474121,12.778550148010254,,,,11.482297897338867,,,11.46580696105957,11.478873252868652,12.12786865234375,12.141768455505371
20190915,,,,,,,,,,,,,,,,,,,,,,,,,,,,,,,,,,,10.786362648010254,,,,,,,,,10.349656105041504,10.52414321899414,,,,,,,10.05510139465332,,,,,,10.695390701293945,,,
20190916,,,,11.582215309143066,11.85209846496582,11.992079734802246,11.927172660827637,11.596327781677246,11.066189765930176,12.364716529846191,11.84528636932373,,,,11.515127182006836,11.686290740966797,11.554999351501465,11.382925987243652,11.566699028015137,12.648332595825195,,,,,,13.155909538269043,11.345322608947754,,,11.991939544677734,13.335890769958496,,,,11.29861068725586,13.189197540283203,,,,,,11.710772514343262,12.954587936401367,,,,11.503610610961914,10.98102855682373,,,,,,,,,,,11.367807388305664,,
20190917,11.84887409210205,11.543657302856445,11.258506774902344,11.378819465637207,11.757222175598145,11.818437576293945,11.736527442932129,11.250144958496094,11.220821380615234,12.01635456085205,11.70362663269043,11.177153587341309,10.832639694213867,11.138940811157227,11.385868072509766,11.534409523010254,11.492021560668945,11.182942390441895,11.51417350769043,12.676074981689453,11.679422378540039,,11.12642765045166,,11.859393119812012,12.86892318725586,11.36716079711914,11.506791114807129,,11.633134841918945,12.878402709960938,11.074929237365723,11.268512725830078,10.912243843078613,11.25827693939209,12.754860877990723,10.98929500579834,10.937307357788086,,,10.577174186706543,11.591950416564941,12.689861297607422,,10.94028377532959,11.009895324707031,,10.728999137878418,10.993266105651855,12.078285217285156,12.528547286987305,10.87907600402832,11.111621856689453,10.978928565979004,11.027228355407715,11.0944185256958,11.199264526367188,,11.45239543914795,12.461250305175781,
20190918,12.076550483703613,11.88083267211914,11.19242000579834,11.28325080871582,11.577291488647461,11.694826126098633,11.57322883605957,11.22602367401123,11.111641883850098,12.094379425048828,11.906249046325684,,,11.101694107055664,11.316824913024902,11.545174598693848,11.501240730285645,11.227314949035645,11.527103424072266,12.59416675567627,,,11.109166145324707,,11.79628849029541,12.703715324401855,,,,11.531866073608398,12.769999504089355,,,,11.11975383758545,12.681700706481934,,,,,10.556353569030762,11.570603370666504,12.702880859375,,,,,,10.939188003540039,12.112942695617676,12.08277702331543,10.816719055175781,,,,,,11.086638450622559,11.330106735229492,12.485810279846191,11.912681579589844
20190919,,,,12.302456855773926,12.478679656982422,12.559027671813965,12.42347240447998,12.050034523010254,11.913098335266113,12.734895706176758,,,,11.96242618560791,12.061275482177734,12.183541297912598,12.086098670959473,11.768287658691406,11.902758598327637,12.912742614746094,12.60963249206543,12.531665802001953,11.816930770874023,,,12.991908073425293,12.24893569946289,12.26104736328125,,11.828332901000977,12.777403831481934,11.666642189025879,12.066478729248047,11.803535461425781,11.2969970703125,12.757521629333496,11.030753135681152,11.598262786865234,12.016172409057617,,10.46978759765625,11.313518524169922,12.408405303955078,,10.929485321044922,11.537604331970215,11.569661140441895,10.633550643920898,10.518450736999512,11.256402969360352,11.438956260681152,10.989166259765625,11.599933624267578,11.413444519042969,11.326075553894043,11.1177396774292,11.262240409851074,11.35385513305664,11.545034408569336,12.15627670288086,11.698993682861328
20190920,,,,,,,12.012374877929688,,,,,,,,,,,11.4765625,,,,,,,,,,,,,,,,,,,,,,,,,,,,,,,,,,,,,,,,,,,
20190921,,,,,,,,11.399590492248535,,,,,,,,,10.737391471862793,11.068364143371582,,,,,,,,,,,,,,,,,,,,,,,,,,,,,,,,,11.529634475708008,,,,,,,,,,
20190922,11.986030578613281,11.856895446777344,11.421051979064941,,,,,11.618592262268066,11.913363456726074,12.294160842895508,11.933648109436035,,10.71733283996582,,11.354940414428711,11.5521240234375,11.634922981262207,11.557231903076172,11.859285354614258,12.342793464660645,11.63575267791748,,11.516047477722168,,12.114921569824219,12.814998626708984,11.301617622375488,11.51400089263916,,11.95999813079834,12.930868148803711,10.930091857910156,11.146109580993652,,11.567747116088867,12.836146354675293,10.786766052246094,11.046510696411133,11.369429588317871,,11.018513679504395,11.675992012023926,12.831817626953125,,,,,,11.17037296295166,11.939393043518066,12.742389678955078,,,,,,,,,,
20190923,,,,,,,11.67229175567627,11.615078926086426,11.827249526977539,12.293110847473145,,,,,,,,11.207894325256348,11.490714073181152,12.14773941040039,11.42305850982666,,,,11.776514053344727,12.498941421508789,11.11015510559082,,,11.797327041625977,12.781655311584473,10.905713081359863,10.889299392700195,,11.363151550292969,12.698019981384277,10.654624938964844,10.780799865722656,,,10.706334114074707,11.331111907958984,12.810833930969238,,,,,,,11.724790573120117,,10.684934616088867,10.967499732971191,10.83113956451416,,,11.048406600952148,10.986205101013184,,,
20190924,12.779605865478516,12.331753730773926,11.897262573242188,11.797758102416992,11.993802070617676,12.12130355834961,11.969494819641113,11.745648384094238,11.963784217834473,12.43099308013916,12.381056785583496,,11.867738723754883,11.710872650146484,11.750374794006348,11.787739753723145,11.158430099487305,11.082653999328613,11.85495662689209,12.443273544311523,12.331795692443848,,,,12.019393920898438,12.571208000183105,,,,11.866952896118164,12.887303352355957,,,,11.434999465942383,12.64948558807373,,,,,,11.348902702331543,12.456647872924805,11.148665428161621,,,,,,,,,,,,,,,,,
20190925,,,,,,,,12.3812255859375,12.590237617492676,12.848932266235352,,,,,,12.05335807800293,12.310816764831543,12.052878379821777,11.634333610534668,12.611507415771484,,,,,,,,,,,,,,,,13.058732986450195,,,,,,,,,,,,,,12.324090003967285,,,,11.553498268127441,11.52223014831543,11.798831939697266,,11.532657623291016,,12.788159370422363,12.461709976196289
20190926,,,,,,11.46448040008545,11.658246994018555,11.787317276000977,,,,,,,,11.24483871459961,11.56836986541748,11.626112937927246,,,,,,,,,,,,,,,,,11.512457847595215,,,,,,,,,,,,,,,,,,,,,,,,,,
20190927,,,,11.0830717086792,,11.737181663513184,11.630173683166504,11.488626480102539,11.278800010681152,11.224323272705078,,,,10.348369598388672,,10.857287406921387,11.285103797912598,11.476066589355469,,11.585546493530273,,,,,,12.083868026733398,,,,,12.409258842468262,,,,,11.485831260681152,,,,,,,,,,,,,,,,,,,,,,,,,
20190928,,,,11.069217681884766,11.630064964294434,11.94572925567627,11.876051902770996,,11.889029502868652,,,,,10.876594543457031,11.402619361877441,11.630355834960938,11.75240707397461,11.67974853515625,11.826574325561523,,,,11.022187232971191,,12.005590438842773,,,,,11.726865768432617,12.639436721801758,,,,11.487943649291992,12.613383293151855,,,,,10.679865837097168,11.153499603271484,,,,,,10.963225364685059,10.879141807556152,11.583541870117188,11.606515884399414,,,,,,,,10.634284973144531,,11.679304122924805
20190929,,,11.774571418762207,11.480416297912598,11.347957611083984,,,11.207090377807617,11.892120361328125,12.355866432189941,,,11.694530487060547,11.481832504272461,11.570444107055664,11.55889892578125,11.158929824829102,11.495305061340332,11.693424224853516,12.315757751464844,,,,,11.997878074645996,12.610589981079102,11.556249618530273,,,11.57823657989502,12.661527633666992,,11.291626930236816,,11.400101661682129,12.730165481567383,,,,,,,12.569686889648438,,,,,,,,12.360435485839844,,,,,,,,,,
20190930,,,,,,12.411521911621094,12.297500610351562,12.373373031616211,12.429736137390137,12.798088073730469,,,,,12.127717971801758,,,12.233181953430176,,,,,,,,,,,,12.044353485107422,13.168749809265137,,,,11.861237525939941,12.937074661254883,,,12.054411888122559,,,11.546625137329102,12.861804962158203,11.432604789733887,11.463296890258789,11.586892127990723,11.782426834106445,,,12.326807975769043,12.228333473205566,11.33431339263916,11.372445106506348,11.521516799926758,,11.46745777130127,11.387105941772461,11.27683162689209,11.504918098449707,12.081158638000488,12.045727729797363
20191001,,,,11.571186065673828,11.996828079223633,,,,,,,,11.610784530639648,11.526053428649902,,,,,,,,,,,,,,,,,,,,,,,,,,,,,,,,,,,,,,,,,,,,,,,
20191002,,,,11.045340538024902,,,,10.94124984741211,11.767499923706055,11.201285362243652,11.461499214172363,,,,10.802940368652344,11.610546112060547,11.817656517028809,11.651285171508789,10.780694007873535,11.157246589660645,,,,,,12.223941802978516,10.86428451538086,10.736739158630371,,,,11.014400482177734,10.902645111083984,11.310750007629395,10.633588790893555,11.957603454589844,10.574438095092773,10.516897201538086,10.754680633544922,,,10.509459495544434,12.181236267089844,,,,,10.969999313354492,10.523783683776855,,,,,,,,,,,,
20191003,12.600921630859375,12.324235916137695,12.25895881652832,12.30604076385498,12.590624809265137,12.69173526763916,12.522847175598145,12.281205177307129,12.51187515258789,13.342131614685059,12.314409255981445,12.138784408569336,11.972737312316895,12.024110794067383,12.23232650756836,12.471770286560059,12.483829498291016,12.20736026763916,12.454999923706055,13.147939682006836,12.166666984558105,12.30026626586914,12.138635635375977,,12.501376152038574,13.348249435424805,11.766666412353516,12.32761001586914,,12.582939147949219,13.652986526489258,11.489652633666992,11.898321151733398,12.656742095947266,12.400583267211914,13.682045936584473,11.249165534973145,11.336043357849121,11.994473457336426,,11.728084564208984,12.253154754638672,12.964028358459473,11.20850658416748,11.229999542236328,,,11.588286399841309,11.550497055053711,12.496805191040039,12.99715518951416,,,,,,11.345312118530273,11.416492462158203,11.751700401306152,12.887534141540527,12.863511085510254
20191004,,,,,,,,,,,,,,,12.029211044311523,12.201554298400879,12.091866493225098,,,,,,12.239239692687988,12.456514358520508,,,,,,,,,,,,,,,,,,,,,,,,,,,,,,,,,,,,,
20191005,,12.663986206054688,12.552392959594727,12.395902633666992,12.533020973205566,12.472023963928223,12.29272747039795,,,,,12.678500175476074,12.471647262573242,12.2910737991333,12.269135475158691,12.304009437561035,12.266764640808105,12.173846244812012,,,12.531148910522461,12.64666748046875,,,,,12.023919105529785,12.396282196044922,,12.176497459411621,13.643750190734863,11.609529495239258,11.950763702392578,12.47303581237793,12.095441818237305,13.216642379760742,11.509506225585938,11.516410827636719,12.127579689025879,,11.597128868103027,12.079339027404785,12.765214920043945,11.342805862426758,11.374539375305176,11.54613208770752,11.881250381469727,,,12.027894020080566,11.96457576751709,11.220417022705078,11.408463478088379,11.465476036071777,11.400519371032715,11.510587692260742,,11.13728141784668,11.625064849853516,,12.463805198669434
20191007,,,,,,10.872027397155762,,,,,,,,,,11.19179630279541,,,,,,,,,,,11.275811195373535,,,,,11.225332260131836,11.718725204467773,,,,,,,,,,,,,,,,,,,,,,,,,,,,
20191008,12.16554069519043,,,,,,,,,,11.758125305175781,11.92683219909668,11.747565269470215,,,,,,,,11.55435848236084,,,,,,11.248580932617188,11.613750457763672,,,,,11.195350646972656,,,,,11.079036712646484,11.468069076538086,,,,,,10.735302925109863,10.916166305541992,,,,,,,,,11.04333209991455,,,,,,
20191009,12.057500839233398,11.905728340148926,11.79170036315918,11.642374992370605,11.885141372680664,12.00333309173584,11.965044021606445,12.04909896850586,12.33455753326416,12.85260009765625,11.814754486083984,11.982338905334473,11.779550552368164,11.698954582214355,11.827017784118652,11.924925804138184,11.95111083984375,11.946173667907715,12.231586456298828,12.775514602661133,11.518091201782227,,11.891189575195312,,12.303828239440918,13.386427879333496,,,,12.107760429382324,13.836800575256348,,,,12.185335159301758,13.5162935256958,,,,,,12.108848571777344,13.514544486999512,,,,,,,,,,,,,11.172000885009766,11.0902738571167,11.00481128692627,,,12.122377395629883
20191010,12.591965675354004,12.442009925842285,12.263662338256836,12.164645195007324,12.384434700012207,,,,,,12.361407279968262,12.506014823913574,12.283166885375977,12.12231159210205,,,,,,,12.054414749145508,,,,,,11.729551315307617,,,,,11.425764083862305,,,,,11.28714370727539,11.400445938110352,,,,,,,,,,,,,,,,,,,11.055242538452148,11.041340827941895,11.845561981201172,12.239999771118164,
20191011,,,,,,,,13.12955093383789,,,,,,,,,,12.805133819580078,13.150696754455566,13.557950973510742,,,,,,,,,,,,,,,,,,,,,,,13.869782447814941,,,11.951828956604004,12.358953475952148,,,,13.308135032653809,,,11.874999046325684,11.906922340393066,12.115300178527832,,11.59195613861084,12.057168006896973,13.055730819702148,12.873842239379883
20191012,12.189874649047852,11.76706314086914,11.572855949401855,11.578835487365723,11.847640991210938,11.924999237060547,12.022618293762207,,,,,12.072281837463379,,11.846839904785156,11.94020938873291,12.058732032775879,12.112519264221191,12.092325210571289,,,,,12.369342803955078,,,,,,,,,11.355613708496094,,,,,11.222561836242676,11.64222240447998,11.805999755859375,,,,,10.991250038146973,11.109062194824219,11.286331176757812,11.741753578186035,,,,,10.900972366333008,11.09302043914795,11.0115966796875,11.141979217529297,11.454435348510742,11.369998931884766,,,,
20191013,,,11.674022674560547,11.901432991027832,12.311250686645508,12.40267276763916,12.349583625793457,12.462752342224121,,,,,11.716333389282227,11.790740966796875,11.989607810974121,12.184885025024414,12.214150428771973,12.362951278686523,12.28413200378418,12.555349349975586,,,,,,13.351717948913574,,12.428812026977539,,,12.971817970275879,,12.374606132507324,12.279546737670898,,,,11.646428108215332,11.714229583740234,,11.701189994812012,11.643692016601562,,11.2683744430542,11.40672779083252,11.309257507324219,11.510926246643066,11.531274795532227,11.436409950256348,,12.518157005310059,10.558579444885254,11.437251091003418,11.376667022705078,11.219022750854492,11.347960472106934,11.078203201293945,10.74084758758545,11.556300163269043,12.921025276184082,
20191014,12.380208969116211,12.234756469726562,12.018367767333984,12.015972137451172,12.282672882080078,12.319082260131836,12.498459815979004,12.652600288391113,12.884056091308594,13.782429695129395,12.142848014831543,12.228899955749512,12.020756721496582,11.927289962768555,12.03810977935791,,,12.51577091217041,12.577390670776367,13.49579906463623,12.012681007385254,12.090068817138672,,,12.589632034301758,13.552350997924805,11.92729377746582,12.353068351745605,,12.809552192687988,13.725069046020508,11.751107215881348,12.307931900024414,,12.613155364990234,13.676971435546875,11.678518295288086,,,,12.15380573272705,12.79209041595459,13.149178504943848,11.498244285583496,,,12.206375122070312,12.019505500793457,11.936440467834473,13.17923641204834,13.196359634399414,,,,11.719857215881348,,11.70580005645752,11.660590171813965,11.971748352050781,13.390286445617676,
20191015,,,12.30788516998291,12.236448287963867,12.563006401062012,12.643000602722168,12.635143280029297,12.69814395904541,12.915337562561035,13.197713851928711,,,12.141098976135254,12.266924858093262,12.453749656677246,12.536388397216797,12.576086044311523,12.61069393157959,12.579451560974121,13.439417839050293,,,12.705795288085938,,,13.186084747314453,,,,,,,,,,,11.408163070678711,11.513352394104004,12.09000015258789,,12.020339965820312,12.447291374206543,,,11.3660888671875,11.45897388458252,,11.922567367553711,11.775999069213867,12.852446556091309,13.389623641967773,,,,,,,,11.7526273727417,13.172347068786621,13.613962173461914
20191016,,,,,,,,,,,,,,12.788620948791504,12.877938270568848,12.935181617736816,12.854835510253906,,,,,,13.061586380004883,,,,12.357922554016113,12.488896369934082,,,,12.099807739257812,12.489773750305176,,12.415794372558594,12.917389869689941,11.87827205657959,12.080000877380371,12.770761489868164,,12.120109558105469,12.668925285339355,12.329802513122559,11.669808387756348,11.852136611938477,11.925714492797852,12.04255485534668,11.945916175842285,11.921698570251465,12.210253715515137,12.209903717041016,11.662114143371582,11.790144920349121,11.655332565307617,11.646767616271973,11.696332931518555,,11.496489524841309,11.841235160827637,13.721122741699219,13.624638557434082
20191017,,,,11.497475624084473,,,,,,,,,,11.484759330749512,,,,,,,,,,,,,,,,,,,,,13.1500825881958,,,,,,,,,,11.120595932006836,11.094345092773438,11.233076095581055,,,13.724265098571777,,11.086714744567871,11.17923641204834,11.045808792114258,10.975236892700195,,,12.134284973144531,,,
20191018,,,,,,,12.23792552947998,12.826169967651367,13.094894409179688,13.524370193481445,,,,,11.542194366455078,12.330743789672852,11.698931694030762,12.629813194274902,12.572972297668457,13.36037826538086,,,,,12.536999702453613,13.26246452331543,,,,,13.136862754821777,,,,,12.693516731262207,,,,,,,12.486268997192383,,,,,11.934090614318848,11.965746879577637,,11.480781555175781,,,,,,10.399999618530273,11.306731224060059,12.000885009765625,,11.921442031860352
20191019,12.378703117370605,12.137465476989746,11.951891899108887,11.831013679504395,12.05470085144043,12.165085792541504,12.18993854522705,12.396537780761719,12.82785701751709,13.134482383728027,12.083029747009277,12.142906188964844,11.983698844909668,11.884878158569336,11.923896789550781,12.099101066589355,12.230180740356445,12.3381986618042,12.487042427062988,12.945938110351562,11.73449993133545,11.993409156799316,12.184649467468262,,12.588412284851074,13.31857681274414,11.361818313598633,11.889318466186523,,12.537057876586914,13.18806266784668,11.04964828491211,11.36600112915039,,12.46405029296875,13.14095687866211,11.009726524353027,11.186490058898926,11.824332237243652,,12.082579612731934,12.415970802307129,13.043161392211914,10.975445747375488,11.056899070739746,,11.604517936706543,11.759124755859375,11.663485527038574,12.415069580078125,12.700886726379395,10.969221115112305,11.020644187927246,11.089736938476562,11.013049125671387,11.191633224487305,11.270195007324219,11.405259132385254,11.8915433883667,12.945210456848145,
20191020,,,,11.847143173217773,12.092500686645508,12.189273834228516,12.204742431640625,12.432652473449707,,13.160487174987793,12.134054183959961,,,,11.944601058959961,12.078701972961426,12.059528350830078,12.18679428100586,,,,,,,,,,,,12.241025924682617,12.933646202087402,,,,12.271588325500488,13.05828857421875,,,,,,12.292280197143555,13.273918151855469,,,,,,,,,,,,,,,,,,
20191021,,,,,,,,,,13.108124732971191,,,,,,,11.919241905212402,12.618875503540039,,12.830522537231445,,,,,,,,,,11.21583366394043,12.574557304382324,,,,12.424049377441406,12.895037651062012,10.902103424072266,,,,12.295784950256348,12.492942810058594,13.242951393127441,,11.399998664855957,11.355106353759766,,11.993352890014648,11.791068077087402,12.177677154541016,12.466093063354492,,,,,,,11.56915283203125,12.013858795166016,12.533281326293945,
20191022,,,,,,,,,,,,,,,,,,,,,,,,,,14.04418659210205,,,,,13.992219924926758,11.156041145324707,,,13.261445045471191,13.412500381469727,10.919998168945312,,,,13.24028491973877,12.945182800292969,,10.652673721313477,,,,,,13.080499649047852,13.082351684570312,,,,,,12.014544486999512,12.004875183105469,12.736080169677734,13.193536758422852,12.570487022399902
20191023,,,,,,,,,,,,,,,,,,,,,12.30823040008545,12.921950340270996,,,13.180211067199707,13.754730224609375,12.130206108093262,12.765100479125977,,,13.607709884643555,,12.580254554748535,13.39313793182373,,,,,,,,,,,,,,,,,,,,,,,,,,,
20191024,13.107946395874023,,13.178974151611328,12.955150604248047,12.938560485839844,12.919315338134766,12.91642951965332,13.230077743530273,,,13.096813201904297,13.075417518615723,13.056772232055664,12.60925006866455,12.706610679626465,12.890714645385742,12.437058448791504,12.452181816101074,,,12.650347709655762,13.022318840026855,,,,,12.37659740447998,12.610908508300781,,,,11.91828727722168,12.259708404541016,13.146985054016113,,,11.304798126220703,11.212864875793457,12.185624122619629,,,,,11.145745277404785,11.128024101257324,11.170980453491211,11.934932708740234,,,,,11.089250564575195,11.075384140014648,10.974719047546387,11.369429588317871,11.779261589050293,11.766074180603027,11.440585136413574,,,12.181764602661133
20191025,,12.843140602111816,13.008785247802734,12.909895896911621,13.10223388671875,13.209312438964844,13.114089012145996,13.348694801330566,13.767803192138672,14.075971603393555,12.217665672302246,13.076906204223633,13.10515022277832,12.846796035766602,,12.983353614807129,13.403430938720703,13.26480770111084,13.237968444824219,13.790555953979492,12.129595756530762,12.589776039123535,,,,13.714590072631836,12.107964515686035,12.705303192138672,,,13.644142150878906,11.820972442626953,12.421771049499512,13.363312721252441,13.076498031616211,13.442595481872559,11.265969276428223,11.424100875854492,12.681737899780273,,,12.97598934173584,13.303693771362305,10.469230651855469,11.473535537719727,11.59725570678711,12.464950561523438,,,13.238853454589844,12.740272521972656,,11.039066314697266,10.865230560302734,11.537238121032715,12.163731575012207,11.916666984558105,,12.095799446105957,12.838882446289062,12.606858253479004
20191026,,,,,12.78151798248291,12.799643516540527,,,,,,,,,,,,,,,,,,,12.719758033752441,13.14084243774414,,,,12.727045059204102,13.251076698303223,,,,12.871190071105957,13.18565845489502,,11.180834770202637,,,12.905901908874512,12.669964790344238,13.10114574432373,11.200254440307617,11.46056842803955,11.219047546386719,,12.426875114440918,12.132500648498535,12.482210159301758,12.60288143157959,11.233871459960938,11.263670921325684,,,,11.706624984741211,11.661075592041016,12.034165382385254,12.7708101272583,12.246000289916992
20191027,,,,,,,,13.521053314208984,13.805699348449707,13.785624504089355,,,,,,,13.322612762451172,13.45120906829834,13.454526901245117,13.640680313110352,,,,,,13.5708589553833,,,,,13.597808837890625,,,,13.05556869506836,13.465646743774414,,,,,,12.663999557495117,12.902825355529785,,,,,,,12.155431747436523,12.54940128326416,,,,11.727653503417969,12.176162719726562,,,12.269680976867676,13.00257682800293,12.457038879394531
20191028,,12.697176933288574,12.720227241516113,12.194865226745605,,,,,,,,,12.843118667602539,12.455795288085938,,,,,,,11.394742965698242,12.419459342956543,,,,,,11.895967483520508,,,,9.86050796508789,,,,,,9.696101188659668,12.248303413391113,,,,,,9.910255432128906,11.4486665725708,11.744366645812988,10.986406326293945,,,,9.594584465026855,,,,,10.648415565490723,10.685761451721191,,,
20191029,12.79003620147705,12.740215301513672,12.764896392822266,12.543575286865234,12.633450508117676,12.685567855834961,12.554337501525879,12.693818092346191,,,12.424747467041016,12.807953834533691,12.661605834960938,12.313693046569824,12.357221603393555,12.194244384765625,12.2897310256958,12.896203994750977,,,11.558676719665527,11.746637344360352,,,,,10.628619194030762,11.519706726074219,,,13.199999809265137,,,,,13.298208236694336,,,,,,,12.875130653381348,,,,,,,,11.986492156982422,,,,,,11.382054328918457,,,,
20191030,,,,,,,,,,,,,12.792438507080078,12.451391220092773,12.447837829589844,,,,,,,,12.52908992767334,,,,,,,,,,11.482604026794434,12.246281623840332,,13.239930152893066,10.929024696350098,11.015804290771484,11.853776931762695,,,,12.748000144958496,,,11.161561965942383,11.82361125946045,,11.651666641235352,12.204878807067871,12.256570816040039,11.036006927490234,10.966438293457031,,,,,11.575080871582031,11.785721778869629,11.910816192626953,12.089637756347656
20191031,,,,,13.382068634033203,13.185832977294922,13.038021087646484,13.187446594238281,,,,,,,12.674836158752441,12.750748634338379,12.758225440979004,12.701873779296875,,13.177886009216309,12.271915435791016,12.551227569580078,,,,13.154230117797852,12.103344917297363,12.521097183227539,,12.326622009277344,13.244267463684082,,12.020001411437988,12.69467544555664,12.699573516845703,12.922436714172363,10.053888320922852,11.199166297912598,12.032395362854004,,12.792058944702148,12.206099510192871,12.747248649597168,11.19570255279541,11.623251914978027,11.572856903076172,12.312283515930176,12.511466026306152,12.248852729797363,12.372294425964355,12.417401313781738,11.579333305358887,11.682426452636719,11.63454532623291,11.731725692749023,12.04742431640625,12.07958984375,12.068992614746094,12.182605743408203,12.388083457946777,
20191101,,,12.695988655090332,13.586624145507812,,,14.456707954406738,14.469563484191895,14.518965721130371,14.730141639709473,,,,12.38401985168457,13.624885559082031,14.13499927520752,14.47685718536377,14.2432222366333,13.631998062133789,14.225936889648438,,,13.260306358337402,,12.941984176635742,13.633254051208496,,,,13.421627044677734,13.283411026000977,,,,,,,,,,,,,,,,,,,,,,,,,,,,,,12.788690567016602
20191102,,,,,,,,,,,,,,,,,,,,,,,,,,,,,,,,,,,,,,,,,,,,,,,,,,,,,,,,,,,,,
20191103,13.113428115844727,13.03695297241211,13.30267333984375,13.262187957763672,13.191376686096191,13.148857116699219,13.196942329406738,13.320696830749512,,,12.819393157958984,13.205131530761719,13.46617603302002,13.108758926391602,13.068888664245605,13.103879928588867,13.311549186706543,,,,12.537284851074219,12.781311988830566,13.357442855834961,,,,12.215173721313477,12.446355819702148,,,,11.737283706665039,11.987468719482422,12.830999374389648,,,11.608823776245117,11.583941459655762,12.060930252075195,,,,,,11.690086364746094,11.74802017211914,11.991891860961914,,12.9260835647583,,,11.358874320983887,11.399333000183105,11.590210914611816,11.679286003112793,11.91753101348877,12.007806777954102,12.157424926757812,,,
20191104,,12.678218841552734,12.826689720153809,13.02164077758789,12.905324935913086,13.040186882019043,13.196901321411133,13.508247375488281,14.041857719421387,,,,,12.709375381469727,12.751667022705078,12.943909645080566,13.149920463562012,13.36133098602295,13.28938102722168,,,,,,,,,,,,,,,,13.383255004882812,,11.28246784210205,,,,,12.69433307647705,,11.279570579528809,11.364999771118164,,,,12.528387069702148,12.550859451293945,,11.12905502319336,11.22567367553711,,,,11.954374313354492,12.006966590881348,12.39577865600586,12.786039352416992,
20191105,13.123802185058594,12.903085708618164,12.983428955078125,12.899218559265137,12.772862434387207,12.809883117675781,12.878572463989258,12.98688793182373,,,12.843103408813477,13.232969284057617,13.159036636352539,12.748722076416016,12.736770629882812,12.809710502624512,12.967659950256348,13.221750259399414,,,12.487345695495605,12.787447929382324,12.764649391174316,,,,12.107393264770508,12.336358070373535,,,,11.547122955322266,11.898815155029297,,12.715352058410645,,11.397912979125977,11.39505386352539,11.888402938842773,,13.291874885559082,12.339642524719238,13.070833206176758,11.447599411010742,11.543258666992188,11.54223918914795,11.747499465942383,12.59365463256836,12.368609428405762,12.238689422607422,12.62861156463623,11.126750946044922,11.216290473937988,11.28686809539795,11.394888877868652,11.697500228881836,11.812106132507324,11.823928833007812,12.098531723022461,12.44941520690918,
20191106,,,,,,,,11.92354679107666,,13.340998649597168,,,,,,,,,13.30593204498291,,,,,,,,12.513650894165039,,,,13.360804557800293,11.953352928161621,12.114570617675781,,,,11.749499320983887,11.692543029785156,12.452932357788086,,,12.510175704956055,13.187366485595703,11.66187572479248,11.819186210632324,11.738941192626953,,,,,12.921638488769531,11.36371898651123,11.479930877685547,11.613540649414062,11.537500381469727,,11.790083885192871,,,,
20191107,,,,,,,,,,,,,,,,,,,,,,,,,11.662727355957031,,,,,,,,,,13.47484302520752,,,,,,,12.856449127197266,13.436640739440918,,,,,,13.3430757522583,12.898286819458008,13.402429580688477,,,,,,,12.093548774719238,,13.235939979553223,13.536796569824219
20191108,,,12.68131160736084,12.501203536987305,12.507211685180664,,,,13.702691078186035,13.650895118713379,,,,,,,,,,,,,,,,13.083602905273438,,,,12.903593063354492,13.651667594909668,,,,,,,,,,,,,,,,,,,,,10.5344877243042,,,,,11.72933292388916,12.007856369018555,,,
20191109,,,12.256570816040039,,,,12.631421089172363,13.093506813049316,,13.89521598815918,,,,,,,12.649361610412598,13.156778335571289,13.286260604858398,13.175105094909668,,,,,12.756093978881836,13.085172653198242,,,,12.647651672363281,13.203070640563965,,,,12.480000495910645,12.841548919677734,,,,,,12.054157257080078,,10.487272262573242,,,,,,,,,,,,,,,,,12.580974578857422
20191110,,,,,,12.587395668029785,12.622916221618652,13.068203926086426,13.151086807250977,13.284071922302246,,,,,12.245797157287598,12.400985717773438,12.560864448547363,12.989861488342285,12.904492378234863,12.919479370117188,,,,,12.567845344543457,12.812013626098633,,,,12.298879623413086,12.92683219909668,,,,12.278429985046387,12.913800239562988,,,,,,11.92638111114502,12.706249237060547,,11.088292121887207,,,,11.748407363891602,11.845470428466797,12.560416221618652,10.745000839233398,11.175559043884277,,,,,,,12.396332740783691,12.558013916015625
20191111,,,,,,,,12.36073112487793,,,,,,,,12.366020202636719,11.73448371887207,12.091744422912598,,,,,12.483332633972168,,,,,,,,,,,,12.465567588806152,,,,,,12.42390251159668,11.669520378112793,,,,,,,11.696817398071289,11.545666694641113,,,,,,,,,10.82288932800293,,
20191112,,,,,,,,,,,,,,,,,,,,13.753971099853516,,,,,13.312326431274414,13.551305770874023,,,,13.060186386108398,13.753792762756348,,,,,,,,,,,,,,,,,,,,,,,,,,,,,,
20191113,12.661153793334961,,12.81303596496582,12.559359550476074,12.68295955657959,12.851887702941895,,,,,12.392926216125488,,12.925861358642578,12.392213821411133,12.429801940917969,12.466936111450195,12.476908683776855,,,,,,,,,,,,,,,,,,,,,11.272500991821289,,,,,,,,,,,,,,,,,,,,,,,
20191114,,,,,,,,,,12.8335542678833,,,,,,,,,,,,,,,,,,,,,,,,,,,,,,,,,12.404367446899414,,,,,,,,12.56734561920166,,,,,,,,,,
20191115,,,,,,,,12.691999435424805,,,,,,,,11.547175407409668,11.917691230773926,12.297581672668457,13.074490547180176,,,,,,,,,,,,,,,,,,,,,,,,,10.79729175567627,10.976863861083984,11.001666069030762,,12.037837028503418,11.766130447387695,,,10.822500228881836,10.998333930969238,11.016794204711914,10.935555458068848,,11.333605766296387,11.504590034484863,11.585862159729004,11.917789459228516,
20191116,12.790846824645996,12.54414176940918,12.743200302124023,12.853269577026367,12.85374927520752,12.818986892700195,12.6507568359375,12.887969017028809,13.25461483001709,12.975683212280273,12.325648307800293,12.378399848937988,12.861015319824219,12.489727020263672,12.492607116699219,12.487154960632324,12.517370223999023,12.631887435913086,12.844892501831055,12.805455207824707,12.298494338989258,,12.278976440429688,,12.494394302368164,13.26736068725586,11.866874694824219,12.211609840393066,,12.279337882995605,13.027950286865234,11.438089370727539,11.535664558410645,,12.24923324584961,13.039676666259766,11.007349967956543,11.063923835754395,11.619817733764648,,12.405499458312988,11.934045791625977,12.818713188171387,10.954461097717285,11.145201683044434,11.119547843933105,,,11.732308387756348,12.148845672607422,12.375574111938477,11.10200023651123,11.134760856628418,10.888947486877441,11.09760856628418,11.211817741394043,,11.552499771118164,11.514486312866211,,11.855759620666504
20191117,,,,,13.333463668823242,,13.196808815002441,13.3646240234375,13.762399673461914,13.449427604675293,,,,13.06419563293457,13.12944507598877,13.18013858795166,13.08082103729248,13.124427795410156,13.223588943481445,13.335945129394531,,,12.90461540222168,,12.993249893188477,13.439712524414062,,,,,,,12.214715957641602,,12.69798469543457,13.00659465789795,,,,,,12.183152198791504,13.296152114868164,11.3740816116333,,11.592933654785156,,12.3385591506958,12.254494667053223,12.097749710083008,,11.588947296142578,11.538593292236328,11.294333457946777,,,11.659722328186035,,11.952540397644043,12.03600025177002,11.853936195373535
20191118,12.11391830444336,,,,,,,,,,,,,,,,,,,,,,,,,,,,,,,,,,,,,,,,,,,,,,,,,,,,,,,,,,,,
20191119,,,,,12.366215705871582,,,12.368931770324707,12.865923881530762,13.066046714782715,,,12.063946723937988,12.4669828414917,12.382603645324707,12.40101146697998,12.579535484313965,12.186127662658691,,12.833205223083496,,,,,12.588749885559082,12.934453010559082,,,,12.528332710266113,13.094714164733887,,,,12.52830696105957,12.987323760986328,,,,,12.755760192871094,12.100489616394043,13.031561851501465,,,,,,12.454999923706055,12.164647102355957,12.87125015258789,,,,,,,,,,
20191120,,,11.848388671875,12.588644981384277,12.922499656677246,12.809999465942383,12.70212173461914,12.95209789276123,12.80078125,12.972335815429688,,11.254742622375488,12.371720314025879,12.570462226867676,12.63991641998291,12.751459121704102,12.562291145324707,12.385920524597168,12.550578117370605,,11.689055442810059,11.674762725830078,,,,,11.30179214477539,11.786919593811035,,,,10.523909568786621,10.249659538269043,,,,10.198087692260742,,,,,,,,,,,,,,12.167832374572754,10.306891441345215,,,,,11.016160011291504,11.338749885559082,11.758318901062012,11.77750015258789,11.839999198913574
20191121,,,,13.636499404907227,13.558592796325684,,,,,13.975509643554688,,,,,,12.5610990524292,,12.636585235595703,,13.578272819519043,,,,,,,,,,,,10.26361083984375,,,,,,,,,,,,,,,,,,,,,,,,,,,,,
20191122,,,,,13.727426528930664,13.678437232971191,13.474061965942383,13.580658912658691,,,,,,13.390252113342285,13.434440612792969,13.432568550109863,13.37804889678955,13.431191444396973,13.501566886901855,,13.162982940673828,,13.471930503845215,,13.224929809570312,13.356549263000488,12.768646240234375,12.880121231079102,,13.012639045715332,13.34579849243164,11.999662399291992,12.011086463928223,12.877548217773438,13.000311851501465,13.555838584899902,11.802124977111816,11.771503448486328,12.567919731140137,,,12.470845222473145,13.487187385559082,11.811015129089355,11.90118408203125,11.846386909484863,12.321887016296387,,12.322210311889648,12.480340957641602,13.309247016906738,11.463346481323242,11.751953125,11.729789733886719,11.650945663452148,11.600423812866211,11.60260009765625,,11.88878345489502,12.115196228027344,12.158020973205566
20191123,,,,,,,12.485834121704102,,,,,,,,,,,13.130544662475586,,,,,,,,,,,,,,,,,,,,,,,,,,,,,,,,,,10.342279434204102,,,,,,,,,
20191124,12.814553260803223,12.604079246520996,12.871105194091797,13.221986770629883,13.212279319763184,13.231314659118652,13.164530754089355,13.567395210266113,14.108845710754395,13.946979522705078,12.601449012756348,12.851826667785645,13.383673667907715,12.912215232849121,12.985499382019043,12.95080852508545,13.055152893066406,13.295784950256348,13.450164794921875,13.8187837600708,12.535054206848145,12.547553062438965,12.77151107788086,,13.503484725952148,14.03128433227539,11.827159881591797,12.36828327178955,,13.259191513061523,14.158005714416504,11.222336769104004,11.568230628967285,12.456184387207031,13.36822509765625,14.161370277404785,,,,,,12.848245620727539,,,,,,,,12.75452995300293,13.998017311096191,,,,,,,,,,13.484204292297363
20191125,12.69222640991211,12.553596496582031,12.945001602172852,,13.145528793334961,13.288169860839844,12.897455215454102,13.280044555664062,,,12.424375534057617,12.517545700073242,13.071874618530273,,,13.00473690032959,12.99093246459961,13.103187561035156,13.37580680847168,,,,,,,,,,,,,,,,,,,,,,,,,,,,,,,12.96743106842041,,,,,,,,,,,
20191126,12.665788650512695,,,13.180453300476074,13.144577026367188,13.20164680480957,13.306999206542969,13.455572128295898,,,12.80571174621582,,,,,12.903488159179688,12.996320724487305,13.286842346191406,,,12.414552688598633,,,,,,12.045951843261719,12.258671760559082,,,,,11.732595443725586,,,,,,11.929126739501953,,,,,,,,,,,,,,,,,,,,,,
20191127,13.143437385559082,,,,13.655350685119629,13.547028541564941,13.361106872558594,13.703015327453613,,,,,,,13.325225830078125,13.326557159423828,13.300931930541992,13.300623893737793,,,,,13.321819305419922,,,13.442977905273438,,,,12.724632263183594,13.454632759094238,,,,12.947333335876465,13.679069519042969,,,,,13.427618026733398,12.304301261901855,13.68753433227539,,,,,,,11.510735511779785,12.83269214630127,,,,,,,,,,12.419594764709473
20191128,,,,,,,,,,14.47166633605957,,,,,,,,,,14.074090003967285,,,,,13.671935081481934,14.205999374389648,,,,,,,,,,,,,,,,,,,,,,,13.380231857299805,,,,,,,,,,,,
20191129,12.64380931854248,12.447816848754883,12.955963134765625,13.497499465942383,,,13.048192977905273,,,,12.886979103088379,12.934539794921875,13.54883861541748,,,,,,,,12.775382041931152,12.722289085388184,,,,,12.166711807250977,12.587590217590332,,,,,12.263521194458008,12.780950546264648,,,,,,,,,,,,,,,,,,,,,,11.758584022521973,,,,,
20191130,12.836284637451172,12.580000877380371,12.820330619812012,13.257196426391602,,,,,,,12.739912986755371,13.013020515441895,13.286426544189453,13.169515609741211,,,,,,,12.536341667175293,,13.059219360351562,,,,12.324884414672852,12.460554122924805,,,,11.882039070129395,12.172396659851074,,,,11.431803703308105,11.716028213500977,11.936376571655273,,,,,11.273780822753906,11.123695373535156,11.400364875793457,,13.255561828613281,12.778897285461426,11.913898468017578,,11.125468254089355,,,11.262755393981934,11.7745361328125,11.998985290527344,11.734187126159668,11.793632507324219,11.596999168395996,12.287646293640137
20191201,,,,,,,,,,,,,,,,,,,,,,,,,,,,,,,,,,,,13.899358749389648,,,,,,12.750760078430176,13.833853721618652,,,,,,,12.484012603759766,13.352697372436523,,,,,,,,,,12.699999809265137
20191202,,,,,,,12.97874927520752,13.453805923461914,14.224264144897461,13.601805686950684,,,13.089333534240723,,,,13.036970138549805,,,13.267620086669922,,,,,,13.470000267028809,,,,,,,,,12.42605209350586,,,,,,,,,,,,,,,,,,,,,,,,,,
20191203,,,,,,,,,,14.15776538848877,,,,,,,,,13.098499298095703,13.48940372467041,,,,,13.470873832702637,,,,,13.377888679504395,14.02286434173584,,,,,,,,,,13.620332717895508,12.555087089538574,13.483750343322754,,,,,,,12.164999961853027,,,,11.221538543701172,11.3496732711792,11.639857292175293,,,,,
20191204,13.106063842773438,,12.855192184448242,,,,,,,,12.863665580749512,,,13.1671142578125,,,,,,,,,,,,,,,,,,11.545160293579102,12.098499298095703,12.314558982849121,,14.205406188964844,,,,,,,14.015217781066895,,,,,,,,13.713260650634766,,,,,,,,,,
20191205,,,,,,,,,,,,,,,,12.813255310058594,12.861248970031738,,12.820271492004395,,,,,,12.889998435974121,13.507025718688965,,,,12.859152793884277,13.775591850280762,,,,,13.779386520385742,,,,,,,,,,,,,,,,,,,,,,,,,
20191206,,,,,,13.209750175476074,13.047882080078125,,,13.619912147521973,,,,12.979772567749023,12.894515037536621,12.95230770111084,12.961129188537598,12.897326469421387,13.233078956604004,13.228462219238281,,,,,13.075833320617676,13.551735877990723,,,,13.118528366088867,13.961318969726562,,,,12.926597595214844,13.642126083374023,11.04259967803955,,,,,12.369415283203125,13.678119659423828,,,11.14218807220459,,,12.024287223815918,11.108333587646484,13.21810245513916,,10.46430492401123,10.597556114196777,,,,,,,
20191207,12.668665885925293,12.604120254516602,12.50072956085205,12.674420356750488,12.618172645568848,,,,,,12.451911926269531,,12.614678382873535,,,,,,,,,,,,,,,,,,13.788020133972168,,,,,13.506099700927734,,,,,,11.959816932678223,13.370671272277832,,,,,,12.115081787109375,11.50732421875,12.739112854003906,,,,,,,11.321022987365723,11.98784351348877,11.922910690307617,11.771482467651367
20191208,12.295675277709961,,,13.79464054107666,14.040034294128418,14.143402099609375,13.813193321228027,13.820354461669922,13.954110145568848,13.645907402038574,,,,13.73680305480957,13.810867309570312,13.760868072509766,13.689858436584473,13.596306800842285,13.501752853393555,13.398369789123535,,,13.630228042602539,,13.15250015258789,13.45132827758789,,,,,13.710968971252441,,,,,,,,,,,12.081707954406738,13.42357063293457,,,,,,,,,,,,,,,,,,
20191209,,13.042542457580566,12.630998611450195,,,12.497049331665039,13.557112693786621,13.495566368103027,12.39612865447998,13.346595764160156,,,,12.854166030883789,,,12.733222961425781,13.825779914855957,,,,,,,,14.740737915039062,,,,13.804895401000977,14.783487319946289,,,,13.79043960571289,14.420500755310059,,,,,13.365111351013184,12.636950492858887,,,,,12.351970672607422,,12.300118446350098,11.909090995788574,13.429315567016602,,,9.690570831298828,,,,,,11.675881385803223,11.88774299621582
20191210,,,,13.160385131835938,,,,,,,,,13.461146354675293,13.409021377563477,13.365614891052246,,,,,,,,13.574410438537598,,,,,,,,,,,,,,,,,,,,,,,,,,,,,,,,,,,,,,12.08806324005127
20191211,12.797423362731934,12.734997749328613,12.905165672302246,13.59739875793457,13.63066577911377,13.794214248657227,,,,,12.612836837768555,,,,,,,,,,,,,,,,,,,,,,,12.060159683227539,,,,,,,13.54455852508545,,,,,,,,12.61798095703125,12.0029296875,,,,,,,,,,,
20191212,,,,,13.837225914001465,13.987129211425781,13.891985893249512,14.07481575012207,14.389196395874023,14.33727741241455,,,,13.544998168945312,13.64461898803711,13.767688751220703,13.984855651855469,14.02324104309082,13.78182601928711,13.906517028808594,,,14.00999927520752,,,13.985270500183105,,,,,14.037708282470703,,,,,,,,,,,12.940451622009277,,,,,,,,,13.466413497924805,,,,,,,,,,
20191213,,,,,,,13.591184616088867,14.06602954864502,14.214548110961914,,,,,,,,13.797114372253418,13.960137367248535,13.519576072692871,,,,,,,,,,,,,,,,,,,,,,,,,,,,,,,,,,,,,,,,,,
20191214,,,,,,,,,,,,,,,,14.25926399230957,,,,,,,,,,,,,,,,,,,,,,,,,,,,,,,,,,,,,,,,,,,,,
20191215,,,,,,,,,,,,,,,,,,,,,,,,,,,,,,,,,,,,,,,,,,,,,,,,,,,,,,,,,,,,,
20191216,,,,13.853361129760742,14.151284217834473,14.346048355102539,14.239789962768555,14.448010444641113,,14.530509948730469,13.186727523803711,,14.127408981323242,14.018147468566895,14.158472061157227,14.242606163024902,14.133957862854004,14.378802299499512,13.77862548828125,14.097583770751953,12.956735610961914,13.165498733520508,13.959534645080566,,14.026517868041992,14.259458541870117,12.757238388061523,13.014229774475098,,,,12.426274299621582,,,13.801098823547363,14.647819519042969,11.763834953308105,,,,,,13.815815925598145,11.767053604125977,11.493668556213379,,,,,13.504687309265137,13.774771690368652,11.738333702087402,,,,,,11.754618644714355,12.361916542053223,12.680394172668457,13.115233421325684
20191217,,13.520322799682617,13.578478813171387,13.795284271240234,13.92927074432373,14.065495491027832,13.947636604309082,13.981423377990723,14.713951110839844,14.494665145874023,,,13.71304702758789,13.564506530761719,13.68831729888916,13.995233535766602,13.842432022094727,,13.65544605255127,13.94219970703125,,,13.629888534545898,,,,,,,13.42974853515625,14.285873413085938,,,,14.05091381072998,14.512394905090332,,,,,14.324807167053223,13.720575332641602,14.169242858886719,,,,,13.586973190307617,,13.96372127532959,13.8462495803833,,,,,,,,,,
20191218,,,,,,,,,,,,,,,,,,,,,,,,,,,,,,,,,,,,,,,,,,,,,,,,,,,,,,,,,,,,,
20191219,,,,,,,,,,,,,,,,,,,,,,,,,,,,,,,,,,,,,,,,,,,,,,,,,,,,,,,,,,,,,
20191220,13.903099060058594,13.736145973205566,13.55061149597168,,,,,,,,13.749436378479004,14.066838264465332,14.224892616271973,,,,,,,,13.797812461853027,13.784412384033203,,,,,13.513518333435059,14.029245376586914,,,,12.798068046569824,,,,,,,,,,,,,,,,,,,,,,,,,,,,,
20191221,,,,,,,,,,,,,,14.74641227722168,14.962384223937988,,,,,,13.38277816772461,13.568974494934082,,,15.988024711608887,,13.136180877685547,13.665326118469238,,,,12.733508110046387,13.19755744934082,13.583610534667969,,,12.361328125,12.48603343963623,13.508872032165527,,,,,12.098864555358887,12.141297340393066,12.333440780639648,12.573795318603516,15.530877113342285,13.463708877563477,,,,,12.112414360046387,12.273391723632812,12.198537826538086,,,,,
20191222,13.575769424438477,13.625600814819336,13.780976295471191,14.070488929748535,14.27663803100586,14.530171394348145,14.42010498046875,14.898957252502441,15.580137252807617,14.764337539672852,13.307916641235352,,14.439517974853516,14.162111282348633,14.39826488494873,14.55802059173584,14.626523971557617,14.955699920654297,14.73985481262207,14.56065559387207,,,14.624534606933594,,14.709229469299316,15.509432792663574,,,,14.280969619750977,15.21878433227539,,,,14.539158821105957,14.895658493041992,,,,,,14.031889915466309,14.033984184265137,,,,,,,13.612500190734863,13.864276885986328,,,,,,,,,,
20191223,,,13.559999465942383,13.926918983459473,14.092522621154785,14.605334281921387,14.365158081054688,14.417623519897461,,,13.513124465942383,,,,14.081666946411133,14.295364379882812,,,,,13.772919654846191,13.314432144165039,,,,,,13.64924144744873,,13.876665115356445,14.669544219970703,,13.57758903503418,,,,,,,,,,,,,,,,,,,,,,,,,,,,
20191224,,14.518795013427734,14.795541763305664,15.10243034362793,15.21533203125,15.17105484008789,,,,,,14.519999504089355,15.070164680480957,15.076249122619629,,15.08774471282959,,15.042856216430664,,,14.175761222839355,13.815162658691406,,,,,13.920659065246582,14.37012004852295,,,,13.35234260559082,13.912429809570312,14.502150535583496,,,13.009078025817871,13.219826698303223,13.998751640319824,,,,,12.737581253051758,12.743484497070312,12.889541625976562,13.573737144470215,,12.654411315917969,13.555244445800781,13.475215911865234,12.126500129699707,12.203302383422852,12.3551607131958,12.56834888458252,12.659679412841797,12.388639450073242,12.334813117980957,12.524723052978516,13.35983657836914,13.6327543258667
20191225,13.675191879272461,,,,,,,,,,13.390111923217773,,,,,,,,,,13.558537483215332,,,,,,13.259419441223145,,,,,12.859816551208496,,,15.217673301696777,,12.403499603271484,,,,,14.950037956237793,14.902982711791992,,,,,14.430277824401855,14.160999298095703,14.599966049194336,14.387040138244629,,,,,,,13.007501602172852,12.959920883178711,14.258094787597656,14.40558910369873
20191226,14.166045188903809,14.380461692810059,14.848750114440918,15.193193435668945,15.228021621704102,15.320521354675293,15.42067813873291,15.734297752380371,15.977611541748047,15.308809280395508,13.96500015258789,15.234749794006348,15.452966690063477,15.19727611541748,15.265539169311523,15.127901077270508,,,14.683537483215332,15.481597900390625,,,,,14.22034740447998,15.59444522857666,,,,13.914908409118652,15.437142372131348,,,,14.14080810546875,15.070499420166016,,,,,,,14.011780738830566,,,,,,13.563664436340332,13.749777793884277,13.490988731384277,,,,,,12.868589401245117,12.405892372131348,12.626832008361816,13.30384635925293,13.515390396118164
20191227,14.041763305664062,14.36019229888916,14.814409255981445,15.203436851501465,15.32381820678711,15.39791488647461,15.31020736694336,15.773404121398926,16.817108154296875,16.460798263549805,14.055841445922852,14.9454345703125,15.564167022705078,15.241778373718262,15.283473014831543,15.354235649108887,15.631185531616211,15.862555503845215,15.482778549194336,16.34808349609375,14.170476913452148,13.977998733520508,15.948871612548828,,,,13.879111289978027,14.827719688415527,,,,13.206666946411133,14.150833129882812,15.212458610534668,15.57130241394043,,12.846449851989746,13.15855884552002,14.222055435180664,,,,,12.623540878295898,12.522217750549316,12.806373596191406,13.369562149047852,14.7524995803833,13.684198379516602,14.308086395263672,14.064615249633789,11.905227661132812,12.146747589111328,12.179078102111816,12.459322929382324,12.509523391723633,12.46310806274414,12.603571891784668,12.903411865234375,13.931608200073242,13.9765043258667
20191228,,,,,,,,,,13.730323791503906,,,,,,,,,,,,,,,,,,,,,,,,,,,,,,,,,,,,,,,,,,,,,,,,,,,
20191229,14.846750259399414,15.232047080993652,15.633013725280762,15.859930992126465,15.94486141204834,15.98765754699707,15.983985900878906,16.482500076293945,17.500255584716797,17.041778564453125,,,16.411901473999023,16.072294235229492,16.050174713134766,16.033470153808594,16.05036163330078,16.270915985107422,15.769048690795898,,15.153307914733887,,16.950681686401367,,,,15.023102760314941,16.22951316833496,,,,14.373581886291504,15.271259307861328,16.047574996948242,,,13.806533813476562,14.156442642211914,15.064665794372559,,,,,13.376340866088867,13.368695259094238,13.638978958129883,13.969741821289062,15.645391464233398,15.105243682861328,,14.32162857055664,12.557313919067383,12.755699157714844,13.022881507873535,13.020659446716309,13.248541831970215,13.090499877929688,12.955927848815918,13.275038719177246,14.55778694152832,14.351006507873535
20191230,,,,,,,,18.535572052001953,18.91377830505371,18.420108795166016,,,,,,,17.334522247314453,17.42088508605957,16.60523223876953,17.697404861450195,,,,,15.713281631469727,16.65250015258789,,,,15.843827247619629,16.76742935180664,,,,16.21752166748047,16.78870391845703,,,,,,,17.30621337890625,,,,,,,,,,,,,,14.21744441986084,,,,
20191231,14.554059982299805,14.682784080505371,,,,,,,,,14.487096786499023,15.256187438964844,16.64855194091797,,,,,,,,14.278432846069336,14.246562957763672,,,,,14.151973724365234,15.101664543151855,,,,13.535545349121094,14.325763702392578,,,,13.163912773132324,13.430076599121094,14.479270935058594,,,,,12.625761985778809,12.799999237060547,13.15408992767334,13.989710807800293,,,,,12.038166046142578,12.388853073120117,12.676532745361328,12.993088722229004,12.889999389648438,12.640214920043945,12.45421314239502,,,
20200101,13.989627838134766,14.494070053100586,14.799076080322266,15.150299072265625,15.607086181640625,15.803625106811523,15.781041145324707,16.127498626708984,16.966737747192383,16.52114486694336,14.516473770141602,15.482277870178223,15.608248710632324,15.758862495422363,15.78506851196289,15.829548835754395,15.94757080078125,16.114683151245117,15.756124496459961,16.233678817749023,14.438344955444336,,16.508928298950195,,,17.007125854492188,14.371415138244629,15.019142150878906,,15.482124328613281,17.0226993560791,13.544254302978516,14.242462158203125,,16.055524826049805,16.704683303833008,13.14950942993164,13.307022094726562,14.73585319519043,,17.208295822143555,16.121417999267578,16.49656105041504,12.277143478393555,12.496312141418457,13.192622184753418,13.458076477050781,15.296598434448242,14.743791580200195,15.758572578430176,14.894316673278809,11.841296195983887,12.510396957397461,12.763288497924805,12.853998184204102,13.049769401550293,12.998793601989746,13.04201602935791,13.418367385864258,14.904375076293945,14.611641883850098
20200102,14.76834487915039,14.856789588928223,15.343510627746582,15.568815231323242,15.597047805786133,15.493858337402344,15.37381649017334,15.200881004333496,,,14.81561279296875,15.352792739868164,16.22453498840332,15.852184295654297,15.815717697143555,15.701467514038086,15.75197982788086,16.18286895751953,14.955195426940918,15.730694770812988,,,16.12612533569336,,,16.37285804748535,,,,,,,,,,,13.082500457763672,,,,,,,,12.52112865447998,,,,,,,,,12.51544189453125,,,,,13.477660179138184,14.791818618774414,15.026490211486816
20200103,15.425637245178223,15.539895057678223,15.938719749450684,,15.577409744262695,15.847737312316895,,,,,15.61652660369873,16.178443908691406,16.675567626953125,16.211702346801758,15.800191879272461,15.609621047973633,15.589529991149902,16.061120986938477,16.09377098083496,,15.422538757324219,15.883235931396484,15.446044921875,,,,15.19255542755127,15.802234649658203,,,16.346500396728516,14.269753456115723,14.880044937133789,16.484539031982422,,,,13.798095703125,14.720333099365234,,,,,,13.398957252502441,13.850637435913086,,,,,,,,12.729393005371094,,12.85163402557373,12.889411926269531,,,,
20200104,,,,,,,,16.00861167907715,,,,,,,,,,,,,,,,,,,,,,,,,,,,,,,,,,,,,,,,,,,,,,,,,12.163922309875488,,,,
20200105,,,,,,,,,,,,,,,,,,,,,,,,,,,,,,,,,,,,,,,,,,,,11.466219902038574,,,11.739117622375488,,,,,,,,10.895624160766602,,,,,,
20200106,14.84138298034668,14.799623489379883,15.194811820983887,,,,,,,,14.77475643157959,15.441605567932129,15.865649223327637,15.681326866149902,,,,,,,14.648540496826172,14.915680885314941,15.597500801086426,,,,14.655694007873535,15.2378511428833,,,,13.61517333984375,14.602219581604004,15.727469444274902,,,12.71496295928955,13.409305572509766,14.628378868103027,,,,,12.15119743347168,12.78079891204834,13.041295051574707,13.824165344238281,14.5649995803833,,15.300140380859375,14.4347562789917,12.048110961914062,12.469852447509766,12.660849571228027,12.935587882995605,12.889366149902344,12.687419891357422,,13.285642623901367,14.749505996704102,14.266048431396484
20200107,15.178677558898926,14.810543060302734,,,,,,,,,15.037429809570312,15.358016014099121,,,,,,,,,15.113779067993164,14.984383583068848,,,,,,,,14.596028327941895,,,,,,,,,,,,,,,,,,,,,,,,,,,,,,,
20200108,14.21835708618164,14.977904319763184,15.589630126953125,15.750768661499023,15.691560745239258,14.731738090515137,13.417777061462402,14.306124687194824,,,14.701537132263184,15.61112117767334,16.487525939941406,16.341032028198242,15.839813232421875,14.81556224822998,14.317436218261719,14.881921768188477,13.92249870300293,,14.783815383911133,15.089576721191406,,,,15.618780136108398,14.850555419921875,14.990604400634766,,14.70625114440918,15.264999389648438,13.96539306640625,14.845107078552246,15.23788833618164,,16.052621841430664,13.289106369018555,13.997285842895508,15.351353645324707,,,,,13.148382186889648,13.271110534667969,13.858868598937988,14.636306762695312,14.642498970031738,14.281146049499512,,,,,,,,13.266016960144043,13.31180477142334,13.986665725708008,15.186017036437988,14.325468063354492
20200109,,,,,,17.23202133178711,17.52141761779785,17.71298599243164,17.871061325073242,17.362985610961914,,,,,,17.12662124633789,17.435401916503906,17.33725929260254,16.927743911743164,17.241397857666016,,15.823427200317383,,,,17.456077575683594,,16.284780502319336,,,,,16.580699920654297,16.721940994262695,,,,15.999256134033203,16.585966110229492,,,,16.330467224121094,,,14.887577056884766,15.499126434326172,16.163192749023438,15.25567626953125,16.741979598999023,15.820525169372559,,13.868856430053711,13.897311210632324,14.017793655395508,14.14155387878418,14.080979347229004,,14.526759147644043,15.731344223022461,14.8916654586792
20200110,,,,,,,15.617658615112305,,,,,,,,,,16.379703521728516,,,,,,,,,,,,,,,,,,,,,,,,,,,,,,,,,,,,,,,,,,,,
20200111,,15.356405258178711,15.531664848327637,15.684453964233398,15.646777153015137,15.606499671936035,15.736957550048828,16.033306121826172,,16.098224639892578,,15.628748893737793,,16.24028205871582,16.09172248840332,15.971144676208496,16.177791595458984,16.327442169189453,15.466508865356445,15.898421287536621,,,,,15.520268440246582,16.615419387817383,,,,,,,,,15.67441177368164,,,,,,,,,,,,,,,,,,,,,,,,,,
20200112,,,,,,,,,,,,,,,,,,,,,,,,,,,,,,,,,,,,,,,,,,,,,,,,,,,,,,,,,12.65666675567627,,,,
20200113,15.053014755249023,15.18785285949707,15.56593132019043,15.826349258422852,15.953889846801758,16.01510238647461,16.02805519104004,16.65067481994629,17.294116973876953,16.59295082092285,15.10222053527832,15.599689483642578,16.54300880432129,16.1038875579834,16.11784553527832,16.012062072753906,16.194738388061523,16.778858184814453,16.211782455444336,16.567481994628906,15.074931144714355,15.128070831298828,16.180810928344727,,,17.019838333129883,14.964200973510742,15.343901634216309,,15.76186466217041,16.81146812438965,13.518085479736328,14.74149227142334,15.627910614013672,15.774805068969727,16.253957748413086,13.249515533447266,13.96611499786377,14.942782402038574,,16.51679229736328,15.732776641845703,15.727499961853027,,,13.943157196044922,14.319297790527344,14.808053016662598,14.372990608215332,15.463480949401855,14.38546371459961,,,,13.171531677246094,13.680344581604004,,13.491533279418945,14.004762649536133,14.342659950256348,14.063164710998535
20200114,,16.3889217376709,16.399433135986328,16.538530349731445,16.44793128967285,16.46864891052246,16.513166427612305,16.990880966186523,17.514568328857422,16.93048667907715,,,17.04389762878418,16.64761734008789,16.738889694213867,,16.555660247802734,16.889131546020508,16.414865493774414,16.81277847290039,,15.579849243164062,16.801408767700195,,,17.10352897644043,,15.831562042236328,,15.446187973022461,16.744312286376953,,15.462430953979492,16.409751892089844,15.538593292236328,16.32674217224121,,,,,,15.551231384277344,15.934685707092285,12.858953475952148,,,,,14.382266998291016,15.662744522094727,15.058272361755371,12.684096336364746,12.816088676452637,13.121817588806152,14.116874694824219,13.86837100982666,13.665743827819824,13.464374542236328,14.171110153198242,14.732377052307129,14.534597396850586
20200115,,,,,,,,,18.52699851989746,17.57064437866211,,,,,,,,17.810178756713867,17.942550659179688,17.780364990234375,,,,,,,,,,,17.828535079956055,,,,16.037302017211914,16.568124771118164,,,,,17.24905776977539,15.400747299194336,,,,,,16.906587600708008,16.53137969970703,16.47051239013672,14.973689079284668,,,,,15.547998428344727,14.29088306427002,14.594999313354492,15.807597160339355,15.966999053955078,14.689740180969238
20200116,,,,,,,,,,,,,,,,,,,,,,,,,,,,,,,,,,,,,,,,,,,,,,,,,,,,,,,,,,,,,
20200117,14.574627876281738,,,,,,,,,,14.611806869506836,,,,,,,,,,14.921749114990234,14.667088508605957,,,,,14.915505409240723,15.020675659179688,,,,13.718009948730469,15.105618476867676,14.942732810974121,15.606383323669434,16.08918571472168,13.489341735839844,14.620104789733887,,,,15.271774291992188,15.68873119354248,12.925126075744629,13.288565635681152,13.504194259643555,14.587223052978516,,14.290624618530273,,,12.58269214630127,12.872621536254883,13.099103927612305,14.03017520904541,14.017452239990234,13.676393508911133,13.513615608215332,13.705297470092773,14.052186965942383,
20200118,,15.470659255981445,15.836535453796387,15.834303855895996,,,15.991776466369629,,,,14.544241905212402,15.827108383178711,16.48699951171875,16.14215850830078,,,,,,,,,,,,,14.874741554260254,14.982745170593262,,,,13.770174026489258,14.972603797912598,14.7012300491333,,,13.877742767333984,14.949665069580078,14.570687294006348,,,,,13.03558349609375,13.439846992492676,14.287132263183594,13.946666717529297,,,,,12.733675956726074,12.944265365600586,13.312393188476562,13.866458892822266,14.053548812866211,14.195134162902832,,,,
20200119,,,,15.74465274810791,,,,,,,,,,,,,,,,,,,,,,,,,,,,,,,,,,,,,,,,,,,,,14.756902694702148,,,,12.9556245803833,,,14.052115440368652,,13.503730773925781,14.70541000366211,,
20200120,,,,,,,,,,,,,,,,,,,,,,,,,,,,,,,,,,,,,,,,,,,,,,,,,,,15.057031631469727,,,,,,13.890713691711426,,15.329767227172852,14.673068046569824,
20200121,,,,15.370552062988281,15.581070899963379,,,,,,,,,15.79909610748291,15.811612129211426,,,,,,,,,,,,,,,,,,,,,,14.808209419250488,,,,,,,,13.4975004196167,,,,,,,,13.06360149383545,,,,,,,,
20200122,,,15.515543937683105,16.00267219543457,16.10190773010254,16.070402145385742,16.1949520111084,16.803823471069336,16.926891326904297,17.171329498291016,,,16.438865661621094,16.5056095123291,16.44701385498047,16.32270050048828,16.35398292541504,16.792016983032227,16.013296127319336,16.360309600830078,,,17.203750610351562,,,16.709394454956055,,,,,15.939387321472168,,,,,,14.792831420898438,,13.598333358764648,,,,,,,,13.74339771270752,,,,,,,,14.113762855529785,13.835086822509766,13.849187850952148,13.875539779663086,,,13.998615264892578
20200123,,,,,,,,,,,,,,,,,,,,,,,,,,,,,,,,,,,,,,,,,,,,,,,,,,,,,,,,,,,,,
20200124,15.043392181396484,15.447763442993164,15.660771369934082,15.764389038085938,15.918539047241211,15.960357666015625,16.074275970458984,16.601314544677734,16.647024154663086,16.97283172607422,14.652271270751953,,,15.820645332336426,16.093050003051758,16.000516891479492,16.1783504486084,16.64039421081543,16.274808883666992,16.284299850463867,14.649435043334961,,16.56035614013672,,15.674392700195312,16.631595611572266,14.900702476501465,,,15.273880958557129,16.5478458404541,14.28177261352539,14.790781021118164,,15.657965660095215,16.758333206176758,,,,,16.297870635986328,15.891861915588379,17.16458511352539,,,,,15.244829177856445,15.345775604248047,15.724621772766113,15.93734359741211,12.484000205993652,,,,13.960000038146973,13.901593208312988,14.136557579040527,15.155550956726074,15.509757995605469,14.413888931274414
20200125,,,,,16.792795181274414,16.748620986938477,16.69647789001465,,17.488065719604492,17.37357521057129,,,,,,,,,17.182706832885742,17.0162296295166,,,,,,,,,,,,,,,,,,,,,,,,,,,,,15.39047622680664,15.864323616027832,15.6971435546875,,,,13.969285011291504,,,,15.316060066223145,15.617706298828125,14.425731658935547
20200126,,,,,,,,,,19.191020965576172,,,,,,,,,17.976308822631836,17.932125091552734,,,,,,17.46152687072754,,,,16.649757385253906,17.45551109313965,,,,,,,,,,,,17.358436584472656,,,,,,,,,,,,,,,,,,
20200127,,,,,,,,,,17.8973388671875,,,,,,,,,,16.619531631469727,,,,,,,,,,,,,,,,,,,,,,,,,,,,,,,,,,,,,,,,,
20200128,,,,,,16.23404312133789,,,,,,,,,,,,,,,,,,,,,,,,,,,,,,,,,,,,,,,,,,,,,,,,,,,,,,,
20200129,,13.491527557373047,,,,15.101408958435059,16.243492126464844,16.631563186645508,,16.771751403808594,12.84689998626709,13.785937309265137,,16.100555419921875,16.146562576293945,16.306291580200195,16.337478637695312,16.69330596923828,,,12.918841361999512,12.794374465942383,16.282958984375,16.368709564208984,15.95953369140625,16.68771743774414,12.475223541259766,,,16.591941833496094,17.590959548950195,12.26693344116211,,,16.461341857910156,17.675060272216797,,,,,,16.557476043701172,17.473283767700195,,,,,,,16.333084106445312,16.931039810180664,,,,,,,14.100936889648438,14.56164836883545,15.371492385864258,15.062285423278809
20200130,16.534778594970703,16.62150001525879,17.08246612548828,17.12472152709961,17.122013092041016,17.091943740844727,17.0106258392334,17.4097843170166,17.811607360839844,17.466318130493164,16.633115768432617,17.32585334777832,17.47063636779785,17.150798797607422,17.05890655517578,17.13142204284668,17.008604049682617,17.236085891723633,16.926719665527344,16.61014175415039,16.420207977294922,16.459327697753906,16.758487701416016,,16.844070434570312,17.566946029663086,16.04892921447754,16.218124389648438,,17.46125030517578,18.089439392089844,15.811283111572266,16.1328125,16.341962814331055,17.430042266845703,18.146873474121094,14.97679615020752,15.698054313659668,15.68928050994873,,17.895936965942383,17.119333267211914,18.04903221130371,14.103164672851562,14.602282524108887,14.87507152557373,15.25742244720459,16.550498962402344,16.150205612182617,16.3174991607666,17.316383361816406,,13.755536079406738,13.919307708740234,,,14.323046684265137,14.423068046569824,15.221952438354492,15.807991027832031,15.493427276611328
20200131,,,,,,,,,,18.303945541381836,,,,,,,18.357646942138672,18.310468673706055,17.854381561279297,17.50372314453125,,,,,17.39453887939453,17.87989616394043,,,,17.311229705810547,18.029096603393555,,,,17.050138473510742,18.00465202331543,,,,,,,17.618749618530273,,,,,,,,17.373981475830078,,,,,15.323667526245117,15.018765449523926,,,15.922561645507812,15.42791748046875
20200201,,,,,,,,,,,,,,,,,,,,,,,,,,,,,,,,,,,,,,,,,,,,,,,,,,,,,,,,,,,,,
20200202,15.768817901611328,15.806502342224121,16.37995719909668,16.610450744628906,16.80586814880371,,,,,,15.847900390625,,,16.68236541748047,16.9239559173584,17.2096004486084,,,,,15.81852912902832,15.917593955993652,16.69805335998535,,,,,,,,,15.035908699035645,,,,,14.871332168579102,,15.595000267028809,,,,,,,14.783676147460938,,16.375125885009766,15.507838249206543,,,,,,13.895909309387207,14.229997634887695,14.342209815979004,14.373055458068848,15.000258445739746,15.805459022521973,
20200203,,,,,,,,,,16.797849655151367,,,,,,,,,16.523197174072266,16.250144958496094,,,,,16.1065673828125,17.194963455200195,14.735499382019043,,,16.595422744750977,17.551868438720703,14.472443580627441,,,16.59145164489746,17.605466842651367,,,,,,16.046628952026367,,,,,,,,,,,,,,,,,,,
20200204,15.828386306762695,15.689180374145508,15.995842933654785,16.28475570678711,16.444929122924805,16.509340286254883,16.561145782470703,17.08867835998535,17.52689552307129,16.724721908569336,15.62824535369873,16.204862594604492,16.504661560058594,16.0354061126709,16.41611099243164,16.456527709960938,16.279787063598633,16.825000762939453,16.795259475708008,16.323436737060547,15.41818904876709,15.77648639678955,14.784069061279297,,16.301137924194336,17.077993392944336,14.988999366760254,15.492756843566895,,16.373384475708008,17.154478073120117,14.69374942779541,15.15615463256836,15.337000846862793,16.17791748046875,16.95467758178711,14.046409606933594,15.160987854003906,15.302498817443848,,16.707666397094727,16.016374588012695,16.70010757446289,13.55570125579834,13.506023406982422,13.765847206115723,,15.61905288696289,14.856666564941406,15.509843826293945,16.630001068115234,12.890637397766113,13.193318367004395,13.333365440368652,13.766862869262695,14.153056144714355,13.737833023071289,13.832040786743164,14.916227340698242,15.129182815551758,14.530874252319336
20200205,,,,,,17.103410720825195,17.228673934936523,,18.022245407104492,17.193809509277344,,,,,16.650955200195312,16.995454788208008,16.904050827026367,17.294340133666992,17.10580062866211,16.65989112854004,,,,,16.454923629760742,17.28270721435547,,,,,17.151681900024414,,,,,17.458518981933594,,,,,,,,,,,,,15.144250869750977,,,,,,,,,,,,
20200206,15.498579978942871,15.153829574584961,15.500639915466309,,,,,,,,15.100662231445312,,,,,,,,,,,,,,,,,,,,,,,,,,,,,,,,,,13.391538619995117,13.311110496520996,,,,,,,,,,,,,,,
20200207,15.344786643981934,14.852566719055176,15.349761962890625,,,,,16.352458953857422,16.728975296020508,17.11113739013672,15.473332405090332,15.939774513244629,16.389606475830078,16.13457489013672,16.269367218017578,16.001863479614258,,,,15.919795989990234,,15.415775299072266,16.093523025512695,,,,15.247802734375,15.741372108459473,,,,14.912034034729004,15.397537231445312,15.597811698913574,15.617698669433594,,14.883124351501465,15.245902061462402,15.325087547302246,,,,,13.833202362060547,13.97368049621582,14.477226257324219,15.01489543914795,,,,,,13.730606079101562,13.799671173095703,14.52171516418457,14.526077270507812,13.879800796508789,13.98316764831543,14.716856002807617,,
20200208,15.613125801086426,15.865370750427246,16.148130416870117,16.2694149017334,16.370101928710938,,16.45423126220703,,,,15.422913551330566,16.215505599975586,16.689891815185547,16.467350006103516,16.559770584106445,16.678571701049805,16.74164390563965,16.761734008789062,,,15.435887336730957,15.231313705444336,,,,,15.18753433227539,15.68779468536377,,,,15.00940990447998,15.576422691345215,15.585933685302734,,,14.982430458068848,15.396770477294922,15.38223648071289,,,,,13.96842098236084,13.981821060180664,14.802361488342285,15.222135543823242,,,,,,,14.035150527954102,14.95135498046875,14.906938552856445,,,,,
20200209,15.981582641601562,16.022327423095703,16.229618072509766,16.30208396911621,16.45805549621582,16.44040298461914,,,,,15.83034896850586,16.281761169433594,16.465614318847656,16.36296844482422,16.49684715270996,16.586627960205078,16.655765533447266,,,,,,16.691875457763672,,16.805864334106445,,16.063491821289062,16.62036895751953,,16.98546600341797,17.49481964111328,15.92656135559082,16.2772216796875,15.910396575927734,,17.67577362060547,15.5040283203125,15.84260368347168,15.58975601196289,,,,,14.034687042236328,14.32746410369873,15.17986011505127,15.364190101623535,15.41059398651123,,,,13.460034370422363,13.794200897216797,14.030312538146973,14.655415534973145,14.758662223815918,14.521105766296387,14.619893074035645,15.206624031066895,,
20200210,,,,,,,,,,,,,,,,,,,,,,,,,,,,,,,,,,,,,,,,,,,,14.12833309173584,14.313863754272461,14.1967134475708,,,,,,13.110713005065918,13.820317268371582,14.298900604248047,14.638580322265625,,,,,,
20200211,,,,,,,,,,,,,,,,,,,,,,,,,,,,,,,,,,,,,,,,,,,,,,,,,,,,,,,,,,,,,
20200212,,,,,,,,,,,,,,,,,,17.76097297668457,17.071491241455078,,,,,,,,,,,,,,,,15.827467918395996,15.547100067138672,,,,,,15.549209594726562,14.610000610351562,,,,,,,,,,,,,,,,,,
20200213,,,,16.682714462280273,,17.028244018554688,,17.27811622619629,,,,,,,,,17.33759117126465,,,,,,,,,,15.846979141235352,15.877303123474121,,,,15.785589218139648,16.18191146850586,15.446249961853027,,,15.233304977416992,15.487221717834473,15.266623497009277,,,,,13.974998474121094,14.539238929748535,15.475680351257324,15.272943496704102,,,,,13.799346923828125,,,15.044620513916016,14.849154472351074,,,,,
20200214,14.933917045593262,,,,,16.493972778320312,17.6932430267334,18.12940788269043,18.261999130249023,19.68846893310547,,,,,,,,,,18.55256462097168,,,,,,,,,,,,,16.367647171020508,,,,,,,,,,,,,,,,,,,,,,,,,,,,
20200215,,,,,,,,,,19.453142166137695,,,,,,,,,,,,,,,,,,,,,,,,,,,,,,,,,,,,,,,,,,,,,,,,,,,
20200216,,,,,,,,18.806072235107422,,,,,,,,,,18.162843704223633,,,,,,,,,,,,,,,,,,,,,,,,,,,,,,,,,,,,,,,,,,,
20200217,,,,16.341278076171875,16.776012420654297,16.924100875854492,17.232425689697266,17.50245475769043,,,,,,16.908708572387695,17.018020629882812,17.079200744628906,17.232648849487305,17.139734268188477,,,15.643937110900879,15.647154808044434,17.29944610595703,,,,15.641910552978516,15.502218246459961,,,,15.704513549804688,15.582734107971191,,,,14.609326362609863,15.20517349243164,14.8115816116333,,,,,13.94007396697998,14.565587997436523,14.987444877624512,14.496604919433594,,,,,13.702083587646484,13.764999389648438,14.161041259765625,14.5040283203125,14.715300559997559,14.663853645324707,,,,
20200218,16.483118057250977,16.814367294311523,16.869138717651367,17.19268035888672,17.439165115356445,17.573984146118164,17.84049415588379,18.095317840576172,18.07297706604004,19.07524299621582,16.31869888305664,17.23436164855957,17.587615966796875,17.215469360351562,17.306312561035156,17.420658111572266,17.626983642578125,17.449630737304688,17.263538360595703,18.425914764404297,16.1752986907959,16.488906860351562,,,,,15.992988586425781,16.00027084350586,,,,,,,,,,15.415816307067871,,,16.84670639038086,16.85956573486328,17.705276489257812,,14.686321258544922,15.147805213928223,14.97097110748291,16.07537078857422,16.087976455688477,,,,13.791463851928711,13.960404396057129,,14.757856369018555,14.90947151184082,15.777835845947266,16.68783950805664,,
20200219,,,,,,,,,,,,,,,,,,,,,,,,,,,,,,,,,,,,,14.415745735168457,,,,,,,,,,,,,,,,,,,,,,,,
20200220,,17.08187484741211,17.051677703857422,17.130460739135742,17.25676727294922,17.407360076904297,17.65566062927246,17.65152359008789,16.94569206237793,17.531829833984375,16.590574264526367,,17.655391693115234,17.36738395690918,17.10733985900879,17.20576286315918,17.449539184570312,17.061296463012695,16.813491821289062,,16.265880584716797,16.15877914428711,17.42681884765625,,,,16.069000244140625,16.051666259765625,,,,15.982132911682129,15.949385643005371,,,,15.178333282470703,15.56989860534668,,,,,,,,,,,,,,,13.812568664550781,,,,,,,,
20200221,,,,,,,18.317646026611328,18.602142333984375,,,,,,18.000144958496094,17.821815490722656,17.792444229125977,17.99517822265625,17.540908813476562,,,,,,,,,,,,,,,,,16.947023391723633,,,,,,,17.06846809387207,16.71160125732422,,,,,,16.174570083618164,17.23293113708496,16.66102409362793,,,14.717378616333008,,,,15.595623970031738,,,14.3453950881958
20200222,16.47258949279785,16.59334945678711,16.432889938354492,16.543258666992188,16.7154541015625,,,,,,16.242326736450195,16.637601852416992,16.900787353515625,16.617692947387695,,,,,,,15.919097900390625,15.781109809875488,,,,,15.283124923706055,15.027809143066406,,,,14.6994047164917,14.969208717346191,14.52249813079834,15.97073745727539,,14.370000839233398,14.98123550415039,,,,16.493928909301758,,13.4353666305542,13.79694652557373,14.173822402954102,,,14.868858337402344,16.536123275756836,,13.294499397277832,12.95656681060791,13.676379203796387,,,,,,,
20200223,16.690940856933594,16.86650276184082,16.9212589263916,17.2141170501709,17.43535804748535,17.49490737915039,17.811094284057617,17.518497467041016,,,16.372787475585938,17.070079803466797,17.492101669311523,17.332714080810547,17.43055534362793,17.576820373535156,17.77061653137207,,,,16.193750381469727,,,,17.570758819580078,17.617300033569336,15.888256072998047,,,17.21686553955078,17.478782653808594,15.597721099853516,15.85455322265625,,16.536779403686523,17.51569366455078,14.974294662475586,15.438523292541504,15.324225425720215,,,16.562374114990234,15.966206550598145,14.127232551574707,14.153305053710938,14.812093734741211,14.905099868774414,15.283771514892578,,16.020973205566406,15.969539642333984,,,14.281530380249023,14.169328689575195,,14.801667213439941,15.521822929382324,,15.421841621398926,14.843281745910645
20200224,,,,,,,18.209686279296875,,,,,,,,17.083906173706055,,,,17.320587158203125,17.928974151611328,,,,,,,,,,,,,,,,,,,,,,,,,,,,,,,,,,,,,,,,,
20200225,16.72442626953125,,,,,,,,,,16.398054122924805,16.913854598999023,,,,,,,,,16.068227767944336,16.117389678955078,,,,,15.987847328186035,15.857954978942871,,17.0465145111084,,15.9757080078125,16.08479118347168,16.030105590820312,16.68096351623535,17.232839584350586,15.028660774230957,15.694756507873535,15.692879676818848,,16.5872859954834,,,14.204444885253906,14.53461742401123,14.97989559173584,15.235095977783203,15.772067070007324,16.193403244018555,,,13.395356178283691,14.285833358764648,14.680954933166504,14.734456062316895,14.634963035583496,14.771770477294922,15.757083892822266,16.621164321899414,,
20200226,,,,,18.097976684570312,18.130218505859375,18.241214752197266,18.522642135620117,17.7840518951416,18.287837982177734,,,,17.999847412109375,,17.984865188598633,18.201231002807617,17.469858169555664,17.698387145996094,18.372325897216797,,,18.282501220703125,,17.96978187561035,18.11312484741211,,,,17.451690673828125,17.950693130493164,,,,17.1265869140625,17.730796813964844,,,,,,17.00928497314453,16.255935668945312,,,,,,,17.181507110595703,,,,,,,,,,,
20200227,,,,,,,,,,,,,,,,,,,,,,,,,,,,,,,18.172500610351562,,,,,18.020112991333008,,,,,,17.453521728515625,17.26881980895996,,,,,,,17.169342041015625,16.709033966064453,,,,,,,,,,
20200228,,,,,,,,,,,,,,17.189725875854492,,,,,,18.220998764038086,,,,,,,,15.756216049194336,,,,,,,16.60508918762207,,,,15.286998748779297,,,16.584299087524414,,,14.03672981262207,15.01923942565918,14.698291778564453,,,,,13.269614219665527,14.047968864440918,,,,,,,,
20200229,,,,,,,,,,17.314882278442383,,,,,,,,,17.11964988708496,17.529998779296875,,,,,17.284364700317383,17.491493225097656,,,,17.15414047241211,17.386213302612305,,,,16.581586837768555,16.89556312561035,,,,,,16.594209671020508,16.885534286499023,,,,,,,16.276409149169922,14.66392993927002,,,,,13.97032356262207,14.296611785888672,14.891472816467285,15.997478485107422,15.337071418762207,13.892427444458008
20200301,,,,,,,,,,,,,,,,,,,,,,,16.772287368774414,,17.27857208251953,17.565513610839844,,,,17.48373031616211,17.63135528564453,,,,16.859758377075195,17.26799201965332,,,,,,16.542497634887695,17.03630828857422,,,,,,,,15.056219100952148,,10.966829299926758,,,,,,15.818589210510254,,
20200302,,,,,,,,,,,,,,,,,,,,,,,,,,,,,,,,,,,,,,,,,,,,,,,,,,,,,,,,,,,,,
20200303,,,,,,,,,,18.120594024658203,,,,,,,,,17.761770248413086,18.019290924072266,,,,,17.711130142211914,18.008888244628906,,,,17.46720314025879,17.689054489135742,,,,16.96391487121582,17.134740829467773,,,,,,16.871578216552734,17.045907974243164,,,,,,,,,,,,,,,,,,13.90372085571289
20200304,,,,,,,,17.187915802001953,,,,,,,,16.72848892211914,16.753414154052734,,,,15.423124313354492,15.249332427978516,,,,,15.180562973022461,15.299999237060547,,,,14.844924926757812,15.044998168945312,14.8517484664917,,,14.060224533081055,14.792924880981445,14.646154403686523,,,,,13.164881706237793,13.726654052734375,14.392569541931152,14.42848014831543,,,,,12.94139289855957,13.11999797821045,13.916269302368164,14.096888542175293,13.717691421508789,13.647625923156738,,,,
20200305,,,,,,,,,,,,,,,,,,,,,,,,,,,,,,,,,,,,,,,,,,,,,,,,,,,,,14.098978996276855,,,,,,,,
20200306,,,,16.683483123779297,17.057573318481445,17.23143768310547,17.53232192993164,17.798707962036133,17.624523162841797,,,,,16.580463409423828,,,17.349607467651367,17.392473220825195,17.213804244995117,17.042499542236328,,,,,,,,,,,,,,,,,,,,,,,,,,,,,,,,,,,14.410405158996582,13.997245788574219,,,,,
20200307,16.490123748779297,16.943151473999023,,17.047645568847656,17.10898208618164,17.092594146728516,,,,,15.993894577026367,16.44361114501953,,,,,,,,,15.658610343933105,,,,,,15.169355392456055,,,,,,,,,,,,,,,,,,,,,,,,,,,,,,,,,,
20200308,,,,,,,,,,17.678682327270508,,,,,,,17.883888244628906,17.720712661743164,17.482295989990234,17.67615509033203,,,,,,17.891109466552734,,,,,,,15.989739418029785,,,,,15.63951587677002,15.412664413452148,,,,,,15.142162322998047,15.34893798828125,15.09384536743164,,,,,,,,,,,,,,
20200309,15.905732154846191,16.514015197753906,,,,,,,,,15.342222213745117,,,,,,,,,,,,,,,,,,,,,,,,,,,,,,,,,,,,,,,,,,,,,,,,,,
20200310,16.21966552734375,16.715290069580078,16.674564361572266,17.035341262817383,17.00732421875,,,17.723180770874023,,,15.740703582763672,16.36988639831543,16.71246910095215,16.746232986450195,,,,,,,15.46288013458252,15.1138277053833,,,,,15.006757736206055,15.127748489379883,,,,15.18217945098877,15.134770393371582,14.627280235290527,16.21129035949707,,14.932660102844238,14.845719337463379,14.610883712768555,,15.698587417602539,15.999791145324707,16.17009925842285,,14.55516529083252,14.484776496887207,14.21005630493164,15.105362892150879,15.45297908782959,,14.012296676635742,,,,,14.264357566833496,14.293810844421387,14.963776588439941,15.139082908630371,12.931440353393555,13.192544937133789
20200311,16.233518600463867,16.74757194519043,16.68517303466797,16.939998626708984,17.081424713134766,17.403053283691406,17.62770652770996,17.66779327392578,17.24408531188965,17.370464324951172,15.808796882629395,16.455284118652344,16.85103416442871,16.89227294921875,16.942745208740234,17.256898880004883,17.452592849731445,17.154558181762695,16.845714569091797,17.30079460144043,15.57166576385498,15.318124771118164,,,16.636093139648438,17.464359283447266,15.173404693603516,15.178598403930664,,16.542186737060547,17.34775733947754,15.319271087646484,15.247188568115234,14.778081893920898,16.385784149169922,17.15597915649414,15.115776062011719,,14.431829452514648,,15.758387565612793,,,13.060956954956055,13.840937614440918,14.19174861907959,14.26630973815918,15.108749389648438,15.497925758361816,,,12.755324363708496,13.87622356414795,13.953333854675293,14.199930191040039,14.08776569366455,14.509634017944336,15.14555549621582,15.645000457763672,14.037662506103516,
20200312,16.817014694213867,17.043853759765625,16.897186279296875,17.0274658203125,17.20734405517578,17.49549102783203,17.816816329956055,17.829614639282227,17.404945373535156,17.591075897216797,16.310523986816406,16.74136734008789,16.857906341552734,16.843915939331055,16.877649307250977,17.17139434814453,17.31521987915039,17.161819458007812,16.927297592163086,17.49060821533203,15.866742134094238,15.796127319335938,,,,17.714696884155273,15.474523544311523,15.606101036071777,,16.47846794128418,17.41254997253418,15.69564151763916,15.750138282775879,15.368749618530273,16.406150817871094,17.213455200195312,15.570131301879883,15.137299537658691,14.809174537658691,,16.012292861938477,16.288190841674805,16.8775577545166,,14.73376750946045,14.69384765625,14.462836265563965,15.454998970031738,15.76663875579834,15.97368049621582,15.280171394348145,13.035048484802246,14.30982494354248,14.42738151550293,14.65537166595459,14.569999694824219,14.779603958129883,15.341840744018555,15.89090347290039,15.06899356842041,13.982742309570312
20200313,,,,,18.264158248901367,18.534452438354492,18.67534637451172,18.658145904541016,18.03563117980957,17.77256202697754,,,,,18.129295349121094,18.342742919921875,18.444395065307617,18.082843780517578,17.669635772705078,17.540708541870117,,,18.09432601928711,,17.299110412597656,17.475000381469727,,,,17.108213424682617,17.8615779876709,,,,17.097166061401367,17.822811126708984,,,,,,17.158349990844727,17.58944320678711,,,,,,,,16.027191162109375,,,,,,,,,,
20200314,,,,,,,,,,,,,,,,,,,,,,,,,,18.271041870117188,,,,,17.883800506591797,,,,16.95009994506836,,,,,,,16.85769271850586,,,,,,,,,,,,,,,,,,14.676469802856445,14.08435344696045
20200315,,16.61176872253418,16.573474884033203,17.005834579467773,17.22978973388672,17.54201316833496,17.77173614501953,17.866552352905273,17.566082000732422,17.992950439453125,15.722737312316895,,16.682954788208008,16.980436325073242,17.278751373291016,17.64836883544922,17.779890060424805,17.544588088989258,,,15.40304946899414,,17.340373992919922,,,17.700942993164062,,,,,17.393169403076172,14.885368347167969,14.69983959197998,,16.45453643798828,17.197546005249023,14.073033332824707,13.882904052734375,13.998414993286133,,,,,12.553497314453125,13.065635681152344,13.913498878479004,,,,,,,13.705634117126465,,,,,,,13.230514526367188,13.104013442993164
20200316,16.214147567749023,16.550291061401367,16.60655403137207,16.740278244018555,16.86676597595215,17.267845153808594,17.518430709838867,,,,15.819756507873535,16.311294555664062,16.599609375,16.81406593322754,16.978334426879883,,17.434316635131836,,,,15.26517391204834,15.392338752746582,,,,,15.031041145324707,15.014922142028809,,,,14.864763259887695,14.95315933227539,14.57565975189209,,,14.15913200378418,14.178321838378906,14.355043411254883,,,16.16796875,16.639999389648438,12.607375144958496,13.352656364440918,14.13599967956543,13.951756477355957,14.945391654968262,15.329166412353516,15.814001083374023,13.917218208312988,,,,14.213604927062988,14.378802299499512,14.473182678222656,,14.663280487060547,13.836894989013672,13.453006744384766
20200317,16.488269805908203,16.664196014404297,16.593109130859375,16.832551956176758,16.911821365356445,17.219457626342773,17.43927574157715,17.487499237060547,17.34537124633789,17.848215103149414,16.070186614990234,16.310522079467773,16.671491622924805,16.92152976989746,17.023021697998047,17.29250144958496,17.441205978393555,17.152568817138672,16.710851669311523,17.14305877685547,,15.671738624572754,,,16.773181915283203,17.167705535888672,,15.363730430603027,,16.409196853637695,,,15.027213096618652,,16.18837547302246,16.8719539642334,,,,,15.63133430480957,16.335859298706055,16.833782196044922,,,,,15.200175285339355,15.49295711517334,15.788251876831055,14.936786651611328,,,,,14.439705848693848,14.548140525817871,15.005082130432129,15.106830596923828,14.646907806396484,14.04097843170166
20200318,,,,,17.594871520996094,17.591596603393555,,,17.82904624938965,18.21457290649414,,,,,,,,,,,,,,,,,,,,,,,,,,,,,,,,,,,13.93016242980957,,,,,,,13.194666862487793,,,,,,,,,
20200319,,,,16.870792388916016,17.12933349609375,,,17.794559478759766,17.413331985473633,17.611955642700195,,,,17.418594360351562,,,,,17.999998092651367,18.63741683959961,,,,,,17.602062225341797,,,,,18.426387786865234,,,,17.094518661499023,18.502763748168945,,,,,,16.276384353637695,17.634864807128906,,,,,,,,,,,,,,,,,,
20200320,16.24028205871582,16.53114128112793,,16.703462600708008,,,,,,,15.68391227722168,16.266498565673828,,16.984067916870117,,17.152063369750977,,,,,15.173395156860352,15.535093307495117,,,,,,,,,,,,,,,,,,,,,,,,,,14.601404190063477,,,,,,,,14.758874893188477,,,,,
20200321,,,16.36829376220703,16.374311447143555,16.52985954284668,16.88368034362793,17.501619338989258,17.67963981628418,,17.691667556762695,,,16.115243911743164,16.792280197143555,16.769329071044922,17.376026153564453,17.61085319519043,17.567100524902344,,,,,,,,,,,,,,,,,,,,,,,,,,,,,,,,,,,,,,,,,,,
20200322,,,,,,,,,,,,,,,,,,,,,,,,,,,,,,,,,,,,,,,,,,,,,,,,,,,,,,,,,,,,,
20200323,16.323467254638672,,16.788124084472656,16.823610305786133,16.952917098999023,17.14236068725586,17.20229721069336,,17.341583251953125,17.32605743408203,,,16.762414932250977,17.02214813232422,17.115312576293945,17.367393493652344,17.450836181640625,17.080345153808594,16.916645050048828,17.355241775512695,,,17.19255828857422,,16.736186981201172,17.339595794677734,,,,16.465373992919922,17.484107971191406,,,,16.434499740600586,,,,,,,,,,,,,,,,,,,,,,,,,,
20200324,,,,17.150875091552734,17.49739646911621,17.75757598876953,17.981643676757812,18.096515655517578,17.576309204101562,17.85965347290039,,,,17.664182662963867,17.670394897460938,17.863245010375977,17.839284896850586,,17.228771209716797,17.504438400268555,,,17.7515926361084,,16.943592071533203,17.391347885131836,,,,16.708480834960938,,,,,16.31487464904785,,,,,,,,,,,,,,15.588028907775879,,,,,,,,,,,,
20200325,,,16.630207061767578,16.35270881652832,16.339998245239258,,,,,,,,16.55691909790039,16.547557830810547,,,,,,,,,,,,,,,,,,,,,,,,,,,,,,,,,,,,,,,,,,,,,,,
20200326,15.885780334472656,16.439661026000977,16.80010414123535,16.769895553588867,16.862709045410156,16.996347427368164,17.249345779418945,17.487794876098633,,17.006349563598633,15.669561386108398,15.870854377746582,16.77166748046875,17.083555221557617,17.191457748413086,17.45374870300293,17.410566329956055,17.386899948120117,17.017580032348633,17.549001693725586,,,17.310813903808594,,16.74440574645996,16.9886474609375,14.721888542175293,,,16.90416717529297,17.57012176513672,14.548466682434082,15.135055541992188,14.51063060760498,16.53537368774414,,13.153033256530762,14.059200286865234,14.398246765136719,,,,,13.500624656677246,13.834065437316895,14.138304710388184,14.042755126953125,14.700510025024414,,17.385210037231445,,13.076911926269531,,14.14762020111084,14.124855041503906,14.161465644836426,14.530889511108398,14.600289344787598,15.607929229736328,,
20200327,15.505478858947754,15.697290420532227,16.414365768432617,16.547836303710938,16.81279945373535,,17.315906524658203,,17.148170471191406,17.64606285095215,15.494175910949707,,16.501785278320312,16.632665634155273,,17.165306091308594,,,16.826000213623047,17.53934097290039,15.231219291687012,15.075150489807129,,,16.473169326782227,17.289566040039062,,14.803385734558105,,16.990936279296875,17.424339294433594,,,14.198589324951172,16.723709106445312,17.472410202026367,,,14.27194595336914,,,16.171323776245117,,,,13.870383262634277,,,,,,13.256586074829102,,13.909486770629883,14.10943603515625,14.17855167388916,,,,,
20200328,,,,,16.67628288269043,16.692848205566406,16.343595504760742,16.84393882751465,16.655874252319336,17.047399520874023,15.854206085205078,,,16.868749618530273,16.957454681396484,17.145856857299805,16.51485824584961,16.73062515258789,16.657163619995117,17.327917098999023,15.633000373840332,15.494140625,,,,,15.279180526733398,15.309599876403809,,,,15.077465057373047,15.290035247802734,14.7839994430542,16.25028419494629,,14.077777862548828,14.6993408203125,14.699267387390137,,15.496399879455566,16.785411834716797,17.65023422241211,13.263471603393555,14.013854026794434,14.22770881652832,14.41009521484375,14.802345275878906,15.428869247436523,17.023897171020508,17.565624237060547,13.485504150390625,14.13706111907959,14.237396240234375,14.29149341583252,14.222297668457031,14.55309009552002,14.760311126708984,15.721978187561035,16.745769500732422,15.85243034362793
20200329,,,,17.29831314086914,,17.77515983581543,18.078454971313477,18.16877555847168,17.77127456665039,18.15166473388672,,,,,,,17.91595458984375,17.677858352661133,17.054195404052734,17.806713104248047,,,,,17.0169677734375,17.776073455810547,,,,,17.204721450805664,,,,16.043981552124023,17.114572525024414,,,,,,,17.468124389648438,,,14.914043426513672,15.21372127532959,,15.600541114807129,,17.639209747314453,,13.109210014343262,13.930000305175781,14.873600959777832,14.705793380737305,,,,,15.623998641967773
20200330,,,,,,,,,,18.93845558166504,,,,,,,,,17.904863357543945,18.436315536499023,,,,,17.766521453857422,18.508922576904297,14.690874099731445,,,,18.190279006958008,,,,17.785228729248047,18.131319046020508,,,,,,17.68522834777832,18.163297653198242,,,,,,,17.984956741333008,18.139583587646484,,,,,,,,17.030832290649414,17.792152404785156,17.633167266845703
20200331,16.34000015258789,,,17.11862564086914,17.200685501098633,17.27971076965332,17.286664962768555,,,17.78605842590332,,,,,,17.375953674316406,17.49447250366211,17.190208435058594,17.075359344482422,18.014039993286133,,,,,17.13957977294922,,,,,16.917455673217773,17.55804443359375,14.383749961853027,,,16.7884578704834,17.75862693786621,14.169929504394531,14.132068634033203,14.414165496826172,,,17.023788452148438,17.73784637451172,13.67558765411377,13.83455753326416,,,,15.460644721984863,16.931264877319336,17.357391357421875,,13.861227035522461,,,14.007121086120605,14.246236801147461,14.436025619506836,15.466458320617676,17.058897018432617,16.574825286865234
20200401,,,,16.731666564941406,16.9195613861084,17.152076721191406,17.414072036743164,17.70550537109375,17.475563049316406,18.08992576599121,,,,,,17.261625289916992,17.451908111572266,17.26811408996582,16.80005645751953,18.108232498168945,,,,,16.94609260559082,17.673227310180664,,,,17.012802124023438,17.611839294433594,14.42725658416748,,,16.731525421142578,17.612777709960938,,,,,,16.931575775146484,18.208192825317383,,,,,,,,17.719545364379883,,,,,,,,,,
20200402,,,,,,,,,,,,,,,,,,,,,,,,,,,,,,,,,,,,,,,,,,,,,,,,,,,,,,,,,,,,,
20200403,15.852590560913086,16.72854232788086,17.017431259155273,17.0672664642334,17.206172943115234,17.30118751525879,,,,,15.887182235717773,16.561227798461914,,17.298622131347656,17.325143814086914,17.36421012878418,17.29580307006836,17.250761032104492,,,15.819649696350098,15.820218086242676,17.257158279418945,17.012001037597656,,17.396047592163086,15.341226577758789,15.405328750610352,,16.71851348876953,17.422882080078125,15.152576446533203,15.256270408630371,15.188165664672852,16.404720306396484,17.43578338623047,14.495258331298828,14.975688934326172,,,15.57945442199707,16.83567237854004,17.589054107666016,13.432050704956055,,,14.486604690551758,14.939807891845703,15.395000457763672,16.706619262695312,17.445226669311523,,,13.882916450500488,13.95544147491455,,,14.571198463439941,15.28097152709961,16.88602638244629,
20200404,,,,,,,,,,17.422094345092773,,,,,,,,,17.384437561035156,18.556396484375,,,,,,18.209062576293945,,,,,18.039335250854492,,,,17.297616958618164,18.06963348388672,,,,,,17.28785514831543,,,,,,,,17.14829444885254,18.04722023010254,,,,,,,,,17.04743003845215,17.036373138427734
20200405,,,,,,,,,,,,,,,,,,,,,,,,,,,,,,,,,,,,,,,,,,,,,,13.738675117492676,,,,,,,,,,,,,,,
20200406,15.298656463623047,,16.4443416595459,16.55438995361328,,,,,15.990166664123535,16.97562599182129,15.268587112426758,,16.51012420654297,16.941221237182617,17.003522872924805,17.376115798950195,17.2839298248291,,16.295135498046875,16.538436889648438,15.00418758392334,,17.079078674316406,,,,14.545374870300293,,,,17.020790100097656,,,,,,12.865734100341797,14.059514999389648,14.359843254089355,,,,,,,,,,,,,,,,,,,,,,
20200407,,,,,16.379735946655273,16.713987350463867,16.869155883789062,,,,,,,16.73854637145996,16.729686737060547,17.02545166015625,16.991031646728516,16.795730590820312,16.404319763183594,17.166296005249023,,,16.643571853637695,,16.318635940551758,17.42884635925293,,,,16.566457748413086,17.341249465942383,,,,16.218002319335938,17.400941848754883,13.365468978881836,,,,,16.18178367614746,,12.307703018188477,12.045714378356934,,,,,,,12.928799629211426,,,,,,,,,
20200408,,,,,,,,,,,,,,,,,,,,,,,,,,,14.879776954650879,,,,,14.49797248840332,14.714999198913574,13.963748931884766,,,13.141596794128418,14.030081748962402,,,,,,12.818873405456543,12.757174491882324,12.988051414489746,,,14.625438690185547,,,13.025405883789062,,12.70954704284668,13.4736909866333,,13.583675384521484,13.877741813659668,,,
20200409,,,,,17.193330764770508,17.299373626708984,17.494617462158203,17.587751388549805,16.854398727416992,17.42754554748535,,,,,,17.651844024658203,17.622499465942383,17.319894790649414,16.725404739379883,,,,,,,,,,,,17.325519561767578,,,,16.47484016418457,17.35333251953125,,,,,15.169776916503906,16.138973236083984,17.31236457824707,,,14.508166313171387,14.664183616638184,14.669998168945312,15.008560180664062,15.832534790039062,16.942358016967773,,13.737584114074707,13.858200073242188,14.178993225097656,14.28416633605957,14.084480285644531,14.450594902038574,15.054999351501465,15.472557067871094,16.611249923706055
20200410,15.428767204284668,15.535659790039062,15.99239444732666,15.847764015197754,15.795392036437988,,,,,,15.006011009216309,15.042041778564453,15.67764663696289,15.820785522460938,,,,,,,,14.466764450073242,,,,,,14.574753761291504,,,,,14.32564640045166,13.935332298278809,,,,,14.331249237060547,,,,,,,,13.857539176940918,,,,,,,,,,,,,,
20200411,,,,,,,,,,,,,,,,,,,,,,,,,,,,,,,,,,,,,,,,,,,,,,,,,,,,,,,,,,,,,
20200412,,15.360672950744629,16.02564239501953,16.22917366027832,16.289438247680664,16.608612060546875,16.91275405883789,17.08958625793457,16.5611572265625,17.626678466796875,,,16.00254249572754,16.655344009399414,16.8170166015625,17.037221908569336,17.099428176879883,16.82976531982422,16.44464683532715,18.077537536621094,,,,,,17.787878036499023,,,,,,,,,16.274900436401367,,,,,,,16.26921844482422,,,,,,,,,,,,,,,,,,,
20200413,,,,,,,,,,,,,,,,,,15.656562805175781,15.357646942138672,17.83563995361328,14.214357376098633,,,,15.976428031921387,17.662723541259766,13.842036247253418,,,15.973283767700195,,13.740514755249023,14.0645112991333,14.067638397216797,15.553725242614746,17.547666549682617,,,14.126021385192871,,,16.245418548583984,17.42087173461914,,,,,14.087142944335938,14.551902770996094,,,,,,,,,,,,
20200414,,,16.638935089111328,16.68583106994629,,,,,,,,,16.493558883666992,16.671951293945312,,,,,,,,,,,,,,,,,17.294008255004883,,,,16.047855377197266,16.94049072265625,,,,,,,,,,,,,14.435734748840332,,16.209333419799805,,,,,,,,14.450499534606934,,
20200415,,,,,,,,,,,,,,,,,,,,,,,,,,,,,,,,,,,,,,,,,,,,,,,,,,,,,,,,,,,,,
20200416,,,,,,,,,,,,,,,,,,,,,,,,,,,,,,,,,,,,,,,,,,,,,,,,,,,,,,,,,,,,,
20200417,15.296172142028809,15.016770362854004,15.851428985595703,,,16.096248626708984,,,,16.6875,,,,,16.515790939331055,,,,16.26228141784668,16.993635177612305,,,,,16.31736183166504,18.179340362548828,,,,,,,,,15.979848861694336,,13.169177055358887,13.145000457763672,,,,,,12.480842590332031,12.883111000061035,,,,,,,13.033851623535156,13.467044830322266,13.110743522644043,12.998307228088379,13.322559356689453,13.439218521118164,,,,
20200418,,,,,,,16.174118041992188,,,17.02195167541504,,,,16.237834930419922,16.394180297851562,16.252925872802734,16.321821212768555,16.204824447631836,15.934722900390625,17.243072509765625,,,,,16.109821319580078,17.813833236694336,,,,15.842778205871582,17.01764678955078,13.998281478881836,,,,,,,,,,15.307000160217285,,,,,,,,15.300681114196777,16.639610290527344,,,,,,,13.425658226013184,14.352439880371094,15.65418815612793,15.325896263122559
20200419,15.326868057250977,15.204998970031738,15.59036922454834,16.016563415527344,15.66579818725586,15.902926445007324,16.42784309387207,16.262714385986328,15.567375183105469,16.674158096313477,14.746408462524414,,,16.422868728637695,16.291683197021484,16.35711669921875,16.46786117553711,16.208738327026367,15.922938346862793,17.425033569335938,14.754592895507812,,16.204761505126953,,15.908256530761719,17.636491775512695,14.444596290588379,14.356273651123047,,15.727424621582031,17.500972747802734,14.29221248626709,14.283141136169434,13.834486961364746,,,13.247148513793945,12.816594123840332,13.7884521484375,,,,,12.568901062011719,12.835196495056152,12.912314414978027,,,,,,12.845998764038086,13.524737358093262,12.929268836975098,,,,,,,14.978424072265625
20200420,,,,,,,,,,,,,,,,,,,,,,,,,,,,,,,,,,,,,,,,,,,,,,,,,,,,,,,,,,,,,
20200421,,,,,,,16.238677978515625,,,,,,,,16.067867279052734,,16.12064552307129,,,,,,,,,,,,,,,,,,,,,,,,,,,12.613046646118164,12.724935531616211,12.703445434570312,13.580465316772461,,,,,12.736529350280762,13.371999740600586,12.749286651611328,12.869029998779297,13.176383972167969,,,,,
20200422,,,15.11833381652832,15.551094055175781,15.455269813537598,,,,,,,,,15.780365943908691,15.646780014038086,15.782573699951172,16.015972137451172,15.56161880493164,15.410538673400879,,,,,,,,,,,15.727727890014648,17.15914535522461,,,14.264999389648438,,,12.940535545349121,13.209880828857422,14.252418518066406,,,15.188286781311035,16.784847259521484,12.124086380004883,12.410430908203125,12.649360656738281,13.912707328796387,,,,16.73871421813965,12.594223976135254,13.262457847595215,12.890641212463379,,,,,,,
20200423,,,,,,,,,,,,,,,,,,,,,,,,,,,,,,,,,,,,,,12.587967872619629,13.79216480255127,,,,,12.40134334564209,12.5186185836792,12.623223304748535,,,,,,12.917352676391602,13.265172958374023,12.803519248962402,12.984442710876465,,13.333382606506348,,,,
20200424,15.348223686218262,14.946309089660645,15.21841049194336,15.762282371520996,15.481110572814941,,,,,,14.942564010620117,14.605342864990234,15.200482368469238,15.838689804077148,15.810647010803223,,,,,,14.806864738464355,,15.747031211853027,,,,14.230469703674316,14.378301620483398,,15.893718719482422,16.969892501831055,13.821582794189453,14.241868019104004,13.62579345703125,15.350069046020508,16.53315544128418,13.22103500366211,12.818167686462402,13.861286163330078,,,14.635619163513184,15.72121810913086,12.39527416229248,12.43429946899414,12.960211753845215,13.35806941986084,,,14.395546913146973,,12.893617630004883,13.129921913146973,12.726207733154297,,,,,,,
20200425,,,,,,15.536249160766602,16.316274642944336,,15.7212495803833,16.556093215942383,,,,,,,,,,,,,,,,,,,,,,,,,15.86784553527832,,,,,,,14.916666984558105,,,,,,,,14.488750457763672,14.915311813354492,,,,,,,,,,14.132283210754395
20200426,,,,,,,,,,,,,,,,,,,,,,,,,,,,,,,,,,,,,,,,,,,,,,,,,,,,,,,,,,,,,
20200427,14.9163236618042,,14.789083480834961,15.463788032531738,,,,,,,,,14.512998580932617,15.688282012939453,15.941109657287598,15.7394437789917,15.9270658493042,15.6212797164917,15.458274841308594,16.680145263671875,,,15.759061813354492,,16.227876663208008,17.378450393676758,14.066478729248047,,,16.33461570739746,17.332691192626953,,,,15.428149223327637,16.96759605407715,,,,,,,,,,,,,,,,,,,,,,13.30322551727295,,,13.225347518920898
20200428,,,,,,,,,15.083233833312988,16.28733253479004,,,,,,,,,,,,,,,15.982744216918945,16.734704971313477,13.940302848815918,,,15.84955883026123,16.605485916137695,13.330676078796387,13.557262420654297,,15.36825942993164,16.56072425842285,,,,,,14.503679275512695,16.036779403686523,,,,,,,,,,,,,,,,,,
20200429,,14.533672332763672,14.5807466506958,,,,,,,,,,,,,,,,,,,,,,,,,,,,,,,,,,,,,,,,,,,,,,,,,,,,,,,,,,
20200430,15.105256080627441,,,,,,,,,,14.664326667785645,,,,,,,,,,14.794499397277832,,,,,,,,,,,,,,,,12.99062442779541,,,,,,,,,,,,,,,,,,,,,,,,
20200501,,,,,,,,,,,,,,,,,,,,,,,,,16.061561584472656,,,,,,,,,,,,,,,,,,,11.002334594726562,,,,,,,,,,,,,,,,,
20200502,,,,,,,,,,,,,,,,,,,,,,,,,,,,,,,,,,,,,,,,,,,,,,,,,,,,,,,,,,,,,
20200503,,14.01308822631836,14.070327758789062,14.948346138000488,15.288883209228516,15.16257095336914,15.17986011505127,15.343659400939941,14.630914688110352,15.28412914276123,,,14.343954086303711,15.12684440612793,15.41135311126709,15.371909141540527,15.283012390136719,15.20264720916748,15.102243423461914,15.844327926635742,,,15.312434196472168,,15.511693954467773,15.745213508605957,,,,15.520258903503418,,,,,,,,,,,,,,,,,,,,,,,,,,,,,,,
20200504,,,,14.598942756652832,14.819847106933594,14.8504638671875,14.896039962768555,15.005575180053711,14.306538581848145,15.84875774383545,,,,14.786029815673828,15.091057777404785,15.032952308654785,14.94170093536377,14.772903442382812,14.70185375213623,15.620265007019043,,,,,,,,,,,,12.641841888427734,,,,,,,,,,,,,,,,,,,,,,,,,,,,,
20200505,,,14.955954551696777,15.51085090637207,15.52562427520752,15.185980796813965,,15.243226051330566,14.588845252990723,15.895387649536133,,,14.941751480102539,15.54318618774414,15.515034675598145,15.286417007446289,15.101759910583496,14.925000190734863,14.9399995803833,15.78899097442627,,,15.158498764038086,,15.430377006530762,16.14869499206543,,,,15.356789588928223,15.966622352600098,,,,14.15394115447998,15.778080940246582,,,,,,13.783549308776855,,,,,,12.945443153381348,13.235527992248535,,,,,,,,,,,,
20200506,,,,,,,,,,,,,,,,,,,,,,,,,,15.242096900939941,,,,,15.50610637664795,,,,,15.913878440856934,,,,,,,,,,,,,,,,,,,,,,,,,
20200507,,,,,,,,,,,,,,,,,,,,,,,,,,,,,,,,,,,,,,,,,,,,,,,,,,,,,,,,,,,,,
20200508,14.151126861572266,13.967962265014648,14.20035457611084,14.962812423706055,15.200176239013672,15.085728645324707,14.767317771911621,14.442666053771973,13.1339693069458,14.288811683654785,13.641400337219238,13.60910701751709,14.298062324523926,15.040131568908691,15.143238067626953,15.07552433013916,,14.651805877685547,14.566901206970215,15.04642391204834,13.783858299255371,,,,15.106464385986328,15.941144943237305,13.654085159301758,,,15.308408737182617,16.028427124023438,13.353999137878418,13.728650093078613,,14.46684455871582,,13.035861015319824,13.302163124084473,,,12.915999412536621,14.216127395629883,,11.432448387145996,,,13.573333740234375,12.9866304397583,13.32068920135498,,,12.320808410644531,12.694499015808105,,,,,13.558333396911621,13.474072456359863,13.406332015991211,13.655965805053711
20200509,,,,,,,,,,,,,,,,,,,,,,,,,,,,,,,,,,,,,,,,,,,,,,,,,,,,,,,,,,,,,
20200510,14.386392593383789,,13.93566608428955,14.659953117370605,15.035714149475098,14.755735397338867,,,,15.460001945495605,14.426590919494629,13.556943893432617,14.093541145324707,14.842744827270508,14.981146812438965,14.540854454040527,14.591512680053711,,,15.544695854187012,14.448436737060547,,,,,,13.941693305969238,,,,,13.065346717834473,13.793634414672852,,14.394700050354004,,12.863188743591309,12.456328392028809,,,,13.625833511352539,,11.531623840332031,11.84943962097168,12.05683422088623,,12.545267105102539,12.738167762756348,,,12.426322937011719,12.210408210754395,12.232911109924316,12.316752433776855,12.974432945251465,,12.896153450012207,12.936234474182129,12.322093963623047,
20200511,,,,,,,15.362333297729492,15.404596328735352,14.648124694824219,15.592811584472656,,,,,15.199443817138672,15.416499137878418,15.332527160644531,15.057565689086914,15.210505485534668,15.936043739318848,,,,,15.48682689666748,16.139286041259766,,,,15.569552421569824,16.07319450378418,,,,14.749920845031738,16.380067825317383,,,,,12.961889266967773,14.081570625305176,16.45795249938965,,,,,12.909998893737793,13.15530014038086,14.021440505981445,,,,,,,,,13.192461013793945,12.827536582946777,13.064800262451172
20200512,,,,,,,,,,,,,,,,,,,,,,,,,,,,,,,,,,,,,,,,,,,,,,,,,,,,,,,,,,,,,
20200513,14.092989921569824,13.618936538696289,,,,,,,,,14.079140663146973,13.347091674804688,13.63719367980957,14.490150451660156,14.802361488342285,,,,,,,,14.654999732971191,,,,13.715520858764648,13.911551475524902,,,,12.849998474121094,13.649015426635742,13.212331771850586,,,,,,,,13.813194274902344,16.21429443359375,,,,,,13.026468276977539,13.786836624145508,16.201452255249023,12.381120681762695,,,,,,13.154733657836914,13.126401901245117,12.534509658813477,13.171249389648438
20200514,,,,,,,,,13.910572052001953,15.117535591125488,,,,,,,14.649999618530273,14.241666793823242,14.605286598205566,15.582756996154785,,,,,15.13882827758789,15.683706283569336,,,,15.040148735046387,15.78298568725586,,,,13.987524032592773,16.358566284179688,,,13.423880577087402,,,14.165312767028809,16.23752212524414,,,,,,,,,,,,,,,,,,
20200515,13.942638397216797,,13.17523193359375,13.674195289611816,14.15561294555664,14.181205749511719,,14.113484382629395,,14.490667343139648,,,13.283734321594238,14.080397605895996,14.350728034973145,,,,,15.035806655883789,,,,,,,,,,,15.478611946105957,12.363641738891602,,,,,12.808635711669922,,,,,12.849471092224121,,10.837074279785156,,,,,,,,,,,,12.829545974731445,,,,,
20200516,,,,,14.952778816223145,,14.925816535949707,14.46565055847168,13.969067573547363,15.400394439697266,,,,,15.10374927520752,,14.886429786682129,14.657611846923828,14.590506553649902,15.459050178527832,,,,,15.04741382598877,15.476788520812988,,,,14.990659713745117,15.90301513671875,,,,13.070908546447754,15.598668098449707,,,,,12.36369514465332,13.37723445892334,15.2890625,,,,,12.412500381469727,12.589273452758789,13.232551574707031,15.37055492401123,13.053580284118652,,11.92712116241455,12.468551635742188,13.412500381469727,13.377272605895996,13.275138854980469,12.875852584838867,12.35415267944336,13.532135963439941
20200517,,,,,,,,,,,13.706215858459473,,,,,,,,,,13.989530563354492,,,,,,,,,,,,,,,16.584590911865234,,,,,,15.10488224029541,16.521503448486328,,,,,,13.621000289916992,13.633260726928711,15.930304527282715,,,,,,,,13.569998741149902,,15.089451789855957
20200518,13.904444694519043,13.149698257446289,13.257189750671387,13.827204704284668,14.204961776733398,,,,,,,,12.63398265838623,13.588658332824707,13.868969917297363,,,,13.994857788085938,14.68871021270752,,,,,14.276785850524902,14.824027061462402,,,,14.090228080749512,15.316286087036133,,,,12.985929489135742,15.152315139770508,11.848888397216797,12.943695068359375,12.945149421691895,,,,,10.789173126220703,10.605000495910645,12.073486328125,12.416565895080566,,,,,10.735505104064941,10.5955228805542,10.816115379333496,11.127806663513184,11.700807571411133,11.919268608093262,,,,
20200519,,,,,,,,12.65988540649414,,14.384523391723633,,,,,,,,,,,,,,,,14.643180847167969,,,,,,,,,,,,,,,,,,,,,,,,,,,,,,,,,,,
20200520,,,,,,,,,,,,,,,,,,,,,,,,,,,,,,,,13.099191665649414,13.456900596618652,,,,12.568072319030762,13.078774452209473,,,,,,,11.528098106384277,12.827728271484375,,,,,,,11.42346477508545,11.648509979248047,,13.295636177062988,,,,,
20200521,14.443024635314941,13.992927551269531,13.400349617004395,13.891019821166992,,,,,,14.710383415222168,,,13.618350982666016,14.321036338806152,14.491785049438477,14.14006233215332,,,,,15.266858100891113,,14.542044639587402,,,,14.427700996398926,,,,,13.402966499328613,13.492972373962402,,,,12.917470932006836,13.492142677307129,,,,,,11.777945518493652,11.760512351989746,13.105745315551758,13.752902030944824,12.430133819580078,12.81833267211914,,,12.131829261779785,11.837167739868164,11.779791831970215,12.331730842590332,13.549518585205078,,12.968823432922363,,,
20200522,,,,,,,,,,15.86352252960205,,,,,,,,,14.965656280517578,16.14092254638672,,,,,15.447343826293945,15.971090316772461,,,,14.974166870117188,15.784638404846191,,,,14.025443077087402,15.855130195617676,,,,,12.806110382080078,13.496417999267578,15.187044143676758,,,,,13.10348892211914,13.198610305786133,13.374073028564453,15.56053638458252,,,,,,,,13.389842987060547,,
20200523,13.002936363220215,,,,14.013348579406738,14.071428298950195,,,,,12.866250038146973,,12.972027778625488,13.888148307800293,14.061225891113281,14.123689651489258,14.12485408782959,,,,,,13.760001182556152,,,,12.00218677520752,,,,,10.771573066711426,11.239614486694336,,,,10.831981658935547,10.866744995117188,,,,,,9.847289085388184,9.808492660522461,11.455759048461914,,11.580501556396484,,,,,9.961170196533203,9.983957290649414,10.573375701904297,,,,,,
20200524,,13.466388702392578,13.536774635314941,13.708809852600098,14.307276725769043,14.552077293395996,14.464345932006836,14.150195121765137,,,,13.110658645629883,13.348626136779785,14.014581680297852,14.309341430664062,14.584930419921875,14.444433212280273,14.07896900177002,,,,,13.99142837524414,,,,,,,,,12.989062309265137,,,,,12.100443840026855,13.114081382751465,,,,,,11.355755805969238,11.058460235595703,12.691934585571289,,,,,,,,,,,,,,,
20200525,13.894399642944336,13.391773223876953,13.231562614440918,13.718645095825195,14.092850685119629,,,13.952983856201172,,,13.33968734741211,12.940673828125,13.090112686157227,13.887703895568848,14.154617309570312,14.339095115661621,14.198332786560059,13.92590045928955,,,,13.668167114257812,13.811070442199707,,,,,,,,,,13.520263671875,13.166712760925293,,,,,13.218334197998047,,,,,,,,,,,,,,,,,,,,,,
20200526,,,,,,,,,,,,,,,,,,,,,,13.944427490234375,,,,,,14.178715705871582,,,,,14.106985092163086,13.181734085083008,,,,,,,11.826398849487305,12.717318534851074,,,,,,12.098223686218262,12.567456245422363,,,11.708333015441895,,,,12.937386512756348,13.138561248779297,12.978421211242676,,,
20200527,,,,,14.987624168395996,15.134123802185059,14.969585418701172,14.421445846557617,14.259461402893066,15.801785469055176,,,,,14.77405071258545,14.996175765991211,,,,,14.171046257019043,,,,,,,,,,,,,,13.159749984741211,,,,13.79973030090332,,12.202245712280273,13.139850616455078,,,,13.967833518981934,13.63134765625,12.617972373962402,13.022521018981934,13.161076545715332,,,12.291291236877441,12.271666526794434,13.228696823120117,13.62600040435791,13.54647445678711,13.556700706481934,13.40847110748291,12.523134231567383,
20200528,13.423867225646973,13.060543060302734,,,,,,,,,,,,,,,,,,,,,,,,,,13.69169807434082,,,,,,,,,,,,,,,,,,10.90983772277832,,,,,,,9.486271858215332,9.456449508666992,9.978414535522461,,,,,,
20200529,13.467041015625,13.375944137573242,13.48729133605957,13.799894332885742,14.184306144714355,14.343836784362793,13.828958511352539,13.601716995239258,13.07341480255127,15.404999732971191,13.45378589630127,12.187646865844727,12.755227088928223,13.707763671875,13.935632705688477,13.91196060180664,13.99490737915039,13.759674072265625,13.944785118103027,15.373862266540527,,,,,14.871491432189941,15.763129234313965,,,,,15.862778663635254,,,,,14.962241172790527,10.818333625793457,,,,,,15.029168128967285,10.824000358581543,10.461976051330566,12.144753456115723,,,,,,11.191654205322266,10.596391677856445,10.654666900634766,,13.102044105529785,13.186057090759277,13.193836212158203,12.855374336242676,,
20200530,13.916247367858887,13.62372875213623,13.464235305786133,,,,,13.892108917236328,13.742999076843262,15.462395668029785,,,,,,,,,14.483368873596191,15.52320384979248,,,,,,15.710886001586914,13.83922290802002,,,,,,,,,,,,,,,,13.449342727661133,11.889264106750488,11.518280982971191,,,,,,,,11.342267036437988,11.452741622924805,10.77649974822998,,,,,,
20200531,,,,,,,,,,,,,,,,,,,,,,,,,,,,,,,14.69543743133545,,,,,,,,,,,,,,,,,,,,,,,,,,,,,,
20200601,14.620244026184082,14.110453605651855,,13.563518524169922,,,,,,,,,,,,14.218585014343262,13.982955932617188,,,,,,,,,,,,,,,,,,,,,,,,,,,,,,,,,,,11.470417022705078,,,,,,,,,
20200602,,,,,,,13.338194847106934,,,,,,11.590570449829102,12.599392890930176,,13.840401649475098,,,,,,,,,,16.496051788330078,,,,,15.691152572631836,,,,12.172834396362305,15.904512405395508,,,,,,12.096771240234375,12.751325607299805,,,,,,,,12.964614868164062,,,,,,,,,,
20200603,14.099516868591309,13.76677417755127,13.115962028503418,13.203564643859863,13.60549259185791,14.03142261505127,14.15177059173584,13.732335090637207,13.01427936553955,14.826241493225098,14.516111373901367,13.238666534423828,12.866567611694336,13.308147430419922,13.6416654586792,13.929096221923828,14.015396118164062,13.953681945800781,13.821385383605957,15.419026374816895,14.467451095581055,,,,14.246665954589844,15.396621704101562,14.385293006896973,,,13.64741039276123,14.66357135772705,13.123722076416016,13.648293495178223,,,,12.151322364807129,13.276666641235352,,,,,,12.046302795410156,11.4835205078125,12.743234634399414,,,,,,11.659285545349121,11.48166561126709,11.74977970123291,12.876997947692871,,,,,,
20200604,,,12.974468231201172,13.442633628845215,13.798758506774902,14.007936477661133,14.179999351501465,13.822737693786621,13.403188705444336,15.287993431091309,,,12.725432395935059,13.3631010055542,13.68302059173584,13.960103988647461,14.043828964233398,13.826009750366211,13.980719566345215,15.196549415588379,,,13.530976295471191,,14.263853073120117,15.438636779785156,,,,13.441427230834961,15.413055419921875,,,,12.343914985656738,15.002397537231445,,,,,,,,,,,,12.140789031982422,12.102968215942383,,,,,,,,,,,,
20200605,,,,,,,,,,,,,,,,,,,,,,,,,,,,,,,,,,,,,,,,,,12.840689659118652,14.141456604003906,,,,,,,,13.184457778930664,,,,,,,,,,
20200606,14.743413925170898,13.825183868408203,13.540252685546875,13.75182056427002,13.95438003540039,13.89968204498291,,,,,14.821735382080078,13.534942626953125,13.090063095092773,13.46202278137207,13.753536224365234,,,,,14.719165802001953,15.0191650390625,,,,13.541182518005371,14.610164642333984,,,,13.181418418884277,14.944427490234375,,,12.830500602722168,12.239583015441895,14.730362892150879,,13.355112075805664,,,11.208784103393555,12.831428527832031,14.464934349060059,11.780364036560059,12.299593925476074,13.092331886291504,,,11.900605201721191,12.821427345275879,12.852941513061523,11.990160942077637,11.815589904785156,11.4423828125,12.859846115112305,13.43558120727539,,,,11.617499351501465,12.741527557373047
20200607,,,,,,,,,,,,,,,,,,,14.664545059204102,,,,,,14.11983871459961,15.612022399902344,,,,13.558281898498535,15.591840744018555,,,,12.888947486877441,15.058760643005371,,,,,11.895285606384277,13.372660636901855,14.87075424194336,,,,,12.293018341064453,12.667200088500977,13.370513916015625,,,,,13.719091415405273,,,,12.893203735351562,12.102243423461914,12.642069816589355
20200608,,13.034706115722656,12.817635536193848,13.230875015258789,,,,,,,,,12.181392669677734,13.099714279174805,13.63671875,13.809553146362305,13.382777214050293,,,,,,13.32013988494873,,,,,,,,,,,,,,,,,,,,,,,,,,,12.816060066223145,,,,,,,,,,,
20200609,,,12.61312484741211,12.824917793273926,,,,,,,,,,,,13.767940521240234,13.246322631835938,,,,,,13.37146282196045,,13.648605346679688,15.264750480651855,,,,13.294189453125,15.160417556762695,,,,12.74609661102295,15.437190055847168,,,,,11.266562461853027,13.169219970703125,15.360337257385254,,12.096537590026855,,,11.880961418151855,12.73363208770752,13.237325668334961,13.307172775268555,,,,,,,13.09725570678711,13.11877155303955,11.993565559387207,12.418279647827148
20200610,12.784720420837402,12.321136474609375,12.074356079101562,12.056438446044922,,,,,,14.310946464538574,,12.03950023651123,11.847527503967285,12.063750267028809,12.869874954223633,13.089897155761719,12.729736328125,,,,,,,,,14.969852447509766,,,,12.802369117736816,14.797821998596191,,,,12.223662376403809,15.288684844970703,,,,,,,,,,,,,13.040130615234375,13.138126373291016,12.711429595947266,,,,,,,,,12.08408260345459,12.064069747924805
20200611,,,,,,13.32869815826416,13.086955070495605,13.204680442810059,12.770122528076172,,,,,,,,,,,,,,,,,,,,,,,,,,,,,,,,,,,,,,,,,,,,,,,,,,,,
20200612,,,,,,,,,,,,,,,,,,,,,,,,,,,,,,,,,,,,,,,13.846427917480469,,,13.242913246154785,15.463500022888184,,13.50455093383789,13.780146598815918,13.622275352478027,11.627870559692383,12.190679550170898,13.17261791229248,14.335490226745605,,12.07115364074707,12.00529670715332,13.287469863891602,13.453776359558105,13.336185455322266,12.969135284423828,12.978135108947754,12.270389556884766,11.903085708618164
20200613,,,,,,,,,,,,,,,,,12.83530330657959,,,,,,,,,,,,,,,,,,,,,13.445943832397461,,,,,,,,,,,,,,,,,,,,,,,
20200614,,,,,,,,,,,,,,,,,,,,,,,,,,,,,,,,,,,,,,,,,,,,,,,,,,,,,,,,,,,,,
20200615,,,,,,12.85949993133545,,,,,,,,,,,,,13.267767906188965,13.71684741973877,,,,,13.570833206176758,15.326969146728516,,,,12.901338577270508,14.71983528137207,,,,12.602797508239746,14.758223533630371,,,,,,13.226585388183594,14.608331680297852,,,,,,,13.94423770904541,15.088951110839844,,,,,,,,13.10677433013916,13.083913803100586,14.433023452758789
20200616,,,,12.317091941833496,12.529666900634766,12.670312881469727,,,,,14.34322452545166,,,,12.773635864257812,12.94520378112793,,,,,13.536470413208008,,,,,,,,,,,,,,,,,,,,,,,,,,,,,13.351760864257812,15.083556175231934,,,,,,,,,,
20200617,,,,13.551567077636719,13.849264144897461,13.955970764160156,14.045072555541992,13.704504013061523,13.038498878479004,14.30073070526123,,,12.8618745803833,13.404291152954102,13.713333129882812,13.75020694732666,13.73166561126709,13.419952392578125,13.4486083984375,14.948612213134766,,,13.341395378112793,,13.495757102966309,15.402118682861328,,14.49305534362793,,13.055366516113281,14.564475059509277,14.18416690826416,14.361985206604004,,12.364645957946777,14.494037628173828,12.772448539733887,13.430953025817871,13.940001487731934,,10.871590614318848,12.741194725036621,14.011628150939941,11.901703834533691,13.332222938537598,13.35793685913086,13.627398490905762,11.601530075073242,12.007646560668945,13.298358917236328,14.600138664245605,11.771529197692871,12.007469177246094,11.688719749450684,12.436175346374512,13.421307563781738,,13.298478126525879,13.058732986450195,12.57306957244873,
20200618,,,,,,,,,,,,,,,,,,,,,,,,,,,,,,,,,,,,15.078770637512207,,,,,,,,,,,,,,,14.73453140258789,,,,,,,,,13.37923526763916,14.106040954589844
20200619,,,,,,,,,,,,,,,,,,,,,,,,,,,,,,,,,,,,,,,,,,,,,,,,,,,,,,,,,,,,,
20200620,,,,,,,,13.282999038696289,,,,,,,,,,13.157320976257324,,,,,,,,,,,,,,,,,,,,,,,,,,,,,,,,,,,,,,,,,,,
20200621,13.913622856140137,13.476371765136719,12.722015380859375,12.688501358032227,12.983440399169922,13.10688591003418,,,,,14.110184669494629,12.687642097473145,11.870078086853027,12.344449043273926,12.761333465576172,,,,,,13.705315589904785,13.666415214538574,,,,,13.431546211242676,13.788253784179688,,,,12.843802452087402,13.688920021057129,,,,11.473448753356934,12.983030319213867,13.276391983032227,,,,,11.393804550170898,12.622178077697754,13.264097213745117,13.181750297546387,,,,,11.675728797912598,11.905879974365234,11.764513969421387,12.265353202819824,,,,,,
20200622,,,,,,,,,,,,,,,,,,,,,,,,,,,,,,,,,,,,,,,,,,,,,,,,,,,,,,,,,,,,,
20200623,,,,,,,,,,15.540328025817871,,,,,,,,,,15.820775985717773,,,,,,15.876617431640625,,,,,,,,,,14.145520210266113,,,,,,,,,,,,,,,,,,,,,,,,,
20200624,14.177021026611328,13.668506622314453,12.844595909118652,12.938262939453125,13.15967845916748,13.098418235778809,13.321308135986328,13.40485954284668,,,14.521492958068848,13.071868896484375,12.455385208129883,12.642905235290527,13.157695770263672,13.254518508911133,,,,,14.409027099609375,13.980735778808594,12.697617530822754,,,,13.743888854980469,14.075189590454102,,,,13.281631469726562,13.88383674621582,12.859589576721191,,,11.48232650756836,12.768705368041992,,,,,,11.453125,11.97758960723877,,,,,,,,,,,,,,,,
20200625,,,,,11.449460983276367,11.679683685302734,13.340581893920898,12.920839309692383,12.918079376220703,14.495341300964355,,,,,,,12.940730094909668,12.862343788146973,13.335797309875488,14.825316429138184,,,,,,14.853814125061035,,,,,14.982294082641602,,,,,13.77255630493164,,,,,,,,,,,13.201895713806152,,,11.440810203552246,,,,,13.28573989868164,13.318063735961914,,,,10.76968765258789,
20200626,13.990567207336426,13.754636764526367,12.962360382080078,12.78148365020752,13.029703140258789,13.236968040466309,13.25715446472168,12.956665992736816,12.787413597106934,14.736628532409668,14.242609024047852,13.23033332824707,11.768749237060547,12.434046745300293,12.860687255859375,12.89117431640625,12.939643859863281,12.518138885498047,13.588193893432617,14.51779556274414,13.92414665222168,,12.432208061218262,,14.213485717773438,15.228446006774902,13.274147987365723,13.819181442260742,,12.966641426086426,15.275688171386719,13.072182655334473,13.601999282836914,,12.559890747070312,14.550071716308594,11.174347877502441,12.670833587646484,13.445918083190918,,,13.902618408203125,14.416028022766113,11.772321701049805,12.49599838256836,13.186249732971191,,,,,,11.785694122314453,11.58324146270752,11.77538013458252,12.713749885559082,,,,,,
20200627,13.781037330627441,12.76234245300293,12.511883735656738,12.557577133178711,13.098638534545898,13.300105094909668,13.233470916748047,12.810079574584961,12.74328899383545,14.618992805480957,,,,12.435373306274414,12.950312614440918,13.080520629882812,12.957375526428223,12.538565635681152,13.37098217010498,14.686909675598145,,,12.368332862854004,,13.872879028320312,14.874284744262695,,,,12.798813819885254,14.991445541381836,,12.523487091064453,,12.346083641052246,14.13440227508545,,12.27734375,,,10.594999313354492,12.661711692810059,,11.600000381469727,12.319222450256348,,,10.518038749694824,,,,12.146810531616211,11.587291717529297,10.903523445129395,11.785731315612793,12.785164833068848,,,,,
20200628,,,,,,,13.245999336242676,13.08781909942627,13.188529968261719,14.824402809143066,,,,,,,13.323038101196289,12.939189910888672,13.61693286895752,14.90864372253418,,,,,14.107821464538574,15.234342575073242,,,,13.11213207244873,15.226384162902832,,,,12.725900650024414,14.355539321899414,,,,,,13.497706413269043,14.261666297912598,,,,,11.627692222595215,12.279916763305664,13.789717674255371,14.084551811218262,,,,,13.408404350280762,13.401522636413574,13.149166107177734,13.17188835144043,13.249238014221191,14.023228645324707
20200629,13.923222541809082,13.740667343139648,12.718921661376953,12.337459564208984,,,,,,,,13.15303897857666,,,,,,,,,13.638075828552246,,,,,,12.760115623474121,13.595526695251465,,,,,,,,,,,,,,,,,,,,,,,,,,,,,,,,,
20200630,12.591206550598145,,,,,13.087665557861328,13.248480796813965,12.821666717529297,12.498016357421875,14.144775390625,,,,,,,12.8063383102417,12.365864753723145,13.143378257751465,14.396092414855957,,,,,14.117936134338379,14.915693283081055,12.804909706115723,13.625415802001953,,12.842652320861816,15.1329927444458,13.146525382995605,13.732244491577148,12.962875366210938,12.158499717712402,14.403529167175293,11.336146354675293,,,,10.560211181640625,13.116186141967773,14.440799713134766,,,13.379042625427246,13.086427688598633,10.529199600219727,11.633856773376465,13.363819122314453,13.653402328491211,,11.978889465332031,11.86276912689209,12.338714599609375,12.89574146270752,12.847436904907227,12.726248741149902,12.881770133972168,13.552915573120117,13.790173530578613
20200701,13.590394973754883,13.338375091552734,12.808161735534668,,,,,,,,13.746665954589844,12.171344757080078,,,,,12.404394149780273,,,,,,,,,,,13.429876327514648,,,,,13.424341201782227,13.24707317352295,,,,,,,10.563076972961426,13.278076171875,,12.469523429870605,,,,10.904285430908203,11.842719078063965,13.107247352600098,,,11.700599670410156,,12.699812889099121,12.921992301940918,13.054567337036133,12.94618034362793,13.118402481079102,13.776276588439941,14.0936861038208
20200702,,,,,,,,,,14.707361221313477,,,,,,,,,,14.77452278137207,,,,,,15.172043800354004,,,,13.365975379943848,15.297122955322266,,,,,15.110143661499023,,,,,,,14.66529369354248,,,,,,,,13.767724990844727,,,,,,,,,,
20200703,,,,,,,13.111248970031738,13.041369438171387,,,,,,,,11.794445037841797,,12.930973052978516,12.604188919067383,,,,,,,,,,,,,,,,12.677816390991211,14.352984428405762,11.635937690734863,12.269444465637207,,,,,14.092537879943848,,13.2127685546875,13.723958015441895,,,,13.276805877685547,13.902535438537598,,11.965001106262207,12.063763618469238,11.640121459960938,,,12.771742820739746,,13.398332595825195,13.950498580932617
20200704,,,,,,,,,,12.962343215942383,,,,,,,,,,,,,,,,,,,,,,,,,,,,,,,,,,,,,,,,,,,,,,,,,,,
20200705,,12.581665992736816,11.984999656677246,12.207162857055664,12.87079906463623,13.117462158203125,13.247624397277832,12.522404670715332,11.860175132751465,14.036665916442871,,10.978158950805664,11.244898796081543,12.241095542907715,12.69890022277832,,12.524612426757812,12.315053939819336,,,,,,,,,,,,,,,,,,,,,,,,,,,,,,,,,,,,,,,,,,,
20200706,13.751927375793457,13.624361038208008,12.059341430664062,12.539165496826172,12.727104187011719,12.987881660461426,13.074000358581543,12.454656600952148,12.288017272949219,13.6091890335083,,,,12.263253211975098,12.399784088134766,12.371275901794434,,,,14.48581314086914,,,,,13.924489974975586,15.301594734191895,,,,13.240734100341797,15.216883659362793,,,,,,,,,,,,,,,,,,,,,,,,11.419819831848145,,,,,,
20200707,,12.680633544921875,12.348854064941406,12.361735343933105,12.656527519226074,12.796630859375,12.578104972839355,,,,,11.782233238220215,11.587857246398926,12.269887924194336,12.484580039978027,12.589999198913574,12.465963363647461,11.985068321228027,,,,,,,13.682734489440918,14.749086380004883,,,,12.988332748413086,,13.261465072631836,,,11.682438850402832,,,,,,,,,,,,,,,,,11.417166709899902,12.077280044555664,,,,,,,,
