date,Esperance_1,Esperance_2,Esperance_3,Mundrabilla,Eucla_1,Eucla_2,Yalata,Ceduna
20180104,0.09672104567289352,0.21159762144088745,0.23035067319869995,0.3490777015686035,0.3886807858943939,0.37339136004447937,,
20180105,0.1440884917974472,0.18175843358039856,0.17692337930202484,0.24169287085533142,0.46653997898101807,0.465243399143219,0.2702273428440094,0.3044227957725525
20180106,0.17550404369831085,0.20411516726016998,0.1782657504081726,0.19876539707183838,,,,0.22793623805046082
20180107,,,0.14493966102600098,0.3914840817451477,0.4524351954460144,0.32082533836364746,0.32315486669540405,0.5076971054077148
20180108,0.17433370649814606,,,,,,,0.1282716691493988
20180109,0.17307519912719727,,,0.43039533495903015,0.42434367537498474,,,
20180110,0.1592152714729309,0.16739213466644287,,,0.4890210032463074,0.4323543608188629,0.30029308795928955,0.3457452356815338
20180111,0.12236939370632172,0.1586657613515854,0.2213689684867859,0.2872389256954193,0.2775431275367737,,,
20180112,,,0.23088130354881287,0.4408988952636719,0.33821699023246765,,,
20180113,0.19899702072143555,,,,,0.3083115220069885,0.2141314297914505,0.16385453939437866
20180114,0.18438926339149475,0.157260462641716,0.14117050170898438,,,,,
20180115,,,,,0.3747417628765106,,,
20180116,,,,,,0.39652174711227417,0.34806138277053833,0.3930818438529968
20180117,,,0.23336102068424225,0.37863945960998535,0.4605569839477539,0.40561720728874207,0.3186917304992676,0.3415280878543854
20180118,,,,,0.5933937430381775,0.3721022605895996,0.33048227429389954,0.3209367096424103
20180119,0.1979077309370041,,,,,,,0.5973650217056274
20180120,0.22041867673397064,0.21677681803703308,,,,,,
20180121,0.19195634126663208,0.2390868365764618,0.15207916498184204,,,,,
20180122,0.16387410461902618,0.12927769124507904,,0.30817437171936035,0.28329384326934814,0.2913984954357147,0.2825305759906769,0.29997989535331726
20180123,,,,0.5031266212463379,,0.3255031704902649,0.3069649636745453,0.34499382972717285
20180124,,,,,,,,
20180125,,,0.20289026200771332,0.21052099764347076,,,,
20180126,0.17128929495811462,0.17311395704746246,0.14254413545131683,0.29550468921661377,0.37746506929397583,0.39710375666618347,0.3979979157447815,0.53985595703125
20180127,0.1305675208568573,0.19756898283958435,0.15794816613197327,0.383696973323822,,0.5977070331573486,0.4221374988555908,
20180128,,,,,,,,
20180129,0.14596256613731384,,,,,,,
20180130,,,,,,,,
20180131,,,,,,,,
20180201,0.2033962905406952,0.14969755709171295,0.2028186321258545,0.3512515723705292,,,,
20180202,,0.17097489535808563,0.13537001609802246,0.2431921511888504,0.5894119143486023,0.7681494355201721,0.8336110711097717,0.5328989028930664
20180203,,,,,,0.4349514842033386,0.6047289371490479,0.545983076095581
20180204,0.23026812076568604,0.15372714400291443,0.21501661837100983,,,,,0.5108396410942078
20180205,,0.09277139604091644,0.23372939229011536,,,0.5565312504768372,0.6831963062286377,0.20235906541347504
20180206,0.18842026591300964,0.22286473214626312,0.3006187379360199,0.37613993883132935,0.8521950244903564,0.5736487507820129,0.4354507625102997,0.3518581688404083
20180207,,0.12000468373298645,,,,0.4979674816131592,0.3814689815044403,0.29110994935035706
20180208,,,,,0.5715547204017639,0.45348161458969116,0.3453512489795685,0.26444825530052185
20180209,0.21630582213401794,0.23864828050136566,0.2785361111164093,,,0.4166172444820404,0.33148854970932007,0.30844828486442566
20180210,0.2072240114212036,0.15673990547657013,0.12775003910064697,0.19411061704158783,,,,
20180211,0.19394920766353607,0.24375402927398682,0.28285905718803406,0.4150463938713074,0.44255784153938293,0.39917418360710144,0.3499749004840851,0.28393062949180603
20180212,0.18555469810962677,0.23216436803340912,0.24091827869415283,0.36838170886039734,0.5678122639656067,0.4285959303379059,0.34409984946250916,0.46031391620635986
20180213,,,0.22134444117546082,0.417750746011734,0.3210136890411377,0.40230467915534973,0.33846914768218994,0.2849586606025696
20180214,0.22478848695755005,0.32177039980888367,0.18869198858737946,,0.666618824005127,0.40215787291526794,0.33139359951019287,0.2809845209121704
20180215,0.2062305212020874,0.233319953083992,0.2372872531414032,0.45415323972702026,0.48407837748527527,,,
20180216,0.22071751952171326,0.2881534695625305,0.27365079522132874,0.45122015476226807,0.4474734663963318,0.3650416135787964,0.3294961452484131,0.31227701902389526
20180217,0.22681723535060883,,,,1.1874680519104004,0.4298136234283447,0.3709501624107361,0.36446359753608704
20180218,,0.3569476902484894,0.32321587204933167,0.45417457818984985,0.650575578212738,0.38554781675338745,0.4048202931880951,0.3699492812156677
20180219,,,,,,,,0.47201791405677795
20180220,,,,,,,,
20180221,,,,,,,,
20180224,,,,,,,,
20180225,0.31996995210647583,0.31883376836776733,0.4896193742752075,0.31085407733917236,,0.5081337690353394,0.5268732905387878,0.45390617847442627
20180226,0.16685575246810913,,,,,,,
20180227,0.1994866132736206,0.4174526631832123,0.48423469066619873,0.5338063836097717,,,0.4191330373287201,0.41127851605415344
20180228,0.285161554813385,0.312204509973526,0.354503870010376,0.6891308426856995,0.9217854142189026,0.5453959703445435,0.4678800702095032,0.4039229154586792
20180301,0.29483407735824585,0.4352506399154663,0.40254783630371094,0.6456871628761292,,,,
20180302,,0.2846716642379761,,0.6753724217414856,0.8429529070854187,0.5099362134933472,0.4580565094947815,0.38383665680885315
20180303,,,0.1526481956243515,,0.7257238030433655,0.47040635347366333,,0.43870097398757935
20180304,0.2845253050327301,0.29587939381599426,0.2768133282661438,0.43470409512519836,0.6048097014427185,0.28332796692848206,0.3776443600654602,0.3330421447753906
20180305,0.2997313439846039,0.35477977991104126,0.40048906207084656,0.8228063583374023,0.36030417680740356,0.2901208996772766,0.3640657961368561,0.4342420697212219
20180306,0.33772173523902893,0.3927781879901886,0.35768651962280273,0.4399072229862213,0.7599642276763916,0.5907828211784363,0.6516401767730713,0.5482187867164612
20180307,0.34207335114479065,0.47433966398239136,0.4656010568141937,0.705729067325592,0.7374632358551025,0.556686282157898,0.5740595459938049,0.5705897212028503
20180308,0.3177293539047241,0.38676396012306213,0.41097044944763184,0.6182512640953064,0.6869505643844604,0.7456326484680176,0.6541783213615417,0.6315224766731262
20180309,0.3002960681915283,0.45573076605796814,0.3598562180995941,0.4625730514526367,0.5984215140342712,0.5159854888916016,0.3762248456478119,0.3735101819038391
20180310,0.1931839883327484,,,,0.5923075675964355,0.44418472051620483,0.3075227439403534,0.26572954654693604
20180311,0.21311073005199432,,,,,,,0.31210780143737793
20180312,0.30427470803260803,,,,0.3157905042171478,0.3708108067512512,0.6496084928512573,0.534072756767273
20180313,,,,,,,,
20180314,,,,0.5587728023529053,0.8771923184394836,0.7410916686058044,0.8874284625053406,0.8370583057403564
20180315,,,,,0.689995288848877,0.5904251337051392,0.6923099160194397,0.9611766934394836
20180316,,0.2959540784358978,0.5423843860626221,,0.6804198026657104,1.0514873266220093,,
20180317,,0.31085842847824097,0.4419906437397003,0.6274541020393372,0.6316522359848022,,,
20180318,,0.297677606344223,0.3266727030277252,0.7727107405662537,0.9170898795127869,0.7994415760040283,0.7038813829421997,0.45114147663116455
20180319,,,,,,0.3271389305591583,,0.17567886412143707
20180320,0.5825632214546204,0.454795241355896,0.39756134152412415,0.5276275277137756,0.39251959323883057,0.5167664289474487,0.5527998208999634,0.4996863603591919
20180321,0.5860975980758667,0.6682999730110168,0.6737446188926697,0.9500862956047058,,,0.9054034948348999,0.5872801542282104
20180322,0.6409342288970947,,0.6298942565917969,0.916909396648407,0.9778434634208679,0.8742775321006775,0.7802746891975403,0.6007022261619568
20180323,,0.39727193117141724,0.5123045444488525,0.7019749879837036,0.8929635286331177,0.7821630239486694,0.6867446303367615,0.5756866335868835
20180324,,,,0.5444344878196716,0.46035438776016235,0.4296414852142334,,0.5368363857269287
20180325,0.5182991623878479,0.7941159605979919,0.39391323924064636,0.5158577561378479,0.5855308771133423,0.660934567451477,0.39382198452949524,0.47420793771743774
20180326,,,,,,,0.5388681292533875,0.4867270290851593
20180327,0.30719953775405884,0.2348843216896057,0.2860133647918701,0.35462671518325806,,0.6627686619758606,0.7034883499145508,0.5383914709091187
20180328,0.4986977279186249,0.565711259841919,0.46704742312431335,0.647964596748352,0.807325541973114,0.7098063230514526,0.6340667605400085,0.47044166922569275
20180329,0.4175125062465668,0.4750121831893921,0.40127748250961304,0.5725944638252258,0.7274529933929443,0.6136936545372009,0.5897379517555237,0.434535950422287
20180330,0.513312578201294,0.37264639139175415,0.3505389094352722,0.46329164505004883,0.6075775027275085,0.5208146572113037,0.5589545965194702,0.542729377746582
20180331,,0.3529731333255768,0.4915345013141632,,0.7320646643638611,,0.5248441696166992,0.3858269453048706
20180401,0.37492281198501587,0.4007624089717865,0.3231671154499054,0.2825073003768921,,0.2702195644378662,0.46340927481651306,0.3630330562591553
20180402,0.4776684045791626,0.4966109097003937,0.5085456371307373,,,,0.44943690299987793,0.37673264741897583
20180403,0.41036665439605713,0.5000957250595093,0.5754948854446411,,,0.6424134969711304,0.716719388961792,0.5973181128501892
20180404,0.3798089325428009,0.3874351680278778,0.49451035261154175,0.6903886198997498,0.821586549282074,0.7583187818527222,0.703167736530304,0.5683451890945435
20180405,0.31243935227394104,0.42457979917526245,0.5480188131332397,0.6940942406654358,0.7546509504318237,0.852563738822937,0.7056916356086731,0.5360514521598816
20180406,0.34106966853141785,0.5175676941871643,0.5217297673225403,0.7554891109466553,0.9367863535881042,0.8926543593406677,0.7670577764511108,0.5984035730361938
20180407,0.29672127962112427,0.39700737595558167,0.45661360025405884,0.6314946413040161,0.8012219667434692,0.7833887338638306,0.7387542128562927,0.5991030931472778
20180408,0.27960601449012756,0.34901708364486694,0.32430389523506165,0.5606557726860046,0.7736325860023499,0.6977109909057617,0.8193647265434265,0.6171026825904846
20180409,,0.3413727879524231,0.2993077039718628,0.5924355983734131,0.7006925940513611,0.6314833760261536,0.7504351139068604,0.5472881197929382
20180410,,,,,,0.46888142824172974,0.5693120360374451,0.5424212217330933
20180411,0.3575032949447632,0.4121009409427643,0.5015828013420105,0.5087946653366089,0.672275722026825,0.5389414429664612,0.631310760974884,0.437177449464798
20180412,0.3326660096645355,0.547990083694458,0.5102294683456421,0.6827148199081421,0.9184938669204712,0.810566782951355,0.6164917349815369,0.4367830455303192
20180413,0.2480906844139099,0.4418775141239166,0.512687623500824,,,0.5574072599411011,0.4300762712955475,0.3216076195240021
20180414,0.3140275478363037,0.42022705078125,0.4622272253036499,0.870577871799469,1.2862554788589478,0.4980357587337494,0.3165872097015381,0.3439463675022125
20180415,0.310473769903183,,0.49602410197257996,0.6972852349281311,1.1242517232894897,0.5956840515136719,0.5056356191635132,0.38368555903434753
20180416,,,,,0.4086974561214447,0.5985837578773499,0.598706841468811,0.31220340728759766
20180417,0.5076779127120972,0.6234469413757324,0.4923372268676758,0.7398011088371277,1.0611921548843384,,,
20180418,0.24904346466064453,0.4726378321647644,0.44249895215034485,0.680849015712738,0.8621333837509155,0.8397366404533386,0.8119890093803406,0.7220242619514465
20180419,0.4440688192844391,0.37196430563926697,0.36649224162101746,0.6468709707260132,0.744918942451477,0.665501594543457,0.6611518859863281,0.6701401472091675
20180420,0.5144460797309875,0.4878726899623871,0.381510466337204,0.6167864203453064,0.7601271867752075,0.6383436322212219,0.6400460600852966,0.6361798048019409
20180421,0.5955455899238586,0.7094227075576782,0.5234695672988892,0.5970218777656555,0.6110913753509521,0.5768243074417114,0.5873361229896545,0.6011130809783936
20180422,,,,,1.0491164922714233,0.7602558732032776,0.5677803754806519,0.6711795926094055
20180423,0.4082088768482208,0.4092351496219635,0.4264953136444092,0.6459238529205322,0.8067836165428162,0.7054140567779541,0.6816132664680481,0.5184431076049805
20180424,0.21861286461353302,0.2850154936313629,0.2716605067253113,0.542256236076355,0.6546825170516968,0.5884210467338562,0.5674238204956055,0.5162932276725769
20180425,0.33971479535102844,0.38612452149391174,0.3288210928440094,0.4534384608268738,0.6063182950019836,0.5212334990501404,0.49958598613739014,0.42623499035835266
20180426,0.6269451379776001,0.5657799243927002,0.40697023272514343,0.5404775738716125,0.6157276630401611,0.5123800039291382,0.6093851327896118,0.5520082116127014
20180427,,,,,,0.8418771028518677,0.634981095790863,0.5060966610908508
20180428,0.4138970375061035,0.37292400002479553,0.403646856546402,0.7490451335906982,0.8923534750938416,1.0958995819091797,1.0852466821670532,0.843978226184845
20180429,0.4540545344352722,0.4921012818813324,0.4620770812034607,0.8380981683731079,0.9155911207199097,0.836254358291626,0.8671783804893494,0.6719179749488831
20180430,0.46768471598625183,0.47709622979164124,0.47279584407806396,0.7330683469772339,0.8743784427642822,0.8459353446960449,0.8425753712654114,0.7417341470718384
20180501,0.34690138697624207,,,,0.7734556794166565,1.25819993019104,0.8971407413482666,0.7598602771759033
20180502,0.29293209314346313,0.37197229266166687,0.5547927021980286,0.8269687294960022,,,,0.49843621253967285
20180503,0.3104569613933563,0.3490336537361145,0.3745979070663452,,0.846907377243042,0.48476025462150574,,0.20367348194122314
20180504,0.474936842918396,0.5753254294395447,0.4780755639076233,0.7377651929855347,0.7962723970413208,0.565119743347168,0.7401970624923706,0.5374388694763184
20180505,0.4642318785190582,0.6021026968955994,0.5049561262130737,0.7563237547874451,0.8887054920196533,0.7640509605407715,0.950778067111969,0.8321196436882019
20180506,0.3598316013813019,,,1.0859184265136719,0.8665162920951843,0.9071782231330872,0.9774096012115479,0.7803958058357239
20180507,0.6660823822021484,0.822726309299469,,,,0.5952049493789673,0.5241924524307251,
20180508,0.5328394174575806,0.6552781462669373,0.523804247379303,,,,0.8493219017982483,0.7730852365493774
20180509,,0.28084027767181396,0.38306018710136414,0.5481716394424438,0.6963360905647278,0.6833534836769104,0.7072453498840332,0.5921741127967834
20180510,0.32120129466056824,0.3250358998775482,0.18631725013256073,,0.4076680839061737,,0.3125186264514923,0.2937101721763611
20180511,0.47839635610580444,,0.4375864267349243,0.5401002764701843,,0.37597906589508057,0.40150636434555054,0.4035441279411316
20180512,0.6070124506950378,0.799231767654419,0.4490416646003723,0.5095227956771851,,0.24153491854667664,0.3285348415374756,0.9387141466140747
20180513,0.7088387608528137,0.8195104598999023,0.6257497668266296,0.8449965119361877,0.9830718636512756,0.8072316646575928,0.6461640000343323,0.5575399398803711
20180514,0.4123533070087433,0.3930395543575287,0.5804587602615356,0.8587040305137634,0.8674082159996033,0.8692577481269836,0.7443621754646301,0.7797738909721375
20180515,0.3808188736438751,0.4870024025440216,0.42104896903038025,0.7128002643585205,0.6724405288696289,0.554460346698761,0.55809485912323,0.5263780355453491
20180516,0.44935065507888794,0.46015968918800354,0.5397346019744873,0.5794371962547302,0.42481544613838196,0.5008417963981628,0.3136410117149353,0.27004459500312805
20180517,0.8765985369682312,,,,,0.7228801250457764,0.6258720755577087,0.9102155566215515
20180518,0.47275733947753906,0.4594869613647461,0.27912625670433044,0.5221165418624878,0.24245381355285645,0.1930682510137558,,
20180519,,,,,,,,
20180520,0.4239911735057831,0.44312480092048645,0.31405311822891235,0.29980573058128357,0.522310197353363,0.5781707763671875,0.552312433719635,0.5969959497451782
20180521,0.42024993896484375,0.4692404270172119,0.42636746168136597,0.6193329095840454,0.7183188199996948,0.7772341370582581,0.6030198335647583,0.5556334853172302
20180522,0.4525142014026642,0.4958436191082001,0.47777530550956726,0.5855774879455566,0.722581148147583,0.7593902349472046,0.6119716167449951,0.7815807461738586
20180523,0.5355111360549927,0.6158492565155029,0.6161790490150452,0.7068617343902588,0.7633264064788818,0.7724895477294922,0.6325525045394897,0.772240400314331
20180524,0.4878295063972473,0.5598125457763672,0.5875660181045532,0.7249974012374878,0.8812733888626099,0.9250010848045349,0.6551493406295776,0.7397702932357788
20180525,0.16733041405677795,0.5046506524085999,0.6257400512695312,,,,,
20180526,0.2447366863489151,0.31309330463409424,0.45705941319465637,0.7346137166023254,0.7854066491127014,0.8412607908248901,,
20180527,,0.4478926956653595,0.4752553105354309,0.63560551404953,0.7072590589523315,0.737348198890686,0.6402321457862854,0.7196828722953796
20180528,0.2726936340332031,0.243133544921875,0.552828311920166,0.44160035252571106,0.6055780649185181,0.6818571090698242,0.2677355706691742,0.6319987177848816
20180529,0.5350948572158813,0.5909048318862915,0.5360112190246582,0.7461025714874268,1.0035371780395508,0.7272457480430603,0.6695442795753479,0.6939884424209595
20180530,0.4642607569694519,0.5320128202438354,0.4998471736907959,0.6245638728141785,0.8082175850868225,0.821294367313385,0.841628909111023,1.0123775005340576
20180531,,0.543333113193512,0.4976312816143036,,1.0118521451950073,,,
20180601,0.3337612450122833,0.3698021471500397,0.38890501856803894,0.5834381580352783,0.8030765652656555,,,1.1173583269119263
20180602,0.760105311870575,0.3738012909889221,0.3477008640766144,0.3596388101577759,0.6530989408493042,0.8333053588867188,0.6202490925788879,0.7245960235595703
20180603,0.6385778188705444,0.5602223873138428,0.4714386463165283,0.4945082664489746,0.6731587648391724,0.7152631282806396,0.5979681611061096,0.7321005463600159
20180604,0.531251847743988,0.519865095615387,0.5405948758125305,0.6970196962356567,0.9189608693122864,0.9430845379829407,0.9263944625854492,0.8267911672592163
20180605,,,,0.6106715202331543,0.8259720802307129,,0.9146842956542969,0.9626343846321106
20180606,0.3648323118686676,0.422372043132782,0.23122647404670715,,,,,
20180607,0.4800024628639221,0.517401933670044,0.46992027759552,0.4714188873767853,0.49320197105407715,0.49067363142967224,,
20180608,0.528933584690094,0.5360309481620789,0.5040203332901001,0.17000505328178406,0.6462905406951904,0.6277687549591064,0.2388024628162384,
20180609,0.5163241028785706,0.4688991606235504,0.4473738670349121,0.5187481045722961,0.8816884160041809,1.0094106197357178,0.49180614948272705,0.5780802369117737
20180610,0.3426278531551361,0.4382344186306,0.423676073551178,0.34033477306365967,0.6643491983413696,0.639660120010376,0.2865545153617859,0.8529007434844971
20180611,0.24003423750400543,0.36641407012939453,0.46049201488494873,0.3894124925136566,0.5994239449501038,0.5307206511497498,0.2996875047683716,0.43639084696769714
20180612,,0.4588771462440491,0.46561580896377563,0.4615967273712158,0.3876688480377197,,,
20180613,,,0.28266194462776184,,0.40294474363327026,0.5684820413589478,0.37299400568008423,0.4744166135787964
20180614,0.3889389932155609,0.3317771852016449,0.45944613218307495,0.40496712923049927,,0.6548162698745728,0.47365593910217285,0.2982312738895416
20180615,0.30961874127388,0.3794243037700653,0.37457403540611267,0.4612029492855072,0.5936520099639893,0.5377318263053894,0.46348118782043457,0.42892947793006897
20180616,0.4711764454841614,0.4190523624420166,0.39295291900634766,0.32056480646133423,0.5301073789596558,0.6360116600990295,0.6114826798439026,0.35064220428466797
20180617,0.48602592945098877,0.46173566579818726,0.4159332811832428,0.4233018457889557,0.4417799413204193,0.536377489566803,0.4854385554790497,0.3124462068080902
20180618,,,,,0.9001474976539612,0.7239248752593994,0.6801453232765198,0.5555654764175415
20180619,0.4621533155441284,0.389955997467041,0.5244751572608948,0.7164010405540466,,,,
20180620,0.29348888993263245,0.2857149541378021,0.44305917620658875,0.4390418827533722,0.6980867981910706,0.722192645072937,0.8584061861038208,0.4092791974544525
20180621,0.44129660725593567,0.3520110845565796,0.40985164046287537,0.36854079365730286,0.5196986794471741,0.5413228273391724,0.625458836555481,0.539290726184845
20180622,0.36693188548088074,0.3441925346851349,0.22955374419689178,0.31679263710975647,0.6321443319320679,0.5306254625320435,0.5383583307266235,0.46555545926094055
20180623,0.23650924861431122,,0.2762642502784729,0.26546743512153625,0.3889891803264618,0.40874385833740234,0.3334527313709259,0.353710800409317
20180624,0.37860316038131714,0.22552908957004547,0.18111751973628998,0.2215038239955902,0.29702574014663696,0.6039267182350159,0.5524532794952393,0.4389181435108185
20180625,0.519183337688446,0.41057369112968445,0.2877306342124939,0.3330771327018738,0.5894259214401245,0.7024508118629456,0.6154990196228027,0.4292351007461548
20180626,,0.4867691993713379,0.6642357110977173,,0.6453067660331726,0.7236950993537903,0.7497838735580444,0.45604753494262695
20180627,,,0.357424259185791,0.38984185457229614,0.4922316074371338,0.560696005821228,0.6908552646636963,0.5573269724845886
20180628,0.2857278287410736,0.18689361214637756,0.2720116376876831,,,0.5559173226356506,0.7146874070167542,0.5352320671081543
20180629,0.32507652044296265,0.30790504813194275,0.2623313367366791,0.3291270434856415,0.3945271670818329,0.3562075197696686,0.3977718651294708,0.36971330642700195
20180630,0.715172290802002,0.6442276835441589,0.7211940884590149,0.5749202966690063,,0.44631707668304443,0.49877119064331055,0.30514323711395264
20180701,0.5326714515686035,0.4540773034095764,0.46340039372444153,0.41801583766937256,0.516815721988678,0.5923983454704285,0.7829386591911316,0.6695423722267151
20180702,,,,0.45130449533462524,,0.6222765445709229,0.7735402584075928,0.595965564250946
20180703,0.49725276231765747,0.333723783493042,,0.5105043649673462,0.4445277452468872,0.476132333278656,0.5584834218025208,0.4429771900177002
20180704,0.23665718734264374,0.4544115364551544,0.44801434874534607,0.39015012979507446,0.3552863895893097,0.27756091952323914,0.40886038541793823,0.32080161571502686
20180705,0.3296200931072235,0.34409141540527344,,0.4645576477050781,0.4865976870059967,0.4498492479324341,0.5323764681816101,0.4220465421676636
20180706,0.24642817676067352,0.2315392643213272,0.4074839651584625,0.4672669470310211,0.487542062997818,0.5029019713401794,0.33811187744140625,0.3435635566711426
20180707,,0.19324995577335358,0.2796413004398346,,,,,
20180708,0.2910352051258087,0.32572460174560547,0.4897497296333313,,,,,
20180709,0.5592544078826904,0.5389710068702698,0.545336902141571,0.530333399772644,0.5723517537117004,0.5423569083213806,0.5389489531517029,0.6292118430137634
20180710,0.5439988970756531,0.5980757474899292,0.6289799809455872,0.5351587533950806,0.571873664855957,0.5638571977615356,0.5685220956802368,0.5848731994628906
20180711,0.5355455875396729,0.4807676076889038,0.5317323803901672,0.5869559049606323,0.6220424771308899,0.5663232803344727,0.5697028636932373,0.5630698800086975
20180712,0.44572606682777405,0.4347575604915619,0.4597473740577698,0.5201730728149414,0.5671378374099731,0.5558921098709106,0.640869677066803,0.6539028286933899
20180713,0.3138699531555176,0.3605392575263977,0.3550388216972351,0.47724825143814087,0.6004443168640137,0.5528252124786377,0.5930830836296082,0.5574959516525269
20180714,0.31213992834091187,0.32324469089508057,0.29114580154418945,0.37290021777153015,0.4813046455383301,0.4773443043231964,0.5274747014045715,0.5250055193901062
20180715,,,0.2907903790473938,0.3020053803920746,0.4366585314273834,0.40880540013313293,0.4380282759666443,
20180716,0.33721280097961426,0.343841552734375,0.37409186363220215,0.3814765512943268,0.5308947563171387,0.5097494721412659,0.5597516298294067,0.5520231127738953
20180717,0.4943983554840088,0.4983946979045868,0.4685114920139313,0.46457067131996155,0.574720561504364,0.5660369396209717,0.5698482990264893,0.4940203130245209
20180718,,0.48556584119796753,0.4666215181350708,0.41826367378234863,0.4967275857925415,0.5251918435096741,0.5163329243659973,0.5913288593292236
20180719,,,,,,,,
20180720,0.5398821830749512,0.51816326379776,0.464392751455307,0.36098402738571167,0.4424149990081787,0.49128708243370056,0.4143064320087433,0.4468457102775574
20180721,0.5215709805488586,0.5202215909957886,0.48918017745018005,0.38615453243255615,0.47314560413360596,0.5273953080177307,0.5457118153572083,0.5747230648994446
20180722,0.40209609270095825,0.40400704741477966,0.4124094247817993,0.3564961552619934,0.40166449546813965,0.436347097158432,0.5707606077194214,
20180723,0.5841323733329773,0.6022414565086365,0.5044669508934021,0.4116929769515991,0.5815748572349548,0.5087027549743652,0.5748265981674194,0.485687792301178
20180724,0.4836096167564392,0.45773711800575256,0.42661356925964355,0.34482258558273315,0.4811258316040039,0.42172929644584656,0.5551198124885559,0.5799170732498169
20180725,0.4431101381778717,0.4810539186000824,0.4007328152656555,0.3075978457927704,0.3405313491821289,0.35528406500816345,0.47400304675102234,0.4908629357814789
20180726,0.4463587999343872,0.5463530421257019,0.4681699275970459,,,,,0.47954031825065613
20180727,0.3789113163948059,0.44472113251686096,0.34375566244125366,0.28055402636528015,0.3307752311229706,0.3767380714416504,0.4556873142719269,0.5221143364906311
20180728,0.33019745349884033,0.42101508378982544,0.35283222794532776,0.2437235563993454,0.22226524353027344,0.25752657651901245,0.41667959094047546,0.44001325964927673
20180729,0.34464558959007263,0.49390411376953125,0.3855022192001343,0.280146986246109,0.38030779361724854,0.3579666316509247,0.3295796513557434,0.39381834864616394
20180730,0.3351881504058838,,0.32409632205963135,0.29673877358436584,0.4587094783782959,0.4035346806049347,0.4803679585456848,0.49658966064453125
20180731,0.47695475816726685,0.5096332430839539,0.3509487807750702,0.2698412239551544,0.349521666765213,0.3539956510066986,0.43832460045814514,0.5120437741279602
20180801,,0.5106017589569092,0.4317564368247986,0.3858966529369354,0.4477178156375885,0.38707974553108215,0.4644172191619873,0.49870455265045166
20180802,0.3888484537601471,0.40990278124809265,0.3020136058330536,0.23847417533397675,,,,
20180803,,,,0.4209187924861908,,0.4852493703365326,0.5144186019897461,0.6992698311805725
20180804,,0.44675150513648987,0.4492892920970917,,,,0.46823418140411377,0.49450933933258057
20180805,,,0.4183858633041382,0.3340059816837311,0.4500476121902466,0.45244646072387695,,0.18952415883541107
20180806,0.44519901275634766,0.529053807258606,0.579503059387207,0.5823154449462891,0.49481457471847534,0.5555630326271057,0.5364747643470764,0.4646506607532501
20180807,,0.4491385817527771,0.5451406836509705,0.5552014112472534,0.6185426115989685,0.5592170357704163,0.533450722694397,0.3723139762878418
20180808,0.4893477261066437,0.4553581178188324,0.4507692754268646,0.4438571631908417,0.5056540369987488,0.4275682270526886,0.4161282181739807,0.48694539070129395
20180809,0.3806331157684326,,0.43344151973724365,0.4461211562156677,0.5920670032501221,0.4220108985900879,0.39554083347320557,0.5265552401542664
20180810,0.403640478849411,0.44845902919769287,0.37810859084129333,0.4604845941066742,,0.48587748408317566,0.29875823855400085,0.47011706233024597
20180811,0.5185586810112,0.6012255549430847,0.547794759273529,0.49246904253959656,0.38953447341918945,0.47192296385765076,0.34244802594184875,0.41422659158706665
20180812,0.5312061905860901,0.5544543266296387,0.4318567216396332,0.4659253656864166,0.450021356344223,0.39734771847724915,,
20180813,0.46392905712127686,0.5045220851898193,0.42453545331954956,0.476956844329834,0.4784696102142334,0.40708085894584656,0.3786759674549103,0.542014479637146
20180814,0.40742558240890503,0.4813746213912964,0.35261809825897217,0.4206439256668091,0.4601617455482483,0.3826015591621399,0.34610387682914734,0.44552212953567505
20180815,0.37765899300575256,0.4424491822719574,0.3591199517250061,0.3554595410823822,0.23857608437538147,0.24379782378673553,0.24917592108249664,0.20960813760757446
20180816,0.4281085431575775,0.49895521998405457,0.3536335825920105,0.3541334271430969,0.2570854127407074,0.2592342495918274,0.25357747077941895,0.35097983479499817
20180817,0.3054794669151306,0.4160841703414917,0.3622587025165558,,,0.30086636543273926,0.26774322986602783,0.3340695798397064
20180818,0.30246374011039734,0.3614485561847687,0.23489947617053986,,0.17622500658035278,0.21862608194351196,0.21162199974060059,
20180819,0.38428810238838196,0.4203951954841614,0.34341397881507874,0.36047786474227905,0.43364956974983215,0.32550889253616333,0.313221275806427,0.371296763420105
20180820,0.31401392817497253,0.367231547832489,0.30353695154190063,0.329572856426239,0.35466259717941284,0.3228299021720886,0.3156806230545044,0.3953993320465088
20180821,0.4331149160861969,,0.34170210361480713,0.34772437810897827,0.3298896253108978,0.3261798322200775,0.3105969727039337,0.4047541320323944
20180822,0.342644602060318,,,,,0.27417778968811035,0.24217404425144196,
20180823,0.23924520611763,0.3303021490573883,0.37875279784202576,,,0.5213881134986877,0.5262824296951294,
20180824,0.237698033452034,,0.3277163803577423,0.443215548992157,0.5161458253860474,0.39927124977111816,0.43037715554237366,0.42762166261672974
20180825,0.3143075406551361,0.3274685740470886,0.32303938269615173,0.36727002263069153,0.4607888460159302,0.32202115654945374,0.3569905459880829,0.3852502405643463
20180826,0.31267333030700684,0.32842350006103516,0.2860342264175415,0.3464755415916443,0.3097325563430786,0.24303840100765228,0.2881760895252228,0.41865670680999756
20180827,0.3447306454181671,0.41429564356803894,0.3805931806564331,0.37578603625297546,0.34759315848350525,0.3293164074420929,0.3274223506450653,0.30058103799819946
20180828,,0.3534162938594818,0.3140965700149536,0.3811191916465759,0.471216082572937,0.3060036301612854,0.29860541224479675,0.3224288821220398
20180829,0.3160054385662079,0.29654791951179504,0.2855584919452667,0.19942626357078552,0.21602226793766022,0.32750648260116577,0.5413898825645447,
20180830,,,,0.3665512800216675,0.2408444732427597,0.2792113125324249,0.28292590379714966,0.31416836380958557
20180831,0.13635452091693878,0.16810813546180725,0.2414688766002655,0.2122991681098938,0.3631318211555481,0.3428158760070801,0.22098633646965027,0.34762895107269287
20180901,0.33654001355171204,0.31688392162323,,0.24298949539661407,0.2414696365594864,0.2386515587568283,0.22925198078155518,0.28604984283447266
20180902,0.2879069149494171,0.29204243421554565,0.23401479423046112,0.2596674859523773,0.2886045575141907,0.2124129682779312,0.24135905504226685,0.265907883644104
20180903,0.3471531271934509,0.3947816491127014,0.34726905822753906,0.3740682899951935,0.45033884048461914,0.33593806624412537,0.2942298948764801,0.28833088278770447
20180904,0.2600725293159485,0.3315097689628601,0.30952078104019165,0.43044808506965637,0.30116739869117737,0.34986263513565063,0.3019901216030121,0.3210485875606537
20180905,0.2607813775539398,0.2451445460319519,0.26773348450660706,0.27684077620506287,0.35489195585250854,0.31513741612434387,0.27147597074508667,0.3629392385482788
20180906,0.33894574642181396,0.2596372365951538,0.27903667092323303,0.31716257333755493,0.3377678692340851,0.343124121427536,0.27468374371528625,0.3039672076702118
20180907,,0.3563756048679352,0.3206327557563782,0.3182293772697449,0.2843446135520935,0.25789740681648254,0.2593541443347931,0.22056952118873596
20180908,0.5629368424415588,0.39955103397369385,0.3399982154369354,0.34530311822891235,0.4470122456550598,0.33131173253059387,0.33026593923568726,0.292748361825943
20180909,0.3462783992290497,0.32373130321502686,0.27393391728401184,0.3329695463180542,0.5217286944389343,0.2982003092765808,0.2764202356338501,0.27737322449684143
20180910,0.2912721037864685,0.23264935612678528,0.22666721045970917,,0.3776285648345947,0.22406017780303955,0.24767422676086426,0.31631040573120117
20180911,,0.28935131430625916,0.28435826301574707,0.25972113013267517,0.3986758887767792,0.19382211565971375,0.17143413424491882,0.15595407783985138
20180912,0.40353915095329285,0.37740734219551086,0.3532158434391022,0.3008555769920349,0.2955498993396759,0.22021132707595825,0.22457727789878845,0.2708628177642822
20180913,0.40840184688568115,0.3614961802959442,0.3005863130092621,0.2987133860588074,0.4293060600757599,0.27816691994667053,0.22686222195625305,0.2501209080219269
20180914,0.42261752486228943,0.3926559388637543,0.23556961119174957,0.29260873794555664,0.3929670751094818,0.18190991878509521,0.19041083753108978,0.24839821457862854
20180915,0.31183138489723206,0.3540787100791931,0.2676328420639038,0.35413026809692383,0.4045006036758423,0.3033392131328583,0.35440608859062195,0.36343908309936523
20180916,0.3666892945766449,0.4001722037792206,0.3414182662963867,0.3616398274898529,0.41902968287467957,0.2655302882194519,0.28194138407707214,0.3269992768764496
20180917,0.3215259909629822,0.3513314425945282,0.3715376555919647,0.35101214051246643,0.33591508865356445,0.33970165252685547,0.31492847204208374,0.3391887843608856
20180918,0.291599303483963,0.3474845290184021,0.34624698758125305,0.38955166935920715,0.35979098081588745,0.3937068581581116,0.32431554794311523,0.3325854241847992
20180919,0.2774254381656647,0.2840881943702698,0.2182522565126419,0.22825846076011658,0.42180049419403076,0.2370239645242691,0.25497451424598694,0.18646371364593506
20180920,0.28140130639076233,0.30245569348335266,0.18899381160736084,0.18305005133152008,0.35592225193977356,0.17677731812000275,0.1763542741537094,0.24157530069351196
20180921,0.26715323328971863,0.269461065530777,0.19449670612812042,0.2654763162136078,0.3896757662296295,0.1794266253709793,0.18619398772716522,0.2537243068218231
20180922,,,0.14263424277305603,0.18201538920402527,0.2521277070045471,0.14429965615272522,0.15944792330265045,0.23903051018714905
20180923,0.3090619444847107,0.2807515561580658,0.23403407633304596,0.26720285415649414,0.23830531537532806,0.1684824824333191,0.16492244601249695,0.22612431645393372
20180924,,0.3263118863105774,0.29423925280570984,0.3339873254299164,0.5184064507484436,0.29490742087364197,0.2868000566959381,0.2751854360103607
20180925,0.2569991946220398,0.318146675825119,0.2269938588142395,,0.5384060740470886,0.29515543580055237,0.2840709984302521,0.33385807275772095
20180926,0.21164855360984802,0.2626253068447113,0.20303179323673248,0.23395214974880219,0.36871179938316345,0.19903218746185303,0.21890856325626373,0.293515682220459
20180927,,0.1875402182340622,0.16116391122341156,0.15557895600795746,0.27223408222198486,0.15585871040821075,0.17937897145748138,0.2481933832168579
20180928,0.2687232196331024,0.2544902265071869,0.21552370488643646,0.137075737118721,0.07451874762773514,0.10474376380443573,0.14906013011932373,0.251433789730072
20180929,,,,0.3121163249015808,,,0.21142622828483582,0.2778952121734619
20180930,,,,,,,,0.414917916059494
20181001,,,,0.1810297966003418,0.30072546005249023,0.19946956634521484,0.2813953757286072,0.3600589334964752
20181002,0.13636977970600128,,,,,0.17116452753543854,0.1915982961654663,0.2657333016395569
20181003,,,0.09251271188259125,,,0.10748566687107086,0.11748931556940079,
20181004,,0.3463630676269531,0.333940714597702,0.341911256313324,0.4938849210739136,0.16521358489990234,0.20243915915489197,0.3055853247642517
20181005,,,,,,,,
20181006,0.17827673256397247,0.24966244399547577,0.20653346180915833,0.24438992142677307,0.37898585200309753,0.22454412281513214,0.2794015109539032,0.3342694044113159
20181008,0.21879836916923523,0.18095853924751282,0.09085749834775925,,0.07742459326982498,0.04911285266280174,,0.15997599065303802
20181009,0.23457209765911102,0.2009635716676712,0.12925349175930023,0.2701858878135681,0.15729151666164398,0.07132121175527573,0.10103004425764084,
20181010,0.2648724913597107,0.21037133038043976,0.1691252738237381,0.2958602011203766,0.29389673471450806,0.1706685572862625,0.16722719371318817,0.2672235369682312
20181011,0.29327282309532166,0.3171062469482422,0.2075617015361786,0.25522100925445557,0.32898083329200745,0.2312144935131073,0.28960293531417847,0.404494047164917
20181012,0.27874302864074707,0.326984167098999,,,0.24221602082252502,0.20578008890151978,0.2738002836704254,0.39652004837989807
20181013,0.16864195466041565,0.16845744848251343,,,,,,
20181014,0.16986285150051117,,,0.17245551943778992,0.16740058362483978,0.10820278525352478,0.21127256751060486,0.2060302495956421
20181015,0.21674296259880066,0.21063996851444244,0.17015662789344788,0.2605902850627899,0.2560097873210907,0.1701650619506836,,
20181016,0.22004513442516327,0.22368188202381134,0.13467301428318024,0.2348252832889557,0.19073306024074554,0.14043939113616943,0.213200181722641,0.322778582572937
20181017,0.22550204396247864,,0.17976929247379303,0.25123247504234314,0.3965340852737427,0.16100557148456573,0.22196950018405914,0.2906686067581177
20181018,0.18708118796348572,0.22339899837970734,,,,,0.30829131603240967,0.33436763286590576
20181019,0.2580450475215912,0.21278634667396545,0.16605989634990692,0.26153746247291565,0.24839292466640472,,,
20181020,0.26970335841178894,0.29110005497932434,0.16839931905269623,0.25699013471603394,0.3437967598438263,0.16546359658241272,0.206098735332489,0.2558892071247101
20181021,0.22271664440631866,0.20844914019107819,0.15036962926387787,0.21858137845993042,0.41975948214530945,0.20659415423870087,0.27103713154792786,0.27320075035095215
20181022,,,0.12992364168167114,0.2467087060213089,0.25601351261138916,0.13574936985969543,0.17564420402050018,0.2470054030418396
20181023,,,0.13699565827846527,,0.13198445737361908,0.12826694548130035,0.17102476954460144,0.25473472476005554
20181024,,0.21681836247444153,0.17666137218475342,0.26410189270973206,,,,0.27536541223526
20181025,0.28471335768699646,0.27745872735977173,0.27557066082954407,,,,,
20181026,,,0.2648873031139374,0.4503917694091797,,0.2819119393825531,,0.2998325228691101
20181027,,,,,,,,
20181028,,,,,0.3491261601448059,0.15145553648471832,0.12961645424365997,0.22188027203083038
20181029,0.14279471337795258,0.1576952338218689,0.19399262964725494,0.2852834165096283,0.1962938755750656,,,0.3673979640007019
20181030,0.19165544211864471,,,0.21914160251617432,0.2025228887796402,0.13685175776481628,0.19307009875774384,0.21649792790412903
20181031,,,,0.22025619447231293,0.3282491862773895,0.24102099239826202,0.2176959365606308,0.21424780786037445
20181101,,,0.15161246061325073,,,0.17978611588478088,,
20181102,,,,0.21340614557266235,0.2136763483285904,0.13710720837116241,0.16967709362506866,0.19420959055423737
20181103,,,,,,,,
20181104,0.2119070291519165,0.2082175314426422,0.06577648967504501,,,,,
20181105,0.21453431248664856,0.13981975615024567,0.12396149337291718,,,,0.1342514604330063,0.1128501445055008
20181106,0.15749962627887726,0.22848893702030182,0.13387754559516907,0.15438328683376312,0.1519903838634491,0.1282600611448288,0.13947468996047974,0.18152868747711182
20181107,,0.2843972146511078,0.20889700949192047,0.3576195240020752,0.43829864263534546,0.15874172747135162,0.16672798991203308,0.17038945853710175
20181108,0.2491399198770523,0.2947481572628021,,,,0.1712595671415329,0.15887948870658875,0.20576602220535278
20181109,0.22405661642551422,0.179212287068367,0.143000528216362,0.29906755685806274,0.3331245481967926,,,
20181110,,,,,,,,
20181111,,0.16861192882061005,0.12637484073638916,0.2216949611902237,,,,
20181112,,0.14165309071540833,,0.18003180623054504,,,0.1301175057888031,
20181113,,,,,0.5779632925987244,0.1545289158821106,,
20181114,0.16831132769584656,0.1894550770521164,0.14112816751003265,,,,,
20181115,0.1622881442308426,0.22418199479579926,0.17713476717472076,0.3170163035392761,0.27871790528297424,0.18765857815742493,0.2069835066795349,
20181116,,,0.11299973726272583,0.2039126455783844,0.21205440163612366,0.16994179785251617,0.18480271100997925,0.21184036135673523
20181117,,,0.16505737602710724,0.3466357886791229,0.3525997996330261,0.19451582431793213,0.21034155786037445,0.28438600897789
20181118,,,,,0.20519834756851196,0.18350103497505188,0.19786635041236877,0.2326456904411316
20181119,0.1973511129617691,,,,,,,
20181120,0.18367038667201996,0.16101230680942535,0.22786857187747955,0.41158369183540344,,,,
20181121,0.18968263268470764,0.22830817103385925,0.2607841491699219,0.30342400074005127,0.784115195274353,,,
20181122,0.22262929379940033,0.2471981793642044,0.2060883492231369,0.35901233553886414,0.41997095942497253,0.2507772743701935,0.21277180314064026,0.2352108359336853
20181123,,,,0.6020287275314331,0.3567330539226532,0.29625558853149414,,
20181124,0.19761553406715393,,,,,,0.2987031042575836,0.3997058868408203
20181125,0.12710049748420715,0.22620823979377747,0.20403195917606354,0.3360770046710968,,,,
20181126,0.15598593652248383,0.33402112126350403,0.1541571319103241,,,,0.19486530125141144,
20181127,0.2050323784351349,0.27079126238822937,0.20467138290405273,0.33267369866371155,0.35469144582748413,0.3008374571800232,0.23819075524806976,0.24198803305625916
20181128,,0.266279935836792,0.21757729351520538,0.3556693196296692,0.39636939764022827,0.23367169499397278,0.22972522675991058,0.23899148404598236
20181129,,,,,0.4751291275024414,0.2282436341047287,0.22056786715984344,0.2414005547761917
20181130,0.1591881662607193,0.14773029088974,0.14340299367904663,,,,,
20181201,0.1387694925069809,0.16712896525859833,0.17339199781417847,0.33542415499687195,,,,
20181202,0.16287195682525635,0.22406066954135895,0.1767636388540268,0.2599654197692871,0.38101789355278015,0.22372698783874512,0.18933485448360443,0.21664859354496002
20181203,,0.23272989690303802,0.1655988097190857,0.36700305342674255,0.42191341519355774,0.19480925798416138,0.19130626320838928,0.20089715719223022
20181204,,,,,0.490714430809021,0.19100530445575714,,
20181205,,,,,,,0.2069774568080902,0.26033249497413635
20181206,,,,,,,,
20181207,0.16220538318157196,0.24388538300991058,0.14920058846473694,0.26790374517440796,0.2684122920036316,,,
20181208,0.16180309653282166,0.23476141691207886,0.1351826786994934,0.32102063298225403,0.22731061279773712,,,
20181209,,,,0.26976609230041504,0.16773945093154907,0.13798901438713074,,
20181210,0.16485604643821716,,,,,,,
20181211,,0.14123202860355377,0.18361473083496094,0.43070685863494873,,,,
20181212,0.1297674924135208,0.16822460293769836,0.10204724222421646,,,,,
20181213,0.16047024726867676,0.23371633887290955,0.15162862837314606,0.3264407217502594,0.17243659496307373,0.14647763967514038,0.16309688985347748,0.06803348660469055
20181214,,,0.18077893555164337,0.34856775403022766,0.3763560354709625,0.16470250487327576,0.18367791175842285,
20181215,,,,,,0.2314469814300537,0.1541280448436737,
20181216,,,,,,,,
20181217,,,,0.4224284589290619,0.37120363116264343,,,
20181218,0.08445171266794205,0.36247554421424866,,,0.3069610893726349,0.33292385935783386,,
20181219,,0.28626441955566406,0.2058161348104477,,,,,
20181220,,,,,0.1663072556257248,0.1328146755695343,0.11413764953613281,
20181221,0.19177034497261047,0.23197931051254272,,,,,,0.41662514209747314
20181222,0.1853070855140686,0.2506628930568695,0.20879700779914856,0.34825512766838074,0.2767385244369507,,,
20181223,0.1646696925163269,0.27333852648735046,0.21367177367210388,0.29210570454597473,0.3452037274837494,0.19940757751464844,0.2110944539308548,0.21798621118068695
20181224,0.1608104109764099,0.17262853682041168,0.13704144954681396,0.2814366817474365,0.38031673431396484,0.2084888219833374,0.2518474757671356,0.22903890907764435
20181225,,,,,,0.13327135145664215,0.18617796897888184,0.21743686497211456
20181226,,,,,,0.16181498765945435,0.20235152542591095,0.22397661209106445
20181227,0.15386545658111572,0.21698664128780365,0.12798751890659332,,,,,
20181228,0.10775694996118546,0.14088574051856995,0.11980247497558594,,0.2491437941789627,0.1723988652229309,,
20181229,0.15204143524169922,0.22614780068397522,0.16855818033218384,0.24529355764389038,,0.14850571751594543,0.13688990473747253,
20181230,,,0.1650424599647522,0.2743911147117615,0.40869298577308655,0.16990716755390167,0.1916353553533554,0.2384931445121765
20181231,0.14905916154384613,,,,,0.1799795776605606,0.20064961910247803,0.2585889399051666
20190101,0.11988914757966995,,,,,,,
20190102,0.15316694974899292,0.2556374669075012,0.19695879518985748,0.33286988735198975,0.2690291702747345,0.24150988459587097,,
20190103,0.09791199862957001,0.21109536290168762,0.1255873292684555,0.2664361596107483,0.19726824760437012,,0.2675895094871521,0.3069886863231659
20190104,,0.25117555260658264,0.13021358847618103,0.18284541368484497,0.32935479283332825,0.25036731362342834,0.2498079240322113,0.19619712233543396
20190105,0.14154846966266632,,,,0.3911171555519104,0.17171359062194824,0.15258599817752838,0.2208140790462494
20190106,,,,,,,,0.36167165637016296
20190107,0.1921166628599167,0.2768429219722748,0.14723080396652222,0.26069554686546326,0.2858514189720154,0.20852500200271606,,
20190108,0.20775549113750458,0.15367813408374786,0.16090095043182373,0.33749279379844666,0.23466934263706207,0.1476062387228012,0.11087104678153992,0.16494180262088776
20190109,,,,,,0.18851718306541443,0.2267562597990036,0.3105252683162689
20190110,,,,0.4659867286682129,0.4702617824077606,0.25280824303627014,0.2785218358039856,0.28031933307647705
20190111,0.19733095169067383,,,,,,0.34189572930336,0.3359696567058563
20190112,0.18027013540267944,0.26879632472991943,0.21090444922447205,0.33763712644577026,,,,
20190113,0.21809272468090057,0.3929651081562042,0.2427741289138794,,0.29704779386520386,0.3284153938293457,0.31697821617126465,0.2562476694583893
20190114,0.1414274424314499,,,,0.39455047249794006,,0.2872350811958313,0.25394684076309204
20190115,,,,,,0.29053637385368347,0.253658652305603,0.34444600343704224
20190116,0.15974543988704681,,,,,,,
20190117,0.15810270607471466,0.19178517162799835,,,,,,
20190118,0.14940707385540009,0.2266121506690979,0.14858321845531464,0.24169544875621796,0.24493245780467987,,,
20190119,0.15056118369102478,0.2354964017868042,0.16317054629325867,0.25888538360595703,,,,
20190120,,0.2556775212287903,0.16716352105140686,0.16505120694637299,,,,
20190121,,,,,0.3956369459629059,0.27431169152259827,0.2839200496673584,0.29313594102859497
20190122,,0.22422060370445251,0.1844451129436493,,,,,0.38733041286468506
20190123,0.20929747819900513,,,0.3200940489768982,0.40424442291259766,0.26895540952682495,,
20190124,0.12084431946277618,0.2652041018009186,0.20095695555210114,0.3729203939437866,0.4011451303958893,,0.24434366822242737,0.23546355962753296
20190125,0.1869955211877823,0.3054018020629883,0.1451416015625,0.1278136670589447,,0.2118530571460724,0.21354816854000092,0.1654393970966339
20190126,,,,0.20073065161705017,0.27192363142967224,0.20359794795513153,0.21382126212120056,0.181854709982872
20190127,0.18799833953380585,0.2845231592655182,0.16707701981067657,,,,0.22279126942157745,0.2825974225997925
20190128,0.17172250151634216,0.2550938129425049,0.18568632006645203,0.3337515890598297,0.4020567238330841,0.23399367928504944,,
20190129,,0.19217725098133087,0.24715512990951538,0.3233610987663269,0.3965833783149719,0.2543814778327942,0.23070615530014038,0.27789556980133057
20190130,0.13895486295223236,0.24949966371059418,,0.32168129086494446,,,,0.27797603607177734
20190131,,,0.2185082733631134,0.7066316604614258,0.29911667108535767,0.13883695006370544,0.23112235963344574,0.2674243450164795
20190201,0.2276071459054947,,,,,0.2606765329837799,0.2794935405254364,0.3612622618675232
20190202,,0.28199538588523865,0.25408288836479187,0.4158216714859009,0.6284692883491516,,,
20190203,0.14970146119594574,,0.12245143204927444,,0.2753279209136963,0.22454534471035004,,
20190204,0.1750020980834961,0.2276756763458252,0.14989453554153442,,0.31881189346313477,,0.387253075838089,0.3527025282382965
20190205,,0.3042857348918915,0.2418491095304489,0.45769405364990234,0.4919672906398773,0.27170008420944214,0.24148990213871002,
20190206,,,,,0.491660475730896,0.27236971259117126,0.2937159836292267,0.34419310092926025
20190207,0.2027939409017563,0.2371087521314621,0.23254503309726715,,,,,0.32590919733047485
20190208,0.20781388878822327,0.33572277426719666,0.18623502552509308,0.21196527779102325,0.4018259644508362,0.3770548701286316,,
20190209,0.12787578999996185,0.2874649465084076,0.15965190529823303,0.11939492076635361,,,,0.21788902580738068
20190210,0.18998001515865326,0.2764819264411926,0.2922460734844208,0.4228527843952179,0.4212370812892914,0.3095751702785492,0.29359257221221924,0.3308694362640381
20190211,,,,0.271743506193161,0.46110999584198,0.2683042585849762,0.2626740336418152,0.3235260844230652
20190212,,,,,,,0.14443473517894745,0.15476344525814056
20190213,,0.35070669651031494,0.39758753776550293,0.5678234696388245,0.5903340578079224,0.39979544281959534,,
20190214,0.2318936288356781,,0.3370341360569,0.6646517515182495,0.6446065902709961,0.3797227740287781,0.3267095685005188,0.38910001516342163
20190215,0.21132761240005493,0.34550508856773376,0.42492401599884033,0.5621145367622375,0.5274690389633179,0.36063870787620544,0.2583875358104706,0.26859012246131897
20190216,,,0.4683276116847992,0.5577809810638428,0.5571889877319336,0.4452708065509796,0.3185507655143738,0.3364228904247284
20190217,,,,,,0.3566756248474121,0.37223824858665466,0.4339541494846344
20190218,0.20850706100463867,0.26127299666404724,,,,,,
20190219,0.2387758195400238,0.3698273301124573,0.44824138283729553,0.5139641165733337,0.5862529277801514,0.3759503960609436,0.32172709703445435,0.3311024606227875
20190220,0.22058752179145813,0.3200911283493042,0.5012174844741821,0.5009593367576599,0.6468665599822998,0.42107462882995605,0.3075942397117615,0.34081292152404785
20190221,0.4577551484107971,0.4974232316017151,0.506796658039093,0.6741262674331665,0.7976040840148926,0.4351091980934143,0.36391299962997437,0.3806140422821045
20190222,0.2832019627094269,0.39815381169319153,,1.1221312284469604,0.7551935315132141,0.5239850878715515,0.4101107120513916,0.376662939786911
20190223,,0.44302886724472046,0.6931323409080505,0.6665538549423218,,,0.5006540417671204,0.429255872964859
20190224,0.32253777980804443,,0.1898990124464035,,0.559048056602478,0.4976932406425476,0.4275452494621277,0.31707707047462463
20190225,0.309261679649353,,,,,0.46208319067955017,0.42443519830703735,0.36988797783851624
20190226,0.35632532835006714,0.4798955023288727,0.5230889916419983,0.7836965322494507,,,0.7900077700614929,0.5034366846084595
20190227,,,,,0.4908849000930786,0.47172820568084717,0.41954371333122253,0.39969903230667114
20190228,,0.4595504403114319,,0.546035885810852,,0.5117765069007874,0.43494492769241333,
20190301,,,,,0.7374002933502197,0.46529293060302734,,
20190302,0.30065181851387024,0.396633505821228,0.4156622886657715,0.5184586048126221,,,,0.34011110663414
20190303,0.3299548923969269,0.38915252685546875,0.4964004158973694,0.5004230737686157,,0.6490930914878845,0.5254186987876892,
20190304,0.34516555070877075,0.4037722647190094,0.39355260133743286,0.5206819176673889,0.538459300994873,0.4671347737312317,,0.28302884101867676
20190305,0.16780969500541687,0.1546858549118042,,,0.23500287532806396,0.31100383400917053,0.21472656726837158,0.2270796000957489
20190306,,0.17812438309192657,0.5113766193389893,0.6616933941841125,0.6886516213417053,0.45889556407928467,,0.7639298439025879
20190307,,,,,0.6019414067268372,0.42899301648139954,0.47430288791656494,0.5584849119186401
20190308,,0.31294867396354675,,,,,,
20190309,,,0.41595035791397095,0.6416336894035339,0.6857923865318298,0.5064143538475037,0.5007029175758362,0.40415000915527344
20190310,,,,,,,,
20190311,0.28095948696136475,0.41870930790901184,0.3080233633518219,,,,,
20190312,0.4437500834465027,0.3364657461643219,0.4669845700263977,0.45607075095176697,0.4191426634788513,0.3948551118373871,0.4283943772315979,0.34578171372413635
20190313,0.32935789227485657,0.4395069181919098,0.480400025844574,0.6834562420845032,0.6148328185081482,0.4253416061401367,0.4021318256855011,0.2788574695587158
20190314,0.31128719449043274,,0.2705369293689728,0.4322739243507385,0.7419350743293762,0.5931612253189087,0.46267879009246826,0.3324797451496124
20190315,0.4739997982978821,0.4679013192653656,0.5224214792251587,0.6772335171699524,0.8565942645072937,0.5879485607147217,0.5729458332061768,0.394290566444397
20190316,,0.34306690096855164,0.4851263761520386,0.5993083715438843,0.6983140707015991,0.6008816957473755,0.5212529897689819,0.5227286219596863
20190317,0.38779810070991516,,,,,,0.48823684453964233,0.6189777851104736
20190318,0.5098260641098022,0.35551518201828003,,,,,,0.28350597620010376
20190319,0.5563052296638489,0.6647663712501526,0.716529905796051,0.8163082599639893,,0.6977573037147522,0.60638028383255,0.39775413274765015
20190320,0.5160030126571655,0.35213708877563477,0.9414507746696472,0.8178713917732239,0.9353443384170532,0.6822357773780823,0.5892791748046875,0.3625880479812622
20190321,,,0.37450042366981506,,,,0.2777019143104553,0.41214045882225037
20190322,0.32107630372047424,0.42281046509742737,0.4322980046272278,0.5990939140319824,,,,
20190323,0.38030877709388733,0.3915693461894989,,,,,,
20190324,,0.364687979221344,0.47211483120918274,0.5661702752113342,0.933765172958374,0.7777045965194702,0.23188142478466034,0.1849297732114792
20190325,0.5312225222587585,,,,0.7262932658195496,0.7603171467781067,0.49527356028556824,0.292473703622818
20190326,0.5643202662467957,0.6653852462768555,0.5742430686950684,0.8067710995674133,0.9441395998001099,0.610753059387207,0.4356782138347626,0.29769816994667053
20190327,0.5835766196250916,0.6550620794296265,0.5553553700447083,0.9347304105758667,0.9672315120697021,0.8428691029548645,0.5445913076400757,0.3965403735637665
20190328,0.3201136589050293,,,,0.8729486465454102,0.7190624475479126,0.46635153889656067,0.41183730959892273
20190329,,,,,,0.3181774616241455,0.22324757277965546,
20190330,0.6370198130607605,0.6058235764503479,0.4025162160396576,0.48942050337791443,0.8603655099868774,0.6338608264923096,0.4191990792751312,0.20351429283618927
20190331,0.6564878225326538,0.6631293296813965,0.8155757784843445,0.9299820065498352,1.0077357292175293,0.5971204042434692,0.4301828145980835,0.4127441942691803
20190401,0.554964005947113,,0.5607805848121643,0.8701865673065186,1.179349660873413,0.8445156216621399,0.624258816242218,0.4407522976398468
20190402,,,,1.0078686475753784,0.9363373517990112,0.7433105707168579,0.5756680369377136,0.4282812178134918
20190403,,,,,,0.619596004486084,0.3859219253063202,0.3745579421520233
20190404,0.39736655354499817,,,1.0768243074417114,0.9309045672416687,0.7217453122138977,0.5927246809005737,0.3729739785194397
20190405,0.4317963421344757,0.29500430822372437,0.39463573694229126,0.5559048652648926,0.9484476447105408,0.7338548302650452,0.5303060412406921,0.3792960047721863
20190406,0.6363759636878967,0.618516206741333,0.6374024152755737,0.7084309458732605,0.8973680138587952,0.6999977827072144,0.527283787727356,0.3966720700263977
20190407,,0.4987200200557709,0.5567352175712585,0.6838898658752441,0.8996968865394592,0.6905116438865662,0.5427776575088501,0.3647129237651825
20190408,,0.7242293357849121,0.6774036884307861,0.41455623507499695,0.777490496635437,0.6107607483863831,0.46895554661750793,0.3283293545246124
20190409,0.8308006525039673,0.8061379194259644,0.7050923705101013,0.8515015244483948,1.0881788730621338,0.7908079028129578,0.45999881625175476,0.5002333521842957
20190410,0.8018232583999634,0.885513424873352,0.8956857919692993,1.0364573001861572,1.4540835618972778,0.8102599382400513,0.6634663939476013,0.5031799674034119
20190411,,,0.6918668150901794,0.9820895195007324,1.0235791206359863,0.7146387696266174,0.6517204642295837,0.48728200793266296
20190412,0.5981025695800781,0.5168437957763672,,,,0.7313286662101746,0.7185004949569702,0.5531823635101318
20190413,0.8700383901596069,0.7695645689964294,0.2849147617816925,1.1613208055496216,0.41523146629333496,,,
20190414,0.735133707523346,,,,,0.6688866019248962,0.7840948700904846,0.5054914355278015
20190415,0.6702054738998413,0.7103937268257141,0.5736176371574402,0.7300704121589661,0.763863742351532,0.5567951798439026,0.6788272261619568,0.5550432801246643
20190416,0.5928094983100891,0.5725414156913757,0.515359103679657,0.6770216226577759,0.8452184796333313,0.5847431421279907,0.5839396715164185,0.436289519071579
20190417,0.593469500541687,0.5006251335144043,0.38607606291770935,0.5340366363525391,0.9245011210441589,0.5007529854774475,0.45933640003204346,0.3941155672073364
20190418,,,,0.9233380556106567,1.0582470893859863,0.6278740763664246,0.56183260679245,0.497132271528244
20190419,0.4642130434513092,0.636664092540741,0.7379034757614136,,,,,
20190420,0.5199489593505859,0.6167557835578918,0.5528817772865295,1.0141717195510864,1.4329960346221924,0.7083128690719604,,
20190421,0.5874021649360657,0.7084502577781677,0.44316256046295166,0.5360057950019836,0.9834633469581604,0.5357182621955872,0.4134618043899536,0.3985113203525543
20190422,0.5750799775123596,0.6820282340049744,0.4508444368839264,0.5794675350189209,0.7328317761421204,0.5155605673789978,0.3539312481880188,0.47786441445350647
20190423,0.6137239336967468,0.6599484086036682,0.42495977878570557,0.5323464274406433,1.1343995332717896,0.5639396905899048,0.568489134311676,0.5749387145042419
20190424,0.43834128975868225,0.6913479566574097,0.4334191381931305,0.5647369623184204,0.5786646008491516,0.34759652614593506,0.5073969960212708,0.20065754652023315
20190425,0.5884808897972107,0.6193080544471741,0.41918250918388367,0.6515047550201416,0.9571537375450134,0.6578305959701538,,0.4676803648471832
20190426,0.5697486996650696,0.50899738073349,0.2681286633014679,0.18887290358543396,,,0.19395145773887634,0.2990727722644806
20190427,0.550983726978302,0.5722678303718567,0.41614753007888794,0.7989543676376343,1.4827033281326294,0.6978104710578918,0.7829181551933289,0.6825833320617676
20190428,0.540865957736969,0.6042829751968384,0.441773921251297,0.7656469941139221,1.1744885444641113,0.7580201625823975,0.7655674815177917,0.7074412703514099
20190429,,,,,,,1.1075599193572998,0.7446231245994568
20190430,,0.40503260493278503,0.2851431965827942,,,,,
20190501,0.3192363381385803,0.44309115409851074,0.40611976385116577,0.6058945655822754,1.3332977294921875,,,0.536545991897583
20190502,0.3241386413574219,0.37080997228622437,0.37464970350265503,0.35257571935653687,0.7879233956336975,0.706298291683197,0.7443608641624451,0.5370693802833557
20190503,0.5125650763511658,0.5652866363525391,0.41744956374168396,0.487164705991745,0.8660105466842651,0.6319471001625061,0.6597668528556824,0.5285917520523071
20190504,,0.680785596370697,0.48738667368888855,0.7196072340011597,0.9017948508262634,0.7033286094665527,0.6046455502510071,0.5485647320747375
20190505,0.5764691829681396,0.6653594374656677,0.5103594064712524,0.6634459495544434,0.8736215233802795,0.6884745955467224,0.6768150329589844,0.6345152258872986
20190506,0.2655112147331238,0.5768763422966003,0.5457202196121216,0.7251799702644348,0.9614274501800537,0.6970731019973755,0.6801007986068726,0.7114911079406738
20190507,0.29705315828323364,0.5995427966117859,0.3695935308933258,0.5413588881492615,0.6598275303840637,0.5820633172988892,0.6857495307922363,0.6747212409973145
20190508,0.2520570158958435,0.4301864504814148,0.27717599272727966,0.20178808271884918,0.7988557815551758,0.5740776062011719,0.20973260700702667,
20190509,,0.4291212856769562,,0.4296462833881378,0.5276796817779541,0.5768060088157654,0.5370686650276184,0.4206116795539856
20190510,0.5895952582359314,0.8726083636283875,0.6922048926353455,0.2784263491630554,,0.2912592589855194,0.3775089681148529,0.38082534074783325
20190511,0.541584312915802,0.68653804063797,0.4903160035610199,0.6079621911048889,0.9426262974739075,0.8240084648132324,,
20190512,0.5439357161521912,0.6614407300949097,0.4980870187282562,0.69818115234375,1.1282879114151,0.7412721514701843,0.701968252658844,0.6348315477371216
20190513,0.377045214176178,0.6034665107727051,0.47600865364074707,0.6580896377563477,0.8681100606918335,0.7208178043365479,0.715051531791687,0.6972500681877136
20190514,0.3872116506099701,0.5382617115974426,0.41659945249557495,0.5563212633132935,0.8428298234939575,0.6820762157440186,0.6780075430870056,0.6529587507247925
20190515,0.5077018141746521,1.088292121887207,0.4527881443500519,0.5442336797714233,0.7456850409507751,0.6779270172119141,0.6801024675369263,0.6604164838790894
20190516,,1.0434893369674683,0.593666672706604,0.6514100432395935,0.934366762638092,0.68714839220047,0.6833289265632629,0.6297017335891724
20190517,0.16293448209762573,,,,,1.0423749685287476,1.1129603385925293,1.1102895736694336
20190518,,,,0.8249505758285522,0.9484552145004272,0.7553634643554688,0.6566700339317322,
20190519,,0.18121854960918427,0.4606792628765106,0.6677351593971252,0.8724133372306824,0.7487460970878601,0.6889932751655579,0.6796776652336121
20190520,0.25777021050453186,,0.5166292190551758,,0.8251969218254089,0.7710012197494507,0.8372001051902771,0.7037503719329834
20190521,0.3790740370750427,0.5544544458389282,0.6462828516960144,0.6106316447257996,0.7922171950340271,0.7169204354286194,0.6573313474655151,0.6288937926292419
20190522,0.44729411602020264,0.6346617937088013,0.7092969417572021,0.8542062640190125,0.9347397685050964,0.8196778893470764,0.808830201625824,0.6972121000289917
20190523,0.37409085035324097,0.5192042589187622,0.8113199472427368,,,,,1.1216312646865845
20190524,0.26340728998184204,0.46315643191337585,0.5322352647781372,0.4897857904434204,0.7404919266700745,0.708828330039978,0.6940138936042786,0.6503626108169556
20190525,,,0.3680684268474579,0.3377538323402405,0.46613916754722595,0.4933930039405823,0.4137287735939026,0.48223742842674255
20190526,0.31249186396598816,0.1707506626844406,,,,,,
20190527,0.19487808644771576,0.27122342586517334,0.3086938261985779,0.30183303356170654,0.5230250358581543,0.4217047095298767,0.3004528880119324,0.3626105785369873
20190528,0.22272354364395142,0.35159832239151,,0.18134649097919464,,,,0.3182232081890106
20190529,0.15445005893707275,0.37270817160606384,0.3797241151332855,,,0.29147663712501526,0.3884580731391907,
20190530,0.3530980348587036,0.48893433809280396,0.2714981138706207,,,0.5403817892074585,0.6619239449501038,0.6465248465538025
20190531,,,0.45284005999565125,0.4888630211353302,0.7114871144294739,0.7640801668167114,0.7658568620681763,0.7256996631622314
20190601,0.4333256483078003,0.6172916889190674,0.6113242506980896,0.6577196717262268,1.225307822227478,0.8649055361747742,0.6777331829071045,0.6596564650535583
20190602,0.3903307020664215,0.5436158776283264,0.47472095489501953,0.24984198808670044,,0.39212730526924133,0.6155324578285217,0.45694854855537415
20190603,0.350369930267334,0.32041484117507935,,,,,,
20190604,0.34590083360671997,0.40953564643859863,0.43134769797325134,,0.482708603143692,0.5351917147636414,0.5619685649871826,0.35357561707496643
20190605,0.4392146170139313,0.5305964350700378,0.5047619342803955,0.3784347474575043,0.7430260181427002,0.7312926650047302,0.6693156361579895,0.7062468528747559
20190606,,,0.7690876722335815,0.7304693460464478,0.8022562861442566,0.7531989216804504,0.689373254776001,0.7543101906776428
20190607,,,,,,0.873773992061615,0.7687579989433289,0.8797909617424011
20190608,0.25072818994522095,0.3298528790473938,,,,0.6827691197395325,,
20190609,0.23004326224327087,0.42286911606788635,0.39388608932495117,0.36381766200065613,0.5553953051567078,0.5547718405723572,,
20190610,0.468147337436676,0.5879315137863159,0.6204515099525452,0.5117989182472229,0.7502459287643433,0.7047389149665833,0.5806622505187988,0.7207534909248352
20190611,0.2967210114002228,,0.6707339286804199,0.5130885243415833,0.6247186660766602,0.7142850756645203,0.5886548161506653,0.7202858328819275
20190612,0.3670434355735779,0.5496700406074524,0.6563107967376709,0.5963486433029175,0.7077163457870483,0.8005417585372925,0.6135832667350769,0.6863754987716675
20190613,0.3504233658313751,0.5301393270492554,0.6139853000640869,0.5342811346054077,0.5279600620269775,0.7007510662078857,0.7686452269554138,
20190614,,0.423565536737442,0.4968973398208618,0.4158758223056793,0.45855584740638733,0.5726199150085449,0.5687407851219177,0.6564103960990906
20190615,0.15416082739830017,0.24861307442188263,0.49317362904548645,0.40399646759033203,0.39401763677597046,0.5262608528137207,0.534174919128418,0.5381031632423401
20190616,0.15884457528591156,0.26577046513557434,0.45238199830055237,0.297725111246109,0.34290212392807007,0.46849942207336426,0.4870186746120453,0.5319563746452332
20190617,0.1803620159626007,0.2746136784553528,0.32948771119117737,0.25346240401268005,0.3221086263656616,0.5994302034378052,0.5483248829841614,
20190618,0.22220878303050995,0.30046576261520386,0.3980700373649597,0.2799818813800812,,0.42615464329719543,0.4450441300868988,0.31979599595069885
20190619,0.3024054765701294,0.3974698483943939,0.5015665292739868,0.4068537950515747,0.4229869246482849,0.5781593918800354,0.5538656711578369,0.5806286931037903
20190620,0.28076496720314026,0.372205525636673,0.4777592122554779,0.38979005813598633,0.43377551436424255,0.5549997091293335,0.60555100440979,0.5798061490058899
20190621,,,,,0.4312281906604767,0.6179406642913818,0.6083031296730042,0.5685641169548035
20190622,,,,0.4371854066848755,0.29337310791015625,,0.6040310859680176,0.6803506016731262
20190623,,,,,,1.405999779701233,,0.6791152358055115
20190624,0.24686425924301147,0.30153676867485046,0.5015712380409241,0.49307981133461,0.49930453300476074,0.45907795429229736,,
20190625,0.2414720207452774,0.34491443634033203,0.47835686802864075,0.43241092562675476,0.573057234287262,0.5235152840614319,0.5868271589279175,0.5823699831962585
20190626,,0.38245660066604614,0.5094438791275024,0.47025710344314575,0.5470519065856934,0.5215330123901367,0.5708476901054382,0.607545018196106
20190627,0.33647391200065613,0.4478875994682312,0.5854165554046631,0.27186068892478943,0.5430539846420288,0.5426895618438721,0.5611751079559326,0.4988667666912079
20190628,0.2987547814846039,0.34321025013923645,0.4855661988258362,0.4723462760448456,0.5156731605529785,,,
20190629,0.4124779999256134,0.38328057527542114,0.47752976417541504,0.5732425451278687,0.6415841579437256,0.5140801072120667,0.6542208194732666,0.5464933514595032
20190630,0.3906794488430023,0.4248034656047821,0.5283684134483337,0.5713462829589844,,,,0.7182327508926392
20190701,,0.39471435546875,0.44552645087242126,0.470309853553772,0.553579568862915,0.5522401332855225,0.7412465810775757,0.5347753763198853
20190702,0.3040255904197693,0.4670614004135132,0.315815269947052,0.3723951280117035,0.41095665097236633,0.3556954264640808,0.5008661150932312,0.5366913676261902
20190703,0.3274683654308319,0.3752927780151367,0.31910473108291626,0.36326301097869873,0.3922106623649597,0.4659416079521179,0.6209184527397156,0.574954092502594
20190704,0.33889439702033997,0.5114407539367676,0.5426800847053528,0.49521079659461975,0.5706952810287476,0.5245960354804993,0.667115330696106,0.6731797456741333
20190705,,0.2693018317222595,0.3256547749042511,0.2867053151130676,,,0.610184907913208,0.5607686638832092
20190706,,0.37994515895843506,0.4918171763420105,0.5223121643066406,0.5877589583396912,0.49414244294166565,0.5367786884307861,
20190707,0.42631733417510986,0.38562363386154175,0.42855900526046753,0.46485283970832825,0.5282914638519287,0.5053465962409973,0.6156986355781555,0.5470792651176453
20190708,0.392942875623703,0.4001983404159546,0.4319682717323303,0.49140018224716187,0.49139729142189026,0.4496666193008423,0.5808578729629517,0.5256450176239014
20190709,0.3012771010398865,0.2884961664676666,0.34473806619644165,0.41862645745277405,0.560363233089447,0.4143688678741455,0.5956091284751892,0.5724465250968933
20190710,0.2105674147605896,0.21587584912776947,0.33953857421875,0.44242075085639954,0.4734373986721039,0.34572944045066833,0.5082508325576782,0.462084025144577
20190711,0.21811310946941376,0.2794530391693115,0.3248303234577179,0.38216668367385864,0.456512987613678,0.3637690544128418,0.4528854489326477,0.4635853171348572
20190712,,,0.1938459724187851,0.3141012489795685,0.41079872846603394,0.34026336669921875,0.44302502274513245,0.49675408005714417
20190713,0.3386557698249817,0.42141497135162354,,,,,,0.33196717500686646
20190714,0.286550909280777,0.3062198758125305,0.2797513008117676,,,,0.3716646432876587,0.4221893846988678
20190715,0.2787458896636963,0.25522875785827637,0.2561616003513336,,0.3120039105415344,0.19830289483070374,,
20190716,0.2819652557373047,0.2897298336029053,0.28129321336746216,0.3786172866821289,0.3810423016548157,0.22671747207641602,0.33507677912712097,0.23286521434783936
20190717,0.29399845004081726,0.2880324721336365,0.3240059018135071,0.33266228437423706,0.43194037675857544,0.3417242467403412,0.41409096121788025,0.3909061849117279
20190718,,0.1332375407218933,0.3002707362174988,0.3479326069355011,0.4222933053970337,0.3568708002567291,0.4475533962249756,0.5544188618659973
20190719,0.2661675214767456,0.2961726784706116,0.32290104031562805,0.3572535812854767,0.5294530391693115,0.36285200715065,0.4324876070022583,0.5317542552947998
20190720,0.1836341917514801,0.2531862258911133,0.3603631556034088,0.46516576409339905,0.49730926752090454,0.41116321086883545,0.5225326418876648,0.572687029838562
20190721,0.19050677120685577,0.1972246915102005,0.34695369005203247,0.4400450885295868,0.4986701011657715,0.4567800760269165,0.5026083588600159,0.6141821146011353
20190722,,,0.3102334439754486,0.4887891709804535,0.48725801706314087,0.40359264612197876,0.4484931528568268,0.5705649852752686
20190723,,,0.3041364848613739,0.515761137008667,0.5331003665924072,0.470535010099411,0.41317451000213623,0.526486873626709
20190724,0.4502973258495331,0.452585369348526,0.404988169670105,0.401984304189682,0.40799209475517273,0.3270784020423889,0.3660210967063904,0.44095057249069214
20190725,0.27400416135787964,,,,,,,
20190726,,,,,,,0.5187392234802246,0.66469407081604
20190727,0.32068029046058655,0.2974337041378021,0.2848818898200989,0.33824899792671204,0.4912852346897125,0.40727514028549194,,0.7687467932701111
20190728,,0.2569464147090912,0.22039863467216492,0.21659047901630402,0.3604051470756531,0.3193381428718567,,
20190729,0.39768412709236145,0.3119969367980957,0.26958465576171875,0.33444294333457947,0.25539153814315796,0.23897968232631683,0.33381280303001404,0.40037116408348083
20190730,0.397971510887146,0.3901533782482147,0.3153808116912842,0.403964102268219,0.37928643822669983,0.434499055147171,0.3757475018501282,0.48276287317276
20190731,0.3888586163520813,0.37936094403266907,0.26154497265815735,0.33321407437324524,0.37917834520339966,0.34277552366256714,0.4127205014228821,0.5410473942756653
20190801,0.3526838421821594,0.32354122400283813,0.250885933637619,0.3009330928325653,0.31280335783958435,0.2839222252368927,0.3162403106689453,0.4851444959640503
20190802,0.3936050832271576,0.3410305380821228,0.2842264771461487,0.34658434987068176,0.4194551408290863,0.3741825520992279,0.41498133540153503,0.5105728507041931
20190803,,,0.4085819125175476,0.43057048320770264,0.48544564843177795,0.4257381558418274,0.44926100969314575,0.4861311614513397
20190804,0.39715293049812317,0.39019882678985596,0.4222908318042755,0.5192341804504395,0.5671411752700806,0.4490690231323242,0.4599379599094391,0.5301638841629028
20190805,0.41761448979377747,0.36552903056144714,0.33524090051651,0.4723409116268158,0.5365768671035767,0.5436617136001587,0.5999475121498108,0.5985679030418396
20190806,0.2519437074661255,,,0.25163233280181885,0.30971163511276245,,,
20190807,0.20476330816745758,0.20399273931980133,0.2528861165046692,0.3804539442062378,0.27452245354652405,0.36401522159576416,0.35696887969970703,0.2905440926551819
20190808,0.3378247320652008,,0.2646312713623047,0.4312339723110199,0.540974497795105,0.49823588132858276,0.4422701299190521,0.41809558868408203
20190809,0.220612570643425,0.4037797152996063,0.273454487323761,0.2677055597305298,0.5060152411460876,0.41495004296302795,0.33657318353652954,0.4575689733028412
20190810,0.29688507318496704,0.30125996470451355,0.24618463218212128,0.32917308807373047,0.4754498302936554,0.4369472861289978,0.481277197599411,0.4675276279449463
20190811,0.16722868382930756,0.28157374262809753,0.2282668650150299,0.32479968667030334,0.3790324032306671,0.3070095181465149,0.3037881851196289,
20190812,0.30709996819496155,0.2715531289577484,0.228257417678833,0.27343231439590454,0.33807411789894104,0.27117499709129333,0.33835792541503906,0.5330610275268555
20190813,0.2607036828994751,0.3443543016910553,0.3089194893836975,0.34829309582710266,0.43901196122169495,0.34853479266166687,0.37093695998191833,0.4441707730293274
20190814,,0.40520039200782776,,,,,0.36369654536247253,0.45589444041252136
20190815,0.28406837582588196,0.2667493522167206,0.163303941488266,0.19561879336833954,0.397129088640213,0.36326920986175537,0.16445466876029968,
20190816,0.35165685415267944,0.3464972972869873,0.29413193464279175,0.3339182138442993,0.43282872438430786,0.31332358717918396,0.37138062715530396,0.38388001918792725
20190817,0.22976244986057281,0.2349439412355423,0.17438814043998718,0.28637614846229553,0.4231368601322174,0.3376394808292389,0.279714435338974,0.25132325291633606
20190818,,0.41245225071907043,0.4248162806034088,0.4905804991722107,0.5797876119613647,0.5153626799583435,0.4546147584915161,0.3655123710632324
20190819,0.39693018794059753,0.41907739639282227,0.3065442442893982,0.38531965017318726,0.4516618549823761,0.3964821696281433,0.4059242904186249,0.3545480966567993
20190820,0.36752012372016907,0.39950764179229736,0.3734493851661682,0.41264429688453674,0.48363804817199707,0.37566879391670227,0.352336585521698,
20190821,0.3501090109348297,0.3800719082355499,0.34809035062789917,0.38230594992637634,0.407372385263443,0.3074020445346832,0.327653169631958,
20190822,0.36210277676582336,0.38670042157173157,0.3485480844974518,0.43037182092666626,0.553097128868103,0.37828871607780457,0.37167665362358093,0.4120182693004608
20190823,,,,,0.5219885110855103,0.3843430280685425,0.38179510831832886,0.4344598352909088
20190824,0.2919205129146576,0.19300182163715363,0.1790790855884552,0.2545153796672821,0.39923056960105896,0.36977291107177734,0.3637779653072357,0.3749719262123108
20190825,0.3194029629230499,,0.2428816556930542,0.21303515136241913,0.22063416242599487,0.2484789490699768,0.3237975835800171,0.3283195197582245
20190826,0.32165417075157166,0.31986749172210693,0.2734028100967407,0.33924517035484314,0.47625043988227844,0.3716229498386383,0.41674378514289856,0.41137081384658813
20190827,0.31285956501960754,0.32236191630363464,0.2647433280944824,0.35534530878067017,0.46220657229423523,0.3309800624847412,0.3790980577468872,0.42925167083740234
20190828,0.29142746329307556,0.28108102083206177,0.2508678138256073,0.3330308496952057,0.39731061458587646,0.32207217812538147,0.3448275327682495,0.3701869547367096
20190829,,0.35622766613960266,0.3000621795654297,0.34503042697906494,0.4725220203399658,0.36008378863334656,0.3650478720664978,0.4110909700393677
20190830,,,,0.1410929560661316,,0.3502441942691803,0.3914169669151306,0.43145114183425903
20190831,0.25945529341697693,0.25719958543777466,0.21001498401165009,0.26542505621910095,0.3265613615512848,0.3380083739757538,,
20190901,0.2975888252258301,0.29573071002960205,0.2305900603532791,0.31288284063339233,0.37485456466674805,0.2571481168270111,0.330843985080719,0.41552361845970154
20190902,0.2952076494693756,0.3069917857646942,0.21199089288711548,0.27902060747146606,0.4146249294281006,0.25512003898620605,0.32170039415359497,0.4249171316623688
20190903,0.23714756965637207,0.2660232484340668,0.2008608728647232,0.23481793701648712,0.3355165123939514,0.21437999606132507,,0.2829296290874481
20190904,0.18701481819152832,0.2542438209056854,0.2112783044576645,0.22259145975112915,0.21167881786823273,0.1853809505701065,0.23454011976718903,
20190905,0.27912184596061707,0.2833172678947449,0.1838240921497345,,,,0.15210255980491638,0.26824331283569336
20190906,0.2767758071422577,0.30127862095832825,0.2210673987865448,0.30571481585502625,0.19348441064357758,0.15429508686065674,0.20707280933856964,0.2751416265964508
20190907,0.2884126305580139,0.30641746520996094,0.22789396345615387,0.2524895966053009,0.358357310295105,0.2193923443555832,0.2495506852865219,0.3236088752746582
20190908,0.2563059329986572,0.25688430666923523,0.2083757221698761,0.2459050565958023,0.3661684989929199,0.2011481672525406,0.24305281043052673,0.34893524646759033
20190909,0.32634952664375305,0.28861314058303833,0.22781549394130707,0.2484857738018036,0.30795976519584656,0.20050954818725586,0.23144561052322388,0.3202197849750519
20190910,0.2896537184715271,0.3151901662349701,0.2624388635158539,0.2588904798030853,0.29812201857566833,0.20464712381362915,0.23011459410190582,0.28526052832603455
20190911,0.2568128705024719,0.27296367287635803,0.24938073754310608,0.3009284436702728,0.3384897708892822,0.25473156571388245,0.2980823218822479,0.30844348669052124
20190912,0.22388148307800293,0.2521134316921234,0.19290730357170105,0.24663949012756348,0.3372722268104553,0.1955762356519699,0.2267848551273346,0.2634759545326233
20190913,0.19962045550346375,0.22656264901161194,0.190677672624588,0.23965883255004883,0.4172763526439667,0.19306455552577972,0.22233667969703674,0.3685654103755951
20190914,,0.18933211266994476,0.16921058297157288,0.22313162684440613,0.31663331389427185,0.19571946561336517,,0.27166613936424255
20190915,,,,0.1999765783548355,0.27419808506965637,0.1843896359205246,0.18720805644989014,
20190916,0.23590831458568573,0.26295408606529236,0.21706001460552216,0.35665571689605713,0.3145381212234497,0.2789333462715149,0.2364526093006134,0.2401716560125351
20190917,0.2601799964904785,0.27410873770713806,0.24761298298835754,0.23524987697601318,0.4848537743091583,0.28875380754470825,0.3025895953178406,0.36140501499176025
20190918,,,0.2188207060098648,0.28946223855018616,0.3369330167770386,0.31605640053749084,,0.3859792649745941
20190919,,,0.1703389436006546,0.23771296441555023,0.21605288982391357,,0.2743680477142334,
20190920,0.22673062980175018,0.23351171612739563,0.1765897572040558,0.19305898249149323,0.322598397731781,0.345477432012558,0.2605717182159424,0.25582677125930786
20190921,0.17326903343200684,0.24169383943080902,0.1761559396982193,0.21074798703193665,0.3430984914302826,0.21673205494880676,0.2546287178993225,0.3052130341529846
20190922,0.16577453911304474,0.1905210018157959,0.17269232869148254,0.18363972008228302,0.32439500093460083,0.29428550601005554,0.26925477385520935,0.2818390130996704
20190923,0.2587718963623047,0.2585844099521637,0.17241135239601135,0.2651536762714386,0.3775664269924164,0.23216471076011658,0.25076037645339966,0.2980961501598358
20190924,0.248015359044075,,,,0.31308114528656006,0.2716238498687744,0.27236005663871765,0.3272763192653656
20190925,0.38475027680397034,0.27130016684532166,0.1981099396944046,0.25028499960899353,0.31261488795280457,0.2565253674983978,0.2607107162475586,0.34892863035202026
20190926,0.280279278755188,0.30817365646362305,0.24544556438922882,0.3025417625904083,0.2667752504348755,0.2546650767326355,0.2498689889907837,0.22175107896327972
20190927,0.19504153728485107,,,,,0.27009981870651245,0.2893349230289459,0.31693288683891296
20190928,0.14950306713581085,,,,0.27980417013168335,0.3265858590602875,0.29143503308296204,0.3374367356300354
20190929,0.23873569071292877,0.22081173956394196,,0.19072039425373077,,0.30827248096466064,,
20190930,0.2588863670825958,0.24085277318954468,0.17717701196670532,0.31392285227775574,0.34016284346580505,0.3620501458644867,0.39908042550086975,0.4394043982028961
20191001,0.2593541145324707,0.29546502232551575,0.25258442759513855,0.1829189658164978,0.2853583097457886,0.309569776058197,0.32656651735305786,0.30594828724861145
20191002,0.25468161702156067,0.2596151530742645,,,,,0.3290882408618927,0.3050239682197571
20191003,,,0.20053280889987946,0.282470166683197,0.3676822781562805,0.32040634751319885,0.31592458486557007,0.3513563871383667
20191004,,,,0.32456618547439575,0.49118438363075256,0.297093003988266,0.2982085645198822,0.3743899166584015
20191005,0.16220396757125854,0.1687021404504776,0.18070009350776672,0.2951793670654297,,,0.2895251512527466,0.41902169585227966
20191007,0.21678274869918823,0.22944959998130798,0.16318251192569733,0.27452418208122253,0.3050142526626587,0.21867583692073822,0.18668295443058014,0.16813935339450836
20191008,0.27261441946029663,0.26661622524261475,0.17946161329746246,0.2760202884674072,0.39542123675346375,0.26501062512397766,0.2867804169654846,0.3453863859176636
20191009,,,0.20181341469287872,0.3172321021556854,0.5540079474449158,0.2346862405538559,0.2592270076274872,0.3246763348579407
20191010,0.23048409819602966,0.27947455644607544,0.25993403792381287,0.1776658147573471,0.9531617760658264,0.313113808631897,0.29930001497268677,0.297997385263443
20191011,,0.19960685074329376,0.15828925371170044,0.22963610291481018,0.33225777745246887,0.3203545808792114,0.34367746114730835,0.40714317560195923
20191012,,,,,,,,0.36065757274627686
20191013,0.18942047655582428,0.24223755300045013,0.18272608518600464,0.2442922443151474,0.3506120443344116,0.25072968006134033,0.23694361746311188,0.1674644649028778
20191014,,0.23025839030742645,0.17723092436790466,0.29370763897895813,0.424111932516098,0.23703019320964813,0.2497033178806305,0.2756902575492859
20191015,0.16987554728984833,0.19212791323661804,,,0.24390478432178497,0.219830721616745,0.24343588948249817,0.2292584776878357
20191016,0.1387491375207901,0.1641913801431656,0.14921750128269196,,,,,0.6539673209190369
20191017,0.2175137847661972,0.2542083263397217,0.21365782618522644,0.20084109902381897,0.25916239619255066,0.23175109922885895,0.24633187055587769,0.28660333156585693
20191018,0.19592325389385223,0.21570038795471191,0.1631925404071808,0.1528538018465042,0.18335957825183868,0.20577551424503326,0.1846390962600708,0.21913744509220123
20191019,0.29096487164497375,0.27139812707901,0.15656279027462006,0.3433876931667328,0.43036124110221863,0.22677621245384216,0.23717807233333588,0.2746536433696747
20191020,,,,,,,0.27785059809684753,0.29975399374961853
20191021,,0.35554975271224976,0.2362857311964035,0.29973724484443665,,,0.28102976083755493,0.3067611753940582
20191022,0.23203998804092407,0.28052622079849243,,,0.3317694664001465,0.3177500069141388,0.29123908281326294,0.2932743728160858
20191023,0.21048450469970703,0.2558582127094269,0.22796714305877686,0.30314698815345764,0.3789163827896118,0.2623613178730011,0.27005764842033386,0.2916415333747864
20191024,0.19719353318214417,0.2144840508699417,0.19841162860393524,0.2996527850627899,0.15414343774318695,0.23252268135547638,0.2462352216243744,
20191025,,,0.2796994745731354,0.44360578060150146,0.5362233519554138,0.29798251390457153,0.36331287026405334,
20191026,0.2155403047800064,0.2701796889305115,0.1992591768503189,,,0.29050713777542114,0.3531871438026428,0.29483911395072937
20191027,0.24447427690029144,0.22487249970436096,0.1781952828168869,0.3008279800415039,0.2770358622074127,0.23697277903556824,,
20191028,,,,0.3342263102531433,0.3324604332447052,0.27793386578559875,0.34851816296577454,0.33354461193084717
20191029,0.21003907918930054,,,,,0.39578208327293396,0.3756372928619385,0.2822560667991638
20191030,0.2871983051300049,0.32248973846435547,0.26035040616989136,0.3454650342464447,0.3515961468219757,,0.31919002532958984,0.3013172447681427
20191031,,,,,,,,
20191101,0.11665759235620499,,,,,,,
20191102,0.263294517993927,0.3348971903324127,0.15512074530124664,0.28006109595298767,0.2827293872833252,,,
20191103,0.21393272280693054,0.2382335513830185,0.20207227766513824,0.3638083338737488,0.5178599953651428,0.3040791451931,0.239260733127594,0.2555093765258789
20191104,0.24206769466400146,0.2629256546497345,0.17177005112171173,0.3386196792125702,0.388864129781723,0.24699802696704865,0.3511631488800049,0.2972598373889923
20191105,,,,0.3230905830860138,0.48453518748283386,0.2581826448440552,0.33328506350517273,0.288231760263443
20191106,0.16086345911026,0.24926495552062988,,,,,,0.22960014641284943
20191107,,0.3530843257904053,,,,,,
20191108,0.20725728571414948,0.26315879821777344,0.18166586756706238,0.21569445729255676,,0.22778940200805664,0.3215444087982178,0.2618952691555023
20191109,0.2705347537994385,0.26879680156707764,0.18456275761127472,0.3737197518348694,0.48094502091407776,0.2521895170211792,0.34630241990089417,0.3179354667663574
20191110,,,0.2194240391254425,0.41888710856437683,0.4814618229866028,0.251680850982666,0.317216694355011,0.3015262484550476
20191111,,,,,,,,
20191112,0.21860705316066742,0.19531676173210144,0.1725766360759735,0.3449137210845947,,,,
20191113,0.18579421937465668,0.23719006776809692,0.18253181874752045,0.28558170795440674,0.286264032125473,0.2599627375602722,0.37175455689430237,
20191114,0.1819213181734085,0.2284831553697586,0.16669757664203644,0.29690223932266235,0.4134563207626343,0.2224932461977005,0.3127078115940094,0.3230507969856262
20191115,,,0.10067994147539139,0.3460598289966583,0.3937794864177704,0.2056676298379898,0.2855493724346161,0.29107868671417236
20191116,,,,,0.2852017283439636,0.20473037660121918,0.2809361219406128,0.32010483741760254
20191117,0.24052001535892487,0.2476993054151535,,,,,,0.5682138800621033
20191118,,,,,0.3101175129413605,0.2711150050163269,0.2757071554660797,
20191119,,,0.237237811088562,0.28611138463020325,0.42408326268196106,0.31176793575286865,0.31523874402046204,0.3599855601787567
20191120,,0.17010200023651123,0.12619398534297943,,,,,0.35939061641693115
20191121,,,,0.37847280502319336,0.4223979413509369,0.2629755735397339,0.2612583339214325,0.30398303270339966
20191122,0.1540403813123703,,,,,,0.2766084372997284,0.3323308825492859
20191123,0.20559187233448029,0.2649201452732086,0.16552554070949554,0.22649383544921875,0.23860788345336914,,,
20191124,0.1570669263601303,,,0.3522908687591553,,0.2319149225950241,,0.37397313117980957
20191125,0.1230575293302536,0.22678351402282715,0.12217925488948822,0.08860675245523453,,,,
20191126,,,0.1773727536201477,0.3313901126384735,0.5008164644241333,0.321526437997818,0.30479320883750916,0.33356529474258423
20191127,0.17817382514476776,,,,,0.22470398247241974,0.3014738857746124,0.3649464547634125
20191128,,,,0.2296331226825714,,,,
20191129,0.14129149913787842,0.2453286498785019,0.17935951054096222,0.13746386766433716,0.22051793336868286,0.2435518056154251,,
20191130,0.1350662112236023,,0.10282012075185776,0.153123140335083,,,,
20191201,,,,,0.13896365463733673,0.2119857221841812,0.2221977710723877,
20191202,,,,,,0.17865701019763947,0.254790335893631,0.29586637020111084
20191203,0.23226846754550934,0.2846716642379761,0.19687816500663757,0.20488043129444122,,,,
20191204,0.24015218019485474,0.21943961083889008,0.1415005475282669,0.2686445713043213,0.3577713072299957,0.30567240715026855,,
20191205,,,,,0.4600066542625427,0.3760891854763031,0.2641651928424835,0.3000384271144867
20191206,,0.30741649866104126,0.17299099266529083,0.3405110538005829,0.28905779123306274,0.30100303888320923,0.2782348096370697,0.31088459491729736
20191207,,,,,,0.28613826632499695,0.3009765148162842,0.35891956090927124
20191208,0.12618966400623322,,,,,,,
20191209,0.1839602291584015,0.26068365573883057,0.1312977522611618,0.2606631815433502,,,,
20191210,0.14038927853107452,,0.16508841514587402,0.3218579590320587,,,0.3407702147960663,0.2017337828874588
20191211,0.17718151211738586,0.16858169436454773,0.07737096399068832,,,,0.3431640863418579,0.3764660060405731
20191212,,,,0.3179686367511749,0.3850482106208801,0.3708835542201996,0.3740312159061432,0.4018068313598633
20191213,0.20471066236495972,,,,,,0.3883069157600403,0.40919265151023865
20191214,0.19060294330120087,0.18983209133148193,0.1734997183084488,0.2617586553096771,,,,
20191215,,,,,0.428864449262619,0.2863926291465759,0.3416331708431244,0.29232144355773926
20191216,0.17058075964450836,,,,,,,
20191217,,0.20034781098365784,0.17141911387443542,0.39290904998779297,0.5810353755950928,0.28604328632354736,0.2989494800567627,0.22684471309185028
20191218,,,,,,0.25719237327575684,0.3037554919719696,0.2943122386932373
20191219,,0.18362274765968323,0.17537495493888855,,,,,0.3032265603542328
20191220,0.14487749338150024,0.22784437239170074,0.18044811487197876,,,,,
20191221,0.14965572953224182,0.32928571105003357,0.20526304841041565,,,,,
20191222,,0.20797309279441833,0.14108482003211975,,,,,
20191223,,,,,0.44986817240715027,0.3795892298221588,0.39684197306632996,
20191224,0.1508958786725998,0.15105444192886353,,,,,,
20191225,,,,,,,,
20191226,0.1931479275226593,0.224459707736969,0.15619626641273499,,,0.3458985984325409,0.37834271788597107,0.3179932236671448
20191227,0.1720067858695984,0.2437780648469925,0.15270467102527618,0.26620933413505554,,0.28239867091178894,,0.3175421357154846
20191228,,,,0.21164554357528687,,0.27520233392715454,0.3423851430416107,0.38683998584747314
20191229,,0.2277873009443283,,,,,0.3927385210990906,0.37416723370552063
20191230,0.15840350091457367,0.1594557762145996,0.1197536438703537,0.11651737987995148,,,,
20191231,0.15256085991859436,0.23240692913532257,0.16040004789829254,0.314739853143692,0.3103030323982239,0.253338485956192,0.3234628438949585,0.26773011684417725
20200101,0.17232443392276764,0.23915575444698334,0.14294566214084625,0.28754913806915283,0.47066864371299744,0.25877028703689575,0.30121973156929016,0.34129321575164795
20200102,,,0.17795869708061218,0.5867018103599548,0.2501991093158722,0.3548528254032135,0.3909405767917633,0.3877570331096649
20200103,,,,,,,,
20200104,0.14148566126823425,0.19884295761585236,0.14267143607139587,0.16146406531333923,,,,
20200105,0.18312907218933105,0.259115993976593,0.17375116050243378,0.36858654022216797,0.5368897318840027,0.38636481761932373,,
20200106,0.18127858638763428,0.26493820548057556,0.20049510896205902,0.39755913615226746,0.5546548366546631,0.36894604563713074,0.3839990794658661,0.38910016417503357
20200107,,0.29412782192230225,0.18499234318733215,0.37004804611206055,0.5104557871818542,0.3510143458843231,0.36492592096328735,0.4143979549407959
20200108,,,,,,0.34558790922164917,0.3446064591407776,0.41216933727264404
20200109,,,,,,,,
20200110,0.1722436398267746,0.16982926428318024,0.09683570265769958,,,,,
20200111,0.16460159420967102,0.3148154616355896,0.18113233149051666,0.4153223931789398,0.34419533610343933,0.39647987484931946,0.4203821122646332,0.3853757679462433
20200112,0.1948910355567932,0.2821769416332245,0.14087750017642975,0.30799195170402527,0.5335080623626709,0.42834144830703735,0.4207474887371063,0.41115981340408325
20200113,,,,0.3997865319252014,0.5431110858917236,0.3904099464416504,0.36169174313545227,0.4138808846473694
20200114,0.17493996024131775,,,,,,0.4574506878852844,0.4301131069660187
20200115,,,,,,,,
20200116,0.15553933382034302,,,0.22812609374523163,0.6877323985099792,0.34236806631088257,0.40058618783950806,
20200117,,,,0.34851306676864624,0.2893657684326172,0.5765246152877808,0.4344886243343353,0.5803535580635071
20200118,,,,,0.3704211413860321,0.4968808889389038,0.4154139757156372,0.5165843963623047
20200119,0.203907310962677,,,,,0.38042905926704407,0.37840306758880615,0.4871780574321747
20200120,0.24593882262706757,0.31782326102256775,0.2277122586965561,0.39271098375320435,,,,
20200121,,0.1077759861946106,0.297120600938797,0.23662632703781128,,0.4415164291858673,0.3492296636104584,0.24472680687904358
20200122,,,,,,,,
20200123,,0.4340856373310089,0.21574783325195312,0.451780766248703,0.5343223214149475,0.42824694514274597,0.30846625566482544,0.24796062707901
20200124,,,,,0.7175931930541992,0.49386724829673767,0.3712295889854431,0.35231712460517883
20200125,0.2291812300682068,0.2902596890926361,0.21194308996200562,0.18488238751888275,,,,0.3575511574745178
20200126,0.18617703020572662,0.3086400628089905,0.19347704946994781,0.3689143657684326,0.5233949422836304,0.36474287509918213,,
20200127,0.1890091747045517,0.29434147477149963,0.1969549059867859,0.40940922498703003,0.5097339153289795,0.31034693121910095,0.3805084824562073,0.36084702610969543
20200128,0.19772107899188995,0.29935458302497864,0.2118745744228363,0.4516311585903168,0.6620239615440369,0.3274444341659546,0.34165158867836,0.2981491684913635
20200129,,,0.2597770392894745,0.4794379472732544,0.6354570388793945,0.32168036699295044,0.33449310064315796,0.3130339980125427
20200130,0.1792299449443817,,,,,,0.3348838984966278,0.23590102791786194
20200131,0.2054489105939865,0.260272353887558,0.19537687301635742,0.2770891785621643,,,,
20200201,0.2001861035823822,0.3191166818141937,0.22823937237262726,0.3502938151359558,0.40708127617836,0.2839294672012329,0.35841211676597595,0.2276308536529541
20200202,0.14477446675300598,0.34771987795829773,0.1917775273323059,0.13984204828739166,0.1779373735189438,0.2164529263973236,0.3633643686771393,0.3095873296260834
20200203,,,0.2842865288257599,0.43481677770614624,,,,0.1707003265619278
20200204,0.22364632785320282,,,,,0.2604186534881592,0.44807174801826477,0.4354586601257324
20200205,0.2093358188867569,0.3034752607345581,0.24643826484680176,0.44430872797966003,,,,
20200206,,0.3989221155643463,0.23745577037334442,0.480371356010437,0.47894611954689026,0.20744985342025757,0.4143257141113281,
20200207,0.3044922351837158,0.2552669644355774,0.2787809371948242,0.5537087321281433,,,0.464336633682251,0.4056018590927124
20200208,,,0.30368760228157043,0.5270710587501526,0.611510157585144,0.3640982210636139,0.5716035962104797,0.46477025747299194
20200209,,,,,,0.6508505344390869,0.49428313970565796,0.49118873476982117
20200210,0.25915849208831787,0.48816627264022827,,,,,,0.4248650074005127
20200211,,,,,,,,
20200212,0.203227236866951,,,0.9426762461662292,,,0.6371484398841858,0.5906223654747009
20200213,0.28892311453819275,0.3914666771888733,0.2887142300605774,0.22082874178886414,,0.49029889702796936,0.477586567401886,0.4104694128036499
20200214,,,0.21076641976833344,0.45063114166259766,0.5760149359703064,0.24988995492458344,0.30369338393211365,0.22426465153694153
20200215,0.15533731877803802,,,,,,0.6264564990997314,0.9608041048049927
20200216,0.2770650088787079,,0.28323179483413696,0.45601287484169006,,0.8792243599891663,,
20200217,0.2531759738922119,0.5197232365608215,0.27149471640586853,0.4465431571006775,,,,0.18285174667835236
20200218,0.28804686665534973,0.4791980981826782,,0.37894365191459656,,0.46448007225990295,0.35599905252456665,0.38621842861175537
20200219,,,0.356984943151474,0.413163423538208,,0.382365345954895,0.5540205836296082,0.42755311727523804
20200220,0.2987562119960785,0.46404528617858887,,,,0.5747119784355164,0.486274778842926,0.40268969535827637
20200221,0.3143669664859772,0.40523505210876465,0.2920200526714325,0.5820183753967285,,,,
20200222,,0.3007168471813202,,0.5840362906455994,0.5875210762023926,0.7048559188842773,0.6706126928329468,0.5161554217338562
20200223,0.269003689289093,0.38651081919670105,0.36040806770324707,,,,,0.4722263514995575
20200224,0.4022459387779236,,,0.4777213931083679,0.6863002181053162,0.7046124339103699,0.6067267060279846,0.5018479228019714
20200225,0.2389211803674698,,,,,0.8977975249290466,0.5473238825798035,0.4590255916118622
20200226,,,0.16908587515354156,,,,0.5663375854492188,0.4091914892196655
20200227,,0.4414016306400299,0.2451632022857666,0.3192433714866638,0.526212751865387,0.576163649559021,0.5038094520568848,
20200228,,,0.5711713433265686,0.7335830330848694,0.8893032073974609,0.7400124073028564,0.5143202543258667,0.5632443428039551
20200229,,,,,1.1793358325958252,0.7376898527145386,0.5226858258247375,0.3778100311756134
20200301,,,,0.5128731727600098,0.6331930756568909,0.5972228050231934,,
20200302,,,,,,,0.5260198712348938,
20200303,0.5477446913719177,0.3857925534248352,0.28853556513786316,0.5283207893371582,0.489484578371048,0.5802837014198303,,
20200304,0.5324333906173706,0.8043457865715027,0.5283762812614441,,0.485124796628952,0.5632134675979614,0.5640909075737,0.5108439326286316
20200305,,,0.4704282581806183,0.6472047567367554,0.7903310060501099,0.6821976900100708,0.5997347831726074,0.417635440826416
20200306,,,0.4839518666267395,0.6788460612297058,0.8587828874588013,0.6898375749588013,0.6025513410568237,0.5380546450614929
20200307,0.5266742706298828,0.5301126837730408,,,0.862069308757782,,0.6846622228622437,0.4718562662601471
20200308,,,0.44506335258483887,0.4564841389656067,0.5826534032821655,,,1.1755138635635376
20200309,0.7749532461166382,0.7279881238937378,0.3299112319946289,0.43000638484954834,,0.7454749941825867,0.7117278575897217,0.52854323387146
20200310,0.32944923639297485,0.6487686038017273,0.4291965663433075,,0.8479772210121155,0.7993043065071106,0.6285496950149536,0.5007960200309753
20200311,0.5041319727897644,0.66862952709198,0.3311973810195923,,0.592467725276947,0.6730607748031616,0.8842557072639465,
20200312,,0.5171906352043152,0.36733704805374146,0.5064302682876587,0.6760922074317932,0.5145930051803589,0.5186391472816467,0.49209117889404297
20200313,0.12841098010540009,,,0.2680644392967224,,,,0.5982639193534851
20200314,,,,,,0.45781269669532776,0.5990768074989319,0.6526656150817871
20200315,0.7724806666374207,,0.6944961547851562,0.799594521522522,1.3525820970535278,,0.7970658540725708,0.6056689620018005
20200316,0.41574493050575256,0.6447008848190308,0.3896696865558624,,,,,1.031213641166687
20200317,,,,,,0.4734713137149811,0.764322817325592,0.5850743651390076
20200318,0.4078139662742615,0.6675636768341064,0.30465325713157654,0.4153074026107788,0.8403452038764954,,,
20200319,0.3767780661582947,0.6570379137992859,0.4105129539966583,0.5144110918045044,0.7250828742980957,0.5290119647979736,0.5085301995277405,0.438266396522522
20200320,,,,,,,0.4351623058319092,0.4442628026008606
20200321,0.38914400339126587,0.5271749496459961,0.3645242154598236,0.5606004595756531,,,,
20200322,,,,,,,,
20200323,0.43895843625068665,0.5060536861419678,0.3792341947555542,,,,,
20200324,0.4572044909000397,0.5843608379364014,0.3458760678768158,0.5705201625823975,0.7485097646713257,0.45975854992866516,0.553031861782074,
20200325,0.5674234628677368,1.0742865800857544,0.6698832511901855,0.37432512640953064,0.3976404070854187,0.42187297344207764,0.5921019315719604,0.5771085023880005
20200326,0.5435041189193726,0.8916634321212769,0.577092170715332,0.7910166382789612,1.0528819561004639,1.3839647769927979,0.7469627261161804,0.681770384311676
20200327,,,0.46850985288619995,0.6923319697380066,0.8076216578483582,0.7616263628005981,0.9900146126747131,1.0835453271865845
20200328,0.309609979391098,0.8165650963783264,0.4284823536872864,0.6833812594413757,0.7800760269165039,0.9061170220375061,0.9937831163406372,0.8245360851287842
20200329,0.45384126901626587,0.5993017554283142,0.41597840189933777,0.5628196597099304,0.7817230820655823,,,
20200330,0.5466392636299133,1.2987602949142456,0.404487282037735,0.5240077972412109,0.6506933569908142,0.46061134338378906,0.449128657579422,0.4466438591480255
20200331,0.4580213725566864,0.7913516163825989,0.536458432674408,0.7476155757904053,,,,0.36022329330444336
20200401,0.3764922320842743,0.6503087282180786,0.42520806193351746,0.6029183268547058,0.9239919781684875,0.5017439723014832,0.4638930559158325,0.4524288475513458
20200402,0.21292449533939362,0.6635476350784302,,,,,,
20200403,,0.5721368193626404,0.43420282006263733,0.6997283697128296,0.7995859384536743,0.5310346484184265,0.30920425057411194,0.4821602702140808
20200404,,0.34025079011917114,0.2731854021549225,0.4493946135044098,0.7397347688674927,0.5532293319702148,0.5441391468048096,0.40557169914245605
20200405,,,,0.5118668079376221,0.50324547290802,0.4625486433506012,0.5072357058525085,0.49363699555397034
20200406,0.3309005796909332,,,,1.0670068264007568,0.7559943795204163,0.7624419331550598,
20200407,0.4885333478450775,0.6941196322441101,0.6180554628372192,1.097164273262024,1.0498096942901611,0.6261576414108276,0.5205228924751282,0.4732263386249542
20200408,0.49656811356544495,0.8564243912696838,0.5499400496482849,0.8579874634742737,0.9912912249565125,0.5720568895339966,0.6389967799186707,0.6504183411598206
20200409,0.5093027353286743,0.7893476486206055,0.5081513524055481,0.7240380048751831,0.8945781588554382,0.5421570539474487,0.5967842936515808,0.6005568504333496
20200410,0.4872625470161438,0.701494038105011,0.5270872116088867,0.7439910173416138,0.7680438160896301,0.5035352110862732,0.5781106948852539,0.6921961903572083
20200411,0.483615905046463,0.8128320574760437,0.48208504915237427,0.667773425579071,0.8957334756851196,0.4803215265274048,0.5571511387825012,
20200412,0.3863063454627991,,0.662079393863678,0.8476818203926086,1.0560003519058228,0.4828214943408966,,
20200413,0.3026075065135956,0.8141965866088867,0.36263689398765564,0.6561185121536255,0.7707645893096924,0.4760151207447052,0.5227705836296082,0.5488895773887634
20200414,,,,0.6303055882453918,0.6919293403625488,0.439154714345932,0.5421456098556519,0.5699887275695801
20200415,0.35276108980178833,0.6153585910797119,,,,,,
20200416,0.3464813828468323,0.4669041633605957,0.35202303528785706,,,0.41252943873405457,0.3020181953907013,
20200417,0.3915347456932068,0.6912573575973511,0.45679718255996704,0.4355337917804718,0.8267257809638977,0.4115469455718994,0.5157983303070068,0.4658646881580353
20200418,0.3970964848995209,0.8577132225036621,0.44708022475242615,0.649558961391449,0.8949759006500244,0.505541980266571,0.4608812630176544,0.5087052583694458
20200419,,,,,,,,0.41987118124961853
20200420,0.5890620350837708,0.5650027394294739,0.4801543354988098,0.47905635833740234,0.6265029907226562,0.5691454410552979,0.3778899312019348,
20200421,0.4383777379989624,0.7498412132263184,0.6225119829177856,0.7002452611923218,0.8632144331932068,0.6304453015327454,0.5199866890907288,0.5576086640357971
20200422,,,0.8770215511322021,0.8342456221580505,0.8893254995346069,0.7023276090621948,0.6348129510879517,0.7738342881202698
20200423,0.43861380219459534,0.6210393905639648,0.44261470437049866,0.5327202677726746,0.8537462949752808,0.5318118333816528,0.48494863510131836,0.513866126537323
20200424,0.19763389229774475,,0.3921782970428467,0.5100317597389221,0.8385703563690186,0.6454282402992249,0.49989810585975647,0.5397288799285889
20200425,,,,,,,,
20200426,0.5637186169624329,0.767441987991333,1.19346284866333,,0.8549681901931763,,,
20200427,0.4265352189540863,0.6345683336257935,,,,,0.36482611298561096,0.3602443337440491
20200428,0.3837374448776245,0.43674877285957336,0.3505112826824188,,1.1011896133422852,0.5927410125732422,0.575645387172699,0.632161021232605
20200429,0.3300037980079651,0.47983086109161377,0.5258036255836487,0.5905324816703796,1.0103130340576172,0.6522969007492065,0.6465854644775391,0.4619083106517792
20200430,0.3853156268596649,0.4847702980041504,0.3994743227958679,0.3401987552642822,0.7709459066390991,0.7348186373710632,0.6484363675117493,0.6184463500976562
20200501,0.5530247688293457,,,,,,0.44638991355895996,0.34314045310020447
20200502,0.6365333795547485,0.7830498814582825,0.8811197876930237,1.1147618293762207,1.5839670896530151,,,
20200503,0.4945853650569916,0.7217698693275452,0.6056573390960693,0.8425323963165283,1.6369907855987549,0.9038531184196472,0.7690033316612244,0.7632365226745605
20200504,0.6003063321113586,0.899165689945221,0.7057207822799683,0.8566539883613586,1.1240428686141968,0.7658746838569641,0.7225371599197388,0.7800878882408142
20200505,0.4290364980697632,0.6383236050605774,0.554404616355896,0.7589544057846069,1.0881383419036865,0.7303513288497925,0.7241209745407104,0.8116880655288696
20200506,,,,0.6591379642486572,1.1188955307006836,0.7394666075706482,,
20200507,0.5881118178367615,0.6062428951263428,0.8555468916893005,1.1102991104125977,1.6561955213546753,1.0042359828948975,0.843899667263031,0.34088969230651855
20200508,0.3733063042163849,0.6327940821647644,0.673660159111023,0.5489497780799866,0.9622964262962341,0.8603090643882751,0.9544287323951721,0.7003986239433289
20200509,0.24089033901691437,0.4868968427181244,0.4885225296020508,0.4608246982097626,0.8073294758796692,0.6750397682189941,0.5015478134155273,0.4820786118507385
20200510,0.5410565137863159,0.722072958946228,0.6486104726791382,0.6180779337882996,0.9269923567771912,0.6815857291221619,0.7057800889015198,0.623081386089325
20200511,0.5387350916862488,0.5307019948959351,0.6338236927986145,0.6341813802719116,0.9686123728752136,0.754612386226654,1.072640061378479,0.6493595242500305
20200512,0.4084683954715729,0.5656746625900269,,0.21171849966049194,,0.711332380771637,0.7601426243782043,0.6278978586196899
20200513,0.5233931541442871,0.7123047709465027,,0.6733028888702393,0.8207931518554688,0.8993529081344604,,0.4800325334072113
20200514,0.46864140033721924,0.6345233917236328,0.6046125888824463,0.6094920039176941,0.9205133318901062,0.7904370427131653,0.8320623636245728,0.8400824666023254
20200515,0.4420340359210968,0.5678369402885437,0.5761280059814453,0.5791131854057312,0.8656051158905029,0.7246962189674377,0.7312168478965759,0.5670918822288513
20200516,,0.4820459187030792,0.36357125639915466,0.5131060481071472,0.8250206708908081,0.7031017541885376,0.7138205766677856,0.564359188079834
20200517,0.6899703741073608,,,,0.7120263576507568,0.7344427108764648,0.7238337397575378,0.5723142027854919
20200518,,0.43779295682907104,0.5344963669776917,0.6711584329605103,1.2002817392349243,0.7638906240463257,0.7944358587265015,
20200519,0.3544670045375824,0.4925290048122406,0.4312680959701538,0.4429052174091339,0.7307749390602112,0.755490243434906,0.8429216742515564,0.9286165237426758
20200520,,0.4650813937187195,0.2845664918422699,0.28434592485427856,0.44532424211502075,0.6350468397140503,0.7072140574455261,0.7613118290901184
20200521,0.15781626105308533,0.29352089762687683,0.4061131179332733,0.43872755765914917,0.6675916910171509,0.5328387022018433,0.6826459765434265,0.46096089482307434
20200522,0.7228179574012756,0.4912935197353363,0.47230657935142517,0.4733501672744751,,,,
20200523,0.5173591375350952,0.6623213887214661,0.6866075992584229,0.6091834306716919,0.4671783149242401,0.38659119606018066,0.4675271809101105,0.46799972653388977
20200524,,,,,,0.8436911106109619,0.85384202003479,0.5425896644592285
20200525,,,0.732178807258606,0.5135216116905212,0.6511930823326111,,,
20200526,0.29026803374290466,0.4114497900009155,0.473996639251709,0.744603157043457,0.9360019564628601,0.7336021065711975,0.7547013759613037,0.4517122209072113
20200527,0.5135062336921692,0.556083619594574,0.48505306243896484,0.4110325276851654,0.6389990448951721,0.5696294903755188,0.6514590978622437,0.5236986875534058
20200528,0.5766690373420715,0.6539443135261536,0.6482025384902954,0.5269526243209839,0.7717728018760681,0.6994389891624451,0.7741928696632385,0.7060060501098633
20200529,0.6506029367446899,0.7454910278320312,0.6260154247283936,0.5126773715019226,0.8435702323913574,0.7494857311248779,0.795405387878418,0.7522487640380859
20200530,0.2733858525753021,0.3524838089942932,0.5526979565620422,0.5027926564216614,0.8569309115409851,0.8080533742904663,0.7995298504829407,0.7196567058563232
20200531,0.36510446667671204,0.34254512190818787,0.538180410861969,0.43877676129341125,0.6244485378265381,0.7018292546272278,0.7910428047180176,0.8055949807167053
20200601,,0.49723324179649353,0.380059152841568,0.28732502460479736,0.5263455510139465,0.5368691086769104,0.5998538136482239,0.5586774945259094
20200602,,,0.40437033772468567,,0.4229836165904999,0.3876953125,,
20200603,,,,,,,,
20200604,0.43897557258605957,0.4993005096912384,0.47124382853507996,0.45654553174972534,0.6476686000823975,0.6962329149246216,0.8431376814842224,0.898072361946106
20200605,0.35367006063461304,0.40834841132164,0.42011892795562744,0.3934222161769867,0.558290958404541,0.6174488067626953,0.7301729321479797,0.708911657333374
20200606,,,0.48283588886260986,0.36875343322753906,0.6007035374641418,0.5068272352218628,0.5830559134483337,0.6413475275039673
20200607,,,0.38173893094062805,,,0.7440022230148315,0.7958787679672241,0.6776719689369202
20200608,0.403825581073761,0.5390453934669495,0.6817915439605713,0.6174583435058594,0.6504806280136108,0.7129862904548645,0.7905660271644592,0.8189324140548706
20200609,0.345342755317688,0.45682406425476074,0.5035499334335327,0.49991658329963684,1.0494685173034668,1.0080909729003906,1.0434303283691406,0.8192991018295288
20200610,0.4128635823726654,0.5155659914016724,0.46611514687538147,0.4435545802116394,0.7890560030937195,0.9503627419471741,0.8417692184448242,0.8548851013183594
20200611,,0.6015684604644775,0.3724084496498108,0.40254974365234375,0.605539858341217,0.682953417301178,0.802157461643219,0.7617269158363342
20200612,,0.26938509941101074,0.27337807416915894,,,,,1.041573166847229
20200613,0.37361037731170654,0.732614278793335,0.6817318201065063,0.45596450567245483,0.5274878740310669,0.6006864309310913,0.5448569059371948,0.5117049813270569
20200614,0.36313778162002563,0.4519311785697937,0.45089706778526306,0.4368463456630707,0.6589587330818176,0.7506788969039917,0.7556474208831787,0.7176535129547119
20200615,0.4385788142681122,0.5664714574813843,0.42924174666404724,0.3732694387435913,0.49256056547164917,0.5443678498268127,0.6989411115646362,0.7883771061897278
20200616,0.6465722322463989,0.586004376411438,0.3803081214427948,0.3855617344379425,0.4990430176258087,0.47739464044570923,0.6090430021286011,0.615515410900116
20200617,,,0.4184386134147644,0.4079777002334595,0.4788866639137268,0.496466726064682,0.5993272662162781,0.6235866546630859
20200618,0.7375994920730591,0.7645214796066284,,0.5204752683639526,0.6001482605934143,0.6063928604125977,0.6500558257102966,0.7144885659217834
20200619,0.3630708158016205,0.5093591809272766,0.5371301770210266,0.47899943590164185,,0.695807933807373,0.7415079474449158,0.671213686466217
20200620,,0.37978920340538025,,0.214673712849617,,0.3097473680973053,0.4620116651058197,0.38183528184890747
20200621,0.40413933992385864,0.4955778121948242,,0.2628684937953949,0.37443840503692627,0.33098554611206055,0.4495275914669037,0.41723117232322693
20200622,0.4619218707084656,0.5247636437416077,0.43143656849861145,0.3451036214828491,,,,
20200623,0.5681770443916321,0.5262277126312256,0.4762618839740753,0.43155139684677124,0.5169336199760437,0.5421642065048218,0.6579205989837646,0.627621591091156
20200624,0.4312964975833893,0.5870304107666016,0.6028943657875061,0.5795515179634094,0.5300440788269043,0.5203565955162048,0.649245023727417,0.6773173213005066
20200625,0.4529016613960266,0.531641960144043,0.537672758102417,0.5090696215629578,0.6097124218940735,0.6286770105361938,0.8904067873954773,0.7649257183074951
20200626,0.4445185661315918,0.49319136142730713,0.5023509860038757,0.43562260270118713,0.5691636204719543,0.49129143357276917,0.6604552865028381,0.7266186475753784
20200627,0.40910574793815613,0.4587642550468445,0.42020997405052185,0.42031916975975037,0.5412911176681519,0.48776960372924805,0.6375318169593811,0.6476815342903137
20200628,0.3714669644832611,0.44232648611068726,0.410160094499588,0.415179967880249,0.5423413515090942,0.5015020370483398,0.6372299790382385,0.6696164011955261
20200629,0.5332204103469849,0.5235254168510437,,,0.4567939341068268,,0.605931282043457,0.6284179091453552
20200630,0.32405099272727966,0.4249272346496582,0.4723799228668213,0.49090781807899475,0.5930262207984924,0.6028268933296204,0.7563236355781555,0.6681262254714966
20200701,0.40067583322525024,0.373966246843338,0.41774630546569824,0.4221811890602112,0.36175718903541565,0.5439968705177307,0.6288558840751648,0.4566427767276764
20200702,0.3351287543773651,0.3633633553981781,0.38601887226104736,0.33470338582992554,0.45222848653793335,0.39324715733528137,0.4923418164253235,0.5422947406768799
20200703,0.3820318281650543,0.3407590389251709,0.305970162153244,0.31702250242233276,0.36543262004852295,0.3180350959300995,0.4309034049510956,0.533381462097168
20200704,0.5875134468078613,0.6128125190734863,0.3718087375164032,0.3425029516220093,0.36717745661735535,0.3421395719051361,0.4402094781398773,0.6006031632423401
20200705,0.4821203947067261,0.49222102761268616,0.4682437777519226,0.5232905149459839,0.6188951730728149,0.42214512825012207,0.499935507774353,0.5869168043136597
20200706,,0.4015342593193054,0.4557045102119446,0.4685584008693695,0.5235193967819214,0.4684460163116455,0.5690945982933044,0.7283714413642883
20200707,0.4000275433063507,0.44166338443756104,0.4392446279525757,0.47389551997184753,0.5953156352043152,0.49783727526664734,0.5647938847541809,0.6490893363952637
20200708,0.2210824340581894,0.3405243754386902,0.37347346544265747,0.42529869079589844,0.5358685255050659,0.48951420187950134,0.5594698786735535,0.6387908458709717
20200709,,0.3044237792491913,0.2957983613014221,,0.4473566710948944,0.46707192063331604,0.47026291489601135,0.5866585373878479
20200710,0.2537352740764618,0.24424968659877777,0.301536500453949,0.41431599855422974,0.3998877704143524,0.45143935084342957,0.45050352811813354,
20200711,0.22259610891342163,0.17152409255504608,0.18338929116725922,0.19582317769527435,0.2843904197216034,0.4542524218559265,0.5569044351577759,
20200712,0.4304853081703186,0.3452788293361664,0.31349071860313416,0.2762240469455719,0.34051719307899475,0.4153101444244385,0.47341081500053406,0.5496866703033447
20200713,0.42351409792900085,0.3983817994594574,0.37691134214401245,0.4058988094329834,0.4293912351131439,0.6700698137283325,,
20200714,,,0.34950321912765503,0.38950836658477783,0.4446815550327301,0.4394001364707947,0.5047104954719543,0.6065666675567627
20200715,0.4757467210292816,0.504408597946167,0.5796383619308472,0.41163626313209534,0.415933221578598,0.41853731870651245,0.4977532625198364,0.5864338874816895
20200716,0.42103564739227295,0.4013746380805969,0.4318961799144745,0.4516526758670807,0.49960222840309143,0.4893113672733307,0.5013011693954468,0.5411778092384338
20200717,,,,,,,,0.724420428276062
20200718,0.35590362548828125,0.36127880215644836,0.39613866806030273,0.39606162905693054,0.470909982919693,0.4192945063114166,0.3989654779434204,0.4591521918773651
20200719,0.2523813545703888,0.24673785269260406,0.21175524592399597,0.30191659927368164,0.35509905219078064,0.31305599212646484,0.24510601162910461,0.41292473673820496
20200720,0.3417275547981262,0.2471913993358612,,0.25062528252601624,0.30256715416908264,0.275145560503006,0.2845655381679535,0.40802115201950073
20200721,,0.4939967095851898,0.4394131302833557,0.39469560980796814,0.4350215494632721,0.3335782289505005,0.34930557012557983,0.357120543718338
20200722,0.3900777995586395,0.40578991174697876,0.3797922134399414,0.3930254876613617,0.45514923334121704,0.44795337319374084,0.4666700065135956,0.5733751058578491
20200723,0.3707875609397888,0.3514930009841919,0.27298200130462646,0.4224567711353302,0.5379438400268555,0.4312511384487152,0.41104912757873535,0.48974689841270447
20200724,,0.3549792468547821,0.33850744366645813,0.43609458208084106,0.27102231979370117,0.20889297127723694,0.24800431728363037,0.23867584764957428
20200725,,,,0.406128853559494,0.3814502954483032,0.34958115220069885,0.33036234974861145,0.3987211287021637
20200726,0.43591630458831787,0.44440028071403503,0.2851002812385559,0.4352068305015564,,,0.421267569065094,
20200727,0.40040865540504456,0.38653936982154846,0.3669191896915436,0.4097634255886078,0.4542922377586365,0.48089876770973206,0.545750617980957,0.4048001766204834
20200728,0.36993077397346497,0.2940964996814728,0.30901142954826355,0.4114425480365753,0.5085669755935669,0.4462920129299164,0.4322860836982727,0.48454996943473816
20200729,0.3408963978290558,0.30722957849502563,0.29601043462753296,0.3336215317249298,0.46059632301330566,0.3775128126144409,0.3653215765953064,0.44179752469062805
20200730,0.38792845606803894,0.3490857779979706,0.3152039349079132,0.32518699765205383,0.34444260597229004,0.33668822050094604,0.3252374231815338,0.4091007709503174
20200731,0.30211541056632996,0.36889514327049255,0.5105962157249451,0.3679066300392151,0.36545005440711975,0.3418544828891754,0.3292742371559143,0.40075522661209106
20200801,0.31561094522476196,0.3288893699645996,,0.18759892880916595,,,,0.2837317883968353
20200802,0.3230602443218231,0.3206978142261505,,0.4232296645641327,0.34861987829208374,,,0.8074684739112854
20200803,,,,,,0.46959641575813293,,0.8297145962715149
20200804,,,,,,0.6042372584342957,0.5251706838607788,0.5760802030563354
20200805,,,,,0.47758081555366516,0.5364512205123901,,
20200806,0.24418702721595764,,,,,,,
20200807,0.3729276955127716,0.42430514097213745,0.39284735918045044,0.47674527764320374,0.5497541427612305,0.5528228282928467,0.5709789991378784,0.7186536192893982
20200808,0.3604942858219147,0.3488832712173462,0.3513944149017334,0.47937849164009094,0.6188380122184753,0.45942285656929016,0.44083520770072937,
20200809,,,,0.5267454385757446,0.5351132750511169,0.4086044430732727,0.43108972907066345,0.5250223875045776
20200810,0.5302556157112122,0.3795531094074249,0.35415157675743103,0.24410772323608398,0.47763028740882874,,,
20200811,0.21093742549419403,,,,0.4412990212440491,0.3850236237049103,0.3774980902671814,0.4176727831363678
20200812,0.27738484740257263,0.3319684863090515,0.2890542149543762,0.48576927185058594,0.48483332991600037,0.4395844340324402,0.4463545083999634,0.3576383888721466
20200813,0.31580519676208496,0.35727232694625854,0.29736196994781494,0.38221776485443115,0.3921107351779938,0.35582420229911804,0.35537534952163696,
20200814,0.31463488936424255,0.3666437268257141,0.2914642095565796,0.32940536737442017,0.4784242510795593,0.3512946367263794,0.309632271528244,0.3608212471008301
20200815,0.392609179019928,0.36349087953567505,0.2720907926559448,0.2391550987958908,0.3082769513130188,0.3060512840747833,0.29438531398773193,0.33741670846939087
20200816,0.46506670117378235,0.4081362783908844,0.28323301672935486,,,0.26273036003112793,0.3204777240753174,0.3000929355621338
20200817,0.24781884253025055,0.37212201952934265,0.3583100438117981,0.4155910909175873,0.537001371383667,0.4318821430206299,0.32480981945991516,0.3441343605518341
20200818,0.484764039516449,0.5477503538131714,0.45025870203971863,0.3768918812274933,0.5154128670692444,0.470058411359787,0.36999374628067017,0.4319531321525574
20200819,0.32223692536354065,0.42671069502830505,0.4138706922531128,0.37682199478149414,0.4533092677593231,0.4700249433517456,0.4629683196544647,0.3905247449874878
20200820,0.3195672333240509,0.2911582589149475,0.2970920503139496,0.3463517725467682,0.40823179483413696,0.4140116274356842,0.42281848192214966,0.3628026843070984
20200821,,,0.18546836078166962,0.20565229654312134,0.3149816691875458,0.33545777201652527,0.3852700889110565,0.29597392678260803
20200822,0.42391374707221985,0.4002428650856018,,,,0.3988516926765442,0.4580256938934326,
20200823,0.30862024426460266,0.2742120325565338,,,,,,0.4173651337623596
20200824,0.2540397644042969,0.2851116359233856,0.28033241629600525,0.3138258755207062,0.4614871144294739,0.3505236506462097,0.3781161904335022,0.39562949538230896
20200825,0.29377099871635437,0.3076818585395813,0.27199143171310425,0.37624064087867737,0.4212550222873688,0.36352142691612244,0.3887181580066681,0.41852179169654846
20200826,0.3251928687095642,0.27955162525177,0.2539108693599701,0.2949207127094269,0.3420233428478241,0.3178319036960602,0.38349753618240356,0.4029116928577423
20200827,0.2757469415664673,0.2899937629699707,0.2796878516674042,0.32534822821617126,0.2863806486129761,0.2650461494922638,0.3528417646884918,0.3745611310005188
20200828,0.2861718535423279,0.300159752368927,0.258876234292984,0.33813875913619995,0.4081766903400421,0.31692156195640564,0.38470691442489624,0.32898619771003723
20200829,0.28384482860565186,0.3037530183792114,0.2477155178785324,0.40078237652778625,0.43821072578430176,0.3622022867202759,0.4021816849708557,0.4256283938884735
20200830,0.18014934659004211,0.2833888530731201,,0.23255476355552673,,,0.4270457923412323,0.4209448993206024
20200831,0.33800208568573,0.39894458651542664,0.34678253531455994,0.391602486371994,0.4906691908836365,0.3537624776363373,0.38112369179725647,0.3941763639450073
20200901,0.3997226059436798,0.48662203550338745,0.4027540981769562,,,,,
20200902,0.3880581259727478,0.3569801449775696,0.34366554021835327,0.39937058091163635,0.48300644755363464,0.432170569896698,0.4052430987358093,0.385195791721344
20200903,0.4353283643722534,0.42425888776779175,0.3566650450229645,0.46499860286712646,0.5373294353485107,0.36503103375434875,0.3716749846935272,0.3847113251686096
20200904,0.3456709682941437,0.32348543405532837,0.2710452973842621,0.3587961792945862,0.4353954493999481,0.29728010296821594,0.30947238206863403,0.34315112233161926
20200905,0.3223685622215271,0.325281023979187,0.2772541344165802,0.3239431083202362,0.39604729413986206,0.251980185508728,0.25448182225227356,0.3305796682834625
20200906,,,0.2804702818393707,,,0.25909504294395447,0.289866179227829,0.32330629229545593
20200907,0.3482367992401123,0.3297625780105591,,,,,,
20200908,0.3621068000793457,0.3192136287689209,0.2557540535926819,0.2737615406513214,,,,
20200909,0.36828428506851196,0.359280526638031,0.2821316421031952,0.37422144412994385,0.5231025815010071,0.2929128110408783,0.3329826593399048,0.4063768684864044
20200910,0.3110654950141907,,,,0.40318968892097473,0.2672100365161896,0.2695913016796112,0.3590781092643738
20200911,0.4001384377479553,,,0.2554720938205719,0.21210595965385437,0.27209651470184326,0.25793081521987915,0.3087995648384094
20200912,0.34776774048805237,0.32600265741348267,0.30210089683532715,0.33048102259635925,,,0.23228628933429718,
20200913,0.29680708050727844,0.27230265736579895,0.22494083642959595,0.2981904149055481,0.46250244975090027,0.294269859790802,0.3025892376899719,0.3473754823207855
20200914,0.30266034603118896,0.2632621228694916,0.2241998016834259,0.3182055354118347,0.45729339122772217,0.23212799429893494,0.2680458128452301,0.3581501245498657
20200915,0.3156594932079315,0.3096529543399811,0.2580191195011139,0.3558725118637085,0.44176211953163147,0.26496177911758423,0.29329273104667664,0.36798161268234253
20200916,,,,,,,,
20200917,,,,,,0.1372276395559311,,
20200918,0.27853095531463623,,,,,0.19155028462409973,,
20200919,0.2910241186618805,0.35136258602142334,0.3401792645454407,0.5222463011741638,0.34686771035194397,0.26455992460250854,0.20469118654727936,0.2887518107891083
20200920,,,,0.6230036020278931,0.6016594767570496,0.36459746956825256,0.30185946822166443,0.3639656901359558
20200921,,,0.42732614278793335,0.7648845314979553,,,0.3949247896671295,0.304798424243927
20200922,0.42418330907821655,0.4427432119846344,0.3587424159049988,0.5135442018508911,0.41584312915802,0.3789205253124237,0.36775076389312744,0.4407046139240265
20200923,0.3604547381401062,0.3843820095062256,0.36824098229408264,0.5140289664268494,0.5672065615653992,,0.21174009144306183,
20200924,0.22947539389133453,0.3208157420158386,0.252409428358078,0.39699786901474,0.7228012084960938,0.2936491370201111,0.2885798513889313,
20200925,0.34789201617240906,0.3587181270122528,0.34816446900367737,0.41931813955307007,0.2812355160713196,0.3161410987377167,0.35563924908638,0.46877750754356384
20200926,,,0.3054051399230957,0.5461323857307434,0.6532156467437744,0.3242194950580597,0.3229876160621643,0.4346817135810852
20200927,0.3508777618408203,,0.3103644549846649,0.5557855367660522,0.6219065189361572,0.3642945885658264,,
20200928,0.2898022532463074,0.3108649253845215,0.26560306549072266,,,0.2520972490310669,0.30963248014450073,0.363523006439209
20200929,0.27707183361053467,0.27484288811683655,0.22598886489868164,0.3421823978424072,0.4437876343727112,0.2670305669307709,0.28303205966949463,
20200930,0.27550551295280457,0.2642681896686554,0.19134892523288727,0.30968576669692993,0.4042084813117981,0.2106875330209732,0.23923984169960022,0.3052375316619873
20201001,0.24001513421535492,0.2602319121360779,0.21099936962127686,0.3184722363948822,0.4941135048866272,0.19632843136787415,0.21387793123722076,0.27929210662841797
20201002,0.22154228389263153,0.2198697030544281,0.17029593884944916,0.28863152861595154,0.47990211844444275,0.1917383372783661,0.1754702478647232,0.29907509684562683
20201003,0.20579013228416443,,,,,0.1291530281305313,,
20201005,0.23511289060115814,0.23501835763454437,0.21067441999912262,0.2431298792362213,0.31371596455574036,0.2579628527164459,0.23385542631149292,0.3247460126876831
20201006,0.22240909934043884,0.22812411189079285,0.18008115887641907,0.30540943145751953,0.6765073537826538,0.2316572517156601,0.2193061262369156,0.3644494414329529
20201007,0.2864328622817993,0.2715873122215271,0.21352508664131165,0.3574252426624298,0.3917714059352875,0.24623820185661316,0.23762010037899017,
20201008,0.30830633640289307,0.32802796363830566,0.21060773730278015,0.19976477324962616,0.3240436315536499,0.2450305074453354,0.283097505569458,0.4058308005332947
20201009,0.2647605836391449,0.2578493654727936,0.20330530405044556,0.2915423810482025,0.4042676091194153,0.22975166141986847,0.24362193048000336,0.32467707991600037
20201010,,0.29627251625061035,0.2250390499830246,0.33638668060302734,0.32800036668777466,0.2065446674823761,0.22163589298725128,0.2812771499156952
20201011,0.2419317662715912,,,0.33554965257644653,,,,
20201012,0.2047615647315979,0.20515240728855133,,,,0.1735026240348816,0.1685796082019806,0.21363872289657593
20201013,,0.2229027897119522,0.12721148133277893,0.3733309507369995,,0.20172998309135437,,
20201014,0.2133961170911789,0.24257978796958923,0.18510758876800537,0.1841159611940384,,,0.18421001732349396,0.21996057033538818
20201015,0.1411636620759964,,,,,,,
20201016,0.2573221027851105,0.18172134459018707,0.1326385885477066,,0.14958609640598297,0.10021459311246872,,
20201017,0.23547320067882538,0.22701717913150787,,,0.5320737957954407,0.16756482422351837,0.2061535269021988,0.21026939153671265
20201018,0.19232302904129028,0.19600892066955566,0.15492583811283112,0.18114301562309265,,,,0.3151666820049286
20201019,0.2680950462818146,0.2691640853881836,,,,,,0.2601569592952728
20201020,,0.1675112098455429,0.18839296698570251,0.31753867864608765,0.3679075241088867,0.24187584221363068,0.17597508430480957,
20201021,,,,0.8055914640426636,0.12635444104671478,0.1946997493505478,0.2257300466299057,0.2662479281425476
20201022,,,,,0.22808340191841125,0.21544232964515686,0.23041123151779175,0.4966214597225189
20201023,,0.1522367000579834,0.09935680031776428,,,,,
20201024,0.2422739863395691,0.24575816094875336,0.13447816669940948,0.31301358342170715,0.26907849311828613,0.20088112354278564,,
20201025,0.25661706924438477,0.24535872042179108,0.19584938883781433,0.40239793062210083,0.462871789932251,0.23148766160011292,0.2031305879354477,0.3231145143508911
20201026,0.2827339172363281,0.28724321722984314,0.22868405282497406,0.4787121117115021,0.455242782831192,0.29296255111694336,0.35702502727508545,0.3651154041290283
20201027,,,0.26448380947113037,0.43697023391723633,0.45035651326179504,0.24459177255630493,0.3193122148513794,0.35869765281677246
20201028,0.21678093075752258,,,,,0.29686400294303894,0.310837060213089,
20201029,0.23203544318675995,0.15667416155338287,0.13717098534107208,,,,,
20201030,0.22535626590251923,0.2420147806406021,0.18301351368427277,0.36483487486839294,0.21321365237236023,0.19032521545886993,0.3095346987247467,
20201031,0.23884785175323486,0.2394980490207672,0.19219595193862915,0.2979358434677124,0.3499303162097931,0.23226295411586761,0.3125503361225128,0.3370882570743561
20201101,,,0.17459818720817566,,,0.24405841529369354,0.3031661808490753,0.34398704767227173
20201102,,,,,,0.23600299656391144,0.2589241862297058,0.3302555978298187
20201103,,0.2111973613500595,0.1336061954498291,,,,,
20201104,0.20057083666324615,0.23263421654701233,0.1309342235326767,0.12613926827907562,0.1655024290084839,,,
20201105,0.19855885207653046,0.20215106010437012,0.15467120707035065,0.25001829862594604,0.3740087151527405,0.18085461854934692,0.14156533777713776,
20201106,,,0.16531196236610413,0.47444814443588257,0.16900990903377533,0.16394321620464325,0.23738795518875122,0.30226942896842957
20201107,,,,,0.27183711528778076,0.2521928548812866,0.264611154794693,0.28664660453796387
20201108,0.23503106832504272,0.2149215042591095,0.21546398103237152,,,,,0.30969271063804626
20201109,0.2220265120267868,0.20738132297992706,0.1680070459842682,0.28131744265556335,0.28524816036224365,0.26444879174232483,,
20201110,,,,0.18216846883296967,,0.19485284388065338,0.24936415255069733,
20201111,0.1849709153175354,0.18781539797782898,0.1793651282787323,0.3896563947200775,0.32730239629745483,0.2254609614610672,0.20767909288406372,0.20521922409534454
20201112,,,0.18598389625549316,0.35209253430366516,0.4160240888595581,0.19018495082855225,0.2200387567281723,0.2729990482330322
20201113,,0.30541759729385376,,,,0.20953013002872467,0.23215296864509583,0.30344220995903015
20201114,0.25319617986679077,,0.11978258937597275,0.2689889073371887,0.23888806998729706,,,
20201115,0.23261867463588715,0.23867787420749664,0.18017368018627167,0.276670902967453,0.1946243941783905,,,
20201116,0.2231675088405609,0.25684037804603577,0.1690770387649536,0.2735161781311035,0.2571609318256378,0.21174362301826477,0.25272729992866516,0.3998222351074219
20201117,,,,,,0.18970060348510742,0.24136760830879211,0.3714325726032257
20201118,0.1934107393026352,,,,,,,
20201119,0.1468968689441681,0.15324074029922485,0.14665460586547852,,,,,
20201120,0.14275741577148438,0.2188742756843567,0.21819056570529938,,,,,
20201121,0.12862956523895264,0.21468955278396606,0.18801353871822357,0.2098710536956787,,,0.2720378339290619,0.5018656253814697
20201122,0.1895149201154709,0.21152238547801971,0.17761783301830292,0.221856489777565,0.28506216406822205,0.2061559408903122,,
20201123,,,,,,,,
20201124,0.16616907715797424,0.22749453783035278,,,,,0.32614246010780334,0.4469435214996338
20201125,0.1153920441865921,,,,,0.1770963817834854,0.2516601085662842,
20201126,0.15491899847984314,0.20634683966636658,0.24071696400642395,0.42658019065856934,,,,0.6216426491737366
20201127,0.12914223968982697,0.12898008525371552,,0.1328929215669632,0.15138351917266846,0.13550643622875214,0.24278953671455383,0.3286859095096588
20201128,,,,0.32752665877342224,0.19316990673542023,0.1638515442609787,,
20201129,,,,,,0.18407337367534637,0.24210162460803986,0.3588919937610626
20201130,0.14061616361141205,,,,,,,
20201201,0.18708445131778717,0.2279139757156372,0.2511901259422302,0.24351659417152405,0.34105172753334045,0.29744061827659607,,
20201202,0.19125349819660187,0.23551353812217712,0.19277162849903107,0.35751381516456604,0.4607379734516144,0.2250698059797287,0.2565513253211975,0.3446580469608307
20201203,,0.20671935379505157,0.21262472867965698,0.37788254022598267,0.448587566614151,0.18778635561466217,0.24158024787902832,0.2938215136528015
20201204,,,,,,0.18365439772605896,0.224953755736351,0.34022265672683716
20201205,,,,,,,,
20201206,0.1585271805524826,0.19886212050914764,0.23538535833358765,0.8588680028915405,0.5785170197486877,,,
20201207,0.18286359310150146,0.25158143043518066,0.16195371747016907,,,,,
20201208,,0.25425004959106445,0.17941229045391083,0.3728279769420624,0.46988147497177124,0.23341356217861176,0.2658929228782654,0.3148268461227417
20201209,,,,,,0.20280370116233826,0.26252296566963196,0.2967708706855774
20201210,,,,,,,,0.5152547359466553
20201211,,,,,,,,
20201212,0.142659991979599,,0.13834816217422485,,,,,
20201213,0.19627603888511658,0.22384455800056458,0.1933930367231369,0.28329727053642273,0.4101410210132599,0.251741498708725,0.31263428926467896,0.2726224362850189
20201214,,,,0.19484850764274597,0.4586119055747986,0.17707231640815735,0.22964078187942505,0.33951935172080994
20201215,0.18088898062705994,,,,,,,
20201216,,0.20372137427330017,0.18250778317451477,0.28489816188812256,,,,
20201217,0.16140784323215485,0.20146389305591583,0.16408860683441162,0.25667327642440796,0.21509531140327454,0.11921011656522751,,
20201218,0.15692532062530518,0.2194834202528,0.14979374408721924,0.16821123659610748,0.4333142936229706,0.26043301820755005,0.3852303922176361,0.43280109763145447
20201219,,,0.15787817537784576,0.3032337427139282,0.396257221698761,,,
20201220,,,,,,0.1815580129623413,,
20201221,0.12861140072345734,0.10537669062614441,0.09619051218032837,,,,,
20201222,0.15264245867729187,0.23809212446212769,0.1647498458623886,0.34189364314079285,0.21917304396629333,0.21872052550315857,,
20201223,0.16142407059669495,0.24078212678432465,0.15100637078285217,0.25187259912490845,0.3945898711681366,0.23094435036182404,0.3309420645236969,0.35820046067237854
20201224,,0.2353600114583969,0.1626579761505127,0.2966455817222595,0.3816392719745636,0.2929174304008484,0.33940401673316956,0.35913917422294617
20201225,,,,,0.43051794171333313,0.2547418773174286,0.3125624656677246,0.34778597950935364
20201226,,,,,,,,0.3683675229549408
20201227,0.1162824034690857,,0.10605613142251968,0.1660984754562378,,,,
20201228,0.17463742196559906,0.23259159922599792,0.17836524546146393,0.46785596013069153,,0.19664402306079865,0.24461540579795837,
20201229,0.1930532604455948,0.2233850210905075,,0.528213620185852,,0.1651024967432022,0.26981696486473083,0.4213557541370392
20201230,,,,0.32777872681617737,0.19014668464660645,0.23976761102676392,0.2848106920719147,0.35899850726127625
20201231,,,,,,,0.40543559193611145,0.3693539500236511
20210101,,,,,,,,
20210102,,,,,,,,
20210103,0.19948211312294006,0.19699876010417938,,,,0.1443241983652115,0.27185970544815063,
20210104,,,0.1611344814300537,0.31929129362106323,0.18903276324272156,0.24552208185195923,,0.3488558232784271
20210105,,,,,,,0.276968777179718,0.13954094052314758
20210106,0.2661471664905548,0.2749471962451935,0.1343562752008438,,,,,
20210107,0.2823188900947571,0.29337289929389954,0.24769726395606995,0.36976829171180725,0.37025079131126404,0.35791048407554626,,
20210108,0.27070003747940063,0.27456381916999817,0.22718140482902527,0.3137403130531311,0.40268614888191223,0.3488272726535797,0.5912078619003296,0.4579014480113983
20210109,,0.22427773475646973,0.19833625853061676,0.2897038161754608,0.3148960769176483,0.2953585684299469,0.43188580870628357,0.39577946066856384
20210110,,,,,0.3827417194843292,0.25572147965431213,0.38320162892341614,0.3304958939552307
20210111,0.21794839203357697,0.27955958247184753,,,,,,
20210112,0.1689133495092392,,0.17988847196102142,0.26451727747917175,0.2245001345872879,0.30419906973838806,,
20210113,0.19512727856636047,0.23180986940860748,0.19078989326953888,0.19705305993556976,0.26667115092277527,0.24776625633239746,0.20483072102069855,0.2433432936668396
20210114,0.2415734827518463,0.23141774535179138,0.1632780283689499,0.12585270404815674,,0.18597263097763062,0.4072614908218384,0.2406865358352661
20210115,,,,,,,,0.21093346178531647
20210116,0.23406442999839783,,,,,,0.6903988122940063,0.4357677698135376
20210117,0.24297817051410675,0.12753309309482574,0.16054679453372955,0.14595931768417358,,,,
20210118,0.28480756282806396,0.36240631341934204,0.23773625493049622,0.4079875946044922,,0.16297490894794464,0.5848429799079895,
20210119,0.3072548508644104,0.31556394696235657,0.21183276176452637,0.3078796863555908,0.2973398268222809,0.36496320366859436,0.5232532024383545,0.46134495735168457
20210120,,,0.21854330599308014,0.29957640171051025,0.3603115677833557,0.35416269302368164,0.4642260670661926,0.36634713411331177
20210121,,,,,,0.2836099863052368,0.32578572630882263,0.41102004051208496
20210122,0.2580859065055847,0.26232656836509705,0.15652510523796082,,,,,
20210123,0.2192516177892685,,,,,,,
20210124,0.16423216462135315,0.2727930545806885,0.17031151056289673,0.2824706435203552,,,,
20210125,,0.22841650247573853,0.1559753566980362,0.1915978342294693,0.21234288811683655,,,0.22706229984760284
20210126,,,,,0.3181954324245453,0.2760559916496277,0.34499749541282654,0.24736961722373962
20210127,,,,,,,,0.313455194234848
20210128,0.2005895972251892,0.25251707434654236,0.17867118120193481,0.18074098229408264,0.19042453169822693,0.23495861887931824,,
20210129,0.17949426174163818,0.24950140714645386,0.1564256101846695,0.20532013475894928,0.5350632071495056,0.20098835229873657,0.24887199699878693,0.215388685464859
20210130,0.20499207079410553,0.2769131064414978,0.1686801314353943,0.1858171820640564,,,,
20210131,,,,0.1532210409641266,,,,
20210201,0.21644791960716248,0.2949618995189667,,,,,0.22183986008167267,0.25586625933647156
20210202,,,,,,,,
20210203,,0.26298853754997253,0.1795549839735031,,,,,
20210204,0.1641402244567871,0.1322920024394989,0.16488048434257507,0.18093980848789215,0.3548178970813751,0.3839976489543915,0.2574317157268524,
20210205,,,0.16531792283058167,0.34325677156448364,0.42446210980415344,0.5244075655937195,0.397070974111557,0.25011083483695984
20210206,,,,,,0.5279778838157654,0.3865087628364563,0.2636229693889618
20210207,,,,,,,,
20210208,0.3445904552936554,0.49218207597732544,0.383274108171463,,0.39677849411964417,0.7124762535095215,0.61216801404953,
20210209,0.3688715994358063,0.46917611360549927,0.2859956622123718,0.4119527041912079,,,,0.22680865228176117
20210210,,0.31880438327789307,,,0.5315227508544922,0.5133256912231445,0.44252634048461914,0.33104729652404785
20210211,0.21369090676307678,,,,0.4825446903705597,0.35828298330307007,,
20210212,0.2614535093307495,0.503826916217804,0.19268186390399933,,,,,0.368014931678772
20210213,0.2426329255104065,0.4928685128688812,0.20166517794132233,0.29912546277046204,0.3424728512763977,0.3884868621826172,0.33819136023521423,
20210214,0.24722786247730255,0.528522253036499,0.24079197645187378,0.3364354372024536,0.3936443626880646,0.4333367347717285,0.4015052020549774,0.3264874517917633
20210215,0.3302173316478729,0.5339431762695312,0.23688942193984985,0.3563764691352844,0.46834203600883484,0.4940659999847412,0.47899872064590454,0.35588014125823975
20210216,0.29825615882873535,,0.2226165533065796,0.4491792321205139,0.4007296562194824,0.4598316252231598,0.35977086424827576,0.28838542103767395
20210217,0.21939870715141296,0.5416581034660339,0.3187218904495239,0.3053662180900574,,0.466712087392807,0.3994009792804718,0.32637819647789
20210218,0.3164331912994385,0.33202019333839417,0.17635665833950043,0.17515194416046143,,0.37005341053009033,,
20210219,0.28323695063591003,0.4648817479610443,0.246029794216156,0.2866004407405853,0.338300883769989,,0.5070523023605347,0.20393966138362885
20210220,0.24564486742019653,0.43620070815086365,0.268924355506897,0.34148305654525757,0.431129515171051,0.38722285628318787,,
20210221,,0.42222341895103455,0.1919107288122177,0.3548007309436798,0.42461565136909485,0.3272634446620941,0.30029329657554626,
20210222,0.23912905156612396,0.34538304805755615,,,,0.3733409345149994,0.3562292158603668,0.2620810568332672
20210223,0.30908647179603577,0.46560177206993103,0.257613867521286,0.4029780328273773,0.5224245190620422,,,
20210224,0.40552547574043274,0.6714557409286499,0.3426952660083771,,,0.29918164014816284,0.4036010801792145,0.3774157762527466
20210225,0.43668630719184875,0.5838624238967896,0.2949789762496948,0.4391864836215973,0.626006543636322,0.43704459071159363,0.6099857091903687,0.41547691822052
20210226,,0.2939406931400299,0.2660030424594879,0.42949435114860535,0.574463427066803,0.5400652885437012,0.5289328098297119,0.42510804533958435
20210227,0.43023964762687683,0.5898899435997009,,,,0.5609859824180603,0.4898005723953247,0.4092889726161957
20210228,0.21024039387702942,,,,,,,0.3394804894924164
20210301,,,,,,0.467370867729187,,
20210302,0.3490985631942749,,,,,,,
20210303,0.27721625566482544,0.7158801555633545,0.25844520330429077,0.5339934229850769,,,0.6811113357543945,0.4823179841041565
20210304,,,,0.5667749643325806,,0.5885926485061646,0.583233118057251,0.5053244829177856
20210305,0.3326338827610016,,0.2563106119632721,,,0.509002685546875,,0.5738860368728638
20210306,,0.29048284888267517,0.2242826521396637,0.4280151128768921,0.5338630676269531,0.596809446811676,0.22797121107578278,0.8678836822509766
20210307,,,,0.17099565267562866,,0.2979448437690735,0.417567640542984,0.2611302137374878
20210308,0.22940906882286072,0.29055511951446533,0.2466476410627365,0.34507226943969727,,,,
20210309,0.3367609679698944,0.3725017011165619,0.24250830709934235,0.3907158672809601,0.40672677755355835,0.4374085068702698,0.30958402156829834,0.31658315658569336
20210310,,0.36470848321914673,0.24722276628017426,0.3879427909851074,0.6464486718177795,0.4578404426574707,0.42478474974632263,0.41744285821914673
20210311,,,0.3332501947879791,0.4334363639354706,0.652911901473999,0.4162554442882538,0.3733125925064087,0.6122657060623169
20210312,,,,,0.36805322766304016,0.19128739833831787,0.3392014801502228,0.4187563955783844
20210313,0.37057238817214966,0.5625121593475342,0.30129948258399963,0.3262977600097656,0.41353482007980347,0.4896940290927887,,
20210314,0.458293616771698,0.5530771017074585,0.30660924315452576,0.4381495714187622,0.5221332907676697,0.4363093674182892,0.3691140115261078,0.3257705867290497
20210315,0.3790555000305176,0.42678102850914,0.29127389192581177,0.4393852949142456,0.593855082988739,0.4138769805431366,0.36571013927459717,0.37521299719810486
20210316,0.4259127974510193,0.5819792151451111,0.3152693808078766,0.4281063377857208,0.5896972417831421,0.477535218000412,0.4479604661464691,0.3627197742462158
20210317,0.49694186449050903,0.8365729451179504,0.29588237404823303,0.38777196407318115,0.4290866553783417,0.3988122344017029,0.3923395574092865,0.40916526317596436
20210318,0.5097082853317261,0.5906935334205627,0.2994290888309479,0.3958723545074463,0.5502589344978333,0.3475029468536377,0.3627752959728241,0.3239445984363556
20210319,0.4129440486431122,0.6080573201179504,0.23777438700199127,0.3750646412372589,0.5231147408485413,0.38938724994659424,0.4190429151058197,0.3424122929573059
20210320,0.3837627172470093,0.5910013914108276,0.22043012082576752,0.38910409808158875,,0.34236881136894226,0.36466288566589355,0.35051071643829346
20210321,0.36026957631111145,0.5281972885131836,0.20574074983596802,0.3953852951526642,0.4675828516483307,0.3126598596572876,0.27234262228012085,0.2788679003715515
20210322,0.478644996881485,0.47242406010627747,0.2445400059223175,0.41749975085258484,0.33948367834091187,0.2705152630805969,0.3142850995063782,0.35426589846611023
20210323,0.20991985499858856,,,,0.22291600704193115,0.1365436315536499,0.26500239968299866,0.2836768329143524
20210324,0.2863619029521942,0.5292381644248962,0.3171856701374054,0.34654566645622253,0.2529914379119873,0.23642145097255707,,0.26073503494262695
20210325,0.34400632977485657,0.5733254551887512,0.28448280692100525,,0.6358160376548767,0.23797138035297394,0.2291795015335083,0.26482224464416504
20210326,0.2820379436016083,0.5301063060760498,0.31439030170440674,0.44470474123954773,0.47336122393608093,0.26749858260154724,0.2731596827507019,0.3149484097957611
20210327,0.29830825328826904,0.4559321403503418,0.2782580554485321,0.3807508647441864,0.40255144238471985,0.21371912956237793,0.2106301635503769,0.29394400119781494
20210328,0.3274069130420685,0.5545965433120728,0.33104339241981506,0.36086323857307434,0.3842293918132782,0.26466092467308044,0.2555839419364929,0.32776933908462524
20210329,0.2908697724342346,0.5405902862548828,0.3294442296028137,0.3897072672843933,0.554067850112915,0.29836398363113403,0.274821013212204,0.2881001830101013
20210330,0.22485528886318207,0.49820101261138916,0.31751036643981934,0.4094688296318054,0.4850398302078247,0.2904272973537445,0.2699112296104431,0.27856338024139404
20210331,0.25383296608924866,0.4971448481082916,0.31302693486213684,0.42193377017974854,0.4914577305316925,0.30937659740448,0.3028467893600464,0.30572032928466797
20210401,0.25326937437057495,0.4175258278846741,0.30190467834472656,0.3880636990070343,0.47871601581573486,0.3532312512397766,0.3168941140174866,0.29679518938064575
20210402,0.3178211450576782,0.5601925849914551,0.2751772105693817,0.3563244938850403,0.40985438227653503,0.3346668481826782,0.30472931265830994,0.3107306957244873
20210403,,,,,0.36680594086647034,0.3222169578075409,0.26779302954673767,0.28651702404022217
20210404,0.31457769870758057,0.5150681138038635,,,0.5047863721847534,0.27333906292915344,0.24315282702445984,0.23758535087108612
20210405,,0.4539487361907959,0.3536655306816101,0.5204483866691589,0.5316275358200073,0.3067837655544281,0.3014676570892334,0.2856765687465668
20210406,0.3663211464881897,0.4680468738079071,0.33884143829345703,0.49455973505973816,0.5505870580673218,0.3214104473590851,0.33134013414382935,0.3477453291416168
20210407,,,,0.3767792284488678,0.6091423630714417,0.3632086515426636,0.3451434373855591,0.3485133647918701
20210408,,,,,,,,
20210409,0.32973191142082214,0.39454832673072815,0.2778885066509247,0.2618151605129242,,,,
20210410,0.23902937769889832,0.42452192306518555,0.23741796612739563,0.2874773144721985,0.3259691894054413,0.2340955287218094,0.21661676466464996,0.18407562375068665
20210411,,,0.5354950428009033,0.7700856328010559,1.3819831609725952,0.5279450416564941,0.49548885226249695,0.5316185355186462
20210412,,,,,,,,
20210413,0.41988247632980347,0.6387268304824829,0.39277034997940063,0.7906252145767212,0.4502040147781372,,,
20210414,0.5570530891418457,0.608370840549469,0.6529099345207214,0.6295775175094604,0.9270625114440918,0.6736959218978882,0.2104569375514984,0.32362014055252075
20210415,0.46884608268737793,0.6661465764045715,0.5909754633903503,0.606745719909668,0.5135714411735535,0.5872668623924255,0.5122472047805786,0.4298592209815979
20210416,0.41864991188049316,0.6709992289543152,0.5801020264625549,0.6086947321891785,0.7589008212089539,0.5742620825767517,0.44335681200027466,0.3953123390674591
20210417,0.3409966230392456,0.5648061633110046,0.5277442932128906,0.548193097114563,0.672694742679596,0.5190661549568176,0.39113566279411316,0.389522522687912
20210418,0.4909307658672333,0.7507122159004211,0.48146119713783264,0.4651279151439667,0.5096532106399536,0.5162331461906433,0.5304560661315918,0.3890380263328552
20210419,0.33279240131378174,0.7345354557037354,0.557542085647583,0.5665264129638672,0.7558544278144836,0.5394495129585266,0.4576318860054016,0.37545913457870483
20210420,0.33219167590141296,0.4395725429058075,0.48763927817344666,0.4861256182193756,0.6668520569801331,0.5970983505249023,0.4696805775165558,0.259041428565979
20210421,0.36273396015167236,0.529000997543335,0.49251657724380493,0.37147241830825806,,0.5512984991073608,0.4058857560157776,0.3113599419593811
20210422,0.26231926679611206,0.3124235272407532,0.38001635670661926,0.40428972244262695,0.48214808106422424,0.41280311346054077,0.3099309802055359,0.280941903591156
20210423,,,,,,0.5005999207496643,,
20210424,0.4692913591861725,0.6652989983558655,0.5649361610412598,0.5138429999351501,0.5162756443023682,0.5909578800201416,0.4460693299770355,0.4147403836250305
20210425,0.48179128766059875,0.7447043657302856,0.5734907388687134,0.6703146696090698,0.9360684156417847,0.7772856950759888,0.9099802374839783,0.4402112364768982
20210426,0.5043567419052124,0.6463146805763245,0.6153752207756042,0.7260305285453796,0.8531840443611145,0.6362876892089844,0.5183581113815308,0.4742095172405243
20210427,,,0.43539121747016907,0.7066733241081238,0.7939782738685608,0.7359422445297241,0.6871465444564819,0.503189206123352
20210428,0.3697591722011566,0.4827609360218048,0.5571902394294739,0.6357253789901733,0.6599833369255066,0.5650537610054016,0.5002217292785645,0.403044193983078
20210429,,,0.8993237614631653,0.5317147970199585,0.6305168271064758,0.534173309803009,0.4976581633090973,0.39061522483825684
20210430,0.29250428080558777,0.35616642236709595,,,,,,
20210501,0.27557671070098877,0.4471875727176666,0.42103737592697144,0.5446193218231201,0.5511068105697632,0.5921878814697266,0.5551034212112427,0.36823490262031555
20210502,0.3689149022102356,0.48711442947387695,0.548301637172699,0.5425436496734619,0.7512596249580383,0.6220934391021729,0.5651625394821167,0.38914868235588074
20210503,0.4287232756614685,0.5218146443367004,0.42824622988700867,0.4195527732372284,0.5563915371894836,0.5622693300247192,0.31193962693214417,0.2984580397605896
20210504,,,,,,0.7217061519622803,0.6569689512252808,0.5767230987548828
20210505,,,,,,,,
20210506,0.42390161752700806,0.5687328577041626,0.6011776924133301,0.5981171131134033,0.7325095534324646,0.6484959125518799,0.6570502519607544,
20210507,0.48677268624305725,0.5648569464683533,0.5273664593696594,0.6465203762054443,0.6972485184669495,0.595330536365509,0.8404328227043152,1.0426201820373535
20210508,0.527056872844696,0.5215201377868652,0.5132887363433838,0.373799204826355,0.5564699172973633,0.5390604734420776,0.6461170315742493,0.5494959950447083
20210509,0.6819910407066345,0.5525975823402405,0.5699071288108826,0.536341667175293,0.5521281361579895,0.5654250979423523,0.4498636722564697,0.5020143985748291
20210510,0.25031036138534546,0.562067985534668,0.34588730335235596,,,,0.3460838496685028,0.503021776676178
20210511,0.4102535843849182,0.32486337423324585,0.38934651017189026,0.4986698031425476,0.7992815375328064,0.6604546904563904,0.7841287851333618,
20210512,,0.5885269045829773,0.5164468288421631,,0.9508488178253174,0.6896582245826721,0.6787897348403931,0.6666613221168518
20210513,0.11973090469837189,,,0.24177594482898712,0.26095253229141235,0.30464696884155273,,
20210514,,,,0.33661094307899475,0.3532984256744385,0.3627612888813019,,
20210515,0.5146767497062683,0.6153659224510193,0.4109139144420624,,,,0.32530051469802856,0.322214812040329
20210516,0.5931136012077332,0.684569776058197,0.6592384576797485,0.6642221212387085,0.8967083096504211,0.7041829824447632,0.6219033598899841,0.6367212533950806
20210517,0.6357020735740662,0.9753952026367188,0.7013350129127502,0.7917395830154419,1.0067251920700073,0.6929275393486023,0.7011494040489197,0.7368054389953613
20210518,,0.5131247043609619,0.5379782319068909,,,,,
20210519,,,,,0.8999994397163391,0.7034531235694885,,0.6641117930412292
20210520,1.3661019802093506,1.6546937227249146,0.3698676526546478,0.6828996539115906,0.6800256967544556,0.5638672113418579,0.5598928928375244,0.5157303810119629
20210521,0.8114351630210876,0.8471158146858215,0.6345105171203613,0.6652290225028992,0.8242974877357483,0.5980017781257629,0.5832996368408203,0.4998318552970886
20210522,,,,,,,1.1344555616378784,
20210523,,,,,,,,
20210524,,,0.33350104093551636,0.42629751563072205,0.38850080966949463,,,
20210525,,0.46017760038375854,0.7149433493614197,0.46588408946990967,0.808905839920044,0.549513578414917,0.547573447227478,0.47308942675590515
20210526,0.7824379801750183,1.037475347518921,0.9824498295783997,0.8586291074752808,0.6040785312652588,0.5571757555007935,0.5373395681381226,0.45815107226371765
20210527,0.5888513326644897,,,,1.6190619468688965,1.3454102277755737,,0.4693187177181244
20210528,0.5814202427864075,0.6436238288879395,0.6127813458442688,0.7116609811782837,0.8395479321479797,0.6920897960662842,0.6778537631034851,0.6475824117660522
20210529,,,,0.7865763306617737,0.8318397402763367,0.7031829953193665,0.6863813400268555,0.5755620002746582
20210530,0.3884677588939667,0.3776591420173645,,,,,,0.6242647171020508
20210531,0.2671056389808655,0.32748857140541077,,0.41123953461647034,,,,
20210601,0.22439995408058167,0.23502543568611145,0.5737320780754089,0.6106343269348145,0.7721383571624756,0.8533262610435486,0.5564238429069519,0.4596441090106964
20210602,0.19829367101192474,0.20161758363246918,0.13729645311832428,0.20158670842647552,0.3375099301338196,0.4462015628814697,0.5061172246932983,0.4355916678905487
20210603,0.35175275802612305,0.4158581793308258,0.38197582960128784,0.348021537065506,0.49774014949798584,0.48510175943374634,,0.2812175750732422
20210604,0.4718383550643921,0.5299411416053772,0.36140677332878113,0.35616809129714966,0.4598623514175415,0.5133421421051025,0.47893330454826355,0.44817841053009033
20210605,0.7894081473350525,1.5406605005264282,0.40040504932403564,0.41685235500335693,0.47165265679359436,0.5369073748588562,0.5378152132034302,0.48763126134872437
20210606,0.4927060306072235,0.5555232167243958,0.4440794289112091,0.4754430949687958,0.5417681932449341,0.5565959215164185,0.5992593169212341,0.5475454926490784
20210607,0.35094425082206726,0.41006991267204285,0.39170774817466736,0.2875409722328186,0.4317852258682251,,,
20210608,0.2592344582080841,,,0.34239041805267334,0.49083539843559265,0.5236024260520935,0.6086554527282715,0.5925509929656982
20210609,,,,0.3670000731945038,0.509765088558197,0.5586389303207397,0.6173017024993896,0.5401740074157715
20210610,,,0.5592384338378906,0.6852891445159912,0.7853580117225647,,,0.5872383713722229
20210611,,,0.6391201615333557,0.7629774808883667,0.6859443783760071,0.5900888442993164,0.692206084728241,0.5896973013877869
20210612,0.35128670930862427,,,,,,1.041853666305542,
20210613,0.3959479033946991,,0.254314661026001,0.4002942144870758,0.5916425585746765,0.44884949922561646,0.7102087736129761,0.7783744931221008
20210614,,0.2180076539516449,0.3884018361568451,0.5503838062286377,0.6015918254852295,0.49664032459259033,0.5700826644897461,0.5544875264167786
20210615,,,,,0.6058685779571533,0.6194269061088562,0.6284225583076477,0.261089026927948
20210616,0.33984071016311646,0.5579046010971069,0.4051065444946289,0.48224765062332153,0.5244487524032593,0.6006360650062561,0.5017075538635254,0.41481220722198486
20210617,0.234622985124588,0.20102685689926147,0.43713924288749695,0.6104698181152344,0.7205673456192017,0.7436082363128662,0.6437476277351379,0.45389506220817566
20210618,0.531312882900238,0.5249394774436951,0.5009201765060425,0.5535925626754761,0.48929810523986816,0.48718249797821045,0.6593438386917114,0.5970087051391602
20210619,0.5744468569755554,0.584433913230896,0.5027421712875366,0.46311628818511963,0.5170924663543701,0.5541141033172607,0.5967057347297668,0.5515122413635254
20210620,0.688623309135437,0.6354116201400757,0.7052692174911499,0.6628652215003967,0.683588445186615,0.6318309307098389,0.654620349407196,0.7004430294036865
20210621,,,,,,,,
20210622,0.27606719732284546,0.42265769839286804,0.4899977743625641,,,0.3840714395046234,0.4512699842453003,
20210623,0.3247876763343811,0.38103535771369934,0.46616002917289734,0.5189383625984192,0.5457655787467957,,,
20210624,0.36412644386291504,0.6099023222923279,0.4880514144897461,0.5505980253219604,0.6795616149902344,0.551422119140625,0.6519846320152283,0.6042165756225586
20210625,0.5996682047843933,0.45893609523773193,0.4622963070869446,0.43363329768180847,0.3580796718597412,0.4041215479373932,0.4536856412887573,0.5215684771537781
20210626,0.7166162729263306,0.5299182534217834,0.5371492505073547,0.5632308125495911,0.5233051776885986,0.5442464351654053,0.5233829617500305,0.5159682631492615
20210627,0.6779305934906006,0.8377575278282166,0.7446825504302979,0.6485421061515808,0.5644869804382324,0.5788798332214355,0.6166348457336426,0.6191440224647522
20210628,0.49514633417129517,0.5177260041236877,0.5189959406852722,0.5676056742668152,0.6554065942764282,0.6625608205795288,0.7059877514839172,
20210629,,,0.45415714383125305,0.5083485245704651,0.5907506346702576,0.5674195289611816,0.6245027780532837,0.6768202185630798
20210630,0.43740373849868774,0.4142647087574005,0.45715901255607605,0.46453857421875,0.511741578578949,0.4957225024700165,0.5721589922904968,0.5228061079978943
20210701,,0.4151226282119751,0.4206383228302002,0.4741569459438324,0.4761895537376404,0.46584078669548035,0.5683019161224365,0.5890243649482727
20210702,0.362685889005661,0.4026488661766052,0.46690812706947327,0.2629367709159851,0.33051803708076477,0.37408632040023804,0.48406535387039185,0.43751856684684753
20210703,0.4744795858860016,0.4374401569366455,0.4276001453399658,0.4909881353378296,0.4701631963253021,0.37486252188682556,0.4317084550857544,0.26044848561286926
20210704,,,,,,,,
20210705,0.3542356491088867,0.3685952425003052,0.3940713703632355,0.4283590018749237,0.5306186079978943,0.43998876214027405,,
20210706,0.45023709535598755,0.45010384917259216,0.41071218252182007,0.456071138381958,0.5107338428497314,0.42024967074394226,0.4669586420059204,0.5943369269371033
20210707,,0.3527933359146118,0.4549596309661865,0.45790866017341614,0.3751949071884155,0.42065340280532837,0.458855003118515,0.5087774991989136
20210708,,0.395400732755661,0.48284029960632324,0.5484002828598022,0.5814201235771179,0.4161180853843689,0.4249318838119507,0.4958442449569702
20210709,0.4103437662124634,,,0.41349974274635315,0.4773145318031311,0.39514416456222534,0.45884716510772705,0.5748196244239807
20210710,0.3207937180995941,0.2714790403842926,0.2682853639125824,0.2938338816165924,0.49754995107650757,0.3454563021659851,0.3816848695278168,0.5170019268989563
20210711,,,0.34900352358818054,0.44264352321624756,0.45850858092308044,0.28834328055381775,0.31218889355659485,0.4444160461425781
20210712,,,,,,0.3428601026535034,0.27913010120391846,0.243303120136261
20210713,0.38329625129699707,0.3767469525337219,0.36301904916763306,0.4073896110057831,0.42035335302352905,0.3220093548297882,0.22767671942710876,0.28246450424194336
20210714,0.36811313033103943,0.35895124077796936,0.3568640947341919,0.386076420545578,0.4056266248226166,0.3663349449634552,0.3950604498386383,0.45428523421287537
20210715,0.2711126506328583,0.3961590826511383,0.414507120847702,0.513969898223877,0.4804759621620178,0.3784320652484894,0.3276212811470032,0.49679723381996155
20210716,0.39726006984710693,0.3673931062221527,0.41588813066482544,0.5051557421684265,0.5763325691223145,0.49622029066085815,0.5169769525527954,0.21573561429977417
20210717,,,0.44640398025512695,0.5578606128692627,0.48936203122138977,0.4440712332725525,0.457036554813385,0.4103643000125885
20210718,0.5155212879180908,0.4067966043949127,0.44161781668663025,0.37299150228500366,0.4598240256309509,0.4104054272174835,0.4148114025592804,0.39461684226989746
20210719,,,0.43792688846588135,0.4678610861301422,0.5078149437904358,0.48311910033226013,0.44025278091430664,0.44817230105400085
20210720,,,,,,,,
20210721,,0.4409792721271515,0.4094689190387726,0.4517671763896942,0.586179256439209,,,
20210722,,,0.36232876777648926,0.4457757771015167,0.38663625717163086,0.2719665765762329,0.22478678822517395,0.3118031322956085
20210723,,,0.4162541627883911,0.42335984110832214,0.54792320728302,0.461249977350235,0.37799346446990967,0.1698615700006485
20210724,0.5500864386558533,0.5085422992706299,0.5574376583099365,0.5836480855941772,,0.5706751346588135,0.502179741859436,0.4259973466396332
20210725,0.4543687105178833,0.44772109389305115,0.477118581533432,0.5656778216362,0.5430727005004883,0.5267953872680664,0.5612491369247437,0.6320585012435913
20210726,0.4581124186515808,0.47929394245147705,0.40747904777526855,0.4894373416900635,0.5107988715171814,0.417743980884552,0.44313958287239075,0.488357812166214
20210727,,0.5505660176277161,0.464826762676239,0.3814917802810669,0.5675235986709595,0.4426480531692505,0.45176824927330017,0.30154600739479065
20210728,0.5755994319915771,0.5177070498466492,0.4686618745326996,0.5242033004760742,0.5292331576347351,0.4344055950641632,0.40288448333740234,0.4214390814304352
20210729,,0.46037131547927856,0.47378304600715637,0.49872472882270813,0.4847540259361267,0.41039761900901794,0.4337877631187439,0.43458816409111023
20210730,0.4175414443016052,0.4744578003883362,0.4542376399040222,0.41788044571876526,0.527423620223999,0.40813031792640686,0.4140709340572357,0.3861207067966461
20210731,0.34609612822532654,0.5052918195724487,0.4576126039028168,0.42496389150619507,0.6476158499717712,0.3393053412437439,,
20210801,,,0.25480568408966064,0.43495288491249084,0.6407879590988159,0.38468846678733826,0.373466819524765,0.40004149079322815
20210802,0.23583188652992249,0.3288326561450958,0.35109084844589233,0.4618418514728546,0.5241791009902954,0.4233795702457428,0.38360655307769775,0.31849032640457153
20210803,0.4286406636238098,0.38997673988342285,0.4568706154823303,0.28827211260795593,0.5043610334396362,0.40868034958839417,0.3432319462299347,0.3094688355922699
20210804,0.24807336926460266,0.39966723322868347,0.38220083713531494,0.3569863736629486,0.4052039682865143,0.40446555614471436,0.25371816754341125,0.29531386494636536
20210805,0.2769923508167267,0.36804988980293274,0.3194693922996521,0.2812177836894989,0.3064108192920685,0.2787088453769684,0.29668086767196655,0.31981539726257324
20210806,0.3215261995792389,0.39361798763275146,0.2915874421596527,0.2835180163383484,0.3029615581035614,0.2418205291032791,0.26302072405815125,0.28236719965934753
20210807,0.3221743106842041,0.42327332496643066,0.3499695360660553,0.3347264528274536,0.35048148036003113,0.3050883710384369,0.28361478447914124,0.2996522784233093
20210808,0.3461766541004181,0.4625481963157654,0.2987448275089264,0.36990803480148315,0.406345397233963,0.3728388249874115,0.3237144947052002,0.35620421171188354
20210809,0.2753155529499054,0.36195430159568787,0.30570128560066223,0.2963305115699768,,0.3655639588832855,0.282017320394516,0.3014763295650482
20210810,,,0.21878544986248016,0.30213606357574463,,,,
20210811,0.21676111221313477,0.3190113604068756,0.40493836998939514,0.4637315571308136,0.438189297914505,0.42413052916526794,0.34543856978416443,0.35942769050598145
20210812,0.2966457009315491,0.24592415988445282,0.31599676609039307,0.33927956223487854,0.37364670634269714,0.3456038236618042,0.28671449422836304,0.3204183876514435
20210813,0.34867334365844727,0.32207050919532776,0.3296038806438446,0.3177969753742218,0.32963377237319946,0.28716570138931274,0.2755966782569885,0.31809866428375244
20210814,0.34504929184913635,0.38552865386009216,0.3909604251384735,0.3776656985282898,0.4006165564060211,0.3292297124862671,0.2929138243198395,0.2835138440132141
20210815,0.3045716881752014,0.3349416255950928,0.2775985300540924,0.3147735893726349,0.396964430809021,0.3239889144897461,0.28183868527412415,0.28698793053627014
20210816,0.32193905115127563,0.3002362847328186,0.2512982189655304,0.30246806144714355,0.36189982295036316,0.25842052698135376,0.2520133852958679,0.33676013350486755
20210817,0.3166871666908264,0.3409040570259094,0.31642723083496094,0.3226904571056366,0.44813016057014465,0.2852758467197418,0.26123520731925964,0.39622923731803894
20210818,,0.2713737487792969,0.2780970335006714,,,0.30258825421333313,0.2848122715950012,0.31648123264312744
20210819,0.3154119551181793,0.31567198038101196,0.2755427062511444,0.30986446142196655,0.3642559349536896,0.30816003680229187,,
20210820,0.3222074508666992,0.3099079132080078,0.2770557403564453,0.28185224533081055,0.393015593290329,0.2809503376483917,0.16086146235466003,0.15247118473052979
20210821,0.26920315623283386,0.31539082527160645,0.2768532931804657,0.27977707982063293,0.3469817340373993,0.2392844706773758,0.2664681077003479,0.28720781207084656
20210822,0.32373419404029846,0.3327209949493408,0.25954240560531616,0.2847253680229187,0.3834304213523865,0.22970432043075562,0.26064661145210266,0.29030656814575195
20210823,,0.33969777822494507,0.31084075570106506,0.3720347583293915,0.5203351378440857,0.4179709851741791,0.4324997663497925,0.4295213520526886
20210824,0.45667657256126404,0.401689350605011,,,,,0.28147009015083313,0.3213195204734802
20210825,0.44557204842567444,0.48079490661621094,0.4197734296321869,0.4693218171596527,0.6938483715057373,0.37821781635284424,0.35383930802345276,0.3999219834804535
20210826,0.39306309819221497,0.42271193861961365,0.36232542991638184,0.44329360127449036,0.5293794870376587,0.4081243872642517,0.4122152328491211,0.3865339159965515
20210827,0.34424686431884766,0.2900187075138092,0.2508074641227722,0.3682950437068939,0.6315659284591675,0.4054706394672394,0.41612517833709717,0.4187505841255188
20210828,0.3345906436443329,0.3024251461029053,0.2601175308227539,0.3016359806060791,0.43154290318489075,0.37200701236724854,0.3537122309207916,
20210829,,0.31473827362060547,,,,,,
20210830,0.4167771637439728,0.4084566533565521,0.33425936102867126,0.3239911198616028,0.37527015805244446,0.31167516112327576,0.3562599718570709,0.3858388364315033
20210831,0.38232502341270447,0.3709406852722168,0.2937869131565094,0.3078719675540924,0.42234933376312256,0.2849019169807434,0.3378434181213379,0.2965739071369171
20210901,,0.33992087841033936,0.25876203179359436,0.28460708260536194,0.4417489767074585,0.23918046057224274,0.2797326445579529,0.2930738925933838
20210902,,0.2668694257736206,0.20573687553405762,0.2621821165084839,0.3774988651275635,0.22740228474140167,,
20210903,0.3031604588031769,0.3428381681442261,0.2889549732208252,0.235907644033432,0.3848288059234619,0.3239958584308624,0.34968987107276917,0.3194124698638916
20210904,0.3809831440448761,0.38698625564575195,0.2986717224121094,0.22999252378940582,0.28725355863571167,0.24081481993198395,0.29889750480651855,0.3280515670776367
20210905,0.3761027753353119,0.35946497321128845,0.23128655552864075,0.2438334971666336,0.2939535677433014,0.2661344110965729,0.1375284492969513,
20210906,0.3741600215435028,0.35392171144485474,0.25437799096107483,0.25735047459602356,0.354824960231781,0.2158435583114624,0.28485333919525146,0.3286812901496887
20210907,0.37150904536247253,0.350901335477829,0.27411141991615295,0.28092437982559204,0.4145447909832001,0.2521224021911621,0.29046952724456787,0.31986719369888306
20210908,0.33255085349082947,0.32215526700019836,0.24529540538787842,0.2428545355796814,0.3950001299381256,0.2696213722229004,0.307107150554657,0.3298616409301758
20210909,0.34426671266555786,,0.22917412221431732,0.24215303361415863,0.2516425549983978,0.2313612401485443,0.29380249977111816,0.3112644553184509
20210910,0.3304978907108307,0.25525856018066406,0.22823892533779144,0.2388969510793686,0.3131340444087982,0.19703245162963867,0.24367767572402954,0.25734657049179077
20210911,0.25169047713279724,0.29634538292884827,0.1769866943359375,0.18560823798179626,,0.1776590347290039,0.19666320085525513,0.22173674404621124
20210912,,0.22413070499897003,0.18708021938800812,0.15332825481891632,0.26550185680389404,0.16252592206001282,0.18110735714435577,0.2727682590484619
20210913,0.24448862671852112,0.30471816658973694,0.17679595947265625,,,,0.28116869926452637,
20210914,0.3787398934364319,0.3100687861442566,0.20549051463603973,0.2579876780509949,0.36385083198547363,0.2930127680301666,0.2915082573890686,0.302385151386261
20210915,0.3485434353351593,0.35793498158454895,0.28005027770996094,0.3257004916667938,0.2921820282936096,0.2856188416481018,0.31570956110954285,0.36362403631210327
20210916,0.31957608461380005,0.29403337836265564,0.21461455523967743,0.2326810657978058,0.5001938343048096,0.31004834175109863,0.33574214577674866,0.3621352016925812
20210917,0.31705442070961,0.3477688431739807,0.22413849830627441,0.267326295375824,0.5260440111160278,0.24828557670116425,0.27271848917007446,0.32361483573913574
20210918,0.3012952506542206,0.3544188141822815,0.2507038116455078,0.2781270444393158,0.4107667803764343,0.2268866002559662,0.27211201190948486,0.3940962255001068
20210919,,,0.1345795840024948,0.1962772160768509,0.3829279839992523,0.21367119252681732,0.22907014191150665,0.3655269145965576
20210920,0.3376173675060272,0.32462212443351746,,,,,0.23009105026721954,
20210921,0.3276124894618988,0.34431686997413635,0.21849572658538818,0.26021140813827515,0.38692769408226013,0.28209611773490906,0.27662405371665955,0.41801318526268005
20210922,0.30375298857688904,0.31124579906463623,0.20257025957107544,0.27373865246772766,0.40727970004081726,0.22788982093334198,0.24808983504772186,0.35286396741867065
20210923,0.13812610507011414,0.22711341083049774,0.17106811702251434,0.2431054264307022,0.3657926917076111,0.19539687037467957,0.21760950982570648,0.312772274017334
20210924,,0.1421077847480774,0.08966458588838577,0.13583488762378693,0.15404023230075836,0.12893877923488617,0.14330148696899414,0.1443679928779602
20210925,,,0.13313543796539307,0.240694060921669,0.31181642413139343,0.2102639228105545,0.20829911530017853,0.3391868472099304
20210926,0.32995474338531494,0.36966243386268616,0.3217948377132416,,,,0.2180265635251999,0.30095431208610535
20210927,,0.19317296147346497,0.16987724602222443,0.2635546326637268,0.19881165027618408,0.24250352382659912,0.29580485820770264,0.36346668004989624
20210928,0.22173252701759338,0.21670453250408173,0.11047174036502838,,,0.12150437384843826,0.21484243869781494,0.3686874210834503
20210929,,0.2612523138523102,0.14860676229000092,0.22202110290527344,0.369642972946167,0.3003213405609131,,0.24908383190631866
20210930,0.30288633704185486,0.27337753772735596,0.16160394251346588,0.20035798847675323,0.3195573389530182,0.1885574758052826,0.16046814620494843,0.22002646327018738
20211001,0.21286289393901825,,0.23417608439922333,,,,,0.19653289020061493
20211002,0.23124097287654877,0.2136334478855133,0.18075741827487946,0.2823256552219391,,,,0.2594127655029297
20211004,0.26285478472709656,0.30835625529289246,0.21539661288261414,0.2588585317134857,0.4260101318359375,0.23708418011665344,0.2620425820350647,0.3540394902229309
20211005,,0.24947595596313477,0.18738527595996857,0.1463722437620163,,0.2304433137178421,0.25954917073249817,0.3558553457260132
20211006,0.28115853667259216,0.31074294447898865,0.2144967019557953,0.19895422458648682,0.29189884662628174,0.27005064487457275,,
20211007,0.2764444351196289,0.3104237914085388,0.21043962240219116,0.25076064467430115,0.4302195906639099,0.2746918201446533,0.21223947405815125,0.27550336718559265
20211008,0.22954058647155762,0.2249508947134018,0.1329018771648407,0.1658983677625656,0.4099090099334717,0.2155550867319107,0.22744478285312653,0.2959306538105011
20211009,0.21529027819633484,,0.15986277163028717,0.20221582055091858,0.3741248548030853,0.15873859822750092,,
20211010,0.20834170281887054,0.23090441524982452,0.14414489269256592,0.22735479474067688,,0.2064913660287857,0.21329960227012634,0.2454955279827118
20211011,0.3043660521507263,0.3057745695114136,,,,,0.3089636266231537,0.3136337101459503
20211012,0.1845681518316269,0.18367841839790344,0.1688767373561859,0.30541661381721497,0.2327568680047989,0.2434634119272232,0.2764275372028351,0.3754408657550812
20211013,0.17000429332256317,0.1992424577474594,0.1764094978570938,0.31632301211357117,0.25301992893218994,0.25618577003479004,0.2951089143753052,0.36666935682296753
20211014,0.1994294971227646,,0.14051710069179535,0.21504296362400055,0.35312220454216003,0.26615262031555176,0.32501986622810364,0.48833131790161133
20211015,0.26267221570014954,0.27558740973472595,0.17828506231307983,0.24450933933258057,0.39880138635635376,0.213398739695549,0.15315210819244385,0.36824190616607666
20211016,,0.2527926564216614,0.20147521793842316,0.29139426350593567,0.4025917947292328,0.19894160330295563,0.2073253095149994,0.2980370819568634
20211017,0.26501181721687317,0.2688349187374115,0.20636563003063202,0.2776724100112915,0.2562275528907776,0.17520464956760406,0.15923435986042023,0.3386346697807312
20211018,0.22973985970020294,0.22298172116279602,0.16224496066570282,0.26786068081855774,0.3842756748199463,0.16573719680309296,0.17069090902805328,0.24140451848506927
20211019,,,,,,,,
20211020,,,,,,0.11903486400842667,0.1836235225200653,0.19410423934459686
20211021,0.21662713587284088,0.20760893821716309,,0.14491505920886993,0.14354035258293152,0.12244521826505661,0.1722596287727356,0.25592347979545593
20211022,0.24800027906894684,0.3032037615776062,0.21864940226078033,0.1690770834684372,0.2117716521024704,0.10515668988227844,,
20211023,0.2458614856004715,0.25797420740127563,0.16629119217395782,0.198957160115242,0.26121699810028076,0.13802477717399597,0.10328079015016556,0.17024962604045868
20211024,0.28732895851135254,0.2895735502243042,0.1747833490371704,0.22309774160385132,0.34389522671699524,0.11835173517465591,0.134855255484581,0.2069949060678482
20211025,,,,0.24340656399726868,0.4327646493911743,0.14458148181438446,0.16522513329982758,0.23148395121097565
20211026,,0.21929529309272766,0.13320091366767883,,,,0.24394656717777252,0.3172679543495178
20211027,,,0.15292522311210632,0.14822028577327728,0.24738724529743195,0.1453825682401657,,
20211028,0.18486288189888,0.2115490734577179,0.15436388552188873,0.20732972025871277,0.31968244910240173,0.15691204369068146,0.17042288184165955,
20211029,0.19850224256515503,0.17798496782779694,0.14678627252578735,0.17204713821411133,0.15925122797489166,0.14547179639339447,0.20144808292388916,0.2797762155532837
20211030,,0.21375812590122223,0.20718088746070862,0.26998773217201233,0.41600853204727173,0.15619680285453796,0.1867825835943222,0.2656112015247345
20211031,0.2442394644021988,0.26318585872650146,,,,0.18371333181858063,0.19545488059520721,0.2877844572067261
20211101,0.2669775187969208,,0.1720312088727951,,,,,
20211102,0.23201186954975128,0.22473770380020142,0.1972966492176056,0.15413862466812134,,0.13003887236118317,,0.14272728562355042
20211103,0.22867244482040405,0.2596445381641388,0.17833484709262848,0.21839168667793274,0.3038546144962311,0.13891929388046265,0.1470639407634735,0.20497676730155945
20211104,,,,,0.2279430627822876,0.1396305114030838,0.15547750890254974,0.20689541101455688
20211105,,,,,0.16278719902038574,0.14546428620815277,0.15283764898777008,0.2218368649482727
20211106,0.15583865344524384,0.14792779088020325,0.1754399985074997,,,,,
20211107,0.20798815786838531,0.2644791007041931,0.23739036917686462,0.22492170333862305,0.24503624439239502,0.1290452480316162,0.09221720695495605,
20211108,0.13434308767318726,0.1710541695356369,,,,,,
20211109,,,,,,,,
20211110,,,,,,,,
20211111,0.1576249599456787,,,,,,,
20211112,0.15443415939807892,0.12074442207813263,,0.17988120019435883,,,,
20211113,0.21041199564933777,0.25950223207473755,0.23132555186748505,0.2292456179857254,,0.0699295774102211,0.16161981225013733,0.20221318304538727
20211114,0.21899764239788055,0.25845539569854736,0.20624059438705444,0.2027355432510376,0.3179800510406494,0.16006359457969666,0.16420955955982208,0.2192060500383377
20211115,,,,,0.31994104385375977,0.14534562826156616,0.18877200782299042,0.28120213747024536
20211116,0.2051730751991272,,,,,,0.2133421152830124,0.2921297252178192
20211117,,0.4696308374404907,0.24441270530223846,,,,,
20211118,,,,,,,,
20211119,0.17120258510112762,0.20897983014583588,0.12517546117305756,,,,,
20211120,,0.2853308320045471,0.19573679566383362,0.15324586629867554,0.306407630443573,0.15989959239959717,0.17961475253105164,0.22231978178024292
20211121,,,,,0.7446340918540955,0.15878456830978394,0.21516574919223785,0.3217494487762451
20211122,0.13548080623149872,0.2211768478155136,0.10661681741476059,,,,,
20211123,,,,0.08882936090230942,,,,
20211124,0.17390863597393036,0.29567936062812805,,,,,,0.12478258460760117
20211125,,0.2006775140762329,0.15034034848213196,,,,,
20211126,,,,,0.2536105513572693,0.1639147847890854,0.17847894132137299,0.3118944466114044
20211127,0.23167164623737335,0.23624828457832336,,,,,,0.3529667556285858
20211128,0.20211394131183624,0.23748807609081268,0.1767793446779251,0.22773750126361847,0.3052041530609131,,,
20211129,0.1444745659828186,0.26762935519218445,0.17799918353557587,0.22620873153209686,0.48981383442878723,0.14407575130462646,0.21464093029499054,0.2655585706233978
20211130,0.17339110374450684,0.2435123324394226,0.10518793016672134,0.175100177526474,0.18072126805782318,,0.2485775351524353,0.24872593581676483
20211201,,,0.1657281070947647,0.24058882892131805,0.4566407799720764,0.10716673731803894,0.21226152777671814,
20211202,0.12600354850292206,,,,,,0.15073218941688538,0.16750933229923248
20211203,0.16959451138973236,,,,,,,
20211204,0.15867182612419128,,,,,,,
20211205,0.16996806859970093,0.23206622898578644,0.15562783181667328,0.219746395945549,0.3752855062484741,0.24005930125713348,0.30089566111564636,
20211206,,,0.13513098657131195,0.22194160521030426,0.3109692633152008,0.173197939991951,0.2493683248758316,0.25996318459510803
20211207,,,,,,0.136396124958992,0.24694755673408508,0.2549198269844055
20211208,,,,,,,,
20211209,0.22649669647216797,0.2596396505832672,0.1867789775133133,0.25252941250801086,0.2986500859260559,,,
20211210,0.17499299347400665,0.20104695856571198,0.17535991966724396,0.3000144064426422,0.44673675298690796,0.26340681314468384,0.35871636867523193,0.3400602638721466
20211211,,0.23423562943935394,0.1520252674818039,0.2229732722043991,0.15057647228240967,0.2697025239467621,0.32069849967956543,0.3167146146297455
20211212,,,,,0.425270676612854,0.23050223290920258,0.2467089146375656,0.183143749833107
20211213,,,,,,,,0.32035285234451294
20211214,0.16542355716228485,0.27160465717315674,0.1423950344324112,0.1410706490278244,,,,
20211215,0.16422569751739502,0.1915166825056076,0.1272064596414566,0.16500401496887207,0.22724175453186035,0.1950196623802185,0.2438061535358429,0.26055341958999634
20211216,,0.16625553369522095,0.11701040714979172,0.21727676689624786,0.3349796235561371,0.1715310961008072,0.22152453660964966,0.23013074696063995
20211217,,,0.1336340755224228,0.2838316261768341,0.39357826113700867,0.1776627004146576,,0.3820863366127014
20211218,,,,,,0.1996600329875946,0.22563117742538452,0.266218900680542
20211219,0.20655234158039093,0.210881307721138,0.13294193148612976,0.18380889296531677,,,,
20211220,0.16471263766288757,0.24631430208683014,0.13443124294281006,0.1855459064245224,0.2344624400138855,0.16861549019813538,0.2075320929288864,0.20334817469120026
20211221,,0.1392141878604889,0.11385958641767502,0.18103595077991486,0.31642886996269226,0.14739073812961578,0.1839030236005783,0.23464880883693695
20211222,,,0.14039246737957,0.21862183511257172,0.28874507546424866,0.1277356743812561,0.15942411124706268,
20211223,,,,,,0.14743949472904205,0.20269091427326202,0.27256807684898376
20211224,0.15938875079154968,0.1777549535036087,0.14042697846889496,,,,,
20211225,0.13627362251281738,0.11851263791322708,,,,,,
20211226,0.15224778652191162,0.15265607833862305,0.1501169502735138,0.2459309995174408,,,0.49766185879707336,0.3156040608882904
20211227,,0.1357264667749405,0.1799151748418808,0.3278774321079254,,,0.42977216839790344,0.3218059539794922
20211228,,,,,0.2001563459634781,,0.40711280703544617,0.303472101688385
20211229,0.23033946752548218,0.23418255150318146,,,,,,0.4616885185241699
20211230,0.17076462507247925,0.2195875495672226,0.1686147004365921,0.3030153214931488,0.35193055868148804,0.3450447916984558,,
20211231,0.10314873605966568,,0.14390555024147034,0.28745633363723755,0.2141091525554657,0.1205894947052002,,
20220101,0.14540018141269684,0.1588921695947647,0.09323740005493164,,,0.23866750299930573,0.2462960034608841,0.22766447067260742
20220102,,,,0.20628295838832855,0.300942063331604,0.19080029428005219,0.18712523579597473,0.15657781064510345
20220103,0.17805972695350647,,,,,,0.2527942657470703,0.2613283693790436
20220104,0.1310351938009262,,,0.5060678124427795,,,,
20220105,0.1704195886850357,0.18539057672023773,0.15807345509529114,0.26863187551498413,0.2154407799243927,0.235853374004364,0.21304523944854736,
20220106,0.17298971116542816,0.20566613972187042,0.1561414748430252,0.28233733773231506,0.376463919878006,0.25162577629089355,0.2175428867340088,
20220107,,,0.19387218356132507,0.43243980407714844,0.29076600074768066,0.22731992602348328,0.220358207821846,0.21160824596881866
20220108,,,,,,0.2632662057876587,0.2420198917388916,0.2605738937854767
20220109,0.15823036432266235,,,0.31322112679481506,,,,
20220110,0.14090660214424133,0.1821657419204712,0.16109123826026917,0.2132682353258133,0.2072044312953949,0.1815260499715805,,
20220111,0.22050204873085022,0.23273371160030365,0.16230925917625427,0.2688288986682892,,0.22903569042682648,,
20220112,,0.2164248675107956,0.16546206176280975,0.23392024636268616,0.358461856842041,0.23362518846988678,0.1774836927652359,
20220113,,,,,,,,
20220114,0.150292307138443,0.21993157267570496,,,,,,0.34111639857292175
20220115,0.17380809783935547,0.21141692996025085,0.16407473385334015,0.29095226526260376,0.40656325221061707,0.25263845920562744,,
20220116,0.13047681748867035,0.196787491440773,0.16533426940441132,0.22966036200523376,,,,
20220117,0.2170424610376358,0.1477125734090805,0.05432594195008278,,,0.17366699874401093,0.1677578240633011,0.15620243549346924
20220118,,,,,0.16541555523872375,0.16903294622898102,0.21927033364772797,0.18979711830615997
20220119,0.2477828562259674,,,,,,0.3618897497653961,0.31309911608695984
20220120,0.2086886614561081,0.2676922380924225,0.2159332036972046,0.37644776701927185,0.4147254228591919,,,
20220121,0.20321914553642273,0.22422316670417786,,,,0.09946940094232559,,0.2942101061344147
20220122,0.17452411353588104,0.2306549996137619,0.09830283373594284,,,,,0.23845292627811432
20220123,,,,,,,0.10793223977088928,0.1331140100955963
20220124,,,,,,,0.13473863899707794,0.18011659383773804
20220125,,,0.17915113270282745,0.19991156458854675,,,,
20220126,,0.15312743186950684,0.10408401489257812,0.23653291165828705,0.38692009449005127,0.21315361559391022,0.13791577517986298,
20220127,0.16528025269508362,0.20035846531391144,0.14782297611236572,0.25014305114746094,0.3338873088359833,0.167585089802742,0.13991042971611023,0.1473136842250824
20220128,,0.3065125644207001,0.16754645109176636,0.2551004886627197,0.41214630007743835,0.14635653793811798,0.15022359788417816,0.16457988321781158
20220129,0.23334859311580658,,,,,0.14425566792488098,0.21426703035831451,0.22739814221858978
20220130,0.18959824740886688,0.2316109836101532,0.20291933417320251,,,,,0.7047423124313354
20220131,,,,,0.14631815254688263,0.10805674642324448,,
20220201,0.13206475973129272,0.22528982162475586,0.1408894807100296,0.19098536670207977,0.2738896608352661,0.10959325730800629,,0.11041098088026047
20220202,0.2162010669708252,0.24047231674194336,0.1825607717037201,0.3096635341644287,0.73310786485672,0.20985622704029083,0.31030571460723877,0.32838067412376404
20220203,,,,0.5637257099151611,0.8385229706764221,0.2760114371776581,0.3204217255115509,0.33288267254829407
20220204,0.27564385533332825,0.5360270142555237,,,,,0.3800562024116516,0.3589179515838623
20220205,0.28651633858680725,0.34599557518959045,0.23673664033412933,0.33691200613975525,0.4254027009010315,,,
20220206,0.28258979320526123,0.3829788565635681,0.2474178671836853,0.34836751222610474,0.3080345392227173,0.26513490080833435,0.2676941156387329,0.337144136428833
20220207,0.279791921377182,0.3972645699977875,0.24630863964557648,0.3790731430053711,0.27969127893447876,0.33352211117744446,0.29669466614723206,0.3066488802433014
20220208,,,0.287200003862381,0.4637247920036316,0.5522662997245789,0.31474971771240234,0.27433884143829346,0.25457385182380676
20220209,0.27312397956848145,0.4826725125312805,0.1979907751083374,,0.24933494627475739,0.29187145829200745,0.2506374418735504,0.2655562162399292
20220210,0.2552286386489868,0.37184223532676697,0.247435063123703,0.42276546359062195,,,,
20220211,0.2770172953605652,0.4948084056377411,0.2776923179626465,0.4195632338523865,0.4366835057735443,0.3184664845466614,0.31316235661506653,
20220212,,0.20380142331123352,,,0.4072566330432892,0.3574535846710205,0.29400891065597534,0.284072607755661
20220213,,0.40790891647338867,0.15930390357971191,0.33286771178245544,,,,
20220214,,,,,,,,0.431247353553772
20220215,0.24217475950717926,0.38029944896698,0.2243492603302002,0.16402438282966614,,,,
20220216,0.232920303940773,0.638649046421051,0.21073675155639648,0.3678390681743622,0.2839325964450836,0.31240686774253845,0.27636921405792236,
20220217,0.1685667335987091,0.41771572828292847,0.21584388613700867,0.37591955065727234,,,,
20220218,0.22580479085445404,0.39468804001808167,0.21468229591846466,0.5794356465339661,,,,
20220219,0.23114636540412903,0.6715509295463562,0.22978724539279938,0.4439600706100464,0.4894343316555023,0.28322121500968933,0.2877325415611267,0.2880123257637024
20220220,0.18867866694927216,,,,,0.21324795484542847,0.1864985078573227,0.1805223673582077
20220221,0.23595546185970306,0.250947505235672,0.1965952217578888,,0.45746466517448425,0.3502020537853241,,
20220222,0.23771095275878906,0.42804720997810364,0.2862491309642792,0.38692060112953186,0.34874486923217773,0.32712191343307495,0.3171747624874115,0.3171176016330719
20220223,0.26907771825790405,0.38807010650634766,0.2553742229938507,0.38585376739501953,0.3732493817806244,0.3485298752784729,0.3206643760204315,0.3120235502719879
20220224,,,0.3414041996002197,0.5533300042152405,0.31542932987213135,0.2877506911754608,0.2663246989250183,0.28602901101112366
20220225,,,,,,0.3442821502685547,0.318978875875473,0.3435133099555969
20220226,,,,,,,,0.7989282608032227
20220227,0.34258130192756653,0.40965384244918823,0.3986704349517822,,,0.33935433626174927,0.39637190103530884,0.21047420799732208
20220228,0.4487888216972351,,0.34105566143989563,0.5130907297134399,0.3918808102607727,0.5012341737747192,0.42517760396003723,0.30297228693962097
20220301,0.5012403130531311,0.7357144355773926,0.5590367913246155,0.5689070224761963,0.4608713984489441,0.5599754452705383,0.3932053744792938,0.31208908557891846
20220302,0.2629155218601227,,,,0.3651220202445984,0.5437616109848022,0.42885255813598633,0.31471142172813416
20220303,0.1733352690935135,0.40626752376556396,0.35754430294036865,,,,,
20220304,,,0.11371180415153503,,,,,
20220305,0.2118442952632904,0.16821612417697906,,,,0.24089820683002472,0.19825322926044464,0.22840616106987
20220306,0.31116560101509094,0.43097272515296936,0.23354268074035645,0.3390367925167084,0.2732420563697815,0.2749992609024048,,
20220307,,0.2839089035987854,0.15502610802650452,0.15940387547016144,,,,
20220308,0.1962476372718811,0.24533070623874664,0.22442659735679626,,,0.4990726709365845,0.5134028792381287,0.4340038597583771
20220309,0.3400801420211792,,0.3713291883468628,0.6871910095214844,0.6995906233787537,0.625335156917572,0.3783492147922516,
20220310,0.3935663104057312,0.6149593591690063,0.5201348662376404,0.4845414459705353,0.4888106882572174,0.6464855670928955,0.5558651685714722,0.47256195545196533
20220311,0.38427451252937317,0.5469987988471985,0.360074520111084,0.49703991413116455,0.604093611240387,0.7493118047714233,0.7271524667739868,0.48173126578330994
20220312,0.33370333909988403,0.4774531424045563,0.3298713266849518,,,0.6940979361534119,0.5554231405258179,0.39855486154556274
20220313,0.29150477051734924,0.4145149290561676,0.33848369121551514,0.5298200845718384,0.5337494015693665,0.6985743641853333,,
20220314,0.2537124454975128,,0.17446959018707275,0.28586336970329285,0.46401894092559814,0.4669891893863678,0.4395900070667267,
20220315,,0.614321768283844,0.3452225625514984,0.5107957720756531,0.4093073606491089,0.47510913014411926,0.36456361413002014,0.3322213292121887
20220316,0.30687859654426575,0.4569244682788849,0.25349390506744385,0.3855956196784973,0.42217352986335754,0.5487557053565979,0.39697128534317017,0.29288217425346375
20220317,0.27928778529167175,0.4379487633705139,0.2271500825881958,0.3529568314552307,0.4108959436416626,0.4122298061847687,0.33978503942489624,0.3342524468898773
20220318,0.31168341636657715,0.4889518618583679,0.24051636457443237,0.4132291078567505,0.46978455781936646,0.39382392168045044,0.3523053526878357,0.32374900579452515
20220319,,,,,0.48213431239128113,0.41890662908554077,0.3540627956390381,0.36681199073791504
20220320,,,0.2576104998588562,0.39235833287239075,0.3491833806037903,0.2974642515182495,0.3641359806060791,0.36087656021118164
20220321,,0.5088688135147095,0.2784050703048706,,,0.45584389567375183,0.3428303003311157,0.3187383711338043
20220322,,,,,,,0.2662455141544342,0.1954265534877777
20220323,0.24469693005084991,0.3926197588443756,0.28611862659454346,,0.32480937242507935,0.27834492921829224,,
20220324,0.2704733908176422,0.3910139203071594,0.26829054951667786,0.3304001986980438,0.48875030875205994,0.39103975892066956,0.44930344820022583,0.36120954155921936
20220325,0.4617820382118225,0.3695662319660187,0.31956717371940613,0.5338146686553955,0.501276433467865,0.4025398790836334,0.45080679655075073,0.4552247226238251
20220326,,0.6464546918869019,0.4956415891647339,0.7534535527229309,0.5306914448738098,0.47076180577278137,0.4030769467353821,0.39349570870399475
20220327,,,,,,,,
20220328,0.20967096090316772,0.2942599654197693,,,,,0.8750553131103516,0.5612125992774963
20220329,,0.2160065919160843,,,,,1.1879732608795166,0.47975975275039673
20220330,0.3866938650608063,,,,,0.30955302715301514,,
20220331,0.4488633871078491,,,,0.7356047034263611,0.4427075684070587,0.5991641283035278,0.45889729261398315
20220401,0.48787909746170044,,,,,,0.6299111843109131,0.5405899286270142
20220402,0.5010531544685364,0.6083847880363464,0.499109148979187,0.6959385275840759,0.9127196669578552,0.6699267029762268,0.6989867091178894,0.5982968211174011
20220403,0.46520930528640747,0.6026595830917358,0.4771078824996948,0.6694537997245789,0.7997215986251831,0.5949293375015259,0.6521717309951782,0.5428276062011719
20220404,,0.5143182873725891,,,0.6149896383285522,0.6275792121887207,0.6718225479125977,0.5646228790283203
20220405,0.21206504106521606,,,,0.3947523832321167,0.34260302782058716,0.24613870680332184,
20220406,0.22267691791057587,0.4294143319129944,0.3546138405799866,0.4548146426677704,0.5032190084457397,0.26473891735076904,0.64629065990448,0.5106061100959778
20220407,0.4163467288017273,0.61672043800354,0.43551015853881836,0.6006081700325012,0.6345354318618774,0.5136220455169678,0.7593442797660828,0.5193697810173035
20220408,0.4409721791744232,0.6702723503112793,0.45703497529029846,0.6101863384246826,0.7724244594573975,0.5548684597015381,0.6268803477287292,0.49742645025253296
20220409,0.2543632686138153,,0.425219863653183,0.5023959279060364,0.6565353870391846,0.49688467383384705,0.5782626867294312,0.5082440376281738
20220410,,0.32902902364730835,,,,0.3042336702346802,,0.7787148952484131
20220411,0.3621767461299896,,,,,,0.908108115196228,0.6606842875480652
20220412,,0.5676050186157227,0.45495304465293884,,,,,
20220413,0.21142145991325378,0.35783568024635315,0.42659810185432434,0.6563127040863037,0.7578545808792114,0.5035337805747986,0.503695547580719,
20220414,,,,,0.4209619462490082,0.4407576620578766,0.6216800808906555,0.5520423650741577
20220415,0.436916321516037,0.5589577555656433,,,0.2681218981742859,0.29859843850135803,0.47354257106781006,0.5481998324394226
20220416,0.4013843238353729,0.6660013794898987,0.6509316563606262,0.4811415672302246,0.4234289228916168,0.29158103466033936,0.5109853744506836,0.5041890144348145
20220417,0.2181926667690277,0.4172893464565277,,,0.4216521382331848,0.3125874400138855,0.4521082043647766,0.4340532422065735
20220418,0.28578421473503113,0.5453273057937622,0.42850837111473083,0.6914510726928711,0.7447163462638855,0.33114495873451233,0.32465246319770813,0.23505336046218872
20220419,0.17428234219551086,0.3299042880535126,0.4343959391117096,0.7155129313468933,0.7422019243240356,0.36738938093185425,0.37579602003097534,0.2622598111629486
20220420,0.284912645816803,0.39740875363349915,0.24359242618083954,0.5375221967697144,0.6128113269805908,0.2385004758834839,0.22527742385864258,0.293788880109787
20220421,0.3925905227661133,,,,0.34092146158218384,0.2448045164346695,0.2938365638256073,0.33751732110977173
20220422,0.3218284845352173,0.46307700872421265,0.40039724111557007,0.815940260887146,0.6066806316375732,0.375838041305542,0.34864383935928345,0.26771098375320435
20220423,0.4203382730484009,0.6389783024787903,0.43229496479034424,0.7695683240890503,0.9469245672225952,0.596068263053894,0.5757765769958496,0.6065780520439148
20220424,0.3609508275985718,0.6574796438217163,0.46731075644493103,0.6661531925201416,0.821789562702179,0.5760800838470459,0.5881304740905762,0.6288669109344482
20220425,0.4606833755970001,0.5808665156364441,0.44026321172714233,0.6747749447822571,0.7710064649581909,0.5298272371292114,0.587562084197998,
20220426,0.41008231043815613,0.5066109299659729,0.5063667893409729,0.7281496524810791,0.7386531233787537,0.522606611251831,0.5064465403556824,0.7979276776313782
20220427,,,,,,,,
20220428,0.15721997618675232,0.2764621675014496,0.47206979990005493,0.6400478482246399,0.5601893067359924,0.594908595085144,0.5925678014755249,0.507679283618927
20220429,0.3534460663795471,0.37211519479751587,0.40460559725761414,0.7218536734580994,,,,
20220430,0.4289427399635315,0.5319000482559204,0.43148696422576904,0.5191779732704163,0.7474056482315063,0.6029876470565796,0.5947427153587341,0.5458329916000366
20220501,0.516106903553009,0.6549898982048035,0.4454598128795624,0.6021476984024048,0.7327735424041748,0.5864130258560181,0.5838586688041687,0.48954614996910095
20220502,,1.0227925777435303,0.5071063041687012,0.6048671007156372,0.6966553330421448,0.6153013110160828,0.5660006999969482,0.5504834055900574
20220503,0.23561929166316986,0.2759912312030792,,0.2720737159252167,0.651419997215271,0.6419919729232788,0.580393373966217,0.4813719391822815
20220504,0.25516313314437866,0.3939610421657562,0.3059737980365753,0.48281705379486084,0.636709451675415,0.5985901951789856,0.6410456299781799,0.5630202293395996
20220505,0.36449089646339417,0.5254744291305542,0.3575509190559387,0.4265762269496918,0.6538425087928772,0.534233033657074,0.5500290989875793,0.28443992137908936
20220506,0.4721909761428833,0.43306711316108704,0.2882310450077057,0.4183138906955719,0.4929472506046295,0.5746431350708008,0.5623828768730164,0.5342200994491577
20220507,0.6464535593986511,0.8251261711120605,0.39980995655059814,0.5141159892082214,0.5971992611885071,0.4857311546802521,0.5858887434005737,0.5415656566619873
20220508,0.5751081705093384,0.7783510088920593,0.5912538766860962,0.7900059819221497,0.9394720792770386,0.6270275712013245,0.7083728909492493,0.6662830710411072
20220509,0.4872497618198395,0.6600168347358704,0.5019869804382324,0.6772473454475403,0.8096960783004761,0.6935905814170837,0.8513196706771851,0.8753049969673157
20220510,0.4689067304134369,0.6245478391647339,0.478033185005188,0.6299742460250854,0.7764632105827332,0.6803070306777954,0.7681477069854736,0.7697058916091919
20220511,,,,0.6279163956642151,0.7425606846809387,0.6570780873298645,0.7105463147163391,0.7788094282150269
20220512,,,,,,,0.7299787402153015,0.9464235901832581
20220513,0.30906373262405396,0.5588573813438416,0.6228246092796326,0.5984832644462585,,,,
20220514,,0.5646167397499084,0.639423131942749,0.748408317565918,0.8837503790855408,0.8157417178153992,0.870002806186676,0.7244216203689575
20220515,0.21324752271175385,0.3361733555793762,0.4251965880393982,0.668260931968689,0.9499049782752991,0.7283087968826294,0.7118165493011475,0.7090268135070801
20220516,0.2380012571811676,0.3734453618526459,0.4150065779685974,0.3800008296966553,0.6638988852500916,0.5998781323432922,0.6091358661651611,0.631912112236023
20220517,0.4537655711174011,0.5716678500175476,0.44851964712142944,0.5685438513755798,0.7602285742759705,0.6478237509727478,0.6758528351783752,0.685951828956604
20220518,,,,,0.8626731038093567,0.720975935459137,0.6690521240234375,
20220519,0.40355250239372253,0.48829931020736694,,,1.4676649570465088,1.0693943500518799,,0.7020687460899353
20220520,0.4335387945175171,0.5029702186584473,0.3880261480808258,0.7117322087287903,1.0338929891586304,0.9527872800827026,0.5914869904518127,0.7825739979743958
20220521,0.30390337109565735,0.5311112403869629,0.4527299404144287,0.7017947435379028,0.9423527717590332,0.7358586192131042,0.6198174953460693,0.7053755521774292
20220522,0.3027878999710083,0.49155864119529724,,,,0.6144518852233887,0.5717629194259644,0.6559648513793945
20220523,,0.5479825139045715,0.42683514952659607,0.5575991272926331,0.767067015171051,0.7149895429611206,0.5884457230567932,0.6378061771392822
20220524,0.2732044756412506,0.47312310338020325,0.40925681591033936,0.5256350040435791,0.6749160885810852,0.5745874047279358,0.37416961789131165,
20220525,0.41274046897888184,0.46687912940979004,0.4118952453136444,0.615430474281311,0.7077159285545349,0.7339348793029785,0.7640623450279236,0.7514286637306213
20220526,0.38252148032188416,0.49365559220314026,0.40074580907821655,0.5300073623657227,0.7488362789154053,0.6229523420333862,0.6491140127182007,0.6164498925209045
20220527,0.38774001598358154,0.45602768659591675,0.3800865113735199,0.5085863471031189,0.646937906742096,0.595373272895813,0.584819495677948,0.754193127155304
20220528,0.5056528449058533,0.42373180389404297,0.3561594486236572,0.43021073937416077,0.5602474212646484,0.6098701357841492,0.6416925191879272,0.703917920589447
20220529,0.2961825132369995,,,,,,0.4222787320613861,
20220530,0.4210215210914612,0.5489861965179443,0.5195329785346985,0.6248072385787964,,,,
20220531,0.241344153881073,0.40946802496910095,0.4400043189525604,0.4017468988895416,0.8343849182128906,0.6278282403945923,0.6656134724617004,
20220601,,0.41867321729660034,0.4864562451839447,0.42783084511756897,0.5798490047454834,,,
20220602,,,0.5153228044509888,0.42969071865081787,,0.6391945481300354,0.6328133940696716,0.5917038321495056
20220603,0.33565664291381836,,,0.3448629379272461,0.4116818904876709,0.5995472073554993,0.5735748410224915,0.575847864151001
20220604,0.20903873443603516,0.33346664905548096,0.37816381454467773,0.45493513345718384,0.6622219681739807,0.7175078988075256,0.7680691480636597,0.6130823493003845
20220605,0.27238020300865173,0.40981942415237427,0.4665795862674713,0.5773741602897644,1.2146008014678955,0.6291297674179077,0.7223325371742249,0.7169272303581238
20220606,0.2750166356563568,0.43684065341949463,0.4007776975631714,0.49965420365333557,0.7100110650062561,0.4997074604034424,0.5428267121315002,0.5807880163192749
20220607,0.1578252911567688,0.20018890500068665,0.4132777750492096,0.4951135516166687,0.6290277242660522,0.5705565214157104,0.68437260389328,0.5702345967292786
20220608,0.5127896070480347,0.8304745554924011,0.6867108941078186,0.5643956065177917,0.5874531865119934,0.41390669345855713,0.6469586491584778,0.5751902461051941
20220609,0.5919216871261597,0.6863336563110352,0.9846950769424438,0.7638851404190063,0.7177613973617554,0.5365005731582642,0.6265900731086731,0.5284450650215149
20220610,,0.6305633783340454,,,,,,
20220611,,,0.5160282850265503,,1.2464481592178345,0.7535263895988464,1.0108461380004883,0.8140209317207336
20220612,0.3862437903881073,0.3584219515323639,0.34578853845596313,0.6106595396995544,0.8029186129570007,0.5828227400779724,0.8247820734977722,0.7986598610877991
20220613,,0.6353088617324829,0.4907835125923157,0.6023533940315247,0.5578238368034363,0.531566321849823,0.650464653968811,0.7367720603942871
20220614,0.40585294365882874,0.4837096333503723,0.6442074775695801,0.7660545706748962,0.7022042870521545,0.5426199436187744,0.7178149819374084,0.6769992113113403
20220615,0.37399086356163025,0.43792951107025146,0.5181298851966858,0.5466427803039551,0.7993282079696655,0.6463117599487305,0.8076297044754028,0.5668864846229553
20220616,0.45463985204696655,0.4595227539539337,0.4324224293231964,0.4292009174823761,,,0.8005743026733398,1.0275352001190186
20220617,0.3680042028427124,0.36738744378089905,0.34050053358078003,0.40548092126846313,0.6365822553634644,0.4673449695110321,0.6181137561798096,0.6737164258956909
20220618,,0.2967029809951782,,0.21261776983737946,,,,
20220619,0.1859431117773056,,0.5435391068458557,0.33038562536239624,0.535592794418335,0.39375734329223633,0.4555366337299347,0.5426604151725769
20220620,0.3945598900318146,0.49069422483444214,0.5020297169685364,0.5703973770141602,0.6882351040840149,0.7170702219009399,,0.4362949728965759
20220621,0.30890795588493347,0.5272639989852905,0.41893917322158813,0.411587655544281,0.5511608719825745,0.5334432721138,0.6700049042701721,0.665922224521637
20220622,0.30946579575538635,0.37108469009399414,0.3769199848175049,0.3739192485809326,0.5077562928199768,0.4752202332019806,0.5897319912910461,0.6628183722496033
20220623,,,0.3521610200405121,0.34822356700897217,0.4659755229949951,0.42505547404289246,0.5545905232429504,0.6175020933151245
20220624,,,0.2554391622543335,0.2179986834526062,0.19604620337486267,0.2684229910373688,0.3604460060596466,0.3257253170013428
20220625,0.2861558198928833,0.2621907591819763,0.3640457093715668,0.3441227078437805,0.3675191402435303,0.26617977023124695,0.31734293699264526,0.3318430781364441
20220626,0.3057823181152344,0.2961917817592621,0.33276090025901794,0.33853304386138916,0.42474064230918884,0.4315834939479828,0.6811560392379761,0.8046727776527405
20220627,0.31217721104621887,0.32886144518852234,0.3519093990325928,0.3621399998664856,0.39903393387794495,0.3652914762496948,0.5418685674667358,0.6576619744300842
20220628,0.16414931416511536,0.2252209633588791,0.27060994505882263,0.22861672937870026,0.4155583381652832,0.36356115341186523,0.5253068208694458,0.6073603630065918
20220629,,,0.13175314664840698,0.15808071196079254,0.27133017778396606,0.2742266058921814,0.3874861001968384,0.4788859784603119
20220630,0.20630039274692535,0.2377348095178604,0.2653931975364685,,0.2937276363372803,0.2631511986255646,0.42599618434906006,0.49548548460006714
20220701,0.2738010883331299,0.34035512804985046,0.3429637551307678,0.3740932047367096,0.39183732867240906,0.3808295726776123,0.3563392162322998,0.48810672760009766
20220702,0.31672582030296326,0.29665395617485046,0.3014335632324219,0.3485989272594452,0.361256867647171,0.2349122315645218,0.401490181684494,0.4100031852722168
20220703,0.2964153289794922,0.26856541633605957,0.15857361257076263,0.2936282753944397,0.33267757296562195,0.2518234848976135,0.3681482672691345,0.39772170782089233
20220704,0.33911487460136414,0.28221532702445984,0.26735931634902954,0.21856838464736938,0.2752569913864136,0.23527787625789642,0.3818245828151703,0.2997831106185913
20220705,0.3449992835521698,0.41088706254959106,0.4432412087917328,0.3847375810146332,0.4424046277999878,0.3949040472507477,0.47135797142982483,0.6066966652870178
20220706,,0.26638948917388916,,,0.5723686814308167,0.5482994318008423,0.5232619047164917,0.5244128704071045
20220707,0.33318910002708435,0.3028360605239868,0.32354456186294556,0.37473568320274353,0.42649203538894653,0.40548744797706604,0.4857040345668793,0.5385310649871826
20220708,0.3362135589122772,0.32945090532302856,0.3055155873298645,0.3461388647556305,0.4496777355670929,0.3243381083011627,0.39175283908843994,
20220709,0.3529234528541565,0.3539128005504608,0.3663519322872162,0.41702091693878174,0.4526432454586029,0.39027974009513855,0.4319770336151123,0.5885669589042664
20220710,,0.46703991293907166,0.2920586168766022,,,0.41243210434913635,0.45724305510520935,0.6204163432121277
20220711,0.34405338764190674,0.35895341634750366,0.3326846957206726,0.45976173877716064,0.580752432346344,0.34799692034721375,0.38417258858680725,0.4445938766002655
20220712,0.3702326714992523,0.36344286799430847,0.3448074460029602,0.38956308364868164,0.5183216333389282,0.45055800676345825,0.5196929574012756,
20220713,0.3403034508228302,0.3804425001144409,0.33923637866973877,0.39000850915908813,0.5022585988044739,0.42999178171157837,0.4877792298793793,0.4600927531719208
20220714,,0.3194620609283447,0.3719858229160309,0.439464807510376,0.5366323590278625,0.44969412684440613,0.4710392355918884,0.7446484565734863
20220715,,0.31195318698883057,0.3340493440628052,0.38071081042289734,0.4633656144142151,0.38812530040740967,0.43679875135421753,
20220716,0.30230095982551575,0.29998070001602173,0.30659446120262146,0.3937927484512329,0.4298906624317169,0.3913183808326721,0.4017663300037384,0.4149607717990875
20220717,,0.3770456612110138,,0.37522977590560913,0.42617708444595337,0.4417594075202942,0.44057029485702515,0.3977634906768799
20220718,,,,,0.4478352963924408,0.38652104139328003,0.3880692422389984,0.4674062728881836
20220719,0.27483102679252625,0.22750304639339447,0.26465028524398804,0.39944034814834595,0.6009718179702759,0.4668917953968048,0.42914822697639465,0.5339081883430481
20220720,,,0.36461514234542847,0.4242730140686035,0.5092006325721741,0.42644140124320984,0.38781020045280457,0.5345451235771179
20220721,,,,,,,,
20220722,0.23942160606384277,0.2730453610420227,0.39059382677078247,0.5010690689086914,0.48844534158706665,0.4652840793132782,,
20220723,0.3174082934856415,0.34608346223831177,0.3586677610874176,0.43533095717430115,0.5078942775726318,0.47415170073509216,0.4839717745780945,0.5569629073143005
20220724,0.24302692711353302,0.2754824459552765,0.2305840402841568,0.2669059932231903,0.39480656385421753,0.37385666370391846,0.36677148938179016,
20220725,0.3886527717113495,0.3913552165031433,0.31491735577583313,0.3648567497730255,0.46472129225730896,0.39209654927253723,0.39721015095710754,0.4399110674858093
20220726,0.5223986506462097,0.5905126929283142,0.3412628471851349,0.4768243134021759,0.4921525716781616,0.43900203704833984,0.4139380156993866,0.4778869152069092
20220727,0.378389447927475,0.3358375132083893,0.3097824156284332,0.40704500675201416,0.5760883688926697,0.4102126359939575,0.39049383997917175,0.4843384623527527
20220728,0.35001271963119507,0.36570608615875244,0.32911941409111023,,,,,0.8947343826293945
20220729,,0.3347940146923065,0.3486912250518799,,,,0.4069785475730896,0.5715086460113525
20220730,,0.35667240619659424,0.33295467495918274,0.3499267101287842,0.3858878016471863,,,
20220731,0.3891260623931885,0.3433697819709778,0.3640693128108978,0.45889878273010254,0.5210279822349548,0.3847404420375824,0.32482200860977173,0.434269517660141
20220801,,,,0.3938661515712738,0.4637601375579834,0.41497620940208435,0.3572668731212616,0.4554571807384491
20220802,0.3557193875312805,0.3880884051322937,0.4368283450603485,0.47827115654945374,0.5771540999412537,0.5393947958946228,0.4367322027683258,
20220803,0.39070752263069153,0.46269071102142334,0.40393877029418945,0.4667643904685974,0.5584282279014587,0.4896198511123657,0.49147042632102966,0.5249863862991333
20220804,,0.2791418731212616,0.22714011371135712,0.42132943868637085,0.5729559063911438,0.5864615440368652,0.5556907653808594,0.48319271206855774
20220805,0.3346670866012573,0.36982616782188416,0.29207825660705566,0.3714585602283478,0.5746737122535706,0.5203478932380676,0.5138339996337891,0.47606974840164185
20220806,0.38937512040138245,0.35480278730392456,0.39743196964263916,0.33500656485557556,0.4000799357891083,0.43230512738227844,0.4903540015220642,0.44410452246665955
20220807,,0.3939998745918274,0.35980355739593506,0.3949088156223297,0.5082221031188965,0.41114965081214905,0.4238720238208771,0.39583444595336914
20220808,0.26554006338119507,0.3668343722820282,0.30836737155914307,0.34172919392585754,0.44224727153778076,0.4095214903354645,0.5116870999336243,0.5686526894569397
20220809,0.22262389957904816,0.2507137656211853,0.24647179245948792,0.3432011902332306,0.46125268936157227,0.43295589089393616,,
20220810,,0.2501876950263977,0.2705957889556885,0.2708383798599243,0.43282848596572876,0.40050017833709717,0.43539538979530334,0.4050213694572449
20220811,0.3106584846973419,,,,,0.43419185280799866,0.4283760190010071,0.29149559140205383
20220812,0.23610927164554596,0.16512753069400787,0.19524143636226654,0.31993386149406433,0.6414633393287659,0.4242881238460541,0.44604483246803284,0.3942202925682068
20220813,0.38015303015708923,0.3359978199005127,0.27563855051994324,0.31509125232696533,0.31513074040412903,0.2882213890552521,0.39928266406059265,0.45603615045547485
20220814,0.30344706773757935,0.3102288544178009,0.25495558977127075,0.32862961292266846,0.4735337197780609,0.38737863302230835,0.3984221816062927,0.4257776141166687
20220815,0.28731784224510193,0.2919701337814331,0.2564713656902313,0.29189634323120117,0.4182409346103668,0.3615710437297821,0.4165264964103699,0.431138813495636
20220816,,,,,,0.29732781648635864,0.35143911838531494,0.47718673944473267
20220817,0.2827649712562561,0.2781580984592438,0.2417813241481781,0.25731536746025085,,,,
20220818,0.26821333169937134,0.27526214718818665,0.2717667818069458,0.30378207564353943,0.3676167130470276,0.35867610573768616,0.4346543252468109,
20220819,0.17912249267101288,0.17872603237628937,0.23828092217445374,0.2802574336528778,0.42289379239082336,0.33620786666870117,0.3997457027435303,0.4041846692562103
20220820,0.19024400413036346,0.1721540093421936,0.21364794671535492,0.25004100799560547,0.22449305653572083,0.23908114433288574,0.2920916974544525,0.3591957092285156
20220821,0.17601321637630463,0.2643866539001465,0.22845247387886047,0.21791739761829376,0.26597312092781067,0.23102667927742004,0.2738143503665924,0.3403635025024414
20220822,0.26209941506385803,0.3256189525127411,0.34957465529441833,,,,,
20220823,,0.2158592939376831,0.18383906781673431,,,0.2738191783428192,0.20081950724124908,0.22300507128238678
20220824,,0.2272493988275528,0.16800737380981445,0.2770487666130066,0.347200870513916,0.27025237679481506,0.32132256031036377,0.32070639729499817
20220825,,0.2708353102207184,0.2077692300081253,0.30088597536087036,0.4168224632740021,0.26043641567230225,0.3133482038974762,0.6374033689498901
20220826,0.27998945116996765,0.29982835054397583,0.2333512008190155,0.27525848150253296,0.3530598282814026,0.2953922152519226,0.3082944452762604,0.3641704022884369
20220827,0.21960702538490295,0.29963162541389465,0.2394794076681137,0.31875982880592346,0.3507775366306305,0.3387655019760132,0.32912352681159973,0.41150882840156555
20220828,0.25608786940574646,0.2627286911010742,,0.24498102068901062,0.2967968285083771,0.2948835790157318,0.2982380986213684,0.42594027519226074
20220829,0.2880077064037323,0.3120857775211334,0.26625144481658936,0.25000566244125366,0.4448084533214569,0.40815892815589905,0.452682226896286,
20220830,0.31436076760292053,0.3377050757408142,0.26357030868530273,0.3723353445529938,0.6163962483406067,0.37291285395622253,0.38201096653938293,0.4045305550098419
20220831,0.28707921504974365,0.31954821944236755,0.24830295145511627,0.30070921778678894,0.49569305777549744,0.3301418423652649,0.3798251748085022,0.36656343936920166
20220901,0.2753605544567108,0.2249389886856079,0.16813378036022186,0.2284020632505417,0.29087814688682556,0.2993319630622864,0.33927077054977417,0.39233845472335815
20220902,,0.42414599657058716,,,0.3764859139919281,0.2895461320877075,0.25257375836372375,0.2865782082080841
20220903,,,,,,,0.542375922203064,
20220904,0.20746761560440063,,,,,,,
20220905,,,0.23147813975811005,0.3213168978691101,0.5067972540855408,0.35138529539108276,0.40284743905067444,0.4423852562904358
20220906,0.2119588702917099,0.25932109355926514,0.16180722415447235,0.19291207194328308,,,,0.2824283242225647
20220907,,,,0.3226300776004791,0.4042578339576721,0.30544033646583557,0.3187773823738098,0.3138083219528198
20220908,,,,,0.35466083884239197,0.4109833538532257,,0.2508081793785095
20220909,0.27668413519859314,0.25346726179122925,0.20713290572166443,0.29675784707069397,0.7176706790924072,,0.3468751013278961,0.35569900274276733
20220910,0.2793683111667633,0.27118033170700073,0.2068016678094864,0.18804961442947388,0.4096406102180481,0.27717941999435425,0.27923983335494995,0.32703912258148193
20220911,0.25957220792770386,0.2600410282611847,,0.2774902880191803,0.38929492235183716,0.2688094675540924,0.3030490279197693,0.3836745619773865
20220912,0.2763623297214508,0.34049028158187866,0.20787295699119568,0.23622378706932068,0.31132587790489197,0.24902518093585968,0.28106504678726196,0.3510529696941376
20220913,0.2697341740131378,,0.21984432637691498,0.4133486747741699,,,,
20220914,0.27047038078308105,0.23022092878818512,0.20215843617916107,0.3209238052368164,0.4826011061668396,0.3498151898384094,0.3439496159553528,0.30103978514671326
20220915,0.28025466203689575,0.3146810233592987,0.1960517019033432,0.4155963361263275,0.6640331149101257,0.421184241771698,0.3941214978694916,0.42475348711013794
20220916,,,0.3191312849521637,0.34373539686203003,0.5600611567497253,0.43720611929893494,0.45132240653038025,0.4055210053920746
20220917,0.318502813577652,0.3658599853515625,0.2657984793186188,0.3203524351119995,0.4168800711631775,0.3873690664768219,0.4309980273246765,0.2865387499332428
20220918,0.31374651193618774,0.3356809616088867,0.2596181333065033,0.289396196603775,0.2938331663608551,0.25138339400291443,0.3168766498565674,0.37312746047973633
20220919,0.2176641821861267,0.306730180978775,0.25253748893737793,,,,,
20220920,0.30963608622550964,0.30470579862594604,0.24181166291236877,0.30305159091949463,0.5639808177947998,0.268012672662735,0.2608635127544403,
20220921,0.27747026085853577,0.3048344552516937,0.22924934327602386,0.32091137766838074,0.5271086096763611,0.24536901712417603,0.290946364402771,0.39683154225349426
20220922,,,,,0.3890380561351776,0.2085896134376526,0.2457386553287506,0.36709538102149963
20220923,0.2693108916282654,0.31261056661605835,0.23183029890060425,0.22163088619709015,0.27273014187812805,0.1498999446630478,,
20220924,,0.2848857343196869,0.25172683596611023,0.321684867143631,0.5777800679206848,0.2903381288051605,0.24466955661773682,0.30558642745018005
20220925,0.21830442547798157,0.300859272480011,0.2216230183839798,0.1714240163564682,0.2626022696495056,,,
20220926,0.20749352872371674,0.24320007860660553,0.18244409561157227,0.23627504706382751,0.48605096340179443,0.17466838657855988,0.17800073325634003,0.24634216725826263
20220927,0.2150125652551651,0.23185338079929352,0.17191293835639954,0.3703565001487732,0.5540440082550049,0.17733578383922577,0.22465196251869202,
20220928,0.25833478569984436,0.29803770780563354,0.14828573167324066,0.20126312971115112,0.3875840902328491,0.18318863213062286,0.22784771025180817,0.6585872769355774
20220929,0.25999346375465393,0.2673082947731018,0.19653289020061493,0.26225024461746216,0.4313534200191498,0.19308051466941833,0.2527391314506531,0.32596826553344727
20220930,0.27021723985671997,0.2667873501777649,0.19234541058540344,0.2593989372253418,0.34049326181411743,0.22375835478305817,0.3512401282787323,0.3854888677597046
20221001,,,,,,0.2018013447523117,0.318049818277359,0.39398375153541565
20221003,,,,0.2327895611524582,,,,
20221004,0.26591598987579346,0.28354009985923767,,,0.11849647015333176,0.08040344715118408,0.1532180905342102,
20221005,0.20514324307441711,,0.16504605114459991,0.2195923924446106,0.21727490425109863,0.17834040522575378,0.24559509754180908,0.24316436052322388
20221006,,0.1761750727891922,0.1727270931005478,0.270120233297348,0.45140716433525085,0.1479966938495636,0.16473990678787231,
20221007,0.2620621621608734,0.31560057401657104,,,0.22454111278057098,0.13451151549816132,0.18700042366981506,0.2538973093032837
20221008,0.23375734686851501,0.2563343346118927,0.18691062927246094,0.22051267325878143,0.2855386435985565,0.1732233613729477,0.20451152324676514,0.3012368381023407
20221009,,,,0.21451202034950256,0.2791900336742401,0.1511368453502655,0.19254262745380402,0.29059356451034546
20221010,0.17680945992469788,0.22114862501621246,0.1817188560962677,0.1991426944732666,,,,
20221011,0.19967301189899445,0.2281278669834137,0.17933841049671173,0.2897190749645233,0.3858932852745056,0.17983685433864594,0.20860856771469116,0.28610673546791077
20221012,,,,0.2303098738193512,0.3872039020061493,0.17159432172775269,,
20221013,,,0.2260008156299591,,,,0.19678640365600586,0.22250817716121674
20221014,,0.2893370985984802,0.1772523671388626,0.1961905062198639,0.3068217635154724,0.18785281479358673,0.1968664824962616,
20221015,0.21583320200443268,0.27876320481300354,0.23954170942306519,0.27109670639038086,,,0.15398560464382172,0.24207445979118347
20221016,0.2314012199640274,0.2628549337387085,0.19345925748348236,0.26805543899536133,0.47915592789649963,0.25553515553474426,0.260231077671051,0.29420244693756104
20221017,,,,0.1534099578857422,0.4862722158432007,0.15652470290660858,,
20221018,0.2087976634502411,,,,,0.15673023462295532,0.16910400986671448,0.16426369547843933
20221019,0.23973052203655243,0.23396895825862885,0.16467054188251495,0.24657076597213745,0.3853650391101837,,,
20221020,0.2520601153373718,0.25965815782546997,0.22094886004924774,0.31944143772125244,0.3016670346260071,0.16233262419700623,0.18481966853141785,0.26411136984825134
20221021,,0.2322731763124466,0.21207422018051147,0.27798140048980713,,0.2351168692111969,0.22982895374298096,0.2679520547389984
20221022,,0.18824410438537598,,,,,,
20221023,0.23095497488975525,,,,0.5082091689109802,0.16031813621520996,0.1594037264585495,0.1975647509098053
20221024,,,0.13544052839279175,,,,,0.2747572660446167
20221025,,0.22557641565799713,,,,,,
20221026,0.20118282735347748,0.2249045968055725,0.1700466424226761,0.20782165229320526,0.36727386713027954,0.19241248071193695,0.13589563965797424,0.17438217997550964
20221027,0.21860769391059875,0.2226705551147461,0.1519465148448944,0.16077610850334167,0.30401411652565,0.1530093550682068,0.1827949434518814,0.2518784999847412
20221028,,,,,0.17229166626930237,0.1162218227982521,0.1166117861866951,0.26986292004585266
20221029,,,,,,,0.2232004702091217,0.23988394439220428
20221030,,,,,,,,
20221031,,,0.1888420134782791,,,,,
20221101,0.20336824655532837,0.21083344519138336,0.16658736765384674,0.20374704897403717,0.18625476956367493,0.20706583559513092,0.362163245677948,0.4660482704639435
20221102,,,0.1892836093902588,0.14899523556232452,0.7050274014472961,0.18677781522274017,,0.2956925928592682
20221103,,,,,,0.20356176793575287,0.24322694540023804,0.3696857988834381
20221104,0.27828487753868103,0.2940753102302551,0.22412289679050446,0.3620774447917938,,,,
20221105,0.18629960715770721,0.2805452346801758,0.15354354679584503,0.1667778044939041,0.236479714512825,0.16873212158679962,0.24420446157455444,0.25798457860946655
20221106,0.18589837849140167,,,,,0.15747645497322083,0.18483315408229828,0.2649387717247009
20221107,,,,0.4329352080821991,,0.12915007770061493,0.18681398034095764,0.29819929599761963
20221108,,,,,0.42966556549072266,0.16570673882961273,0.16567662358283997,0.29557424783706665
20221109,,,,,,,,
20221110,,0.20922401547431946,0.22952036559581757,0.2403360903263092,0.30289241671562195,0.17664870619773865,0.17246441543102264,
20221111,,0.1598544418811798,0.11431790888309479,0.26023194193840027,,,,
20221112,0.23118068277835846,0.1878090500831604,0.15616494417190552,0.2974880039691925,0.3933548331260681,0.15922223031520844,0.20387381315231323,0.290822833776474
20221113,,,,,0.2905689477920532,0.13154734671115875,0.16129329800605774,0.23474715650081635
20221114,0.1404438614845276,0.20769552886486053,,,,,,0.22186757624149323
20221115,0.22669632732868195,0.26343727111816406,0.16966457664966583,0.17179013788700104,0.18329738080501556,,,
20221116,0.21534118056297302,0.24881531298160553,0.17531472444534302,0.26322636008262634,0.3626181483268738,0.19972388446331024,0.26398545503616333,0.34277066588401794
20221117,0.1985311508178711,0.27092859148979187,0.1996023803949356,0.387003093957901,,,0.1870431751012802,0.31360867619514465
20221118,,,0.07872916758060455,0.23621733486652374,0.388532817363739,0.1793002039194107,0.24244873225688934,0.2712010443210602
20221119,,,,,,,0.20494236052036285,0.20408575236797333
20221120,0.19349299371242523,,0.23475229740142822,,,,,
20221121,0.20872469246387482,0.2911388874053955,0.2235252559185028,,,,,
20221122,0.22530905902385712,0.2643255591392517,0.19807322323322296,0.29672470688819885,0.42944419384002686,0.23891985416412354,0.3318956792354584,0.3938005268573761
20221123,,,,0.10300073027610779,0.13526032865047455,0.19172781705856323,0.2582358419895172,0.2899390161037445
20221124,,,,,0.5215408205986023,0.2271687090396881,0.27670055627822876,0.33268362283706665
20221125,,,0.1596752405166626,,,,,
20221126,,0.18257808685302734,0.19436314702033997,0.2744608223438263,0.2515874207019806,,,
20221127,0.1652558147907257,0.15985369682312012,0.14721514284610748,0.1448485404253006,0.22475646436214447,0.12499185651540756,,
20221128,0.2090415060520172,0.2222628891468048,0.135910302400589,0.1060231402516365,,0.15013986825942993,0.17506253719329834,
20221129,,,,0.2880370020866394,0.4702704846858978,0.20427346229553223,0.24549756944179535,0.2621491253376007
20221130,,,,,,,,0.32134273648262024
20221201,0.2389041632413864,0.28575319051742554,0.19297945499420166,0.18151071667671204,,,,
20221202,,0.25518307089805603,0.1965273916721344,0.3039425313472748,0.3990139663219452,0.23353159427642822,0.2768175005912781,0.31916600465774536
20221203,0.1460566371679306,,,,,0.1915363222360611,0.2511768937110901,0.2791963815689087
20221204,,,,,,,,
20221205,,,,,,,0.18221169710159302,
20221206,0.17197149991989136,,,,,,,
20221207,0.20056447386741638,0.195393905043602,0.17653658986091614,0.31930771470069885,0.17776831984519958,0.20553253591060638,0.2522212564945221,
20221208,0.19776783883571625,,,,,0.25246602296829224,,
20221209,,0.29067325592041016,0.2290259599685669,0.3562687039375305,0.4275847375392914,0.2946365773677826,0.3304935693740845,0.34922099113464355
20221210,,,,,,0.2043684720993042,0.23115916550159454,0.3003567159175873
20221211,0.15483830869197845,0.22327636182308197,0.2690274715423584,,,,,
20221212,0.1548430174589157,0.21609662473201752,0.1474812775850296,0.18556664884090424,0.2687489986419678,0.19725178182125092,,
20221213,,0.16061480343341827,0.1402588039636612,0.5068790912628174,,0.25386497378349304,0.24918906390666962,0.19949345290660858
20221214,,0.19295920431613922,0.14734268188476562,0.2269742637872696,0.19510185718536377,0.19658099114894867,0.26123684644699097,0.28988486528396606
20221215,,,,,0.40342259407043457,0.2860364317893982,0.29543179273605347,0.3592455983161926
20221216,0.17051629722118378,,,,,,,0.4733998775482178
20221217,0.18531525135040283,,,,,,,
20221218,0.19485075771808624,0.24566009640693665,,,,,,
20221219,0.20127734541893005,0.19756664335727692,0.17248395085334778,0.24885912239551544,0.3465336263179779,0.2634733319282532,0.3373166024684906,0.35431981086730957
20221220,,,,0.1701326072216034,0.4066448211669922,0.21362455189228058,0.27047526836395264,0.33497124910354614
20221221,0.17718006670475006,,,,,,,0.21747586131095886
20221222,0.17710375785827637,0.20814064145088196,0.19555318355560303,0.21623541414737701,,,,
20221223,0.15955360233783722,0.22441093623638153,0.22607256472110748,0.342056006193161,0.275864839553833,0.2135944813489914,0.27253854274749756,0.23902685940265656
20221224,0.14922986924648285,0.22171814739704132,0.19920535385608673,0.3194747865200043,0.35646939277648926,0.2014491707086563,0.24942876398563385,0.31065964698791504
20221225,,,0.19907160103321075,0.2594195008277893,0.2696521282196045,0.18251188099384308,0.22540320456027985,0.2625502943992615
20221226,,,,,,0.16629616916179657,0.18492846190929413,0.19772033393383026
20221227,,,,,,,,
20221228,0.15794184803962708,0.287276953458786,0.24676337838172913,0.3198542892932892,0.23058392107486725,0.20901501178741455,,
20221229,0.153206467628479,0.24601240456104279,0.22299565374851227,0.38599520921707153,,,0.28553858399391174,0.32875868678092957
20221230,,0.25837329030036926,0.22865529358386993,0.4778766632080078,0.5053994655609131,0.21875391900539398,0.29215413331985474,0.3346306383609772
20221231,,,,,0.3566843271255493,0.2307344228029251,0.2925315201282501,0.35152921080589294
20230101,0.14856892824172974,0.21345652639865875,,,,,,0.4370768070220947
20230102,,,,,,,,
20230103,0.11936720460653305,0.15376891195774078,0.11771437525749207,0.17366033792495728,,,0.14506451785564423,0.15544383227825165
20230104,0.22046469151973724,,,,,0.10888182371854782,0.25155454874038696,0.3043855130672455
20230105,,,,0.28274136781692505,0.46558743715286255,0.2375365048646927,0.31098005175590515,0.3474765121936798
20230106,0.26809078454971313,,,,,,0.3763587176799774,0.4174151122570038
20230107,0.12016353011131287,,0.207048237323761,0.2760264575481415,,,,
20230108,0.20375581085681915,0.2811153531074524,0.24878959357738495,0.2132575809955597,0.15900486707687378,,,
20230109,0.17854377627372742,0.26329874992370605,0.21974095702171326,0.317166268825531,0.18528075516223907,0.18316324055194855,,0.34579014778137207
20230110,,,0.24677613377571106,0.34718725085258484,0.20655424892902374,,0.36720940470695496,0.27650439739227295
20230111,,,,,,0.2512107193470001,0.27161872386932373,0.3274540901184082
20230112,,0.14811459183692932,0.2274547666311264,0.3814118802547455,,,,
20230113,0.17755290865898132,0.28199154138565063,0.26922234892845154,0.2887561619281769,0.24251511693000793,0.2438085824251175,0.31572476029396057,0.33993425965309143
20230114,0.10672210901975632,0.15642428398132324,0.15714390575885773,,,,,0.2729222774505615
20230115,,0.2683175206184387,0.24343837797641754,0.39224669337272644,0.4336296617984772,0.26836463809013367,0.3546581566333771,0.34881827235221863
20230116,,,,,0.2877366244792938,0.24878914654254913,0.3754081428050995,0.39290082454681396
20230117,0.24676737189292908,0.37639373540878296,,,,,,
20230118,0.2444118857383728,0.2023252695798874,0.2259892225265503,0.33431345224380493,,,,
20230119,0.2630097270011902,0.2530318796634674,0.2372589111328125,,,,0.5443224906921387,0.5013832449913025
20230120,0.3765014111995697,0.36472389101982117,0.2677249312400818,0.4042522609233856,0.29425111413002014,0.3096219003200531,0.4409734308719635,0.4883075952529907
20230121,,,,0.4238675832748413,0.26464083790779114,0.20334535837173462,0.418071985244751,0.49850115180015564
20230122,,0.26160693168640137,,,,,0.44400086998939514,0.4991719722747803
20230123,0.41337448358535767,0.3380087912082672,0.2735913395881653,0.3785077631473541,0.22171682119369507,,,
20230124,0.36062532663345337,0.3703656792640686,0.2812141478061676,0.2932325005531311,0.28540652990341187,0.31025463342666626,0.4802548587322235,0.30673348903656006
20230125,0.3409797251224518,0.2143373042345047,0.23718023300170898,0.25242215394973755,,,0.3508658707141876,
20230126,,,0.2576609253883362,0.29220739006996155,0.22660599648952484,0.3225622773170471,0.38500455021858215,0.372516393661499
20230127,,,,,,0.2074025422334671,,0.2261066436767578
20230128,0.22075676918029785,0.2761724889278412,0.25910329818725586,0.21303971111774445,,,,
20230129,0.2806859016418457,0.36403393745422363,0.3586612343788147,0.2823496162891388,0.2670610845088959,0.313774436712265,0.20514535903930664,
20230130,0.24460214376449585,0.324819415807724,0.2785260081291199,0.2597048580646515,0.33322104811668396,0.27208465337753296,,0.2571866810321808
20230131,,0.22576144337654114,0.26835897564888,0.29098793864250183,0.2803190052509308,0.24650292098522186,0.3168814778327942,
20230201,,,,,,,,
20230202,,,,,,,,
20230203,,,,,,,,
20230204,0.2628612518310547,0.3643033504486084,0.39376574754714966,0.42929714918136597,0.5748496055603027,0.2133781760931015,0.4114874005317688,0.41209858655929565
20230205,0.36489972472190857,0.3886971175670624,0.3592243194580078,0.43414920568466187,0.5780496597290039,0.40569859743118286,0.38472411036491394,0.34623613953590393
20230206,,,,0.5719054341316223,0.5955808162689209,0.3673723340034485,0.35564425587654114,0.36825138330459595
20230207,0.23537810146808624,0.49852287769317627,0.5443407297134399,,,0.5354288816452026,0.37027376890182495,0.3867410123348236
20230208,0.10778098553419113,0.4356093108654022,0.4193865656852722,0.32668617367744446,0.3473389446735382,0.323064923286438,,
20230209,,0.48698240518569946,,,,,,0.41109034419059753
20230210,0.2384057492017746,0.3825232982635498,0.38063952326774597,0.362615168094635,0.4638531804084778,0.2624521851539612,0.28762638568878174,0.3987256586551666
20230211,,,0.25398439168930054,0.2688654363155365,,,0.24436774849891663,0.39160796999931335
20230212,0.23238341510295868,0.25381699204444885,,,,,,
20230213,0.2240196168422699,0.40680059790611267,0.3021683692932129,0.3585650622844696,,,,
20230214,0.3379344046115875,0.45676881074905396,0.4312453269958496,0.33815664052963257,0.39216580986976624,0.30761638283729553,0.399020791053772,0.39984551072120667
20230215,0.20974598824977875,,0.4316156208515167,,0.20205314457416534,0.2656189799308777,0.4068087041378021,0.35918664932250977
20230216,0.25884556770324707,0.4034758508205414,0.3526192903518677,0.33651286363601685,0.3517690598964691,0.2574613094329834,0.20193634927272797,0.32290151715278625
20230217,0.20290248095989227,,,,0.38577187061309814,0.23776808381080627,0.29676681756973267,0.3189167082309723
20230218,0.21403846144676208,0.30952900648117065,0.3361711800098419,0.346354216337204,,,,0.40180811285972595
20230219,0.30560678243637085,0.31171879172325134,0.2786111533641815,0.3551967144012451,0.35707369446754456,0.26716265082359314,0.32647380232810974,0.30479392409324646
20230220,,,,,,0.2542092502117157,0.3179533779621124,0.3119095265865326
20230221,0.3279067873954773,0.3624240756034851,0.3356880247592926,,,0.2593368887901306,0.3396483063697815,0.3375297486782074
20230222,,,0.2545506954193115,0.41130393743515015,0.3550827205181122,0.29607146978378296,0.3515857458114624,0.33850452303886414
20230223,,,,,,0.23423990607261658,0.3041704595088959,0.266543447971344
20230224,0.336452841758728,0.37280482053756714,0.38368338346481323,0.32909223437309265,0.21724918484687805,0.16816306114196777,,
20230225,0.3292866349220276,0.49169111251831055,0.42768242955207825,0.5223144292831421,0.3182245194911957,0.23324015736579895,0.30760398507118225,0.26807987689971924
20230226,0.3021525740623474,0.37290117144584656,0.43066203594207764,0.46058210730552673,0.3151938319206238,0.2651425898075104,0.3673990070819855,0.3140120804309845
20230227,,0.22009453177452087,0.5040620565414429,,0.5382013320922852,0.24942290782928467,0.3268289268016815,0.2933194935321808
20230228,,0.260836660861969,,,0.22746708989143372,0.2884218096733093,0.38471144437789917,
20230301,0.3612785041332245,0.3437802493572235,0.15559552609920502,0.17410120368003845,0.25875183939933777,,,0.7509052157402039
20230302,0.3642914295196533,0.638042151927948,0.6631708741188049,0.705929160118103,0.39334434270858765,0.3415129780769348,0.4636836647987366,0.44786977767944336
20230303,0.4730578064918518,0.498419851064682,0.4832565188407898,0.47695013880729675,0.5524774193763733,0.36241477727890015,0.4458908438682556,0.40648841857910156
20230304,0.3871093690395355,0.4705652594566345,0.4862382411956787,0.3744303286075592,0.6274177432060242,0.41998541355133057,0.41345202922821045,0.3574075400829315
20230305,0.43681010603904724,0.486051470041275,,0.32471227645874023,0.41300317645072937,0.36273130774497986,0.29721951484680176,0.29288947582244873
20230306,,,0.48640871047973633,0.2738710939884186,,,0.3149319887161255,0.28669974207878113
20230307,0.3456755578517914,0.8590245246887207,0.4906097650527954,,0.47503262758255005,0.3445020020008087,0.4011194109916687,0.20613300800323486
20230308,0.41165509819984436,0.42090195417404175,0.41981592774391174,0.44229376316070557,,0.1510397046804428,,0.12744373083114624
20230309,0.4177418053150177,0.5488208532333374,0.6716046929359436,0.5903040170669556,0.6184046268463135,0.3662464916706085,0.322272926568985,0.2689935564994812
20230310,0.3173876404762268,,,1.0930349826812744,0.49873441457748413,0.5018911957740784,0.3502959609031677,0.3005671501159668
20230311,0.2967708706855774,0.4188077449798584,0.40897461771965027,,,0.43732041120529175,0.3952259421348572,0.3545275628566742
20230312,0.3732820749282837,0.2912660539150238,0.6245003342628479,0.5637539029121399,0.18098916113376617,0.2853308916091919,,
20230313,0.4035356044769287,0.32920196652412415,0.5895271897315979,0.4925242066383362,0.2900812327861786,0.37204208970069885,0.3957369923591614,0.3713676333427429
20230314,0.286795973777771,0.4451034665107727,0.5305899381637573,,0.42671075463294983,0.45989271998405457,0.2688116729259491,0.4085830748081207
20230315,0.2794483006000519,0.39408519864082336,0.40441733598709106,0.3791142702102661,0.4247159957885742,0.2927095293998718,0.28327444195747375,0.35694023966789246
20230316,0.2552589774131775,0.33657094836235046,0.4008256793022156,0.427854984998703,0.5053366422653198,0.2888413071632385,0.27954888343811035,0.34341830015182495
20230317,0.20632736384868622,0.35262399911880493,0.48182806372642517,0.43470510840415955,0.40741682052612305,0.5189114809036255,0.3310668170452118,0.3796077370643616
20230318,0.2668763995170593,0.3238578140735626,0.320677250623703,0.3759075701236725,0.17856736481189728,0.1874130666255951,0.24205970764160156,0.15283851325511932
20230319,0.3529685437679291,0.38545912504196167,0.3929801285266876,0.5384811758995056,0.2984011471271515,0.3942093253135681,0.2051974982023239,0.17468835413455963
20230320,0.4333258867263794,0.5757144093513489,0.6737185120582581,0.6471839547157288,0.5273289680480957,0.3951578140258789,0.43532800674438477,0.5304877161979675
20230321,,0.5764533877372742,0.5058639049530029,0.7274209260940552,0.8251616954803467,0.36313363909721375,0.3228577673435211,0.344329833984375
20230322,0.458364874124527,,,0.8947122097015381,0.6820670366287231,0.399807870388031,0.503616988658905,0.625038743019104
20230323,,,,,,,,0.4905683100223541
20230324,,,0.6879898309707642,0.5869207978248596,0.756426990032196,,,
20230325,0.33911895751953125,,,,,,,
20230326,,,,,,,,
20230327,0.3556200861930847,0.5142080783843994,0.5335598587989807,0.44666746258735657,0.4382045567035675,0.23069408535957336,0.222587451338768,0.31586214900016785
20230328,0.48288318514823914,0.2959498167037964,0.3684382438659668,0.4592139422893524,0.7646995186805725,0.4044588506221771,0.3881860375404358,0.33179110288619995
20230329,0.4505661725997925,0.6166154742240906,0.7315746545791626,0.6060127019882202,0.42662522196769714,0.26971185207366943,0.30677375197410583,0.3020339608192444
20230330,0.4410463273525238,0.8543864488601685,,,,,,
20230331,0.4253237247467041,0.5837075114250183,0.644219696521759,0.6194292902946472,0.6999982595443726,0.42845600843429565,,
20230401,,,,0.6771248579025269,0.5653015375137329,0.44226449728012085,0.43769609928131104,0.48325520753860474
20230402,0.2500033676624298,0.37712329626083374,,,,,0.5315800905227661,0.4503641724586487
20230403,0.36347436904907227,0.6094290018081665,,0.48211470246315,0.49338531494140625,0.40419918298721313,0.4626768231391907,0.3587774932384491
20230404,0.35244208574295044,0.462028443813324,0.49897345900535583,0.7091629505157471,,,,0.28572288155555725
20230405,0.32695093750953674,0.4396915137767792,0.4293593168258667,0.5698350667953491,0.5364421606063843,0.3209477961063385,0.41676369309425354,0.3859211504459381
20230406,0.2979183495044708,0.31175312399864197,0.421151727437973,0.3807220757007599,0.4614715576171875,0.3622148334980011,0.4205835461616516,0.4195443391799927
20230407,0.3164904713630676,0.5541050434112549,0.6116207838058472,0.4761100113391876,,,,0.24318905174732208
20230408,,,,,,0.3386838138103485,,0.3520166575908661
20230409,0.2939978837966919,0.2792373597621918,,,,,0.23907899856567383,0.3178393244743347
20230410,0.37762948870658875,0.6491920351982117,0.7478697896003723,0.7336500883102417,0.6022709012031555,0.4190762937068939,0.5589293837547302,0.427265465259552
20230411,0.3810287415981293,0.42069730162620544,0.5762978196144104,0.7462758421897888,0.7095348834991455,0.3996780812740326,0.5058876276016235,0.36570635437965393
20230412,0.34185338020324707,0.5413403511047363,0.6088370680809021,0.586676299571991,0.568101704120636,0.37410953640937805,0.49555402994155884,0.4327668249607086
20230413,0.4352549612522125,0.632387638092041,0.6672506928443909,0.6420865654945374,0.5703979134559631,0.4134666621685028,0.4989527463912964,0.47569313645362854
20230414,,0.6695690155029297,0.8421354293823242,0.9512925148010254,,,,
20230415,0.457637757062912,0.590070903301239,0.7969050407409668,0.6428385376930237,0.616517961025238,0.512626588344574,,
20230416,0.4240849018096924,0.5159265995025635,0.6239340901374817,0.763010561466217,0.7622060179710388,0.4417547285556793,0.5702715516090393,0.4902420938014984
20230417,0.37203118205070496,0.5613721013069153,0.6423792839050293,0.7095140218734741,0.7343452572822571,0.45333555340766907,0.6088369488716125,0.6964896321296692
20230418,0.13406938314437866,0.3951951563358307,,,0.3971821963787079,0.4400739073753357,0.538051187992096,0.5725100636482239
20230419,0.35491496324539185,0.6707179546356201,0.9435001611709595,0.3985667824745178,0.36733272671699524,0.29633644223213196,0.37228548526763916,0.5343913435935974
20230420,0.41563189029693604,0.6348257660865784,0.7490988373756409,0.780997633934021,0.8929128050804138,0.5227662920951843,,
20230421,0.3753189742565155,0.58298659324646,0.6719790101051331,0.7225757837295532,0.7243971228599548,0.4591485559940338,0.6365824937820435,0.7152353525161743
20230422,0.37046313285827637,0.5402299761772156,0.6319799423217773,0.6839742064476013,0.6727094650268555,0.43256324529647827,0.6143368482589722,0.6488773822784424
20230423,,0.5562005639076233,0.6480750441551208,0.6804581880569458,0.5929147601127625,0.44142767786979675,0.6161381006240845,0.6618876457214355
20230424,0.4075644910335541,,0.532298743724823,,,0.47452792525291443,0.6792058944702148,0.6385611891746521
20230425,0.33709368109703064,,,,,0.40551215410232544,0.5423051714897156,0.5799099206924438
20230426,0.3146197199821472,0.4223441183567047,0.42762768268585205,0.5003225803375244,0.6435690522193909,0.5320801734924316,0.7422274947166443,
20230427,0.22223901748657227,,0.5417070388793945,0.7182571887969971,0.6253197193145752,0.4544421136379242,0.6409721374511719,0.6609025597572327
20230428,0.26673832535743713,0.42244431376457214,0.37109509110450745,0.5228630304336548,0.6255712509155273,0.3699361979961395,0.542637050151825,0.6076174378395081
20230429,0.22539466619491577,,0.24463877081871033,0.494798481464386,0.4307348430156708,0.3412962257862091,0.5059013962745667,0.7317331433296204
20230430,0.42904484272003174,0.6980881690979004,,,,,,
20230501,0.33264288306236267,0.41945353150367737,0.5371576547622681,0.6437830328941345,0.6287693977355957,0.5167539119720459,0.5861133337020874,0.6060041189193726
20230502,0.3193109631538391,0.4281032383441925,0.5162367224693298,0.5802567005157471,0.6409692764282227,0.412573903799057,0.5518474578857422,0.6511216759681702
20230503,0.33206361532211304,0.4200112521648407,0.4656766355037689,0.5346145629882812,0.6063095331192017,0.4068949222564697,0.492243230342865,0.600776731967926
20230504,,0.4419589340686798,0.490605890750885,0.5791754722595215,0.6264035701751709,0.46146973967552185,0.5599278807640076,0.6549493074417114
20230505,0.27462953329086304,0.5020334720611572,0.4500750005245209,,,0.3766946494579315,0.5656624436378479,0.6424376368522644
20230506,0.3838808536529541,0.29702234268188477,0.41162052750587463,0.557279646396637,0.7597957849502563,0.44994983077049255,,0.6278501749038696
20230507,0.37962353229522705,0.4634166657924652,0.31465718150138855,0.5413291454315186,0.4619436264038086,0.5643502473831177,0.7593745589256287,0.6450464725494385
20230508,0.34068763256073,0.42495250701904297,0.44449496269226074,0.668846845626831,0.8134068250656128,0.4624166488647461,0.6169878840446472,0.6331697106361389
20230509,0.35594573616981506,0.47047561407089233,0.4827936291694641,0.7254565358161926,0.788131594657898,0.47704577445983887,0.6240555047988892,0.6987289786338806
20230510,,,0.48078155517578125,0.7210000157356262,0.691258430480957,0.48167040944099426,0.6100603938102722,0.7079964876174927
20230511,0.2517431676387787,0.40106791257858276,0.5620051622390747,0.7362233400344849,1.2234240770339966,,0.6637545228004456,0.9191732406616211
20230512,0.3802753984928131,0.4612048864364624,0.4620952904224396,0.5389063358306885,0.7621907591819763,0.5126499533653259,0.6974509358406067,0.8024715781211853
20230513,0.29481813311576843,0.39901450276374817,,0.8849489092826843,,0.6256250143051147,0.7915298938751221,0.8092922568321228
20230514,,,0.3697091341018677,0.5619919896125793,0.6915362477302551,0.4557081460952759,0.5631659030914307,0.6143477559089661
20230515,0.330849289894104,0.3852754533290863,0.3197755813598633,0.4413938820362091,0.5991316437721252,0.3984260559082031,0.5306116938591003,0.6642492413520813
20230516,0.4007650315761566,0.526619017124176,,0.5831157565116882,,0.39270541071891785,0.4420674741268158,0.5986104607582092
20230517,0.33936068415641785,0.40125828981399536,0.4254917800426483,0.5240993499755859,0.6627868413925171,0.499656617641449,0.5526305437088013,
20230518,0.3348160684108734,0.3751159906387329,0.4021903872489929,0.4697572886943817,0.5932497978210449,0.4636467695236206,0.5828433632850647,0.4389795958995819
20230519,0.2259194403886795,0.3306531310081482,0.2497137188911438,0.3518962860107422,0.31754928827285767,0.3760467767715454,0.5650007724761963,0.5154081583023071
20230520,0.15369084477424622,0.25317618250846863,0.22773468494415283,0.2650749087333679,0.4312967360019684,0.3931119441986084,0.4243628680706024,0.5532847046852112
20230521,,,,,,0.16034428775310516,0.3189716339111328,0.4208972752094269
20230522,0.33707594871520996,0.43830230832099915,0.429369181394577,0.5278529524803162,0.61123126745224,0.4759054183959961,,0.5086919665336609
20230523,0.3354354798793793,0.4484732449054718,0.4323541522026062,0.5370063185691833,0.8375775814056396,0.5754983425140381,0.6937890648841858,0.7366669178009033
20230524,0.17451387643814087,,0.34758806228637695,0.5078340172767639,0.8508975505828857,0.5834336876869202,0.6533939838409424,
20230525,,0.4996991455554962,0.4127453863620758,0.5591009855270386,0.7682135105133057,0.522463321685791,0.5007659792900085,0.5150114893913269
20230526,,,,,0.49941349029541016,0.30631864070892334,,0.24872414767742157
20230527,0.3212966322898865,0.4874882698059082,0.6086207032203674,0.7403534054756165,1.6304395198822021,0.4636743366718292,0.45797765254974365,0.27935791015625
20230528,0.3763100802898407,0.4201746881008148,0.5468096137046814,0.6442464590072632,1.0452024936676025,0.6531028747558594,0.7443677186965942,
20230529,,0.47239744663238525,,,1.3212742805480957,0.7329267263412476,0.6321330666542053,0.6554598808288574
20230530,,0.49620556831359863,0.5175500512123108,0.5570740103721619,,,,1.0100371837615967
20230531,,,0.4537174701690674,0.3286820650100708,0.7847214341163635,0.5465254783630371,0.5967546105384827,
20230601,,,,1.0146418809890747,,0.5558350086212158,0.6068220734596252,0.7117805480957031
20230602,,,,0.43272140622138977,,0.5855775475502014,0.7068827152252197,0.8943617343902588
20230603,,0.2816387116909027,0.4908064305782318,0.46876367926597595,0.626666247844696,0.5068632364273071,0.5545851588249207,0.9992852807044983
20230604,0.4234849810600281,0.539999783039093,0.5001354813575745,0.7901101112365723,0.6292068362236023,0.5413697957992554,0.629104733467102,0.6157971620559692
20230605,0.36673450469970703,0.45729321241378784,0.48454970121383667,0.5650355815887451,0.6103917360305786,0.5350948572158813,0.5225024819374084,0.6420474052429199
20230606,0.3996172249317169,0.6350942850112915,0.6133298277854919,0.5951651930809021,0.6272982358932495,0.49674269556999207,0.551116406917572,0.7768822312355042
20230607,0.25361064076423645,0.25085368752479553,0.5804710984230042,,1.0014768838882446,1.089607834815979,,
20230608,0.25438863039016724,0.22930245101451874,,0.678279459476471,0.8679803013801575,0.797887921333313,0.7366946935653687,0.860782265663147
20230609,0.29053905606269836,0.27383512258529663,0.3705701231956482,0.47734567523002625,0.5781245827674866,0.5789796113967896,0.4699009954929352,0.562223494052887
20230610,0.39914077520370483,0.3980843722820282,0.3355928957462311,,,0.5360671877861023,0.4101228713989258,0.5902525186538696
20230611,0.5875300765037537,,0.454853355884552,0.5250381231307983,0.6474072337150574,0.6280149221420288,0.5684795379638672,0.7355385422706604
20230612,0.44864052534103394,0.41773733496665955,0.5207327604293823,0.7000939846038818,1.6452040672302246,0.8004602789878845,0.6952064633369446,0.7858011722564697
20230613,0.4472247362136841,0.4729306101799011,0.4462328255176544,0.5543754696846008,0.7423901557922363,0.8283956050872803,0.6865184307098389,0.7302894592285156
20230614,0.206477090716362,0.37986230850219727,0.38962581753730774,0.5902626514434814,0.7355089783668518,0.8608026504516602,0.6734520196914673,0.7338176369667053
20230615,0.3881477117538452,0.40370723605155945,0.3825487494468689,0.4611867368221283,0.6848224401473999,0.6400410532951355,0.6092471480369568,0.6628567576408386
20230616,,,0.4311501085758209,0.4327693581581116,0.5617436766624451,0.597089946269989,0.5795107483863831,0.6544800996780396
20230617,0.44970089197158813,0.5318049192428589,0.5633236169815063,0.6256285309791565,0.5653555989265442,0.5209431648254395,0.41409608721733093,
20230618,0.2169622778892517,0.21718961000442505,0.4807312786579132,0.5098801851272583,0.5927409529685974,0.6320931315422058,0.8602433800697327,
20230619,0.37767133116722107,0.41604161262512207,0.44157320261001587,,,,,
20230620,,0.3859131634235382,0.425368994474411,0.36332905292510986,0.3724983334541321,0.3857188820838928,0.542891800403595,
20230621,0.2193920910358429,,,0.395598828792572,0.5026310682296753,0.4624343812465668,0.5317699909210205,0.5619117617607117
20230622,0.27692911028862,,,0.48045533895492554,0.4426652193069458,0.3302939534187317,0.2585597634315491,
20230623,0.28169575333595276,,0.5157611966133118,0.5979097485542297,0.6945714950561523,0.5610446929931641,0.5492202639579773,
20230624,0.3733222484588623,0.416453093290329,0.5133398771286011,0.569591760635376,0.6643562316894531,0.6438921093940735,0.7063779830932617,
20230625,0.2871586084365845,0.3148168921470642,0.40781736373901367,0.5234204530715942,0.64404296875,0.5841895937919617,0.6516702771186829,0.7343059182167053
20230626,,,0.4007599949836731,0.48048433661460876,0.4999120533466339,0.5121457576751709,0.5168619155883789,
20230627,0.4129549562931061,0.44292256236076355,0.34563085436820984,0.44888514280319214,0.4506055414676666,0.4122980833053589,0.5036360025405884,
20230628,0.3368774950504303,0.312277615070343,0.3544512391090393,0.5417987108230591,0.5300434827804565,0.4090878963470459,0.55448317527771,0.6059427857398987
20230629,0.2684209644794464,0.2663947641849518,0.2615863084793091,0.3810011148452759,0.43907880783081055,0.42410892248153687,0.6696200966835022,0.8552595376968384
20230630,0.23065535724163055,0.16827529668807983,0.21176235377788544,0.3296515643596649,0.3833374083042145,0.3525666892528534,0.43627944588661194,0.5576781630516052
20230701,,0.19476447999477386,0.228965625166893,0.273434042930603,0.2395535558462143,0.3433961570262909,0.48510491847991943,0.5158354640007019
20230702,0.43898269534111023,0.290010005235672,0.3164868652820587,0.30842965841293335,0.26735544204711914,0.35686033964157104,0.41479119658470154,0.41895660758018494
20230703,0.39714646339416504,0.3500813841819763,0.35160768032073975,0.429524302482605,0.31687280535697937,0.3242731988430023,0.4919849634170532,0.5441675186157227
20230704,0.3864160180091858,0.3420943319797516,0.319548636674881,0.3985251486301422,0.5368083119392395,0.43138039112091064,0.579903244972229,0.5966205596923828
20230705,0.2313864380121231,0.3566339612007141,,0.41370055079460144,0.43005502223968506,0.3832832872867584,0.3839707672595978,
20230706,,0.37226179242134094,0.3841058313846588,0.5011849999427795,0.5211382508277893,0.5107335448265076,0.5357294082641602,0.5972416996955872
20230707,,,0.34329545497894287,0.440652996301651,0.511976957321167,0.4766795039176941,0.5266711115837097,0.6944971084594727
20230708,,,0.2807846665382385,0.33281272649765015,0.39931586384773254,0.4051362872123718,0.4050980806350708,0.5419756770133972
20230709,0.4115266799926758,0.4219460189342499,0.3613194227218628,0.3779617249965668,0.4952225089073181,0.4288458526134491,,0.4153612554073334
20230710,0.3840580880641937,0.41112518310546875,0.2976829409599304,0.32612067461013794,0.45228809118270874,0.3864814341068268,0.46583491563796997,0.6637594699859619
20230711,0.3737104535102844,0.3864414393901825,0.2845931649208069,0.3170338571071625,0.4586893916130066,0.362015038728714,0.41642874479293823,0.5507526993751526
20230712,0.37990960478782654,0.36069542169570923,0.258388876914978,0.2793520390987396,0.44511476159095764,0.3595263361930847,0.38954639434814453,0.5135868191719055
20230713,,,0.2979130744934082,0.286508709192276,0.3994670510292053,0.3690578043460846,0.39815157651901245,0.509407103061676
20230714,0.25860822200775146,,,,,0.34297770261764526,0.4277614653110504,0.5038766264915466
20230715,0.35270652174949646,0.3483583629131317,0.3156154453754425,0.314106822013855,0.4418386220932007,0.44056424498558044,0.47590216994285583,0.5881925225257874
20230716,0.348359078168869,0.3255135416984558,0.2878521680831909,0.30226317048072815,0.40557244420051575,0.38337817788124084,0.43941017985343933,0.5770066976547241
20230717,0.2897394299507141,0.3226211965084076,0.28939610719680786,0.2903190851211548,0.3927393853664398,0.3658809959888458,0.40628132224082947,0.5119290947914124
20230718,,0.3397254943847656,0.3085780739784241,0.28142601251602173,0.3922067880630493,0.3547624349594116,0.3823002278804779,0.48638954758644104
20230719,0.28132331371307373,0.3688092827796936,,,0.42705705761909485,0.435665488243103,0.43135425448417664,0.5235702991485596
20230720,0.3621366322040558,0.38362979888916016,0.3715047538280487,0.35490259528160095,0.5017801523208618,0.49098116159439087,0.48329511284828186,0.49141326546669006
20230721,0.30907198786735535,0.36201950907707214,0.32355812191963196,0.3281121551990509,0.4587920904159546,0.39115387201309204,0.47013887763023376,0.4661843776702881
20230722,0.3163594901561737,0.3550112843513489,0.30986732244491577,0.2499416023492813,0.3882526457309723,0.3491191565990448,0.43829986453056335,0.48461946845054626
20230723,0.3789576590061188,0.34524714946746826,0.27233394980430603,0.27689069509506226,0.40805432200431824,0.2984577715396881,0.35230985283851624,0.4571070075035095
20230724,0.4168672561645508,0.4716481566429138,0.42963460087776184,0.30615147948265076,0.37019017338752747,0.3132217526435852,0.3465341627597809,0.5795354247093201
20230725,,0.40880605578422546,0.36286604404449463,0.3839072287082672,0.4871051013469696,0.43087002635002136,0.40814700722694397,0.4819399118423462
20230726,0.2958032190799713,0.30771031975746155,,,0.5015835165977478,0.41276976466178894,0.43690940737724304,0.5314866900444031
20230727,0.17649464309215546,0.20207028090953827,0.18662531673908234,0.3371870517730713,0.48582911491394043,0.37203291058540344,0.4463433027267456,0.507030725479126
20230728,0.3601059019565582,0.36481374502182007,0.3269423842430115,0.31927502155303955,0.38173770904541016,0.34052038192749023,0.41237446665763855,0.44926461577415466
20230729,0.39646124839782715,0.3222942650318146,0.3163171410560608,0.3142686188220978,0.3289119005203247,0.31376829743385315,0.40603429079055786,0.4739844799041748
20230730,0.35860341787338257,0.3390941619873047,0.31863150000572205,0.3008815348148346,0.30743953585624695,0.2969910502433777,0.3768528699874878,0.4434211254119873
20230731,0.3712203800678253,0.3531932532787323,0.28409019112586975,0.27255403995513916,0.2946736812591553,0.29226967692375183,0.3533942401409149,0.43180355429649353
20230801,0.3656613230705261,0.35341620445251465,0.2733522951602936,0.29283884167671204,0.3238479197025299,0.294294148683548,0.3479849696159363,0.4197784960269928
20230802,,,,,0.3640877306461334,0.33772146701812744,0.36606425046920776,0.4870351552963257
20230803,,,,0.2012060135602951,0.21875105798244476,,,
20230804,0.36608487367630005,0.3176650106906891,0.2319594770669937,,0.3195756673812866,0.25785747170448303,0.3259725570678711,0.32619959115982056
20230805,,,0.2881726026535034,0.31891998648643494,0.6500464677810669,0.397165447473526,0.34060215950012207,0.507377564907074
20230806,0.4477671980857849,0.37200117111206055,0.3218678832054138,0.36145511269569397,0.5470755100250244,0.41191524267196655,0.4371601343154907,0.5242087244987488
20230807,0.3434590995311737,0.3553234338760376,0.29182443022727966,0.34916606545448303,0.4898732900619507,0.38435783982276917,0.4308161437511444,0.482899934053421
20230808,,0.3189369738101959,0.2729922831058502,0.3187582194805145,0.4206988215446472,0.3741184175014496,0.4367188811302185,0.5121726989746094
20230809,0.3250245451927185,0.3555379807949066,0.3039058446884155,0.287282794713974,0.3436463177204132,0.3729919493198395,0.4616697132587433,0.4383651614189148
20230810,,0.34476029872894287,0.26415711641311646,0.3010469079017639,0.4201517105102539,0.3678750693798065,0.4322230815887451,0.4560207426548004
20230811,,,,,,,0.3910030126571655,
20230812,0.264100581407547,0.19626402854919434,,,0.2852175533771515,0.28223633766174316,,
20230813,0.1752900928258896,,,0.18804645538330078,0.18893980979919434,,0.43801695108413696,0.5052583813667297
20230814,0.3845086693763733,0.38867589831352234,0.21810321509838104,0.25055211782455444,0.2256041318178177,0.1449449062347412,0.1933913379907608,
20230815,0.33755725622177124,0.3110029697418213,0.26142191886901855,0.2246270626783371,0.25922149419784546,0.2635134756565094,0.3125253915786743,0.3985588252544403
20230816,,0.20069515705108643,0.22549070417881012,0.24210384488105774,0.26280122995376587,0.2894800007343292,0.3185186982154846,0.396600604057312
20230817,0.24947312474250793,0.25341796875,0.2248298078775406,0.30405259132385254,0.4068527817726135,0.31245988607406616,0.3130382299423218,0.39706864953041077
20230818,0.22595983743667603,0.19190162420272827,0.20000264048576355,0.2846711575984955,0.3527102768421173,0.27430781722068787,0.2973596453666687,0.3836570084095001
20230819,0.4091542661190033,,0.11137117445468903,0.21135272085666656,0.26805880665779114,0.2543197274208069,0.20870493352413177,0.20805257558822632
20230820,,0.3061029016971588,0.27601516246795654,0.30185428261756897,0.29145345091819763,0.24918390810489655,0.25079309940338135,0.35791006684303284
20230821,0.37198635935783386,0.28034666180610657,0.2375745177268982,0.1852140575647354,0.37417516112327576,0.2858792245388031,0.2724466919898987,0.29998767375946045
20230822,0.3428419828414917,0.33185631036758423,0.2712642252445221,0.35666897892951965,0.5314539074897766,0.34472447633743286,0.3164672255516052,0.41679176688194275
20230823,0.3410152196884155,0.3082445561885834,0.24609535932540894,0.3257976472377777,0.5113304853439331,0.30613523721694946,0.282051682472229,0.4128374457359314
20230824,0.2951653003692627,0.28870007395744324,,0.2810913026332855,0.43061986565589905,0.2850164473056793,0.2683696746826172,0.36225762963294983
20230825,0.310988187789917,0.28631120920181274,0.22361823916435242,0.25916385650634766,0.30361315608024597,0.1858610361814499,,0.5096285939216614
20230826,0.3380696475505829,0.34224849939346313,0.2781192362308502,0.29511600732803345,0.42341750860214233,0.3180561065673828,0.2681930363178253,0.2903888523578644
20230827,0.2949623167514801,0.3095893859863281,0.22454935312271118,0.3309246599674225,0.4953382611274719,0.3341713845729828,0.29748815298080444,0.3528340756893158
20230828,0.23052461445331573,0.2511345446109772,0.2179296910762787,0.29717373847961426,0.4756704270839691,0.3072812855243683,0.2690655291080475,0.32373300194740295
20230829,,,0.12876838445663452,0.26947107911109924,0.4182825982570648,0.2634696662425995,,
20230830,0.2515924274921417,0.3537605106830597,0.08196968585252762,,0.21977047622203827,0.1738680899143219,,0.16621576249599457
20230831,0.3039921522140503,0.3307955265045166,0.2648168206214905,0.2887972295284271,0.5069990754127502,0.2038617581129074,0.17934930324554443,0.25363633036613464
20230901,0.28298988938331604,0.35907524824142456,0.2620469033718109,0.3108343482017517,0.43028247356414795,0.3079206943511963,0.2956973612308502,0.33600708842277527
20230902,0.21452689170837402,0.2723999619483948,0.20954394340515137,0.2828487157821655,0.4487853944301605,0.31669411063194275,0.2903980314731598,0.3336997926235199
20230903,,,0.17066769301891327,0.15963217616081238,0.24200770258903503,0.2880365252494812,0.23562371730804443,0.3885742127895355
20230904,,,0.26307862997055054,0.31007152795791626,0.421979159116745,0.36674025654792786,0.3752986192703247,0.38545656204223633
20230905,0.3007321357727051,0.33743059635162354,0.2863105833530426,0.2476440966129303,0.3097040057182312,0.300515353679657,0.33275097608566284,0.35965368151664734
20230906,0.20694486796855927,,0.18149977922439575,,0.2395378053188324,0.3392770290374756,0.34635040163993835,0.357381671667099
20230907,0.30354416370391846,0.32533034682273865,0.2701268792152405,0.25517740845680237,0.4428671896457672,0.34309038519859314,0.37423232197761536,0.3857860565185547
20230908,,0.3354228734970093,0.2745126187801361,0.2777848541736603,0.4649638235569,0.27891063690185547,0.3300740122795105,0.4137883186340332
20230909,0.2629241943359375,0.2977040410041809,,,0.36714521050453186,0.31067749857902527,0.3483217656612396,0.48798707127571106
20230910,0.27210214734077454,0.357450932264328,,0.2863730192184448,0.41678833961486816,0.2849147915840149,0.3582095801830292,0.42361536622047424
20230911,0.2765064835548401,0.3135155439376831,0.2127087563276291,0.36544114351272583,0.3635478615760803,0.31518951058387756,0.3179396390914917,0.353358656167984
20230912,0.25775009393692017,0.3483991026878357,0.24558548629283905,0.30677351355552673,0.4486151933670044,0.3052666187286377,0.34414437413215637,0.38814592361450195
20230913,0.2885315418243408,0.33365878462791443,0.24370858073234558,0.3647041916847229,0.44974765181541443,0.2659241259098053,0.3008001446723938,0.3288629353046417
20230914,0.2643965482711792,0.32094523310661316,0.26435813307762146,0.2659350037574768,0.32264119386672974,0.2443438172340393,0.30065983533859253,0.35082918405532837
20230915,0.29097408056259155,0.3699144124984741,0.24942800402641296,0.23135310411453247,0.2556028664112091,0.22726985812187195,0.2648753225803375,0.32520928978919983
20230916,0.2540220618247986,0.31579527258872986,0.26657602190971375,0.272605299949646,0.3338162302970886,0.22746588289737701,0.2448929101228714,0.284110963344574
20230917,0.24435913562774658,0.25812843441963196,0.2351558357477188,0.30746990442276,0.41179051995277405,,,
20230918,0.24924299120903015,0.2935319244861603,0.24797169864177704,0.22480906546115875,0.2498975247144699,0.29475587606430054,0.26231837272644043,0.31957143545150757
20230919,,0.2085237354040146,0.2096276879310608,0.2526548206806183,0.2991667091846466,0.1993926763534546,0.23316900432109833,0.3062668442726135
20230920,0.2800029218196869,0.24875208735466003,0.17852561175823212,0.16473178565502167,0.23753465712070465,0.1711764633655548,0.16308371722698212,0.1996467262506485
20230921,0.30872055888175964,0.3294326364994049,0.2448577880859375,0.24868029356002808,0.2018572837114334,0.16907286643981934,0.1752040684223175,0.26536843180656433
20230922,0.3019619882106781,0.3637344539165497,0.283011257648468,,0.4217641353607178,0.24080370366573334,0.23720373213291168,0.2864261567592621
20230923,,,,0.2793731093406677,0.4781036972999573,0.23057466745376587,0.23051883280277252,0.284805029630661
20230924,0.14283929765224457,0.20776113867759705,0.19914831221103668,,0.4950772225856781,0.2233862429857254,0.18469104170799255,
20230925,0.24521511793136597,0.24929650127887726,0.1815681904554367,,,,0.24722668528556824,0.38125279545783997
20230926,0.2690659165382385,0.33326205611228943,0.3019104599952698,0.20393209159374237,0.21296414732933044,0.15473006665706635,,
20230927,0.26335376501083374,0.3344617486000061,0.27764707803726196,0.3572523891925812,0.5022193789482117,0.298738032579422,0.27844592928886414,0.2904531955718994
20230928,0.249945729970932,0.34925583004951477,0.2617143988609314,0.3671051859855652,0.4834339916706085,0.2811174690723419,0.3211215138435364,0.34548133611679077
20230929,,0.2653542160987854,0.24849537014961243,0.3725210428237915,0.44491350650787354,0.25222983956336975,0.28624606132507324,0.32070744037628174
20230930,0.21255679428577423,0.2147682011127472,0.17938761413097382,0.1804526448249817,,,0.3128519356250763,0.3832378685474396
20231002,0.23733453452587128,0.2632026970386505,0.1972610056400299,0.26256316900253296,0.28051888942718506,0.2651768624782562,0.22784897685050964,0.2343273013830185
20231003,0.2509443163871765,0.275479257106781,0.2341250777244568,0.27366209030151367,0.4364236891269684,0.420612096786499,,
20231004,0.2060832381248474,0.30185553431510925,0.24343056976795197,0.38712817430496216,0.4637181758880615,0.2926967740058899,0.314322829246521,0.31813839077949524
20231005,0.2276337593793869,0.2723022997379303,0.22535257041454315,0.3495730459690094,0.5203768014907837,0.2892133295536041,0.3060358762741089,0.37717315554618835
20231006,0.2850445806980133,0.2977598309516907,0.2314191460609436,0.2924231290817261,0.508967399597168,0.28673112392425537,0.3419467508792877,0.3692966103553772
20231007,0.2766943871974945,0.374503493309021,0.3429334759712219,0.3794237971305847,0.4471904933452606,0.35722091794013977,0.37816330790519714,0.334354043006897
20231008,0.29453906416893005,0.31759172677993774,0.2573477625846863,0.4027416408061981,0.5501539707183838,0.33280739188194275,0.37522512674331665,0.29228919744491577
20231009,0.24093374609947205,0.3523920476436615,0.2907354235649109,0.3930125832557678,0.5450462102890015,0.2642601728439331,0.3275563418865204,0.27756044268608093
20231010,0.22331684827804565,,0.2645879089832306,0.4361576437950134,0.5604767799377441,0.2691267728805542,0.30718955397605896,0.30067142844200134
20231011,,0.2957136034965515,0.26710444688796997,0.377648264169693,,,,
20231012,0.24384672939777374,0.5474266409873962,,,0.27406594157218933,0.23839427530765533,0.27890175580978394,
20231013,0.2584455907344818,0.3085092604160309,0.25643494725227356,0.3089095950126648,0.44353964924812317,0.27319151163101196,0.2666986882686615,0.3313397169113159
20231014,0.24134354293346405,0.31241685152053833,0.2270379662513733,0.3707951307296753,0.6447928547859192,,,
20231015,0.2003457248210907,,,,,,0.12487970292568207,
20231016,0.22091810405254364,0.25655215978622437,0.2380085438489914,0.2941509783267975,,0.19461138546466827,0.30866485834121704,0.3403618037700653
20231017,0.25452157855033875,0.323735773563385,0.2769969403743744,0.3266904950141907,0.4288892149925232,0.2725062966346741,0.304656058549881,0.27005842328071594
20231018,0.14985978603363037,,0.31455957889556885,0.3982885777950287,0.6615422368049622,0.2353944629430771,0.2884219288825989,0.3130815625190735
20231019,0.24267792701721191,0.2526216506958008,0.14906428754329681,,,,,
20231020,,0.2907402813434601,0.2875736653804779,0.24086150527000427,,,0.2453920692205429,
20231021,,,,,,0.26567384600639343,0.30624890327453613,0.24136434495449066
20231022,,,,,0.35308942198753357,0.2996535897254944,,
20231023,0.17647403478622437,0.2958829402923584,0.3825984001159668,,,,,0.2805858254432678
20231024,0.22273439168930054,0.25411784648895264,0.26809006929397583,0.16949522495269775,0.24928170442581177,0.2299577295780182,0.36320286989212036,
20231025,,0.3495098650455475,0.2753048539161682,0.41202613711357117,0.2885587811470032,0.1934661567211151,0.19363808631896973,0.23020684719085693
20231026,,,,,0.7064540386199951,0.3001880347728729,0.3734949827194214,0.3305216133594513
20231027,,0.3682091534137726,,,,,,
20231028,0.2518390715122223,0.3210754990577698,0.31451040506362915,,,,,
20231029,,0.15260277688503265,,,0.5259700417518616,0.22656357288360596,0.2737063467502594,0.24901199340820312
20231030,0.21191520988941193,0.18539468944072723,,,0.20448218286037445,0.19182564318180084,0.23275773227214813,0.2321118712425232
20231031,0.22876602411270142,,,0.36570245027542114,0.4804673194885254,0.16001656651496887,0.2009483277797699,0.2198447436094284
20231101,0.22868521511554718,0.31372538208961487,,,,,0.353488564491272,0.32132890820503235
20231102,0.21625596284866333,,,0.18100552260875702,,,,
20231103,0.1928728222846985,,,,,,0.379741907119751,0.29635027050971985
20231104,0.26810652017593384,0.2833278775215149,0.34636133909225464,0.37504708766937256,,0.3203064799308777,0.3515680432319641,0.3165971636772156
20231105,,,0.26919859647750854,0.36068394780158997,0.4526118040084839,0.29507750272750854,0.3453545868396759,0.38396090269088745
20231106,0.27408137917518616,,,,,0.24275697767734528,0.2829611897468567,0.26692068576812744
20231107,,,,,,,,
20231108,0.21079760789871216,0.3192267119884491,0.2034987509250641,0.300059974193573,0.25662174820899963,0.34324055910110474,0.3129017651081085,
20231109,,,0.21699166297912598,0.32384273409843445,0.3765721023082733,0.2584846019744873,0.2784733474254608,0.3032957911491394
20231110,,,0.3089457154273987,,,,,0.2714637815952301
20231111,,,,,,,,
20231112,,,,,,,,
20231113,,,,,,,,
20231114,,,,,,0.34012430906295776,0.32397207617759705,0.3292528986930847
20231115,,,,,,,,0.34547874331474304
20231116,,,,,,,0.46161380410194397,0.412219762802124
20231117,0.1910022795200348,,,,,,,
20231118,0.2518627941608429,0.3115294575691223,0.2572574317455292,0.29316312074661255,,,,
20231119,0.2135426253080368,0.2978324592113495,0.306510865688324,0.4066369831562042,0.3310108780860901,,,
20231120,0.21873794496059418,0.27603042125701904,0.24145540595054626,0.43182429671287537,0.18614071607589722,0.18839257955551147,0.20393407344818115,
20231121,,,,0.3078118860721588,0.3581921458244324,0.16787348687648773,0.1905256062746048,0.2366153448820114
20231122,,,,,,,,0.36867326498031616
20231123,0.27432817220687866,,0.2572636604309082,,,,,
20231124,0.2805267572402954,0.29782634973526,0.2888880968093872,0.3477731943130493,0.3442469835281372,0.21286629140377045,0.2303481101989746,
20231125,0.2767406105995178,0.2540445029735565,0.21649080514907837,0.4439801871776581,,,,0.283799409866333
20231126,,,0.2029424011707306,0.33687326312065125,0.5237807631492615,0.16887317597866058,0.2039669007062912,0.24527151882648468
20231127,,,,,0.23820392787456512,0.18830661475658417,0.18011921644210815,0.22991034388542175
20231128,,,,,,,,
20231129,0.42154350876808167,,,,,,,
20231130,0.3369554877281189,0.3348923325538635,0.32113489508628845,0.3267912268638611,0.23648220300674438,,,
20231201,,0.32764145731925964,0.23923014104366302,0.2759489417076111,0.13572455942630768,0.13962329924106598,0.1795007735490799,0.26492080092430115
20231202,,,,,0.4738215506076813,0.17762203514575958,0.231070876121521,0.24876564741134644
20231203,0.26075026392936707,0.3086062967777252,,,,,0.3711719512939453,0.38559603691101074
20231204,0.27062901854515076,0.2857482135295868,0.2244967818260193,0.3009324371814728,0.2102588713169098,,,
20231205,0.16054242849349976,,,0.3097460865974426,,0.14927949011325836,0.15697868168354034,
20231206,0.20258092880249023,0.2511194944381714,,,,0.16298724710941315,0.2005944699048996,
20231207,,,0.3479425311088562,0.34958162903785706,0.4818617105484009,0.15716508030891418,,
20231208,,,,,,,0.211389422416687,0.19073306024074554
20231209,0.1936541646718979,0.18345153331756592,0.21379709243774414,,,,,
20231210,0.18156127631664276,0.20706376433372498,0.22171644866466522,0.23979198932647705,0.14117921888828278,,,
20231211,,0.15603482723236084,0.1988992989063263,,,,,
20231212,,,0.14032548666000366,0.19237028062343597,0.4314233362674713,0.16979199647903442,0.17717190086841583,0.17850008606910706
20231213,,,,,,0.17272727191448212,0.2161971479654312,0.35278698801994324
20231214,0.12427622824907303,0.22130772471427917,0.25448837876319885,,,,,
20231215,0.1685793101787567,0.2646479308605194,0.27117040753364563,0.21343138813972473,0.30299264192581177,0.18475788831710815,0.19127310812473297,
20231216,,0.17404070496559143,0.2343522310256958,0.33191341161727905,0.4086168110370636,0.19892166554927826,0.22157076001167297,0.241122767329216
20231217,,0.3034138083457947,0.2623169720172882,0.31231531500816345,0.5592309832572937,,0.25738251209259033,
20231218,,,,,0.40390267968177795,0.1454986184835434,,0.34807461500167847
20231219,0.2078579217195511,0.20341183245182037,,,,,,0.8114699721336365
20231220,0.22892098128795624,0.2514239549636841,0.3032462000846863,0.35483676195144653,,,,
20231221,,,,,,0.31915825605392456,0.36124569177627563,0.3049860894680023
20231222,,,0.3660830855369568,0.515170693397522,0.36908087134361267,0.26618140935897827,0.3062470555305481,
20231223,,,,0.28429287672042847,,,0.30568790435791016,
20231224,0.2509414851665497,,,,,,0.26983994245529175,0.30112385749816895
20231225,0.2987000644207001,0.36547428369522095,0.3228343427181244,0.3871448040008545,,,,
20231226,,,,,,0.2486618012189865,0.29187318682670593,0.3034581243991852
20231227,,0.35666796565055847,0.3248518109321594,0.40183204412460327,0.3390425145626068,,,
20231228,,,,,,0.22526639699935913,0.2830507457256317,0.31754830479621887
20231229,,,,,,,,
20231230,,,,,,,,
20231231,0.454043447971344,,,,,,,
20240101,,,,0.405722051858902,0.4134618639945984,0.26854124665260315,0.25973623991012573,0.42285579442977905
20240102,,,,,0.45753154158592224,0.2371230274438858,,
20240103,,,,,,,,
20240104,,,,,,,,0.4337592124938965
20240105,,,,,,,,
20240106,0.23950308561325073,,,,0.20218120515346527,0.13812999427318573,,
20240107,,,,,0.24520716071128845,0.11127442866563797,,
20240108,,,,0.4669445753097534,0.10542584210634232,0.09879127889871597,,0.2099100798368454
20240109,0.29161664843559265,,,,,,0.2738247811794281,0.273829847574234
20240110,,,,,,,,
20240111,,,,,0.2375088334083557,0.21672755479812622,0.2735985815525055,0.20030577480793
20240112,,,,,,0.18433956801891327,0.2302955985069275,0.26808837056159973
20240113,,,,,,,0.3499675691127777,
20240114,,,,,,0.2840331196784973,0.21780987083911896,
20240115,0.7393516302108765,,,,,,,
20240116,,,,,0.305810809135437,0.2510124444961548,,
20240117,0.8264898061752319,0.8323132991790771,0.2224092036485672,0.5027602314949036,0.2247210144996643,0.13272792100906372,,
20240118,,0.5396543145179749,0.3624350130558014,0.4692178964614868,0.48659682273864746,0.17618265748023987,0.4211285412311554,0.33735957741737366
20240119,,,,0.35495272278785706,0.4203530251979828,0.264315664768219,0.3396320044994354,0.36576101183891296
20240120,0.3487975299358368,,,,,,,
20240121,,,0.31191402673721313,0.4783095121383667,,,,
20240122,0.35108333826065063,0.45307913422584534,0.36779269576072693,0.4374973177909851,0.5257063508033752,0.2466348260641098,0.34517407417297363,0.37295106053352356
20240123,0.3168966770172119,0.5671442747116089,0.31728875637054443,,,0.18870124220848083,0.25697699189186096,0.2793908417224884
20240124,,,,,,,,
20240125,0.2003239095211029,0.31837689876556396,,,,,,
20240126,0.20893676578998566,0.23059196770191193,0.17311044037342072,0.2562539279460907,,,,
20240127,0.223418727517128,0.38291463255882263,0.3106258809566498,0.3728192448616028,0.2341456115245819,0.1999051421880722,0.28745490312576294,0.2622654438018799
20240128,0.22064484655857086,0.3798764646053314,0.26693734526634216,0.39340120553970337,0.4088781774044037,0.24090564250946045,0.22023017704486847,0.3477153480052948
20240129,,,0.23057624697685242,0.18783539533615112,0.18585945665836334,0.1900976300239563,0.2989647388458252,0.2136828601360321
20240130,0.2433764934539795,0.27449676394462585,,,,0.19691747426986694,0.29916825890541077,0.24678872525691986
20240131,0.242409348487854,0.37673601508140564,0.2761421799659729,0.37556397914886475,,,,
20240201,0.22720883786678314,0.3641873896121979,0.26788073778152466,0.3476497530937195,0.3928493857383728,0.25861749053001404,0.2307903915643692,
20240202,0.2410898208618164,0.39158889651298523,0.2747887670993805,0.35089313983917236,0.3675588071346283,0.20781448483467102,0.4150277078151703,0.4116285443305969
20240203,,0.29598376154899597,0.2526155710220337,0.38329824805259705,0.3867170810699463,0.22597748041152954,0.2993922233581543,0.3458893597126007
20240204,,,,,,,,
20240205,0.161402627825737,0.1805933713912964,0.16676385700702667,,,,,0.7330623269081116
20240206,0.23210251331329346,0.40000712871551514,0.2115136831998825,0.2399803251028061,0.3710861802101135,0.20112012326717377,,
20240207,0.22904254496097565,0.40508416295051575,0.2806815803050995,0.4864906966686249,0.2746846675872803,0.22985219955444336,0.38498184084892273,0.46176090836524963
20240208,0.3130294382572174,0.4581986665725708,0.2811332643032074,0.37358081340789795,0.1990251988172531,0.23811253905296326,0.4032441973686218,0.45946937799453735
20240209,,,,0.3333979845046997,0.2135227918624878,0.34730100631713867,0.4802514910697937,0.5377867817878723
20240210,0.3324301242828369,0.6887766122817993,0.4335247278213501,,,,0.5263039469718933,0.6105777621269226
20240211,0.35574668645858765,0.5348500609397888,0.2632599174976349,0.33084946870803833,0.5174294710159302,0.42069336771965027,,
20240212,0.27604246139526367,0.5824158191680908,0.2841298580169678,0.3115728497505188,0.29723116755485535,0.2620072364807129,0.19713574647903442,0.5249764919281006
20240213,0.2876254916191101,0.4392489492893219,0.18699634075164795,0.1775669902563095,0.21722517907619476,0.14576677978038788,0.1842973381280899,0.4079085886478424
20240214,,0.32386520504951477,0.24514032900333405,0.13158373534679413,0.27475789189338684,0.2502632439136505,0.34169942140579224,0.4757278561592102
20240215,0.27592918276786804,,,,0.4434584379196167,0.2765750288963318,0.3939903676509857,0.496457040309906
20240216,,,0.2667010426521301,0.3909575939178467,0.6250845193862915,,,1.9243481159210205
20240217,0.4035940170288086,0.6935056447982788,0.30270689725875854,0.3565171957015991,0.3267360329627991,0.28774115443229675,0.4089631140232086,0.6202973127365112
20240218,0.426080584526062,0.4455493092536926,0.25876331329345703,,0.31865188479423523,0.22598674893379211,0.40754419565200806,0.5266059637069702
20240219,,,0.21938572824001312,0.39733079075813293,0.23366975784301758,0.21319811046123505,,
20240220,,,,,0.23610804975032806,0.23485127091407776,0.2919628620147705,
20240221,0.310809463262558,0.4476742744445801,0.2430044710636139,0.22129449248313904,0.25774094462394714,,0.4269483685493469,0.47704145312309265
20240222,0.26102638244628906,0.3430754244327545,0.16328848898410797,0.20974032580852509,0.25587695837020874,0.2822655141353607,,
20240223,0.32988739013671875,0.4284385144710541,0.2589285969734192,0.5295441746711731,0.4718616306781769,0.22911261022090912,0.38230326771736145,0.5302293300628662
20240224,,,,0.27756407856941223,0.4611516296863556,0.2938216030597687,0.4116862714290619,0.5878795385360718
20240225,,,,,,0.2741544544696808,0.3775615096092224,0.7911329865455627
20240226,0.3766220211982727,0.355358749628067,,,,0.2901822328567505,0.4692714512348175,0.6382063031196594
20240227,0.4217718541622162,0.41720128059387207,0.20473529398441315,0.2522954046726227,0.4230121970176697,0.2167215347290039,,
20240228,0.36360862851142883,0.5855696797370911,0.2978043556213379,0.6642242074012756,0.32700932025909424,0.26905688643455505,0.3621307909488678,0.46959027647972107
20240229,0.30381497740745544,0.5544766783714294,0.22922956943511963,0.5029707551002502,0.2529717683792114,0.1472868174314499,0.37213435769081116,0.6355791687965393
20240301,,,0.19391696155071259,,,,,
20240302,,0.404080331325531,,,0.25447750091552734,0.26134923100471497,0.4635174870491028,0.592641294002533
20240303,,,,,,,,2.207608461380005
20240304,0.34806904196739197,0.35640737414360046,0.3097960650920868,0.5598127841949463,0.4750935733318329,,,
20240305,,,,,,,0.7542018890380859,0.7258207201957703
20240306,,0.2165365368127823,,,,,,
20240307,0.28238150477409363,,,,,0.3566805422306061,,
20240308,,0.4561108648777008,0.28263258934020996,0.3286195993423462,0.21609778702259064,0.21669118106365204,0.44363483786582947,0.897121250629425
20240309,0.3144632875919342,,,,0.16609524190425873,0.3037840723991394,0.5184105038642883,0.7639358639717102
20240310,0.3267517685890198,0.3774867057800293,,,,,0.5663267970085144,0.5639221668243408
20240311,0.19771820306777954,,,,,,,0.6285025477409363
20240312,,,,,,,,0.7314043045043945
20240313,,,0.19931498169898987,,0.2153048813343048,,,
20240314,0.17266981303691864,,,,,,0.8483394384384155,1.3333042860031128
20240315,0.3947741985321045,0.37736526131629944,0.14136122167110443,0.19810998439788818,,,,0.37013521790504456
20240316,0.3721131384372711,0.3664463758468628,0.15432685613632202,,,,0.26193246245384216,1.2130452394485474
20240317,0.4916537404060364,0.5977152585983276,0.18194805085659027,0.209453746676445,,0.24426384270191193,0.5237517952919006,0.7400703430175781
20240318,,0.21363377571105957,0.272216796875,0.5052772760391235,0.6239507794380188,0.3267782926559448,0.47478991746902466,0.7394737601280212
20240319,0.27119484543800354,0.30944323539733887,0.18408486247062683,0.28090620040893555,0.18795643746852875,,,
20240320,0.45596012473106384,0.4229809045791626,0.22973324358463287,0.11111635714769363,0.11073819547891617,,0.7278136014938354,1.0950535535812378
20240321,0.34257763624191284,0.5289113521575928,0.21123071014881134,0.6499407887458801,0.5511101484298706,0.47061923146247864,0.8841934204101562,0.9809530973434448
20240322,0.38916197419166565,0.5463809370994568,0.2719605267047882,0.3090507686138153,0.5185069441795349,0.5819001197814941,0.7965536117553711,1.1401352882385254
20240323,0.39778050780296326,0.4474834203720093,0.3670227527618408,0.5250223278999329,0.7643300294876099,0.41978880763053894,0.733405590057373,1.1243160963058472
20240324,0.4550013244152069,0.6973122954368591,0.2389700561761856,,,0.46807271242141724,1.0019127130508423,1.9959028959274292
20240325,0.46106550097465515,0.6374323964118958,0.4380759000778198,0.5937469601631165,0.6612055897712708,0.4917581081390381,1.0251555442810059,1.5498390197753906
20240326,0.4157932996749878,0.605978786945343,0.413635790348053,0.8313408493995667,0.9910904765129089,0.7124990820884705,1.1193376779556274,1.5787913799285889
20240327,0.4666907787322998,0.8515869975090027,,0.8173351287841797,0.6971326470375061,0.6306466460227966,1.5786367654800415,2.635741710662842
20240328,0.4020300805568695,0.6215503215789795,0.4247399866580963,0.6374951601028442,0.8541373014450073,0.72736656665802,1.3093630075454712,1.7091128826141357
20240329,0.46050992608070374,0.6645361185073853,0.37393924593925476,0.5276787281036377,0.6118931770324707,0.3652421832084656,1.0618562698364258,1.8132901191711426
20240330,0.5885841250419617,0.8789631724357605,0.5803858041763306,0.5722541213035583,0.5355681777000427,0.5011655688285828,0.9676735401153564,1.0525234937667847
20240331,0.3487827777862549,0.5846838355064392,0.406358927488327,0.5485590100288391,0.43786758184432983,0.7115192413330078,0.753232479095459,1.7770276069641113
20240401,,,0.2647780776023865,,,,0.4476850926876068,0.9884682297706604
20240402,0.29047706723213196,0.41954559087753296,0.30358293652534485,0.342295378446579,0.5559064149856567,0.3221166729927063,0.34664735198020935,
20240403,0.3389289975166321,0.3330180048942566,0.22953063249588013,0.3247392773628235,0.5412588119506836,0.3314839005470276,0.4745294749736786,0.7479617595672607
20240404,0.46685758233070374,0.33835241198539734,0.3048054575920105,0.3272759020328522,0.38535457849502563,0.22511710226535797,0.4687531590461731,0.798543393611908
20240405,0.5982133746147156,0.67743980884552,0.456350177526474,0.650537371635437,0.7967808246612549,0.4382553994655609,0.617885947227478,0.9481937289237976
20240406,0.6039846539497375,0.4863192141056061,0.5861014127731323,0.7335605025291443,0.754426896572113,0.4420718848705292,0.6163806915283203,0.946456789970398
20240407,0.6584510803222656,0.5685129165649414,0.47601571679115295,0.6050605177879333,0.752228856086731,0.4355943202972412,0.684752881526947,1.5057622194290161
20240408,0.21547339856624603,0.20176561176776886,0.4099593162536621,0.36456695199012756,0.47705456614494324,0.36579570174217224,0.6531331539154053,1.3992516994476318
20240409,0.2774101197719574,0.25382158160209656,,,,0.21840351819992065,0.30799615383148193,0.9512445330619812
20240410,0.5236592888832092,0.3776909410953522,0.43037986755371094,0.4702025055885315,0.6675155162811279,0.5054972171783447,0.6231518387794495,1.356349229812622
20240411,0.2900103032588959,0.30084869265556335,0.5643687844276428,0.377603143453598,0.6190797090530396,0.44636058807373047,0.8270931243896484,1.1163909435272217
20240412,0.28195151686668396,0.41126978397369385,0.4124476909637451,0.40924331545829773,,0.7632690072059631,1.285345196723938,0.9183235168457031
20240413,,,,0.5372456312179565,1.0478311777114868,0.597203254699707,1.3999606370925903,1.1795332431793213
20240414,0.3595462739467621,0.4959435760974884,0.5345655083656311,0.6247311234474182,0.5181775093078613,,,
20240415,0.6386947631835938,0.3898123502731323,0.6048091650009155,0.8102988600730896,0.7179883122444153,0.6404619216918945,1.3289837837219238,1.1706777811050415
20240416,0.963813841342926,0.40698331594467163,0.5294016599655151,0.6618732810020447,0.6403921842575073,0.5847402811050415,1.0486719608306885,1.3306159973144531
20240417,0.9547882080078125,0.46597522497177124,0.41738393902778625,0.6935655474662781,0.49739792943000793,0.4808875024318695,0.6454537510871887,1.2140876054763794
20240418,0.5861677527427673,0.4331648051738739,0.439639687538147,0.5565419793128967,0.9852188229560852,0.593576967716217,0.940069854259491,1.4426777362823486
20240419,1.2746319770812988,0.3576030731201172,0.48964810371398926,0.8106674551963806,0.40340912342071533,0.676375150680542,0.6234413981437683,0.7665179967880249
20240420,0.8967736959457397,0.6524976491928101,0.905064046382904,0.8742378950119019,0.6785829663276672,0.5994224548339844,1.0087214708328247,1.349025011062622
20240421,1.2856498956680298,0.8846787810325623,0.6675539612770081,0.7510836720466614,0.7922296524047852,0.6828449368476868,0.8401510715484619,1.5208615064620972
20240422,,0.5044746398925781,0.5576009750366211,0.7322075366973877,0.7078682780265808,0.5649819374084473,0.8606799244880676,1.1953667402267456
20240423,0.3340832591056824,0.4229980707168579,0.5096521973609924,,,,,
20240424,,,,,,,1.115057110786438,
20240425,,0.3170333206653595,0.34838616847991943,0.39578816294670105,0.5006725788116455,0.5545262694358826,0.900524914264679,0.9792083501815796
20240426,,0.699530839920044,0.8581743836402893,1.7411116361618042,1.1900842189788818,,0.865050196647644,1.0354185104370117
20240427,0.48255255818367004,0.5842594504356384,0.5814226865768433,0.8211795687675476,0.7297705411911011,0.652114987373352,0.76509690284729,1.2208027839660645
20240428,0.26594963669776917,0.2165626883506775,0.5133047699928284,0.8134194612503052,0.7135657668113708,0.8299293518066406,0.8305749297142029,1.0978755950927734
20240429,0.2920486330986023,0.17395393550395966,0.3418390452861786,0.49420300126075745,,0.4346395432949066,0.8681890964508057,2.0664544105529785
20240430,,0.36628779768943787,0.36251986026763916,0.5944159030914307,0.4456421136856079,0.716419517993927,0.8319900035858154,0.8997059464454651
20240501,0.4319605827331543,0.563556969165802,0.6742745041847229,0.9434249997138977,,0.533784806728363,0.8946292996406555,1.005346417427063
20240502,,,3.2199721336364746,1.3233492374420166,0.9951683282852173,0.8530080914497375,0.8178897500038147,1.062572956085205
20240503,0.35733941197395325,0.37565505504608154,1.5790717601776123,1.0810633897781372,0.8293959498405457,0.767812192440033,0.8026705384254456,1.2311553955078125
20240504,,0.473095178604126,0.5105729103088379,0.646519660949707,0.7796778678894043,0.7315123677253723,0.7525996565818787,1.1817210912704468
20240505,0.7972586154937744,0.2977347671985626,,0.7025699615478516,0.7096384763717651,0.7504599094390869,0.769923210144043,1.2734342813491821
20240506,,0.8784471154212952,1.0783568620681763,1.547963261604309,0.6901666522026062,0.7466694116592407,0.8011736273765564,1.2218397855758667
20240507,1.0715179443359375,0.7069697380065918,0.7797285914421082,1.0376231670379639,0.811260998249054,0.8746883869171143,0.9924295544624329,2.06520676612854
20240508,0.783113420009613,0.5757152438163757,0.5988160371780396,0.7212310433387756,0.6659142374992371,0.7311404347419739,0.9597852230072021,1.5491856336593628
20240509,0.7566215991973877,0.550042450428009,0.7396073341369629,0.7475816607475281,0.7419922947883606,0.7433405518531799,1.0842045545578003,1.5725889205932617
20240510,,,1.0120307207107544,0.7047186493873596,0.6693524718284607,0.7674024105072021,1.2613945007324219,3.3694229125976562
20240511,2.1098153591156006,1.0221134424209595,0.8577094078063965,0.6729077696800232,0.6495411992073059,0.7154998779296875,0.9927626848220825,1.4826902151107788
20240512,,,,,2.0243473052978516,2.2299692630767822,0.9792624115943909,1.5341780185699463
20240513,,0.5947311520576477,,,,,,
20240514,0.615461528301239,0.6983141303062439,,,,0.8811327815055847,1.383431077003479,
20240515,0.645605742931366,0.4669538736343384,0.6068971753120422,0.69853675365448,0.9697538614273071,0.7232377529144287,0.9682770371437073,
20240516,0.866938591003418,0.6635097861289978,0.5822641849517822,0.6362504363059998,0.6824535131454468,0.7768778204917908,0.9698449373245239,1.8709745407104492
20240517,0.7066296339035034,0.4561322033405304,0.5036368370056152,0.7342422604560852,0.5726704597473145,0.8579648733139038,1.1965843439102173,2.358678102493286
20240518,0.6145173907279968,0.5187778472900391,0.5422918200492859,0.7934984564781189,0.39435434341430664,0.830731987953186,1.255871057510376,2.4471395015716553
20240519,0.6518862247467041,0.48600801825523376,0.2918979823589325,0.18911418318748474,0.22193683683872223,1.1288994550704956,1.1005984544754028,2.3039610385894775
20240520,0.5914334058761597,0.49152272939682007,0.5533013343811035,0.6372462511062622,0.5974161624908447,1.3457975387573242,1.3510119915008545,
20240521,,,,0.7075461745262146,1.1524066925048828,1.615187168121338,1.1317553520202637,3.4408254623413086
20240522,0.7896631360054016,0.767113447189331,1.2717376947402954,,,1.1150084733963013,3.6216492652893066,4.156309604644775
20240523,0.6202822327613831,0.5531324148178101,0.792545735836029,1.2810314893722534,,,,
20240524,0.6734974980354309,0.5311864018440247,0.6599554419517517,0.6814095377922058,0.910816490650177,2.9906435012817383,,7.487138271331787
20240525,0.4811808168888092,0.5029011368751526,0.5367043018341064,0.5863847136497498,0.7823567390441895,2.410815954208374,3.685412645339966,3.6503536701202393
20240526,0.4650295376777649,0.4542217552661896,0.5176169276237488,0.5599511861801147,0.711687445640564,1.9334288835525513,3.191392421722412,3.892595052719116
20240527,,1.1656368970870972,3.213489532470703,0.5836333632469177,0.6633458733558655,1.3901852369308472,2.3952717781066895,2.423532247543335
20240528,,,,1.2498137950897217,1.7216030359268188,7.330568313598633,4.617391586303711,3.4161503314971924
20240529,0.2739447057247162,0.23913699388504028,0.41527605056762695,,,,,
20240530,,0.20312674343585968,0.4898831844329834,0.8285939693450928,0.8754982948303223,3.7944836616516113,6.207784175872803,3.8395328521728516
20240531,0.512535035610199,0.48125678300857544,0.5299704074859619,0.7251770496368408,0.7076202034950256,1.6930948495864868,3.5245556831359863,3.3130364418029785
20240601,0.7385966777801514,0.872315526008606,0.5919641256332397,0.7391442060470581,0.6549733877182007,1.0678503513336182,2.459829807281494,2.8572118282318115
20240602,,,,,,,,1.587833046913147
20240603,0.38912680745124817,0.33839038014411926,0.3404330909252167,0.5773662328720093,0.8320001363754272,3.855346441268921,5.467058181762695,
20240604,0.342852920293808,0.42830732464790344,0.40497690439224243,0.62408447265625,0.6688451170921326,0.8638889789581299,2.2677814960479736,1.796033263206482
20240605,0.4367009997367859,0.49155792593955994,0.4734787940979004,0.6564666628837585,0.5007292628288269,0.47755134105682373,1.2239172458648682,1.6349765062332153
20240606,0.8793855905532837,0.5883566737174988,0.5462373495101929,0.6248059868812561,0.6602352261543274,0.7719051241874695,1.1277827024459839,0.4545905888080597
20240607,,,,,,2.058852195739746,7.762939453125,3.0906856060028076
20240608,,,,,,,,6.632528305053711
20240609,,,,,,,,
20240610,,,0.4801327586174011,0.4290463626384735,,1.6962335109710693,3.8702332973480225,3.7826504707336426
20240611,,,0.5172999501228333,0.6766639947891235,0.6994006037712097,0.9224972724914551,2.997077465057373,3.702548027038574
20240612,,,,,,0.6093435883522034,,
20240613,0.3229570686817169,0.4597049951553345,0.5523077845573425,0.7535519003868103,0.6189130544662476,0.5182803869247437,,
20240614,0.3935067057609558,0.39697128534317017,0.3553946018218994,0.5101200938224792,0.6744072437286377,0.5295155644416809,0.7582820653915405,1.4169602394104004
20240615,0.29356440901756287,,,0.6086001992225647,0.6817380785942078,,,
20240616,0.4149947762489319,0.5039920210838318,0.4147501289844513,,0.29111233353614807,0.4067154824733734,2.639571189880371,3.0813777446746826
20240617,0.6595267057418823,1.1500874757766724,0.5277846455574036,0.6463729739189148,0.696361780166626,0.7160454988479614,1.423911213874817,6.137207508087158
20240618,0.5230348706245422,0.576562225818634,0.4868478775024414,0.7094460725784302,1.5982584953308105,,,
20240619,0.312942773103714,0.3486108183860779,0.32122960686683655,0.443156361579895,0.747534453868866,0.6960718035697937,1.7130658626556396,2.9097867012023926
20240620,0.411803275346756,0.3472314178943634,0.33017590641975403,0.5447275638580322,0.8179575800895691,0.5484740138053894,0.8461797833442688,1.1535402536392212
20240621,0.5000324845314026,0.6127512454986572,0.25021931529045105,0.5821687579154968,0.7617632150650024,0.5500086545944214,1.1634832620620728,1.9107075929641724
20240622,,0.5803911089897156,0.4577891230583191,0.6560227870941162,1.0797029733657837,0.8024467825889587,2.311530351638794,2.8951573371887207
20240623,0.42089542746543884,0.5402079820632935,0.4668121933937073,0.9171997904777527,0.8133158683776855,0.7401002049446106,1.0524393320083618,2.0728423595428467
20240624,0.358541876077652,0.4291552007198334,0.4434075951576233,0.3146018981933594,,,1.8035025596618652,
20240625,0.24577729403972626,0.3696628212928772,0.4741605222225189,0.7440258860588074,0.7875107526779175,0.7154238224029541,0.9242467284202576,1.2461423873901367
20240626,,0.5490978956222534,0.47887179255485535,0.540147066116333,0.9200595617294312,0.7604312896728516,1.1350319385528564,1.7553597688674927
20240627,,,,,,0.6556047797203064,1.0407875776290894,1.4435752630233765
20240628,0.7999070882797241,0.9232457280158997,0.6233410835266113,0.3217107355594635,,,,
20240629,,0.3993328809738159,0.4384227395057678,,,,,
20240630,0.3778893053531647,0.4768792688846588,0.4695765972137451,0.631663978099823,1.0616410970687866,0.588128387928009,0.9471311569213867,1.315245270729065
20240701,0.33031463623046875,0.4373500943183899,0.369529664516449,0.4017798900604248,0.8298364877700806,0.5107518434524536,0.7937237620353699,1.1942423582077026
20240702,,0.5710641741752625,0.5141716003417969,0.6690207123756409,0.898825466632843,0.6153255701065063,0.8393751382827759,1.2806553840637207
20240703,,,0.40080466866493225,,0.4465141296386719,0.5644311904907227,0.7976832985877991,1.1717520952224731
20240704,0.38487863540649414,0.4988713264465332,0.600898802280426,0.8740702867507935,1.1984683275222778,0.598656177520752,0.818524956703186,1.1808671951293945
20240705,0.4168097972869873,0.41044098138809204,0.4777321517467499,0.6576219201087952,0.9940959215164185,,,
20240706,0.5231468677520752,0.3919891119003296,0.4280144274234772,0.482349693775177,0.6885915994644165,0.45736172795295715,0.5843580365180969,
20240707,0.26541656255722046,,,,0.8996269106864929,0.5923627018928528,0.6745083332061768,1.3739702701568604
20240708,0.7672077417373657,0.4647175073623657,0.4823034107685089,0.5502217411994934,0.7641867399215698,0.5869207978248596,0.6694316267967224,1.1166666746139526
20240709,0.5658025741577148,0.5658987164497375,0.5468664765357971,0.6411004662513733,0.7421844005584717,0.5999910235404968,0.6724597811698914,1.059630274772644
20240710,0.40416404604911804,,,,,,,
20240711,0.35543233156204224,0.27409613132476807,0.3506082594394684,0.38725370168685913,0.6433419585227966,0.5579812526702881,0.6912249326705933,1.033995509147644
20240712,0.2477458119392395,0.3508090674877167,0.33668771386146545,0.3850974440574646,0.6267973780632019,0.5323213934898376,0.5893455743789673,1.0757191181182861
20240713,,0.4148936867713928,0.28023067116737366,0.2262696623802185,0.3846970796585083,0.4272555410861969,0.49653083086013794,1.2420618534088135
20240714,0.6245742440223694,0.6511945724487305,0.40079522132873535,0.32801592350006104,,,0.5124000310897827,0.7623648047447205
20240715,0.4317851960659027,0.4601605236530304,0.3042651116847992,0.32359376549720764,0.49988600611686707,0.6366090774536133,0.31293952465057373,0.909412145614624
20240716,0.39418137073516846,0.4287492036819458,0.3011963367462158,0.2823128402233124,0.4244886040687561,0.41152000427246094,0.6051059365272522,1.331087350845337
20240717,,,0.3538084924221039,0.33231446146965027,0.317449688911438,0.32761070132255554,0.4542894661426544,1.0128580331802368
20240718,,,,,,0.5046305656433105,0.5596447587013245,1.532849669456482
20240719,0.2195114642381668,,,,,0.43812936544418335,0.505558967590332,0.7975008487701416
20240720,0.43580934405326843,0.5319432020187378,0.5760713219642639,0.682348906993866,0.9184516072273254,0.7032285928726196,0.6794100999832153,0.7853999137878418
20240721,0.484753280878067,0.5433909893035889,0.5311999917030334,0.5917031168937683,0.8001958131790161,0.7842563390731812,0.7472892999649048,1.1783976554870605
20240722,0.4896409809589386,0.5785865783691406,0.5092888474464417,0.5326668620109558,0.7301636338233948,0.6599551439285278,0.6028950810432434,0.8563745617866516
20240723,,0.6125563383102417,,0.5495436191558838,0.7133415937423706,0.6485764384269714,0.6426668763160706,0.9638804197311401
20240724,,0.6285220384597778,0.5634303092956543,0.5401037335395813,,,,
20240725,0.4024847447872162,0.5711609721183777,0.595008909702301,0.6286144256591797,0.6540665030479431,0.6634442806243896,0.5972285270690918,0.8092739582061768
20240726,0.45492660999298096,0.5738019347190857,0.5275669693946838,,,0.6749560236930847,,0.8372824192047119
20240727,0.42224517464637756,0.511427640914917,0.4699071943759918,0.4467369318008423,0.7478806376457214,0.58974289894104,0.4493783712387085,0.5546044111251831
20240728,0.40121179819107056,0.565674901008606,0.4800366163253784,0.5137794613838196,0.6955142617225647,0.5911821126937866,0.5577973127365112,0.7683472633361816
20240729,,0.5154881477355957,0.4318222999572754,0.43480780720710754,0.5735065340995789,0.5671213865280151,0.5356062054634094,0.7801326513290405
20240730,0.4446966052055359,0.5675898790359497,0.5043923854827881,0.42648616433143616,0.4689752757549286,0.6100891828536987,0.5052602887153625,0.7999793291091919
20240731,0.39081090688705444,0.4539785385131836,0.3897378146648407,0.4213239252567291,0.5921761393547058,,0.5398611426353455,0.5311495661735535
20240801,0.2314920574426651,0.2680688202381134,,,,,0.6575558185577393,1.0448061227798462
20240802,0.37779897451400757,0.3607231080532074,0.4051247239112854,0.39387771487236023,0.5035635828971863,0.46695563197135925,0.4597620368003845,0.7037484645843506
20240803,0.3286857306957245,0.3524017333984375,0.39100781083106995,0.3341912627220154,,,,
20240804,0.4189719557762146,0.4982403814792633,0.27542513608932495,0.2819299101829529,0.2978164553642273,0.2971935570240021,,
20240805,0.36741629242897034,0.4286242723464966,0.39343729615211487,0.409921795129776,0.45828428864479065,0.3971988558769226,0.38098835945129395,0.5423118472099304
20240806,0.3634013831615448,0.44407954812049866,0.3923768401145935,0.3943328559398651,0.44960665702819824,0.4702058434486389,0.7653544545173645,1.6804230213165283
20240807,0.30068445205688477,,0.3311386704444885,0.36007750034332275,0.491009384393692,0.4154604375362396,0.546517550945282,1.0840210914611816
20240808,0.30232784152030945,,0.47713789343833923,0.43897852301597595,0.5303811430931091,0.5101665258407593,0.8401148319244385,1.4810261726379395
20240809,0.39457830786705017,0.32610464096069336,0.30413535237312317,0.2923365831375122,0.323989599943161,0.309352308511734,0.37110158801078796,0.6693409085273743
20240810,0.31614798307418823,0.3983355462551117,0.3666989803314209,0.363429456949234,0.32944318652153015,0.3134499788284302,0.36417731642723083,0.6917253136634827
20240811,0.3190934658050537,0.397958904504776,,,0.501629650592804,0.4278143048286438,0.48192816972732544,0.8479803204536438
20240812,0.27213361859321594,0.39417392015457153,0.33923664689064026,0.33350181579589844,,,0.3962339758872986,0.8701805472373962
20240813,0.3004245460033417,0.3375966250896454,0.31356292963027954,0.3142162561416626,0.44102105498313904,0.3458491563796997,0.3911551535129547,0.6735154390335083
20240814,,0.32051610946655273,0.2985861003398895,0.2885749340057373,0.3117971122264862,0.24328593909740448,,
20240815,0.27910298109054565,0.29093101620674133,,0.3026503920555115,0.3467347323894501,0.24413874745368958,0.21987055242061615,0.5974392294883728
20240816,0.3291911780834198,0.3113253116607666,0.3362876772880554,0.3461298942565918,0.4479539096355438,0.43293505907058716,0.27410978078842163,0.45319053530693054
20240817,0.34092819690704346,0.38537612557411194,0.32372456789016724,0.328563928604126,0.4192851483821869,0.3936409652233124,0.42526185512542725,0.6642526984214783
20240818,0.239281564950943,0.33066487312316895,0.2880699038505554,0.26940444111824036,0.40739959478378296,0.4055759906768799,0.4106723964214325,0.7326891422271729
20240819,0.2684597969055176,0.2381172925233841,0.1587725728750229,,0.312485933303833,0.362082302570343,0.3749649226665497,0.5852633118629456
20240820,,,,0.34319940209388733,0.364095538854599,0.37828800082206726,0.37429413199424744,0.38142406940460205
20240821,0.277350515127182,0.2947177588939667,0.3387884795665741,0.4531196653842926,,,,
20240822,,,,,0.3470287322998047,0.36779966950416565,,0.9169884920120239
20240823,0.28618767857551575,0.29589682817459106,0.29862165451049805,0.3173481822013855,0.4649789035320282,0.3547213077545166,0.3802706301212311,0.6225441098213196
20240824,0.26834794878959656,0.20243129134178162,0.17412211000919342,0.23007749021053314,0.4248827397823334,0.29482436180114746,0.3157672882080078,
20240825,0.4198692739009857,0.2409173548221588,0.2959175109863281,0.38401398062705994,0.4740675389766693,0.35438817739486694,0.3346346616744995,0.5328793525695801
20240826,0.35268139839172363,0.37781965732574463,0.30717161297798157,,0.3746308982372284,0.34409278631210327,0.3313908576965332,0.5355705618858337
20240827,0.36198481917381287,0.29386842250823975,0.22743669152259827,0.29290181398391724,0.38177505135536194,0.3471604287624359,0.37337642908096313,0.6185405850410461
20240828,0.2993137240409851,0.36271312832832336,0.28393423557281494,0.3044336140155792,0.426646888256073,0.2978641986846924,0.29702794551849365,0.42533358931541443
20240829,0.3077302575111389,0.1783662587404251,0.20787139236927032,0.2758219540119171,0.4168085753917694,0.3029775023460388,0.3061939477920532,0.5079834461212158
20240830,,0.37179309129714966,0.3404737412929535,0.3335382342338562,0.47288328409194946,0.2881230413913727,0.27169811725616455,0.47672590613365173
20240831,0.39260223507881165,0.44870123267173767,0.3791746497154236,0.37119337916374207,0.4671979546546936,0.38433632254600525,0.3192490041255951,0.5375955104827881
20240901,0.33552104234695435,0.4415101706981659,0.3840705156326294,0.42396652698516846,0.6703956723213196,0.41121283173561096,0.29616907238960266,0.4697783887386322
20240902,0.35283878445625305,0.421193391084671,0.3496606647968292,0.44293835759162903,0.5843634605407715,0.4115680158138275,0.3418063223361969,0.5632063150405884
20240903,,,0.34580183029174805,0.4911156892776489,0.6485845446586609,0.43659234046936035,0.35367515683174133,0.5366868376731873
20240904,0.2863728106021881,0.3028086721897125,0.30946192145347595,0.3543471395969391,0.5025567412376404,0.3957110643386841,,
20240905,,0.32085463404655457,0.21376167237758636,0.24248343706130981,0.2474055141210556,0.2856583297252655,0.3315145969390869,
20240906,0.3533412516117096,0.4161655306816101,0.3709002435207367,0.46647801995277405,0.6508405208587646,0.3628668785095215,0.28160354495048523,
20240907,0.35249897837638855,0.37464141845703125,0.29694345593452454,0.36672234535217285,0.5271099209785461,0.3617989420890808,0.34384846687316895,0.5269442200660706
20240908,0.2644055187702179,0.3353397250175476,0.27189111709594727,0.36315882205963135,0.5235424637794495,0.31805339455604553,0.30336886644363403,0.5844165086746216
20240909,,0.262142151594162,0.24520954489707947,0.2894286513328552,0.2965275049209595,0.25341448187828064,0.25167912244796753,0.537175178527832
20240910,0.3029996454715729,0.2771167755126953,0.23314224183559418,0.319922536611557,0.436248779296875,0.25252825021743774,0.1997540295124054,0.4216298460960388
20240911,0.278069406747818,0.323652058839798,0.2957071363925934,,,0.21502923965454102,0.2715536653995514,0.37591564655303955
20240912,0.281967431306839,0.32156941294670105,0.2895333468914032,0.4320157468318939,0.595840573310852,0.3852084279060364,0.39297574758529663,0.6134058833122253
20240913,0.26559513807296753,0.37098175287246704,0.2733081877231598,0.41456279158592224,0.5894389748573303,0.38588747382164,0.41795599460601807,0.7806204557418823
20240914,0.2380370795726776,0.21377690136432648,0.22677218914031982,0.4615427553653717,0.589167058467865,0.47575393319129944,0.5310067534446716,0.8120114207267761
20240915,0.21148106455802917,,0.22664861381053925,0.2467658817768097,0.43242278695106506,0.4247645139694214,0.5384912490844727,0.8832243084907532
20240916,0.3152693212032318,0.44977521896362305,0.3490297496318817,0.41739949584007263,0.5733410120010376,0.40183717012405396,0.48933032155036926,0.7726283669471741
20240917,0.2787621021270752,0.3430161476135254,0.28831660747528076,0.4224519431591034,0.5738384127616882,0.39020276069641113,0.4346983730792999,0.7543830275535583
20240918,,0.26869335770606995,0.23794826865196228,0.405603289604187,0.44627806544303894,0.3091272711753845,0.41692984104156494,0.8715740442276001
20240919,,0.2881331145763397,0.21301473677158356,0.5615461468696594,0.7529082298278809,0.2689839005470276,0.3153590261936188,
20240920,,0.3147416412830353,0.2439255565404892,0.45715704560279846,0.7769607305526733,0.2697066068649292,0.27890726923942566,0.5706669688224792
20240921,0.23576633632183075,0.39423587918281555,0.1861000806093216,0.3110909163951874,0.4061815142631531,0.2637993395328522,0.2739800810813904,0.527652382850647
20240922,0.2628275454044342,0.3083093762397766,0.23435081541538239,0.34272924065589905,0.5398960709571838,0.22635436058044434,0.25493329763412476,0.4329448640346527
20240923,0.24250832200050354,0.27636680006980896,0.2033749520778656,0.37259945273399353,0.3734380602836609,,,
20240924,,,,,0.4870796501636505,0.25164368748664856,0.24545960128307343,
20240925,0.14231649041175842,0.21672144532203674,0.13250838220119476,0.19056589901447296,0.5952249765396118,0.15444454550743103,,
20240926,,0.30469635128974915,0.2865898907184601,0.43213382363319397,0.662014901638031,0.3590666353702545,0.38120636343955994,0.7147497534751892
20240927,0.25361859798431396,,,,,0.35753709077835083,0.38698816299438477,0.6461198329925537
20240928,0.19610387086868286,0.2740825414657593,0.24578160047531128,0.51408451795578,0.7339314818382263,0.31166860461235046,0.4041919708251953,
20240929,0.26966747641563416,0.32013213634490967,0.25023770332336426,0.4660128057003021,0.5373024344444275,0.3056729733943939,0.418087363243103,0.697041392326355
20240930,0.24133804440498352,0.2928672730922699,0.23425644636154175,0.32191112637519836,0.5191730856895447,0.23537041246891022,0.29457056522369385,0.6748088002204895
20241001,0.22300152480602264,0.255961149930954,0.21459124982357025,0.3487755358219147,0.4985915720462799,0.23559215664863586,0.28730589151382446,0.7504420280456543
20241002,0.2541608214378357,0.28750163316726685,,,,,0.2635723948478699,0.6550629138946533
20241003,0.19157962501049042,0.2485961616039276,0.16853603720664978,0.2330591231584549,0.2544347941875458,0.24191349744796753,,
20241004,0.25834792852401733,0.2410377562046051,0.19364693760871887,0.23933136463165283,0.2532667815685272,0.2390708327293396,0.31560301780700684,0.5750746130943298
20241005,0.24401253461837769,0.3299804627895355,0.22775718569755554,0.33513641357421875,0.47086453437805176,0.2018035650253296,0.24415519833564758,0.5012735724449158
20241007,0.28057074546813965,0.2421174943447113,,,0.1791199892759323,0.16995355486869812,0.2154470533132553,
20241008,0.23897194862365723,0.266398161649704,0.2336777150630951,0.36217403411865234,0.5155552625656128,0.18638870120048523,0.232914537191391,0.45642465353012085
20241009,0.2350093573331833,0.2097955048084259,0.15272898972034454,0.1785239279270172,,0.22893419861793518,,0.25115159153938293
20241010,0.2411181479692459,0.2756313979625702,0.20980966091156006,0.14972393214702606,,,,
20241011,0.2502889335155487,0.3013835549354553,0.23682618141174316,,,,,
20241012,0.23642437160015106,,0.20049455761909485,0.3625193238258362,,,,
20241013,,,0.18777760863304138,0.30579355359077454,0.29617011547088623,0.23101598024368286,0.297126829624176,0.45142701268196106
20241014,0.21803653240203857,0.23694005608558655,0.18969137966632843,0.3646475672721863,0.5263286232948303,0.19661378860473633,,0.6025148034095764
20241015,,0.18210090696811676,0.1769448071718216,0.3011923134326935,0.26098644733428955,0.20547887682914734,0.27116066217422485,0.5619005560874939
20241016,,,,,,0.18661345541477203,0.25281858444213867,0.3551095128059387
20241017,0.14130990207195282,0.1358059197664261,0.12407244741916656,,,,,
20241018,0.22470517456531525,0.2035357505083084,0.21705210208892822,0.26725655794143677,0.30177247524261475,0.17812742292881012,0.22983992099761963,0.20986425876617432
20241019,0.20022672414779663,0.20119285583496094,0.2027539759874344,0.333594411611557,0.462312787771225,0.20384444296360016,0.2237211912870407,0.46667587757110596
20241020,0.21826617419719696,0.25641486048698425,0.19046138226985931,0.17123670876026154,,0.18430659174919128,0.25415095686912537,0.5348259210586548
20241021,,,,0.34682267904281616,0.2734224498271942,0.22024187445640564,0.2781811058521271,0.5192182660102844
20241022,0.2223842442035675,0.20041124522686005,0.2165936678647995,,,,,
20241023,0.2363835871219635,0.22149132192134857,0.15631115436553955,0.2509617805480957,0.3165786564350128,0.2131814807653427,,
20241024,0.22326241433620453,0.2283536046743393,0.18516531586647034,0.30215543508529663,0.4090990424156189,0.17520171403884888,0.22651377320289612,0.4531748592853546
20241025,0.17949168384075165,0.22251388430595398,0.1762600690126419,0.30438360571861267,0.3246011435985565,0.1909080445766449,0.25255298614501953,0.5083332657814026
20241026,,,,0.14335215091705322,0.20057561993598938,0.1559499055147171,0.2057739496231079,
20241027,0.1999482661485672,0.21977975964546204,,,,0.1407608687877655,0.14223502576351166,0.5845196843147278
20241028,0.22506986558437347,0.2199113816022873,0.16415607929229736,0.2946240305900574,,,,
20241029,0.22292253375053406,0.2297286093235016,0.2194274663925171,0.24376125633716583,,,0.3057294189929962,0.6301522254943848
20241030,0.13407602906227112,0.14980575442314148,0.18779303133487701,0.31290993094444275,0.4100545048713684,0.25050273537635803,0.2548241913318634,
20241031,,0.1396590620279312,0.1221858412027359,0.24482066929340363,0.169968843460083,0.14722485840320587,0.35536161065101624,0.6148826479911804
20241101,,,,,0.5294101238250732,0.19652612507343292,0.31818491220474243,0.6259148716926575
20241102,,,,,,,,
20241103,,,,0.11145703494548798,,0.24728192389011383,0.20851778984069824,
20241104,0.22013598680496216,0.26943284273147583,0.20174318552017212,0.2642223834991455,0.49946266412734985,0.22888779640197754,0.2447657436132431,0.41503626108169556
20241105,,0.17521484196186066,0.14726558327674866,0.305488258600235,0.3400239050388336,0.18569985032081604,0.2958490252494812,0.656870424747467
20241106,,,,,0.16577796638011932,0.15192089974880219,0.2245781123638153,0.524185836315155
20241107,0.22921885550022125,,,,,,0.3253715932369232,0.44903314113616943
20241108,,,,,,,,
20241109,,,0.11595473438501358,,,,0.2933759093284607,0.3239384889602661
20241110,0.15480992197990417,0.23252026736736298,0.17188690602779388,,,0.21697813272476196,0.27365168929100037,0.3171434700489044
20241111,,0.2348642647266388,0.1431484967470169,0.3272685110569,0.16324131190776825,,0.2946769595146179,0.4443088173866272
20241112,0.20931461453437805,,,,,0.17667728662490845,0.27339059114456177,
20241113,0.22468723356723785,0.19808562099933624,0.1591690480709076,0.2468118518590927,,,,
20241114,0.23952622711658478,0.27712222933769226,,,0.1587362140417099,0.18020938336849213,0.2856796085834503,0.30867937207221985
20241115,,,,,0.5465359687805176,0.23042581975460052,0.2878652811050415,0.5213343501091003
20241116,,,0.21348123252391815,0.436568945646286,,,,
20241117,,,,,0.42843151092529297,0.19665278494358063,0.24089762568473816,0.3765318989753723
20241118,0.2712724804878235,0.27690833806991577,0.264015793800354,,,,,
20241119,,,0.2369225025177002,0.2632908225059509,0.23886820673942566,,,
20241120,,,,,,,,0.6541628837585449
20241121,,0.1988251507282257,0.1540393829345703,,,,,
20241122,,,,,0.3980899751186371,,,
20241123,0.19651535153388977,0.2741379141807556,,,,,,
20241124,0.20467762649059296,0.2563958466053009,0.2025366723537445,0.33697807788848877,0.2511109411716461,,,
20241125,,,,,0.20781388878822327,,,0.4426039159297943
20241126,,,,,0.5293551087379456,0.21567541360855103,0.2848263382911682,0.15915228426456451
20241127,,,,,0.15408958494663239,0.14337339997291565,0.17409659922122955,0.2193794697523117
20241128,0.2924605906009674,,,,,,0.2610018849372864,0.4191136956214905
20241129,0.27166733145713806,0.26118117570877075,0.19193261861801147,0.24785080552101135,,,,
20241130,0.24907630681991577,0.282885879278183,0.2362370640039444,0.3974548876285553,0.27746477723121643,0.2014690637588501,0.27802279591560364,
20241201,,,0.24140796065330505,0.3812231123447418,0.442921906709671,0.22279730439186096,0.30777519941329956,0.45421576499938965
20241202,,,0.16866840422153473,0.4093555510044098,0.13211189210414886,0.16679587960243225,0.29618602991104126,0.35721397399902344
20241203,0.22835731506347656,,,,0.393999308347702,0.1766393929719925,0.26269057393074036,0.30253851413726807
20241204,0.19280654191970825,0.233795166015625,0.1910436451435089,,,,,
20241205,,0.2859320044517517,,0.31628480553627014,0.228204607963562,,,
20241206,,,,,,,,0.2491263896226883
20241207,,0.15934933722019196,0.16647584736347198,,,,,
20241208,,,,,,,,
20241209,,,,,,,,0.2126660943031311
20241210,,,0.1502576619386673,0.2955741584300995,,,,
20241211,0.20540301501750946,0.20107853412628174,0.24288013577461243,0.34536436200141907,0.36465173959732056,0.23297402262687683,0.37279874086380005,0.3036392033100128
20241212,0.21664941310882568,0.19375993311405182,0.1795351803302765,0.299646258354187,0.38915786147117615,0.20899546146392822,0.3379710018634796,0.3842172920703888
20241213,,,,0.37452706694602966,0.3852013051509857,0.20140919089317322,0.3209911584854126,0.434948593378067
20241214,,,,,,,,
20241215,0.1690959334373474,,0.17923513054847717,0.2897469401359558,0.19812358915805817,,,
20241216,0.16058680415153503,0.23003962635993958,0.20044036209583282,0.26388803124427795,0.1879117488861084,0.17267000675201416,,
20241217,0.17328080534934998,0.21715080738067627,0.15906760096549988,0.25908470153808594,0.16580335795879364,0.16222742199897766,0.22490519285202026,0.5048885941505432
20241218,,,0.1732543408870697,0.33605286478996277,0.39850690960884094,0.18689455091953278,0.28216552734375,0.3512048125267029
20241219,,,,,,0.1949455738067627,0.2750609815120697,0.3673568069934845
20241220,0.1934976428747177,,,,,,,
20241221,0.20141467452049255,0.29277095198631287,0.218927264213562,0.267162948846817,0.23225578665733337,,,
20241222,0.18383577466011047,0.24226751923561096,0.19327959418296814,0.2749748229980469,0.21236552298069,0.19086501002311707,,
20241223,,0.2738405168056488,0.17538802325725555,0.2843575179576874,0.34196311235427856,0.2237553745508194,0.29065972566604614,0.40696588158607483
20241224,,,,,0.36303043365478516,0.24786385893821716,0.31057512760162354,0.4157962501049042
20241225,0.14290978014469147,,,,,,,0.4997621774673462
20241226,0.2033648043870926,0.3348863124847412,0.24892830848693848,0.33676162362098694,,,,
20241227,0.18034794926643372,0.17075543105602264,0.2362179458141327,0.4047324061393738,0.24970364570617676,0.21998213231563568,0.2614891231060028,0.2906389534473419
20241228,0.22417794167995453,0.27542242407798767,0.2242334485054016,0.32867810130119324,0.2629615366458893,0.21185654401779175,0.25025132298469543,0.2497074455022812
20241229,,,0.19023458659648895,0.20252126455307007,0.3726348876953125,0.1943657547235489,0.23772409558296204,0.2544337809085846
20241230,0.17110812664031982,,,,,,0.22756558656692505,0.2153637558221817
20241231,0.225627601146698,0.22721745073795319,0.24561640620231628,0.24230611324310303,,,,
20250101,0.19964219629764557,0.24650700390338898,0.2212463766336441,0.42606088519096375,,0.21123448014259338,0.24199731647968292,
20250102,0.2109794318675995,0.26389560103416443,0.21003735065460205,0.34093087911605835,0.3480825126171112,0.25942546129226685,0.2814076244831085,0.3746912479400635
20250103,,,,,,0.22334471344947815,0.496267169713974,
20250104,,,,,,,0.22094903886318207,
20250105,0.19719229638576508,0.2647888958454132,0.1905493438243866,,,,,
20250106,0.1983078420162201,0.25244274735450745,,0.3562600612640381,0.30450505018234253,,,
20250107,,0.26445940136909485,0.23026350140571594,0.39013272523880005,0.46028441190719604,0.2699650228023529,0.36762702465057373,0.41908910870552063
20250108,,0.26560255885124207,0.18501874804496765,0.24901017546653748,0.5643148422241211,0.28084564208984375,0.29437965154647827,0.43810200691223145
20250109,,,,,0.42284756898880005,0.2817605137825012,0.32273149490356445,0.4004811644554138
20250110,0.26836690306663513,0.23634545505046844,,,,,,0.4845546782016754
20250111,0.14740727841854095,0.21241147816181183,0.21203278005123138,0.2330787479877472,0.19272693991661072,0.14920195937156677,,
20250112,0.1850002408027649,0.21898552775382996,0.17295370995998383,0.27965468168258667,0.27030014991760254,0.252898246049881,0.2692996561527252,0.24436411261558533
20250113,0.19030426442623138,0.20349599421024323,0.1661849468946457,0.29287272691726685,0.34835731983184814,0.21999342739582062,0.2645619511604309,0.273013710975647
20250114,,,,,,,,
20250115,0.20874471962451935,0.2792539894580841,,,,,0.22006842494010925,0.1913827508687973
20250116,0.19645455479621887,0.23005996644496918,0.18670272827148438,0.3054582476615906,,,,
20250117,0.20661722123622894,0.2772044241428375,0.2231113761663437,0.34010300040245056,0.3551981449127197,0.2896883189678192,0.3230142891407013,0.4701581299304962
20250118,0.1940542310476303,0.23597483336925507,,,,0.3133503794670105,0.2999208867549896,0.36387550830841064
20250119,,,0.16207599639892578,,,0.25691673159599304,0.23369483649730682,0.20163190364837646
20250120,0.2531258165836334,,,,,0.21864628791809082,0.2562035024166107,0.3305780589580536
20250121,0.17269355058670044,0.2280580848455429,0.19348466396331787,0.19673186540603638,,,,
20250122,0.1787952482700348,,,,0.2973543107509613,0.3455723226070404,,
20250123,,,0.1902066171169281,0.26869094371795654,,,,
20250124,,,,,0.2357543706893921,0.33866018056869507,0.3272327184677124,0.3251494765281677
20250125,,,,,0.39494433999061584,0.33472517132759094,0.5168339610099792,0.6193579435348511
20250126,0.10004033148288727,,,,,,,
20250127,0.223855122923851,0.29033517837524414,0.17800432443618774,0.2600768208503723,,,,
20250128,0.21804627776145935,0.27145323157310486,0.1911058872938156,0.3364328145980835,0.26368510723114014,0.30622202157974243,0.31659719347953796,0.3148139715194702
20250129,0.23874586820602417,0.2652236223220825,0.17365990579128265,0.35971328616142273,0.34229418635368347,0.3558526635169983,0.334286093711853,0.3037087321281433
20250130,,,,0.37638333439826965,0.40678972005844116,0.2743300795555115,0.36381804943084717,0.37462711334228516
20250131,0.2571105659008026,0.30741065740585327,,,,,0.4295084476470947,0.43390125036239624
20250201,0.15460923314094543,0.18586121499538422,0.21486318111419678,0.402672678232193,0.4758128225803375,0.5844491720199585,,
20250202,0.2078905999660492,0.35125732421875,0.1820652037858963,0.28580695390701294,0.32817891240119934,0.39994245767593384,0.3397543728351593,0.40888744592666626
20250203,0.13700854778289795,0.1941550076007843,,0.2457323521375656,0.3754364252090454,0.40071603655815125,0.32560259103775024,0.3953348994255066
20250204,,,0.13585908710956573,0.14451950788497925,,,,0.4350052773952484
20250205,0.23772504925727844,,,,,0.35383954644203186,0.41365328431129456,0.4139366149902344
20250206,,,0.2623581886291504,0.3534132242202759,,,,
20250207,0.2785431742668152,,,,,0.23159384727478027,,
20250208,0.3316487967967987,0.3350699543952942,0.255644291639328,0.4518551528453827,0.5064696669578552,0.7687710523605347,0.47978460788726807,0.49404439330101013
20250209,,,0.41216030716896057,0.5517939925193787,0.7776268124580383,0.6547635197639465,0.6061686873435974,0.5574070811271667
20250210,0.2943512201309204,,,0.5608463287353516,0.9751502871513367,0.648184597492218,,
20250211,0.2638525068759918,0.3255223333835602,0.25200533866882324,0.3538361191749573,,,0.5240910649299622,0.5500693321228027
20250212,0.13732825219631195,0.32355350255966187,0.2912733852863312,0.4149782955646515,,,,
20250213,0.17521148920059204,0.32422754168510437,0.25950977206230164,0.3879396319389343,,0.4735569953918457,0.3551889657974243,0.3807031512260437
20250214,0.26650065183639526,0.4121374487876892,0.208262637257576,0.3604128956794739,0.3789515197277069,0.5230440497398376,0.39191877841949463,0.2789385914802551
20250215,,,0.2130819410085678,0.4535195827484131,0.46331465244293213,0.5854512453079224,0.42588338255882263,0.30877581238746643
20250216,,,,,,0.7839184999465942,0.48777949810028076,0.45733508467674255
20250217,,,,,,,,
20250218,,,,,0.8235652446746826,0.7522585391998291,0.5186963677406311,0.4592287540435791
20250219,0.3053315579891205,0.40465909242630005,0.40356218814849854,0.5796840786933899,0.7871866822242737,0.8057353496551514,0.5254783630371094,0.5767462253570557
20250220,,0.3603886067867279,0.41973569989204407,0.6160001158714294,0.9685463309288025,0.773718535900116,0.5561596751213074,0.5318388938903809
20250221,0.19691886007785797,0.5990782976150513,,0.5239670276641846,0.8250959515571594,,0.5965136885643005,0.4725123941898346
20250222,0.18624837696552277,0.3525969684123993,0.3754126727581024,0.43166667222976685,,,,
20250223,0.34691518545150757,0.44120511412620544,0.3082496225833893,0.4407709538936615,0.6437863111495972,0.5269378423690796,0.4030454456806183,0.3503294587135315
20250224,0.3696744740009308,0.44032132625579834,0.3591843545436859,0.514560878276825,0.7608332633972168,0.5877320170402527,0.3448922038078308,0.41996845602989197
20250225,0.3878994286060333,0.3195412755012512,0.373228520154953,0.5651664733886719,0.7506766319274902,0.5274034142494202,0.3494671583175659,0.3881259560585022
20250226,,,,,,0.4400396943092346,0.34493955969810486,0.3287290334701538
20250227,,,,,0.5451328158378601,0.4109141230583191,0.34419360756874084,0.4129864275455475
20250228,0.288289338350296,0.4027133584022522,0.20735538005828857,,,0.3710867762565613,0.28798308968544006,
20250301,0.25576600432395935,0.32855919003486633,0.282444030046463,0.3841923773288727,0.4595564305782318,0.325376033782959,0.28011196851730347,0.22032034397125244
20250302,0.2851470112800598,0.34387364983558655,0.2545769512653351,0.3993529677391052,0.5201088786125183,0.3358285129070282,0.29828745126724243,0.2992154359817505
20250303,0.2587355673313141,,0.37077030539512634,0.5454939603805542,0.5986196398735046,0.34073883295059204,0.33567172288894653,0.368401437997818
20250304,,,,,,0.35711222887039185,0.3377169668674469,0.380346417427063
20250305,0.35901620984077454,,,0.36309024691581726,,,,
20250306,0.40318620204925537,0.6679040789604187,0.42125415802001953,0.8585861325263977,0.36233100295066833,0.30315548181533813,0.3808026909828186,0.5738862752914429
20250307,0.42123159766197205,0.5394540429115295,0.39767971634864807,0.6022273302078247,0.7885708808898926,0.5362321138381958,0.4832959771156311,0.6652571558952332
20250308,0.4274865686893463,0.5208626985549927,0.3786332905292511,0.584791362285614,0.7309550642967224,0.3874713182449341,0.4343927800655365,0.24973715841770172
20250309,0.311385840177536,0.4026099443435669,0.35461464524269104,,,0.3591015040874481,0.42209431529045105,0.48392337560653687
20250310,0.2570820152759552,0.3385382294654846,0.3062262237071991,0.5544092059135437,0.6751346588134766,0.39909860491752625,0.2975523769855499,0.2921651303768158
20250311,0.3327733874320984,0.3983536958694458,0.32858285307884216,0.45022302865982056,0.4884372055530548,0.2945668399333954,0.30331626534461975,0.3767091631889343
20250312,0.3699798583984375,0.3419249653816223,0.375887930393219,0.5562979578971863,,,,
20250313,0.26699113845825195,0.40394988656044006,,0.49250662326812744,0.6730727553367615,0.3742232024669647,0.37493327260017395,0.39808782935142517
20250314,,0.31283923983573914,,,0.6652100682258606,0.3303360044956207,0.3600562810897827,0.37635284662246704
20250315,0.22081521153450012,0.326928049325943,0.3252689242362976,0.3646498918533325,,,0.33777305483818054,
20250316,,,,,,,,
20250317,0.3676412105560303,,,,,,0.5488870739936829,0.5279502272605896
20250318,0.44844791293144226,0.5171146392822266,0.4503041207790375,0.642745316028595,0.7861014604568481,0.5176209211349487,0.5224666595458984,0.515079915523529
20250319,0.15523944795131683,,0.3724660277366638,0.4812566936016083,0.8964407444000244,0.3310246467590332,0.37016168236732483,0.294965535402298
20250320,0.36058953404426575,0.374646931886673,0.3800884485244751,0.7061886787414551,0.7288901805877686,0.5216771364212036,0.3021949827671051,0.43386679887771606
20250321,0.4120939075946808,0.4641161859035492,0.4211346507072449,0.627819299697876,0.7477732300758362,0.44690969586372375,0.4933203160762787,0.5590317249298096
20250322,0.3891298174858093,0.558843195438385,0.4576396644115448,0.5974190831184387,0.8445257544517517,0.5317854881286621,0.4575244188308716,0.15862758457660675
20250323,0.36367112398147583,0.5117244720458984,0.41397443413734436,0.6037758588790894,0.8870716094970703,0.41668349504470825,0.4395146667957306,0.5560583472251892
20250324,0.3520640432834625,0.5091127753257751,0.44223925471305847,0.9679001569747925,0.7972859740257263,0.44763174653053284,0.6056095957756042,0.5184467434883118
20250325,0.3492197096347809,0.47873374819755554,0.4250035583972931,0.6742847561836243,0.4537590444087982,0.44307321310043335,0.48270535469055176,0.5494486093521118
20250326,0.3254920244216919,0.43488019704818726,0.4061684012413025,0.7244884371757507,0.5526754856109619,0.42117440700531006,0.536421000957489,0.7015935778617859
20250327,0.3970910608768463,0.6555351614952087,0.3809436857700348,,0.5879284143447876,0.5383695363998413,0.46182769536972046,0.6199714541435242
20250328,0.37034139037132263,0.46414661407470703,0.3690051734447479,0.5789262652397156,0.6151273846626282,0.4510877728462219,0.43855953216552734,0.5145717859268188
20250329,0.5030609965324402,,0.2951532304286957,0.5893309712409973,,,,0.6251787543296814
20250330,0.3802337646484375,0.36349400877952576,0.3207160234451294,0.7094315886497498,0.6072788238525391,0.5155918002128601,0.672496497631073,0.7855072021484375
20250331,0.32365882396698,0.41072049736976624,0.37962427735328674,0.6901922225952148,0.6570068597793579,0.5564749836921692,0.6882667541503906,0.9750292301177979
20250401,0.4779840409755707,0.7330963015556335,0.381252259016037,0.6091741919517517,0.6900492906570435,0.5868093371391296,0.5655578374862671,0.8334599733352661
20250402,0.36323031783103943,,,0.33907774090766907,,0.3917806148529053,0.5049318075180054,0.5745849609375
20250403,0.4407005310058594,0.38113605976104736,0.3352513015270233,0.8195643424987793,0.5523996949195862,0.507013201713562,0.5858083963394165,0.3548838794231415
20250404,,,0.4239532947540283,0.6316232681274414,0.48129260540008545,0.40505653619766235,0.46761688590049744,0.635374128818512
20250405,0.37983232736587524,0.4304957389831543,0.42081695795059204,0.7587374448776245,0.795764684677124,0.5809401869773865,0.6535377502441406,0.9384528994560242
20250406,0.5118803381919861,,,0.7809698581695557,0.6769958734512329,0.5224497318267822,0.660327136516571,0.992631196975708
20250407,,,,,0.7282027006149292,0.5515999794006348,0.6299316883087158,0.7942937612533569
20250408,0.42434653639793396,0.5636025071144104,,,0.8515370488166809,0.717634916305542,0.5840736627578735,
20250409,0.2899281084537506,0.182944655418396,0.47148436307907104,0.6350864768028259,0.7855176329612732,0.546716570854187,0.5915811061859131,0.666588306427002
20250410,0.37416931986808777,0.5005711913108826,0.4033679962158203,0.4652250409126282,0.6391141414642334,0.39477434754371643,0.5706870555877686,0.42244964838027954
20250411,0.4183889329433441,0.48645415902137756,0.4216223359107971,0.6898738741874695,0.7610821723937988,0.499944806098938,0.6068309545516968,0.8531697988510132
20250412,,,0.4296940267086029,0.7932193279266357,0.7149450778961182,0.47758227586746216,0.478358656167984,0.5706049799919128
20250413,,,0.4340611398220062,,0.7535930871963501,0.5379796624183655,0.47307541966438293,0.4811224639415741
20250414,,1.1013373136520386,0.41430947184562683,0.6809853911399841,0.7327080965042114,0.4891456067562103,0.470748633146286,0.5726662874221802
20250415,0.31958359479904175,0.4252300262451172,0.37657347321510315,0.5340145826339722,0.6873090863227844,0.4493994116783142,0.4245299696922302,0.39142289757728577
20250416,,0.4301649332046509,0.3495863080024719,0.5526452660560608,0.6399110555648804,0.42409053444862366,0.3408604860305786,0.5126150250434875
20250417,,,,,,0.2916904091835022,0.39491936564445496,0.49719658493995667
20250418,0.3111068308353424,,0.391215056180954,,,,,0.23970703780651093
20250419,0.3543110191822052,0.395783931016922,0.33796426653862,0.7642929553985596,0.7742853760719299,0.5053191781044006,0.348021000623703,
20250420,0.26374348998069763,0.23827975988388062,0.3303210437297821,0.3363740146160126,0.5645694732666016,0.47866934537887573,0.47976455092430115,0.4354410171508789
20250421,0.4988172650337219,0.5038823485374451,0.27449676394462585,,,,0.3985007405281067,
20250422,0.6925382018089294,0.6134706139564514,0.5780308842658997,0.7440933585166931,0.7809693813323975,0.6161736845970154,0.6288512945175171,0.9398844242095947
20250423,,0.6673861742019653,0.6845686435699463,0.8535075187683105,0.8183469176292419,0.6239610314369202,0.5903584361076355,0.5753020644187927
20250424,,0.45622801780700684,0.4587833881378174,0.5597102642059326,,,0.9587046504020691,0.8704224824905396
20250425,,,,,0.6197761297225952,0.5760584473609924,0.6019522547721863,0.6127195358276367
20250426,,0.31484970450401306,,,0.46643441915512085,0.3958922326564789,0.5165135860443115,0.513274073600769
20250427,,0.4432598650455475,,0.4796600341796875,,,,
20250428,0.33093371987342834,0.5283333659172058,0.6312044262886047,0.6226779222488403,0.6515322327613831,0.5260205864906311,0.46203845739364624,0.5959561467170715
20250429,0.3724271059036255,0.3571847379207611,0.41343122720718384,0.6963135600090027,0.6363583207130432,0.6175071001052856,0.5663988590240479,0.49210771918296814
20250430,0.3755206763744354,0.48824718594551086,0.4981865882873535,0.6959750652313232,0.5384198427200317,0.5340139269828796,0.6388002634048462,0.7071236371994019
20250501,0.41853469610214233,0.5311615467071533,0.5065248012542725,0.7347767949104309,0.7454469203948975,0.5979426503181458,0.632192075252533,0.6864126324653625
20250502,,,,,0.7595701217651367,0.6172259449958801,0.621293306350708,0.7399698495864868
20250503,,0.6188817620277405,0.48134443163871765,,,,,
20250504,0.47814249992370605,0.5870955586433411,0.5231806635856628,0.7389337420463562,0.9369529485702515,0.5812376141548157,0.5800578594207764,0.6154876947402954
20250505,,0.5632857084274292,0.4522028863430023,0.5721930265426636,0.7766674160957336,0.6074617505073547,0.6905921101570129,0.879150927066803
20250506,0.3448663651943207,0.41269949078559875,0.5938817262649536,,0.754221498966217,0.5346882343292236,0.5546332597732544,0.8163278698921204
20250507,0.20771212875843048,0.3571374714374542,0.2777009606361389,0.3631931245326996,0.5375010371208191,0.4285883605480194,0.4113629162311554,0.5900877714157104
20250508,0.5253179669380188,0.45134860277175903,0.20530085265636444,,0.23154756426811218,0.5062316060066223,0.5319850444793701,0.9027265310287476
20250509,0.450835645198822,0.5961272716522217,0.5455283522605896,0.7084038853645325,0.7095571160316467,0.6294938325881958,0.6112229824066162,0.6739158034324646
20250510,0.43855032324790955,0.5504076480865479,0.47158846259117126,0.6871647834777832,0.8435465693473816,0.6878165602684021,0.7616478800773621,0.7389601469039917
20250511,0.2765268385410309,0.32554036378860474,0.36341866850852966,0.6785081624984741,0.788555920124054,0.6112993955612183,0.6777117252349854,0.6669266819953918
20250512,0.31146812438964844,0.4138258099555969,0.40557023882865906,0.6232471466064453,0.8013603091239929,0.5844258666038513,0.6730375289916992,0.6431810855865479
20250513,0.16593605279922485,0.2720169425010681,0.2724677622318268,0.5276665687561035,0.6457225680351257,0.5732091665267944,0.6719403862953186,0.6449616551399231
20250514,,0.2981017529964447,,0.43876975774765015,,0.4151393175125122,,0.5681990385055542
20250515,0.37423789501190186,,0.29370352625846863,0.39932629466056824,0.6187795996665955,0.5303590893745422,0.18093501031398773,0.38858935236930847
20250516,0.36710336804389954,0.4145076870918274,0.3068351149559021,0.3268774747848511,0.6750030517578125,0.45139050483703613,0.46192044019699097,0.5543692708015442
20250517,0.3686678111553192,0.2920646667480469,0.2549107074737549,0.5196989178657532,0.7024986743927002,0.48917752504348755,0.5098779201507568,0.4189642369747162
20250518,0.35430729389190674,0.4184008538722992,0.40225574374198914,0.5797634720802307,0.6178833246231079,0.5526241064071655,0.6454334855079651,0.6829134225845337
20250519,0.5126315355300903,0.698035478591919,0.4844246506690979,0.6734933257102966,0.8467118144035339,0.6595144271850586,0.661040186882019,0.6664162278175354
20250520,0.33378198742866516,0.4127599596977234,0.3568479120731354,0.5471199154853821,,0.6368809938430786,0.6795055270195007,0.6474616527557373
20250521,0.3459489643573761,0.2097395658493042,0.274813175201416,0.35546860098838806,0.594068169593811,0.46518465876579285,0.6477429270744324,0.6237318515777588
20250522,0.4538557231426239,0.5250219702720642,0.44010207056999207,0.498858779668808,0.553452730178833,0.49399134516716003,0.6301140785217285,0.6659207940101624
20250523,,,,0.6394012570381165,1.4236773252487183,,0.7583750486373901,0.7356743216514587
20250524,,0.5544817447662354,0.4290113151073456,0.40815645456314087,0.5461645126342773,0.5102190375328064,0.5998662114143372,0.6785581707954407
20250525,0.2854840159416199,0.6218804717063904,0.6297769546508789,,1.048534870147705,0.774722695350647,0.6757411956787109,0.740071177482605
20250526,0.3141467571258545,0.5136755108833313,0.5586109757423401,,,,0.6641875505447388,
20250527,0.4292348325252533,0.5368744730949402,0.5182667970657349,0.6052372455596924,,,,
20250528,0.4724057614803314,0.5804643630981445,0.5752298831939697,0.6707039475440979,1.060494065284729,0.7043996453285217,0.6315003633499146,0.73272305727005
20250529,0.6366780400276184,0.701103150844574,0.5907238125801086,0.7419643998146057,0.9826523661613464,0.6778904795646667,0.6095858812332153,0.6287775039672852
20250530,0.45337721705436707,0.6842826008796692,1.0660148859024048,0.7521872520446777,1.0173382759094238,0.7581825256347656,0.6631934642791748,0.7123472690582275
20250531,0.4248075485229492,0.5447336435317993,,,1.6205706596374512,1.3453418016433716,0.7438412308692932,0.7490938901901245
20250601,0.31065288186073303,0.45774587988853455,0.5558596253395081,0.6933267116546631,0.9556559324264526,0.7672842741012573,,
20250602,0.3899976313114166,0.5102293491363525,0.4912515878677368,0.5763330459594727,0.8039693832397461,0.6404010057449341,0.635694146156311,0.6959093809127808
20250603,,,,,0.8641859889030457,0.6568182706832886,0.6747689247131348,0.8538455367088318
20250604,0.5031399726867676,0.6620889902114868,,,,,,
20250605,0.33853811025619507,0.5050534009933472,0.4514145255088806,0.5153025984764099,0.7060861587524414,0.6125705242156982,0.514379620552063,0.4780558943748474
20250606,0.4207751154899597,0.4224153459072113,0.49040400981903076,0.5684072375297546,0.8046310544013977,0.6316508054733276,0.6365089416503906,0.5775555968284607
20250607,0.2862243056297302,0.3495456278324127,0.42284831404685974,0.6511238217353821,0.7954394221305847,0.6810710430145264,0.599807858467102,0.6370216012001038
20250608,0.25233030319213867,0.4529757797718048,0.3402935266494751,0.3027533292770386,0.6390669345855713,0.47874686121940613,0.4403488039970398,0.5290464758872986
20250609,0.5453556180000305,0.43226587772369385,0.2582612633705139,0.3101552724838257,0.6492317914962769,0.6276947855949402,0.5429993867874146,0.4456971287727356
20250610,0.47419726848602295,0.6333759427070618,0.47174596786499023,0.5805954337120056,,0.6810368299484253,0.5377954840660095,0.7014297246932983
20250611,0.2968982458114624,0.33226510882377625,0.3851466476917267,0.2973535358905792,,,0.9439259767532349,0.9758386015892029
20250612,0.3844732940196991,0.4531722664833069,0.39701932668685913,0.3496495187282562,,,0.48119527101516724,0.6212315559387207
20250613,0.3928905725479126,0.49994733929634094,0.4075873792171478,0.538882315158844,,,,
20250614,,0.3186534643173218,0.34821078181266785,0.4221554398536682,0.6561256051063538,0.6381847262382507,0.6010011434555054,0.6515761613845825
20250615,,,,0.4739750623703003,0.6786932349205017,0.7080898880958557,0.6515852808952332,0.7957021594047546
20250616,0.4122266471385956,0.4122332036495209,0.41877812147140503,0.37653079628944397,,,,
20250617,,,,0.46961766481399536,0.6161216497421265,0.6937093734741211,0.6724103689193726,0.7616095542907715
20250618,,0.48801127076148987,0.3659861385822296,0.33411267399787903,,0.8055825233459473,0.8335362076759338,1.1889879703521729
20250619,,0.42456185817718506,0.4019584655761719,0.38449183106422424,0.7160769701004028,0.6321882605552673,0.6687170267105103,0.7512179017066956
20250620,,0.49985793232917786,0.39704951643943787,0.39101195335388184,0.6402803659439087,0.6037973761558533,0.6814864277839661,0.6875952482223511
20250621,0.3041253387928009,0.5596959590911865,,0.5615718960762024,0.8230710029602051,0.64805006980896,0.7083887457847595,0.7167506814002991
20250622,0.4252861738204956,,,0.6323248147964478,0.7714918255805969,0.712652325630188,0.784801185131073,0.8964356780052185
20250623,0.3885612189769745,0.4035189747810364,0.5105991959571838,0.47501862049102783,0.686488926410675,0.6742485165596008,0.8099386692047119,
20250624,0.2210390716791153,0.524135410785675,0.559454083442688,,0.5445111989974976,0.5457088351249695,0.5695003271102905,0.6133454442024231
20250625,,0.3875778317451477,0.4660150408744812,0.42447569966316223,,,0.43925538659095764,0.38799619674682617
20250626,0.5271629691123962,0.623160719871521,0.5630286335945129,,,,,
20250627,0.45115330815315247,0.5584263801574707,0.5327936410903931,0.5110783576965332,0.6256353855133057,0.5569499731063843,0.5793535709381104,0.6712385416030884
20250628,0.47501203417778015,0.42537540197372437,0.4856482148170471,0.47849535942077637,0.6064231991767883,0.5525212287902832,0.6139269471168518,0.632844090461731
20250629,,,,,0.7291962504386902,0.5650250911712646,0.6465602517127991,0.747607946395874
20250630,,,,,,,,0.7303053140640259
20250701,0.5036038160324097,0.6369379758834839,0.6373063921928406,0.5298135280609131,0.6497206091880798,0.5555206537246704,0.6470599174499512,0.6615254282951355
20250702,0.3846602439880371,0.5369548797607422,,,,,,0.7887816429138184
20250703,,0.5370472073554993,,,,1.0172189474105835,1.1944807767868042,1.317502737045288
20250704,0.2635839879512787,0.26865559816360474,0.29195868968963623,0.333402156829834,0.41002941131591797,0.5459538102149963,0.6197554469108582,0.6601933836936951
20250705,0.24346384406089783,0.2853390872478485,0.25040438771247864,0.30555814504623413,0.4775058925151825,0.4689013957977295,0.41181567311286926,0.5174856781959534
20250706,0.40322744846343994,0.5115956664085388,0.4252438545227051,0.4071550667285919,0.47017014026641846,0.46730276942253113,0.355325311422348,0.48241549730300903
20250707,,,,,,0.5189412236213684,0.5719574689865112,0.7340934872627258
20250708,,0.5991145968437195,0.5572165250778198,0.5657980442047119,0.5994493961334229,0.5635043978691101,0.5121281743049622,0.5475694537162781
20250709,0.4630368947982788,0.523931086063385,0.5534381866455078,0.6469302177429199,0.6128090023994446,0.5815303921699524,0.5735478401184082,0.6781538128852844
20250710,0.5045322775840759,0.5735992193222046,0.5715218186378479,0.6436331272125244,0.7129868268966675,0.5568803548812866,0.5541965365409851,0.46586620807647705
20250711,0.5155460834503174,,0.5485665202140808,0.5189998745918274,0.5344976186752319,0.49091410636901855,0.5352169871330261,0.632236659526825
20250712,,0.9244688749313354,0.634131669998169,0.5518761277198792,0.5851601362228394,0.5317478775978088,0.5442866683006287,0.6157392859458923
20250713,0.4063258171081543,0.4837033152580261,0.4838768541812897,0.4733830988407135,0.47939491271972656,0.4708159267902374,0.5559870004653931,0.4993981719017029
20250714,0.23459377884864807,0.32132017612457275,0.42845889925956726,0.422586053609848,,,,
20250715,0.4165214002132416,0.39876484870910645,0.41898488998413086,0.45854508876800537,0.595427930355072,0.40848487615585327,0.4089679718017578,0.5098406076431274
20250716,0.33903932571411133,,0.4155758321285248,0.46748533844947815,0.5497099757194519,0.42286601662635803,0.40198707580566406,0.48593446612358093
20250717,0.4472409188747406,0.4993138015270233,0.45348304510116577,0.45817118883132935,0.4450826346874237,0.4062193036079407,0.4097933769226074,0.5436409711837769
20250718,,0.35975757241249084,0.3840963840484619,0.4878578186035156,0.6161110401153564,0.5114622712135315,0.3899649381637573,0.5405333638191223
20250719,0.3669516444206238,0.34510788321495056,0.3457772135734558,0.38187286257743835,0.4360162317752838,0.43304941058158875,0.4258933961391449,0.5572342276573181
20250720,0.4095563292503357,0.40584027767181396,0.3589874505996704,0.42983976006507874,0.5380356907844543,0.3837415277957916,0.34462568163871765,0.5012204051017761
20250721,0.20789390802383423,0.38345059752464294,0.5051635503768921,,,,,0.5567271113395691
20250722,,,0.42168185114860535,0.5466154217720032,0.5699059963226318,0.504484236240387,0.4595178961753845,0.4562341570854187
20250723,0.42470988631248474,0.560488760471344,,,,0.49077197909355164,0.47675377130508423,0.4991615116596222
20250724,,,,,,,,
20250725,0.23315086960792542,0.3003290891647339,0.4159606993198395,0.4790085256099701,,0.4756770730018616,0.48674607276916504,
20250726,0.34723713994026184,0.3387719988822937,0.3724064826965332,0.4938873052597046,0.6978889107704163,0.4551946520805359,0.4872034192085266,0.4078349173069
20250727,0.5591421723365784,0.377410888671875,0.3914027512073517,0.4409310221672058,0.5154063701629639,0.4138168692588806,0.398212194442749,0.4165304899215698
20250728,0.42047256231307983,,,,,,0.5112767219543457,0.50065016746521
20250729,0.4043457806110382,0.37812307476997375,0.46152397990226746,0.5117653012275696,0.6010007858276367,0.5291559100151062,0.5518585443496704,
20250730,0.3234066367149353,0.40333500504493713,0.4123843312263489,0.6648266315460205,0.6672630906105042,0.47538962960243225,0.39405885338783264,
20250731,0.3913554549217224,0.3040757179260254,0.3034566044807434,0.4320715367794037,0.5273364782333374,0.40805357694625854,0.39442530274391174,0.45326194167137146
20250801,0.3973235785961151,0.4118176996707916,0.45859113335609436,0.512606143951416,0.4415273070335388,0.3852735757827759,0.34923478960990906,0.4383217394351959
20250802,0.31928780674934387,0.4128822684288025,,0.6592541933059692,0.5164801478385925,0.4695635139942169,0.3867608904838562,0.44099536538124084
20250803,,0.42902716994285583,0.42673254013061523,,,,,
20250804,0.3068027198314667,0.28525403141975403,0.4255897104740143,0.6155053377151489,0.5796762108802795,0.5763617157936096,0.4679718017578125,
20250805,0.2762046456336975,,0.37644821405410767,0.5127002000808716,0.570022702217102,0.456862211227417,0.4326930642127991,0.44661083817481995
20250806,0.24991478025913239,0.3074146807193756,0.25124895572662354,0.4050486087799072,0.36134231090545654,0.3457881212234497,0.3456518352031708,0.40769073367118835
20250807,0.4288552701473236,0.39091238379478455,0.28075602650642395,0.4061793386936188,0.39499157667160034,0.3505917489528656,0.31344833970069885,0.3172212839126587
20250808,0.3861869275569916,0.4059247374534607,0.46068158745765686,0.4796951711177826,0.535693347454071,0.3760298192501068,0.337698370218277,0.3275671899318695
20250809,0.3067154288291931,0.377429723739624,0.3641726076602936,0.47510644793510437,0.563779354095459,0.4264886677265167,0.4105489253997803,0.4142870604991913
20250810,,0.2538614273071289,,,0.408139169216156,0.4257727265357971,0.38983315229415894,0.4076476991176605
20250811,0.3165897727012634,0.32197245955467224,0.30716413259506226,0.37833669781684875,0.44169285893440247,0.3674572706222534,0.31424376368522644,
20250812,0.35771676898002625,0.30806902050971985,0.28236937522888184,0.29964104294776917,0.2947272062301636,0.2962248921394348,0.3292047679424286,0.3827435374259949
20250813,0.3082292973995209,0.32681596279144287,0.29883667826652527,0.3057711720466614,0.31688764691352844,0.30826836824417114,0.3084696829319,0.4167417883872986
20250814,0.2603062391281128,0.26131704449653625,0.2875778377056122,0.2507925033569336,,0.4215247631072998,,0.4174424707889557
20250815,0.2510436773300171,0.2791561782360077,0.30280762910842896,0.3914792239665985,0.5294709205627441,0.3712494373321533,0.34457266330718994,0.37683528661727905
20250816,0.2414185255765915,0.26892971992492676,0.2877078950405121,0.3649436831474304,0.4852508306503296,0.3011309802532196,0.2798159718513489,0.32743898034095764
20250817,,0.26125437021255493,0.22890055179595947,0.2513601779937744,0.3040885925292969,0.24640700221061707,0.22086764872074127,0.3062315881252289
20250818,0.3903937339782715,0.3989431858062744,,,0.2796689569950104,0.2741859555244446,,0.4552079141139984
20250819,,,,,0.5372400283813477,,,0.3764130771160126
20250820,0.21677948534488678,,,,,0.4203800857067108,0.3640578091144562,0.5311993360519409
20250821,0.31378045678138733,0.32005786895751953,0.2707805335521698,0.31960979104042053,0.34597358107566833,0.3105483949184418,,
20250822,0.29313409328460693,0.280758261680603,0.24612931907176971,0.27665817737579346,0.3075673580169678,0.2826358377933502,0.29680243134498596,0.3364092707633972
20250823,0.3509281277656555,,0.25322064757347107,0.2546469569206238,0.26792749762535095,0.25580137968063354,0.2800620496273041,0.30197277665138245
20250824,0.30762314796447754,0.28833064436912537,0.24226953089237213,,,,,
20250825,0.3367226719856262,0.332112580537796,0.260814905166626,0.25443729758262634,0.16149862110614777,0.24942341446876526,0.2663077116012573,0.2962719798088074
20250826,0.1610564887523651,0.2313292920589447,0.25605782866477966,0.4783836305141449,0.4461524486541748,0.3419005572795868,0.2721354067325592,0.30162498354911804
20250827,0.24525900185108185,0.22566142678260803,0.2749560475349426,0.35830822587013245,0.534116268157959,0.34592872858047485,0.2948775589466095,0.3026978671550751
20250828,,0.12100525200366974,0.23879007995128632,0.330958753824234,0.41980820894241333,0.36036786437034607,0.3096059560775757,0.2806542217731476
20250829,,,,,,,0.40824535489082336,
20250830,0.31544068455696106,0.30133649706840515,,0.45158204436302185,0.4480440318584442,0.3451319932937622,0.34234949946403503,0.16650274395942688
20250831,0.2923310399055481,0.3382017910480499,0.3121992349624634,0.3795851469039917,0.5050970911979675,0.34720805287361145,0.3570949137210846,0.36727893352508545
20250901,0.2789984345436096,0.308438241481781,0.300127774477005,0.3743886649608612,0.5121064186096191,0.32154160737991333,0.3225645422935486,0.3607507348060608
20250902,0.20075185596942902,0.2577436864376068,0.28195667266845703,0.3283730745315552,0.4866303503513336,0.34132257103919983,0.32607337832450867,0.3950254023075104
20250903,0.2769429385662079,0.29054534435272217,0.2753061354160309,0.28028589487075806,0.3213806748390198,,,
20250904,,,,,,,,
20250905,0.2478284239768982,0.25601351261138916,0.220518559217453,0.26200374960899353,0.34891608357429504,0.3318706452846527,0.3391045033931732,0.37113460898399353
20250906,,0.23862285912036896,0.21044425666332245,0.24347928166389465,,,,0.5220981240272522
20250907,0.31622710824012756,0.3126002550125122,0.275560200214386,0.39582741260528564,0.4590759873390198,0.3542470335960388,0.33608850836753845,0.3768264949321747
20250908,0.3412843644618988,0.16356781125068665,0.24671880900859833,0.234443798661232,0.21005237102508545,0.2503962814807892,0.2751159965991974,0.3410726487636566
20250909,0.26545238494873047,0.2909773290157318,,,,0.22139842808246613,0.23392659425735474,0.2711598575115204
20250910,0.2423364222049713,,0.18677867949008942,,0.20379459857940674,,0.2811882197856903,0.2541455626487732
20250911,0.2763811945915222,0.2690219581127167,0.21055707335472107,0.4325050711631775,0.6686431169509888,,0.193867489695549,0.2012294977903366
20250912,0.26915791630744934,0.2785225212574005,0.24568544328212738,0.3233368992805481,0.48272162675857544,0.25503069162368774,0.243651881814003,0.27770960330963135
20250913,0.28943315148353577,0.2145954817533493,0.22028198838233948,0.2874694764614105,0.32766151428222656,0.2674514353275299,0.25578826665878296,0.27127864956855774
20250914,0.20700711011886597,0.2350408136844635,0.20628014206886292,0.22630052268505096,0.2571042478084564,0.18654942512512207,0.2167673408985138,0.2791808545589447
20250915,,0.19519835710525513,0.22197730839252472,0.30585262179374695,0.3988054394721985,0.27053800225257874,0.2863779067993164,
20250916,0.28204089403152466,0.24202577769756317,0.20191457867622375,0.31915178894996643,0.44221848249435425,0.24833069741725922,0.23638688027858734,0.2706216871738434
20250917,,0.2576773464679718,0.22885572910308838,0.2967025637626648,0.43268486857414246,0.21168792247772217,0.21526750922203064,0.27039220929145813
20250918,0.19867567718029022,0.2094663679599762,0.1881215125322342,0.189845472574234,0.33078399300575256,0.19954493641853333,0.20602057874202728,0.3107404112815857
20250919,0.27638745307922363,0.26773717999458313,0.1887645125389099,0.17715930938720703,0.2216617316007614,0.17130519449710846,0.17747671902179718,0.20861884951591492
20250920,0.18185359239578247,0.24394230544567108,0.22988130152225494,0.25748205184936523,0.5950958132743835,0.23463581502437592,,
20250921,0.2054867297410965,0.2620207965373993,0.18122023344039917,,,,,0.23694029450416565
20250922,0.24621421098709106,0.22968006134033203,0.1635669320821762,0.21331557631492615,0.2738342583179474,0.15925954282283783,0.18810561299324036,0.27304330468177795
20250923,0.245895653963089,0.22166047990322113,0.17501765489578247,0.2119494378566742,0.3974505662918091,0.19956699013710022,0.21970288455486298,0.302974671125412
20250924,0.2571440637111664,0.2551872432231903,0.17938736081123352,0.2093413919210434,0.271418035030365,0.17454198002815247,0.2081868052482605,0.26670363545417786
20250925,0.22833776473999023,0.2328437715768814,0.20967885851860046,0.24110133945941925,0.3257576823234558,0.17652851343154907,0.19572800397872925,0.2103855311870575
20250926,0.1969458907842636,0.2329203486442566,0.17056763172149658,0.16962479054927826,0.33026039600372314,0.16472992300987244,0.19014917314052582,0.22799870371818542
20250927,0.22145897150039673,0.1932547390460968,0.19800998270511627,0.220611110329628,0.368132084608078,0.15783749520778656,0.2032421976327896,0.2263435274362564
20250928,0.14172722399234772,0.17377875745296478,0.14705391228199005,0.20205163955688477,0.21707086265087128,0.1687166690826416,0.22576679289340973,0.22443638741970062
20250929,0.19357645511627197,0.14301277697086334,0.16717731952667236,0.2201586812734604,0.15153765678405762,0.13333846628665924,,
20250930,0.22166652977466583,0.20729626715183258,0.2324594259262085,0.29580357670783997,0.3024888038635254,0.15647433698177338,0.1873319000005722,0.18074443936347961
20251001,0.23417899012565613,0.24540631473064423,0.20206288993358612,0.22690868377685547,0.37945905327796936,0.17431209981441498,0.21076805889606476,
20251002,0.24291729927062988,0.26860663294792175,0.20220007002353668,0.2546777129173279,0.37064534425735474,0.192293182015419,0.2525879740715027,0.2694324851036072
20251003,0.24083147943019867,0.25701987743377686,0.17602385580539703,0.22342276573181152,0.42490366101264954,0.19284386932849884,0.25876957178115845,0.2910589277744293
20251004,0.163441002368927,0.18367931246757507,,,,0.16808299720287323,0.26525434851646423,0.26425042748451233
20251005,,,,,,,,
20251006,0.16175520420074463,0.1909547597169876,,,,,,
20251007,0.20355600118637085,0.19767308235168457,0.14391495287418365,0.14133425056934357,0.10898733884096146,0.1329445242881775,0.23924620449543,0.2430649995803833
20251008,,,,0.23301416635513306,0.4360935389995575,0.14883551001548767,0.25216618180274963,0.19626635313034058
20251009,0.2697972357273102,0.2985388934612274,0.194331094622612,0.23039378225803375,0.1911601424217224,0.1757899820804596,0.2904773950576782,0.2818750739097595
20251010,0.2520611882209778,0.2896221876144409,0.1756685972213745,0.20740242302417755,0.2547631859779358,0.16629400849342346,0.31865814328193665,
20251011,0.22683647274971008,0.2510690987110138,0.1785736382007599,0.21892032027244568,0.29718077182769775,0.13847434520721436,0.28958800435066223,0.19920529425144196
20251012,0.20321005582809448,0.21230006217956543,0.15047505497932434,0.2509177029132843,0.333524227142334,0.1545688360929489,0.3038705289363861,0.24112161993980408
20251013,0.2143753170967102,0.23740173876285553,0.15855765342712402,0.27049720287323,0.38836154341697693,0.1571836769580841,0.290440171957016,0.24361532926559448
20251014,0.20717322826385498,0.22160673141479492,0.18351440131664276,0.194130539894104,0.8240334987640381,0.18536818027496338,0.329828679561615,0.2804749608039856
20251015,0.2149554342031479,0.23571884632110596,,0.19913111627101898,,,,0.34618937969207764
20251016,0.1962675303220749,0.24667459726333618,0.2223527580499649,0.266181617975235,0.2370743304491043,0.20107683539390564,0.28376689553260803,0.22209465503692627
20251017,0.19014574587345123,0.22493787109851837,0.18045441806316376,0.24278515577316284,0.3922882080078125,0.2018812745809555,0.36753740906715393,0.25361207127571106
20251018,,0.24522148072719574,0.23651306331157684,0.26788637042045593,0.49874407052993774,0.2477279007434845,0.38574159145355225,0.2802756726741791
20251019,,,,,,0.44868555665016174,0.5424533486366272,
20251020,0.17023861408233643,0.11014246940612793,0.1901025027036667,,,,,
20251021,0.14224477112293243,0.1715281456708908,0.18248535692691803,0.2042362242937088,0.32213109731674194,0.1992933601140976,,
20251022,0.19690096378326416,0.19973106682300568,0.1804085224866867,0.2629426419734955,0.3696790337562561,0.2257859706878662,0.251108318567276,0.2307121455669403
20251023,0.2414972335100174,0.23520441353321075,0.18931300938129425,0.23857808113098145,0.3905565142631531,0.2445305734872818,0.3617289662361145,0.3285946846008301
20251024,0.23756371438503265,,,,0.5782390832901001,0.33713823556900024,0.403717577457428,0.31709015369415283
20251025,0.17643550038337708,0.2118910700082779,,,,,,0.324383407831192
20251026,,,,,,,,
20251027,0.19601577520370483,0.20338508486747742,0.16330324113368988,0.2214096039533615,,0.1637561321258545,0.1973847597837448,
20251028,0.22862887382507324,0.23411825299263,0.1901608258485794,0.28592750430107117,0.293479323387146,0.206269308924675,0.31775417923927307,0.33247390389442444
20251029,,0.22374199330806732,,,,,,0.2690228521823883
20251030,0.19339598715305328,0.21287991106510162,,,,,0.34289732575416565,0.33632969856262207
20251031,0.2295874059200287,0.20938600599765778,0.20107871294021606,0.2765084207057953,0.2108350694179535,0.2604221701622009,,
20251101,0.133778914809227,0.18643802404403687,0.20570091903209686,0.2657749056816101,0.17527785897254944,0.2171623557806015,0.17320507764816284,0.19621600210666656
20251102,0.1622799038887024,0.18576818704605103,0.16627237200737,0.23066967725753784,0.45600393414497375,0.26668453216552734,0.4053341746330261,
20251103,,0.23829062283039093,0.14368543028831482,0.1506078988313675,0.14114251732826233,0.1561649590730667,0.17355866730213165,
20251104,,,,,0.41133251786231995,0.2366245687007904,0.3641212582588196,0.3942246437072754
20251105,,,,,,,,0.559283435344696
20251106,,0.12097541242837906,,0.2426115721464157,0.1776924729347229,0.20649346709251404,,
20251107,0.17990195751190186,0.190996915102005,0.17741702497005463,0.23083186149597168,0.17758046090602875,0.17959001660346985,0.22981171309947968,0.12722407281398773
20251108,0.21254414319992065,0.2068253606557846,0.16841696202754974,0.1961870938539505,0.29501351714134216,0.26885151863098145,0.3831941783428192,0.3259263336658478
20251109,,,,,0.3543453514575958,0.23946158587932587,0.34835726022720337,0.2931479513645172
20251110,0.17138846218585968,0.18682058155536652,,,,,0.39435526728630066,0.3055972158908844
20251111,0.21860550343990326,0.2610073685646057,0.22073429822921753,0.275076299905777,0.28830036520957947,,,
20251112,0.18480730056762695,0.21468642354011536,0.2130805402994156,0.2243095487356186,0.20454733073711395,0.1974298357963562,0.25527745485305786,0.29402798414230347
20251113,0.13039307296276093,0.17121683061122894,0.1616634577512741,0.2542079985141754,0.3737381100654602,0.28477704524993896,0.36769554018974304,0.3052179217338562
20251114,,,0.16701184213161469,0.2571219205856323,0.4060618281364441,0.2454228699207306,0.28492775559425354,0.247854545712471
20251115,,,,,,,0.27622145414352417,0.2526942789554596
20251116,0.13439683616161346,0.18383803963661194,0.17471018433570862,,,,,
20251117,0.17870479822158813,0.20654891431331635,0.18379433453083038,0.24344420433044434,0.21708489954471588,0.23037345707416534,0.30101537704467773,
20251118,0.155271977186203,0.19923987984657288,,,,0.28193598985671997,0.29683881998062134,0.2967052161693573
20251119,,,,,,0.21978329122066498,0.25283175706863403,0.24474798142910004
20251120,,,,,,,,0.263200968503952
20251121,,,,,,,,
20251122,,,,,,,,
20251123,0.21211469173431396,0.18582941591739655,0.2107001692056656,0.34857404232025146,0.335497111082077,0.24489882588386536,,
20251124,,0.19160105288028717,0.17920871078968048,0.33617281913757324,0.42896828055381775,0.3318738341331482,0.37772053480148315,0.3047236502170563
20251125,,,,,0.44149675965309143,0.28007182478904724,0.33607935905456543,0.3077004551887512
20251126,0.23310695588588715,0.2901804745197296,,,,,,0.3292444348335266
20251127,0.21961311995983124,0.16509297490119934,0.16769349575042725,0.2750745415687561,0.2304716408252716,,,
20251128,0.18712902069091797,0.22063761949539185,0.15829065442085266,0.22015686333179474,0.15628856420516968,0.24853339791297913,,
20251129,0.1917189508676529,0.215152308344841,0.14435358345508575,0.25507304072380066,0.3985905051231384,0.2676335871219635,0.25703164935112,0.27624234557151794
20251130,,,0.15489861369132996,0.2687360942363739,0.37920454144477844,0.27150532603263855,0.2720259428024292,0.21941624581813812
20251201,0.2231704741716385,,,,,,0.23332953453063965,0.2531895041465759
20251202,,0.178064227104187,0.14933577179908752,0.30507275462150574,0.35133475065231323,,,
20251203,0.13610497117042542,0.16266605257987976,,,,0.2267848402261734,0.23239398002624512,
20251204,0.14895853400230408,0.17660941183567047,0.1370566040277481,0.20478348433971405,0.3641294240951538,0.2630942761898041,0.29967713356018066,0.2221764624118805
20251205,,,0.11744934320449829,0.13031639158725739,0.4176156520843506,0.1971619576215744,,
20251206,0.1471220999956131,,,,,0.22560283541679382,0.2343103289604187,0.2201991081237793
20251207,0.16748426854610443,0.18589040637016296,0.15480466187000275,,,,,0.4286976754665375
20251208,0.13008823990821838,0.12597738206386566,,0.20021496713161469,0.3149369955062866,0.2540193796157837,0.26258230209350586,
20251209,0.11450336873531342,,,,,,,
20251210,,,0.10864363610744476,0.1427495926618576,0.4001854360103607,0.2622345983982086,0.3248289227485657,0.2931555509567261
20251211,,,,,,0.25288355350494385,0.33823058009147644,0.28133726119995117
20251212,0.10960124433040619,,,,,,,
20251213,0.1764197200536728,0.1942686140537262,0.13613276183605194,0.3814728260040283,0.33369502425193787,,,
20251214,0.16386838257312775,0.23014956712722778,0.12638580799102783,0.235283762216568,0.4437471330165863,0.22696970403194427,0.285917729139328,0.15033046901226044
20251215,0.20001481473445892,0.16918665170669556,0.12026812881231308,0.24503271281719208,0.5512470602989197,0.24006971716880798,0.3337288498878479,0.2550833523273468
20251216,,,0.23987117409706116,0.27472665905952454,0.4979330003261566,0.2577400505542755,0.3444492220878601,0.26605814695358276
20251217,,,,,,0.3800027072429657,0.35449710488319397,0.2970433235168457
20251218,,,0.06208547204732895,,,,,
20251219,0.1780892014503479,0.1987113058567047,0.10674241930246353,,,,,
20251220,0.1384783536195755,0.18864622712135315,0.09623407572507858,0.12370158731937408,,,,
20251221,,,0.10440770536661148,0.26100364327430725,0.22897882759571075,0.21252508461475372,0.21190781891345978,0.18908753991127014
20251222,,,,,,0.23768414556980133,0.2830277979373932,0.24931271374225616
20251223,0.18457575142383575,0.18545761704444885,0.11316031217575073,,,,,
20251224,0.18454904854297638,0.2964581251144409,,,,,,
20251225,0.20481613278388977,0.2642512321472168,0.13810180127620697,0.40660160779953003,,,0.45409145951271057,0.3289777636528015
20251226,,0.20831143856048584,0.14267489314079285,0.32778120040893555,0.556124210357666,0.3390897512435913,0.40682458877563477,0.26528337597846985
20251227,,,,,0.2633489668369293,0.30285167694091797,0.3990595042705536,0.3192102611064911
20251228,0.22967402637004852,0.2549237608909607,,,,,,0.4002704620361328
20251229,0.19844885170459747,0.22026723623275757,,,,,,
20251230,0.19481872022151947,0.19281412661075592,0.12939386069774628,0.2349969446659088,,0.10120520740747452,,
20251231,0.21060506999492645,0.19731378555297852,0.1451791673898697,0.23956134915351868,0.17637766897678375,0.2083277702331543,0.650413990020752,0.35494714975357056
20260101,,,,0.3429456353187561,0.4625685513019562,0.28347548842430115,0.4203249216079712,0.3495137691497803
20260102,,,,,,,,0.2977348864078522
20260103,0.2314978539943695,0.1570686399936676,0.16502517461776733,0.2354535609483719,,,,
20260104,0.2195625752210617,0.21013985574245453,0.15390941500663757,0.28816360235214233,0.35240182280540466,0.26637911796569824,0.3318758010864258,0.19908885657787323
20260105,0.13381198048591614,0.19203510880470276,0.1296057552099228,0.2986529767513275,0.48787012696266174,0.2822078466415405,0.33581817150115967,0.33631858229637146
20260106,,,,0.18079054355621338,0.4356103539466858,0.2620076835155487,0.3282430171966553,0.31682199239730835
20260107,0.14291967451572418,,,,,0.236579030752182,0.2971974015235901,0.28704506158828735
20260108,0.1519162803888321,0.17753911018371582,0.09635595232248306,,,,,
20260109,,,,,,,,
20260110,0.11977656930685043,0.14558152854442596,,,,0.16731619834899902,,
20260111,,0.1918732076883316,0.15102729201316833,0.39558175206184387,0.33423006534576416,0.27091753482818604,0.33579114079475403,0.32686758041381836
20260112,,,,,0.49100708961486816,0.238655686378479,0.33474308252334595,0.34658363461494446
20260113,,,,,,,,0.4236423671245575
20260114,0.1627318263053894,0.16387394070625305,0.07441095262765884,0.0814363956451416,,,,
20260115,0.225442036986351,0.17159633338451385,0.1629565954208374,0.206770658493042,,0.09119284152984619,0.439407616853714,0.10895373672246933
20260116,,0.1798531413078308,0.1683444082736969,0.3766653835773468,0.3268057107925415,0.3677509129047394,0.4710536301136017,0.3840325176715851
20260117,,,,0.31838807463645935,0.5499553084373474,0.43751978874206543,0.7022059559822083,0.4450511038303375
20260118,0.25768059492111206,0.28942063450813293,,,,,0.4440484344959259,0.411799818277359
20260119,0.23617589473724365,0.21235570311546326,,,,,,
20260120,0.22629159688949585,0.13928376138210297,0.07845626771450043,,,0.1900215744972229,0.20702390372753143,
20260121,0.24536369740962982,0.18906064331531525,0.11972304433584213,0.2576518952846527,0.25691306591033936,0.3600353002548218,0.33274969458580017,0.2509310245513916
20260122,,,0.2108469307422638,0.3742063343524933,0.5620489716529846,0.46810445189476013,0.5528438091278076,0.48224496841430664
20260123,,,,,0.31002718210220337,0.4833310544490814,0.6147541999816895,0.41903167963027954
20260124,0.22576701641082764,0.21924448013305664,0.19645944237709045,0.30454930663108826,,,,
20260125,0.2507637143135071,0.30625641345977783,0.20682521164417267,,0.33184266090393066,0.4087010622024536,0.4476821720600128,
20260126,0.1432546228170395,0.1970045417547226,0.133522629737854,,,,,0.2873443365097046
20260127,,0.1995907425880432,,,,,,0.3151177167892456
20260128,,,,,,0.41415974497795105,0.46633654832839966,0.4391742944717407
20260129,0.20969784259796143,0.20665718615055084,,,,,,0.7555690407752991
20260130,0.21314078569412231,0.23044319450855255,,,,,,
20260131,0.18353715538978577,0.16935373842716217,0.15244480967521667,0.1930302232503891,,,,
20260201,0.22144359350204468,0.20896324515342712,0.16047562658786774,0.3919244408607483,0.3763435482978821,0.40543586015701294,0.4493059813976288,
20260202,,,0.3696591258049011,0.3365364968776703,0.569794237613678,0.45952755212783813,0.5997318625450134,0.5295284390449524
20260203,0.20730213820934296,0.20929694175720215,,,,0.43104836344718933,0.5464282035827637,0.4906524419784546
20260204,0.2170589566230774,,,0.2991883456707001,0.4661552906036377,,,
20260205,0.2843971848487854,,,,,0.4452649652957916,0.5783606767654419,0.3846815824508667
20260206,0.24452808499336243,0.2845229208469391,0.13389265537261963,,,,0.5407922863960266,0.45277339220046997
20260207,,0.11402103304862976,0.15565212070941925,0.2146529257297516,,,0.5243761539459229,0.3999060094356537
20260208,0.25213995575904846,0.25884848833084106,,,,,,0.41493016481399536
20260209,0.25857797265052795,0.31200110912323,0.22915926575660706,0.3400520384311676,,,,
20260210,,,,0.1916365921497345,0.4380051791667938,0.39644813537597656,0.4316664934158325,0.3143688142299652
20260211,,0.10903499275445938,,,,,,
20260212,,0.15448006987571716,0.15430933237075806,0.3340427577495575,,,,0.45352834463119507
20260213,,,,,,0.3752773106098175,,0.3894284963607788
20260214,0.28392258286476135,0.2288612574338913,0.24972032010555267,,,,1.465685248374939,0.6564410924911499
20260215,0.2525639235973358,0.3018920123577118,0.27152690291404724,0.4355415403842926,0.6204876899719238,0.5485588312149048,0.8020424842834473,0.3133387267589569
20260216,,0.18821093440055847,0.24827677011489868,0.3438055217266083,0.45767465233802795,0.4822311997413635,0.5444769859313965,0.37271326780319214
20260217,0.29562801122665405,0.29492422938346863,0.20973515510559082,0.37331387400627136,0.5239378213882446,0.44214555621147156,0.5107477307319641,0.38260599970817566
20260218,0.31001904606819153,0.3253113627433777,0.25613316893577576,0.5261877179145813,0.7201340794563293,0.42157843708992004,0.48725101351737976,0.34547746181488037
20260219,0.2740142345428467,0.2995559275150299,0.2685871124267578,,,0.4074382781982422,,0.3224054276943207
20260220,0.2080773115158081,0.2258073091506958,0.2031901776790619,0.23152905702590942,,,,
20260221,0.15555328130722046,0.14585880935192108,0.1602194607257843,0.2406778186559677,,,,
20260222,0.2393801510334015,0.24520952999591827,0.20436474680900574,0.3751274347305298,,0.4208645224571228,,
20260223,0.26919642090797424,0.2974107563495636,0.21229727566242218,0.4128333628177643,0.5921889543533325,0.4850451350212097,0.6165875196456909,0.49761927127838135
20260224,0.2568075656890869,0.2721475660800934,,,0.28881826996803284,0.33555424213409424,,
20260225,0.2767680287361145,0.25129351019859314,0.18766982853412628,0.22285711765289307,,,,
