date,Esperance_1,Esperance_2,Esperance_3,Mundrabilla,Eucla_1,Eucla_2,Yalata,Ceduna
20180104,,,,,,,,
20180105,19.332231521606445,21.18894386291504,,,,,,
20180106,19.46613883972168,19.798728942871094,20.244539260864258,20.723264694213867,22.646522521972656,22.44127082824707,,
20180107,19.282686233520508,19.56363868713379,,,,20.281457901000977,,
20180108,19.923171997070312,19.614601135253906,19.86307716369629,20.222143173217773,,,,
20180109,,,20.367713928222656,20.948259353637695,20.834627151489258,20.287946701049805,19.790468215942383,19.46512222290039
20180110,19.550777435302734,,,,,,,
20180111,19.284320831298828,19.552061080932617,20.431861877441406,21.301071166992188,21.808481216430664,,,
20180112,18.93047332763672,20.495195388793945,19.79229164123535,19.91763687133789,,,,
20180113,,,19.473976135253906,20.61466407775879,20.33646583557129,20.15974998474121,19.98956298828125,19.569631576538086
20180114,,,20.303964614868164,20.2548828125,20.628494262695312,20.218669891357422,20.15520668029785,19.39081573486328
20180115,,,,,,,20.429546356201172,20.087703704833984
20180116,,,,,,18.711307525634766,19.48003387451172,
20180117,20.351839065551758,20.257150650024414,,,21.873615264892578,21.3099365234375,21.189899444580078,
20180118,,21.499631881713867,21.451324462890625,21.73546600341797,22.05660057067871,21.748924255371094,21.475034713745117,21.295795440673828
20180119,,,,,,21.675222396850586,21.831533432006836,21.8121337890625
20180120,,,,,,,,
20180121,20.23464012145996,,,,,,,
20180122,,19.488018035888672,20.186189651489258,21.108652114868164,21.08531379699707,,,
20180123,,19.466123580932617,19.56131935119629,19.987590789794922,20.116220474243164,20.32849884033203,20.841854095458984,20.266956329345703
20180124,,20.23939323425293,20.2230281829834,,21.49205207824707,21.403793334960938,20.928491592407227,20.92259407043457
20180125,,,21.612201690673828,21.940710067749023,21.84696388244629,21.223520278930664,20.602672576904297,20.27195167541504
20180126,19.638500213623047,,,,,,,
20180127,,,,,,,,
20180128,19.92863655090332,19.99987030029297,,,23.22142791748047,23.43234634399414,24.13020133972168,
20180129,,,20.541624069213867,,,,,
20180130,,,,,,,,
20180131,,,,,,,,
20180201,19.698427200317383,,19.837705612182617,20.07988929748535,,,,
20180202,19.840736389160156,,,20.269319534301758,,,,
20180203,,,,,,,,
20180204,20.878232955932617,,,,20.54383659362793,19.99681282043457,19.602394104003906,18.797101974487305
20180205,,,,,,20.992033004760742,20.236007690429688,19.676916122436523
20180206,,21.374969482421875,21.466938018798828,,,,,
20180207,,,,,22.136825561523438,21.99567413330078,,
20180208,,,,,,21.542219161987305,20.933334350585938,21.208593368530273
20180209,,20.75743865966797,20.598812103271484,20.83910369873047,21.49959945678711,,21.43930435180664,
20180210,,,21.9904842376709,,22.13109588623047,21.864017486572266,,
20180211,19.74774932861328,,,,,21.445693969726562,20.95921516418457,20.17415428161621
20180212,20.0733642578125,20.470834732055664,20.49041175842285,20.7356014251709,,,,
20180213,20.418554306030273,20.63573455810547,20.83516502380371,21.112499237060547,21.23746681213379,20.939363479614258,20.332468032836914,19.736135482788086
20180214,20.286577224731445,20.919496536254883,20.766225814819336,21.047311782836914,21.215200424194336,20.961345672607422,20.71342658996582,20.283538818359375
20180215,20.73554039001465,21.406681060791016,21.412616729736328,21.40233612060547,21.30931854248047,20.96280288696289,20.201629638671875,19.765180587768555
20180216,,,,,,,21.105762481689453,
20180217,,21.815521240234375,21.489891052246094,21.449840545654297,,,,20.378541946411133
20180218,20.42990493774414,20.839075088500977,21.060497283935547,21.19055938720703,,,,
20180219,,20.506912231445312,20.522077560424805,,,20.977842330932617,20.674657821655273,19.620803833007812
20180220,,,,,,,,
20180221,,19.692331314086914,,,,,,
20180222,,,,,,,,
20180225,,,,,,,,
20180226,,,,,21.674354553222656,20.955263137817383,20.156654357910156,19.497055053710938
20180227,,,,,,,20.985105514526367,20.57599639892578
20180228,20.172103881835938,20.420753479003906,20.779935836791992,21.03837013244629,21.15336799621582,,,
20180301,19.84048843383789,19.905664443969727,20.17637062072754,20.75261878967285,,20.88450050354004,19.176326751708984,
20180302,20.523603439331055,20.611234664916992,21.033096313476562,21.045780181884766,20.865129470825195,20.445302963256836,19.190454483032227,
20180303,,21.050251007080078,,20.177804946899414,,20.278270721435547,19.946504592895508,19.590503692626953
20180304,,,,,21.825363159179688,21.05088996887207,20.32737159729004,19.684885025024414
20180305,20.14638900756836,,,,,,,
20180306,19.99526023864746,20.33420753479004,20.388620376586914,,,20.256546020507812,18.75878143310547,
20180307,20.140655517578125,20.264427185058594,20.712207794189453,20.707500457763672,20.665842056274414,19.68312644958496,19.263410568237305,18.976613998413086
20180308,20.83716583251953,20.970670700073242,21.218172073364258,21.038515090942383,20.84903335571289,20.149826049804688,19.800445556640625,19.690414428710938
20180309,,,,22.15533447265625,21.939199447631836,21.35817527770996,20.371448516845703,19.8471736907959
20180310,19.679222106933594,20.300527572631836,,,,,,
20180311,,,,,21.142728805541992,21.824752807617188,,
20180312,,,,,,,,19.424633026123047
20180313,,,,,,,,
20180314,,,,,,,,
20180315,,,,,,20.254255294799805,,
20180316,,19.701904296875,,,,,,
20180317,19.501375198364258,19.848731994628906,,,,,,
20180318,19.825923919677734,20.329374313354492,20.72580909729004,20.69119644165039,20.957401275634766,20.14374542236328,19.418561935424805,19.10049819946289
20180319,,21.359228134155273,21.366432189941406,21.241666793823242,21.102825164794922,20.140810012817383,19.23801612854004,19.057126998901367
20180320,,,,,,,,
20180321,,,,,,,,
20180322,19.52835464477539,20.205562591552734,20.585067749023438,20.68221664428711,20.586162567138672,19.658363342285156,19.153209686279297,
20180323,20.3527889251709,20.903778076171875,21.318355560302734,21.315954208374023,21.46758270263672,20.637683868408203,19.701753616333008,19.22150421142578
20180324,,,,,,,19.904632568359375,19.794723510742188
20180325,,,,,,,,
20180326,,,,,,,,19.593788146972656
20180327,,21.069124221801758,21.326574325561523,21.523740768432617,21.78664779663086,21.425975799560547,,
20180328,19.357948303222656,19.709348678588867,20.4099178314209,20.498186111450195,20.875362396240234,20.30944061279297,19.510976791381836,19.78432273864746
20180329,19.993690490722656,19.87785530090332,20.564455032348633,20.572797775268555,20.698772430419922,20.07533836364746,19.44123649597168,19.05150032043457
20180330,,,21.49014663696289,21.291120529174805,21.236705780029297,20.510826110839844,19.67563819885254,18.99162483215332
20180331,,,,20.81385612487793,,,20.534833908081055,19.904827117919922
20180401,,19.870311737060547,,,,,,
20180402,19.558359146118164,,,,,20.131771087646484,19.422100067138672,
20180403,19.754764556884766,,20.46077537536621,20.83133316040039,,,,
20180404,,21.02299690246582,21.2210750579834,20.910825729370117,20.641592025756836,20.2085018157959,19.772310256958008,18.877084732055664
20180405,,,,,,21.1988468170166,19.88106918334961,19.116430282592773
20180406,19.636356353759766,20.255666732788086,20.711524963378906,20.80006980895996,,,,19.447437286376953
20180407,19.652074813842773,19.901384353637695,21.128265380859375,21.16851043701172,21.01581573486328,20.056324005126953,19.48213005065918,
20180408,19.929210662841797,19.474655151367188,21.17538833618164,21.317594528198242,21.78106689453125,21.15747833251953,20.479372024536133,19.998376846313477
20180409,20.348249435424805,20.30614471435547,21.330427169799805,21.400232315063477,21.446836471557617,20.828908920288086,20.221025466918945,19.95659065246582
20180410,,,,,,21.135154724121094,20.6751651763916,20.143312454223633
20180411,19.782106399536133,20.06015396118164,,,,,,
20180412,19.720190048217773,20.057144165039062,20.693965911865234,20.84276580810547,20.85187530517578,20.535846710205078,,
20180413,19.323036193847656,19.595436096191406,20.057098388671875,20.623472213745117,21.139572143554688,20.553800582885742,19.84510040283203,19.27680015563965
20180414,19.966402053833008,19.666221618652344,,,,,,
20180415,,,20.3308048248291,20.61499786376953,20.709407806396484,20.201126098632812,19.548263549804688,19.080400466918945
20180416,19.301847457885742,,,,,,,19.659231185913086
20180417,19.073366165161133,18.15730094909668,,19.774927139282227,,,,
20180418,19.245481491088867,19.635557174682617,20.406047821044922,20.813095092773438,20.96558380126953,20.800537109375,20.401071548461914,20.333839416503906
20180419,19.419971466064453,18.936859130859375,19.686996459960938,20.019916534423828,20.526981353759766,20.7609920501709,20.407737731933594,20.171403884887695
20180420,,19.958595275878906,20.603015899658203,20.869583129882812,20.768308639526367,20.68719482421875,20.25582504272461,20.237703323364258
20180421,,,,,,21.360780715942383,20.814037322998047,20.282983779907227
20180422,19.79324722290039,20.242090225219727,20.87109375,,,,,
20180423,19.30961799621582,19.628047943115234,20.721073150634766,,,,,
20180424,19.169017791748047,19.244110107421875,19.733354568481445,19.974090576171875,20.356277465820312,20.329059600830078,20.08171272277832,19.737472534179688
20180425,20.034465789794922,19.82123374938965,20.249492645263672,20.314777374267578,20.46994400024414,20.318883895874023,19.850770950317383,19.094263076782227
20180426,,,,21.11037826538086,21.179046630859375,20.811201095581055,20.1561279296875,19.647098541259766
20180427,,,20.155366897583008,20.792726516723633,,,,20.309797286987305
20180428,,19.631622314453125,20.173036575317383,,21.18966293334961,21.00524139404297,,
20180429,19.20200538635254,19.138477325439453,19.67755889892578,20.0710391998291,,,19.578866958618164,18.88435173034668
20180430,20.0057315826416,19.749420166015625,20.156906127929688,20.224828720092773,20.296667098999023,20.190765380859375,19.6922550201416,19.38149070739746
20180501,,,20.652910232543945,20.80235481262207,21.076887130737305,20.606552124023438,19.325685501098633,
20180502,19.332292556762695,,,,,,,19.251991271972656
20180503,19.07672119140625,19.27945899963379,19.82539939880371,20.246585845947266,20.080415725708008,,,
20180504,18.80674171447754,18.77790641784668,19.328468322753906,19.80405616760254,20.334470748901367,20.197376251220703,19.97718048095703,19.778182983398438
20180505,19.05921173095703,18.823719024658203,19.24979019165039,19.074024200439453,19.637651443481445,19.679723739624023,19.219423294067383,18.88576889038086
20180506,,18.64910888671875,19.760576248168945,20.106399536132812,20.002073287963867,19.996862411499023,19.465240478515625,18.929582595825195
20180507,,,19.19699478149414,18.955780029296875,20.575239181518555,20.596712112426758,,
20180508,18.703624725341797,18.134607315063477,18.471050262451172,18.66864585876465,,,,
20180509,18.884689331054688,18.51166343688965,18.953088760375977,19.28390884399414,19.32966423034668,,,
20180510,,,19.053695678710938,19.060894012451172,19.479162216186523,19.690763473510742,19.07377052307129,18.78499984741211
20180511,19.166601181030273,,,,,19.37384605407715,,18.640335083007812
20180512,,,,,,,,
20180513,19.04936981201172,18.373292922973633,18.496124267578125,,,19.237791061401367,,18.966888427734375
20180514,18.678550720214844,18.790891647338867,19.517959594726562,19.424909591674805,18.99186134338379,19.040813446044922,,
20180515,18.303436279296875,,18.72954559326172,18.74020004272461,18.80347442626953,18.90081787109375,18.599580764770508,18.158090591430664
20180516,19.031221389770508,18.458913803100586,,18.674091339111328,19.016403198242188,19.365327835083008,18.512662887573242,18.470170974731445
20180517,17.979684829711914,17.690393447875977,19.4559326171875,19.702320098876953,,19.20659637451172,18.387537002563477,17.9216251373291
20180518,18.063047409057617,,,,,,19.015644073486328,18.570951461791992
20180519,18.27578353881836,,,,,,,
20180520,18.446308135986328,17.925731658935547,18.351024627685547,,,19.098339080810547,18.512983322143555,18.19571304321289
20180521,18.93680763244629,18.204980850219727,18.38994598388672,18.30581283569336,,,18.28936004638672,17.897584915161133
20180522,,18.987730026245117,19.18233299255371,18.996492385864258,18.660825729370117,18.912334442138672,18.52845001220703,18.0561466217041
20180523,,,,18.669374465942383,,19.635143280029297,19.12342071533203,18.156343460083008
20180524,18.592302322387695,18.104951858520508,18.308452606201172,18.344161987304688,,,,
20180525,,,,,,18.862377166748047,18.57246971130371,
20180526,18.38556480407715,17.928768157958984,,18.38057518005371,,19.117265701293945,19.220129013061523,
20180527,,18.23470115661621,18.515470504760742,18.421384811401367,18.573463439941406,18.7966365814209,18.34006118774414,
20180528,,,,,19.464550018310547,19.28737449645996,18.73204803466797,18.070486068725586
20180529,18.5867919921875,17.76215171813965,17.719728469848633,,,,,18.407459259033203
20180530,18.6412353515625,18.019418716430664,18.18528938293457,18.081348419189453,18.15667724609375,18.360448837280273,,
20180531,,,,16.71394920349121,17.522109985351562,17.721391677856445,18.344846725463867,18.023189544677734
20180601,,,17.616233825683594,,,,,
20180602,,,18.429697036743164,18.483474731445312,18.32509422302246,18.54421615600586,17.97047996520996,17.756139755249023
20180603,17.824691772460938,,,,,,18.626176834106445,18.126108169555664
20180604,,17.66259765625,17.817686080932617,17.470951080322266,17.119213104248047,,,
20180605,,,,,18.08917808532715,18.330617904663086,18.090835571289062,17.65998649597168
20180606,,,,,,,18.201478958129883,17.780527114868164
20180607,,18.529489517211914,18.30095672607422,17.88718032836914,17.59749984741211,,,
20180608,,,,,,,,
20180609,18.33388328552246,17.731353759765625,16.894594192504883,16.630163192749023,,,,
20180610,18.1088924407959,17.731548309326172,17.650970458984375,17.50885581970215,17.734161376953125,17.6251277923584,17.19146156311035,
20180611,17.858152389526367,17.153528213500977,17.065744400024414,16.987913131713867,17.34941291809082,17.69060707092285,17.68757438659668,17.335037231445312
20180612,,,,,17.191099166870117,17.325326919555664,,16.922096252441406
20180613,,,,,,,,
20180614,18.046667098999023,16.88526725769043,16.626087188720703,,,,,17.62268829345703
20180615,17.849838256835938,17.45319175720215,17.213167190551758,16.86842918395996,16.253259658813477,16.553823471069336,,
20180616,17.508832931518555,17.215456008911133,16.59627914428711,16.483745574951172,16.74527931213379,17.021705627441406,,16.822420120239258
20180617,18.455543518066406,17.353832244873047,16.946781158447266,16.857534408569336,16.734146118164062,17.144319534301758,16.95199203491211,16.936813354492188
20180618,,,,17.695064544677734,17.269283294677734,17.380237579345703,17.04150390625,
20180619,,,,,,,,
20180620,17.577123641967773,17.436599731445312,16.97639274597168,16.594329833984375,16.12053871154785,,,
20180621,17.885271072387695,16.95956039428711,16.243301391601562,16.709165573120117,16.499998092651367,16.939504623413086,16.698244094848633,16.722946166992188
20180622,,16.77994155883789,16.57942008972168,16.43243980407715,16.245668411254883,16.802738189697266,,16.180082321166992
20180623,,18.273723602294922,17.36232566833496,17.074790954589844,16.572172164916992,16.285825729370117,16.40403175354004,16.405025482177734
20180624,,,,,,17.587818145751953,17.160123825073242,16.404155731201172
20180625,17.81528663635254,,16.609312057495117,,,,,
20180626,,,16.39114761352539,16.296489715576172,16.248031616210938,16.519817352294922,16.563587188720703,
20180627,17.612276077270508,17.218984603881836,16.52643585205078,,16.59731674194336,17.070085525512695,16.902414321899414,16.527482986450195
20180628,,,,16.536001205444336,16.568620681762695,16.899572372436523,16.726720809936523,16.70038414001465
20180629,,,,,16.819381713867188,16.988725662231445,16.741071701049805,16.324222564697266
20180630,17.164091110229492,16.905868530273438,,,,,16.789026260375977,16.859725952148438
20180701,17.50191879272461,16.006128311157227,16.93959617614746,16.815662384033203,16.511045455932617,16.61220932006836,,
20180702,,16.982332229614258,,,,15.86782455444336,16.994178771972656,16.916044235229492
20180703,,,,,16.358264923095703,17.08866310119629,16.695117950439453,16.20749855041504
20180704,,,17.904996871948242,17.286190032958984,16.615510940551758,16.86145782470703,,15.75428581237793
20180705,16.770000457763672,,,,,,,16.53838539123535
20180706,,16.586658477783203,15.908594131469727,15.848406791687012,,,,
20180707,,16.518545150756836,16.38448715209961,16.479074478149414,15.853485107421875,15.993454933166504,16.14114761352539,15.75814437866211
20180708,,,,,,,,
20180709,,17.071453094482422,16.189477920532227,16.09760856628418,15.457101821899414,15.842921257019043,15.999676704406738,15.355213165283203
20180710,,,,,,17.0205078125,16.70829200744629,16.182918548583984
20180711,17.61529541015625,16.42743492126465,15.96773910522461,15.86018180847168,,,,
20180712,17.570621490478516,16.76361656188965,16.441823959350586,16.03173828125,15.70874309539795,16.042892456054688,16.135526657104492,
20180713,17.510454177856445,16.60170555114746,16.04003143310547,15.877884864807129,15.712126731872559,16.208654403686523,16.312028884887695,16.0153865814209
20180714,18.12904930114746,16.907041549682617,16.460468292236328,15.955760955810547,15.451364517211914,15.832305908203125,15.978577613830566,16.02703094482422
20180715,,,,,16.605133056640625,,,
20180716,16.702129364013672,16.23926544189453,15.894761085510254,,,,,16.289411544799805
20180717,,15.835317611694336,15.767809867858887,15.405570030212402,15.0031156539917,15.410977363586426,,
20180718,17.01314926147461,16.68086051940918,16.135725021362305,16.011877059936523,15.66474437713623,16.014951705932617,16.097888946533203,15.640549659729004
20180719,17.184242248535156,16.54032325744629,,15.064228057861328,15.089653968811035,15.690069198608398,15.61643123626709,15.681784629821777
20180720,,,,,,,,15.267500877380371
20180721,17.66730499267578,,,,,,16.487295150756836,16.131391525268555
20180722,17.40300750732422,17.144147872924805,,16.428869247436523,15.505720138549805,,,
20180723,17.046405792236328,16.61058235168457,16.206714630126953,,,16.056697845458984,15.988190650939941,15.581482887268066
20180724,17.141063690185547,16.3654727935791,16.08628273010254,15.811527252197266,15.432010650634766,15.676621437072754,15.73817253112793,15.639008522033691
20180725,,17.393291473388672,16.719051361083984,16.129121780395508,15.644862174987793,15.644438743591309,15.47903823852539,15.643289566040039
20180726,,,,,,16.424556732177734,16.37769889831543,
20180727,17.061912536621094,16.099449157714844,15.866232872009277,15.411232948303223,,,,
20180728,16.6492862701416,16.55927276611328,16.270606994628906,16.342735290527344,15.216590881347656,15.466933250427246,15.145442962646484,
20180729,,16.053173065185547,15.854328155517578,15.966492652893066,15.57044506072998,15.567160606384277,15.64743709564209,15.57703685760498
20180730,17.80131721496582,17.103479385375977,16.646825790405273,16.041717529296875,15.52860164642334,15.4381742477417,15.38366985321045,15.541744232177734
20180731,,,,,16.10665512084961,15.931082725524902,15.644805908203125,15.517494201660156
20180801,17.334999084472656,16.46869659423828,16.150941848754883,,,,,15.894176483154297
20180802,,,,,,,,
20180803,16.01754379272461,15.499916076660156,15.703394889831543,15.40340805053711,15.038500785827637,15.164188385009766,15.238823890686035,15.747549057006836
20180804,16.918371200561523,16.7081356048584,,,15.4841890335083,,,15.131399154663086
20180805,,,,,15.110604286193848,,,
20180806,,,,,,,15.61173152923584,15.607478141784668
20180807,,15.09637451171875,15.929930686950684,15.52503776550293,,,,
20180808,16.14432144165039,15.654991149902344,15.542457580566406,15.156736373901367,14.65030288696289,14.851171493530273,15.059316635131836,14.842977523803711
20180809,16.578594207763672,16.20391845703125,15.923099517822266,15.728017807006836,15.22268295288086,15.579840660095215,15.50324821472168,15.392452239990234
20180810,,16.020915985107422,15.684881210327148,,,14.519878387451172,,14.738666534423828
20180811,,,,,,15.566719055175781,15.36648178100586,15.182533264160156
20180812,16.22957420349121,15.72985553741455,15.531109809875488,,,,,
20180813,16.379819869995117,15.965494155883789,15.840736389160156,15.381056785583496,14.715649604797363,15.071022987365723,14.887714385986328,
20180814,16.39741325378418,15.90581226348877,15.766630172729492,15.38759708404541,14.883132934570312,15.44007682800293,15.467972755432129,15.409586906433105
20180815,,15.455694198608398,15.86983871459961,14.686653137207031,,,,
20180816,,,,,15.362646102905273,15.348712921142578,15.0349760055542,14.92934513092041
20180817,,15.549153327941895,15.668999671936035,,,,,15.53827953338623
20180818,,14.809530258178711,15.845410346984863,15.182279586791992,14.715056419372559,14.632288932800293,,
20180819,16.004629135131836,15.467143058776855,15.392312049865723,14.92552661895752,14.518481254577637,,,
20180820,,15.052328109741211,15.22300910949707,14.792561531066895,14.318857192993164,14.670862197875977,14.325423240661621,13.683897972106934
20180821,,,,15.725690841674805,15.087568283081055,15.253449440002441,15.024443626403809,14.903755187988281
20180822,,,,,,,,15.543485641479492
20180823,15.677997589111328,15.556861877441406,,,,,,
20180824,,14.899741172790527,14.730088233947754,,14.203819274902344,14.56746768951416,14.455280303955078,14.598498344421387
20180825,15.83382797241211,,14.854141235351562,14.626287460327148,14.394436836242676,14.755560874938965,14.904757499694824,15.093935012817383
20180826,15.613608360290527,15.838671684265137,15.887089729309082,15.156557083129883,14.563675880432129,14.938026428222656,14.898454666137695,14.909305572509766
20180827,,,,,,15.346875190734863,15.144283294677734,14.921789169311523
20180828,15.924969673156738,15.607209205627441,15.69471263885498,15.225431442260742,,,,
20180829,,,15.580498695373535,15.481201171875,15.40329647064209,15.3891019821167,,
20180830,15.768070220947266,14.96984577178955,14.938270568847656,14.780655860900879,14.5979585647583,15.000752449035645,15.293644905090332,
20180831,,15.517167091369629,,,,14.348332405090332,14.47388744354248,
20180901,,,,,,,,14.161650657653809
20180902,15.398405075073242,14.702271461486816,,,,,,15.528176307678223
20180903,15.83952522277832,15.075884819030762,14.557029724121094,14.530735969543457,,15.240001678466797,,
20180904,15.867199897766113,15.318260192871094,15.29687213897705,15.181113243103027,15.183963775634766,15.363750457763672,15.16513729095459,15.088191032409668
20180905,16.34314727783203,15.698932647705078,15.217220306396484,14.973714828491211,,,,
20180906,,,15.567750930786133,15.442152976989746,15.004730224609375,15.080855369567871,14.920873641967773,14.949872016906738
20180907,15.859999656677246,,,,,15.187690734863281,15.31641674041748,15.303364753723145
20180908,15.398412704467773,15.161812782287598,15.141167640686035,14.952372550964355,14.514999389648438,,,
20180909,15.62070369720459,15.293244361877441,15.34052562713623,15.216772079467773,15.099607467651367,15.338312149047852,15.290046691894531,15.313026428222656
20180910,16.243440628051758,15.827737808227539,15.623146057128906,15.355097770690918,15.160372734069824,15.448917388916016,15.435016632080078,15.54454231262207
20180911,,,15.796210289001465,15.498457908630371,15.082549095153809,15.440816879272461,,15.606609344482422
20180912,,,,,,15.571499824523926,15.439574241638184,15.167243957519531
20180913,15.738719940185547,15.56284236907959,15.510276794433594,15.297856330871582,,,,
20180914,,15.138620376586914,15.413884162902832,14.987991333007812,15.266655921936035,15.647835731506348,15.651832580566406,
20180915,15.650548934936523,15.227310180664062,15.042972564697266,14.982304573059082,14.907500267028809,15.125304222106934,15.09030532836914,15.127762794494629
20180916,15.707812309265137,15.802968978881836,15.477497100830078,15.114974021911621,14.634912490844727,14.853203773498535,14.726027488708496,14.988977432250977
20180917,,,,,15.775696754455566,15.744649887084961,15.419472694396973,15.251812934875488
20180918,15.366324424743652,14.657408714294434,,,,,,
20180919,15.256570816040039,14.765212059020996,14.489897727966309,14.656354904174805,14.455888748168945,14.478513717651367,,
20180920,15.518569946289062,14.886712074279785,14.993803977966309,,14.860172271728516,14.945598602294922,14.639928817749023,14.785189628601074
20180921,16.405399322509766,15.776723861694336,15.505656242370605,15.286622047424316,15.043610572814941,15.231701850891113,15.247721672058105,14.939300537109375
20180922,,,15.764582633972168,15.898513793945312,15.879602432250977,15.880200386047363,15.640652656555176,15.569199562072754
20180923,15.742900848388672,,,,,,15.682973861694336,15.923727035522461
20180924,16.335094451904297,16.137001037597656,16.140722274780273,15.874755859375,15.391510009765625,,,
20180925,,15.612898826599121,15.829060554504395,15.847020149230957,15.797951698303223,15.816584587097168,15.742087364196777,15.725441932678223
20180926,15.8406343460083,15.585453033447266,15.344809532165527,15.297961235046387,15.401131629943848,15.79643440246582,15.966440200805664,16.000370025634766
20180927,,16.30807113647461,15.915277481079102,15.71327018737793,15.498138427734375,15.123769760131836,14.774577140808105,
20180928,,,,,15.372015953063965,15.821709632873535,15.462390899658203,15.41073226928711
20180929,15.916884422302246,15.467156410217285,15.307289123535156,,,,,
20180930,15.604629516601562,15.249380111694336,15.371301651000977,15.452499389648438,,15.739819526672363,,
20181001,,,14.93432331085205,,,,,
20181002,,,,,,15.35719108581543,15.44975471496582,15.518449783325195
20181003,,,,,,15.718406677246094,15.535235404968262,15.261754989624023
20181004,15.436537742614746,,,,,,,16.114219665527344
20181005,,,,,,,,
20181006,15.389179229736328,15.300151824951172,15.2706937789917,15.301005363464355,,15.47460651397705,,15.403179168701172
20181008,,,,,,,,
20181009,15.520750045776367,,,,,,,
20181010,15.75461483001709,15.634415626525879,15.498437881469727,15.35333251953125,,,,
20181011,15.439688682556152,15.243297576904297,15.294770240783691,14.97342586517334,,15.424545288085938,14.882826805114746,15.061068534851074
20181012,,,14.922127723693848,15.37355899810791,15.525047302246094,15.472055435180664,15.552239418029785,15.725278854370117
20181013,,,,,,16.157217025756836,15.945364952087402,15.77241325378418
20181014,,,,,,,,15.954462051391602
20181015,15.862055778503418,15.56063461303711,15.039190292358398,15.087690353393555,,,,
20181016,15.795948028564453,15.837772369384766,15.634934425354004,15.706625938415527,15.82143783569336,15.733616828918457,,
20181017,16.2330265045166,15.949347496032715,15.908803939819336,15.826089859008789,16.210081100463867,,,
20181018,,16.74665641784668,16.40250587463379,16.18927764892578,16.162063598632812,16.00695037841797,15.93209457397461,15.883458137512207
20181019,,,,16.739620208740234,17.046451568603516,16.622722625732422,16.145811080932617,15.572855949401855
20181020,16.020610809326172,15.789813995361328,15.718636512756348,,,,,16.442564010620117
20181021,16.312135696411133,16.50418472290039,16.414474487304688,16.459623336791992,16.412853240966797,16.163162231445312,,
20181022,16.153413772583008,15.795900344848633,15.67905330657959,15.867857933044434,16.591415405273438,16.75183868408203,16.892072677612305,16.949682235717773
20181023,16.40669059753418,15.752555847167969,15.352856636047363,15.512911796569824,15.816537857055664,15.857236862182617,15.945999145507812,16.01187515258789
20181024,,15.96815013885498,,16.752079010009766,16.736478805541992,16.491256713867188,16.17535972595215,15.90542221069336
20181025,,,,,,,,16.86884117126465
20181026,16.340869903564453,16.365148544311523,16.451372146606445,16.792863845825195,17.345964431762695,,,
20181027,,,,,,,,
20181028,,,15.646964073181152,15.530925750732422,,,,
20181029,,,17.26906394958496,17.890403747558594,16.922210693359375,16.408855438232422,16.304580688476562,16.444351196289062
20181030,,,16.920475006103516,17.510000228881836,17.069162368774414,17.12943458557129,17.491741180419922,17.005653381347656
20181031,,,,,,,,
20181101,,,,18.011030197143555,18.881013870239258,,,
20181102,16.563983917236328,16.402175903320312,16.265304565429688,16.628957748413086,16.621427536010742,17.2458553314209,17.939088821411133,18.36357879638672
20181103,,,17.406158447265625,17.484790802001953,16.980173110961914,16.841415405273438,16.63643455505371,17.04056167602539
20181104,,,,,,,,
20181105,,16.298845291137695,,,,,,
20181106,,16.822900772094727,16.578344345092773,16.795127868652344,16.978595733642578,16.831127166748047,,
20181107,16.29372215270996,16.40713119506836,16.44659423828125,16.74995231628418,17.10523796081543,17.12049674987793,17.096155166625977,17.162466049194336
20181108,17.082918167114258,16.815462112426758,16.800992965698242,17.02112579345703,17.17238998413086,17.076139450073242,17.055068969726562,17.02435302734375
20181109,,,,17.90804672241211,17.89924430847168,17.51786231994629,17.309391021728516,17.246891021728516
20181110,,,,16.430999755859375,17.356487274169922,17.95514678955078,17.93549919128418,17.981704711914062
20181111,,,,,,15.996573448181152,15.742117881774902,16.68470573425293
20181112,,,,,,,,
20181113,,16.984071731567383,16.886363983154297,17.371862411499023,17.282665252685547,,,
20181114,,17.69362449645996,17.59311866760254,17.64000129699707,,,,
20181115,,,,,,18.189706802368164,17.892698287963867,17.73277473449707
20181116,,18.189342498779297,17.985960006713867,19.145132064819336,,,,
20181117,,,17.735401153564453,18.315793991088867,18.442684173583984,17.85028076171875,17.48659896850586,
20181118,17.474239349365234,17.798444747924805,,,,17.679248809814453,17.993549346923828,18.31892967224121
20181119,,17.4747257232666,17.519699096679688,17.624570846557617,17.959945678710938,18.11957359313965,18.25492286682129,
20181120,,,,,18.324037551879883,18.042240142822266,,
20181121,,,,,,,,18.275798797607422
20181122,16.85861587524414,16.81020736694336,17.112409591674805,17.510536193847656,17.581302642822266,17.228609085083008,,
20181123,,,16.55514907836914,17.021509170532227,17.55116081237793,17.534931182861328,17.636533737182617,17.17519187927246
20181124,16.99588394165039,,16.672893524169922,17.517148971557617,17.837356567382812,17.36080551147461,17.186214447021484,16.55333137512207
20181125,,,,18.228784561157227,18.035274505615234,17.465980529785156,17.09421730041504,16.886228561401367
20181126,,,,,,,,
20181127,16.98344612121582,17.296356201171875,17.257856369018555,17.504629135131836,,,,
20181128,16.948776245117188,16.939138412475586,17.269882202148438,17.613800048828125,17.793180465698242,17.32833480834961,17.04924201965332,16.7484188079834
20181129,17.375030517578125,17.189498901367188,17.558395385742188,17.853008270263672,17.973779678344727,17.48188018798828,17.444076538085938,17.432491302490234
20181130,,18.573060989379883,17.92023468017578,,18.27434539794922,18.010255813598633,17.847862243652344,17.653146743774414
20181201,,,,,,,,
20181202,16.93731689453125,16.744173049926758,16.835691452026367,16.814796447753906,,,,
20181203,17.377161026000977,17.603668212890625,17.642438888549805,17.898311614990234,18.397159576416016,17.9790096282959,,
20181204,,,,,,,,
20181205,,18.801973342895508,18.862546920776367,19.0955867767334,18.562450408935547,,,18.403146743774414
20181206,,,,,,19.21737289428711,18.952978134155273,18.211427688598633
20181207,17.261892318725586,17.24094581604004,17.864879608154297,,,,,
20181208,17.566326141357422,17.652132034301758,18.093006134033203,18.25857925415039,,,,
20181209,17.691219329833984,17.63731575012207,,,,,,
20181210,18.53594398498535,18.468713760375977,,,,,,
20181211,,,,,,,,
20181212,17.300966262817383,,,,,,,
20181213,,,,,,,,
20181214,17.9204158782959,17.857921600341797,,,,,18.25366973876953,
20181215,18.276100158691406,18.22504234313965,18.3790225982666,18.822961807250977,,,,
20181216,,,,,,18.316354751586914,18.274229049682617,17.02312469482422
20181217,,,,,,,18.798519134521484,18.715686798095703
20181218,,,,,,,,
20181219,,,,,,17.843673706054688,,
20181220,17.79975128173828,,,,,,15.926799774169922,
20181221,18.68862533569336,19.040592193603516,18.896095275878906,18.876466751098633,19.236345291137695,18.653827667236328,18.28218650817871,
20181222,,,,,19.906326293945312,19.113784790039062,18.543685913085938,18.12464141845703
20181223,18.37505340576172,18.579845428466797,18.971193313598633,,,,,19.110340118408203
20181224,,,,,,,,
20181225,18.281841278076172,18.65276527404785,18.45135498046875,18.751081466674805,19.789386749267578,19.728557586669922,19.829431533813477,19.946462631225586
20181226,19.261444091796875,19.34490394592285,19.237913131713867,19.702913284301758,19.528919219970703,19.3597469329834,19.323741912841797,19.427209854125977
20181227,,,,,21.693504333496094,20.61189079284668,20.032718658447266,19.78376007080078
20181228,,,,,,,,
20181229,18.31560707092285,18.807785034179688,18.5267333984375,19.32288932800293,19.489999771118164,,,
20181230,18.591796875,19.213340759277344,19.193897247314453,19.72832679748535,20.156888961791992,19.525325775146484,,
20181231,19.396150588989258,19.488182067871094,19.43376350402832,19.768613815307617,20.32337188720703,19.95732307434082,19.222537994384766,19.105669021606445
20190101,,20.725221633911133,20.4726505279541,20.587087631225586,20.672386169433594,20.143741607666016,19.505884170532227,19.415040969848633
20190102,,,,,,,20.171977996826172,19.850038528442383
20190103,19.024738311767578,20.19369125366211,,,,,,
20190104,18.90288734436035,19.13426399230957,18.757081985473633,18.683998107910156,19.93428611755371,,,
20190105,19.096887588500977,19.344879150390625,19.485729217529297,19.732173919677734,20.21784782409668,19.726856231689453,19.521629333496094,19.362648010253906
20190106,19.987075805664062,19.862709045410156,19.839506149291992,19.840253829956055,20.217117309570312,19.627941131591797,19.331026077270508,19.22671890258789
20190107,,,,,,,19.17049789428711,19.129972457885742
20190108,,,,,,,,
20190109,,,19.448028564453125,19.89777946472168,,,,
20190110,19.040966033935547,18.950550079345703,19.40383529663086,20.143678665161133,20.311614990234375,20.106563568115234,,
20190111,19.767724990844727,20.15231704711914,20.4204158782959,20.320499420166016,20.38735580444336,20.2098331451416,20.09914779663086,19.906465530395508
20190112,,,,21.351511001586914,21.008853912353516,20.390762329101562,19.825735092163086,19.415836334228516
20190113,19.70879364013672,,,,,,,20.216049194335938
20190114,,19.805801391601562,,,,,,
20190115,19.167741775512695,19.380605697631836,,,,21.659759521484375,21.4361572265625,21.99689292907715
20190116,,20.093570709228516,19.689651489257812,,,,,
20190117,,20.89085578918457,20.67761993408203,20.50663185119629,,,,
20190118,,,,,,,,
20190119,19.97861099243164,20.092668533325195,19.967010498046875,,,,,
20190120,19.937238693237305,19.985427856445312,20.52606773376465,20.711393356323242,20.33183479309082,20.246591567993164,20.63399887084961,
20190121,20.54225730895996,20.695465087890625,20.744430541992188,21.050983428955078,21.000816345214844,20.535293579101562,19.590946197509766,19.65448760986328
20190122,,21.719350814819336,21.613595962524414,21.685749053955078,22.739656448364258,,20.80206871032715,20.6032772064209
20190123,,,,,,21.8317928314209,21.299259185791016,20.938188552856445
20190124,19.79292106628418,20.118379592895508,21.222917556762695,,,,,
20190125,,19.885000228881836,19.919681549072266,,20.814640045166016,20.902639389038086,,
20190126,19.327545166015625,19.831266403198242,20.246761322021484,20.86275863647461,21.30659294128418,20.43269157409668,19.742107391357422,19.570634841918945
20190127,20.105607986450195,20.394176483154297,20.630840301513672,21.162452697753906,21.380680084228516,20.826353073120117,20.480283737182617,20.133756637573242
20190128,,,,22.249523162841797,22.09688377380371,21.2584285736084,20.579919815063477,20.192577362060547
20190129,19.937286376953125,,,,,,,21.219532012939453
20190130,,19.876909255981445,21.393749237060547,,21.602378845214844,,,
20190131,,,,,,,,
20190201,20.23347282409668,20.505992889404297,20.980073928833008,,,,19.438472747802734,20.001649856567383
20190202,,,21.81317138671875,21.93844985961914,21.85897445678711,20.989669799804688,20.349000930786133,20.168766021728516
20190203,,,,,,22.0707950592041,21.418731689453125,20.83622932434082
20190204,19.57499885559082,,,,,,,
20190205,19.803585052490234,,20.444395065307617,21.332277297973633,,,,
20190206,19.873607635498047,19.986045837402344,20.363679885864258,20.87371253967285,21.32842445373535,20.766836166381836,19.70081901550293,19.189937591552734
20190207,20.520143508911133,,21.156627655029297,21.160945892333984,21.61350440979004,20.97869110107422,20.541919708251953,19.37336540222168
20190208,,,,,,,,
20190209,,,,,,,,20.318553924560547
20190210,,,,,,,,
20190211,,21.00310707092285,20.914283752441406,21.426368713378906,21.617692947387695,21.152597427368164,20.497671127319336,19.511720657348633
20190212,20.405494689941406,20.714763641357422,20.823211669921875,20.972089767456055,21.273176193237305,20.778575897216797,20.201282501220703,19.795804977416992
20190213,,,,,21.466218948364258,20.981056213378906,20.42274284362793,19.465232849121094
20190214,20.387714385986328,,,,,,20.898509979248047,20.109071731567383
20190215,20.406606674194336,20.91453742980957,,,,,,
20190216,20.37685203552246,21.61496353149414,21.635223388671875,21.016189575195312,21.618423461914062,21.654491424560547,21.22309684753418,20.738601684570312
20190217,20.398855209350586,,20.659561157226562,21.56562614440918,22.098901748657227,21.38612937927246,21.397716522216797,21.06764030456543
20190218,,,,,,,,
20190219,,,,,,,,
20190220,19.977310180664062,20.010129928588867,20.490314483642578,21.193269729614258,,,,
20190221,19.980579376220703,20.344533920288086,21.142309188842773,21.5217227935791,21.94381332397461,20.920673370361328,20.551088333129883,
20190222,20.088254928588867,20.76384925842285,21.358047485351562,21.621065139770508,21.68766212463379,21.250524520874023,20.61537742614746,19.899341583251953
20190223,,21.52269172668457,21.753887176513672,22.010398864746094,21.844947814941406,21.180395126342773,20.536495208740234,20.159122467041016
20190224,,,,,22.408945083618164,21.77620506286621,20.985078811645508,20.384153366088867
20190225,,,,,,,,21.125967025756836
20190226,,,,,21.58881187438965,21.561796188354492,,
20190227,20.24500274658203,,21.24090576171875,21.893033981323242,22.244220733642578,22.001718521118164,21.543142318725586,20.95526885986328
20190228,,21.192171096801758,21.665000915527344,21.55111312866211,,21.336666107177734,,21.5743408203125
20190301,,,,22.033851623535156,22.675750732421875,22.29576301574707,21.619218826293945,21.28972816467285
20190302,19.791872024536133,,,,,21.717092514038086,21.6315975189209,20.829090118408203
20190303,20.22867774963379,20.690526962280273,21.06137466430664,21.261472702026367,,,,
20190304,20.448413848876953,20.720806121826172,21.040023803710938,20.82292366027832,,20.774341583251953,20.2847900390625,20.079479217529297
20190305,,21.026220321655273,21.251794815063477,21.439189910888672,,,,
20190306,,,,22.179567337036133,21.63916778564453,20.990215301513672,20.284873962402344,
20190307,,,,21.315452575683594,21.826562881469727,21.637136459350586,20.623958587646484,19.01097297668457
20190308,,,,,,20.595474243164062,20.47464370727539,19.57220458984375
20190309,,,,,,,,
20190310,,,,,,,21.62820816040039,
20190311,20.7366943359375,20.639123916625977,,,,,,
20190312,,,,,,,,
20190313,20.15805435180664,20.333852767944336,,,,,,20.602014541625977
20190314,,20.547971725463867,21.19379997253418,21.12708282470703,22.154098510742188,21.909475326538086,,
20190315,20.0848388671875,20.686555862426758,21.110591888427734,21.386993408203125,21.584951400756836,,19.56020736694336,19.497512817382812
20190316,,20.400747299194336,21.258222579956055,,21.300859451293945,20.546031951904297,20.282665252685547,19.928037643432617
20190317,,,,,,,20.186203002929688,20.096113204956055
20190318,20.385543823242188,,,,22.01934051513672,21.93191146850586,21.1768741607666,20.35059928894043
20190319,,,,,,,,
20190320,,,21.372217178344727,21.66411018371582,21.478206634521484,20.677845001220703,20.195201873779297,19.6688289642334
20190321,20.543027877807617,19.611774444580078,,,,,20.025697708129883,19.966405868530273
20190322,19.866092681884766,,,,,,19.618864059448242,19.39579963684082
20190323,,,,,,20.817636489868164,21.239288330078125,20.574617385864258
20190324,19.849899291992188,20.50221824645996,20.526582717895508,20.695770263671875,,,,
20190325,,,,,,19.691333770751953,18.769166946411133,
20190326,19.890710830688477,,,20.622997283935547,20.920791625976562,19.876256942749023,19.549571990966797,19.433977127075195
20190327,20.315427780151367,20.871437072753906,21.110361099243164,21.257644653320312,21.037193298339844,20.092632293701172,19.31063461303711,18.892059326171875
20190328,,,,,21.950519561767578,21.3209228515625,20.358407974243164,19.671470642089844
20190329,,,,,,,,
20190330,,,,,,,,
20190331,19.531810760498047,19.474029541015625,,,20.341135025024414,20.19283676147461,,18.848800659179688
20190401,,20.347091674804688,20.971899032592773,20.855247497558594,20.861894607543945,20.359912872314453,19.612844467163086,19.18340301513672
20190402,,,,,20.24707794189453,20.62546730041504,19.908905029296875,19.617210388183594
20190403,,,,,,,,20.303089141845703
20190404,,,,21.51768684387207,21.874998092651367,,,
20190405,19.21148681640625,19.8474178314209,20.5687255859375,20.624771118164062,21.44246482849121,21.61284828186035,20.942413330078125,20.51476287841797
20190406,19.304597854614258,19.585580825805664,20.529212951660156,20.66286277770996,,20.18512725830078,,19.17061424255371
20190407,,20.349729537963867,21.056249618530273,21.075502395629883,20.906591415405273,20.233484268188477,19.58794593811035,19.18593978881836
20190408,,,,,,20.961538314819336,20.403051376342773,19.7327880859375
20190409,19.676300048828125,,21.004907608032227,,,,,
20190410,19.334426879882812,19.54584503173828,20.639997482299805,20.729747772216797,20.675771713256836,20.463130950927734,19.75359535217285,
20190411,20.007658004760742,,20.629920959472656,20.96285629272461,21.053831100463867,20.608856201171875,20.003923416137695,19.617345809936523
20190412,,,,,21.15166664123535,20.67141342163086,19.993240356445312,19.625585556030273
20190413,,,21.00133514404297,,,,,
20190414,,19.508098602294922,19.98722267150879,,,,,19.629945755004883
20190415,19.292451858520508,19.551502227783203,20.22600746154785,20.38298988342285,,,,
20190416,19.103750228881836,19.771276473999023,20.37575912475586,20.538192749023438,20.737852096557617,20.33207893371582,20.029617309570312,19.131895065307617
20190417,18.426382064819336,18.999937057495117,,20.18429183959961,20.813827514648438,20.587684631347656,20.23691177368164,
20190418,,,20.966033935546875,21.037376403808594,21.037355422973633,20.584775924682617,19.717506408691406,19.364334106445312
20190419,19.827436447143555,,,,,,,
20190420,19.05548095703125,19.50286102294922,20.563241958618164,,,,,
20190421,18.673023223876953,19.034931182861328,19.594390869140625,20.26009750366211,20.664627075195312,20.441789627075195,19.803546905517578,19.200124740600586
20190422,18.87958335876465,17.436635971069336,,,19.845504760742188,20.085142135620117,19.538681030273438,19.31862449645996
20190423,,19.707921981811523,20.32872200012207,20.366178512573242,20.071313858032227,19.63766098022461,19.087337493896484,18.76625633239746
20190424,,,,,,20.50014877319336,19.684650421142578,18.917699813842773
20190425,18.214847564697266,18.49869155883789,18.911073684692383,,,,,19.17672348022461
20190426,,,,,,19.504655838012695,,
20190427,18.93324851989746,18.828136444091797,,,,,,
20190428,19.555583953857422,19.492820739746094,20.024858474731445,19.914735794067383,,19.260276794433594,18.82830810546875,18.534969329833984
20190429,18.07036590576172,,,20.333770751953125,20.801578521728516,20.31231117248535,19.43513298034668,18.734006881713867
20190430,18.780033111572266,18.851924896240234,,,,,,
20190501,18.56561279296875,18.452190399169922,19.282018661499023,19.705074310302734,,,,
20190502,18.270404815673828,18.160390853881836,18.88237762451172,19.136280059814453,18.996105194091797,19.49967384338379,,18.411266326904297
20190503,,18.23558235168457,18.88868522644043,19.18110466003418,19.096168518066406,19.060911178588867,18.499528884887695,18.446849822998047
20190504,,,19.333635330200195,19.756698608398438,19.473297119140625,19.325963973999023,18.629308700561523,18.187725067138672
20190505,17.764949798583984,,,,,,19.42984390258789,18.963403701782227
20190506,18.577322006225586,18.877992630004883,19.52678680419922,19.588037490844727,19.35984992980957,,,
20190507,17.98614501953125,17.928014755249023,18.618860244750977,18.60469627380371,19.171812057495117,19.137203216552734,18.323392868041992,18.34841537475586
20190508,18.158756256103516,17.608749389648438,18.463531494140625,18.68780517578125,18.765758514404297,19.060216903686523,18.528993606567383,18.335514068603516
20190509,,,19.01300811767578,18.914541244506836,18.669532775878906,18.9243221282959,18.581626892089844,18.062519073486328
20190510,,,,,,19.593379974365234,18.95926856994629,18.236717224121094
20190511,18.363784790039062,17.826704025268555,17.99297523498535,17.9776611328125,,,,
20190512,,17.500776290893555,18.168153762817383,18.503368377685547,18.318681716918945,18.63878631591797,,
20190513,18.101259231567383,17.819143295288086,18.245052337646484,18.526412963867188,18.467937469482422,19.043209075927734,18.730501174926758,17.924999237060547
20190514,18.7161865234375,18.16324234008789,18.444923400878906,18.591087341308594,18.545265197753906,18.916305541992188,18.497783660888672,18.150325775146484
20190515,,,,,19.420793533325195,19.374309539794922,18.65116310119629,18.115314483642578
20190516,17.742923736572266,18.228132247924805,18.579011917114258,,18.460750579833984,18.712865829467773,18.60085678100586,18.52156639099121
20190517,18.08682632446289,,,,,19.294889450073242,,
20190518,17.88968849182129,,,,17.67676544189453,18.168888092041016,18.482036590576172,
20190519,,16.545244216918945,17.194679260253906,17.04342269897461,17.642114639282227,18.472270965576172,18.249271392822266,18.08043098449707
20190520,17.982561111450195,,,18.44222068786621,18.259836196899414,18.507986068725586,18.006086349487305,17.679651260375977
20190521,16.918651580810547,,,,,,18.43147087097168,18.048982620239258
20190522,17.729013442993164,17.079574584960938,17.1826171875,17.40472984313965,17.166128158569336,,,
20190523,16.866907119750977,17.062854766845703,17.844160079956055,17.90839958190918,18.421953201293945,18.973543167114258,18.50953483581543,18.01845359802246
20190524,17.824954986572266,17.25108528137207,17.254180908203125,17.43428611755371,17.573678970336914,18.221559524536133,18.302766799926758,18.241846084594727
20190525,,17.951595306396484,17.849605560302734,17.868566513061523,17.81676483154297,18.24799919128418,17.94353675842285,17.75026512145996
20190526,,,,,,,18.1572265625,17.549028396606445
20190527,17.22678565979004,,16.98032569885254,,,,,
20190528,,,,17.298500061035156,,17.899621963500977,,
20190529,,,,,17.61277961730957,18.05118751525879,17.884674072265625,17.8938045501709
20190530,,,,,17.3655948638916,17.847719192504883,,17.445281982421875
20190531,18.09589958190918,,,,17.887149810791016,18.06003189086914,17.696542739868164,17.076549530029297
20190601,17.796049118041992,17.314620971679688,16.858749389648438,17.643081665039062,,,,17.732418060302734
20190602,17.45564079284668,17.004085540771484,16.989261627197266,17.0872802734375,16.98910140991211,17.41693878173828,,
20190603,17.16972541809082,16.598546981811523,,,,,,
20190604,17.924741744995117,17.05986785888672,,,,,17.683332443237305,
20190605,,,,17.455467224121094,,17.49140739440918,17.16522216796875,16.64911651611328
20190606,17.80857276916504,,,,,,18.124866485595703,17.527729034423828
20190607,,,16.816452026367188,17.4028377532959,17.40434455871582,,,
20190608,16.721267700195312,,,,,,,
20190609,,16.472949981689453,16.48313331604004,16.417524337768555,16.115276336669922,,,
20190610,,17.46141815185547,17.022449493408203,16.87664222717285,16.61750030517578,17.131580352783203,16.806480407714844,16.56334686279297
20190611,,,,,,17.973716735839844,17.468820571899414,17.017541885375977
20190612,17.93364906311035,16.21448516845703,16.257726669311523,16.307157516479492,,,,
20190613,16.427583694458008,15.967390060424805,16.452354431152344,16.312726974487305,16.213626861572266,16.590192794799805,16.473634719848633,
20190614,17.458919525146484,16.275924682617188,15.834311485290527,15.865714073181152,16.053789138793945,16.66373634338379,16.78544807434082,16.925222396850586
20190615,18.057636260986328,16.892377853393555,16.379192352294922,16.04155158996582,15.81578254699707,16.441940307617188,16.69040298461914,16.445051193237305
20190616,,,,,16.672992706298828,16.947233200073242,16.77141571044922,16.669170379638672
20190617,16.868375778198242,16.385854721069336,,,,,,17.03732681274414
20190618,,,16.00721549987793,15.93905258178711,,,,
20190619,17.052465438842773,16.156627655029297,15.770031929016113,15.688079833984375,,16.29808807373047,16.330453872680664,16.300514221191406
20190620,17.427448272705078,16.122777938842773,15.958584785461426,15.704604148864746,15.538070678710938,16.03177261352539,16.307029724121094,16.34603500366211
20190621,,15.237974166870117,16.316068649291992,15.734370231628418,15.427568435668945,16.057153701782227,16.05735206604004,16.299911499023438
20190622,17.14400863647461,,,,,16.905250549316406,16.776533126831055,16.63363265991211
20190623,,,15.948599815368652,16.048795700073242,15.701836585998535,,,
20190624,16.604015350341797,15.172064781188965,,,,,,
20190625,17.300065994262695,16.044763565063477,15.59546947479248,15.546217918395996,15.398223876953125,15.925837516784668,16.018827438354492,16.12483024597168
20190626,,17.287057876586914,16.576385498046875,16.21505355834961,15.823710441589355,16.119421005249023,16.114748001098633,16.068946838378906
20190627,,,,,,17.240427017211914,16.84038734436035,16.2725830078125
20190628,17.21202278137207,16.461206436157227,15.938068389892578,,,,,
20190629,16.75282859802246,15.766874313354492,15.214906692504883,15.121771812438965,15.048531532287598,15.66211223602295,16.014284133911133,
20190630,15.772844314575195,15.801465034484863,15.093557357788086,15.030205726623535,,15.549782752990723,15.721491813659668,
20190701,17.428939819335938,17.187097549438477,,,,,,
20190702,,,,,15.806266784667969,15.867684364318848,15.632646560668945,15.493221282958984
20190703,17.2497501373291,15.609025955200195,15.255000114440918,,,,,16.22535514831543
20190704,16.915372848510742,15.722951889038086,15.85448169708252,15.600386619567871,15.314521789550781,15.461645126342773,,
20190705,,,,,15.723234176635742,15.644694328308105,15.859770774841309,15.832958221435547
20190706,16.826702117919922,15.809654235839844,15.187414169311523,14.996520042419434,14.627165794372559,,,15.713715553283691
20190707,,,16.582603454589844,16.002845764160156,15.334908485412598,15.638008117675781,15.512665748596191,15.441462516784668
20190708,16.7540283203125,,,,,,16.055831909179688,15.83993148803711
20190709,16.632598876953125,16.405532836914062,15.989204406738281,15.476521492004395,14.833498001098633,,,
20190710,16.34280014038086,15.702459335327148,15.688279151916504,15.477808952331543,15.244904518127441,15.645668029785156,15.754924774169922,15.754810333251953
20190711,16.24689292907715,15.446534156799316,15.432463645935059,14.838406562805176,14.63758659362793,15.222143173217773,15.256009101867676,15.090462684631348
20190712,,17.299535751342773,16.24173927307129,15.723575592041016,15.077103614807129,15.308809280395508,15.107731819152832,15.205196380615234
20190713,,,,,,16.14977264404297,15.808479309082031,15.44555377960205
20190714,16.084882736206055,,,,,,,
20190715,16.175649642944336,15.348677635192871,15.353863716125488,,,,,
20190716,16.693937301635742,15.947120666503906,15.302033424377441,,,,,14.835681915283203
20190717,,16.585369110107422,15.925480842590332,15.38934326171875,14.78299617767334,14.765829086303711,14.968240737915039,14.728124618530273
20190718,,,,,15.86246109008789,15.870261192321777,15.635069847106934,15.249809265136719
20190719,,,,,,,,
20190720,,15.255435943603516,15.900689125061035,15.843450546264648,15.65601921081543,15.88446044921875,,
20190721,16.29904556274414,15.382216453552246,15.341863632202148,15.113310813903809,14.78737735748291,14.999834060668945,15.177711486816406,15.067887306213379
20190722,,15.245648384094238,15.500426292419434,15.091952323913574,14.77598762512207,15.236510276794434,15.120917320251465,15.114142417907715
20190723,,,16.490283966064453,15.584667205810547,15.005059242248535,15.011281967163086,15.028303146362305,14.821427345275879
20190724,15.636970520019531,,,,,,15.979296684265137,15.399612426757812
20190725,16.120967864990234,15.909955024719238,,,,,,14.735685348510742
20190726,,15.561443328857422,15.388367652893066,15.071434020996094,14.455387115478516,14.544842720031738,,
20190727,,,,,,,,14.557498931884766
20190728,,16.281213760375977,15.764209747314453,,,,,14.05859375
20190729,,,,,15.66535758972168,15.565317153930664,15.408465385437012,14.806666374206543
20190730,16.319766998291016,15.160578727722168,15.05698299407959,14.232903480529785,,,,
20190731,16.497957229614258,15.73603630065918,15.181246757507324,14.711551666259766,14.377335548400879,14.276897430419922,14.513106346130371,
20190801,16.53953742980957,15.47689151763916,15.331465721130371,15.028940200805664,14.649226188659668,14.843524932861328,15.038383483886719,15.149880409240723
20190802,16.9974422454834,16.222003936767578,15.586742401123047,14.398523330688477,,14.526082038879395,14.789306640625,
20190803,,15.831344604492188,15.648006439208984,15.259552955627441,15.439460754394531,15.250467300415039,15.23988151550293,14.819587707519531
20190804,16.545169830322266,,,,,,15.259227752685547,14.379402160644531
20190805,16.587526321411133,15.534476280212402,15.120941162109375,15.305740356445312,15.078384399414062,15.14294719696045,,
20190806,,,15.094439506530762,14.902743339538574,14.571718215942383,15.078916549682617,15.509188652038574,15.282294273376465
20190807,,15.879420280456543,,15.06750202178955,14.006753921508789,14.259806632995605,,
20190808,,,,15.641695976257324,14.68870735168457,14.847488403320312,14.879773139953613,14.646082878112793
20190809,,,,,,,15.325325012207031,15.212101936340332
20190810,,15.278641700744629,14.995595932006836,14.35300064086914,,,,
20190811,16.037511825561523,,15.081961631774902,14.564478874206543,14.351704597473145,14.488293647766113,14.331080436706543,
20190812,16.3441104888916,15.291177749633789,14.706156730651855,14.490816116333008,14.277793884277344,,14.194000244140625,14.401422500610352
20190813,,16.695558547973633,15.950111389160156,15.292366981506348,13.991677284240723,14.543450355529785,14.656872749328613,14.508177757263184
20190814,,,,,,15.660784721374512,15.423235893249512,15.11044692993164
20190815,,15.038000106811523,,,,,,
20190816,16.290515899658203,15.56962776184082,15.447566986083984,14.799222946166992,14.573260307312012,14.190301895141602,,
20190817,,15.698332786560059,15.362895965576172,15.013486862182617,14.699639320373535,14.76060676574707,14.66754150390625,14.602245330810547
20190818,16.492271423339844,15.80224323272705,14.914692878723145,14.561076164245605,14.163228988647461,14.344172477722168,14.487909317016602,14.49765396118164
20190819,,,,,14.929322242736816,14.867531776428223,14.625617027282715,14.544899940490723
20190820,16.05492401123047,15.288039207458496,14.874175071716309,,,,,14.917445182800293
20190821,16.379474639892578,15.740297317504883,15.327400207519531,14.65816593170166,14.066567420959473,14.056811332702637,,
20190822,16.365495681762695,15.69469165802002,15.323930740356445,14.880332946777344,14.607510566711426,14.771349906921387,14.589102745056152,
20190823,,15.902874946594238,15.480700492858887,14.928303718566895,14.639883041381836,14.8137845993042,14.79166030883789,14.808043479919434
20190824,,,15.582698822021484,15.227550506591797,,,14.749175071716309,
20190825,,,,,,,15.2295560836792,14.996556282043457
20190826,16.009395599365234,15.224404335021973,14.326777458190918,14.453889846801758,,,,
20190827,16.108068466186523,15.297372817993164,14.994864463806152,14.658271789550781,14.347009658813477,14.287723541259766,14.24825668334961,14.219321250915527
20190828,,,14.911458015441895,14.468770027160645,14.346100807189941,14.717443466186523,14.743721008300781,14.68147087097168
20190829,,,,,,,,
20190830,,,,,,,15.348366737365723,15.04987621307373
20190831,16.381589889526367,15.416077613830566,14.882001876831055,14.522228240966797,,,,
20190901,16.30950164794922,15.571850776672363,15.224055290222168,14.884093284606934,14.571450233459473,14.495359420776367,13.956446647644043,
20190902,16.324609756469727,15.246617317199707,14.920967102050781,14.893539428710938,15.096331596374512,15.357287406921387,15.414183616638184,15.243830680847168
20190903,,16.215953826904297,15.797319412231445,15.411952018737793,14.966408729553223,14.914767265319824,14.942912101745605,14.976426124572754
20190904,,,,,,,,15.098938941955566
20190905,16.239036560058594,15.12645149230957,15.12290096282959,,,,,15.461382865905762
20190906,,15.419489860534668,15.289778709411621,14.92064380645752,14.59765911102295,14.575785636901855,,
20190907,16.34954261779785,15.514984130859375,15.156938552856445,14.942051887512207,14.737414360046387,14.61536979675293,14.632227897644043,
20190908,16.86886978149414,15.906920433044434,15.448190689086914,15.088829040527344,14.837921142578125,14.851269721984863,14.786015510559082,14.676810264587402
20190909,,,,15.770208358764648,15.364892959594727,14.97254753112793,14.840664863586426,
20190910,,15.136514663696289,,,,,,15.46518325805664
20190911,17.482322692871094,16.85521697998047,16.51080322265625,16.025590896606445,,,,
20190912,16.639877319335938,15.974217414855957,15.583551406860352,15.353007316589355,15.23058032989502,15.352836608886719,15.307136535644531,15.3079833984375
20190913,17.303997039794922,16.313323974609375,15.88454818725586,15.618241310119629,15.592096328735352,15.635954856872559,15.607793807983398,15.638692855834961
20190914,,,,16.025358200073242,,,15.646452903747559,15.618633270263672
20190915,,,,,,,16.350242614746094,16.148332595825195
20190916,16.638803482055664,15.973087310791016,15.589961051940918,,,,,
20190917,16.60350799560547,15.651400566101074,15.524176597595215,15.394938468933105,,15.217101097106934,15.220425605773926,
20190918,16.338787078857422,,15.583148002624512,15.55431842803955,15.180999755859375,15.504388809204102,15.49990463256836,15.341986656188965
20190919,,,15.729063987731934,15.669136047363281,,,15.255353927612305,15.370434761047363
20190920,,,,,15.65030574798584,15.402746200561523,,
20190921,16.93925666809082,15.79773998260498,,,,,,15.362195014953613
20190922,16.515830993652344,15.57770824432373,15.32581615447998,15.180167198181152,15.179823875427246,14.972417831420898,,
20190923,,15.267313957214355,15.232377052307129,15.05002212524414,15.061973571777344,15.000588417053223,14.915796279907227,14.746463775634766
20190924,,15.745288848876953,15.553053855895996,15.265238761901855,15.089999198913574,14.874320030212402,15.09131145477295,15.100107192993164
20190925,,,16.180543899536133,15.989584922790527,15.790975570678711,15.193877220153809,15.304891586303711,15.076556205749512
20190926,,14.965842247009277,15.554863929748535,,14.981019973754883,15.748205184936523,15.945975303649902,15.858189582824707
20190927,16.12767219543457,,15.072245597839355,15.102643966674805,15.20798110961914,,,
20190928,15.998318672180176,15.327433586120605,,15.255290031433105,14.922249794006348,,,
20190929,,,,,14.967877388000488,15.256583213806152,15.47197151184082,15.380571365356445
20190930,,,,,15.552661895751953,15.416053771972656,15.393918991088867,15.268003463745117
20191001,,,,,,,16.290115356445312,15.96062183380127
20191002,16.258777618408203,15.366829872131348,15.231088638305664,,,,,
20191003,16.613037109375,15.953436851501465,,,,,16.078081130981445,
20191004,,,,,,,,
20191005,,16.37908363342285,,,16.04813003540039,,,16.522382736206055
20191007,16.447519302368164,15.848845481872559,15.487316131591797,,,,,15.742441177368164
20191008,,,15.31686782836914,15.827138900756836,15.829092979431152,15.445963859558105,,
20191009,,,15.632631301879883,15.628484725952148,15.733363151550293,15.62231159210205,15.733102798461914,15.500518798828125
20191010,,16.489999771118164,16.21016502380371,16.060909271240234,16.23058319091797,15.585372924804688,15.769636154174805,15.606687545776367
20191011,,,,16.879535675048828,16.97199821472168,16.508930206298828,16.197622299194336,15.90581226348877
20191012,,,,,,,,16.60606575012207
20191013,16.827613830566406,16.240427017211914,15.74637508392334,15.362363815307617,,,,
20191014,16.57984161376953,16.347341537475586,16.148271560668945,16.248796463012695,16.284990310668945,15.993841171264648,15.705399513244629,15.376256942749023
20191015,,16.253137588500977,15.797791481018066,,15.655515670776367,16.122547149658203,,16.039188385009766
20191016,,17.0003662109375,16.747873306274414,16.563236236572266,16.445640563964844,16.195466995239258,15.751702308654785,15.431167602539062
20191017,,,,,,16.693096160888672,,15.785554885864258
20191018,,,15.738378524780273,15.935190200805664,,,,16.17353630065918
20191019,,,,,16.014760971069336,16.068069458007812,15.751470565795898,
20191020,16.978187561035156,16.491600036621094,16.30500030517578,16.268726348876953,16.444013595581055,16.427001953125,16.336971282958984,16.00584602355957
20191021,,17.35333251953125,17.149736404418945,16.818857192993164,,16.49489974975586,16.415706634521484,
20191022,,,,,,17.215822219848633,16.93484878540039,16.599857330322266
20191023,17.06944465637207,16.60425567626953,,,,,,
20191024,,16.355932235717773,15.708592414855957,16.39145851135254,,17.574735641479492,,
20191025,16.932260513305664,16.567350387573242,16.026260375976562,16.232637405395508,16.825023651123047,16.702306747436523,16.354280471801758,16.1678466796875
20191026,,16.900243759155273,16.378021240234375,16.828725814819336,16.495450973510742,16.450992584228516,16.363216400146484,16.20614242553711
20191027,,,,17.265235900878906,17.191144943237305,16.84895133972168,16.474891662597656,16.07759666442871
20191028,17.358978271484375,,,,,,17.40514373779297,16.843103408813477
20191029,,,,17.139183044433594,17.56633949279785,17.417524337768555,,
20191030,16.842159271240234,,,,,,17.696313858032227,17.354284286499023
20191031,,,,,,,16.673255920410156,17.809263229370117
20191101,,17.317312240600586,,,,,,
20191102,,,,,,17.503612518310547,17.33837890625,16.75178337097168
20191103,15.985733985900879,16.017417907714844,15.748709678649902,16.441272735595703,,,,
20191104,16.86004066467285,16.588865280151367,16.52492332458496,16.679658889770508,17.11135482788086,16.51038360595703,16.56025505065918,
20191105,17.35772132873535,17.14923858642578,17.079734802246094,17.36416244506836,17.803874969482422,17.5643367767334,17.529260635375977,17.045690536499023
20191106,,17.651426315307617,17.09584617614746,17.316917419433594,17.637720108032227,17.28201675415039,17.337146759033203,17.322307586669922
20191107,,,,,,17.563554763793945,17.454946517944336,17.13227081298828
20191108,,,,,,,,
20191109,17.268415451049805,17.179262161254883,16.738525390625,,,,,
20191110,17.597997665405273,17.354961395263672,17.219036102294922,17.405412673950195,17.64398956298828,17.356191635131836,17.2846736907959,16.85034942626953
20191111,,17.230066299438477,,,18.174827575683594,17.289722442626953,18.003135681152344,17.843355178833008
20191112,,,,17.594715118408203,17.483898162841797,,17.149765014648438,
20191113,16.921398162841797,,,,,,,17.524999618530273
20191114,17.680923461914062,17.373096466064453,17.27945899963379,17.286588668823242,17.56756591796875,,,
20191115,,17.385934829711914,17.588224411010742,17.887535095214844,18.22202491760254,17.911558151245117,17.54370880126953,17.07185173034668
20191116,,,,,,,17.7972412109375,
20191117,,,17.494962692260742,16.76898765563965,18.064945220947266,17.621679306030273,17.373952865600586,17.090160369873047
20191118,,,,,,,18.48123550415039,17.989177703857422
20191119,,,,,,,,
20191120,,,,19.641141891479492,19.198312759399414,19.781208038330078,20.0129337310791,
20191121,17.304533004760742,17.317079544067383,17.176305770874023,17.53719139099121,17.899616241455078,17.319597244262695,,
20191122,17.857999801635742,17.969921112060547,17.5341796875,17.778579711914062,18.12135887145996,17.596513748168945,17.821985244750977,17.650964736938477
20191123,,,,,19.442739486694336,18.362842559814453,18.207387924194336,17.839590072631836
20191124,17.693641662597656,17.088319778442383,,,,,,18.670652389526367
20191125,,,,,,,,
20191126,,,,,,,,
20191127,18.488811492919922,18.14171028137207,17.99713897705078,18.238807678222656,18.40059471130371,17.974205017089844,17.971370697021484,17.940576553344727
20191128,,,,,18.528581619262695,18.26825714111328,18.39105796813965,
20191129,17.466968536376953,,,,,,,
20191130,,,17.969820022583008,18.399696350097656,,,,
20191201,,,,,,,,
20191202,15.23381233215332,15.37903881072998,15.452655792236328,15.32785701751709,,,,
20191203,,,,18.404434204101562,18.554777145385742,17.99243927001953,17.909786224365234,17.371545791625977
20191204,,,,,,19.15724754333496,18.893274307250977,18.156980514526367
20191205,,19.133974075317383,19.11071014404297,,,18.35476303100586,19.236204147338867,18.660289764404297
20191206,18.323287963867188,,,,,18.797842025756836,18.82176971435547,
20191207,,,18.87809181213379,19.23270034790039,19.540115356445312,19.09222412109375,18.82231903076172,18.606536865234375
20191208,18.557968139648438,,,,,19.219852447509766,,18.347881317138672
20191209,,,,20.34527015686035,,,,
20191210,18.7255802154541,18.246562957763672,,,,,,
20191211,,,,,,,,
20191212,18.431209564208984,,,,,,,
20191213,19.065521240234375,18.8026123046875,,,,18.362668991088867,18.377323150634766,18.235828399658203
20191214,,,,20.318750381469727,19.925670623779297,19.23445701599121,18.827054977416992,18.23550796508789
20191215,19.782724380493164,,,,,,,19.332284927368164
20191216,18.851125717163086,19.83898162841797,19.915428161621094,20.329973220825195,21.199522018432617,20.01650047302246,19.546552658081055,
20191217,19.637039184570312,20.109046936035156,,20.585079193115234,20.81769561767578,20.245349884033203,20.59963035583496,20.273683547973633
20191218,19.2408504486084,19.57188606262207,20.779191970825195,21.05399513244629,21.08905601501465,20.702543258666992,20.651321411132812,20.67803192138672
20191219,,,20.74567985534668,21.090118408203125,,,,
20191220,,,,,,21.100154876708984,21.12152099609375,21.455434799194336
20191221,18.55006217956543,18.37830924987793,19.105667114257812,20.017528533935547,,,,
20191222,19.179157257080078,19.090391159057617,19.416555404663086,,,,,
20191223,,,,,21.566665649414062,,20.263202667236328,20.27971839904785
20191224,,,,,,,,19.848005294799805
20191225,,,,,20.804157257080078,20.00890350341797,19.173294067382812,19.514205932617188
20191226,20.68791961669922,,,,,,19.637052536010742,
20191227,,,,,,19.770641326904297,19.893280029296875,19.767351150512695
20191228,19.500690460205078,19.664018630981445,20.27175521850586,,20.857622146606445,20.761295318603516,20.699661254882812,20.863012313842773
20191229,20.400800704956055,20.19304656982422,20.60965347290039,20.70490074157715,20.706924438476562,20.53519058227539,20.517230987548828,20.745389938354492
20191230,,,20.956375122070312,21.551441192626953,21.397085189819336,21.122314453125,21.089344024658203,21.443195343017578
20191231,19.442121505737305,,,,,,20.516422271728516,20.21879005432129
20200101,19.593521118164062,19.78689193725586,20.248973846435547,20.132978439331055,20.211063385009766,,,
20200102,19.83810806274414,20.248939514160156,20.790903091430664,20.91887855529785,21.159990310668945,20.619277954101562,20.008766174316406,19.948745727539062
20200103,19.62329864501953,19.841432571411133,,21.37225341796875,21.144824981689453,,20.98499870300293,20.891407012939453
20200104,,19.987091064453125,,,,,,
20200105,,,,,,20.810894012451172,20.417205810546875,19.77577781677246
20200106,20.41629409790039,19.792695999145508,19.947860717773438,20.077938079833984,,,,
20200107,20.369150161743164,20.30390739440918,20.150978088378906,20.594812393188477,20.673871994018555,20.107858657836914,19.893762588500977,
20200108,20.69769287109375,20.245725631713867,20.409414291381836,20.727853775024414,20.820335388183594,20.473962783813477,20.131275177001953,19.72747802734375
20200109,,,,,,,,
20200110,,,,,,,,
20200111,,,,,21.03009605407715,,,
20200112,19.778654098510742,19.618440628051758,19.95677375793457,20.32562255859375,20.239164352416992,,,
20200113,19.63505744934082,20.02787971496582,20.48438262939453,20.703041076660156,,19.97704315185547,19.86378288269043,19.588459014892578
20200114,,19.990955352783203,20.44083023071289,20.692161560058594,20.73350715637207,20.326623916625977,19.915664672851562,19.344327926635742
20200115,,21.14286994934082,21.128931045532227,,21.547651290893555,20.782840728759766,20.093767166137695,19.72265625
20200116,,,,,,,,19.26443862915039
20200117,19.51277732849121,19.422250747680664,19.811410903930664,20.18290901184082,19.819015502929688,,,
20200118,,,19.506526947021484,,,,,
20200119,19.935291290283203,19.873205184936523,20.30902671813965,,20.18151092529297,19.933040618896484,19.39682960510254,19.097240447998047
20200120,,20.876663208007812,20.936552047729492,20.81171989440918,20.69906997680664,20.038984298706055,19.00107192993164,18.929332733154297
20200121,,,,,,20.787935256958008,19.987306594848633,19.421480178833008
20200122,,,,,,19.66547203063965,,19.65365982055664
20200123,19.17745590209961,19.179643630981445,,,,19.881044387817383,19.434545516967773,19.113189697265625
20200124,19.16221809387207,19.24776840209961,,,20.473602294921875,20.09511375427246,19.44476890563965,19.035593032836914
20200125,20.324861526489258,19.370731353759766,,,20.584880828857422,20.120811462402344,19.827659606933594,19.568767547607422
20200126,,,,21.503677368164062,22.0145206451416,20.999128341674805,,19.46818733215332
20200127,19.672073364257812,19.721923828125,,,,,,20.212081909179688
20200128,20.84108543395996,20.984233856201172,21.16840362548828,21.238605499267578,21.019285202026367,,,
20200129,21.272741317749023,21.488422393798828,21.38422203063965,21.506608963012695,21.594449996948242,20.97735023498535,20.644845962524414,20.556882858276367
20200130,,,21.92352294921875,22.1437931060791,21.980703353881836,21.511838912963867,21.36468505859375,20.95519256591797
20200131,,,,22.200443267822266,21.999473571777344,21.805253982543945,,
20200201,19.92452621459961,,,,,,,
20200202,,20.07978057861328,20.48208236694336,20.8267765045166,20.877887725830078,,,
20200203,,,20.284833908081055,20.741769790649414,,,,
20200204,20.339496612548828,20.234941482543945,20.69574546813965,21.106569290161133,20.908748626708984,20.88991928100586,20.381729125976562,19.63986587524414
20200205,,20.912839889526367,21.17476463317871,21.418052673339844,21.50226593017578,20.914005279541016,20.51816749572754,19.942829132080078
20200206,,,,,22.135189056396484,21.704139709472656,20.89736557006836,20.111629486083984
20200207,,20.43865966796875,21.386085510253906,21.320249557495117,,,,
20200208,20.11436653137207,20.428142547607422,21.020017623901367,21.58307456970215,21.552112579345703,21.0980167388916,20.86011505126953,
20200209,19.843299865722656,19.989604949951172,,20.567441940307617,20.624187469482422,20.931068420410156,21.042144775390625,20.60844612121582
20200210,20.382925033569336,20.763620376586914,20.68992042541504,,20.192272186279297,20.946346282958984,20.928953170776367,21.133697509765625
20200211,,,,,,,,
20200212,,,,,,,,20.741273880004883
20200213,,,,,19.558547973632812,19.675121307373047,,
20200214,19.76194190979004,20.238420486450195,20.637731552124023,20.816303253173828,20.980684280395508,20.574308395385742,20.011838912963867,18.588809967041016
20200215,,20.516443252563477,21.025848388671875,21.395971298217773,,,,
20200216,,,,22.71279525756836,21.94683837890625,21.16956329345703,20.47880744934082,20.106294631958008
20200217,19.434246063232422,,,,,,20.971586227416992,21.071266174316406
20200218,,,,,,,,
20200219,19.634029388427734,19.828357696533203,,,,,,
20200220,19.76802635192871,20.053327560424805,20.48883628845215,21.092424392700195,,,,
20200221,20.217998504638672,20.979263305664062,21.629331588745117,,20.956466674804688,20.336118698120117,19.839719772338867,19.05478286743164
20200222,,,,,,,20.22951889038086,19.70823860168457
20200223,,,,,,,,
20200224,,,,21.057605743408203,21.485374450683594,20.91463279724121,20.604463577270508,
20200225,,,,20.460447311401367,21.423664093017578,21.10750961303711,21.026395797729492,20.213855743408203
20200226,,,,20.576141357421875,20.884244918823242,20.208057403564453,20.164690017700195,19.695968627929688
20200227,,,,,,,,
20200228,19.212665557861328,,,,,,,
20200229,,,,,,,,
20200301,19.762479782104492,20.596689224243164,20.842716217041016,,,,,19.32525634765625
20200302,,,,,20.81556510925293,,,
20200303,,,,,20.927576065063477,20.656097412109375,,18.213321685791016
20200304,19.40237045288086,,,,,20.9334774017334,20.603195190429688,
20200305,19.354402542114258,20.025291442871094,20.229156494140625,20.205625534057617,,,,
20200306,19.287822723388672,20.180124282836914,20.6231689453125,,,20.041566848754883,18.291091918945312,
20200307,19.497161865234375,19.622724533081055,,,,19.944488525390625,19.55309295654297,19.040802001953125
20200308,,,20.913040161132812,20.988161087036133,20.55845832824707,19.93439483642578,19.287063598632812,18.599332809448242
20200309,,,,,,20.51777458190918,19.51630401611328,17.843830108642578
20200310,19.023250579833984,19.67979621887207,20.25462532043457,20.218774795532227,,,,
20200311,19.162639617919922,20.237152099609375,20.504215240478516,,20.65940284729004,20.07649803161621,19.396953582763672,
20200312,19.406984329223633,20.412986755371094,20.478912353515625,20.71487808227539,20.692237854003906,19.774885177612305,19.185773849487305,19.44474220275879
20200313,20.211734771728516,20.483135223388672,,,,19.832191467285156,19.30998992919922,18.978551864624023
20200314,,,,,,,,18.562715530395508
20200315,,,,,,,,
20200316,19.77354621887207,20.93563461303711,,,21.27979278564453,20.963134765625,,
20200317,19.3179874420166,19.828062057495117,,,,,19.520231246948242,19.578664779663086
20200318,,,,,,,,18.692440032958984
20200319,,20.65566635131836,21.247974395751953,20.684598922729492,21.26422119140625,20.22227668762207,19.36766815185547,19.278169631958008
20200320,,,,,,,,19.504343032836914
20200321,18.92437744140625,19.33868408203125,20.030778884887695,,,,,
20200322,,,,,,,,
20200323,18.785945892333984,19.40212059020996,19.990299224853516,,,,,
20200324,,20.820451736450195,20.77780532836914,20.218690872192383,19.989566802978516,19.459949493408203,,
20200325,,,,,,20.463123321533203,18.786813735961914,18.1159610748291
20200326,19.4073429107666,19.472684860229492,20.20502281188965,20.076553344726562,,,,
20200327,,,,,,,,
20200328,,20.29030418395996,,20.08294105529785,,,,18.192289352416992
20200329,,,,,,,,
20200330,,,,20.978641510009766,20.718408584594727,19.65376853942871,18.689931869506836,18.176925659179688
20200331,19.007810592651367,19.643220901489258,,,,,,19.145347595214844
20200401,18.80467987060547,19.087369918823242,20.00074005126953,19.974088668823242,20.194562911987305,19.75385284423828,,
20200402,,,,,,19.698986053466797,18.92906379699707,18.469982147216797
20200403,19.544687271118164,20.119951248168945,20.16592025756836,19.91214370727539,20.025915145874023,19.69259262084961,19.029155731201172,18.943042755126953
20200404,,,,,,,18.631000518798828,18.102527618408203
20200405,18.46833038330078,,,,,20.106874465942383,19.321298599243164,18.66952133178711
20200406,,,,,,,,
20200407,,,,20.28098487854004,20.16838836669922,19.229089736938477,18.730361938476562,
20200408,18.929311752319336,18.905920028686523,19.811494827270508,19.70977020263672,19.936431884765625,19.477121353149414,18.770517349243164,18.295799255371094
20200409,,19.967870712280273,20.76534652709961,20.334148406982422,19.90485191345215,19.271039962768555,18.54782485961914,18.19202995300293
20200410,,,,,,20.153156280517578,19.355188369750977,18.650470733642578
20200411,18.459518432617188,18.279417037963867,18.813701629638672,,,,,
20200412,,19.88030242919922,20.434011459350586,20.263286590576172,20.060026168823242,19.903642654418945,,
20200413,,,20.05807113647461,20.202966690063477,19.933637619018555,19.468473434448242,18.838651657104492,18.289329528808594
20200414,,18.717994689941406,20.583515167236328,20.771244049072266,20.716636657714844,20.102218627929688,19.419384002685547,19.064611434936523
20200415,,,,,,,19.0167179107666,
20200416,,19.239938735961914,19.742904663085938,,20.204591751098633,19.769472122192383,19.20865249633789,18.964265823364258
20200417,18.598093032836914,18.709590911865234,19.455188751220703,19.42790985107422,,,,
20200418,18.39983367919922,18.699241638183594,19.78314971923828,19.93507194519043,19.997501373291016,19.275962829589844,18.53770637512207,17.632991790771484
20200419,,,,,,19.735275268554688,19.189598083496094,18.676794052124023
20200420,,,,,,,,
20200421,18.49664306640625,,,,,,19.49054527282715,18.88028907775879
20200422,19.14498519897461,19.28609275817871,20.032651901245117,19.978635787963867,19.836917877197266,,,
20200423,18.956174850463867,18.91425132751465,,,,,,
20200424,,19.123767852783203,19.761119842529297,20.04410171508789,20.10666275024414,19.78839683532715,19.096771240234375,18.452665328979492
20200425,,19.0410099029541,18.557552337646484,19.595325469970703,,19.52541732788086,,18.58648109436035
20200426,,,19.737218856811523,,,,,18.79564666748047
20200427,19.055784225463867,18.59732437133789,18.922473907470703,19.326066970825195,,,,
20200428,18.885534286499023,18.91448974609375,19.556333541870117,19.77166748046875,,,,
20200429,19.071550369262695,18.659292221069336,19.32982635498047,19.590944290161133,19.780920028686523,19.63079071044922,19.112255096435547,18.69609832763672
20200430,,19.137645721435547,19.370500564575195,19.61304473876953,19.55348777770996,19.41927146911621,18.69951820373535,18.18633270263672
20200501,,,,,,19.626140594482422,19.057697296142578,18.08121681213379
20200502,18.67662811279297,18.0703125,,,,,,
20200503,18.991212844848633,18.46875762939453,19.19318199157715,19.251789093017578,19.173851013183594,19.18586540222168,,
20200504,19.026220321655273,18.609554290771484,19.286945343017578,19.310333251953125,19.107070922851562,19.166885375976562,18.665279388427734,17.917449951171875
20200505,,17.6895809173584,19.03603744506836,19.030364990234375,19.132484436035156,19.16179084777832,18.783321380615234,18.394161224365234
20200506,,,,,19.664091110229492,19.504859924316406,18.586990356445312,17.81103515625
20200507,19.076152801513672,,,,,,19.06460952758789,18.053447723388672
20200508,,18.01992416381836,18.92898178100586,19.152725219726562,18.83082389831543,,,
20200509,18.519054412841797,18.066509246826172,18.406999588012695,18.798831939697266,18.653703689575195,18.85409164428711,18.449926376342773,
20200510,18.78844451904297,17.78835678100586,17.92528533935547,18.16024398803711,18.32599639892578,18.749603271484375,18.461318969726562,17.976301193237305
20200511,,18.53963279724121,18.914005279541016,,,,17.65485954284668,
20200512,,,,,,19.270235061645508,18.886781692504883,18.230499267578125
20200513,18.33313751220703,17.474742889404297,18.004056930541992,18.018171310424805,,,,
20200514,,,18.278446197509766,17.888137817382812,18.30615234375,18.547212600708008,,
20200515,18.807802200317383,18.068262100219727,18.17860221862793,18.382266998291016,18.382244110107422,18.778165817260742,18.398054122924805,17.981199264526367
20200516,19.024919509887695,18.63602638244629,18.59625244140625,18.58991813659668,18.31397247314453,18.63418960571289,18.135841369628906,17.740009307861328
20200517,,18.216833114624023,,18.70311164855957,19.019376754760742,19.09449005126953,18.349212646484375,17.68588638305664
20200518,18.25436019897461,,,,,17.857824325561523,17.298749923706055,16.767370223999023
20200519,18.49541473388672,17.744373321533203,17.729061126708984,17.909692764282227,17.666610717773438,,,
20200520,18.615585327148438,18.146562576293945,17.652557373046875,17.965946197509766,17.882707595825195,18.596271514892578,,17.46698570251465
20200521,18.500385284423828,,17.079265594482422,17.746707916259766,,18.106428146362305,17.658763885498047,17.27138328552246
20200522,,,17.9780216217041,18.080883026123047,17.884077072143555,17.936080932617188,17.540163040161133,
20200523,18.494539260864258,,,,,,,17.275537490844727
20200524,,17.765478134155273,17.70521354675293,17.683835983276367,17.431570053100586,,,
20200525,,,,,,,,
20200526,,16.85300636291504,17.097597122192383,,17.296079635620117,,,
20200527,,17.966938018798828,17.65799331665039,17.39158821105957,17.280630111694336,17.532302856445312,16.916942596435547,16.450946807861328
20200528,,,,,,18.39740753173828,17.719470977783203,17.147052764892578
20200529,17.99102020263672,17.048398971557617,17.296566009521484,17.308923721313477,,,,
20200530,17.732585906982422,,17.000179290771484,17.69822120666504,17.23651885986328,17.74650764465332,18.119483947753906,
20200531,17.159666061401367,16.926450729370117,16.954795837402344,17.079181671142578,17.07514190673828,17.400381088256836,17.210182189941406,17.11048698425293
20200601,18.613130569458008,16.958141326904297,16.923377990722656,17.028701782226562,16.649431228637695,17.199321746826172,17.20390510559082,16.544652938842773
20200602,,,,,17.3980712890625,17.585926055908203,17.259349822998047,16.748281478881836
20200603,,,,,16.828468322753906,16.514312744140625,,
20200604,18.377838134765625,17.600173950195312,16.993497848510742,16.937183380126953,16.652706146240234,16.40290641784668,,
20200605,17.77842140197754,17.271631240844727,17.065044403076172,17.173255920410156,17.148887634277344,17.503093719482422,17.464590072631836,16.793922424316406
20200606,17.614290237426758,17.40890884399414,17.001070022583008,16.842708587646484,16.759885787963867,17.116498947143555,17.054969787597656,16.333988189697266
20200607,,,15.953113555908203,,,16.942209243774414,17.020389556884766,16.616228103637695
20200608,18.08477210998535,,,,,16.48466682434082,,16.61133575439453
20200609,17.605592727661133,17.15289306640625,17.10157012939453,17.227922439575195,16.86536407470703,,,
20200610,17.62763023376465,16.97675895690918,16.89451789855957,17.1190242767334,17.024744033813477,17.352964401245117,17.28638458251953,17.022294998168945
20200611,17.81025505065918,16.136096954345703,16.514495849609375,16.06053924560547,,,,16.050676345825195
20200612,,18.424625396728516,17.299409866333008,,17.099090576171875,17.164304733276367,16.536283493041992,16.350265502929688
20200613,,,,,,17.41558265686035,,
20200614,17.235389709472656,16.619792938232422,16.550424575805664,16.281991958618164,,,,
20200615,17.511878967285156,16.83408546447754,16.6039981842041,16.596574783325195,16.59882926940918,16.795059204101562,16.74759864807129,
20200616,,,16.193557739257812,16.492406845092773,16.51105499267578,16.69584083557129,16.64400863647461,16.28217887878418
20200617,18.35887908935547,17.77219581604004,17.182588577270508,16.90582275390625,16.706754684448242,16.86328125,16.648178100585938,15.927780151367188
20200618,,,,,17.417224884033203,17.381563186645508,17.05194091796875,16.57502555847168
20200619,17.88149642944336,16.242225646972656,16.063453674316406,,,,,
20200620,17.80010986328125,15.499673843383789,15.966012954711914,15.998466491699219,16.009098052978516,15.990167617797852,,
20200621,17.200862884521484,,,,,16.352231979370117,16.231142044067383,15.749089241027832
20200622,18.386756896972656,16.849592208862305,16.393604278564453,,,16.702333450317383,,
20200623,,,,17.005924224853516,16.48953628540039,,,
20200624,16.913076400756836,,,,,,16.99163246154785,16.6955509185791
20200625,17.69234275817871,16.179059982299805,16.04168128967285,15.728760719299316,15.33212947845459,,,
20200626,17.75591468811035,16.817310333251953,16.456926345825195,16.312589645385742,15.996562004089355,16.24089813232422,16.05104637145996,15.79045295715332
20200627,17.93378257751465,16.88922691345215,16.36216163635254,15.935596466064453,16.18074607849121,16.56037712097168,16.570959091186523,16.415441513061523
20200628,,,,16.670148849487305,16.27864646911621,16.489377975463867,16.334360122680664,16.184722900390625
20200629,,,,,,17.041759490966797,16.763898849487305,16.279006958007812
20200630,17.391937255859375,16.86455535888672,16.400449752807617,16.032665252685547,,,,
20200701,17.140853881835938,16.39924430847168,16.46040153503418,15.221776008605957,15.893595695495605,16.25674057006836,16.03244400024414,
20200702,17.23112678527832,16.342575073242188,15.721619606018066,15.483452796936035,15.375090599060059,15.90510368347168,16.05027198791504,15.986757278442383
20200703,18.030664443969727,17.125934600830078,16.450176239013672,15.773519515991211,15.4622220993042,15.869667053222656,15.758072853088379,15.517675399780273
20200704,,,,,,16.329343795776367,15.910785675048828,15.61841106414795
20200705,17.422998428344727,16.551469802856445,,,,,,
20200706,17.2763729095459,16.930103302001953,16.540502548217773,16.02067756652832,15.64276123046875,15.709336280822754,,
20200707,17.18891143798828,16.84590721130371,,15.796743392944336,15.97270679473877,16.183975219726562,15.950836181640625,15.684338569641113
20200708,17.790842056274414,16.863401412963867,16.218624114990234,15.63139820098877,15.514605522155762,15.925756454467773,15.975860595703125,15.838411331176758
20200709,,,16.98499870300293,16.517581939697266,15.997106552124023,15.975147247314453,15.764660835266113,15.50121784210205
20200710,,,,,,16.08419418334961,16.61135482788086,
20200711,16.70281219482422,16.545637130737305,,15.25668716430664,14.89109992980957,,,
20200712,16.82958221435547,,,15.385124206542969,15.25905990600586,15.704999923706055,15.234447479248047,14.986312866210938
20200713,17.3700008392334,16.796262741088867,,,14.996103286743164,15.59633731842041,15.637580871582031,15.329327583312988
20200714,,,16.81043243408203,16.049846649169922,15.456450462341309,15.739028930664062,15.668985366821289,15.44591236114502
20200715,,,,,,16.5875244140625,16.24566078186035,15.735865592956543
20200716,17.292728424072266,16.392715454101562,15.839476585388184,15.240700721740723,,,,
20200717,,,16.11878204345703,15.991954803466797,15.758180618286133,16.116819381713867,16.046958923339844,
20200718,17.12078094482422,15.899206161499023,15.519250869750977,14.741487503051758,14.979351997375488,,,
20200719,18.32022476196289,16.51683807373047,16.191577911376953,15.224364280700684,14.909793853759766,15.525245666503906,15.279034614562988,15.197840690612793
20200720,,,,,15.390262603759766,15.337202072143555,14.840402603149414,14.602685928344727
20200721,,17.285863876342773,,,,,,15.458014488220215
20200722,17.442577362060547,16.522428512573242,15.925347328186035,14.862083435058594,14.694798469543457,15.102482795715332,,
20200723,,16.14998435974121,15.94800853729248,15.480409622192383,15.216633796691895,15.640761375427246,15.62165641784668,15.293071746826172
20200724,16.774932861328125,16.111858367919922,15.753060340881348,15.009503364562988,14.639748573303223,15.332448959350586,15.335000991821289,15.423160552978516
20200725,,,,,,15.375332832336426,15.039650917053223,15.005050659179688
20200726,,,,,,14.266928672790527,,
20200727,17.02740478515625,16.10207176208496,15.206844329833984,15.249116897583008,,,,
20200728,,,16.26446533203125,15.878162384033203,15.476249694824219,16.042423248291016,15.849714279174805,15.672237396240234
20200729,18.178333282470703,16.273469924926758,15.709598541259766,15.26486587524414,15.008844375610352,15.080389976501465,15.529059410095215,15.51437759399414
20200730,,18.02581214904785,16.72880744934082,15.891962051391602,15.061665534973145,15.273026466369629,15.072709083557129,14.832196235656738
20200731,,,,,,16.513580322265625,16.07689666748047,15.620369911193848
20200801,,16.041095733642578,15.357330322265625,15.00562572479248,,,,
20200802,17.300214767456055,15.834192276000977,15.200358390808105,,,,,
20200803,17.376815795898438,15.963211059570312,15.317428588867188,,,14.903332710266113,,
20200804,,,,,,15.186628341674805,15.239882469177246,15.022571563720703
20200805,,,,15.541251182556152,,15.49032211303711,,
20200806,,,,,,,,
20200807,,,15.072877883911133,14.973989486694336,,,,
20200808,16.575586318969727,15.386496543884277,14.909652709960938,14.745973587036133,14.340885162353516,14.944701194763184,14.825654983520508,14.48650074005127
20200809,17.304235458374023,15.841432571411133,15.465211868286133,15.07685375213623,14.620909690856934,15.078156471252441,14.882404327392578,14.130867958068848
20200810,,,,,,,,14.961173057556152
20200811,16.09452247619629,,,,,,15.60242748260498,15.776921272277832
20200812,16.489450454711914,15.224727630615234,14.939340591430664,14.417105674743652,14.093086242675781,,,
20200813,16.363563537597656,15.31340217590332,14.913954734802246,14.569771766662598,14.269999504089355,14.395943641662598,14.56902027130127,14.367705345153809
20200814,16.800148010253906,15.662238121032715,15.257283210754395,14.916962623596191,14.552337646484375,14.869421005249023,14.89013957977295,14.718635559082031
20200815,,,15.93989086151123,15.450714111328125,14.827287673950195,14.964823722839355,14.994621276855469,14.707822799682617
20200816,,,,,,15.723671913146973,15.801959037780762,15.165865898132324
20200817,16.1153621673584,15.991304397583008,15.788585662841797,15.485062599182129,,,,
20200818,,15.299493789672852,15.376237869262695,15.569453239440918,15.003377914428711,15.160805702209473,15.183539390563965,
20200819,16.215991973876953,15.131168365478516,14.863468170166016,14.784379005432129,14.46360969543457,14.823090553283691,14.898077011108398,14.862458229064941
20200820,16.96877670288086,16.28884506225586,15.348319053649902,14.908051490783691,14.558273315429688,14.74047565460205,14.904918670654297,14.948439598083496
20200821,,,,,15.331324577331543,15.233880996704102,15.189545631408691,14.901928901672363
20200822,,,,,,,,15.284810066223145
20200823,15.862375259399414,,,,,,,
20200824,15.922307968139648,15.474220275878906,15.237727165222168,14.761938095092773,14.49892520904541,,,14.872169494628906
20200825,16.799625396728516,15.914870262145996,15.203737258911133,14.947123527526855,14.433019638061523,14.819417953491211,14.926156044006348,14.927603721618652
20200826,,,15.77174186706543,14.406787872314453,14.407734870910645,15.1768798828125,15.107499122619629,14.973125457763672
20200827,16.35670280456543,,,,,,15.786084175109863,15.583148002624512
20200828,16.981660842895508,16.197956085205078,15.632326126098633,15.173690795898438,14.383722305297852,,,
20200829,16.682554244995117,16.121904373168945,15.900749206542969,16.066068649291992,15.663230895996094,15.71136474609375,15.67913818359375,15.742568016052246
20200830,,15.013143539428711,15.382349967956543,14.866174697875977,14.719051361083984,14.864189147949219,14.913691520690918,14.688008308410645
20200831,16.584312438964844,16.298608779907227,16.000951766967773,15.480502128601074,14.852272987365723,14.566446304321289,,
20200901,,,,,,15.939268112182617,15.632023811340332,15.298209190368652
20200902,16.469430923461914,15.709999084472656,15.645167350769043,15.546517372131348,,,,
20200903,16.34136390686035,15.648667335510254,15.36635971069336,15.129439353942871,14.768333435058594,14.976033210754395,,
20200904,16.625391006469727,15.877766609191895,15.513099670410156,15.314417839050293,15.113199234008789,15.340560913085938,15.194381713867188,14.96772289276123
20200905,17.157276153564453,16.538394927978516,16.084339141845703,15.483555793762207,14.799108505249023,15.081085205078125,15.105125427246094,15.126935005187988
20200906,,,,,,15.991532325744629,15.792280197143555,15.523903846740723
20200907,,,,,,,,
20200908,16.325353622436523,15.858189582824707,15.601994514465332,,,,,
20200909,16.709915161132812,16.101404190063477,15.762762069702148,15.48557186126709,15.079989433288574,15.047369003295898,15.516103744506836,15.558374404907227
20200910,17.373563766479492,16.67546272277832,,15.771005630493164,15.501340866088867,15.581705093383789,15.627063751220703,15.682612419128418
20200911,,,,,15.72438907623291,15.747454643249512,,16.217117309570312
20200912,,,,,,,,15.9698486328125
20200913,16.547203063964844,16.087284088134766,15.426709175109863,14.94977855682373,14.491063117980957,,,
20200914,16.56129264831543,16.154043197631836,15.856337547302246,15.557938575744629,15.198291778564453,15.055800437927246,15.069534301757812,15.052924156188965
20200915,16.747329711914062,,,,15.105724334716797,14.683039665222168,14.921636581420898,15.236079216003418
20200916,,,,,15.373836517333984,,15.474547386169434,15.618484497070312
20200917,,,,,,,,
20200918,16.107255935668945,,,,,,,
20200919,16.229970932006836,15.427928924560547,,14.588974952697754,,14.96554946899414,15.163250923156738,
20200920,16.203311920166016,15.960906982421875,15.523898124694824,15.452047348022461,15.536537170410156,15.769810676574707,15.883956909179688,15.659650802612305
20200921,,16.125886917114258,15.416295051574707,15.367793083190918,15.051483154296875,15.092972755432129,14.331299781799316,13.869389533996582
20200922,,,,,15.846181869506836,15.68654727935791,15.487359046936035,15.347831726074219
20200923,16.1347599029541,15.409004211425781,15.223286628723145,,,,,15.836277961730957
20200924,16.3123836517334,15.940461158752441,15.68604850769043,15.371453285217285,15.175143241882324,,,
20200925,,,,15.299297332763672,15.274904251098633,15.320528030395508,15.216195106506348,15.217886924743652
20200926,16.737133026123047,15.806941032409668,15.574991226196289,15.22219467163086,15.145678520202637,15.091846466064453,15.211910247802734,15.11801815032959
20200927,,,,16.02490234375,15.751742362976074,15.580290794372559,15.496541023254395,15.308895111083984
20200928,,,,,,,,15.930412292480469
20200929,16.193870544433594,15.867294311523438,15.475908279418945,15.093358993530273,14.6986083984375,,,
20200930,,,,,,,,
20201001,16.82994270324707,16.470521926879883,16.173364639282227,15.950511932373047,15.861478805541992,15.861552238464355,15.704358100891113,15.68716812133789
20201002,,,16.80886459350586,16.560991287231445,16.58636474609375,16.488880157470703,16.4803524017334,16.378196716308594
20201003,,,,,,,16.827999114990234,16.917959213256836
20201005,,,15.707554817199707,15.652992248535156,15.658137321472168,15.756134033203125,15.733682632446289,
20201006,16.272361755371094,,15.528712272644043,15.483542442321777,15.445141792297363,15.475547790527344,15.6196870803833,15.51910400390625
20201007,16.753711700439453,16.528045654296875,15.851311683654785,15.558110237121582,15.273172378540039,15.170111656188965,,
20201008,,,,,16.08054542541504,15.884053230285645,15.714189529418945,15.393261909484863
20201009,15.950849533081055,15.29314136505127,14.989797592163086,,,,,
20201010,16.197965621948242,16.13920783996582,16.174522399902344,16.160709381103516,16.221782684326172,16.172351837158203,,
20201011,16.31337547302246,,,,,16.628028869628906,16.772266387939453,16.53314208984375
20201012,17.090139389038086,16.525054931640625,,,,16.095094680786133,,
20201013,,,,,,,,
20201014,17.08778953552246,,,,,,16.8527774810791,17.25874137878418
20201015,,,16.045475006103516,,,,,
20201016,,,15.52567195892334,,,,,
20201017,16.731172561645508,16.283781051635742,15.96237850189209,,,,,
20201018,,,,16.55782699584961,,,,
20201019,,,,,,,16.407615661621094,16.444974899291992
20201020,,16.277297973632812,16.453462600708008,16.237932205200195,,,,
20201021,,,,16.6092529296875,16.943340301513672,16.583423614501953,16.687332153320312,
20201022,,,,,16.218605041503906,,,
20201023,17.12131118774414,,16.36673355102539,16.021955490112305,,,,
20201024,,,,,,,,
20201025,16.333280563354492,16.212003707885742,,,,,,
20201026,16.611671447753906,16.151784896850586,16.050453186035156,16.14270782470703,16.069660186767578,15.977910995483398,,
20201027,16.827537536621094,16.523590087890625,16.336166381835938,16.404359817504883,16.576826095581055,16.26179313659668,15.994322776794434,15.641888618469238
20201028,17.09636878967285,17.057172775268555,16.858993530273438,16.776012420654297,16.812908172607422,16.487220764160156,16.367929458618164,16.37955093383789
20201029,,,,,17.076841354370117,16.626373291015625,16.326271057128906,16.513744354248047
20201030,16.70281410217285,,,,,,,16.367807388305664
20201031,17.097312927246094,16.613779067993164,16.55803108215332,16.596296310424805,,,,
20201101,,,,17.026113510131836,16.9281063079834,16.4337215423584,16.725717544555664,16.32164192199707
20201102,,,17.25260353088379,17.32583236694336,17.236215591430664,17.288522720336914,17.47175407409668,17.23677635192871
20201103,,,17.27809715270996,17.039445877075195,,,,
20201104,,,,,,17.450153350830078,17.196796417236328,
20201105,,16.744728088378906,,,,,,
20201106,16.803937911987305,16.661283493041992,16.583873748779297,16.416091918945312,16.751667022705078,16.711502075195312,16.2175235748291,
20201107,,,,,,16.641220092773438,16.320606231689453,16.288734436035156
20201108,,,16.996562957763672,16.831689834594727,17.189311981201172,,,16.04204750061035
20201109,,,,,,17.801067352294922,17.47552490234375,
20201110,,16.65401268005371,16.655725479125977,,,,,
20201111,16.569499969482422,,16.723499298095703,16.918012619018555,17.06553077697754,16.642654418945312,,
20201112,16.66790199279785,,,16.409902572631836,,,,
20201113,17.28143882751465,16.997289657592773,16.945091247558594,17.001123428344727,17.20709228515625,16.976886749267578,16.860673904418945,16.693389892578125
20201114,,,,,18.271944046020508,17.78757095336914,17.546276092529297,17.169851303100586
20201115,,,,,,,,18.03099822998047
20201116,16.799470901489258,16.80481719970703,16.736970901489258,16.91933822631836,17.209381103515625,,,
20201117,16.90447235107422,17.20853042602539,17.438508987426758,17.687952041625977,17.90930938720703,17.531131744384766,17.44133949279785,17.115087509155273
20201118,16.68773651123047,,16.780126571655273,,,,,
20201119,17.71046257019043,17.454345703125,,,18.05904197692871,17.691059112548828,,
20201120,,,,,,,18.043716430664062,17.889915466308594
20201121,17.53999900817871,17.67510986328125,17.656814575195312,,,,,
20201122,17.49201202392578,17.46922492980957,17.410036087036133,17.930253982543945,,,,
20201123,17.683332443237305,,,,17.432395935058594,,,
20201124,,18.870346069335938,18.14340591430664,18.315126419067383,18.63735580444336,17.80499839782715,17.792800903320312,17.373491287231445
20201125,,,,,19.305206298828125,18.729021072387695,18.523883819580078,18.34100914001465
20201126,17.901390075683594,,,,,,,
20201127,18.005695343017578,18.61309051513672,18.834482192993164,18.995563507080078,,,,
20201128,17.491233825683594,17.661043167114258,,,,,,21.339353561401367
20201129,18.213909149169922,17.890186309814453,17.66632843017578,18.008394241333008,18.010740280151367,17.942964553833008,18.351951599121094,18.697086334228516
20201130,,,,,19.126686096191406,18.638410568237305,18.555301666259766,18.588340759277344
20201201,18.0317325592041,,,,,17.964317321777344,,
20201202,17.833385467529297,17.58021354675293,17.47124481201172,17.854225158691406,18.43921661376953,,,
20201203,18.14518928527832,18.049318313598633,18.072345733642578,18.449678421020508,18.602754592895508,18.073129653930664,17.859155654907227,17.616302490234375
20201204,,18.45098114013672,18.392000198364258,18.769367218017578,19.031770706176758,18.678909301757812,18.74449920654297,18.872453689575195
20201205,,18.77808952331543,18.406124114990234,18.36144256591797,18.709354400634766,,,
20201206,,,,,,18.667343139648438,18.78072166442871,18.4536075592041
20201207,,,,,,,,
20201208,18.05329704284668,17.963640213012695,,,,,,
20201209,18.297927856445312,18.071563720703125,17.939306259155273,18.22049331665039,17.835641860961914,,,18.307832717895508
20201210,,,,,,,,
20201211,,,,,,,,
20201212,17.86008071899414,,,,,,,
20201213,18.398605346679688,18.757307052612305,18.45404624938965,18.347806930541992,17.807811737060547,18.134618759155273,,
20201214,18.04945182800293,17.982805252075195,18.24950408935547,19.160118103027344,20.34567642211914,19.952739715576172,,
20201215,18.789587020874023,18.857500076293945,18.587018966674805,18.826126098632812,18.49579429626465,,,
20201216,,,,,,,,17.375499725341797
20201217,,,,,,,,
20201218,18.338254928588867,18.288036346435547,18.339462280273438,18.77268409729004,,,,
20201219,18.239442825317383,18.157974243164062,18.500524520874023,18.675674438476562,,,,
20201220,18.593137741088867,18.41102409362793,18.354272842407227,18.732885360717773,18.29535675048828,18.251903533935547,,18.17485809326172
20201221,,19.365123748779297,19.15330696105957,19.069355010986328,19.032094955444336,18.376646041870117,18.180028915405273,17.966129302978516
20201222,,,,,,19.287736892700195,18.965375900268555,18.465404510498047
20201223,18.507219314575195,18.486955642700195,,,,,,
20201224,18.388362884521484,18.409563064575195,,18.861194610595703,,,,
20201225,18.854496002197266,18.685747146606445,18.854806900024414,19.054105758666992,18.672204971313477,18.730955123901367,18.68023109436035,18.7114315032959
20201226,,20.278942108154297,20.048547744750977,19.901994705200195,19.778213500976562,19.275718688964844,19.1492862701416,19.161209106445312
20201227,,,,,,,,
20201228,18.214759826660156,18.513519287109375,,,,,,
20201229,17.8128662109375,,,,,,,
20201230,18.446945190429688,,19.339290618896484,19.676557540893555,,18.665586471557617,18.094165802001953,17.539602279663086
20201231,,,,,,,18.52031707763672,18.378664016723633
20210101,,,,,,,18.618831634521484,18.5410099029541
20210102,,,,,,,,18.641908645629883
20210103,,,,,,,,
20210104,17.99866485595703,,,,,,,
20210105,18.539485931396484,,18.751556396484375,18.6261043548584,,,,
20210106,,,,,,,,17.282100677490234
20210107,,,,,,,,17.642656326293945
20210108,17.9677677154541,17.95800018310547,18.240177154541016,18.66634178161621,,,,
20210109,18.534284591674805,18.832897186279297,,19.413732528686523,18.954679489135742,18.350194931030273,18.179319381713867,
20210110,,18.414813995361328,18.793270111083984,19.745893478393555,19.867429733276367,19.524660110473633,19.21580696105957,18.807727813720703
20210111,,19.051666259765625,,,,19.97810935974121,19.974111557006836,19.69751739501953
20210112,,,,,19.959842681884766,19.635908126831055,,
20210113,17.77760887145996,17.795610427856445,18.629531860351562,,,,,
20210114,18.162425994873047,,19.253284454345703,,,18.871097564697266,,
20210115,,,,,,,,
20210116,,,,,,,,
20210117,,,,,,,18.027551651000977,
20210118,17.837604522705078,,,,,,19.2110538482666,18.663158416748047
20210119,18.225276947021484,18.87474822998047,19.52593421936035,,,,,
20210120,18.821435928344727,19.488950729370117,20.049610137939453,19.95050811767578,19.58272361755371,19.040157318115234,18.540950775146484,18.076541900634766
20210121,18.844688415527344,19.552471160888672,,,,19.634361267089844,19.46794319152832,18.969375610351562
20210122,,,20.131010055541992,20.701597213745117,20.526968002319336,19.847965240478516,19.302236557006836,19.04307746887207
20210123,,,18.9985294342041,,,19.213165283203125,19.762088775634766,19.247468948364258
20210124,18.838403701782227,20.250194549560547,,22.038854598999023,,,,
20210125,18.827260971069336,18.61863136291504,,,21.23234748840332,20.434072494506836,,
20210126,18.806100845336914,19.430686950683594,19.747802734375,19.897140502929688,20.260295867919922,19.42322540283203,18.889461517333984,18.438583374023438
20210127,,,,,20.26711082458496,19.68454360961914,19.14533805847168,18.74952507019043
20210128,,,,20.6593017578125,,,18.64954376220703,18.622371673583984
20210129,18.437719345092773,18.912446975708008,19.640697479248047,,,,,19.330909729003906
20210130,18.900680541992188,18.963642120361328,,19.691389083862305,,,,
20210131,19.024412155151367,19.55769920349121,19.712610244750977,,,,,
20210201,19.696935653686523,20.20722770690918,19.934772491455078,19.691598892211914,,,,
20210202,,,20.49538230895996,20.50168800354004,,,,18.21117401123047
20210203,,,,,,,,18.175573348999023
20210204,19.060169219970703,20.02698516845703,,,,,,
20210205,18.6792049407959,19.375947952270508,19.768291473388672,19.637155532836914,19.910860061645508,19.241239547729492,18.639720916748047,18.34259033203125
20210206,,,,,,,,
20210207,,,20.649593353271484,,,19.31310272216797,18.606332778930664,
20210208,,,,,,19.792713165283203,19.322803497314453,18.673248291015625
20210209,18.516447067260742,19.57855987548828,20.507747650146484,,,,,
20210210,18.813705444335938,19.589635848999023,19.897663116455078,,,20.519542694091797,20.445064544677734,
20210211,18.779258728027344,19.47469711303711,19.458942413330078,19.547176361083984,,,19.767250061035156,
20210212,19.471708297729492,,19.897275924682617,19.92817497253418,20.097965240478516,19.354299545288086,18.920251846313477,18.283226013183594
20210213,,,,20.301036834716797,20.470659255981445,19.754558563232422,18.93488121032715,18.584936141967773
20210214,18.736976623535156,19.19181251525879,,,,,,19.23748016357422
20210215,19.31468391418457,19.69373893737793,20.17582893371582,20.298311233520508,,19.469633102416992,,
20210216,19.265138626098633,19.549528121948242,19.944034576416016,19.813692092895508,20.648651123046875,20.264650344848633,19.926654815673828,19.409841537475586
20210217,,21.050662994384766,20.85952377319336,20.799270629882812,21.021928787231445,20.705839157104492,20.16683578491211,
20210218,,,,,21.92227554321289,21.312074661254883,20.481409072875977,20.174095153808594
20210219,18.596576690673828,,,,,,,
20210220,19.1761531829834,19.165828704833984,19.77158546447754,19.698495864868164,,,,
20210221,19.243043899536133,19.818628311157227,20.216386795043945,20.193485260009766,20.433603286743164,20.37873077392578,19.31754493713379,
20210222,,20.050607681274414,20.3669376373291,20.206079483032227,20.322500228881836,20.12030601501465,,19.08367347717285
20210223,,20.635305404663086,20.717275619506836,20.407533645629883,20.4372501373291,20.03388023376465,19.341428756713867,18.92794418334961
20210224,,,,,,,19.00166893005371,19.035207748413086
20210225,18.8127498626709,,19.4035701751709,19.55516242980957,,,,
20210226,18.98308563232422,,20.273256301879883,20.836223602294922,,,,
20210227,18.772762298583984,19.788387298583984,,,19.988319396972656,19.928224563598633,19.17630386352539,18.909515380859375
20210228,19.830589294433594,20.056547164916992,20.16510009765625,19.934844970703125,20.217967987060547,19.087406158447266,19.041339874267578,18.777755737304688
20210301,,,,,,19.975736618041992,19.57762336730957,19.07108497619629
20210302,,,,,,,,
20210303,,,,,,18.86970329284668,,
20210304,,,,,,18.819536209106445,18.703229904174805,18.229223251342773
20210305,19.906003952026367,,,19.972877502441406,,18.9395751953125,18.84556007385254,18.92441749572754
20210306,,21.098161697387695,20.779178619384766,20.369197845458984,20.574804306030273,,,
20210307,,,,,,,19.555587768554688,19.34062385559082
20210308,19.94546127319336,20.281579971313477,19.62659454345703,19.415813446044922,,,,
20210309,19.210716247558594,19.632978439331055,,,,,19.07011604309082,
20210310,19.68974494934082,19.595502853393555,19.819875717163086,19.866825103759766,20.038022994995117,19.444246292114258,19.024444580078125,
20210311,19.753164291381836,,,20.943288803100586,20.629789352416992,20.156404495239258,,17.91715431213379
20210312,,,,,20.765106201171875,,19.51080322265625,19.00160789489746
20210313,19.534931182861328,19.564891815185547,19.494760513305664,,,,,
20210314,19.25575828552246,19.716766357421875,20.10349464416504,20.102354049682617,20.490434646606445,19.518056869506836,18.994773864746094,
20210315,19.36619758605957,19.362918853759766,19.910545349121094,19.73504066467285,19.90043830871582,19.346790313720703,18.589937210083008,18.177635192871094
20210316,19.966327667236328,19.907045364379883,19.992525100708008,19.936338424682617,19.79534912109375,19.154285430908203,18.140520095825195,17.033781051635742
20210317,,,,21.056222915649414,20.809144973754883,19.815061569213867,19.0308780670166,18.369983673095703
20210318,20.002105712890625,20.048885345458984,20.039039611816406,,,,19.231908798217773,18.89015007019043
20210319,,,,,,,,
20210320,19.670862197875977,19.273868560791016,,20.002199172973633,20.362472534179688,19.77606201171875,19.240406036376953,18.939117431640625
20210321,20.2916202545166,,,,19.934825897216797,19.609376907348633,19.280054092407227,19.073463439941406
20210322,,,,20.963088989257812,20.785751342773438,20.058895111083984,19.307409286499023,18.823156356811523
20210323,,,,,,,,19.74125099182129
20210324,,20.502384185791016,,,,,,
20210325,19.154296875,19.232418060302734,19.704984664916992,19.983200073242188,,19.539873123168945,19.111473083496094,18.65354347229004
20210326,19.78095817565918,19.731037139892578,19.998058319091797,20.074413299560547,20.192733764648438,19.475460052490234,,
20210327,,20.483966827392578,20.693937301635742,20.49643898010254,20.376855850219727,19.663097381591797,19.20942497253418,18.84241485595703
20210328,,,,,,20.537803649902344,19.98446273803711,19.250843048095703
20210329,19.868675231933594,20.108184814453125,20.404647827148438,20.461910247802734,,,,
20210330,,20.777061462402344,20.66620635986328,20.345746994018555,20.360031127929688,19.918609619140625,19.58705711364746,
20210331,20.731945037841797,20.662227630615234,20.703432083129883,20.678905487060547,20.81745147705078,20.288883209228516,19.777711868286133,19.39719009399414
20210401,20.572277069091797,20.949726104736328,21.03447151184082,20.83878517150879,20.676904678344727,20.032861709594727,19.561790466308594,19.348243713378906
20210402,,,,21.71383285522461,21.436668395996094,20.624473571777344,19.832897186279297,19.408042907714844
20210403,,,,,,,,20.090227127075195
20210404,,,,,20.499095916748047,20.25794219970703,,
20210405,20.150503158569336,19.896482467651367,,,,19.98842430114746,19.59010887145996,19.300575256347656
20210406,20.669218063354492,21.041311264038086,21.03175163269043,20.918485641479492,20.95269203186035,20.324312210083008,19.87603759765625,19.693403244018555
20210407,,,,,21.37137794494629,20.656967163085938,19.957534790039062,19.62644386291504
20210408,,,,,,,,20.074007034301758
20210409,,,,,,,,
20210410,,,,20.75304412841797,,,,
20210411,,,,,,,,
20210412,,,,,,,,
20210413,,,,,21.092052459716797,,,
20210414,19.92582130432129,19.419828414916992,19.636812210083008,,,,,
20210415,19.973623275756836,19.37044334411621,20.099523544311523,19.99774742126465,20.07136344909668,19.188217163085938,18.768260955810547,
20210416,19.624155044555664,19.122793197631836,19.608110427856445,19.667428970336914,19.79343032836914,19.35236167907715,18.83717918395996,18.476619720458984
20210417,20.26698875427246,19.21405029296875,19.446672439575195,19.1854190826416,19.77129554748535,19.448259353637695,18.878677368164062,18.532962799072266
20210418,,,,,19.888486862182617,19.616666793823242,19.147069931030273,18.714561462402344
20210419,19.7893123626709,19.047807693481445,19.510780334472656,,,,,19.132732391357422
20210420,19.456602096557617,19.066082000732422,19.510164260864258,19.672529220581055,20.201478958129883,19.874479293823242,,
20210421,19.353151321411133,18.175884246826172,19.19791603088379,19.580774307250977,19.66948890686035,19.211761474609375,18.563430786132812,17.78844451904297
20210422,20.299835205078125,19.63765525817871,19.700681686401367,19.54410743713379,19.769344329833984,19.281251907348633,18.851558685302734,18.325563430786133
20210423,,,,,,,,18.188873291015625
20210424,19.690961837768555,,,,,19.82935333251953,19.597536087036133,18.49784278869629
20210425,20.235279083251953,19.252744674682617,19.69752311706543,20.07024383544922,,,,
20210426,19.99188804626465,19.474390029907227,19.83999252319336,19.843210220336914,19.935073852539062,19.608558654785156,18.931869506835938,18.55381965637207
20210427,,19.27049446105957,19.96519660949707,19.940933227539062,19.936176300048828,19.678302764892578,19.18218994140625,18.790668487548828
20210428,,,20.531217575073242,20.476354598999023,20.196863174438477,19.36733055114746,18.36874008178711,18.810903549194336
20210429,,,,,,20.210046768188477,19.603076934814453,18.892711639404297
20210430,,,19.487205505371094,,,18.897184371948242,,
20210501,19.78306770324707,19.43443489074707,19.612977981567383,19.77606773376465,,19.131319046020508,18.964502334594727,
20210502,19.831764221191406,18.938365936279297,19.105077743530273,19.30350112915039,19.497974395751953,19.252927780151367,18.827228546142578,18.39825439453125
20210503,20.380203247070312,19.567171096801758,19.53066062927246,19.35394287109375,19.339454650878906,,,
20210504,,,,,,,,18.14603042602539
20210505,,,,,,,,18.695960998535156
20210506,19.524009704589844,19.08866310119629,19.61715316772461,19.6018009185791,19.39679527282715,,,
20210507,19.16514778137207,18.935646057128906,19.31087875366211,,,18.923791885375977,18.723857879638672,18.321441650390625
20210508,19.795385360717773,18.9503116607666,19.152095794677734,19.210546493530273,19.14967155456543,18.72970199584961,18.18499755859375,17.806724548339844
20210509,,,19.928009033203125,19.64942169189453,19.278703689575195,19.008541107177734,18.424339294433594,17.68191909790039
20210510,19.3137149810791,,,,18.972780227661133,,19.196632385253906,18.056900024414062
20210511,19.2761287689209,18.512798309326172,18.724882125854492,18.874237060546875,19.284053802490234,,,
20210512,20.207759857177734,,19.131608963012695,19.309120178222656,19.262264251708984,18.964433670043945,18.33817481994629,17.949172973632812
20210513,,18.563167572021484,18.79537010192871,18.748334884643555,,18.80970001220703,18.589427947998047,18.149795532226562
20210514,,19.46875762939453,19.157546997070312,18.960670471191406,18.664310455322266,18.841093063354492,,
20210515,,,,,,,,
20210516,19.884414672851562,19.088382720947266,19.019039154052734,,,,,
20210517,19.31642723083496,18.77113914489746,18.77928924560547,18.872833251953125,18.48890495300293,18.399063110351562,18.179012298583984,
20210518,18.977628707885742,18.294906616210938,18.520586013793945,,18.602903366088867,19.0155029296875,18.574474334716797,17.596092224121094
20210519,19.883867263793945,,,,17.509906768798828,17.29803466796875,17.620773315429688,16.661548614501953
20210520,,,,,,18.043193817138672,,
20210521,19.02022361755371,18.200233459472656,18.226545333862305,,,,,
20210522,,,,18.933982849121094,18.912792205810547,19.120038986206055,,
20210523,,,,,,18.74973487854004,18.150379180908203,
20210524,,,,,,,,
20210525,,,19.192230224609375,18.928388595581055,18.51006317138672,18.44162368774414,17.859560012817383,17.995302200317383
20210526,18.815034866333008,,,,,,18.44794273376465,17.850879669189453
20210527,,17.37821388244629,18.010520935058594,18.047903060913086,17.697553634643555,18.093631744384766,,
20210528,19.088611602783203,18.47334098815918,18.358848571777344,18.207069396972656,17.564998626708984,,17.94170379638672,
20210529,,17.130992889404297,17.86305046081543,17.93157958984375,17.93364906311035,18.203832626342773,17.81632423400879,17.392532348632812
20210530,,,,,16.281110763549805,17.520782470703125,17.161922454833984,16.843616485595703
20210531,,,,,,,,
20210601,,18.206567764282227,17.554031372070312,,,,,
20210602,18.51708984375,17.71653938293457,17.706209182739258,17.616418838500977,17.500076293945312,17.732866287231445,17.32140350341797,
20210603,18.772014617919922,17.84895896911621,17.652910232543945,17.342435836791992,17.317007064819336,17.530000686645508,17.075807571411133,16.93346405029297
20210604,19.57331085205078,18.611509323120117,18.03351593017578,17.672468185424805,17.44145393371582,17.478471755981445,17.2843074798584,17.010040283203125
20210605,,18.672138214111328,,,18.352930068969727,18.151697158813477,17.435888290405273,16.86185073852539
20210606,19.14812660217285,18.251611709594727,18.19491195678711,,,18.402559280395508,17.61206817626953,17.090600967407227
20210607,18.948593139648438,17.68524169921875,17.642871856689453,17.87055778503418,17.816810607910156,18.014999389648438,,
20210608,,17.820098876953125,17.557397842407227,17.365646362304688,17.16827392578125,17.48820686340332,17.21023178100586,16.819835662841797
20210609,17.75841522216797,,17.678844451904297,17.309688568115234,,17.291536331176758,17.23648452758789,16.876619338989258
20210610,,,,,,,,16.297460556030273
20210611,18.251667022705078,,,,,,16.783584594726562,16.94278907775879
20210612,,,17.374433517456055,,16.618783950805664,,,
20210613,18.213682174682617,17.987592697143555,17.002161026000977,16.930160522460938,16.472497940063477,,17.07724380493164,17.259326934814453
20210614,18.713077545166016,17.859081268310547,17.320207595825195,17.023441314697266,16.73200798034668,16.702566146850586,16.774450302124023,16.766407012939453
20210615,,17.63261604309082,17.521154403686523,17.41183090209961,,17.075815200805664,16.93156623840332,16.537731170654297
20210616,,,,,,17.645309448242188,17.31336784362793,
20210617,18.210346221923828,16.86128807067871,17.09178924560547,,,,,16.993486404418945
20210618,,17.871456146240234,17.27344512939453,16.525524139404297,16.662731170654297,,,
20210619,18.339637756347656,17.29976463317871,16.58055305480957,16.434757232666016,15.952949523925781,16.5826416015625,16.51164436340332,16.50208854675293
20210620,,18.25266456604004,17.409862518310547,16.957029342651367,16.36355972290039,16.347335815429688,16.3582763671875,16.1783447265625
20210621,,,,16.407367706298828,16.69561767578125,16.361970901489258,16.805295944213867,16.411046981811523
20210622,18.224411010742188,16.806974411010742,,,,,,
20210623,,,15.792546272277832,,16.182743072509766,16.68808364868164,,
20210624,17.155691146850586,16.653125762939453,16.386558532714844,16.146106719970703,15.884584426879883,16.141042709350586,16.2016658782959,16.26174545288086
20210625,17.91742706298828,17.733476638793945,16.422338485717773,15.74153995513916,15.791372299194336,15.887176513671875,16.05219268798828,15.925456047058105
20210626,,,,16.564491271972656,15.752142906188965,15.994511604309082,15.82253646850586,15.663348197937012
20210627,17.745145797729492,,17.576570510864258,,,,16.654884338378906,16.347795486450195
20210628,17.324583053588867,17.292444229125977,16.773902893066406,16.59340476989746,15.787452697753906,,,16.37896728515625
20210629,17.29903793334961,16.845714569091797,16.364608764648438,16.194700241088867,15.454843521118164,16.016910552978516,16.243030548095703,16.19717025756836
20210630,17.370624542236328,16.469701766967773,15.98523998260498,15.727546691894531,15.467159271240234,15.97852897644043,,
20210701,,17.645998001098633,16.933582305908203,16.51336669921875,15.814287185668945,15.823525428771973,15.724299430847168,15.562745094299316
20210702,,,,,,,,
20210703,17.03507423400879,16.175729751586914,15.394997596740723,,,,,
20210704,,,14.869461059570312,,14.40746784210205,14.947295188903809,,
20210705,17.12380599975586,,,,,,,
20210706,17.379526138305664,16.940765380859375,16.49361801147461,15.597085952758789,15.186911582946777,15.846837043762207,15.79598617553711,15.760740280151367
20210707,,16.141876220703125,,15.98177433013916,15.43565845489502,15.886752128601074,15.796467781066895,15.640118598937988
20210708,,16.311784744262695,,,,,,15.727822303771973
20210709,16.80931854248047,16.532455444335938,16.224843978881836,15.898633003234863,15.279844284057617,15.15584659576416,,
20210710,,16.27229118347168,16.25435447692871,15.916732788085938,,,15.402563095092773,15.206809997558594
20210711,17.099609375,15.97598648071289,15.715188026428223,15.549694061279297,15.334403991699219,15.614601135253906,15.427082061767578,15.709882736206055
20210712,,,,15.906306266784668,15.152111053466797,15.472301483154297,15.531970024108887,14.982316017150879
20210713,16.26671600341797,,,,,,,16.33749771118164
20210714,16.436124801635742,15.746478080749512,15.785265922546387,15.409649848937988,14.848519325256348,,,
20210715,15.95444393157959,15.922286987304688,15.984601974487305,,,15.639138221740723,15.643471717834473,15.832975387573242
20210716,16.407100677490234,15.71339225769043,15.14973258972168,14.758532524108887,14.73499870300293,14.80812931060791,15.06057357788086,15.29987907409668
20210717,,,,,14.106071472167969,15.033897399902344,14.995796203613281,15.077580451965332
20210718,,,,,,,15.411544799804688,15.067719459533691
20210719,16.4805850982666,15.716041564941406,15.386536598205566,15.245980262756348,,,,
20210720,,,,,15.197360038757324,15.822266578674316,,
20210721,,,,,,,,
20210722,,,15.784387588500977,,13.894001007080078,15.133956909179688,,15.008828163146973
20210723,,,,,15.190410614013672,15.466691017150879,15.123441696166992,15.123039245605469
20210724,16.30216407775879,15.227144241333008,,,,,,15.70968246459961
20210725,16.07005500793457,15.744186401367188,15.698002815246582,15.15739631652832,14.542929649353027,14.70975399017334,,
20210726,16.34300422668457,15.715921401977539,15.275496482849121,15.104358673095703,14.77161693572998,15.274247169494629,15.144213676452637,15.153083801269531
20210727,16.684900283813477,16.187088012695312,,15.044583320617676,,15.463094711303711,15.359350204467773,15.49401569366455
20210728,,,16.383716583251953,15.481546401977539,14.906089782714844,15.213995933532715,15.001172065734863,15.006890296936035
20210729,16.270631790161133,,,,,,15.702034950256348,15.45764446258545
20210730,,15.000541687011719,15.53134822845459,15.011249542236328,14.119240760803223,,,
20210731,16.456851959228516,15.644624710083008,,,,,15.11244010925293,
20210801,16.385597229003906,15.558307647705078,15.340763092041016,15.002184867858887,14.591214179992676,15.00936222076416,14.943936347961426,15.045629501342773
20210802,,15.880000114440918,15.17162036895752,14.85099983215332,14.002472877502441,14.229415893554688,,14.926264762878418
20210803,,,,,15.00919246673584,15.273170471191406,15.13919448852539,14.925992012023926
20210804,15.93985652923584,15.012399673461914,14.953362464904785,,,,,
20210805,15.927645683288574,15.205127716064453,14.933265686035156,14.698086738586426,14.299110412597656,14.377323150634766,14.55089282989502,
20210806,16.242462158203125,15.233556747436523,14.951396942138672,14.698908805847168,14.089544296264648,15.12600040435791,14.823454856872559,14.682499885559082
20210807,16.76487922668457,16.056800842285156,15.64191722869873,15.19422721862793,14.654757499694824,14.788719177246094,14.71102237701416,14.664703369140625
20210808,,,,,15.672451972961426,15.48172378540039,15.254962921142578,15.101137161254883
20210809,16.047683715820312,15.175811767578125,,,,,,15.935468673706055
20210810,16.343305587768555,15.599639892578125,15.113847732543945,15.081010818481445,14.768856048583984,,,
20210811,15.915603637695312,15.003706932067871,14.746378898620605,14.756174087524414,14.389073371887207,14.826573371887207,,
20210812,,15.03322696685791,15.017560958862305,14.613794326782227,14.352574348449707,14.66271686553955,14.764838218688965,14.887081146240234
20210813,,,,15.465670585632324,14.918704986572266,14.927556037902832,14.734481811523438,14.72006893157959
20210814,16.195415496826172,,,,,,15.620774269104004,15.4983549118042
20210815,16.179346084594727,15.191971778869629,15.339200019836426,15.144121170043945,14.6680326461792,,,
20210816,15.93138599395752,15.147764205932617,14.882059097290039,14.891083717346191,14.596267700195312,14.67051887512207,14.408917427062988,14.310700416564941
20210817,16.38225746154785,15.537997245788574,15.148980140686035,14.46543025970459,14.335963249206543,14.319662094116211,,
20210818,,,15.935986518859863,15.39700698852539,14.976981163024902,15.112004280090332,15.080430030822754,15.167160987854004
20210819,,,,,,,15.659540176391602,15.52128791809082
20210820,,,15.360255241394043,14.899154663085938,,,,
20210821,15.980583190917969,15.529202461242676,15.429134368896484,15.080700874328613,14.569878578186035,14.70862865447998,14.683069229125977,
20210822,15.813989639282227,15.439395904541016,15.406453132629395,15.30203914642334,15.261815071105957,15.52410888671875,15.436588287353516,15.41209602355957
20210823,,,15.254554748535156,14.941178321838379,14.583025932312012,14.688501358032227,14.732104301452637,14.937665939331055
20210824,,,,,15.11037826538086,15.220697402954102,14.894474029541016,14.993062019348145
20210825,15.998473167419434,15.096114158630371,,,,,,15.388333320617676
20210826,,15.47275447845459,15.145637512207031,,14.352824211120605,14.53868293762207,,
20210827,15.538125038146973,14.979555130004883,,14.576197624206543,14.693109512329102,15.227842330932617,15.040481567382812,15.479454040527344
20210828,16.128000259399414,14.906286239624023,14.742125511169434,14.45781135559082,14.201926231384277,14.539043426513672,14.672184944152832,14.866802215576172
20210829,,14.578691482543945,14.484623908996582,14.008540153503418,14.394564628601074,14.311280250549316,14.533364295959473,14.697283744812012
20210830,15.66311264038086,,,,,,15.424979209899902,15.292978286743164
20210831,,14.602823257446289,15.187246322631836,14.507308959960938,14.348548889160156,,,
20210901,16.120494842529297,15.61461067199707,15.29822063446045,15.081180572509766,14.830744743347168,14.9881591796875,14.803606033325195,14.511241912841797
20210902,16.295391082763672,,,,,,15.80029010772705,16.035503387451172
20210903,,15.700531005859375,15.26335620880127,14.98840045928955,14.566740036010742,14.775243759155273,14.604776382446289,14.835733413696289
20210904,,,,,14.850909233093262,15.182906150817871,15.037066459655762,14.940496444702148
20210905,15.861115455627441,15.392770767211914,14.743719100952148,14.248947143554688,,,,
20210906,16.013145446777344,15.40527057647705,15.159320831298828,15.056190490722656,14.655769348144531,14.49413013458252,14.488107681274414,
20210907,16.172046661376953,15.502115249633789,15.197881698608398,14.964593887329102,14.77096176147461,14.979166984558105,14.833259582519531,14.677767753601074
20210908,16.38458251953125,16.175275802612305,15.696227073669434,15.282501220703125,14.99609375,15.099538803100586,15.019277572631836,15.223349571228027
20210909,,,,,15.851619720458984,15.758261680603027,15.41653823852539,15.395936965942383
20210910,,,,,,,,16.071462631225586
20210911,15.83859634399414,15.55472469329834,15.21010684967041,,,,,
20210912,,,15.036019325256348,14.914619445800781,14.79613971710205,15.02420711517334,14.877824783325195,15.152498245239258
20210913,16.373586654663086,15.356101989746094,15.217597961425781,14.855674743652344,,,14.764055252075195,15.00715446472168
20210914,,,15.519149780273438,15.416753768920898,14.98193073272705,14.801597595214844,14.6835298538208,14.770259857177734
20210915,15.799272537231445,,,,,,15.578356742858887,15.393424987792969
20210916,16.160646438598633,15.873038291931152,15.809895515441895,15.614215850830078,,,,
20210917,15.85181713104248,15.064403533935547,15.110660552978516,15.138337135314941,14.970993041992188,14.975807189941406,14.564933776855469,14.499695777893066
20210918,15.972440719604492,15.247537612915039,15.102259635925293,14.803915023803711,14.731633186340332,14.875179290771484,14.838584899902344,14.914566040039062
20210919,,15.931666374206543,15.916220664978027,15.590855598449707,15.286420822143555,15.21277904510498,15.110054969787598,15.167567253112793
20210920,,,,,,,,
20210921,15.918352127075195,,,,,,,
20210922,16.197246551513672,15.611523628234863,15.412701606750488,15.182992935180664,14.967750549316406,14.788522720336914,14.70267391204834,
20210923,16.358488082885742,15.697185516357422,15.497334480285645,15.384944915771484,15.358789443969727,15.393584251403809,15.30570125579834,15.304056167602539
20210924,,,15.258383750915527,15.049297332763672,,15.315763473510742,15.519713401794434,15.54029369354248
20210925,,,,,,15.36019229888916,15.191834449768066,15.139999389648438
20210926,,,,,,,14.601665496826172,15.405056953430176
20210927,15.706425666809082,15.50332260131836,15.427593231201172,15.460973739624023,15.566831588745117,,,
20210928,,,14.656091690063477,14.954964637756348,15.102005958557129,15.35378360748291,15.40192985534668,15.386478424072266
20210929,,15.106966018676758,15.056792259216309,,,14.835869789123535,15.186978340148926,15.189651489257812
20210930,,,16.145479202270508,15.852375030517578,15.631553649902344,,,
20211001,16.041526794433594,,,,,,15.982648849487305,15.755536079406738
20211002,,,,16.221134185791016,16.106861114501953,,,
20211004,16.28357696533203,15.622598648071289,15.386807441711426,15.227155685424805,15.263415336608887,15.238200187683105,15.254545211791992,15.314862251281738
20211005,,,16.152978897094727,15.893281936645508,15.661070823669434,15.482932090759277,15.39681625366211,15.26253890991211
20211006,,,,,,,16.119876861572266,16.065872192382812
20211007,15.638986587524414,15.525390625,15.540217399597168,15.399765968322754,,,,15.744084358215332
20211008,,16.025617599487305,15.804161071777344,15.748025894165039,15.789054870605469,15.6184663772583,15.525890350341797,
20211009,16.270044326782227,15.720436096191406,15.429553985595703,15.424752235412598,15.292264938354492,15.564303398132324,15.67837905883789,15.785782814025879
20211010,,,15.6954984664917,,15.36964225769043,15.321615219116211,15.31779670715332,15.548270225524902
20211011,,15.670976638793945,,,16.202098846435547,15.800958633422852,15.551299095153809,15.455330848693848
20211012,16.264543533325195,15.728889465332031,,,,,,
20211013,15.94421672821045,,15.61595344543457,15.45172119140625,,,,
20211014,,,,15.351767539978027,15.261547088623047,15.233976364135742,15.210921287536621,15.205124855041504
20211015,16.479755401611328,,,,,,15.287393569946289,
20211016,,,15.652610778808594,16.079252243041992,15.781228065490723,15.620417594909668,15.472540855407715,15.436044692993164
20211017,16.263103485107422,,,,,14.914759635925293,15.823356628417969,16.092525482177734
20211018,16.16773796081543,16.04529571533203,15.961202621459961,15.622194290161133,15.363189697265625,,,
20211019,15.704092025756836,16.16086196899414,16.311180114746094,16.251585006713867,15.771249771118164,,16.237781524658203,16.271133422851562
20211020,16.605735778808594,,,,,,17.487943649291992,
20211021,,16.46419334411621,16.414648056030273,16.195295333862305,15.929937362670898,15.741364479064941,15.650591850280762,15.639421463012695
20211022,,,,,,,16.804899215698242,16.40273094177246
20211023,16.420984268188477,16.05178451538086,15.677302360534668,15.645663261413574,,,,
20211024,16.47626304626465,16.132137298583984,15.893498420715332,15.940645217895508,16.15933609008789,16.000179290771484,16.03727149963379,
20211025,16.633493423461914,16.2255916595459,16.100887298583984,16.20297622680664,16.32122039794922,16.224462509155273,16.121841430664062,16.039888381958008
20211026,,16.33240509033203,,16.30059242248535,16.798187255859375,16.65304183959961,16.463050842285156,15.655943870544434
20211027,,,,16.74578094482422,,,,
20211028,16.390424728393555,16.11940574645996,,,,,,
20211029,16.42816162109375,16.13361930847168,15.956178665161133,15.924245834350586,15.855374336242676,15.678597450256348,,
20211030,16.247249603271484,15.974979400634766,15.97607135772705,16.090402603149414,16.26852798461914,16.070388793945312,16.0073299407959,16.0024356842041
20211031,17.183582305908203,16.586898803710938,16.363956451416016,16.310636520385742,16.38782501220703,16.209001541137695,16.141660690307617,16.1804256439209
20211101,,16.317838668823242,16.694284439086914,17.326213836669922,17.26671028137207,16.743663787841797,16.32492446899414,16.3592472076416
20211102,16.508745193481445,,,,,,,16.50120735168457
20211103,16.268367767333984,16.155410766601562,15.967673301696777,15.885847091674805,15.84086799621582,,,
20211104,16.784061431884766,16.534814834594727,16.660951614379883,16.81035041809082,16.936748504638672,16.721284866333008,16.496000289916992,16.26961898803711
20211105,17.111875534057617,16.485801696777344,16.71208381652832,,17.200593948364258,17.046672821044922,17.237924575805664,17.494462966918945
20211106,,17.14088249206543,16.877527236938477,16.796966552734375,,,16.699838638305664,17.020055770874023
20211107,,,,,,17.2542724609375,17.110355377197266,
20211108,16.499652862548828,16.18702507019043,16.1148738861084,16.285547256469727,,,,
20211109,,,,,,,,
20211110,,,,,,,,
20211111,,,,,,,,
20211112,,,,,17.09760284423828,16.736818313598633,,
20211113,16.712322235107422,16.24239730834961,,,,,,16.766399383544922
20211114,,,16.372844696044922,16.63302993774414,,,,
20211115,,16.174360275268555,16.155473709106445,16.388898849487305,16.606101989746094,16.615558624267578,16.532262802124023,
20211116,,,16.587308883666992,16.085790634155273,16.746570587158203,16.65156364440918,16.580062866210938,16.532989501953125
20211117,,,,,17.798816680908203,17.31100082397461,16.943017959594727,16.749488830566406
20211118,,,,,,,,17.72357749938965
20211119,,,,,,,,
20211120,16.65650749206543,16.40114974975586,,16.281875610351562,,,,
20211121,17.14920425415039,16.548612594604492,16.569976806640625,16.677175521850586,16.707101821899414,16.72764778137207,,
20211122,,,,,,,,
20211123,,,,,,17.706045150756836,,
20211124,17.22580337524414,,16.614709854125977,,,,,
20211125,,,,,,,,
20211126,,,,,,,,
20211127,17.88848304748535,17.55218505859375,17.232145309448242,17.004779815673828,17.064626693725586,,,
20211128,,,,,,17.39089584350586,17.031286239624023,16.644027709960938
20211129,18.064754486083984,17.1818904876709,,,,,,17.843915939331055
20211130,17.018049240112305,16.923738479614258,,,18.1278133392334,,,
20211201,17.144315719604492,17.01727867126465,17.03365707397461,17.119495391845703,,,,
20211202,17.831388473510742,17.389423370361328,17.346235275268555,17.49131202697754,17.616701126098633,17.502470016479492,17.235864639282227,
20211203,,,,17.291664123535156,18.017623901367188,17.488666534423828,,16.917009353637695
20211204,,,,,,,,
20211205,17.57233238220215,17.132429122924805,,,,,,
20211206,17.53267478942871,17.489469528198242,17.45471954345703,17.787490844726562,17.557527542114258,17.209999084472656,16.415163040161133,15.909096717834473
20211207,17.72494888305664,17.377290725708008,17.482641220092773,17.50989532470703,17.587162017822266,17.494348526000977,17.297025680541992,17.189815521240234
20211208,,,18.186983108520508,18.152904510498047,17.659332275390625,17.50798225402832,,17.042743682861328
20211209,,,,,,17.564285278320312,17.493167877197266,17.29644012451172
20211210,18.061174392700195,17.952816009521484,17.58405876159668,17.201173782348633,,,,
20211211,17.619009017944336,17.92461585998535,18.312503814697266,18.5509033203125,18.64502716064453,18.306333541870117,17.81982421875,
20211212,17.610246658325195,17.307289123535156,17.412616729736328,17.88446617126465,18.122529983520508,18.03514862060547,18.2152156829834,18.304183959960938
20211213,,18.022571563720703,18.48634910583496,18.37333106994629,18.054229736328125,,,
20211214,,,,18.170833587646484,18.652280807495117,18.105201721191406,17.656076431274414,17.32857322692871
20211215,17.63774299621582,17.364566802978516,17.624526977539062,,,,,
20211216,17.600797653198242,,17.220619201660156,17.88003921508789,18.498308181762695,18.320907592773438,,
20211217,17.655927658081055,,18.29410743713379,19.32826042175293,,19.527029037475586,18.883699417114258,18.863813400268555
20211218,18.18733787536621,17.929826736450195,18.117841720581055,18.372539520263672,18.511320114135742,17.98900604248047,17.835329055786133,17.93450164794922
20211219,,,18.954832077026367,18.953079223632812,19.296974182128906,18.760013580322266,18.377965927124023,18.056848526000977
20211220,17.83056640625,,,,,,,18.351821899414062
20211221,18.50356674194336,18.608600616455078,18.27751350402832,18.251041412353516,18.455787658691406,,,
20211222,,,,,,,,
20211223,,,,,,,,
20211224,,,19.50948715209961,19.53023338317871,19.56340217590332,18.786998748779297,,
20211225,,,,,,,,
20211226,,,,,,,,
20211227,18.502540588378906,,,,,,,
20211228,18.639114379882812,,,,,,18.001049041748047,17.96066665649414
20211229,,,,,,,17.90469741821289,17.8471622467041
20211230,,,,,19.338254928588867,19.1009521484375,18.471263885498047,18.206411361694336
20211231,18.90733528137207,19.045351028442383,19.166345596313477,,,,,
20220101,,,19.35962677001953,19.799930572509766,20.046627044677734,19.30315589904785,,
20220102,18.71677017211914,18.848587036132812,18.960525512695312,18.739761352539062,,,,20.537046432495117
20220103,19.47216033935547,19.250438690185547,19.236568450927734,19.37955665588379,19.3936710357666,18.969816207885742,18.67852210998535,18.358333587646484
20220104,,,,19.85605239868164,19.726903915405273,19.64951515197754,18.689037322998047,
20220105,,,,,,,19.371713638305664,18.859487533569336
20220106,18.662616729736328,19.090797424316406,19.285629272460938,19.06555938720703,19.280181884765625,,,
20220107,18.577003479003906,18.880657196044922,19.142297744750977,,,,,
20220108,18.945880889892578,19.38632583618164,19.243816375732422,19.441938400268555,,,,
20220109,,,20.495742797851562,20.119916915893555,19.823591232299805,19.23756217956543,18.749916076660156,18.394081115722656
20220110,,,,,,,,18.912105560302734
20220111,,,19.158546447753906,,,,,
20220112,18.866518020629883,19.197481155395508,19.763473510742188,19.909353256225586,20.01478385925293,,,
20220113,19.13313865661621,19.23594093322754,19.396114349365234,19.69780921936035,,19.116365432739258,,
20220114,,,,,,,,
20220115,,,,,,,,19.0316219329834
20220116,18.823209762573242,19.32134437561035,19.810218811035156,,,,,
20220117,19.205284118652344,,,18.93601417541504,19.377941131591797,19.343093872070312,,
20220118,19.383596420288086,,,,,,,
20220119,19.904903411865234,,,,,,18.21364402770996,18.516931533813477
20220120,,,,,19.760427474975586,19.3996524810791,18.900409698486328,18.63968276977539
20220121,18.71108627319336,18.55634880065918,,,,,19.892498016357422,
20220122,,,,,,,,
20220123,,,19.386995315551758,19.061140060424805,,,,
20220124,19.87318229675293,20.04182243347168,,,,,18.46819305419922,18.598312377929688
20220125,20.154359817504883,20.541868209838867,,,,,,
20220126,,,,,,20.772863388061523,20.684757232666016,20.567977905273438
20220127,,,,,,,,
20220128,,19.71417236328125,19.95355796813965,20.087711334228516,,20.047714233398438,20.036361694335938,
20220129,19.464073181152344,19.42763900756836,,,,,,19.792911529541016
20220130,,,20.417089462280273,20.61330795288086,,,19.749088287353516,19.868045806884766
20220131,,,,,,,,
20220201,19.237398147583008,19.39896011352539,,,,,,
20220202,19.22777557373047,19.508159637451172,19.82272720336914,20.110671997070312,20.13728904724121,,,
20220203,19.443721771240234,,,,,,18.544769287109375,18.40597152709961
20220204,19.76466178894043,19.708314895629883,20.097461700439453,,20.186031341552734,19.681888580322266,18.690956115722656,18.48719596862793
20220205,,,,21.201309204101562,20.48440170288086,19.86524772644043,19.2396240234375,18.58902359008789
20220206,19.771366119384766,19.233158111572266,,,,,,19.417692184448242
20220207,19.431333541870117,20.935440063476562,21.2792911529541,21.354318618774414,21.4622859954834,,,
20220208,18.736841201782227,19.788347244262695,19.717666625976562,19.748432159423828,20.024276733398438,19.47260093688965,19.379465103149414,19.798999786376953
20220209,19.249187469482422,,19.940141677856445,20.04519271850586,20.511375427246094,,19.37061882019043,19.189533233642578
20220210,,21.06528663635254,20.799951553344727,20.835142135620117,20.896820068359375,20.130647659301758,19.586538314819336,19.303325653076172
20220211,,,,,,,20.178131103515625,19.659204483032227
20220212,,,20.398082733154297,20.6729679107666,,,,
20220213,19.060976028442383,18.977163314819336,19.315670013427734,,,,20.58107566833496,
20220214,19.356157302856445,19.852018356323242,20.12970733642578,19.97730827331543,20.295490264892578,,,
20220215,19.81292724609375,19.856918334960938,19.904739379882812,20.213706970214844,,,,
20220216,,,,,20.969070434570312,20.43820571899414,,
20220217,,,,,,,,
20220218,,,,20.63580894470215,19.857458114624023,,,
20220219,19.557558059692383,20.144712448120117,20.532733917236328,,,,,17.78282928466797
20220220,,,,,,,,
20220221,,,,20.645444869995117,20.65990447998047,20.26258087158203,19.52537727355957,18.93726348876953
20220222,19.923179626464844,,,,,,19.84601593017578,19.408342361450195
20220223,20.126846313476562,20.632469177246094,20.738916397094727,20.84183120727539,20.848051071166992,,,
20220224,19.462156295776367,19.40219497680664,19.616844177246094,19.584476470947266,,,19.115238189697266,19.000659942626953
20220225,19.860313415527344,19.668245315551758,,20.71091079711914,,,,18.707494735717773
20220226,,,,,,20.595001220703125,18.926166534423828,18.946338653564453
20220227,,,,,,20.289840698242188,19.632570266723633,19.400609970092773
20220228,,,,,,,,
20220301,19.76898765563965,20.04564094543457,20.33538818359375,20.456132888793945,20.587858200073242,20.16546058654785,19.15009307861328,
20220302,19.44629669189453,20.502887725830078,20.74983024597168,21.8798770904541,21.76441192626953,,,19.49396324157715
20220303,,,,,,,,
20220304,,,,,,,,
20220305,18.895429611206055,19.151411056518555,,,,,,
20220306,19.040407180786133,19.533748626708984,,,,20.15656280517578,,
20220307,,,,,20.563095092773438,,19.062124252319336,
20220308,,20.91908836364746,,,,,,18.227319717407227
20220309,,,,,,19.86175537109375,18.167083740234375,18.070341110229492
20220310,,,,,,,,18.88438606262207
20220311,19.71337890625,,20.1384220123291,20.505420684814453,20.465970993041992,,18.272499084472656,
20220312,19.37925148010254,19.852264404296875,20.14435577392578,20.683420181274414,20.5207462310791,19.92738914489746,18.889842987060547,18.155914306640625
20220313,19.885494232177734,20.69114112854004,20.37757110595703,,,19.87386703491211,19.592010498046875,19.43523597717285
20220314,,,20.33823585510254,20.093847274780273,20.55940818786621,19.865184783935547,19.269798278808594,18.987497329711914
20220315,,,,,,,20.0870418548584,19.2467041015625
20220316,19.581144332885742,19.876924514770508,20.584800720214844,,20.549701690673828,,,
20220317,19.3682861328125,20.24815559387207,20.707199096679688,21.000638961791992,21.140857696533203,20.346935272216797,19.460920333862305,19.511734008789062
20220318,19.81560707092285,19.734821319580078,20.31549072265625,20.549060821533203,20.715782165527344,19.84519386291504,19.16242218017578,18.65604591369629
20220319,19.72095489501953,19.943470001220703,20.09048080444336,20.810543060302734,20.878684997558594,20.117666244506836,19.415390014648438,19.35833740234375
20220320,,,,,21.143875122070312,19.95502281188965,19.743722915649414,19.072851181030273
20220321,,,,,,,20.057804107666016,
20220322,19.66088104248047,19.868511199951172,18.819185256958008,19.804048538208008,,,,
20220323,19.439781188964844,,,,,,,
20220324,20.174985885620117,20.3239688873291,20.11977767944336,20.299833297729492,20.73893928527832,,18.757471084594727,
20220325,,,21.365142822265625,21.195356369018555,,19.87188148498535,18.809057235717773,18.48139762878418
20220326,,,20.374736785888672,,,,19.993356704711914,19.300193786621094
20220327,,,,,,,,18.654197692871094
20220328,19.312700271606445,,,,,,,
20220329,19.160139083862305,19.275604248046875,,,,,,17.4363956451416
20220330,,,,,,,,17.34371566772461
20220331,,,,,,20.330810546875,18.739273071289062,18.471525192260742
20220401,,,,,,,,
20220402,19.417009353637695,20.03069496154785,20.350011825561523,20.267332077026367,19.310693740844727,18.053754806518555,18.267776489257812,
20220403,19.669353485107422,20.107181549072266,20.183130264282227,20.150997161865234,19.736085891723633,19.064712524414062,18.38055419921875,18.131162643432617
20220404,,,20.795156478881836,20.666921615600586,20.089252471923828,19.175918579101562,18.383275985717773,18.056421279907227
20220405,,,,,,,,
20220406,,19.578750610351562,,,,,,19.097124099731445
20220407,19.23923683166504,19.754674911499023,19.880908966064453,19.8685302734375,,,,
20220408,19.532155990600586,19.844493865966797,20.052213668823242,20.01128578186035,19.751230239868164,18.631006240844727,17.86326789855957,17.557998657226562
20220409,19.708738327026367,20.20349884033203,20.610782623291016,20.450178146362305,19.95241928100586,19.300256729125977,18.633432388305664,18.20620346069336
20220410,,,20.680971145629883,20.28696632385254,20.189573287963867,,18.60297966003418,18.38514518737793
20220411,19.21419334411621,,,,,,,18.35700035095215
20220412,,,,19.903804779052734,,,,
20220413,,,19.956769943237305,20.05599021911621,,20.484106063842773,19.530616760253906,19.319137573242188
20220414,,19.096572875976562,19.796775817871094,19.84103012084961,19.626785278320312,19.39786720275879,,
20220415,,,,20.228464126586914,19.716459274291992,19.188581466674805,18.511600494384766,17.797164916992188
20220416,,,,,,19.716941833496094,19.110477447509766,18.55572509765625
20220417,,19.338720321655273,,,,18.99161720275879,18.98832130432129,18.377405166625977
20220418,19.26470375061035,19.297334671020508,,19.8409366607666,19.958436965942383,,,
20220419,18.96408462524414,19.23733901977539,19.558650970458984,19.596275329589844,19.71347427368164,19.276172637939453,18.722095489501953,18.13105010986328
20220420,,19.980770111083984,,19.672016143798828,19.220407485961914,18.82649040222168,18.42400550842285,17.83926010131836
20220421,,,,20.53158950805664,20.307161331176758,19.76384162902832,,17.42459487915039
20220422,19.339736938476562,19.256338119506836,19.418214797973633,,,,19.337421417236328,18.798358917236328
20220423,19.191226959228516,18.885387420654297,19.316478729248047,19.59980010986328,19.31385612487793,18.9061222076416,,
20220424,19.0754337310791,18.958776473999023,19.2795352935791,19.52269744873047,19.390398025512695,19.070606231689453,18.711090087890625,17.86292266845703
20220425,19.750667572021484,19.26555061340332,19.469623565673828,19.59393882751465,19.499975204467773,19.116479873657227,18.66668128967285,
20220426,,,,18.806537628173828,19.688640594482422,19.096755981445312,18.290205001831055,17.337711334228516
20220427,19.18008804321289,,,,,,19.089067459106445,18.622257232666016
20220428,,19.090837478637695,19.482149124145508,19.42673110961914,19.602935791015625,,,
20220429,,,,,,,,
20220430,19.42329978942871,18.798282623291016,19.188526153564453,19.189329147338867,19.22187042236328,18.87758445739746,18.436328887939453,17.693843841552734
20220501,,19.644105911254883,19.859651565551758,19.6773738861084,19.345325469970703,18.800508499145508,18.184309005737305,17.784645080566406
20220502,,,,,,19.75822639465332,19.007198333740234,18.148094177246094
20220503,19.317668914794922,18.498437881469727,18.775548934936523,19.102447509765625,,,,
20220504,18.951717376708984,18.788658142089844,19.164512634277344,19.325536727905273,19.115440368652344,19.10820198059082,18.336015701293945,
20220505,,18.327604293823242,18.783111572265625,19.19499969482422,19.45061683654785,18.957008361816406,18.364490509033203,17.67306137084961
20220506,19.452608108520508,19.143978118896484,19.132421493530273,18.988130569458008,18.940338134765625,18.61475372314453,17.776500701904297,17.53608512878418
20220507,,,,19.589590072631836,19.521583557128906,18.95978546142578,18.06785011291504,17.32105827331543
20220508,,18.166215896606445,18.585832595825195,,,,,18.442934036254883
20220509,19.319599151611328,18.96385383605957,19.28120994567871,19.133989334106445,18.79408836364746,18.84280776977539,,
20220510,19.184932708740234,18.593496322631836,18.998279571533203,19.007619857788086,18.98134422302246,18.82032585144043,18.192569732666016,17.65212631225586
20220511,19.7115535736084,18.899568557739258,19.087940216064453,18.88906478881836,18.72345733642578,18.574167251586914,18.036312103271484,17.6313419342041
20220512,,,,,18.98949432373047,18.77865219116211,18.063230514526367,17.54564094543457
20220513,,,,,,,,
20220514,,17.88907241821289,18.13252830505371,17.92857551574707,17.741121292114258,,,
20220515,,17.74850845336914,18.27994728088379,18.501853942871094,18.51750373840332,18.433198928833008,17.675546646118164,17.182373046875
20220516,,17.514495849609375,17.950212478637695,17.88747215270996,17.92953872680664,18.064228057861328,17.579097747802734,17.932279586791992
20220517,,18.868486404418945,18.79364585876465,18.59502601623535,18.247257232666016,18.124364852905273,17.626361846923828,17.260032653808594
20220518,,,,,,18.849586486816406,18.362886428833008,17.742822647094727
20220519,,,18.3969783782959,17.952425003051758,,,,
20220520,18.457300186157227,18.07316780090332,18.155899047851562,18.075424194335938,17.441373825073242,,17.344703674316406,
20220521,18.867053985595703,17.97675895690918,,,,17.892915725708008,17.60947036743164,17.5373477935791
20220522,,,18.497119903564453,,18.340852737426758,18.084327697753906,17.682594299316406,17.247785568237305
20220523,,,,18.90078353881836,18.928239822387695,18.216716766357422,17.791173934936523,17.103273391723633
20220524,,18.347761154174805,18.256980895996094,,,,,
20220525,18.431293487548828,17.843345642089844,18.02391242980957,17.977876663208008,17.585535049438477,17.572011947631836,,
20220526,18.20655059814453,17.943363189697266,17.749025344848633,17.7351016998291,17.901092529296875,17.73284339904785,17.25333595275879,16.658056259155273
20220527,19.11089515686035,18.371868133544922,17.880672454833984,17.72646713256836,17.594951629638672,17.6356258392334,17.33137321472168,16.96796989440918
20220528,,,,18.522930145263672,17.906768798828125,17.75074005126953,17.216035842895508,16.845134735107422
20220529,,,,,,,18.341819763183594,17.30706787109375
20220530,,18.02666664123535,17.855926513671875,17.797208786010742,,,,
20220531,,,17.69500160217285,17.607423782348633,17.271238327026367,17.484397888183594,17.328332901000977,17.15349006652832
20220601,18.477725982666016,,17.57806396484375,,17.165056228637695,17.174665451049805,,
20220602,,16.532928466796875,16.97960090637207,,,17.29414939880371,17.04169273376465,
20220603,,,,,,18.225643157958984,17.492305755615234,16.722036361694336
20220604,,17.019973754882812,17.187450408935547,17.337858200073242,,,,
20220605,,,16.89124870300293,17.19487762451172,,16.405454635620117,16.376352310180664,
20220606,18.001298904418945,17.5760555267334,17.097475051879883,16.810100555419922,16.70916748046875,17.245437622070312,17.022987365722656,16.651018142700195
20220607,,17.755481719970703,17.819278717041016,17.02759552001953,16.635652542114258,16.829177856445312,16.775270462036133,16.463991165161133
20220608,,,,,17.318483352661133,17.395368576049805,17.01118278503418,16.42899513244629
20220609,18.17725944519043,17.04987907409668,16.683141708374023,,,,,16.984434127807617
20220610,,,17.334999084472656,17.14519500732422,16.860429763793945,16.8884334564209,,
20220611,,,,16.741939544677734,16.67276954650879,17.172460556030273,17.12442398071289,
20220612,18.233234405517578,,,,,,,15.769137382507324
20220613,,,,,16.839569091796875,17.10122299194336,16.786853790283203,16.487926483154297
20220614,,,,,,,17.317733764648438,16.702594757080078
20220615,18.004783630371094,16.881847381591797,16.622209548950195,16.13959312438965,15.29965877532959,,,
20220616,17.931407928466797,17.09645652770996,16.938520431518555,16.768312454223633,16.445053100585938,16.622228622436523,16.216894149780273,15.86962890625
20220617,18.0098876953125,17.21181297302246,16.929792404174805,16.628475189208984,16.02059555053711,16.556541442871094,16.567169189453125,16.408161163330078
20220618,,,,,16.872888565063477,,16.679027557373047,16.462100982666016
20220619,,,,,16.842243194580078,,,
20220620,18.720136642456055,16.68442726135254,16.22247314453125,16.15953826904297,,,,
20220621,,16.69363021850586,16.775897979736328,16.673337936401367,16.509153366088867,16.390827178955078,16.183332443237305,
20220622,17.60607147216797,,16.436079025268555,16.22885513305664,16.07049560546875,16.436094284057617,16.636333465576172,15.825384140014648
20220623,19.189809799194336,18.144306182861328,17.244873046875,16.92232322692871,16.537986755371094,16.756872177124023,16.697362899780273,16.525991439819336
20220624,,,,,,16.8587589263916,16.6119441986084,16.17871856689453
20220625,18.119094848632812,17.01906967163086,16.30944061279297,,,,,16.80868148803711
20220626,18.192113876342773,17.627506256103516,16.635459899902344,16.260353088378906,15.772591590881348,15.707965850830078,,
20220627,18.419511795043945,17.653125762939453,16.85075569152832,16.667522430419922,16.455936431884766,16.4394588470459,16.39786148071289,15.960624694824219
20220628,18.911840438842773,,16.58187484741211,16.655107498168945,16.4188289642334,16.582881927490234,16.62123680114746,16.443323135375977
20220629,,,,16.86136817932129,16.477693557739258,16.384998321533203,16.264183044433594,15.904412269592285
20220630,,,,,,,,16.236980438232422
20220701,17.606056213378906,16.976335525512695,16.336811065673828,15.913237571716309,,,,
20220702,17.75041961669922,17.591711044311523,16.327499389648438,16.10690689086914,15.959355354309082,,,
20220703,17.985349655151367,17.447412490844727,16.431598663330078,,,,16.1143741607666,15.402655601501465
20220704,,18.621774673461914,17.599891662597656,16.401639938354492,,15.94396686553955,15.877699851989746,15.826016426086426
20220705,,,,,,16.89433479309082,16.04094886779785,15.758970260620117
20220706,17.6428165435791,17.2415714263916,16.21051597595215,16.73054313659668,,,,
20220707,,,16.65744400024414,,,15.62744140625,,
20220708,,,,,15.360957145690918,15.570085525512695,15.845556259155273,15.974647521972656
20220709,,17.714466094970703,16.79034423828125,16.216808319091797,15.713595390319824,15.900903701782227,16.024368286132812,15.820958137512207
20220710,,,,,16.743534088134766,16.65351104736328,16.424665451049805,15.866632461547852
20220711,17.41857147216797,16.32573699951172,16.07905387878418,,,,,
20220712,17.29380226135254,16.97707176208496,16.37769889831543,15.82535457611084,15.517022132873535,15.50561237335205,,
20220713,17.3221435546875,16.92083740234375,16.423431396484375,15.990564346313477,15.677494049072266,15.876456260681152,15.732271194458008,15.452367782592773
20220714,17.848060607910156,17.1825008392334,16.58462905883789,16.154830932617188,15.625116348266602,15.815876007080078,15.853987693786621,15.594361305236816
20220715,,,,,,,15.922916412353516,15.215042114257812
20220716,,,,,,,16.4056453704834,15.952988624572754
20220717,,16.433025360107422,15.70588207244873,15.682276725769043,,,,
20220718,,,15.760796546936035,15.582154273986816,15.553019523620605,15.699690818786621,15.577829360961914,15.063921928405762
20220719,16.658000946044922,15.510428428649902,15.991284370422363,,,,,15.378382682800293
20220720,15.796391487121582,16.06315803527832,16.7852840423584,16.27957534790039,15.359594345092773,15.51538372039795,15.47362232208252,15.261756896972656
20220721,,,,,14.751517295837402,16.0189208984375,16.255634307861328,15.562396049499512
20220722,16.899465560913086,15.891160011291504,15.237984657287598,14.760222434997559,,,,
20220723,16.97474479675293,16.052288055419922,16.145225524902344,15.74243450164795,15.085532188415527,15.030759811401367,14.832209587097168,
20220724,,,16.083534240722656,15.59054946899414,15.164963722229004,15.514705657958984,,
20220725,17.44753646850586,16.924924850463867,16.3944149017334,15.678431510925293,15.190672874450684,15.380036354064941,15.297052383422852,14.999370574951172
20220726,,,,,15.847397804260254,15.72905158996582,15.361285209655762,14.971266746520996
20220727,,15.774249076843262,15.717498779296875,,,15.568235397338867,15.637104034423828,16.003971099853516
20220728,16.50931167602539,16.3122501373291,16.056568145751953,15.641777038574219,15.220926284790039,15.28858757019043,,
20220729,16.968917846679688,16.418834686279297,16.252174377441406,15.838850975036621,15.560384750366211,,,15.711283683776855
20220730,17.18653106689453,16.447219848632812,,,,,,
20220731,,,,15.826598167419434,15.554963111877441,15.623936653137207,15.321493148803711,15.28686809539795
20220801,16.852706909179688,,,,,,15.80252742767334,15.354999542236328
20220802,,16.45945930480957,,,,,,
20220803,,,15.627081871032715,15.486430168151855,15.276433944702148,15.647120475769043,15.451882362365723,15.078283309936523
20220804,17.156063079833984,15.454704284667969,14.907537460327148,14.707293510437012,14.75921630859375,15.259943962097168,15.387436866760254,15.134637832641602
20220805,,16.008506774902344,15.701887130737305,15.618104934692383,14.902124404907227,14.989542007446289,14.704314231872559,14.545431137084961
20220806,,,,,15.02590560913086,15.469808578491211,15.480501174926758,15.030047416687012
20220807,16.95038604736328,16.105878829956055,15.635459899902344,15.141006469726562,,,,
20220808,16.56796646118164,15.959517478942871,15.664593696594238,15.288420677185059,14.963208198547363,15.24903392791748,15.13498306274414,
20220809,16.48633575439453,16.236339569091797,15.90025806427002,15.410538673400879,14.99072265625,15.257736206054688,15.271738052368164,15.095287322998047
20220810,,,15.30877685546875,15.05270767211914,14.637123107910156,14.787983894348145,14.604037284851074,14.378111839294434
20220811,,,,,14.835259437561035,14.963935852050781,14.893619537353516,14.495535850524902
20220812,,,,,,,,
20220813,16.748262405395508,15.62212085723877,15.443778038024902,14.870896339416504,14.25212574005127,14.244233131408691,,
20220814,16.290016174316406,,,14.552985191345215,14.383082389831543,14.632225036621094,14.490497589111328,14.63740062713623
20220815,17.0220947265625,16.068410873413086,15.706584930419922,14.942205429077148,14.525334358215332,14.750955581665039,14.658906936645508,14.67459774017334
20220816,,15.984582901000977,,15.97499942779541,15.239542961120605,15.145195007324219,14.691224098205566,14.60678768157959
20220817,16.563966751098633,15.826408386230469,,,,,,
20220818,,,,,,,,
20220819,16.320985794067383,15.50667953491211,15.85897445678711,15.169276237487793,14.4190034866333,14.583422660827637,14.45472240447998,14.301656723022461
20220820,16.943626403808594,16.001920700073242,15.620566368103027,14.970542907714844,14.618398666381836,14.73843002319336,14.48660945892334,14.72775650024414
20220821,,17.02684211730957,16.811038970947266,15.535948753356934,14.768390655517578,14.904056549072266,14.5770263671875,14.516167640686035
20220822,,,,,,16.09467124938965,15.532495498657227,15.101203918457031
20220823,,,,,,,,
20220824,,15.71056842803955,15.69326114654541,15.195470809936523,14.560078620910645,14.4441499710083,14.274130821228027,
20220825,16.1082820892334,15.896278381347656,,,,,14.345337867736816,14.139333724975586
20220826,,16.19061279296875,15.7838134765625,15.440296173095703,14.475969314575195,14.629437446594238,14.214097023010254,14.491561889648438
20220827,,,,15.792207717895508,15.082155227661133,15.433502197265625,15.08897876739502,14.808656692504883
20220828,16.19882583618164,15.639150619506836,,,,,,
20220829,16.40139389038086,15.480629920959473,15.605960845947266,15.162785530090332,14.607462882995605,14.644180297851562,,
20220830,16.09423828125,15.119706153869629,14.940688133239746,14.901176452636719,14.114614486694336,14.387358665466309,,14.351180076599121
20220831,16.902055740356445,15.87712574005127,15.511310577392578,15.12682056427002,14.535821914672852,14.587516784667969,14.407888412475586,14.383113861083984
20220901,,,,15.820334434509277,14.952688217163086,14.669135093688965,14.433663368225098,14.356258392333984
20220902,15.785232543945312,,,,,,15.23326587677002,14.964033126831055
20220903,,,,,,,13.22206974029541,
20220904,,,,,,,13.933783531188965,14.341667175292969
20220905,,,15.290644645690918,14.642437934875488,,14.423384666442871,,
20220906,,,,,,14.994499206542969,14.75814151763916,14.678888320922852
20220907,,,,,,15.046792030334473,,
20220908,,15.42199993133545,14.954686164855957,,,,,
20220909,,,,,,,,
20220910,16.110445022583008,,,,13.626910209655762,14.468745231628418,14.501459121704102,14.61030387878418
20220911,16.619997024536133,16.11894989013672,15.407853126525879,15.112486839294434,14.473590850830078,14.404268264770508,14.161867141723633,14.469805717468262
20220912,,,,,15.367860794067383,15.167859077453613,14.79607105255127,14.639543533325195
20220913,16.469532012939453,15.652702331542969,15.252248764038086,,,,,15.316544532775879
20220914,,14.954168319702148,14.963537216186523,15.167798042297363,14.65650463104248,,,
20220915,16.020153045654297,15.141446113586426,14.903943061828613,15.148921966552734,14.822478294372559,14.933364868164062,14.854252815246582,14.759598731994629
20220916,,,14.978694915771484,14.95914363861084,14.224748611450195,14.246891021728516,14.365595817565918,14.610547065734863
20220917,,,,15.664117813110352,15.168928146362305,,14.670181274414062,14.599625587463379
20220918,15.109838485717773,,,,,,15.272113800048828,15.15573501586914
20220919,15.919675827026367,15.24832534790039,15.380301475524902,15.24377727508545,14.850584983825684,,,
20220920,16.078779220581055,15.442145347595215,15.168279647827148,14.97938060760498,,,,
20220921,16.75286293029785,15.76220989227295,15.297380447387695,15.028021812438965,14.763405799865723,14.69735050201416,14.706357955932617,
20220922,,,16.169757843017578,15.631747245788574,14.262978553771973,14.571428298950195,14.757625579833984,15.014130592346191
20220923,,,,,,15.342312812805176,,15.516864776611328
20220924,16.188446044921875,15.715439796447754,15.147273063659668,14.946610450744629,,,,
20220925,16.448284149169922,15.746922492980957,15.233888626098633,15.037178993225098,,,,
20220926,16.49321937561035,15.606356620788574,15.451578140258789,14.840685844421387,14.93705940246582,14.932562828063965,,
20220927,17.3963623046875,16.286102294921875,15.799107551574707,15.378582954406738,15.14228630065918,14.856756210327148,14.968269348144531,14.944650650024414
20220928,,,,,,,,
20220929,16.31263542175293,15.265631675720215,,,,,,15.5931978225708
20220930,16.25722312927246,,15.215164184570312,14.949764251708984,14.860734939575195,,,
20221001,16.420997619628906,16.151752471923828,15.50118637084961,15.021610260009766,14.991918563842773,14.843823432922363,14.886752128601074,14.940009117126465
20221003,,,,,,,,
20221004,,,,,,,,
20221005,16.369977951049805,15.694466590881348,15.359845161437988,15.07593822479248,15.138684272766113,,,
20221006,16.29395866394043,15.596667289733887,,,16.039264678955078,16.179487228393555,15.91796875,15.43344497680664
20221007,16.171249389648438,15.26684284210205,15.31523323059082,15.503936767578125,15.416563987731934,15.36698055267334,15.382137298583984,15.225078582763672
20221008,,16.377288818359375,16.068445205688477,15.92146110534668,15.74219799041748,15.363082885742188,15.245128631591797,15.129100799560547
20221009,,,,,,16.254098892211914,15.962162971496582,15.446756362915039
20221010,,,,14.681364059448242,,,,14.5355806350708
20221011,16.24192237854004,15.8050537109375,15.693800926208496,15.471160888671875,15.713627815246582,15.259435653686523,15.16048812866211,
20221012,16.46281623840332,15.729384422302246,15.617792129516602,15.536623001098633,15.455833435058594,15.55965518951416,,
20221013,,16.06361198425293,15.94870376586914,15.62462043762207,15.508881568908691,15.304374694824219,15.291781425476074,15.331316947937012
20221014,,,,,,15.847596168518066,15.621667861938477,15.410914421081543
20221015,16.26617431640625,15.566211700439453,15.283175468444824,,,,,15.924712181091309
20221016,15.95334529876709,16.040557861328125,16.139842987060547,16.178604125976562,16.065509796142578,15.683059692382812,,
20221017,,,,,16.147905349731445,,,
20221018,17.130563735961914,,,15.565138816833496,15.591691970825195,,,
20221019,,,,,,15.843809127807617,15.340527534484863,15.383857727050781
20221020,16.818408966064453,,,,,,16.456480026245117,16.363962173461914
20221021,16.425870895385742,16.282943725585938,16.273296356201172,16.532493591308594,16.616729736328125,,15.025606155395508,
20221022,,,,15.582093238830566,,15.882765769958496,,
20221023,16.89352035522461,16.36838722229004,16.036762237548828,15.904426574707031,16.0593318939209,15.778508186340332,16.002599716186523,
20221024,,,16.763072967529297,16.50360870361328,16.451557159423828,15.924983978271484,15.903453826904297,15.613235473632812
20221025,,,,,,16.4045467376709,16.639629364013672,16.444028854370117
20221026,16.446866989135742,,15.469886779785156,15.260422706604004,,,,
20221027,16.71144676208496,16.275190353393555,16.11168670654297,15.911581039428711,15.96115493774414,15.55001163482666,15.407890319824219,
20221028,16.76342010498047,16.25244140625,16.064743041992188,16.176633834838867,16.370044708251953,16.303009033203125,16.190147399902344,15.83003044128418
20221029,,16.758163452148438,15.984546661376953,15.849223136901855,,,,
20221030,,,,,,16.934457778930664,16.773584365844727,16.79574203491211
20221031,16.798967361450195,16.411231994628906,,,,,,
20221101,,,,,,,,
20221102,,,,15.980698585510254,,16.288022994995117,16.29204750061035,16.119895935058594
20221103,,,,15.810933113098145,16.12958526611328,15.789213180541992,15.882563591003418,15.939610481262207
20221104,15.744362831115723,,16.736589431762695,16.58934783935547,,16.237974166870117,16.270708084106445,16.01436996459961
20221105,16.094640731811523,,,,,,17.17193603515625,16.903867721557617
20221106,,,,,,,,
20221107,,,,,,16.166683197021484,16.95425796508789,17.272539138793945
20221108,,15.946904182434082,16.054309844970703,16.494766235351562,17.277143478393555,17.457378387451172,17.62703514099121,
20221109,,,,,17.570966720581055,17.27289581298828,17.755348205566406,18.043376922607422
20221110,,,,,,,17.449352264404297,17.083192825317383
20221111,,,16.511085510253906,16.590045928955078,,,,
20221112,16.50083351135254,16.242429733276367,,16.035531997680664,,16.725370407104492,17.420942306518555,
20221113,16.598270416259766,16.157032012939453,15.915411949157715,,16.913644790649414,16.862140655517578,16.794065475463867,16.507585525512695
20221114,,,,,,,,
20221115,,,,,,17.157636642456055,,
20221116,16.6237735748291,16.095443725585938,,,,,,17.38924789428711
20221117,,,16.49733543395996,16.646240234375,16.92259407043457,16.82709312438965,,
20221118,16.6645450592041,16.545907974243164,16.596832275390625,16.84005355834961,17.35834312438965,,17.850683212280273,
20221119,17.556842803955078,16.75737190246582,16.64813232421875,16.904081344604492,16.884544372558594,17.12411117553711,17.236366271972656,
20221120,,,17.290239334106445,17.47611427307129,17.614656448364258,17.19331169128418,17.032896041870117,16.66184425354004
20221121,,,,,,,17.761882781982422,17.229387283325195
20221122,16.83428192138672,16.64128303527832,16.491586685180664,16.49190330505371,16.59227180480957,,,
20221123,17.182580947875977,16.81201171875,16.76337432861328,16.939695358276367,17.23546028137207,17.066139221191406,16.83807945251465,16.4188289642334
20221124,17.931514739990234,16.92859649658203,17.0971736907959,17.23076629638672,17.616483688354492,17.461984634399414,17.438426971435547,16.920780181884766
20221125,,,,,18.331344604492188,17.933820724487305,17.944292068481445,17.851896286010742
20221126,,,,,,18.630096435546875,18.53719711303711,
20221127,17.274951934814453,,,,,,,
20221128,,,,,,,,
20221129,17.473073959350586,17.214445114135742,,,,,,
20221130,,18.060312271118164,17.582685470581055,17.620548248291016,17.60978126525879,17.32764434814453,17.58431625366211,17.456998825073242
20221201,,,,,,18.175243377685547,18.084827423095703,17.466190338134766
20221202,17.579845428466797,17.681032180786133,17.85099983215332,,,,,
20221203,,,,18.735565185546875,19.197553634643555,18.7730712890625,,
20221204,,,,,,,19.478864669799805,19.61325454711914
20221205,,,,,,18.108123779296875,18.11857032775879,17.8480167388916
20221206,,,,,18.02608871459961,17.999418258666992,17.61898422241211,18.003992080688477
20221207,17.225893020629883,,,,,,,
20221208,,,17.024242401123047,,,,,
20221209,17.55532455444336,17.423385620117188,17.489742279052734,17.978235244750977,18.506559371948242,18.157594680786133,18.181474685668945,17.640094757080078
20221210,17.815462112426758,17.488618850708008,17.23776626586914,18.20761489868164,18.99173355102539,18.82986831665039,18.825149536132812,19.1637020111084
20221211,,18.149444580078125,18.03660011291504,18.23101806640625,18.39698600769043,17.932188034057617,,17.87257957458496
20221212,,,,,,18.691116333007812,18.391414642333984,17.91819953918457
20221213,17.483474731445312,17.685827255249023,17.32097816467285,,,,,
20221214,,,,18.005830764770508,18.726848602294922,18.397035598754883,,
20221215,17.52284812927246,17.285600662231445,17.346435546875,17.617307662963867,18.091182708740234,18.044361114501953,17.79458236694336,17.95473289489746
20221216,,,,17.915557861328125,17.999582290649414,17.745656967163086,17.785503387451172,17.805015563964844
20221217,,,,,,,,17.132017135620117
20221218,17.125211715698242,17.271968841552734,,,,,,
20221219,17.65998077392578,17.5093994140625,,,,,,
20221220,17.831859588623047,,17.6621036529541,,18.384967803955078,18.489404678344727,18.26763153076172,18.270437240600586
20221221,18.74041748046875,,,,17.697612762451172,18.414974212646484,18.557233810424805,18.660207748413086
20221222,,,,,,,,
20221223,17.61897850036621,,,,,,,18.786869049072266
20221224,18.70029640197754,18.869216918945312,18.836008071899414,18.98297691345215,19.053571701049805,,,
20221225,18.545961380004883,19.01117515563965,19.07778549194336,19.344955444335938,19.71900749206543,19.50966453552246,19.4522705078125,19.257568359375
20221226,19.0156307220459,18.8622989654541,19.17605209350586,19.50783348083496,19.862911224365234,19.33884048461914,19.44408416748047,19.772321701049805
20221227,,19.450212478637695,,,21.18539047241211,20.644887924194336,20.4654483795166,20.886554718017578
20221228,,,,,,19.58415412902832,19.44245147705078,18.87689971923828
20221229,18.37139129638672,18.224769592285156,18.273679733276367,18.23097801208496,,,,
20221230,18.629003524780273,18.618410110473633,18.980499267578125,19.0750675201416,,18.248868942260742,17.343509674072266,
20221231,18.925596237182617,18.819664001464844,18.945497512817383,19.560989379882812,18.787172317504883,18.696304321289062,18.631675720214844,18.78474235534668
20230101,,,19.22060775756836,19.77120590209961,19.75164031982422,19.270832061767578,19.05055809020996,19.131793975830078
20230102,,,,,,19.74571990966797,19.62855339050293,19.500396728515625
20230103,,,,,,,,
20230104,,,,,,,,
20230105,18.77457618713379,,,,,,,18.054805755615234
20230106,19.2349853515625,19.437498092651367,,,,18.763164520263672,18.017438888549805,18.531028747558594
20230107,,,,20.052824020385742,20.087421417236328,19.426633834838867,18.967369079589844,18.778799057006836
20230108,17.969161987304688,,,,,,,19.559856414794922
20230109,18.85177993774414,18.64824104309082,,,,,,
20230110,18.73296356201172,18.782155990600586,,,,,18.461545944213867,18.762014389038086
20230111,19.543922424316406,19.57777976989746,19.528085708618164,19.901941299438477,20.059295654296875,19.469263076782227,19.20151710510254,19.215198516845703
20230112,,,20.456140518188477,20.70366668701172,20.585681915283203,19.9316463470459,19.535009384155273,19.33255386352539
20230113,,,,,,20.550457000732422,20.19666862487793,19.80672836303711
20230114,19.23008155822754,19.218219757080078,19.325910568237305,19.104450225830078,,,,
20230115,,,,,,,,
20230116,18.76357078552246,,,18.905134201049805,20.027589797973633,19.73212432861328,19.3739013671875,19.095008850097656
20230117,19.383037567138672,19.696819305419922,,,,,,
20230118,,,,,20.643409729003906,19.898836135864258,19.4025936126709,19.017112731933594
20230119,,,,,,,,
20230120,18.560382843017578,19.086851119995117,19.314891815185547,19.440866470336914,,,,
20230121,18.61855697631836,19.00479507446289,19.296072006225586,19.730100631713867,19.743492126464844,19.092899322509766,18.2594051361084,17.439403533935547
20230122,19.259817123413086,19.55116081237793,19.573482513427734,19.793258666992188,,,18.741220474243164,17.790470123291016
20230123,,,20.10542106628418,20.466402053833008,20.467121124267578,19.42801284790039,18.893753051757812,18.24056625366211
20230124,18.759170532226562,,,,,,19.738115310668945,19.084760665893555
20230125,18.889347076416016,19.802751541137695,20.0207462310791,20.432445526123047,20.48348045349121,,,
20230126,,19.35758399963379,19.51422119140625,19.708900451660156,19.459856033325195,19.27121925354004,19.64187240600586,19.498750686645508
20230127,,,20.20425796508789,19.73499870300293,,18.992630004882812,18.845848083496094,19.107711791992188
20230128,,20.350984573364258,20.387126922607422,20.323339462280273,,,,
20230129,,,,,,20.043277740478516,,18.211393356323242
20230130,18.92620086669922,19.26658058166504,19.43293571472168,19.322526931762695,,,,
20230131,19.132604598999023,19.87445640563965,20.119274139404297,20.268884658813477,20.390850067138672,19.61431121826172,18.82674217224121,
20230201,,,19.128868103027344,20.303773880004883,19.775434494018555,19.382375717163086,,18.670631408691406
20230202,,20.2570743560791,20.28253173828125,,20.22469139099121,19.47572898864746,19.091604232788086,18.706647872924805
20230203,,,,,,,,
20230204,,,,,,,,
20230205,19.15212631225586,19.28014373779297,19.531707763671875,19.912654876708984,19.59102439880371,18.869773864746094,,
20230206,19.36496353149414,19.558530807495117,19.81902313232422,19.997203826904297,20.140546798706055,19.54714012145996,19.09075164794922,18.666555404663086
20230207,19.740644454956055,20.381988525390625,20.568906784057617,20.59786033630371,20.431350708007812,19.7593936920166,19.454675674438477,19.052478790283203
20230208,,,,21.429155349731445,21.263744354248047,20.370948791503906,19.89383888244629,19.321908950805664
20230209,,,,,,,20.517499923706055,20.197988510131836
20230210,,,,,,,,
20230211,19.141586303710938,19.45912742614746,19.845443725585938,20.596050262451172,20.94683265686035,20.55729103088379,20.41101837158203,19.41904067993164
20230212,19.68754005432129,19.733884811401367,19.93088722229004,19.95260238647461,,,,18.85982322692871
20230213,,20.525035858154297,20.746084213256836,20.41556739807129,,,18.969417572021484,18.88308334350586
20230214,,,,,,,,19.395784378051758
20230215,19.063743591308594,,21.286630630493164,,,,,
20230216,,,,,,,,
20230217,19.592947006225586,19.698354721069336,20.180673599243164,20.417476654052734,20.602588653564453,19.97492027282715,19.97160530090332,19.513431549072266
20230218,20.52625846862793,20.572595596313477,20.70880126953125,20.78014373779297,20.8010196685791,20.408493041992188,20.17330551147461,19.785810470581055
20230219,,,,,21.803604125976562,21.181339263916016,20.474468231201172,19.9038143157959
20230220,19.948137283325195,20.41014862060547,,,,,,
20230221,20.55582046508789,,,,,,20.520524978637695,19.981895446777344
20230222,,22.14297103881836,22.1205997467041,22.149620056152344,22.243133544921875,21.81870460510254,21.124391555786133,20.537151336669922
20230223,,,,22.3405704498291,21.86720085144043,21.407047271728516,21.24673080444336,21.054656982421875
20230224,,,,,,,,21.082109451293945
20230225,19.385623931884766,,,,,,20.77663803100586,20.395740509033203
20230226,,19.638229370117188,20.371828079223633,19.83791732788086,,,,
20230227,19.514890670776367,19.690418243408203,20.66385841369629,20.772674560546875,21.134143829345703,20.41282844543457,19.93777847290039,19.155420303344727
20230228,,,,,20.996583938598633,20.445919036865234,19.958234786987305,19.336647033691406
20230301,,,,21.265331268310547,,,,
20230302,,,,,,21.194103240966797,20.559370040893555,19.359041213989258
20230303,,20.108325958251953,20.239660263061523,20.638973236083984,,,,
20230304,19.96318244934082,20.322124481201172,21.303373336791992,21.342796325683594,21.10724639892578,20.699378967285156,20.062116622924805,
20230305,19.747251510620117,19.915483474731445,20.480314254760742,20.671001434326172,20.963787078857422,,,20.290998458862305
20230306,20.338146209716797,20.92862319946289,20.796627044677734,20.57403564453125,20.81150245666504,20.31757354736328,19.626876831054688,19.249052047729492
20230307,,,,,21.669641494750977,20.78326988220215,19.91870880126953,19.248645782470703
20230308,,19.037179946899414,,,,,,
20230309,19.45919418334961,19.95896339416504,20.688129425048828,,,,,
20230310,19.476652145385742,19.614444732666016,20.550397872924805,20.842573165893555,20.89933204650879,20.56326675415039,19.770437240600586,18.86294937133789
20230311,20.18528175354004,20.037342071533203,20.343429565429688,20.254276275634766,20.53097915649414,,19.97265625,19.847957611083984
20230312,,,21.650001525878906,,,19.757593154907227,19.413105010986328,19.195255279541016
20230313,20.711523056030273,,,,,,,19.318849563598633
20230314,20.224437713623047,19.862091064453125,21.674543380737305,21.430259704589844,,,,17.79197120666504
20230315,19.480236053466797,19.617801666259766,20.6114501953125,20.910432815551758,21.366479873657227,21.144241333007812,20.585586547851562,19.644495010375977
20230316,20.70087242126465,20.754758834838867,21.26072120666504,21.31793975830078,21.343914031982422,20.85900115966797,20.263593673706055,19.51572036743164
20230317,,,,22.209714889526367,22.103694915771484,21.3447208404541,20.523317337036133,20.100709915161133
20230318,,,,,,,,20.060287475585938
20230319,19.75675392150879,19.734342575073242,20.036476135253906,,,,,
20230320,19.824462890625,,,,,,,
20230321,20.04104232788086,20.409456253051758,20.602497100830078,20.74123191833496,21.04011344909668,20.134180068969727,19.311979293823242,18.66822052001953
20230322,20.355836868286133,,,,,20.099512100219727,,19.099367141723633
20230323,,,,,21.628780364990234,20.93684196472168,19.991127014160156,19.369140625
20230324,19.550884246826172,21.49704360961914,21.69540786743164,,,,19.692779541015625,19.403419494628906
20230325,,,,,,,19.48699951171875,
20230326,,,,,,,,
20230327,20.235149383544922,20.17192840576172,20.421323776245117,,,19.563623428344727,,
20230328,,,21.26696014404297,21.429882049560547,21.110408782958984,20.226224899291992,19.42786979675293,19.001604080200195
20230329,19.262800216674805,,,,,20.930572509765625,20.354333877563477,19.53644371032715
20230330,19.55525016784668,19.565425872802734,20.11050796508789,19.61182403564453,,,,
20230331,19.74028778076172,19.50955581665039,20.028120040893555,20.537376403808594,,,,
20230401,19.528465270996094,19.36988067626953,19.62981605529785,20.18428611755371,20.549320220947266,20.226896286010742,19.38555335998535,18.75749969482422
20230402,,,,,20.663419723510742,20.3536434173584,19.444469451904297,18.993637084960938
20230403,,,,21.786277770996094,21.577781677246094,21.187429428100586,,
20230404,,20.048933029174805,20.407615661621094,20.478374481201172,,,,
20230405,19.740835189819336,19.744550704956055,19.99053192138672,20.286468505859375,20.818687438964844,20.997453689575195,,
20230406,19.67531967163086,19.490625381469727,20.107585906982422,20.459672927856445,20.820680618286133,20.354633331298828,19.574331283569336,18.839351654052734
20230407,,19.93789291381836,20.329097747802734,20.39407730102539,20.4449520111084,20.141651153564453,19.411121368408203,18.987045288085938
20230408,,,,,21.18419647216797,,,18.98492431640625
20230409,,,,,,,,19.601215362548828
20230410,19.341825485229492,18.73685646057129,19.449825286865234,19.321823120117188,18.99650001525879,19.435304641723633,,
20230411,19.421321868896484,19.385202407836914,20.296295166015625,20.505035400390625,20.992115020751953,,,
20230412,19.88603401184082,19.531078338623047,19.908512115478516,20.095539093017578,20.202272415161133,20.02161407470703,19.46453094482422,18.882080078125
20230413,,,,21.131223678588867,20.9697265625,20.55363655090332,19.707271575927734,18.936500549316406
20230414,,,,,,,,
20230415,19.655881881713867,19.491025924682617,20.127626419067383,20.466577529907227,,,,
20230416,19.236303329467773,,19.92881202697754,20.11842918395996,20.255939483642578,20.31298828125,19.624113082885742,19.517047882080078
20230417,19.890588760375977,19.126270294189453,19.42269515991211,19.777769088745117,19.96584129333496,20.030977249145508,19.589513778686523,18.884586334228516
20230418,,,20.14677619934082,20.37318992614746,20.321758270263672,20.135990142822266,19.47943878173828,18.77187156677246
20230419,,,,,,20.68562126159668,19.934581756591797,18.838708877563477
20230420,19.59869384765625,19.1143798828125,19.481830596923828,19.622501373291016,,,,
20230421,19.688278198242188,19.320756912231445,19.532207489013672,19.802722930908203,19.70954704284668,19.614294052124023,19.283201217651367,
20230422,19.67095184326172,19.24774169921875,19.53310203552246,19.70585823059082,19.815473556518555,19.960914611816406,19.41512680053711,18.663719177246094
20230423,20.081298828125,19.914451599121094,19.94719123840332,20.038501739501953,19.96786880493164,19.93546485900879,19.35400390625,18.825868606567383
20230424,,,,,20.73394203186035,20.47341537475586,19.658527374267578,18.94928741455078
20230425,,,,,,19.391326904296875,19.31772232055664,18.52288246154785
20230426,19.268888473510742,19.284894943237305,19.48223304748535,,,,,
20230427,19.1689510345459,18.702075958251953,19.060646057128906,19.298093795776367,19.538724899291992,19.617155075073242,19.1425838470459,18.6914005279541
20230428,19.75132179260254,19.03032875061035,19.077796936035156,19.206472396850586,19.247053146362305,19.41741371154785,,18.26593780517578
20230429,,,19.705907821655273,19.759119033813477,19.784189224243164,19.868267059326172,19.22250747680664,18.538677215576172
20230430,18.798900604248047,,,,,20.419239044189453,19.85956382751465,18.8902645111084
20230501,19.01711082458496,18.166473388671875,19.028419494628906,19.322834014892578,19.493431091308594,,,
20230502,18.97083282470703,18.50934410095215,18.585662841796875,18.792707443237305,18.798091888427734,19.062408447265625,18.67302703857422,18.12584114074707
20230503,18.954769134521484,18.485219955444336,18.39419174194336,18.523881912231445,18.937875747680664,19.387104034423828,19.286361694335938,
20230504,,19.670976638793945,19.44516944885254,19.346256256103516,19.157808303833008,19.277772903442383,18.882068634033203,18.298364639282227
20230505,,,,,,20.14710807800293,19.631805419921875,18.866804122924805
20230506,,18.47330665588379,18.554372787475586,18.525999069213867,,,,
20230507,18.418542861938477,18.31315803527832,18.35839080810547,,,,,
20230508,18.771286010742188,18.033151626586914,18.260412216186523,18.300148010253906,18.414024353027344,19.057722091674805,18.85526466369629,18.62861442565918
20230509,19.573488235473633,18.767351150512695,18.754398345947266,18.613262176513672,18.601367950439453,19.00266456604004,18.727371215820312,18.046342849731445
20230510,,,,,19.578094482421875,19.62036895751953,19.074052810668945,18.376150131225586
20230511,18.328332901000977,17.734655380249023,17.798791885375977,,,,19.141786575317383,18.899019241333008
20230512,18.475967407226562,18.101886749267578,18.244821548461914,18.511690139770508,18.478137969970703,18.927309036254883,,
20230513,,18.004209518432617,17.978551864624023,18.080867767333984,18.383201599121094,18.72212028503418,18.378908157348633,17.877849578857422
20230514,19.005945205688477,18.010509490966797,17.9029541015625,,18.317134857177734,18.89820098876953,18.83504295349121,18.20266342163086
20230515,,,18.923763275146484,18.935808181762695,18.948095321655273,19.10723304748535,18.649988174438477,18.066730499267578
20230516,17.252065658569336,,,,,,19.345979690551758,18.6323299407959
20230517,18.6114559173584,17.80773162841797,17.467885971069336,17.528085708618164,,,,
20230518,18.483312606811523,17.733322143554688,17.804359436035156,18.034414291381836,18.118818283081055,18.400257110595703,18.21470832824707,17.823379516601562
20230519,18.418107986450195,17.677181243896484,17.668201446533203,17.695253372192383,17.692415237426758,18.596622467041016,18.494613647460938,18.057817459106445
20230520,,,18.505937576293945,18.315330505371094,18.17159652709961,18.54181671142578,18.535512924194336,17.879146575927734
20230521,,,,,,19.182567596435547,18.6849308013916,18.04816436767578
20230522,18.660356521606445,17.647016525268555,16.87222671508789,16.962881088256836,,,,
20230523,19.447416305541992,,18.224834442138672,18.11025047302246,18.172636032104492,18.48185157775879,18.06638526916504,
20230524,17.93522834777832,,,,,18.558761596679688,18.812713623046875,18.507835388183594
20230525,,18.549888610839844,18.0111083984375,17.656774520874023,,,,
20230526,,,,,18.67266082763672,18.650474548339844,18.26397705078125,17.801164627075195
20230527,,,,,,,,19.059999465942383
20230528,18.057939529418945,17.82386016845703,17.788280487060547,17.74815559387207,17.374675750732422,,,
20230529,18.577919006347656,18.276561737060547,17.699209213256836,17.556377410888672,17.46690559387207,17.789756774902344,17.644804000854492,17.375242233276367
20230530,,,,,17.676151275634766,18.271745681762695,17.814682006835938,17.93670654296875
20230531,,,,,18.33049774169922,,,17.803312301635742
20230601,,,,,,,18.032072067260742,18.29193878173828
20230602,,,17.104225158691406,17.199018478393555,17.099397659301758,,,
20230603,,,,17.339433670043945,17.080915451049805,17.22433090209961,17.710861206054688,17.288372039794922
20230604,17.931041717529297,17.743928909301758,17.045757293701172,17.087230682373047,16.968412399291992,17.431156158447266,17.822492599487305,17.769290924072266
20230605,,19.229427337646484,18.439611434936523,17.776765823364258,17.3824405670166,17.61483383178711,17.573917388916016,
20230606,,,,,,18.781597137451172,18.56066131591797,17.99915885925293
20230607,17.462257385253906,17.83266258239746,17.296142578125,17.032062530517578,,,,
20230608,17.34761619567871,17.266244888305664,17.523399353027344,17.073570251464844,16.961336135864258,17.366579055786133,17.451696395874023,
20230609,,,,,,,,
20230610,,18.062854766845703,17.420276641845703,,,,,17.144224166870117
20230611,,,,,17.7120418548584,17.888628005981445,17.803613662719727,17.467798233032227
20230612,,17.046218872070312,17.13620376586914,,,,,17.85188865661621
20230613,17.337249755859375,17.01224708557129,16.902788162231445,16.623910903930664,16.309370040893555,16.510662078857422,,
20230614,,16.72408676147461,17.055118560791016,16.785484313964844,16.64492416381836,17.126724243164062,17.130685806274414,17.192365646362305
20230616,,,18.465970993041992,17.625347137451172,16.93287467956543,17.195436477661133,17.26607322692871,17.240921020507812
20230617,17.89644432067871,,,,,,,17.781553268432617
20230618,,,16.87603759765625,16.6389217376709,15.619614601135254,,,
20230619,17.08577537536621,16.57441520690918,16.430112838745117,16.680898666381836,16.2393856048584,16.433271408081055,,16.703664779663086
20230620,17.612590789794922,17.12850570678711,,,,16.730348587036133,16.58676528930664,
20230621,,17.36058807373047,16.915096282958984,16.6077880859375,16.10582160949707,16.04244613647461,,
20230622,,,,,,16.740123748779297,16.929153442382812,17.081951141357422
20230623,,,16.242870330810547,15.720449447631836,,,,
20230624,16.748228073120117,15.821930885314941,15.656411170959473,15.206665992736816,15.53805923461914,16.073211669921875,16.337797164916992,
20230625,16.406999588012695,15.613470077514648,15.625299453735352,15.825048446655273,15.470813751220703,15.981534004211426,16.00347137451172,15.908251762390137
20230626,16.95203971862793,16.126981735229492,15.892889976501465,15.592753410339355,15.23203182220459,15.125128746032715,15.268620491027832,15.892413139343262
20230627,,,,,,,,
20230628,16.235742568969727,16.130359649658203,,,,,,16.757522583007812
20230629,,15.077767372131348,15.686626434326172,15.45366382598877,14.666337966918945,15.478619575500488,,
20230630,,15.642030715942383,15.811483383178711,,,15.635000228881836,15.417743682861328,15.3656587600708
20230701,,,,,14.908266067504883,15.461186408996582,15.599281311035156,15.796817779541016
20230702,,,16.523448944091797,15.633711814880371,14.927833557128906,15.267427444458008,15.429262161254883,15.798847198486328
20230703,16.480615615844727,,,,,,16.260662078857422,15.457030296325684
20230704,,16.13374137878418,16.108867645263672,15.719481468200684,15.081429481506348,,,
20230705,15.653342247009277,15.863045692443848,15.808613777160645,15.570098876953125,15.334258079528809,15.74162769317627,15.917325019836426,
20230706,16.52250099182129,15.262348175048828,14.868889808654785,14.549147605895996,14.478525161743164,15.14361572265625,15.478745460510254,15.92969036102295
20230707,,16.59614372253418,16.232418060302734,15.71170425415039,15.08206558227539,15.436710357666016,15.369744300842285,15.546359062194824
20230708,,,,,,15.615432739257812,15.67009162902832,15.719826698303223
20230709,,,,,,,,
20230710,16.215490341186523,15.775127410888672,15.722391128540039,15.478856086730957,14.951171875,15.174269676208496,15.015218734741211,
20230711,16.330047607421875,15.746936798095703,15.771669387817383,15.451539039611816,15.06749439239502,15.557168006896973,15.62853717803955,15.799813270568848
20230712,,16.419370651245117,16.230762481689453,15.69377613067627,15.076031684875488,15.510976791381836,15.550490379333496,15.843375205993652
20230713,,,,,16.128124237060547,16.01563835144043,15.85565185546875,15.955310821533203
20230714,15.595383644104004,15.775903701782227,,,,,,
20230715,16.120342254638672,15.596195220947266,15.637401580810547,15.135201454162598,14.61415958404541,14.785292625427246,,
20230716,16.16436195373535,15.625419616699219,15.574540138244629,15.245196342468262,14.814971923828125,15.188284873962402,15.402999877929688,
20230717,16.681232452392578,15.907719612121582,15.72851276397705,15.232523918151855,14.763158798217773,15.11246395111084,15.243668556213379,15.518574714660645
20230718,,,,15.902627944946289,15.166389465332031,15.205648422241211,15.117431640625,15.331160545349121
20230719,16.584285736083984,,,,,,15.916775703430176,16.146703720092773
20230720,16.04349708557129,15.12855339050293,15.137211799621582,14.767640113830566,14.487272262573242,,,
20230721,15.89033317565918,15.42089557647705,15.337177276611328,15.051239013671875,14.612001419067383,14.83360767364502,15.102507591247559,15.164674758911133
20230722,16.004854202270508,15.198594093322754,14.954232215881348,14.946013450622559,14.459897994995117,15.081371307373047,15.297957420349121,15.546907424926758
20230723,,15.690404891967773,15.784835815429688,15.192571640014648,14.59400463104248,14.774419784545898,14.865921020507812,15.068163871765137
20230724,,,,,,15.31075668334961,,
20230725,16.058589935302734,15.375720024108887,15.02754020690918,14.748047828674316,,,,
20230726,,,15.758784294128418,15.324359893798828,14.885529518127441,15.275845527648926,15.413901329040527,
20230727,15.754874229431152,15.220416069030762,15.1373872756958,,,,15.54134464263916,15.789815902709961
20230728,,15.428878784179688,15.293506622314453,14.690954208374023,14.159942626953125,14.808631896972656,15.045370101928711,15.383659362792969
20230729,,,,,15.453085899353027,15.492345809936523,15.296225547790527,15.27228832244873
20230730,15.772018432617188,14.372398376464844,14.247111320495605,,,,,15.995187759399414
20230731,15.556376457214355,15.077862739562988,14.625751495361328,14.222043991088867,14.008036613464355,14.113287925720215,,
20230801,15.839505195617676,15.236700057983398,15.144052505493164,14.990874290466309,14.83155345916748,15.035207748413086,14.994230270385742,15.03819751739502
20230802,16.550128936767578,15.832308769226074,15.515807151794434,15.234434127807617,14.930469512939453,15.268128395080566,15.34571361541748,15.60525131225586
20230803,,,,,15.183235168457031,15.093247413635254,15.355122566223145,15.599719047546387
20230804,,,,,,,15.78167724609375,15.756598472595215
20230805,15.693205833435059,15.381270408630371,15.071364402770996,,,,,
20230806,14.879189491271973,13.384531021118164,13.662973403930664,13.682417869567871,13.307707786560059,14.359481811523438,14.590714454650879,15.250895500183105
20230807,15.966266632080078,15.231919288635254,14.899999618530273,,14.563895225524902,14.313802719116211,14.146982192993164,14.591090202331543
20230808,,,15.809558868408203,15.384618759155273,14.855724334716797,15.021528244018555,15.006221771240234,15.244832038879395
20230809,,,,,,15.977195739746094,15.714086532592773,15.6112699508667
20230810,15.388083457946777,15.032654762268066,14.471896171569824,14.078221321105957,,,,
20230811,,,,,,15.019989967346191,14.818483352661133,
20230812,15.717206954956055,15.159575462341309,,,,,,15.514130592346191
20230813,,,,14.071540832519531,14.316413879394531,14.698861122131348,14.372015953063965,
20230814,,,,,,,,15.062530517578125
20230815,15.849884033203125,15.099329948425293,,,,,15.629546165466309,15.654095649719238
20230816,,15.597542762756348,15.395782470703125,14.863414764404297,14.639629364013672,14.519853591918945,,
20230817,15.529438018798828,15.118331909179688,14.725379943847656,14.710965156555176,,14.940474510192871,15.448877334594727,15.516331672668457
20230818,,14.85721492767334,14.758869171142578,14.592227935791016,14.563685417175293,14.665692329406738,14.773698806762695,15.03801441192627
20230819,,,15.930937767028809,15.384374618530273,15.0781831741333,14.904296875,14.700273513793945,14.875371932983398
20230820,15.374277114868164,,,,,,15.496960639953613,15.168811798095703
20230821,15.69305419921875,15.339707374572754,15.189471244812012,15.129429817199707,14.578974723815918,,,
20230822,15.628023147583008,15.13814926147461,14.963939666748047,14.893506050109863,14.856832504272461,14.870226860046387,14.893803596496582,15.148876190185547
20230823,16.032155990600586,15.303384780883789,15.19406509399414,15.053699493408203,14.872147560119629,14.992194175720215,15.057487487792969,15.17488956451416
20230824,,15.57166576385498,16.00640296936035,15.580018997192383,15.155679702758789,15.155550956726074,15.123595237731934,15.345340728759766
20230825,,,,,,16.178592681884766,15.986373901367188,15.857712745666504
20230826,16.337644577026367,14.966440200805664,14.71848201751709,14.661624908447266,,,,
20230827,16.413360595703125,15.951637268066406,,,,14.728415489196777,,
20230828,15.674535751342773,16.002328872680664,15.801814079284668,15.685450553894043,15.608738899230957,15.700648307800293,15.811083793640137,15.971150398254395
20230829,16.521461486816406,16.312990188598633,,15.529019355773926,15.454224586486816,15.512807846069336,15.68161392211914,15.927360534667969
20230830,,,,,,,15.45964241027832,15.33506965637207
20230831,16.186851501464844,14.867959976196289,,,,,,
20230901,16.432809829711914,15.735625267028809,15.496867179870605,15.110630989074707,14.223553657531738,14.419838905334473,,
20230902,16.285600662231445,15.644133567810059,15.597780227661133,,15.563977241516113,15.580519676208496,15.47357177734375,15.069293022155762
20230903,16.965126037597656,15.818137168884277,15.591536521911621,15.514084815979004,15.365209579467773,15.518584251403809,15.767415046691895,15.979302406311035
20230904,,,16.008682250976562,15.737349510192871,15.463297843933105,15.219799041748047,15.064931869506836,15.155569076538086
20230905,16.038179397583008,,,,,,15.822654724121094,15.706955909729004
20230906,,15.029035568237305,15.67190933227539,15.570472717285156,,,,
20230907,16.08678436279297,15.266154289245605,15.116044044494629,15.026665687561035,14.971890449523926,15.044868469238281,14.725146293640137,
20230908,16.405506134033203,15.398189544677734,15.1100435256958,14.832332611083984,14.92845344543457,15.057656288146973,15.090253829956055,15.22748851776123
20230909,16.866153717041016,,15.933271408081055,15.490339279174805,15.173758506774902,15.104576110839844,14.926867485046387,15.029356002807617
20230910,,,14.885048866271973,,,15.845327377319336,15.618324279785156,15.435466766357422
20230911,16.754053115844727,15.98990249633789,15.913813591003418,15.856918334960938,,,,15.659812927246094
20230912,17.16868782043457,16.634563446044922,16.252439498901367,16.007970809936523,15.672062873840332,15.736194610595703,15.666078567504883,
20230913,,,15.844952583312988,15.692030906677246,15.655336380004883,15.647686004638672,15.688416481018066,15.830357551574707
20230914,16.65134620666504,,,15.13800048828125,15.479599952697754,15.488064765930176,15.195222854614258,
20230915,,,,,15.937171936035156,15.739608764648438,15.450312614440918,15.334784507751465
20230916,16.491554260253906,15.482443809509277,15.144323348999023,,,,,16.458927154541016
20230917,16.542268753051758,15.52084732055664,15.679205894470215,15.958181381225586,16.051971435546875,16.24846076965332,,
20230918,16.36866569519043,15.702991485595703,15.531832695007324,,,,,15.829561233520508
20230919,16.9688663482666,16.208932876586914,15.730344772338867,15.338924407958984,15.436176300048828,15.44076919555664,15.518033981323242,15.524702072143555
20230920,,,16.39910125732422,16.22486686706543,15.99450969696045,15.824134826660156,15.787946701049805,15.744857788085938
20230921,15.675607681274414,,,,,,,16.09090805053711
20230922,,15.405085563659668,15.564098358154297,,,,,
20230923,,16.369384765625,16.234413146972656,16.241065979003906,16.304317474365234,16.185516357421875,16.163103103637695,16.088993072509766
20230924,,,,,16.346874237060547,16.396135330200195,16.57977294921875,16.74799919128418
20230925,,,,,,,,
20230926,,,,,,16.563594818115234,16.53006935119629,16.371814727783203
20230927,17.06839942932129,16.068941116333008,15.530224800109863,15.240605354309082,,,,
20230928,17.255006790161133,16.425352096557617,15.999152183532715,15.935315132141113,15.79931354522705,15.278738021850586,15.352883338928223,
20230929,17.438491821289062,16.788963317871094,16.49901008605957,16.273767471313477,16.37879753112793,16.27101707458496,16.219837188720703,16.28105926513672
20230930,,,,17.250131607055664,17.06633949279785,16.780364990234375,16.597009658813477,16.697738647460938
20231002,17.166048049926758,16.521886825561523,16.291139602661133,,,,,16.956649780273438
20231003,16.387554168701172,16.16522216796875,15.870904922485352,15.862297058105469,15.672654151916504,15.634211540222168,,
20231004,,16.0831241607666,15.82675552368164,15.853755950927734,15.963534355163574,15.889606475830078,15.820211410522461,15.975020408630371
20231005,16.908817291259766,16.178861618041992,15.874704360961914,15.67104721069336,15.703009605407715,15.595142364501953,15.552915573120117,
20231006,,,,,15.516093254089355,15.499703407287598,15.64263916015625,15.622700691223145
20231007,16.539417266845703,,,,,,16.49225616455078,16.461566925048828
20231008,17.104862213134766,,,,15.480547904968262,,,
20231009,17.161746978759766,16.272438049316406,15.776779174804688,16.6372127532959,16.34558868408203,16.105131149291992,15.987344741821289,15.903846740722656
20231010,17.185203552246094,16.85144805908203,16.476667404174805,16.72435188293457,16.779659271240234,16.463768005371094,16.4096622467041,16.606239318847656
20231011,,17.16701316833496,16.737716674804688,,17.166248321533203,16.84710693359375,16.809410095214844,16.960281372070312
20231012,,,,,,16.828903198242188,16.695993423461914,16.476985931396484
20231013,16.952777862548828,16.37601661682129,,,,,,
20231014,,,,,,15.391621589660645,14.884357452392578,
20231015,16.96648597717285,,,,,,,
20231016,,,,16.349241256713867,,15.948116302490234,15.988903045654297,16.09912109375
20231017,,15.26402473449707,16.574914932250977,17.188005447387695,18.105571746826172,16.647062301635742,16.538938522338867,16.36784553527832
20231018,17.78847312927246,17.32680320739746,16.99087142944336,,,,,
20231019,16.805482864379883,16.63202667236328,,,,16.600915908813477,,17.254106521606445
20231020,16.624126434326172,16.464445114135742,16.197797775268555,16.88380241394043,,,,
20231021,17.72224235534668,,15.676041603088379,16.322120666503906,16.821136474609375,,,
20231022,,,,16.88935089111328,,16.445465087890625,16.1478271484375,16.16097640991211
20231023,,,,,,15.598787307739258,16.38591194152832,17.018095016479492
20231024,,16.846973419189453,,,,,,
20231025,17.0579776763916,16.883560180664062,16.55548095703125,,,,,
20231026,,,,,,,,
20231027,,,16.982524871826172,17.289033889770508,17.1683406829834,16.724388122558594,16.46613883972168,16.372772216796875
20231028,,,,,,,16.994140625,
20231029,,16.744544982910156,16.560884475708008,16.460216522216797,,,,
20231030,,16.611038208007812,16.4013729095459,16.39192008972168,,,,
20231031,16.740638732910156,16.198060989379883,,,16.659576416015625,16.688762664794922,16.67313575744629,16.529787063598633
20231101,17.321455001831055,,16.720901489257812,16.71567726135254,16.71677017211914,,16.604822158813477,16.55500030517578
20231102,,,,,,,,
20231103,,,,,,,,17.60453224182129
20231104,16.854188919067383,,,,,,,
20231105,17.113250732421875,16.909299850463867,,,15.08214282989502,15.724172592163086,15.994946479797363,16.413196563720703
20231106,18.161968231201172,,,16.497547149658203,16.307083129882812,16.970163345336914,17.0736026763916,17.133853912353516
20231107,,,16.79837989807129,17.678436279296875,17.840415954589844,17.37600326538086,17.21982765197754,17.122161865234375
20231108,16.949018478393555,,,,,,,18.000812530517578
20231109,17.512386322021484,15.243087768554688,16.879899978637695,17.04412078857422,17.289628982543945,,,
20231110,,16.57294273376465,,,,17.840641021728516,18.022415161132812,
20231111,,,,,,,,16.079355239868164
20231112,,,,,,,16.48285675048828,16.38298225402832
20231113,,,,,,,,16.158721923828125
20231114,,,,,,,,
20231115,,,,,17.932111740112305,17.65292739868164,,
20231116,,,,,,16.09515380859375,,
20231117,,,17.162443161010742,17.00754737854004,,16.505592346191406,15.395763397216797,16.434206008911133
20231118,,,,,,,,
20231119,17.176992416381836,16.944137573242188,,,,,,16.95128631591797
20231120,,,17.682498931884766,17.490379333496094,,,,
20231121,,,17.023296356201172,17.20694923400879,17.388330459594727,16.960115432739258,,
20231122,18.148685455322266,,,,,,,
20231123,,,,,,,,
20231124,17.111217498779297,,,,,,,16.95452308654785
20231125,17.521011352539062,,,,,,,
20231126,,,,,,,,
20231127,17.079181671142578,16.726043701171875,17.1025447845459,17.216901779174805,17.300457000732422,17.251047134399414,,16.543392181396484
20231128,,,,17.413143157958984,17.581296920776367,17.13671112060547,16.856494903564453,16.733064651489258
20231129,,,,,,,17.582704544067383,
20231130,16.459251403808594,16.615585327148438,,,,,,
20231201,16.874727249145508,17.22603416442871,17.200838088989258,,,,,
20231202,17.18902015686035,,16.926895141601562,17.621301651000977,,17.356109619140625,,
20231203,17.48118019104004,18.672815322875977,18.22386360168457,18.26567840576172,18.090255737304688,17.45273208618164,17.584613800048828,17.544578552246094
20231204,,,,19.071189880371094,18.495128631591797,18.783748626708984,18.69976806640625,18.412338256835938
20231205,17.48512840270996,17.678380966186523,,,,,,
20231206,,,,,18.94468116760254,,,
20231207,17.74277687072754,18.013111114501953,17.404022216796875,17.554912567138672,17.51566505432129,,,
20231208,18.138029098510742,18.024425506591797,18.306720733642578,,,,18.457534790039062,18.527076721191406
20231209,,,,18.736181259155273,18.77190589904785,18.121301651000977,,
20231210,17.79681968688965,,,,,,,17.478904724121094
20231211,,,17.833242416381836,18.1732234954834,,,,
20231212,17.50583839416504,,,,,,,
20231213,17.978681564331055,,,17.01893424987793,17.9733829498291,17.699453353881836,17.309541702270508,17.057287216186523
20231214,,18.663436889648438,18.593461990356445,18.480960845947266,18.34152603149414,17.849882125854492,,
20231215,,,,,,18.856822967529297,18.871461868286133,17.482593536376953
20231216,18.232210159301758,18.450241088867188,18.269351959228516,18.372440338134766,,,,
20231217,,,,,,,18.250762939453125,
20231218,18.012662887573242,18.056007385253906,18.02706527709961,18.335887908935547,18.691646575927734,18.112688064575195,17.949190139770508,
20231219,,18.675283432006836,,18.153696060180664,18.49897003173828,,,17.54670524597168
20231220,,,,,,18.384004592895508,18.02043914794922,17.514583587646484
20231221,,,,,,,,16.90312385559082
20231222,,,,,,,,16.064613342285156
20231223,16.598087310791016,,,18.116180419921875,18.45578384399414,18.22694969177246,18.222055435180664,17.97231674194336
20231224,18.197097778320312,18.275413513183594,18.17218589782715,17.92430305480957,18.633167266845703,18.00928497314453,17.610109329223633,17.110837936401367
20231225,,,,19.252405166625977,19.209789276123047,18.38899040222168,17.87957191467285,17.20440101623535
20231226,,,,,19.344024658203125,,,17.775249481201172
20231227,17.40536880493164,19.10154151916504,19.176422119140625,,,,,
20231228,,,17.602331161499023,18.508146286010742,19.41703224182129,19.581844329833984,19.281198501586914,18.888469696044922
20231229,17.884246826171875,,,,,,17.68336296081543,17.51047706604004
20231230,,,,,,,,17.03204917907715
20231231,,,,,,,,16.909761428833008
20240101,,17.81861114501953,18.968040466308594,,,,,
20240102,,,,,,,,
20240103,16.990154266357422,17.973466873168945,,,17.8012638092041,17.598907470703125,,
20240104,,,,,,,,
20240105,,,,,,,,18.09684181213379
20240106,,,,,,,,
20240107,,,,,,,,
20240108,17.471878051757812,,,,,,,
20240109,18.715373992919922,19.07381820678711,19.009679794311523,19.480571746826172,19.466691970825195,,17.94755744934082,17.956769943237305
20240110,,,,,20.189376831054688,19.478574752807617,18.675891876220703,18.15373420715332
20240111,18.281753540039062,,,,,,,19.167295455932617
20240112,,,,,,,,
20240113,,,,,19.77254867553711,19.644363403320312,19.27088165283203,18.80836296081543
20240114,,18.65866470336914,19.061479568481445,19.257354736328125,19.779251098632812,19.366100311279297,,
20240115,,,,,19.929105758666992,19.24252700805664,18.78350257873535,18.719913482666016
20240116,,,,,,,,
20240117,,,,,,,,
20240118,17.293916702270508,17.482500076293945,,,,,,
20240119,18.246278762817383,19.252153396606445,19.375978469848633,19.87411117553711,19.98087501525879,18.85964012145996,18.126529693603516,17.854167938232422
20240120,,,19.369163513183594,19.59568977355957,,19.131399154663086,18.851377487182617,18.631162643432617
20240121,,,,,20.0693416595459,19.079050064086914,18.61499786376953,18.127058029174805
20240122,19.059249877929688,19.665321350097656,,,,,,
20240123,17.989452362060547,18.55254554748535,19.645349502563477,21.189998626708984,21.4239501953125,,,
20240124,18.295997619628906,18.91179656982422,19.098953247070312,,,,,
20240125,18.841726303100586,19.03282356262207,,,,,19.358598709106445,19.29361343383789
20240126,,,,,,,18.00826644897461,17.841461181640625
20240127,18.020755767822266,,,,,,,18.353864669799805
20240128,19.080188751220703,19.583206176757812,19.360078811645508,19.41963005065918,19.755971908569336,,,
20240129,18.392013549804688,19.242298126220703,19.341209411621094,19.97417640686035,20.371885299682617,19.854251861572266,19.549575805664062,19.376638412475586
20240130,19.074636459350586,19.50973129272461,19.47272491455078,19.452749252319336,,,18.41952896118164,18.54412269592285
20240131,,,20.47665786743164,20.372045516967773,,,18.638334274291992,18.204002380371094
20240201,,,,,,19.791223526000977,19.02566909790039,18.618064880371094
20240202,19.436098098754883,19.883024215698242,19.943069458007812,20.004056930541992,,,,
20240203,19.549720764160156,20.518274307250977,20.596630096435547,21.018278121948242,21.0360164642334,20.118772506713867,19.226097106933594,
20240204,,,,20.938737869262695,20.963138580322266,20.25282096862793,19.84640884399414,19.524940490722656
20240205,,,20.05176544189453,20.272417068481445,20.045806884765625,18.92607307434082,,
20240206,,,,20.94305992126465,20.812177658081055,19.57667350769043,18.77350616455078,17.94849967956543
20240207,19.016801834106445,19.768306732177734,,,,,,19.042911529541016
20240208,19.273590087890625,19.70134162902832,20.104339599609375,20.31549835205078,,,,
20240209,18.96502113342285,18.652408599853516,19.813762664794922,20.321657180786133,,,18.011552810668945,17.920560836791992
20240210,19.19910430908203,18.843191146850586,,,19.10051918029785,18.37738037109375,18.1812744140625,18.068531036376953
20240211,,,,,,19.15790557861328,18.675119400024414,18.338939666748047
20240212,18.599153518676758,,,,,,,19.00804328918457
20240213,,,,,,,,
20240214,,,,,19.408903121948242,19.100994110107422,18.310218811035156,17.922565460205078
20240215,19.054391860961914,19.294204711914062,19.648483276367188,20.092329025268555,,,17.519800186157227,17.98247718811035
20240216,,,20.639310836791992,20.683076858520508,19.57839584350586,18.565982818603516,17.788475036621094,18.023916244506836
20240217,,,,,,,19.1778564453125,18.645402908325195
20240218,,,21.037437438964844,21.053386688232422,,,,
20240219,,,,21.084192276000977,,20.471830368041992,19.855981826782227,
20240220,,,,,,,,19.5441951751709
20240221,19.589256286621094,20.66977310180664,19.987993240356445,20.26350975036621,,,19.64765167236328,19.317121505737305
20240222,,,,,,20.948564529418945,20.30490493774414,19.8158016204834
20240223,,,,,,,,19.231508255004883
20240224,18.15521240234375,18.241716384887695,20.043554306030273,20.4375,,,,
20240225,,,,,,19.53099250793457,19.267549514770508,18.67203140258789
20240226,,,,,,19.265056610107422,18.780946731567383,19.124509811401367
20240227,18.35221290588379,,,21.744966506958008,21.100688934326172,20.037429809570312,19.345346450805664,19.002534866333008
20240228,18.49799919128418,,,,19.26275062561035,19.73634147644043,,19.39914321899414
20240229,,,20.30848503112793,20.434030532836914,20.669382095336914,,,
20240301,18.663787841796875,,,,19.770626068115234,20.3079776763916,19.948957443237305,20.078887939453125
20240302,18.65048599243164,19.17903709411621,19.51184844970703,,,18.672353744506836,18.69847297668457,18.623741149902344
20240303,18.64910125732422,20.786998748779297,20.830047607421875,20.68909454345703,20.140867233276367,19.38808250427246,18.480634689331055,18.28449249267578
20240304,,,,,,,,
20240305,,20.66446304321289,,,,,,
20240306,,,,,,,,
20240307,,,19.5625,19.56357192993164,,,,
20240308,20.054420471191406,20.527761459350586,20.872896194458008,20.85212516784668,20.123720169067383,,,
20240309,,,,,22.295732498168945,21.050291061401367,19.488725662231445,19.360620498657227
20240310,18.99471664428711,18.74256134033203,,,,19.776968002319336,,
20240311,,,,,,,,
20240312,,,,,,,,
20240313,,,,,,,,
20240314,,,,21.24751091003418,20.69058609008789,20.228803634643555,19.2578067779541,18.79059410095215
20240315,,,,,,,,
20240316,17.761030197143555,19.196910858154297,,,,,,
20240317,18.202146530151367,,,19.883970260620117,,,17.350414276123047,
20240318,19.089208602905273,19.398889541625977,20.170639038085938,20.170974731445312,,19.283367156982422,18.58701515197754,18.19579315185547
20240319,,20.686052322387695,,,,,,18.50012969970703
20240320,,,,,,19.47040367126465,18.4737491607666,18.10007095336914
20240321,,,,,,,,
20240322,17.789409637451172,,,,19.09119987487793,18.47365379333496,16.784143447875977,
20240323,18.516870498657227,19.425392150878906,19.837646484375,19.52260971069336,18.922330856323242,18.465364456176758,16.812835693359375,16.34853744506836
20240324,,20.482290267944336,20.446321487426758,20.10202407836914,19.02950668334961,18.315702438354492,17.05427360534668,16.138551712036133
20240325,17.74757957458496,,,,,19.009811401367188,17.2647762298584,16.29998207092285
20240326,18.458003997802734,19.452377319335938,19.54923439025879,19.10497283935547,,,,
20240327,18.298559188842773,19.408782958984375,19.78266143798828,,,17.821331024169922,16.11406707763672,16.42226791381836
20240328,18.516454696655273,19.209047317504883,19.6372013092041,19.3549861907959,18.881624221801758,18.20783042907715,16.991334915161133,16.181169509887695
20240329,,,20.62758445739746,20.147499084472656,19.245738983154297,18.723613739013672,17.02696418762207,16.25568389892578
20240330,18.287107467651367,,,,,19.306596755981445,,17.140356063842773
20240331,18.115583419799805,19.93536376953125,20.374706268310547,19.833972930908203,,,,
20240401,,,19.81535530090332,19.391361236572266,19.13059425354004,18.41179084777832,16.440889358520508,16.46297836303711
20240402,18.46385955810547,18.787343978881836,,,,,17.133134841918945,16.40960693359375
20240403,,20.137065887451172,20.33453941345215,19.8547420501709,19.23090362548828,18.3521728515625,16.917465209960938,16.14287757873535
20240404,17.390615463256836,,,,,,18.036008834838867,17.514497756958008
20240405,18.430009841918945,19.17694854736328,19.275423049926758,18.83950424194336,,,,
20240406,18.3375186920166,19.261533737182617,19.643274307250977,19.306610107421875,18.729480743408203,18.17791175842285,16.966455459594727,16.56214714050293
20240407,18.35807228088379,18.483781814575195,19.33749771118164,18.849519729614258,17.9647159576416,17.17295265197754,,15.032272338867188
20240408,,20.31444549560547,20.02645492553711,19.483217239379883,18.840425491333008,18.057018280029297,16.776493072509766,15.60429859161377
20240409,,,,,,18.952749252319336,17.559722900390625,16.40553855895996
20240410,,19.384632110595703,,,,,,
20240411,17.521743774414062,19.159578323364258,,,,17.820791244506836,,
20240412,17.931730270385742,18.863388061523438,19.150930404663086,,,,,
20240413,,,19.344280242919922,19.169437408447266,18.654760360717773,17.8937931060791,16.860553741455078,16.317171096801758
20240414,,,,,,,16.35080337524414,16.13177490234375
20240415,17.939655303955078,18.64887237548828,,,,,,16.9362735748291
20240416,17.91334342956543,18.487651824951172,18.961227416992188,,18.15126609802246,17.855937957763672,,
20240417,17.904132843017578,18.52112579345703,18.85688018798828,18.965850830078125,18.508615493774414,17.91465187072754,16.924915313720703,16.18428611755371
20240418,18.797548294067383,19.165985107421875,19.249998092651367,18.869150161743164,18.413816452026367,17.778398513793945,16.7081356048584,16.18557357788086
20240419,,,,,,,17.208343505859375,16.47568130493164
20240420,17.959583282470703,,,,,,17.286746978759766,16.792381286621094
20240421,18.188974380493164,18.69119644165039,19.00817108154297,18.809724807739258,,,,
20240422,18.237197875976562,19.03433609008789,19.344886779785156,19.254352569580078,18.717418670654297,18.114444732666016,17.156124114990234,16.988142013549805
20240423,,,,,,,,
20240424,,,,,,,,15.395468711853027
20240425,,,,,,,,
20240426,,,,,,,,
20240427,17.732160568237305,,,,,,,
20240428,17.71930694580078,18.32244300842285,18.878917694091797,18.476402282714844,18.119672775268555,17.798242568969727,17.088315963745117,16.479598999023438
20240429,,19.195568084716797,18.851482391357422,,17.966291427612305,17.567716598510742,16.21792221069336,16.108867645263672
20240430,,,,,,17.514137268066406,16.57174301147461,15.799302101135254
20240501,,,,,,,,16.197494506835938
20240502,,18.60431671142578,18.46090316772461,,17.49298095703125,,,
20240503,,18.150876998901367,,18.19072914123535,17.92015838623047,17.193740844726562,16.29413604736328,15.115398406982422
20240504,17.763139724731445,18.022132873535156,18.540037155151367,18.108339309692383,17.539020538330078,17.376724243164062,16.1715087890625,15.429530143737793
20240505,,,19.254192352294922,,17.984651565551758,17.38332176208496,16.38745880126953,15.654420852661133
20240506,,,,,,,17.076400756835938,16.172035217285156
20240507,17.887666702270508,18.290557861328125,18.686439514160156,18.26028823852539,17.842552185058594,,,
20240508,17.476831436157227,17.90546989440918,18.3662109375,18.012950897216797,17.2811222076416,16.945268630981445,16.127979278564453,16.0065860748291
20240509,17.5606632232666,17.937856674194336,18.178813934326172,17.7951717376709,17.3106689453125,16.83043098449707,16.317508697509766,15.526399612426758
20240510,,18.097673416137695,18.648029327392578,18.46985626220703,17.749263763427734,17.23232650756836,16.416608810424805,15.67977237701416
20240511,,,,17.89907455444336,,,16.04131317138672,15.392047882080078
20240512,17.295597076416016,17.989469528198242,18.6265869140625,18.649900436401367,,,,
20240513,,,,,,,,
20240514,16.774866104125977,17.77507972717285,17.956449508666992,18.19912338256836,17.530000686645508,17.31944465637207,,16.052396774291992
20240515,17.605146408081055,18.612550735473633,18.727834701538086,18.140522003173828,,,,
20240516,,,,,17.9613094329834,17.43641471862793,16.71330451965332,15.700779914855957
20240517,17.49643898010254,17.681364059448242,,,,,,
20240518,17.636098861694336,17.532873153686523,,,16.95888900756836,,,
20240519,17.6934814453125,17.646953582763672,17.99175453186035,17.70241355895996,,16.496809005737305,15.796650886535645,14.9600248336792
20240520,,17.0386905670166,,,,,15.514775276184082,14.869837760925293
20240521,,,17.62566375732422,18.001873016357422,17.26736068725586,16.382600784301758,15.377686500549316,15.185153007507324
20240522,,,,17.043519973754883,,16.673954010009766,15.976277351379395,14.385896682739258
20240523,18.095996856689453,17.868650436401367,17.782041549682617,,,,,14.484896659851074
20240524,17.92367935180664,17.853620529174805,18.091196060180664,17.809385299682617,17.371641159057617,,15.625457763671875,
20240525,18.426523208618164,18.08294677734375,18.025470733642578,17.577838897705078,17.056493759155273,16.616506576538086,16.111543655395508,15.380847930908203
20240526,,18.957632064819336,18.634244918823242,18.08232879638672,17.192588806152344,16.671451568603516,16.1356143951416,15.428841590881348
20240527,,,,,,17.603437423706055,16.730138778686523,15.656946182250977
20240528,,,,,,,,
20240529,18.610475540161133,,,,16.89645767211914,16.863554000854492,,
20240530,17.857011795043945,17.365896224975586,17.584684371948242,17.022520065307617,16.647018432617188,16.303407669067383,16.07098960876465,
20240531,19.473878860473633,18.316354751586914,17.799592971801758,17.407432556152344,16.69524383544922,16.406538009643555,15.800081253051758,15.068182945251465
20240601,,,18.67386245727539,17.415069580078125,17.27408790588379,16.66193962097168,15.617735862731934,15.261629104614258
20240602,,17.704055786132812,17.424118041992188,,,17.083236694335938,16.454824447631836,15.398080825805664
20240603,,17.12013053894043,17.591754913330078,17.06817054748535,,,,
20240604,18.70437240600586,17.58017349243164,17.42586898803711,17.03080940246582,16.46799087524414,16.34845542907715,15.59071159362793,15.412043571472168
20240605,19.295726776123047,18.211286544799805,17.401891708374023,16.991317749023438,16.351913452148438,16.19025993347168,15.665480613708496,15.128890037536621
20240606,,,18.678466796875,17.881717681884766,16.992536544799805,16.547378540039062,15.08935546875,14.767620086669922
20240607,,,,,,,16.353164672851562,15.753398895263672
20240608,,,,,,,15.235001564025879,14.146780014038086
20240609,,,,,,16.531341552734375,15.156908988952637,15.115077018737793
20240610,,,,,,,,
20240611,,19.282794952392578,,17.946224212646484,16.582847595214844,16.57958984375,,
20240612,,,,,,,,
20240613,18.825178146362305,,,,,,,
20240614,18.85586166381836,17.504531860351562,17.06926918029785,16.991342544555664,16.43113899230957,16.11067771911621,15.438860893249512,
20240615,19.889999389648438,,,,,,15.407968521118164,15.399340629577637
20240616,20.088281631469727,19.027000427246094,18.24505043029785,,,,,15.273505210876465
20240617,,,,,,,,
20240618,19.03388786315918,17.344390869140625,,,,,,
20240619,19.14621353149414,18.183345794677734,16.989551544189453,,16.35055923461914,16.320951461791992,,
20240620,18.733325958251953,18.215211868286133,17.293428421020508,16.93132972717285,16.53394317626953,16.475444793701172,15.947769165039062,15.141929626464844
20240621,19.2630672454834,18.331623077392578,17.267688751220703,17.079166412353516,16.12898826599121,16.07487678527832,15.537378311157227,14.9004545211792
20240622,,,,17.585514068603516,16.807392120361328,16.379253387451172,15.861754417419434,15.319310188293457
20240623,19.229787826538086,,,,,,,16.023813247680664
20240624,18.153730392456055,17.45035743713379,16.938779830932617,17.119760513305664,,,,
20240625,18.311351776123047,17.17731475830078,17.05944061279297,16.698543548583984,15.873541831970215,16.065256118774414,15.228976249694824,
20240626,18.093826293945312,17.177316665649414,16.610794067382812,16.10651397705078,15.55460262298584,15.406715393066406,14.831856727600098,14.403853416442871
20240627,,,,,,,,
20240628,,,,,,,,
20240629,,,16.298778533935547,15.924518585205078,,,,
20240630,18.112789154052734,17.646177291870117,17.826135635375977,16.690357208251953,,,,
20240701,17.855283737182617,17.00298500061035,16.802555084228516,16.456064224243164,,15.431356430053711,15.303030014038086,14.616083145141602
20240702,18.546161651611328,17.447235107421875,16.569425582885742,16.076313018798828,15.540529251098633,15.787840843200684,15.278240203857422,14.83162784576416
20240703,,,,,16.579248428344727,16.362985610961914,15.632253646850586,14.867804527282715
20240704,17.576152801513672,16.763628005981445,,,,,,15.185297012329102
20240705,17.061677932739258,16.735000610351562,16.597257614135742,15.727534294128418,15.09970760345459,15.310678482055664,,
20240706,17.34071922302246,16.702653884887695,16.12683868408203,15.280943870544434,,,,
20240707,,,15.797200202941895,15.874634742736816,15.430916786193848,15.535696983337402,15.096325874328613,
20240708,,,17.42152976989746,16.54167366027832,,,,
20240709,16.490570068359375,16.474857330322266,16.905763626098633,,,,15.716769218444824,15.241780281066895
20240710,,16.35547637939453,16.723873138427734,15.708005905151367,15.320314407348633,,,
20240711,17.341537475585938,16.526323318481445,16.3181095123291,15.916287422180176,15.464614868164062,15.255457878112793,,
20240712,17.653162002563477,16.85834503173828,16.5224666595459,15.879232406616211,15.549873352050781,15.562016487121582,15.265776634216309,14.682537078857422
20240713,,16.934297561645508,16.343181610107422,15.100041389465332,15.033941268920898,15.092299461364746,14.939552307128906,14.71475887298584
20240714,,,,,,16.062246322631836,15.59561824798584,14.92581558227539
20240715,17.42497444152832,16.95613670349121,16.725326538085938,15.388365745544434,,,,
20240716,17.243732452392578,16.794811248779297,16.475175857543945,16.03376007080078,15.544960021972656,15.537914276123047,15.281493186950684,
20240717,17.684017181396484,16.89626693725586,16.501306533813477,15.980144500732422,15.628670692443848,15.568675994873047,15.353999137878418,14.7567777633667
20240718,,,15.778008460998535,15.159554481506348,15.505062103271484,15.771836280822754,15.346141815185547,14.712300300598145
20240719,,,,,,,,
20240720,17.11947250366211,16.628145217895508,16.379854202270508,,,,,14.863625526428223
20240721,16.818668365478516,16.183673858642578,16.26838493347168,15.705995559692383,15.467889785766602,15.60689926147461,,
20240722,17.045501708984375,16.17413330078125,16.217185974121094,15.979100227355957,15.564369201660156,15.775959968566895,15.396292686462402,14.680463790893555
20240723,,16.788923263549805,16.47435760498047,15.964757919311523,15.354636192321777,15.648770332336426,15.453128814697266,15.04196548461914
20240724,,,,,,,15.121600151062012,15.348223686218262
20240725,,,,,,,15.522172927856445,15.026911735534668
20240726,,,16.24081039428711,15.82596206665039,15.258466720581055,,,
20240727,16.89590072631836,16.21885871887207,15.858807563781738,15.572532653808594,15.125530242919922,15.277912139892578,14.903672218322754,14.769190788269043
20240728,16.92122459411621,16.535612106323242,16.014951705932617,15.609990119934082,15.081613540649414,15.200324058532715,14.835190773010254,14.391761779785156
20240729,,,16.826963424682617,15.929295539855957,15.27021312713623,15.38261890411377,15.181412696838379,14.243626594543457
20240730,,,,,,15.863129615783691,15.59536075592041,15.003853797912598
20240731,17.320068359375,16.682592391967773,16.548145294189453,16.33188819885254,,,,
20240801,,16.65279197692871,16.21839714050293,15.543529510498047,15.729546546936035,15.895281791687012,16.096904754638672,
20240802,17.167194366455078,15.861506462097168,15.625832557678223,15.258268356323242,14.836918830871582,15.096787452697754,14.133220672607422,14.68704891204834
20240803,17.135650634765625,16.43553352355957,15.920473098754883,15.195764541625977,14.223292350769043,14.697731971740723,13.662362098693848,12.79466724395752
20240804,,,,14.133781433105469,,,,
20240805,16.915081024169922,16.23031997680664,15.77718734741211,,,,,15.339190483093262
20240806,16.713855743408203,16.59348487854004,16.211286544799805,15.514927864074707,14.87885570526123,14.886592864990234,,
20240807,16.836368560791016,16.408329010009766,16.181411743164062,15.763789176940918,15.21664810180664,15.353403091430664,15.053918838500977,14.575407981872559
20240808,17.22489356994629,16.37261962890625,16.104074478149414,15.284464836120605,14.699954986572266,,,
20240809,,,,16.296098709106445,15.521045684814453,15.393209457397461,14.57082462310791,14.242134094238281
20240810,16.69338607788086,,,,,,,15.183295249938965
20240811,17.465543746948242,16.543092727661133,16.13349151611328,15.713214874267578,15.228962898254395,,,
20240812,17.038434982299805,16.443286895751953,,,15.533182144165039,15.75678539276123,15.183944702148438,14.989349365234375
20240813,17.587390899658203,16.177099227905273,16.129528045654297,15.86910629272461,15.164259910583496,15.349165916442871,15.47212028503418,
20240814,,17.438457489013672,16.834583282470703,16.278099060058594,15.47161865234375,15.390442848205566,15.030797004699707,14.737835884094238
20240815,,,,,,16.09345245361328,15.618282318115234,15.0185546875
20240816,16.8399658203125,15.973401069641113,15.346705436706543,15.054766654968262,,,,
20240817,17.091707229614258,15.985642433166504,16.057546615600586,15.681573867797852,14.7029390335083,14.933337211608887,14.840493202209473,
20240818,,,,15.395508766174316,15.41791820526123,15.532736778259277,15.25609016418457,14.802096366882324
20240819,,15.88360595703125,15.556463241577148,15.82474136352539,15.287214279174805,15.230698585510254,,15.195890426635742
20240820,,,,,15.74462604522705,15.513814926147461,15.099037170410156,14.699487686157227
20240821,16.39630126953125,16.324665069580078,,,,,,
20240822,16.535112380981445,16.305938720703125,15.305316925048828,15.753581047058105,15.265480995178223,15.2911958694458,,
20240823,16.80799102783203,16.33329200744629,16.096776962280273,16.094879150390625,15.82399845123291,16.067298889160156,16.00690269470215,15.793134689331055
20240824,17.497323989868164,16.745325088500977,16.29206085205078,16.088838577270508,15.729948043823242,15.753925323486328,15.515556335449219,15.23291301727295
20240825,,,,16.552108764648438,15.918091773986816,15.681173324584961,15.408811569213867,15.14731502532959
20240826,16.701435089111328,,,,,,15.702460289001465,15.450037002563477
20240827,17.172136306762695,16.741979598999023,16.67529296875,16.50551986694336,16.313533782958984,,,
20240828,16.718984603881836,16.1749267578125,16.13930320739746,15.799847602844238,15.533747673034668,15.485692024230957,15.331582069396973,15.002096176147461
20240829,17.332820892333984,16.627187728881836,16.55543327331543,16.235198974609375,15.943414688110352,15.942968368530273,15.735763549804688,15.266730308532715
20240830,,17.20674705505371,16.935977935791016,16.385711669921875,15.75007438659668,15.610306739807129,15.419315338134766,15.058229446411133
20240831,,,,,,16.289600372314453,15.965888977050781,15.342235565185547
20240901,16.5587158203125,16.101709365844727,15.77670955657959,15.372842788696289,,,,
20240902,16.53778076171875,16.311298370361328,16.212738037109375,15.937108039855957,15.542824745178223,15.383556365966797,15.133829116821289,
20240903,17.009586334228516,16.404521942138672,16.248369216918945,16.0155086517334,15.735869407653809,15.801040649414062,15.663293838500977,15.35482406616211
20240904,17.21500015258789,16.928001403808594,,,,,,15.557914733886719
20240905,,,,,,16.279016494750977,16.034896850585938,15.754363059997559
20240906,16.25926399230957,16.05670166015625,16.137149810791016,,,,,
20240907,16.221595764160156,16.103975296020508,15.88697338104248,15.79427719116211,15.603950500488281,15.427492141723633,,
20240908,,15.880741119384766,16.12263298034668,15.941754341125488,15.926361083984375,16.035831451416016,15.762495994567871,15.409394264221191
20240909,,,,,15.505873680114746,15.615545272827148,15.348851203918457,15.261035919189453
20240910,,,,,16.007661819458008,15.871712684631348,15.412337303161621,15.214092254638672
20240911,,,,,,,,15.979106903076172
20240912,,,,,,,,
20240913,16.601011276245117,16.044950485229492,16.198686599731445,16.172794342041016,15.694171905517578,15.481749534606934,15.042388916015625,15.324258804321289
20240914,,,,,,,,
20240915,,16.83049964904785,16.70948600769043,16.217580795288086,15.863895416259766,15.607527732849121,15.254837989807129,14.861536026000977
20240917,16.550487518310547,15.94868278503418,15.915163040161133,15.726510047912598,,,,
20240918,16.53078269958496,16.372814178466797,16.55988121032715,16.504077911376953,16.410978317260742,16.319215774536133,16.172931671142578,
20240919,,15.821586608886719,16.265390396118164,15.89044189453125,15.680018424987793,15.574188232421875,15.550378799438477,15.13569450378418
20240920,16.608570098876953,16.40043067932129,16.287445068359375,15.82469367980957,15.569635391235352,,,
20240922,16.341190338134766,15.800565719604492,15.548364639282227,,,,,
20240923,16.404382705688477,15.833520889282227,16.356979370117188,16.050601959228516,16.087188720703125,,,
20240924,16.149627685546875,15.912104606628418,,16.386993408203125,15.959223747253418,,,
20240925,16.7661075592041,16.3892765045166,16.258100509643555,15.880167961120605,,,15.44945240020752,15.11287784576416
20240926,,,,,,,,
20240927,,,,,,,16.00120735168457,15.581274032592773
20240928,,,16.071313858032227,,,,,
20240929,16.232248306274414,15.860273361206055,16.089557647705078,15.966882705688477,15.803844451904297,15.615190505981445,15.29012680053711,14.657437324523926
20240930,16.496173858642578,16.119958877563477,16.188461303710938,16.11829376220703,15.971761703491211,15.751410484313965,15.483954429626465,15.070518493652344
20241001,,,17.10491371154785,16.791683197021484,16.410051345825195,16.15421485900879,15.816437721252441,15.401311874389648
20241002,,,,,,16.795520782470703,16.48089599609375,15.834388732910156
20241003,16.49186134338379,16.33991050720215,16.188867568969727,,,,,
20241004,16.021160125732422,15.938156127929688,15.87476634979248,15.756892204284668,16.085487365722656,16.04643440246582,16.092498779296875,
20241005,,,,,,,,
20241007,,,,,,17.428791046142578,17.03241729736328,16.31098175048828
20241008,16.741743087768555,16.41128158569336,16.560749053955078,,,,,15.891371726989746
20241009,16.738513946533203,16.964426040649414,17.406816482543945,,17.680200576782227,17.299495697021484,,
20241010,16.5708065032959,16.308496475219727,16.26530647277832,16.45523452758789,,,,15.553537368774414
20241011,17.292137145996094,16.780838012695312,16.67999839782715,,,,,
20241012,,,17.27312469482422,,,,,
20241013,,,,,,,,
20241014,16.735536575317383,16.34139060974121,16.758386611938477,17.326946258544922,,,,
20241015,16.346826553344727,16.596378326416016,17.317890167236328,17.37815284729004,17.34078025817871,17.17786979675293,17.284006118774414,
20241016,16.637237548828125,16.622220993041992,16.54785919189453,,,,16.062089920043945,
20241017,,,,17.01657485961914,16.85762596130371,,,
20241018,,,,,,,,
20241019,,,,16.47943687438965,,16.343595504760742,15.606329917907715,
20241020,,,,,,16.616313934326172,,
20241021,,,,,,,,
20241022,17.590923309326172,17.423620223999023,17.29779624938965,,,,,
20241023,,,,,17.62156105041504,17.248886108398438,16.71950912475586,
20241024,16.938404083251953,16.5914249420166,16.59539031982422,,,,,16.932371139526367
20241025,17.696613311767578,17.412689208984375,17.270790100097656,17.301342010498047,17.15591812133789,16.868053436279297,,
20241026,17.1379451751709,16.09359359741211,,,,,,
20241027,17.681318283081055,17.312847137451172,17.103147506713867,17.155805587768555,,16.51972770690918,16.379892349243164,16.50119972229004
20241028,,,,,,,16.704692840576172,16.50594139099121
20241029,16.849533081054688,,,,,,,17.219261169433594
20241030,17.89277458190918,17.51778793334961,17.510475158691406,17.939096450805664,,,,
20241031,17.25506019592285,17.09926414489746,,,17.703420639038086,17.39069938659668,17.050230026245117,17.006868362426758
20241101,16.855098724365234,17.306583404541016,17.576574325561523,17.52263641357422,,,17.071199417114258,16.902570724487305
20241102,,,,,,16.792383193969727,17.048282623291016,16.244028091430664
20241103,,,,,,,,
20241104,,,,,,,,
20241105,,,,,,,,
20241106,,,,,,,,
20241107,,,,,,,,
20241108,,,,,,,,
20241109,,,,,,,,
20241110,,,,,,,,
20241111,,,,,,,,
20241112,,,,,,,,
20241113,,,,,,,,
20241114,,,,,,,,
20241115,,,,,,,,
20241116,,,,,,,,
20241117,,,,,,,,
20241118,,,,,,,,
20241119,,,,,,,,
20241120,,,,,,,,
20241121,17.764774322509766,17.656579971313477,,,19.194196701049805,18.353422164916992,18.472707748413086,
20241122,18.00977325439453,18.451210021972656,18.7498779296875,,,,,
20241123,,18.407026290893555,18.581539154052734,18.545188903808594,18.465824127197266,,,
20241124,,,,,19.453670501708984,,,
20241125,16.94693946838379,16.30416488647461,,,,,,18.896411895751953
20241126,17.72517967224121,18.386865615844727,18.234251022338867,18.371753692626953,,,,
20241127,,,,,,17.956823348999023,17.959041595458984,17.803171157836914
20241128,18.312334060668945,,,,,,,
20241129,,,,18.797149658203125,19.083175659179688,,,17.72852325439453
20241130,17.699325561523438,,,,17.98180389404297,,18.911869049072266,18.579387664794922
20241201,,,18.245121002197266,18.44935417175293,,,,
20241202,17.473312377929688,,17.912803649902344,18.931081771850586,,,,
20241203,17.997190475463867,17.827621459960938,18.112104415893555,18.543407440185547,18.98686408996582,18.68158531188965,18.655054092407227,18.542579650878906
20241204,,,19.30379295349121,19.569910049438477,19.576396942138672,19.048290252685547,18.94441795349121,18.806352615356445
20241205,,,,,,,20.291793823242188,19.883766174316406
20241206,,,17.82159996032715,,,,,
20241207,18.009687423706055,17.592172622680664,,,,,,
20241208,18.225841522216797,17.68602180480957,,,,,18.620771408081055,19.112247467041016
20241209,,18.252063751220703,18.092235565185547,18.863693237304688,19.13038444519043,18.70466423034668,18.628036499023438,18.427152633666992
20241210,,,,19.63274383544922,,19.996143341064453,19.67849349975586,19.368305206298828
20241211,,,,,,,,19.7236328125
20241212,18.803194046020508,18.64550018310547,19.10694694519043,19.356678009033203,19.20055389404297,18.632884979248047,,
20241213,18.877700805664062,18.94997215270996,19.40572166442871,19.9451847076416,19.926958084106445,19.302534103393555,18.788007736206055,18.612693786621094
20241214,20.145999908447266,,,,,,19.504364013671875,18.682392120361328
20241215,,,,22.38530158996582,20.818647384643555,20.175743103027344,,
20241216,18.081809997558594,17.866300582885742,,,,,,
20241217,18.829395294189453,18.756359100341797,19.248517990112305,19.61130714416504,19.90629005432129,,,
20241218,18.840970993041992,18.97914695739746,19.68400764465332,19.903587341308594,,19.57210922241211,19.264083862304688,18.672544479370117
20241219,19.682199478149414,19.311182022094727,19.98311996459961,20.180328369140625,20.32278060913086,20.097610473632812,19.592817306518555,19.38210678100586
20241220,,,,20.692001342773438,20.83620262145996,20.467952728271484,19.9108829498291,19.69475555419922
20241221,,,,,,,,18.765121459960938
20241222,,,,,,,,
20241223,19.263206481933594,19.48961639404297,20.009830474853516,20.307069778442383,20.50592803955078,19.79925537109375,18.963321685791016,
20241224,19.52741241455078,19.656076431274414,20.21927833557129,20.52419662475586,20.54376983642578,20.071590423583984,19.42254066467285,19.01774787902832
20241225,,,,,20.951366424560547,20.467451095581055,19.67537498474121,19.394248962402344
20241226,,,,21.203500747680664,20.967464447021484,20.444381713867188,19.965791702270508,
20241227,,19.259620666503906,,,,,,19.57462501525879
20241228,,19.428037643432617,19.481830596923828,19.71063804626465,20.09844970703125,19.99019432067871,,
20241229,18.612951278686523,18.728227615356445,19.264612197875977,19.81269645690918,20.16900634765625,19.85085105895996,19.545316696166992,18.912425994873047
20241230,,18.10125160217285,,20.43757438659668,,20.344181060791016,19.933990478515625,19.511451721191406
20241231,,,,21.152748107910156,21.528566360473633,21.065805435180664,20.6547794342041,20.120058059692383
20250101,18.356346130371094,18.47300910949707,,,,,,19.76191520690918
20250102,,,,20.609243392944336,,,,
20250103,,,20.81128692626953,21.010597229003906,20.849212646484375,20.456016540527344,19.926326751708984,
20250104,19.267135620117188,19.088146209716797,,,,,,
20250105,19.51187515258789,20.717233657836914,20.441184997558594,,,20.076499938964844,,19.721275329589844
20250106,,,,,,21.218509674072266,19.925708770751953,19.34209442138672
20250107,19.134218215942383,19.063159942626953,19.932126998901367,20.34662628173828,,,,
20250108,,,,20.77889633178711,20.994970321655273,20.565519332885742,19.962371826171875,
20250109,,19.455472946166992,20.396963119506836,20.699893951416016,21.039325714111328,20.842418670654297,20.798805236816406,20.31507682800293
20250110,,20.73957061767578,21.105377197265625,21.204221725463867,21.172378540039062,20.626453399658203,19.970571517944336,19.78687858581543
20250111,,,,,,21.359689712524414,20.67373275756836,19.686681747436523
20250112,19.49089813232422,19.491357803344727,,,,,,20.805858612060547
20250113,19.920047760009766,20.032184600830078,20.39946937561035,21.195415496826172,21.765522003173828,21.274486541748047,,
20250114,,,21.913881301879883,21.998117446899414,22.322948455810547,,20.731754302978516,20.070070266723633
20250115,20.397361755371094,19.94445037841797,20.779085159301758,20.94444465637207,,,19.920576095581055,19.700422286987305
20250116,,,21.37910270690918,21.620969772338867,21.667198181152344,20.835453033447266,20.02222442626953,19.843664169311523
20250117,20.176746368408203,,,,,,20.941505432128906,20.48711585998535
20250118,,,,22.815954208374023,22.845529556274414,,,
20250119,20.024011611938477,19.960018157958984,20.18514060974121,,,22.14458465576172,21.494186401367188,
20250120,20.424514770507812,20.26471710205078,,,21.455936431884766,20.921144485473633,21.02988052368164,20.723257064819336
20250121,20.603425979614258,20.583473205566406,21.67913246154785,22.151081085205078,,,21.117280960083008,20.742443084716797
20250122,,,,22.02439308166504,21.829998016357422,21.276844024658203,20.795379638671875,20.771278381347656
20250123,20.799081802368164,,,,,,,
20250124,,,,,,,20.305625915527344,
20250125,,22.14634132385254,21.733009338378906,22.079586029052734,,,20.538551330566406,20.89872169494629
20250126,20.93260955810547,,21.988351821899414,22.085336685180664,,21.774240493774414,21.70237922668457,
20250127,,,,,22.628297805786133,,,
20250128,20.19842529296875,20.168718338012695,,,,,,
20250129,20.39439582824707,20.605716705322266,21.045879364013672,21.223587036132812,,,,
20250130,20.47024917602539,20.48824119567871,21.03676986694336,,21.400096893310547,21.195228576660156,,
20250131,21.09926414489746,21.066207885742188,21.38627052307129,21.633703231811523,,21.03013801574707,20.077465057373047,19.962743759155273
20250201,,,,22.522890090942383,22.2055721282959,21.309951782226562,20.384531021118164,19.974422454833984
20250202,,,,,,,20.78241539001465,20.732776641845703
20250203,,,21.84116554260254,22.955551147460938,23.87965965270996,,,
20250204,,20.362287521362305,,,21.888675689697266,21.869205474853516,21.594804763793945,21.551353454589844
20250205,20.828235626220703,20.69345474243164,,,,20.672590255737305,19.99550437927246,19.89268684387207
20250206,,,22.4617977142334,22.144847869873047,22.182300567626953,21.23460578918457,20.34682846069336,20.13945198059082
20250207,,,,,,22.195104598999023,21.39884376525879,20.82184600830078
20250208,,,,,,,,
20250209,20.461116790771484,20.744735717773438,,,,20.696666717529297,19.21929168701172,
20250210,20.494779586791992,21.385940551757812,21.870704650878906,,21.868061065673828,21.0201473236084,20.25872802734375,19.954696655273438
20250211,21.04973793029785,21.67218780517578,21.78635025024414,22.204105377197266,22.32770347595215,21.30454444885254,20.4913330078125,20.06171417236328
20250212,,,,,,,,20.79642105102539
20250213,,,,,,20.807125091552734,,
20250214,,20.53438377380371,21.231245040893555,20.679161071777344,21.43000030517578,21.121021270751953,,
20250215,,20.476150512695312,21.262256622314453,20.61605453491211,,,,
20250216,20.283584594726562,,,,,20.40883445739746,19.37935447692871,19.478178024291992
20250217,,,,,21.65424919128418,20.34231948852539,19.81107521057129,19.898027420043945
20250218,,,,,,,,19.7154541015625
20250219,,,,,,,,
20250220,20.111385345458984,,,,20.206478118896484,19.555200576782227,19.520915985107422,19.61904525756836
20250221,20.889787673950195,,22.230833053588867,21.88058853149414,21.61844825744629,20.649269104003906,19.97460174560547,19.79973602294922
20250222,,,21.43494415283203,,,,19.573747634887695,20.002655029296875
20250223,,,,,,20.729372024536133,19.875545501708984,19.285274505615234
20250224,19.789514541625977,19.604963302612305,20.21896743774414,20.632076263427734,,,,
20250225,20.749618530273438,21.280658721923828,21.69344711303711,21.444107055664062,20.979541778564453,20.044710159301758,19.770248413085938,
20250226,19.90397834777832,20.737991333007812,21.42333221435547,21.59147071838379,22.054054260253906,21.397113800048828,20.78570556640625,20.48200798034668
20250227,,21.09292984008789,,22.006061553955078,21.353065490722656,21.116676330566406,20.5175838470459,20.21856689453125
20250228,,,,,,21.29288673400879,,
20250301,,19.65199851989746,,,,,,
20250302,20.712623596191406,20.886533737182617,21.227888107299805,21.358173370361328,21.553333282470703,,,
20250303,20.872709274291992,21.027137756347656,21.478574752807617,21.73298454284668,21.82160758972168,20.68208122253418,20.03705596923828,19.92112922668457
20250304,,,,,,,,
20250305,,,,,,,,
20250306,20.350757598876953,,,,,,,
20250307,,,,,,,,
20250308,,,,,,,,
20250309,,,,,,,,
20250310,,,,,,,,
20250311,,,,,,,,
20250312,,,,,,,,
20250314,,,,,,,,
20250315,,,,,,,,
20250316,,,,,,,,
20250317,,,,,,,,
20250318,,,,,,,,
20250319,,,,,,,,
20250320,,,,,,,,
20250321,,,,,,,,
20250322,,,,,,,,
20250323,20.479366302490234,20.86624526977539,21.362653732299805,21.393901824951172,21.188827514648438,20.61400032043457,19.830162048339844,19.801923751831055
20250324,20.723249435424805,20.786949157714844,21.242473602294922,,,19.535873413085938,19.711341857910156,19.501134872436523
20250325,20.812021255493164,20.84598159790039,21.64871597290039,21.346118927001953,,20.151369094848633,19.90285301208496,19.52750015258789
20250326,20.730663299560547,20.629093170166016,,21.52353858947754,21.303268432617188,20.58379364013672,19.96372413635254,19.592838287353516
20250327,20.724119186401367,,,21.305761337280273,20.848159790039062,20.529325485229492,20.08614730834961,19.741046905517578
20250328,20.33155059814453,20.43745994567871,20.63466453552246,20.829662322998047,20.956945419311523,20.25612449645996,19.9375,19.494686126708984
20250329,,21.25510597229004,,,,,19.618671417236328,19.674163818359375
20250330,,,21.464229583740234,21.31951904296875,,,19.39852523803711,19.21921157836914
20250331,,,20.847227096557617,21.263046264648438,,19.956520080566406,18.594470977783203,18.820730209350586
20250401,20.297155380249023,20.121992111206055,,,,19.59391975402832,19.357954025268555,18.919252395629883
20250402,,,21.017284393310547,21.182907104492188,20.68647003173828,20.114065170288086,19.424283981323242,18.990436553955078
20250403,,,,,,,,
20250404,,,,,,,,
20250405,,,,,,,,
20250406,,,,,,,,
20250407,,,,,,,,
20250408,,,,,,,,
20250409,,,,,,,,
20250410,,,,,,,,
20250411,19.932403564453125,20.245874404907227,20.602914810180664,20.641084671020508,20.64963150024414,19.79139518737793,19.321828842163086,18.944326400756836
20250412,,,,,,,,
20250413,,,,,,,,
20250414,,,,,,,,
20250415,,,,,,,,
20250416,20.016746520996094,20.16023826599121,20.5465145111084,20.806840896606445,20.870145797729492,20.458873748779297,,
20250417,,,,,,,,
20250418,,,,,,,,
20250419,,,,,,,,
20250420,,,,,,,18.89109992980957,
20250421,20.010868072509766,19.86164665222168,,,,,,
20250422,19.238061904907227,19.742399215698242,,20.279462814331055,20.302350997924805,19.89031410217285,19.351240158081055,
20250423,19.444293975830078,19.552549362182617,20.488508224487305,20.36045265197754,20.2227840423584,19.757537841796875,19.311948776245117,18.87498664855957
20250424,,,,20.701265335083008,20.48523712158203,20.117950439453125,19.592010498046875,19.110824584960938
20250425,,,,,,18.899545669555664,19.066722869873047,
20250426,,,,,,19.216882705688477,,
20250427,,,,,,,17.969768524169922,
20250428,,,,,,,17.64337921142578,
20250429,,19.2097225189209,19.718040466308594,19.599071502685547,,,,
20250430,18.196340560913086,17.967754364013672,18.016876220703125,,,19.26320457458496,18.995555877685547,18.79465675354004
20250501,19.939193725585938,19.502058029174805,19.801477432250977,19.579025268554688,,,,18.352670669555664
20250502,,18.159698486328125,19.3397216796875,18.46979331970215,19.266399383544922,19.683923721313477,19.19873809814453,18.8405704498291
20250503,,,,,,18.111743927001953,18.595144271850586,
20250504,,,,,,,,
20250505,,,19.553945541381836,19.27962303161621,19.23883819580078,19.331483840942383,19.349712371826172,19.084609985351562
20250506,19.790834426879883,18.980438232421875,18.976642608642578,19.1091365814209,19.18050765991211,19.47832679748535,18.98047637939453,18.59638786315918
20250507,19.641719818115234,19.35852813720703,19.53957748413086,19.375627517700195,18.15518569946289,17.978673934936523,,16.96500015258789
20250508,,,,,,,,
20250509,19.669876098632812,19.230791091918945,19.544851303100586,19.535799026489258,19.490234375,19.378589630126953,19.027793884277344,18.78281593322754
20250510,19.892475128173828,19.202037811279297,19.587697982788086,19.45680809020996,18.888320922851562,,,
20250511,,,,,,,,
20250512,,,,,,,,
20250513,,,,,,,,
20250514,,,,,,,,
20250515,,,,,,,,
20250516,,,,,,,,
20250517,,,,,,,,
20250518,,,,,,,,
20250519,,,,,,,,
20250520,,,,,,,,
20250521,,,,,,,,
20250522,,,,,,,,
20250523,,,,,,,,
20250524,,,,,,,,
20250525,,,,,,,,
20250526,,17.470495223999023,17.931798934936523,17.808025360107422,17.92801284790039,18.22718620300293,17.897830963134766,17.748369216918945
20250528,19.24985694885254,18.21113395690918,18.043771743774414,17.870878219604492,17.746170043945312,18.053558349609375,17.83724021911621,
20250529,19.05425453186035,18.347187042236328,18.090993881225586,18.13282012939453,17.978158950805664,18.125455856323242,17.962800979614258,
20250530,,18.077709197998047,18.18003273010254,18.0118408203125,17.672470092773438,17.808841705322266,17.861217498779297,17.684053421020508
20250531,,,,18.46615982055664,18.233173370361328,18.41948890686035,18.036407470703125,17.785310745239258
20250601,,,17.64283561706543,,,18.425518035888672,18.230056762695312,17.286827087402344
20250602,19.19371795654297,18.270490646362305,17.937841415405273,17.899547576904297,17.791240692138672,17.65582275390625,17.497539520263672,17.1336612701416
20250603,,,18.063207626342773,18.149267196655273,17.877973556518555,17.79683494567871,17.654733657836914,17.507482528686523
20250604,,,,,,,16.985244750976562,17.209413528442383
20250605,,16.57910919189453,,18.000333786010742,,,,
20250606,,,,17.109134674072266,17.03685188293457,17.8027400970459,17.66023063659668,16.87053108215332
20250607,18.667892456054688,17.82781219482422,17.599933624267578,17.32004737854004,,,,
20250608,18.947683334350586,17.382150650024414,18.082792282104492,17.591489791870117,17.45111656188965,17.246000289916992,,
20250609,18.96006965637207,18.09437370300293,17.520828247070312,17.593387603759766,16.58348274230957,17.006919860839844,16.993009567260742,16.838293075561523
20250610,,17.585025787353516,17.593162536621094,17.300302505493164,16.975311279296875,17.370315551757812,17.294097900390625,17.076725006103516
20250611,,16.573333740234375,17.2513427734375,17.684022903442383,17.288000106811523,,17.20660972595215,16.81355857849121
20250612,,,,,,,,
20250613,,,,,,14.361092567443848,16.290311813354492,15.895198822021484
20250614,,17.718137741088867,17.523067474365234,17.538986206054688,16.87352180480957,17.389720916748047,17.30449867248535,16.800355911254883
20250615,,16.057310104370117,,16.433313369750977,16.61366844177246,17.052099227905273,16.9110164642334,16.73708724975586
20250616,,,17.073230743408203,17.434324264526367,16.83307647705078,17.022947311401367,16.812894821166992,16.85137176513672
20250617,18.602832794189453,,,,15.906991958618164,16.478347778320312,16.68541717529297,16.71518898010254
20250618,,,,,,,,15.979732513427734
20250619,,,,,,17.178281784057617,16.92749786376953,
20250620,18.370798110961914,17.91496467590332,17.495506286621094,17.28372573852539,17.154605865478516,,,16.476268768310547
20250621,18.73200035095215,17.906646728515625,17.879533767700195,17.733461380004883,17.460378646850586,17.58077621459961,17.366018295288086,17.097286224365234
20250622,,,17.654237747192383,17.00303077697754,16.708036422729492,,16.77916717529297,17.04611587524414
20250623,,,16.177576065063477,,16.496353149414062,16.692380905151367,16.58498764038086,16.220094680786133
20250624,,,,,,,,
20250625,18.00218391418457,16.80059242248535,16.725244522094727,16.86175537109375,,16.514524459838867,16.555702209472656,16.237939834594727
20250626,17.842756271362305,17.76213836669922,16.397167205810547,16.399118423461914,,,,15.93756103515625
20250627,17.90916633605957,17.29598045349121,17.123422622680664,,16.203893661499023,16.458555221557617,16.41567039489746,15.574870109558105
20250628,18.13926887512207,17.781455993652344,17.384117126464844,16.47216033935547,16.169435501098633,15.97665023803711,15.822545051574707,15.80750560760498
20250629,,17.493629455566406,17.044429779052734,16.708389282226562,,16.47268295288086,16.182418823242188,
20250630,,,,,,,14.56787395477295,14.595093727111816
20250701,18.24724006652832,17.728248596191406,16.160213470458984,15.875802040100098,15.843893051147461,,,15.864707946777344
20250702,,17.162609100341797,17.210216522216797,,,16.646713256835938,,16.55103302001953
20250703,,,,,,,,
20250704,,,15.188766479492188,,14.838774681091309,,15.555294036865234,
20250705,,16.323728561401367,16.942481994628906,16.58463478088379,16.151588439941406,16.350095748901367,16.30608558654785,
20250706,18.06899642944336,17.248409271240234,16.656286239624023,16.15362548828125,16.16991424560547,15.923477172851562,16.06631088256836,16.135202407836914
20250707,,,,,,,,
20250708,,,,,,,,
20250709,17.753334045410156,16.576547622680664,15.659343719482422,15.56548023223877,15.147997856140137,,,15.089696884155273
20250710,,,,,,,,
20250711,,,,,,,,
20250712,,,,,,,,
20250713,,,,,,,,
20250714,,,,,,,,
20250715,,16.593698501586914,16.635610580444336,15.901723861694336,15.372773170471191,15.448050498962402,,
20250716,,,,,,,,
20250717,,,,,,,,
20250718,,,,,,,,
20250719,,,,,,,,
20250720,,,,,,,,
20250721,,,,,,,,
20250722,,,,,,,,
20250723,,,,,,,,
20250724,,,,,,,,
20250725,16.454063415527344,,,,,,,
20250726,,,,,,,,
20250727,,,,,,,,
20250728,,,,15.568283081054688,15.038451194763184,15.228015899658203,14.861370086669922,15.321100234985352
20250729,,,,,,,,
20250730,,15.49223804473877,,,,14.772116661071777,14.85541820526123,14.779417991638184
20250731,16.51904296875,16.298290252685547,15.318558692932129,15.060049057006836,,15.507691383361816,14.949760437011719,
20250801,16.539522171020508,15.656545639038086,15.75770378112793,14.415409088134766,14.918791770935059,14.999311447143555,14.517786979675293,14.689613342285156
20250802,15.600454330444336,15.958526611328125,16.087621688842773,15.513650894165039,14.608026504516602,15.137284278869629,15.220654487609863,15.241284370422363
20250803,16.117469787597656,,,,15.004473686218262,15.483492851257324,15.376133918762207,14.88163948059082
20250804,,,,,,,,
20250805,15.85763168334961,15.769721031188965,15.625164031982422,15.126630783081055,14.434048652648926,14.710597038269043,14.679438591003418,14.744890213012695
20250806,16.008203506469727,15.574967384338379,14.910332679748535,15.000919342041016,14.076746940612793,14.731637954711914,14.783548355102539,15.043900489807129
20250807,15.789149284362793,15.460931777954102,14.85666561126709,,14.455381393432617,14.579851150512695,14.59716510772705,15.007288932800293
20250808,,,,,,,,
20250809,16.213741302490234,,,,,14.961797714233398,,14.681514739990234
20250810,,,,14.848109245300293,14.858087539672852,15.239635467529297,15.139805793762207,15.16948127746582
20250811,,,,,,,,
20250812,,,,,,,,
20250813,,,,,,,,
20250814,,16.102237701416016,16.101049423217773,15.680780410766602,15.310991287231445,15.626166343688965,15.468640327453613,15.441275596618652
20250815,,,,,,,,
20250816,,,,,,,,
20250817,15.821500778198242,15.178004264831543,15.353209495544434,15.169018745422363,14.66127872467041,14.80275821685791,14.676956176757812,14.616093635559082
20250819,,,,,,,14.890308380126953,14.980318069458008
20250820,,,,,,,,
20250821,,15.177206993103027,,,,,,
20250822,16.007423400878906,15.642556190490723,15.518513679504395,15.282571792602539,14.409905433654785,14.66833209991455,14.810335159301758,14.706464767456055
20250823,16.102357864379883,15.658425331115723,15.566786766052246,15.394684791564941,14.899637222290039,14.9949369430542,14.902396202087402,15.074043273925781
20250824,,,,,,,,
20250825,,,15.655381202697754,15.24060344696045,14.799283981323242,15.056929588317871,,
20250826,15.603243827819824,15.51254653930664,15.398275375366211,,14.739062309265137,15.220117568969727,15.15650463104248,15.098793983459473
20250827,15.973538398742676,15.191676139831543,15.367692947387695,15.264384269714355,,14.295122146606445,14.316118240356445,
20250828,,14.976398468017578,15.073076248168945,14.9426908493042,14.56648063659668,14.646463394165039,14.615349769592285,14.72883415222168
20250829,15.304141998291016,14.803938865661621,14.74328899383545,14.722159385681152,14.401481628417969,14.62779712677002,14.635490417480469,14.803646087646484
20250830,,,,,,14.509675979614258,14.370280265808105,14.44926929473877
20250831,15.616582870483398,15.151963233947754,14.923589706420898,,14.047455787658691,13.95119857788086,14.11440658569336,13.98050308227539
20250901,15.496562004089355,14.890388488769531,14.747499465942383,14.582393646240234,13.76349925994873,13.913299560546875,13.983149528503418,13.613381385803223
20250902,15.865425109863281,15.48774528503418,15.361445426940918,15.255268096923828,14.909842491149902,14.972192764282227,14.813766479492188,14.853163719177246
20250903,15.492815017700195,14.825399398803711,14.801877975463867,14.6712646484375,14.579963684082031,14.746471405029297,14.855185508728027,15.042551040649414
20250904,15.484297752380371,15.183332443237305,,,,,14.683175086975098,14.849573135375977
20250906,,,14.998021125793457,14.951319694519043,15.27026653289795,15.538796424865723,15.913500785827637,
20250907,15.908170700073242,14.826250076293945,15.22397518157959,15.288926124572754,14.826823234558105,14.999895095825195,14.99058723449707,15.082413673400879
20250908,15.29473876953125,14.945396423339844,15.238189697265625,15.144920349121094,14.835579872131348,14.989847183227539,15.132494926452637,15.037627220153809
20250909,15.502856254577637,15.028928756713867,14.912006378173828,15.033882141113281,14.809065818786621,14.684595108032227,14.875221252441406,15.088298797607422
20250910,15.387907028198242,15.24062442779541,14.929739952087402,14.717931747436523,14.545559883117676,14.603287696838379,14.677837371826172,14.858198165893555
20250911,15.683823585510254,,,14.845101356506348,,,14.477310180664062,14.628374099731445
20250912,15.790567398071289,15.50622272491455,15.330286979675293,15.033234596252441,14.639880180358887,14.639690399169922,14.8380765914917,15.001258850097656
20250913,15.957587242126465,15.191165924072266,15.135881423950195,15.202062606811523,14.71468734741211,15.015402793884277,15.10960578918457,15.063179016113281
20250914,15.189019203186035,15.290360450744629,15.754998207092285,15.7119140625,15.332449913024902,15.408656120300293,15.37097454071045,15.423171997070312
20250915,15.558876037597656,15.521383285522461,15.01084041595459,14.997553825378418,15.100255012512207,15.556903839111328,15.723305702209473,15.657200813293457
20250916,15.696185111999512,15.103230476379395,15.0703125,15.064841270446777,14.756892204284668,14.77094841003418,14.84228515625,
20250917,15.927638053894043,15.534937858581543,15.230463027954102,14.999032020568848,14.759659767150879,14.756738662719727,14.793185234069824,15.040528297424316
20250918,15.396109580993652,15.003532409667969,15.312948226928711,15.437885284423828,15.324549674987793,15.354866981506348,15.283588409423828,15.394516944885254
20250919,15.640135765075684,15.403008460998535,15.31584358215332,15.157684326171875,15.039153099060059,15.144133567810059,15.100378036499023,15.433728218078613
20250920,15.524106979370117,15.070815086364746,14.892711639404297,14.90611457824707,14.904335021972656,14.935478210449219,15.040719985961914,15.120953559875488
20250922,,,,15.317427635192871,15.112824440002441,15.090590476989746,15.111769676208496,15.228459358215332
20250923,15.906768798828125,15.49309253692627,15.519388198852539,15.5974702835083,15.20460033416748,15.156167030334473,15.051302909851074,15.244999885559082
20250924,16.26542854309082,15.868236541748047,15.761399269104004,15.55390739440918,15.31298542022705,15.396655082702637,15.484692573547363,15.350625991821289
20250925,,15.654775619506836,15.946041107177734,15.943812370300293,15.700382232666016,15.289498329162598,15.048807144165039,
20250926,,,,,,,,
20250927,,,,,,,,
20250928,,,,,,,,
20250929,,,,,,,,
20250930,16.06999969482422,15.656246185302734,15.658125877380371,15.693452835083008,15.561857223510742,15.489136695861816,15.640707969665527,15.759303092956543
20251001,,15.694829940795898,15.604145050048828,15.672876358032227,15.727140426635742,15.694089889526367,15.79725456237793,15.666252136230469
20251002,16.370285034179688,15.534549713134766,15.707820892333984,15.76739501953125,15.775545120239258,15.59793472290039,15.760449409484863,15.708629608154297
20251003,17.006549835205078,16.4617862701416,16.24876594543457,16.17938232421875,16.09546661376953,16.036680221557617,16.104549407958984,15.987533569335938
20251004,,15.995550155639648,16.40780258178711,16.256864547729492,16.452634811401367,16.3846492767334,16.418540954589844,16.389949798583984
20251006,,,,,,,,
20251007,16.713048934936523,16.212366104125977,15.570181846618652,15.534716606140137,15.472895622253418,15.090606689453125,,
20251008,,,15.834269523620605,15.916089057922363,16.02782440185547,16.0603084564209,,15.595013618469238
20251009,16.596895217895508,15.955833435058594,16.02138900756836,16.109621047973633,15.99129581451416,15.847245216369629,16.02154541015625,16.03606414794922
20251010,16.410696029663086,15.970229148864746,15.983017921447754,16.070178985595703,16.06474494934082,16.06273651123047,16.312646865844727,16.19432258605957
20251011,16.27259635925293,15.724958419799805,16.0358829498291,16.276437759399414,16.47707748413086,16.297401428222656,16.37448501586914,16.25704002380371
20251012,16.533048629760742,16.392478942871094,16.261571884155273,16.15899085998535,16.32967185974121,16.230134963989258,16.32155990600586,16.36333656311035
20251013,17.034582138061523,16.406761169433594,16.415382385253906,16.500133514404297,16.61699867248535,16.36349105834961,16.367977142333984,16.001909255981445
20251014,17.080739974975586,16.595443725585938,16.750551223754883,16.748092651367188,16.84503173828125,16.52895736694336,16.563783645629883,16.35562515258789
20251015,17.26889419555664,16.787477493286133,16.383974075317383,16.68085479736328,16.989116668701172,17.016117095947266,17.0035343170166,16.801923751831055
20251016,16.967031478881836,16.5689754486084,16.466516494750977,16.724849700927734,16.59494972229004,16.667909622192383,,
20251017,17.26384735107422,16.409482955932617,16.41583251953125,,,,,
20251018,18.098541259765625,17.449438095092773,17.312292098999023,17.29191780090332,16.93275260925293,16.753263473510742,16.940216064453125,16.847055435180664
20251019,17.258211135864258,16.61090087890625,16.85679817199707,17.007770538330078,17.274999618530273,17.67961311340332,,
20251020,17.277711868286133,16.563064575195312,16.57383155822754,17.01910400390625,,,,
20251021,17.375062942504883,17.056228637695312,16.41777992248535,16.966541290283203,17.247722625732422,,17.328882217407227,17.220352172851562
20251022,17.08965301513672,16.67914581298828,16.31646156311035,16.561725616455078,16.62109375,16.66523551940918,16.750974655151367,16.584808349609375
20251023,16.957416534423828,16.65228271484375,16.567176818847656,16.815244674682617,16.66620635986328,16.506174087524414,16.690715789794922,
20251024,17.11513900756836,,16.546140670776367,16.659799575805664,,,,16.633642196655273
20251025,17.241558074951172,16.966148376464844,16.987144470214844,17.645179748535156,17.639694213867188,,,
20251026,17.448760986328125,16.98542022705078,16.722631454467773,16.92319107055664,16.888872146606445,16.984603881835938,17.138729095458984,16.879798889160156
20251027,17.390121459960938,16.457061767578125,16.51891326904297,16.761037826538086,,,,
20251028,17.475515365600586,17.020536422729492,16.801576614379883,16.72629165649414,16.747827529907227,16.425792694091797,16.724166870117188,16.552310943603516
20251029,17.6649112701416,,16.452131271362305,,,16.411190032958984,16.799999237060547,16.389894485473633
20251030,17.296110153198242,17.05500030517578,17.170183181762695,17.47517204284668,17.85502815246582,,,
20251031,17.72227668762207,17.302425384521484,17.07720184326172,17.14410400390625,17.445472717285156,17.332590103149414,17.297494888305664,16.937259674072266
20251101,17.88594627380371,17.855865478515625,17.64398765563965,17.76176643371582,17.819473266601562,17.487791061401367,17.59844207763672,17.311738967895508
20251102,17.436765670776367,17.09610366821289,16.764434814453125,16.59853744506836,17.019145965576172,17.017663955688477,17.40460968017578,17.137014389038086
20251103,,,,17.227800369262695,17.343488693237305,16.901220321655273,17.035110473632812,16.953327178955078
20251104,17.783924102783203,17.65144920349121,,,,,,
20251105,,,16.838838577270508,17.22431755065918,17.764812469482422,17.30528450012207,17.23921775817871,16.91947364807129
20251106,,,17.09459114074707,,,,,
20251107,17.446073532104492,17.170452117919922,16.584430694580078,16.666162490844727,,15.619882583618164,17.243709564208984,17.122623443603516
20251108,,,,17.41221046447754,17.069618225097656,16.905481338500977,16.945772171020508,16.89145278930664
20251109,17.610782623291016,17.18182373046875,16.963098526000977,17.239389419555664,17.725849151611328,17.29773712158203,,16.73647117614746
20251110,17.277727127075195,17.223432540893555,17.10175132751465,17.73895835876465,17.645360946655273,17.104516983032227,17.069677352905273,16.814239501953125
20251111,17.343626022338867,,17.00438690185547,16.99987030029297,17.142749786376953,17.049821853637695,17.525907516479492,16.838748931884766
20251112,17.409914016723633,16.670000076293945,16.977153778076172,17.246274948120117,17.521425247192383,17.243196487426758,17.198575973510742,17.05242156982422
20251113,17.541248321533203,17.337387084960938,17.45102882385254,18.04360580444336,17.75900650024414,17.570714950561523,,
20251114,,17.273818969726562,17.25815773010254,17.426849365234375,17.6777286529541,17.27686309814453,17.152233123779297,17.549667358398438
20251115,17.447500228881836,17.512662887573242,17.513492584228516,17.522903442382812,17.276395797729492,17.25588607788086,17.017173767089844,
20251116,17.622642517089844,17.579620361328125,17.397611618041992,17.539003372192383,17.771129608154297,17.70941162109375,17.672794342041016,17.453075408935547
20251117,,,17.15904426574707,17.37773895263672,17.646045684814453,17.59217643737793,17.548688888549805,17.318506240844727
20251118,,15.849803924560547,17.121767044067383,17.5692138671875,17.631467819213867,17.606775283813477,17.851959228515625,
20251119,,,,,,17.320926666259766,17.481468200683594,
20251120,,,,,,,17.83188819885254,17.823993682861328
20251121,,,,,17.132814407348633,17.090404510498047,17.34815216064453,
20251122,,,,,,17.353382110595703,17.773229598999023,
20251123,,,,,,,,17.24936294555664
20251124,17.589475631713867,17.615623474121094,17.70457649230957,18.118545532226562,18.19624900817871,,17.98148536682129,18.298274993896484
20251125,,17.327293395996094,17.417829513549805,17.674928665161133,18.101177215576172,17.93410301208496,17.93002700805664,17.433229446411133
20251126,17.68808364868164,17.543270111083984,17.760393142700195,18.088735580444336,18.267152786254883,17.9071044921875,17.893762588500977,17.921483993530273
20251127,17.52157211303711,17.375770568847656,17.669483184814453,17.94093132019043,18.18509292602539,17.90111541748047,18.146806716918945,17.931413650512695
20251128,17.279245376586914,17.258853912353516,17.667285919189453,18.154436111450195,18.621959686279297,,,
20251129,17.73273468017578,17.65862274169922,17.65313148498535,17.645631790161133,17.979955673217773,18.033695220947266,18.139726638793945,17.952640533447266
20251130,17.70899200439453,17.58327293395996,17.651287078857422,17.861835479736328,18.335529327392578,18.26423454284668,18.084199905395508,17.88964080810547
20251201,18.143266677856445,17.960262298583984,,,,18.373676300048828,18.19871711730957,
20251202,18.654621124267578,18.2111873626709,18.26738166809082,18.545608520507812,18.929128646850586,18.538375854492188,18.365280151367188,18.012516021728516
20251203,,19.645000457763672,19.21086883544922,19.36577606201172,19.17225456237793,18.919599533081055,18.556798934936523,18.47209358215332
20251204,18.096355438232422,17.94038200378418,17.815244674682617,18.702775955200195,19.32375144958496,19.79921531677246,19.944133758544922,19.452653884887695
20251205,17.90641975402832,17.936939239501953,17.9748592376709,,,,,
20251206,18.530311584472656,18.209083557128906,,,18.64002227783203,18.600858688354492,18.673498153686523,
20251207,18.21024513244629,18.331256866455078,18.358997344970703,18.662029266357422,18.932228088378906,18.466001510620117,18.45608139038086,18.24972915649414
20251208,18.934520721435547,19.00575828552246,19.21443748474121,19.428586959838867,19.64435386657715,19.338171005249023,19.289688110351562,19.045562744140625
20251209,18.1315975189209,17.89755630493164,18.089069366455078,18.319042205810547,,19.555395126342773,19.606794357299805,19.27593231201172
20251210,17.96183204650879,18.119121551513672,18.080791473388672,18.343626022338867,20.088577270507812,19.836442947387695,19.9753360748291,
20251211,,,,,,,,
20251212,,,,,,,,
20251213,18.549741744995117,18.025814056396484,,,,18.18010902404785,18.779664993286133,17.52511215209961
20251214,,,,,,,,
20251215,,,,,,,,
20251216,19.349430084228516,19.018030166625977,18.996112823486328,19.182008743286133,19.1136417388916,19.17241668701172,19.0791015625,18.954452514648438
20251217,20.00644874572754,20.28994369506836,19.90056037902832,20.081117630004883,20.230241775512695,19.665355682373047,19.56438446044922,19.495323181152344
20251218,,19.32162094116211,18.601198196411133,,20.7095890045166,20.50282096862793,20.07845115661621,19.899784088134766
20251219,,,,,,,,
20251220,,,,,,,,
20251221,18.63526153564453,18.323867797851562,,,,19.120018005371094,19.11957550048828,18.87942123413086
20251222,,,18.691394805908203,18.934797286987305,19.49104118347168,19.18838119506836,,
20251223,18.754127502441406,18.43294906616211,18.756088256835938,19.404375076293945,,,,18.879045486450195
20251224,,,,,,,19.50864601135254,
20251225,18.976001739501953,,,,,,,19.148399353027344
20251226,19.118247985839844,19.034038543701172,18.99068832397461,19.295364379882812,18.914030075073242,18.910980224609375,19.108875274658203,19.23805809020996
20251227,18.604766845703125,18.3167724609375,19.326644897460938,20.135847091674805,20.594985961914062,20.209049224853516,20.03371810913086,19.86746597290039
20251228,18.701433181762695,18.587791442871094,18.95456886291504,,,19.449758529663086,19.78237533569336,19.935728073120117
20251229,18.714021682739258,18.766559600830078,,,,,19.69450569152832,20.151046752929688
20251230,18.90420150756836,18.74727439880371,18.731006622314453,19.158143997192383,,,,
20251231,19.216596603393555,18.893722534179688,18.52890396118164,,,,,19.116954803466797
20260101,19.083393096923828,19.01401710510254,19.321735382080078,19.70130729675293,,,,18.68718719482422
