region,lag_days,n_events,mean_chl_anomaly,p_value,significant,corr_with_magnitude,corr_p_value
Ceduna,0,17,0.38369033686002757,0.10732915054658239,False,0.5122549019607844,0.03552652411689097
Ceduna,1,17,0.41981603162211867,0.09747103027305284,False,0.5416666666666667,0.02471480173457982
Ceduna,2,17,0.4408929916782206,0.08366061925196615,False,0.48774509803921573,0.04702109699673036
Ceduna,3,17,0.4065021448359102,0.09978170168164512,False,0.35294117647058826,0.16465797331641727
Ceduna,4,17,0.37959825396955177,0.17271277462187526,False,0.27941176470588236,0.2774303257912213
Ceduna,5,16,0.3718667164001436,0.20142965821302708,False,0.4794117647058824,0.06023930250431595
Ceduna,6,17,0.23761528373515908,0.29873116209823797,False,0.38970588235294124,0.12203439858782986
Ceduna,7,17,0.10391745289333727,0.43414481566457797,False,0.3995098039215687,0.11211790882594826
Ceduna,8,17,0.08553076335320284,0.5229787893868549,False,0.34803921568627455,0.17101314886910304
Ceduna,9,17,0.08032593646136317,0.5352749870327713,False,0.4436274509803922,0.07446849073261608
Ceduna,10,17,0.10977646550711465,0.467831089107661,False,0.4264705882352942,0.08780457420797669
Ceduna,11,17,0.10679643326321567,0.4164210551056803,False,0.4558823529411765,0.06589472039088747
Ceduna,12,17,0.08322508518143193,0.5325350911703494,False,0.3186274509803922,0.2125915923704279
Ceduna,13,17,0.10393124976370181,0.4859654713614374,False,0.12500000000000003,0.6326406085600336
Ceduna,14,17,0.11589904470311825,0.4361334711571323,False,0.058823529411764705,0.8225588681711514
Ceduna,15,17,0.11251126594778871,0.4377161386152544,False,0.14950980392156862,0.5668307307163287
Ceduna,16,17,0.11489884242081508,0.40935108100890627,False,0.18627450980392157,0.4740951399440866
Ceduna,17,17,0.08854123743183138,0.407206780524378,False,0.37009803921568635,0.1436754727309515
Ceduna,18,17,0.0926808746860308,0.35961939806810395,False,0.45098039215686275,0.06923198585336185
Ceduna,19,17,0.11184962406462311,0.27270712568012234,False,0.502450980392157,0.03983296762323776
Ceduna,20,17,0.09618695341572374,0.3454234907372189,False,0.6544117647058824,0.004367978540420787
Ceduna,21,17,0.0955734645452152,0.3096394596678584,False,0.6691176470588236,0.0033098132428843437
Ceduna,22,17,0.13387768600000388,0.15762527428528436,False,0.4460784313725491,0.07269184178908122
Ceduna,23,17,0.12577300883140885,0.13061477833368593,False,0.3872549019607844,0.12460639350840542
Ceduna,24,17,0.11519145317354791,0.17808993696867217,False,0.13725490196078433,0.5993690521648235
Ceduna,25,17,0.09420283133117092,0.27510424425676977,False,0.13480392156862747,0.6059663630124608
Ceduna,26,17,0.09052545685394138,0.33063028612487066,False,0.012254901960784315,0.9627675753886973
Ceduna,27,17,0.12525795901856837,0.23878499896192343,False,0.10539215686274511,0.6872658389566565
Ceduna,28,17,0.10147398680198089,0.32894543799082243,False,0.08088235294117649,0.7576329086921563
Ceduna,29,17,0.07149907956186796,0.49158032914048644,False,0.15686274509803924,0.5476805847029371
Ceduna,30,17,0.07799342695404501,0.48823677166486956,False,0.14215686274509806,0.586262862651232
Ceduna,31,17,0.07200829922652044,0.5297492352295409,False,0.12009803921568628,0.6461426985863066
Ceduna,32,16,0.08596918670394059,0.44446410029874106,False,0.1411764705882353,0.6020026838819791
Ceduna,33,16,0.09474215198729544,0.4196042369618478,False,0.34411764705882353,0.19185563142554293
Ceduna,34,16,0.07824522273814571,0.41475832231970955,False,0.30882352941176466,0.24449869579851796
Ceduna,35,16,0.05775554295008381,0.5317623350222753,False,0.19999999999999998,0.45768790507519985
Ceduna,36,16,0.0824735939824244,0.3993539752395323,False,0.09999999999999999,0.7125163701282782
Ceduna,37,16,0.10092442441243854,0.3353288396330504,False,0.14705882352941177,0.5867933937012053
Ceduna,38,16,0.10921918092118132,0.3160382976189148,False,0.1411764705882353,0.6020026838819791
Ceduna,39,16,0.1298197002571431,0.21683389370881911,False,0.18235294117647058,0.49907485724580003
Ceduna,40,16,0.10322519836149047,0.3456579727957668,False,-0.01764705882352941,0.9482801500547112
Ceduna,41,16,0.12339207311382606,0.2975942373611784,False,-0.05294117647058824,0.8456104411493658
Ceduna,42,16,0.18070509988326758,0.15204231554337921,False,-0.06764705882352941,0.8034203137966691
Ceduna,43,16,0.19248004583863632,0.1540358196558217,False,0.01764705882352941,0.9482801500547112
Ceduna,44,16,0.17103714682161805,0.18551789673129493,False,0.10882352941176471,0.688288293957414
Ceduna,45,16,0.2030289591312231,0.12162341714677212,False,0.0588235294117647,0.8286807500332258
Ceduna,46,16,0.20403150841371998,0.1225068765428884,False,-0.02647058823529412,0.9224805705017287
Ceduna,47,16,0.30637984156298137,0.18172446603086817,False,-0.07647058823529412,0.7783409809607029
Ceduna,48,16,0.30094260573830633,0.22120715868705268,False,-0.049999999999999996,0.8540995521297436
Ceduna,49,16,0.26078953940332644,0.28784343066003093,False,-0.09411764705882353,0.7288144270239805
Ceduna,50,16,0.2532987632234359,0.28554026242282843,False,-0.12058823529411765,0.6564245147485952
Ceduna,51,16,0.27053625229302614,0.32819341573343863,False,-0.22058823529411767,0.4116664304979635
Ceduna,52,16,0.2579683851805471,0.3483449693924934,False,0.0029411764705882353,0.9913748045563624
Ceduna,53,16,0.22036975533479736,0.33841401321945497,False,-0.07058823529411765,0.795039302337628
Ceduna,54,16,0.13456548283852282,0.27629648215068964,False,0.02058823529411765,0.9396737397890448
Ceduna,55,16,0.1477752243368221,0.2451666034870615,False,0.01764705882352941,0.9482801500547112
Ceduna,56,16,0.1400194947297374,0.2759495196341856,False,0.09705882352941177,0.7206513082372035
Ceduna,57,16,0.14439743391371201,0.3433864136158944,False,0.12058823529411765,0.6564245147485952
Ceduna,58,16,0.16852841738700156,0.20819051808697153,False,0.03823529411764706,0.8881976539853073
Ceduna,59,16,0.178887675290129,0.19554134771233225,False,0.10588235294117648,0.6963341050381157
Ceduna,60,16,0.18018418041368328,0.23842334186998285,False,-0.02941176470588235,0.9138955872505001
Ceduna,61,16,0.1911193219190907,0.2184621224938469,False,0.0411764705882353,0.8796536149318311
Ceduna,62,16,0.17899551302238945,0.2478621924230321,False,-0.07647058823529412,0.7783409809607029
Ceduna,63,16,0.17702203998785646,0.23488729531487662,False,-0.07941176470588236,0.770025319039825
Ceduna,64,16,0.14814432056709412,0.22343060865358763,False,-0.11470588235294117,0.672291046599723
Ceduna,65,16,0.10161841899777452,0.3870568364557323,False,-0.14411764705882352,0.5943782881736932
Ceduna,66,16,0.12604942014662637,0.2726786975624053,False,-0.2411764705882353,0.36820660804263405
Ceduna,67,16,0.1443430843607833,0.20831510069735792,False,-0.21176470588235297,0.431083247239221
Ceduna,68,16,0.15150915622223343,0.14291822902080945,False,0.0411764705882353,0.8796536149318311
Ceduna,69,16,0.1840799043842015,0.09788094089751334,False,0.09411764705882353,0.7288144270239805
Ceduna,70,16,0.1828784853663473,0.061536509048422124,False,0.10588235294117648,0.6963341050381157
Ceduna,71,16,0.17336626128692714,0.06936058809026645,False,0.15882352941176472,0.5568612810855389
Ceduna,72,16,0.14621380960480088,0.11445792422967191,False,0.10588235294117648,0.6963341050381157
Ceduna,73,16,0.13290706550081569,0.16104667375982423,False,-0.023529411764705882,0.931073583667659
Ceduna,74,16,0.163207743751506,0.12996077861315383,False,-0.0058823529411764705,0.9827505044191351
Ceduna,75,16,0.13676564249742246,0.20734661649360053,False,-0.29411764705882354,0.268846554622893
Ceduna,76,16,0.14360231204801016,0.1916444572045971,False,-0.31176470588235294,0.23980004767411284
Ceduna,77,16,0.16230945031469066,0.1605330335751493,False,-0.3,0.25893645256249886
Ceduna,78,16,0.19578841356560586,0.09253380207449875,False,-0.34411764705882353,0.19185563142554293
Ceduna,79,15,0.176310963853011,0.14512417961251545,False,-0.36785714285714277,0.17734214689349137
Ceduna,80,16,0.13304373956329762,0.2551000056681852,False,-0.2647058823529412,0.3218043958686153
Ceduna,81,16,0.10070855338569909,0.30162728901177266,False,-0.29705882352941176,0.2638630146135225
Ceduna,82,16,0.09596461296480682,0.3133200055870978,False,-0.3411764705882353,0.1959326248678891
Ceduna,83,16,0.054366043837563625,0.548562518187933,False,-0.31176470588235294,0.23980004767411284
Ceduna,84,16,0.057203588073718406,0.5404434984089068,False,-0.32647058823529407,0.2171594905792295
Ceduna,85,16,0.0845052730358605,0.37706009097748006,False,-0.1764705882352941,0.5132505967364668
Ceduna,86,16,0.1040427647353638,0.31012866286142493,False,-0.16764705882352943,0.5348568245819433
Ceduna,87,16,0.11598694516079766,0.24213022529776737,False,-0.19117647058823528,0.47816401281702825
Ceduna,88,16,0.1202081301138692,0.23844905174255673,False,-0.16176470588235295,0.5494831434036929
Ceduna,89,16,0.15201373577694452,0.12553291266824756,False,-0.10294117647058824,0.7044103818167706
Ceduna,90,16,0.20856286149383302,0.05407977283576959,False,-0.06176470588235294,0.8202418775044894
GAB,0,17,0.0846810175236367,0.2873015208678464,False,0.2843137254901961,0.26873189936784353
GAB,1,17,0.08090575688442936,0.3152494390118293,False,0.34313725490196084,0.1775307396809928
GAB,2,17,0.08340204095869676,0.3040459308196033,False,0.23529411764705882,0.363295114375383
GAB,3,17,0.08261058638576702,0.30819757256730534,False,0.26470588235294124,0.3045422200057608
GAB,4,17,0.08789525998114543,0.29180052885563657,False,0.42892156862745107,0.08580101895154528
GAB,5,17,0.07861511970267579,0.34863350557759387,False,0.4191176470588236,0.09401767970071613
GAB,6,17,0.06382624129829959,0.4132639324058196,False,0.34313725490196084,0.1775307396809928
GAB,7,16,0.07770365226925134,0.3776998969719243,False,0.3323529411764706,0.2084998279822084
GAB,8,17,0.09173662647897128,0.3924616886869404,False,0.22794117647058826,0.37891058826948365
GAB,9,17,0.09556032243479538,0.40339751925653966,False,0.25490196078431376,0.32346003406511037
GAB,10,17,0.15193695871769886,0.3678969951061911,False,0.303921568627451,0.23563584127730533
GAB,11,17,0.1764244626153584,0.35199897126531055,False,0.16911764705882354,0.5164176230839818
GAB,12,17,0.19619538184015362,0.35080766534542895,False,0.16176470588235298,0.5350755062766513
GAB,13,17,0.21351694048744965,0.33847942530216735,False,0.11274509803921569,0.666592049963725
GAB,14,17,0.23521803690104928,0.3340575577185797,False,0.1519607843137255,0.5604155062809044
GAB,15,17,0.24574985025810606,0.31169349965780274,False,0.19117647058823534,0.46232612062451384
GAB,16,17,0.2622124883056689,0.29858929716126775,False,0.056372549019607844,0.8298485835353617
GAB,17,17,0.22401004044198192,0.30164989056197655,False,-0.004901960784313726,0.9851029592703198
GAB,18,17,0.21563624929981073,0.2983579320587432,False,-0.014705882352941176,0.9553274855428822
GAB,19,17,0.21710581071570478,0.26109329841287865,False,0.14215686274509806,0.586262862651232
GAB,20,17,0.24227610425371418,0.25081818160563457,False,0.16176470588235298,0.5350755062766513
GAB,21,17,0.22400922854991856,0.2314250023458985,False,0.20833333333333337,0.4223129818009653
GAB,22,17,0.2026368648690336,0.2263986923846112,False,0.232843137254902,0.36845965485437604
GAB,23,17,0.17996211645691673,0.17712133930671042,False,0.29411764705882354,0.2518444167529261
GAB,24,17,0.17895976681502268,0.222509032531511,False,0.28186274509803927,0.27305989737995473
GAB,25,17,0.224681678293299,0.27503963454046176,False,0.2573529411764706,0.3186676476453986
GAB,26,17,0.22404685537187333,0.30926762046087763,False,0.17647058823529413,0.49806765732373415
GAB,27,17,0.21558461291532893,0.3139888288511776,False,0.11764705882352941,0.6529334399539918
GAB,28,17,0.22830899259915544,0.3188619428105089,False,0.16666666666666669,0.5226031535880373
GAB,29,17,0.27115629455622503,0.30543952411734887,False,0.14705882352941177,0.5732772908660002
GAB,30,17,0.32682491166918887,0.306129951131245,False,0.21813725490196081,0.4002950907115109
GAB,31,17,0.2657851596088971,0.29344627957710434,False,0.12990196078431374,0.6192473366524134
GAB,32,16,0.18105447017144238,0.2367526614967731,False,0.17941176470588235,0.5061395399904385
GAB,33,16,0.18253873034069942,0.24156432592783939,False,0.44117647058823534,0.08715363626051087
GAB,34,16,0.14975743919522283,0.25845584671693195,False,0.4058823529411764,0.11879168453237476
GAB,35,16,0.12565132640080443,0.2494076697555485,False,0.30882352941176466,0.24449869579851796
GAB,36,16,0.12456734922847582,0.24821239080616272,False,0.29411764705882354,0.268846554622893
GAB,37,16,0.10985754614341123,0.2490100359955442,False,0.2088235294117647,0.43765851094980035
GAB,38,16,0.11236596981817418,0.26744545726145663,False,0.15294117647058825,0.5717446192454616
GAB,39,15,0.1388958216470386,0.2244641359199349,False,0.28571428571428564,0.3019363513225493
GAB,40,16,0.11603596239306392,0.20495535399115017,False,0.14705882352941177,0.5867933937012053
GAB,41,16,0.12151837233187901,0.1749787072166811,False,0.3029411764705882,0.25406688060961147
GAB,42,16,0.1296509031028975,0.13376825891573257,False,0.28529411764705886,0.28413874015956303
GAB,43,16,0.12856330197481886,0.1284579776647245,False,0.3029411764705882,0.25406688060961147
GAB,44,16,0.13740103189123887,0.11976157473654826,False,0.24705882352941175,0.35627504151257705
GAB,45,16,0.1565170904421913,0.09356025056336413,False,0.29705882352941176,0.2638630146135225
GAB,46,16,0.1407691673153923,0.09805529292168393,False,0.15,0.5792486306642535
GAB,47,16,0.1361778313116659,0.10088891063441392,False,0.09705882352941177,0.7206513082372035
GAB,48,16,0.11040322932503412,0.15568068248296704,False,0.008823529411764706,0.9741279946623942
GAB,49,16,0.10596623537130659,0.16814765717701022,False,0.0029411764705882353,0.9913748045563624
GAB,50,16,0.10609226487798709,0.15904104292770563,False,-0.06176470588235294,0.8202418775044894
GAB,51,16,0.108550119076279,0.16995676720231678,False,-0.0029411764705882353,0.9913748045563624
GAB,52,16,0.12035003229532218,0.1501337527599234,False,0.15,0.5792486306642535
GAB,53,16,0.11889141325705824,0.13589960835034595,False,0.0823529411764706,0.761733078752474
GAB,54,16,0.1302808902248563,0.13247937240708146,False,0.0823529411764706,0.761733078752474
GAB,55,16,0.16165232715817796,0.15099818901667006,False,0.08823529411764705,0.7452220943671326
GAB,56,16,0.15658108631947215,0.19258045761674725,False,0.023529411764705882,0.931073583667659
GAB,57,16,0.20804628201405567,0.2434070192246182,False,-0.011764705882352941,0.9655081698956276
GAB,58,16,0.2328934701957873,0.2451824444357126,False,-0.02058823529411765,0.9396737397890448
GAB,59,16,0.2520037648046301,0.25686101471992495,False,-0.03823529411764706,0.8881976539853073
GAB,60,16,0.25803994566113475,0.27380779234517094,False,-0.09705882352941177,0.7206513082372035
GAB,61,15,0.2937688267467515,0.2850362369373171,False,-0.017857142857142853,0.9496353041738621
GAB,62,16,0.26340645400008994,0.3035548846636336,False,-0.06176470588235294,0.8202418775044894
GAB,63,16,0.28389622506552514,0.28493707349336594,False,-0.07058823529411765,0.795039302337628
GAB,64,16,0.2497551452922857,0.27241569074415783,False,-0.13823529411764704,0.6096659407501825
GAB,65,16,0.23610565696754277,0.27626362029011925,False,-0.15588235294117647,0.5642819694728023
GAB,66,16,0.21286660096874196,0.2898055433176535,False,-0.19411764705882353,0.47128972836210736
GAB,67,16,0.24211513328676426,0.2723938221107852,False,-0.2323529411764706,0.38651134990798475
GAB,68,16,0.2255748021261146,0.24722101262390236,False,-0.19999999999999998,0.45768790507519985
GAB,69,16,0.20619638342454677,0.23951177158921622,False,-0.2058823529411765,0.4442846410521438
GAB,70,16,0.1661287335656761,0.22606932419152778,False,-0.1411764705882353,0.6020026838819791
GAB,71,16,0.1794887909266566,0.2353098470873249,False,-0.12058823529411765,0.6564245147485952
GAB,72,16,0.23343674878013282,0.27939782718227,False,-0.11176470588235293,0.6802736949858406
GAB,73,16,0.2518308831844479,0.2758536996259215,False,-0.09117647058823529,0.7370049501736589
GAB,74,16,0.23484705709852283,0.29477096469510655,False,-0.13529411764705881,0.6173674089706418
GAB,75,16,0.24152031979922742,0.31522010652014776,False,-0.17058823529411765,0.527609768861268
GAB,76,16,0.28192774633921336,0.3098608795496355,False,-0.10294117647058824,0.7044103818167706
GAB,77,16,0.33764577701998255,0.3164930360836485,False,-0.11470588235294117,0.672291046599723
GAB,78,16,0.26549165854895757,0.3187139214625615,False,-0.19411764705882353,0.47128972836210736
GAB,79,16,0.15134048588751328,0.31094771331853444,False,-0.19117647058823528,0.47816401281702825
GAB,80,16,0.15360945679158686,0.3142098015923475,False,-0.25,0.3503914791072017
GAB,81,16,0.1358356238276299,0.29099883302965623,False,-0.25,0.3503914791072017
GAB,82,16,0.10974369942033223,0.2925024841767456,False,-0.30882352941176466,0.24449869579851796
GAB,83,16,0.09977778748697827,0.33677995649676007,False,-0.3588235294117647,0.17230386289263244
GAB,84,16,0.08849617323971228,0.332762077277579,False,-0.3147058823529411,0.23515831926634445
GAB,85,16,0.10368982342160533,0.2885269992429532,False,-0.3588235294117647,0.17230386289263244
GAB,86,16,0.11805384156870703,0.2628658681371972,False,-0.35000000000000003,0.18386882202619317
GAB,87,16,0.09380789221308776,0.281338668122276,False,-0.19411764705882353,0.47128972836210736
GAB,88,16,0.0911022085607762,0.2746049845297022,False,-0.24705882352941175,0.35627504151257705
GAB,89,16,0.08357047203129961,0.28309365006862286,False,-0.09999999999999999,0.7125163701282782
GAB,90,16,0.085072835401765,0.24460387976721906,False,0.008823529411764706,0.9741279946623942
KI - E,0,17,0.2828928676013853,0.05092212453559888,False,0.32107843137254904,0.208898183250939
KI - E,1,17,0.2620295694103094,0.027810144210062716,True,0.29901960784313725,0.24365533759455604
KI - E,2,17,0.26010675588909654,0.018878952534453517,True,0.32352941176470595,0.20524666282786772
KI - E,3,17,0.2058948188894937,0.04135354504333737,True,0.19607843137254904,0.4507049808818775
KI - E,4,17,0.16885291409759629,0.04438131316944965,True,0.15686274509803924,0.5476805847029371
KI - E,5,17,0.1557994193264416,0.03124572541758805,True,0.15441176470588236,0.5540319990921863
KI - E,6,17,0.14326997361346788,0.04255505124007188,True,0.13970588235294118,0.5928010818860754
KI - E,7,17,0.1260338467751898,0.023969890455100926,True,-0.04656862745098039,0.8591333762840925
KI - E,8,17,0.17663742721247738,0.0269834242453062,True,-0.007352941176470588,0.9776558930236225
KI - E,9,17,0.16446306249674625,0.037028313837594674,True,-0.13970588235294118,0.5928010818860754
KI - E,10,17,0.1690362215918653,0.050839248953854804,False,-0.14950980392156862,0.5668307307163287
KI - E,11,17,0.24248391275896744,0.03763881122384287,True,-0.13480392156862747,0.6059663630124608
KI - E,12,17,0.2230595381236544,0.05272903243252102,False,-0.14950980392156862,0.5668307307163287
KI - E,13,17,0.22620383130610827,0.06749009451300306,False,-0.06617647058823531,0.800774094340852
KI - E,14,17,0.24449808370499385,0.06841569142511815,False,-0.11274509803921569,0.666592049963725
KI - E,15,17,0.21356794948921815,0.0923844096417885,False,-0.07843137254901962,0.7647798831352097
KI - E,16,17,0.19675906373589647,0.07694257237024033,False,-0.10784313725490197,0.6803504180481621
KI - E,17,17,0.18086654858178453,0.07488987870091375,False,-0.12254901960784316,0.639378272107459
KI - E,18,17,0.13948527216827836,0.06424344306182891,False,-0.06127450980392158,0.8152828502754565
KI - E,19,17,0.14376671233681404,0.04927080684660779,True,-0.10049019607843139,0.7011667687510688
KI - E,20,17,0.14542641090411765,0.05136620251076866,False,-0.12500000000000003,0.6326406085600336
KI - E,21,17,0.1523168957909616,0.024590675319984524,True,-0.002450980392156863,0.992551188788469
KI - E,22,17,0.1746069514283947,0.024235134847608975,True,0.022058823529411766,0.9330304490530753
KI - E,23,16,0.18516078740358355,0.02606836403423435,True,0.12058823529411765,0.6564245147485952
KI - E,24,16,0.18955723769031466,0.03189202962275407,True,-0.02941176470588235,0.9138955872505001
KI - E,25,16,0.17783288744588696,0.055337048113296546,False,-0.10294117647058824,0.7044103818167706
KI - E,26,17,0.16439178780305622,0.15457485712115207,False,-0.21813725490196081,0.4002950907115109
KI - E,27,17,0.17242306681240308,0.16567463494143414,False,-0.37009803921568635,0.1436754727309515
KI - E,28,17,0.15282160633919284,0.15954640648003263,False,-0.25490196078431376,0.32346003406511037
KI - E,29,17,0.1434557772734586,0.1947654958267819,False,-0.26470588235294124,0.3045422200057608
KI - E,30,17,0.153391069875044,0.2238061283517385,False,-0.3357843137254902,0.1876141178747958
KI - E,31,17,0.16790379169775324,0.17466321445190447,False,-0.27696078431372556,0.281843162514077
KI - E,32,16,0.178299307965097,0.10990105457879637,False,-0.26176470588235295,0.3274104118125859
KI - E,33,16,0.1658343856466845,0.09697727274168488,False,-0.07941176470588236,0.770025319039825
KI - E,34,16,0.14038778015944572,0.07684830135108908,False,-0.047058823529411764,0.8626036946668731
KI - E,35,16,0.1306370387674265,0.10042607222431493,False,-0.014705882352941175,0.956891924031642
KI - E,36,16,0.18079989971593025,0.1250178238986947,False,-0.2411764705882353,0.36820660804263405
KI - E,37,16,0.23138043470680714,0.07723028206615835,False,-0.23823529411764705,0.37425412972798844
KI - E,38,16,0.23483447498154075,0.04120580226059165,True,-0.12352941176470587,0.6485420669723405
KI - E,39,16,0.2230824412467579,0.07463393984410886,False,-0.18235294117647058,0.49907485724580003
KI - E,40,16,0.23050355459785177,0.06268222162390416,False,-0.3588235294117647,0.17230386289263244
KI - E,41,16,0.28284212154824107,0.08281918361877574,False,-0.36764705882352944,0.1612323576755899
KI - E,42,16,0.3050146269833758,0.08290393743285362,False,-0.3058823529411765,0.24925429892891857
KI - E,43,16,0.2832906537822315,0.07788042327117245,False,-0.2411764705882353,0.36820660804263405
KI - E,44,16,0.22418478610703635,0.12785337868497865,False,-0.2911764705882353,0.27388704841914874
KI - E,45,15,0.23092302930733513,0.12285325570737125,False,-0.3071428571428571,0.2654726857102779
KI - E,46,14,0.2927962329416048,0.07505557548952702,False,-0.2703296703296703,0.3499193863496043
KI - E,47,14,0.3033366034073489,0.08102032956464002,False,-0.23956043956043957,0.4094298928517326
KI - E,48,15,0.2203982792108778,0.10294781682431883,False,-0.38214285714285706,0.1598236299869673
KI - E,49,15,0.24116242167022495,0.0675831710572419,False,-0.4357142857142856,0.10449335704406641
KI - E,50,16,0.193889441536296,0.07881600624483891,False,-0.411764705882353,0.11303386621436724
KI - E,51,16,0.20935769686697137,0.06215963850297285,False,-0.4147058823529412,0.11022940391770164
KI - E,52,16,0.205050526758922,0.05390769519714771,False,-0.3941176470588235,0.13091285429899105
KI - E,53,16,0.2132955150235267,0.04853378826442307,True,-0.28529411764705886,0.28413874015956303
KI - E,54,16,0.2148597187273914,0.05478595047296114,False,-0.34411764705882353,0.19185563142554293
KI - E,55,16,0.20820740520776737,0.05435070370007445,False,-0.2764705882352941,0.2999421284923735
KI - E,56,16,0.17099428238302825,0.09034170961225203,False,-0.3205882352941176,0.22604542220798243
KI - E,57,16,0.1452270255291036,0.13133743533229017,False,-0.3235294117647059,0.2215741250012429
KI - E,58,16,0.15347065212027658,0.0961188698344911,False,-0.2911764705882353,0.27388704841914874
KI - E,59,16,0.16972906763798423,0.06790456820985628,False,-0.3588235294117647,0.17230386289263244
KI - E,60,16,0.15292704710293384,0.09306629445550159,False,-0.3,0.25893645256249886
KI - E,61,16,0.14158514626324176,0.1400507523596165,False,-0.2411764705882353,0.36820660804263405
KI - E,62,16,0.1725793204625093,0.12409356840028832,False,-0.15294117647058825,0.5717446192454616
KI - E,63,16,0.18691646854082744,0.07725966692312491,False,-0.22058823529411767,0.4116664304979635
KI - E,64,16,0.20941086250046892,0.05059315116390642,False,-0.28823529411764703,0.27898445973708325
KI - E,65,16,0.20424492964521046,0.055501407712521454,False,-0.31764705882352945,0.23057346362184541
KI - E,66,16,0.19154301891103384,0.08675590906736064,False,-0.2911764705882353,0.27388704841914874
KI - E,67,16,0.16267291709248508,0.1260678528849612,False,-0.31176470588235294,0.23980004767411284
KI - E,68,16,0.17244982331370312,0.11297328338356176,False,-0.27058823529411763,0.31076062710233504
KI - E,69,16,0.20942263423154753,0.05406437860741862,False,-0.36470588235294116,0.16486839724475402
KI - E,70,16,0.22057262823606533,0.048198480150248586,True,-0.30882352941176466,0.24449869579851796
KI - E,71,16,0.21563553051313472,0.04160441011693884,True,-0.34705882352941175,0.18783442010629964
KI - E,72,16,0.18554168779380797,0.056455448787708584,False,-0.4147058823529412,0.11022940391770164
KI - E,73,16,0.17338470328000505,0.06876370552054498,False,-0.4147058823529412,0.11022940391770164
KI - E,74,16,0.186446863856344,0.056740337800888094,False,-0.44705882352941173,0.0825369233953715
KI - E,75,16,0.2072635568622943,0.033510683251932516,True,-0.4705882352941176,0.06581947250108118
KI - E,76,16,0.15379362510561587,0.05587649432504443,False,-0.28529411764705886,0.28413874015956303
KI - E,77,16,0.1445588437352507,0.07667847549328333,False,-0.36764705882352944,0.1612323576755899
KI - E,78,16,0.13836073568090795,0.062061336291571186,False,-0.37058823529411766,0.15765046473782054
KI - E,79,16,0.1611444741487503,0.04953746113320004,True,-0.2411764705882353,0.36820660804263405
KI - E,80,16,0.14714793027822107,0.06821565378025064,False,-0.1264705882352941,0.6406944408168836
KI - E,81,16,0.1683380725061787,0.025164124393679713,True,-0.15294117647058825,0.5717446192454616
KI - E,82,16,0.13522997735999523,0.03274554390419461,True,-0.2088235294117647,0.43765851094980035
KI - E,83,16,0.10629542322518923,0.06975061382165411,False,-0.32647058823529407,0.2171594905792295
KI - E,84,16,0.1287593397932748,0.09500347143611848,False,-0.36764705882352944,0.1612323576755899
KI - E,85,16,0.13135470884541672,0.08521917804684513,False,-0.3852941176470588,0.1405441773736763
KI - E,86,16,0.1252445460918049,0.10152108667207933,False,-0.4382352941176471,0.08953003199187995
KI - E,87,16,0.12509822561405598,0.12737789417293735,False,-0.4911764705882353,0.053350435677943356
KI - E,88,16,0.09917662415343029,0.23681058657746426,False,-0.5088235294117647,0.04413521823498383
KI - E,89,16,0.09730058070272206,0.319023852185348,False,-0.4088235294117647,0.11588783814878352
KI - E,90,16,0.12621573920672138,0.20918089399620723,False,-0.4294117647058823,0.09693648522272379
KI - W,0,17,0.11340987445781381,0.08266157043088378,False,0.13725490196078433,0.5993690521648235
KI - W,1,17,0.09668797908105606,0.06458047710695197,False,0.13970588235294118,0.5928010818860754
KI - W,2,17,0.07690697239831887,0.1292993105867842,False,0.17647058823529413,0.49806765732373415
KI - W,3,17,0.07280306449102592,0.1728013392376069,False,0.22058823529411767,0.3948890883363402
KI - W,4,17,0.06431784857095794,0.22319047703204536,False,0.26715686274509803,0.2999179120959026
KI - W,5,17,0.04986424196292377,0.3028347300424955,False,0.23529411764705882,0.363295114375383
KI - W,6,17,0.0486469449052791,0.36087935934548276,False,0.22303921568627455,0.3895228783967918
KI - W,7,17,0.038934548311874685,0.3960072686259769,False,0.029411764705882353,0.9107803991169198
KI - W,8,17,0.055857055452691456,0.2184247799764314,False,0.12254901960784316,0.639378272107459
KI - W,9,17,0.06125786501903832,0.13092995791377232,False,0.07598039215686275,0.7719448512425434
KI - W,10,17,0.06612819024369501,0.11035577478287405,False,0.01715686274509804,0.947890881823222
KI - W,11,17,0.07035000603280821,0.11093488718361601,False,0.009803921568627453,0.9702105713958575
KI - W,12,17,0.07168010901294505,0.14311841131018932,False,-0.012254901960784315,0.9627675753886973
KI - W,13,17,0.05837366647120955,0.19651497218314834,False,0.002450980392156863,0.992551188788469
KI - W,14,17,0.059910699420449506,0.20121330549697497,False,-0.09313725490196079,0.7221860910253712
KI - W,15,17,0.045713644326568034,0.13612659131616808,False,-0.16421568627450983,0.5288225629141268
KI - W,16,17,0.041930958209168055,0.14124905236537097,False,-0.14705882352941177,0.5732772908660002
KI - W,17,17,0.04046583340740676,0.13527617698966063,False,-0.16666666666666669,0.5226031535880373
KI - W,18,17,0.032933861902114094,0.17210499205962662,False,-0.07352941176470588,0.779127287251723
KI - W,19,17,0.034621441042890784,0.16392069241798016,False,-0.16911764705882354,0.5164176230839818
KI - W,20,17,0.03935768138252056,0.1655764696916195,False,-0.19117647058823534,0.46232612062451384
KI - W,21,17,0.0417676398713215,0.15134158757548422,False,-0.25000000000000006,0.3331701359154763
KI - W,22,17,0.04549288777451893,0.11840410673751406,False,-0.24019607843137256,0.3530886590520008
KI - W,23,17,0.04801904370679579,0.12975010515093757,False,-0.3357843137254902,0.1876141178747958
KI - W,24,17,0.048110244788375604,0.1644114645899339,False,-0.3382352941176471,0.18421188285210166
KI - W,25,17,0.05776270324108651,0.1826067740619528,False,-0.31127450980392163,0.2239239360724044
KI - W,26,17,0.054916461275405275,0.26134811488353704,False,-0.4730392156862746,0.05514448179993543
KI - W,27,16,0.06129963567170009,0.21304563316334746,False,-0.34411764705882353,0.19185563142554293
KI - W,28,17,0.04059745952779176,0.30739875817551543,False,-0.34313725490196084,0.1775307396809928
KI - W,29,17,0.032504714923162134,0.42397204815151157,False,-0.3382352941176471,0.18421188285210166
KI - W,30,17,0.03765465187675818,0.36817065503100876,False,-0.29656862745098045,0.24772866621670098
KI - W,31,17,0.04089988560653205,0.313376586870717,False,-0.43627450980392163,0.0799888724598653
KI - W,32,16,0.02648624536536992,0.40441792059345627,False,-0.4176470588235294,0.1074740793993006
KI - W,33,16,0.022098002593875676,0.39233678706532726,False,-0.3970588235294118,0.1278060090882619
KI - W,34,16,0.016983642657509197,0.40439606625321745,False,-0.4294117647058823,0.09693648522272379
KI - W,35,16,0.029315173741252688,0.2576112050336794,False,-0.4558823529411765,0.07594549116741177
KI - W,36,16,0.048445425586154105,0.13912832985270387,False,-0.3588235294117647,0.17230386289263244
KI - W,37,16,0.05576430492413545,0.11722564937662318,False,-0.37058823529411766,0.15765046473782054
KI - W,38,16,0.054768160712860926,0.14326322994983373,False,-0.2823529411764706,0.2893498290632739
KI - W,39,16,0.057613035094081694,0.1496145812233738,False,-0.28823529411764703,0.27898445973708325
KI - W,40,16,0.06162405094752714,0.12883745970111957,False,-0.31764705882352945,0.23057346362184541
KI - W,41,16,0.09229777702130382,0.13311597037692363,False,-0.31176470588235294,0.23980004767411284
KI - W,42,16,0.09266451782147803,0.1463631552167828,False,-0.3294117647058824,0.21280142621621312
KI - W,43,16,0.08291586789391228,0.15522064171903,False,-0.2911764705882353,0.27388704841914874
KI - W,44,16,0.07477173004299406,0.1567688576775733,False,-0.34705882352941175,0.18783442010629964
KI - W,45,16,0.08046458824315952,0.13301116600748056,False,-0.37058823529411766,0.15765046473782054
KI - W,46,16,0.0827597592491657,0.13487157377158004,False,-0.3294117647058824,0.21280142621621312
KI - W,47,16,0.08998522058883242,0.1478268887259623,False,-0.2735294117647059,0.3053231563074052
KI - W,48,16,0.06267231098553613,0.137017814288615,False,-0.3735294117647059,0.15412246989684827
KI - W,49,15,0.07727736913495596,0.08834565309980695,False,-0.2678571428571428,0.3344436005123538
KI - W,50,16,0.06731050155968188,0.08806839218924653,False,-0.3323529411764706,0.2084998279822084
KI - W,51,16,0.07906083473270498,0.08140165280301144,False,-0.38235294117647056,0.14385924954389048
KI - W,52,16,0.06754378406109204,0.08841204452974248,False,-0.43529411764705883,0.09195235850572929
KI - W,53,16,0.07836186957235142,0.0864795298251238,False,-0.4794117647058824,0.06023930250431595
KI - W,54,16,0.08787315724794535,0.03921982129384106,True,-0.5676470588235295,0.02181459214374292
KI - W,55,16,0.09644297751753284,0.032579467906589284,True,-0.488235294117647,0.05501502977813759
KI - W,56,16,0.08664720333181326,0.04436931658759324,True,-0.4941176470588235,0.051723442249235474
KI - W,57,16,0.09285022186425829,0.05061626329493838,False,-0.4617647058823529,0.07176841584053797
KI - W,58,16,0.10731822112575178,0.04884746451613286,True,-0.4705882352941176,0.06581947250108118
KI - W,59,16,0.12761054458096627,0.034814411545115685,True,-0.4735294117647058,0.06391907182682008
KI - W,60,16,0.11103778104297819,0.044727259490158565,True,-0.4558823529411765,0.07594549116741177
KI - W,61,16,0.08851422967078788,0.09640925277495373,False,-0.3029411764705882,0.25406688060961147
KI - W,62,16,0.09286743770353499,0.10415459826153893,False,-0.23823529411764705,0.37425412972798844
KI - W,63,16,0.10234943730313159,0.07847523966074957,False,-0.34705882352941175,0.18783442010629964
KI - W,64,16,0.09938140442107053,0.10541694104791177,False,-0.3382352941176471,0.2000655587786896
KI - W,65,16,0.10326142613554289,0.17948429429912902,False,-0.3205882352941176,0.22604542220798243
KI - W,66,16,0.102669223371361,0.19720867662006927,False,-0.35000000000000003,0.18386882202619317
KI - W,67,16,0.11918034717618003,0.20312765517454334,False,-0.38823529411764707,0.13728162367278124
KI - W,68,16,0.12762175272662374,0.16523163562485987,False,-0.4147058823529412,0.11022940391770164
KI - W,69,16,0.115884656871536,0.12171532090237748,False,-0.45,0.0802957365433964
KI - W,70,16,0.10722692537210174,0.11607325616950194,False,-0.5676470588235295,0.02181459214374292
KI - W,71,16,0.12526733196407028,0.1330537807456316,False,-0.5088235294117647,0.04413521823498383
KI - W,72,16,0.10741173617896584,0.12057499799947523,False,-0.6205882352941177,0.010313515549677674
KI - W,73,16,0.10756551399605263,0.14911973075224197,False,-0.6441176470588235,0.007081524086582877
KI - W,74,16,0.10493668180313853,0.13157589568944136,False,-0.6588235294117648,0.0055114223363436875
KI - W,75,16,0.12318797645691253,0.09026440672289135,False,-0.6941176470588235,0.002853705903456908
KI - W,76,16,0.12203848384808574,0.09769150369880127,False,-0.5882352941176471,0.016539722195378158
KI - W,77,16,0.14625133816818045,0.10188781626817578,False,-0.6029411764705882,0.013424125397891343
KI - W,78,16,0.11439977135243162,0.1042785193909119,False,-0.5205882352941177,0.03869090714064999
KI - W,79,16,0.1175503398602208,0.10859833377997183,False,-0.5,0.04858028888702393
KI - W,80,16,0.10666255257092419,0.11194737354329919,False,-0.4794117647058824,0.06023930250431595
KI - W,81,16,0.12366630854085092,0.0856275609489443,False,-0.5205882352941177,0.03869090714064999
KI - W,82,16,0.11422040179992718,0.09319765523138415,False,-0.4941176470588235,0.051723442249235474
KI - W,83,16,0.09960625104916596,0.09267259954454038,False,-0.4735294117647058,0.06391907182682008
KI - W,84,16,0.12557824291288858,0.0872392732051376,False,-0.7264705882352941,0.0014361826350785247
KI - W,85,16,0.13434227271049864,0.07146380227263875,False,-0.6823529411764706,0.0035879704117567223
KI - W,86,16,0.12016186319912478,0.06384823869882784,False,-0.7088235294117646,0.002111681239254533
KI - W,87,16,0.16488867720278605,0.09006401462500863,False,-0.711764705882353,0.0019840432477699634
KI - W,88,16,0.1779575750542184,0.11998426832764605,False,-0.6323529411764706,0.008577584103099355
KI - W,89,16,0.17808154945572222,0.14120955391647622,False,-0.5911764705882353,0.01587557955564148
KI - W,90,16,0.18819399520843516,0.12694291126260293,False,-0.5823529411764706,0.017932734131035355
Mt Gambier,0,17,0.06939994660662668,0.2268834378390981,False,0.4558823529411765,0.06589472039088747
Mt Gambier,1,17,0.06375877416538757,0.2440779760006867,False,0.48774509803921573,0.04702109699673036
Mt Gambier,2,17,0.025568722847963913,0.318752273475528,False,0.37990196078431376,0.13254890262758873
Mt Gambier,3,17,0.02106667684824191,0.44854695278365186,False,0.40441176470588236,0.10737924277811678
Mt Gambier,4,17,0.030570228443760155,0.2730995966088677,False,0.42156862745098045,0.09191262861281846
Mt Gambier,5,17,0.036228141007052746,0.20129306211889697,False,0.37009803921568635,0.1436754727309515
Mt Gambier,6,17,0.07404631791996354,0.07462686520927321,False,0.2132352941176471,0.4112256782090655
Mt Gambier,7,17,0.07351612111224848,0.10098807389910508,False,0.18382352941176472,0.4800344013399135
Mt Gambier,8,17,0.05692846778185426,0.08914461962814961,False,0.1936274509803922,0.45649692854875445
Mt Gambier,9,17,0.03662475372354188,0.2920195477866611,False,0.41421568627450983,0.09833118794961317
Mt Gambier,10,17,0.035406141757380716,0.2557865992365327,False,0.36764705882352944,0.14655429178401483
Mt Gambier,11,17,0.02740635201334952,0.36381706050553975,False,0.3823529411764707,0.1298634258225738
Mt Gambier,12,17,0.029974892969224967,0.3592760154705097,False,0.4460784313725491,0.07269184178908122
Mt Gambier,13,17,0.0020382353634226477,0.9205898639620522,False,0.3970588235294118,0.11454177561107586
Mt Gambier,14,17,0.00016972348093985726,0.9931816737437019,False,0.4093137254901961,0.10278434681514409
Mt Gambier,15,17,0.005844345083590627,0.8036841978961157,False,0.43137254901960786,0.08383073912478924
Mt Gambier,16,17,0.017479437337118688,0.5136630263360638,False,0.25980392156862747,0.31391716151942517
Mt Gambier,17,17,0.014561452453627303,0.5659569374603737,False,0.27941176470588236,0.2774303257912213
Mt Gambier,18,17,0.011506663961988189,0.5912622993781401,False,0.10049019607843139,0.7011667687510688
Mt Gambier,19,17,0.010072426289236493,0.6154070103157293,False,-0.05147058823529412,0.8444669030406068
Mt Gambier,20,17,0.026404756641521504,0.1811817100677331,False,0.1519607843137255,0.5604155062809044
Mt Gambier,21,17,0.02031449566201335,0.20829267964009976,False,0.17892156862745098,0.4920209629048916
Mt Gambier,22,17,0.014767723015042575,0.3141254792299159,False,0.18872549019607845,0.4681922842798525
Mt Gambier,23,17,0.0026390915741773434,0.8607527905156519,False,0.34803921568627455,0.17101314886910304
Mt Gambier,24,17,0.006542875692874425,0.7212569317333315,False,0.4803921568627451,0.05096160005232446
Mt Gambier,25,17,0.002884429929052729,0.8840497680696136,False,0.4558823529411765,0.06589472039088747
Mt Gambier,26,17,0.004338857560765493,0.8291878303806743,False,0.4730392156862746,0.05514448179993543
Mt Gambier,27,17,0.007646153410192271,0.774815663031502,False,0.34558823529411764,0.17425156925856997
Mt Gambier,28,17,0.02375458486232101,0.4374041965496218,False,0.056372549019607844,0.8298485835353617
Mt Gambier,29,17,0.016191824160370155,0.5930161385444788,False,0.014705882352941176,0.9553274855428822
Mt Gambier,30,17,0.030107874693531593,0.4144438232282579,False,-0.03921568627450981,0.8812135857007628
Mt Gambier,31,17,0.029206866310799807,0.4403816949141198,False,-0.05147058823529412,0.8444669030406068
Mt Gambier,32,16,0.01964126714350033,0.6143084150994601,False,-0.0588235294117647,0.8286807500332258
Mt Gambier,33,16,0.014249970453480856,0.7137703471728838,False,-0.044117647058823525,0.8711220048065985
Mt Gambier,34,16,0.016419266015734693,0.6799146926584547,False,-0.008823529411764706,0.9741279946623942
Mt Gambier,35,16,-0.00025280830228614076,0.9933192373682722,False,-0.01764705882352941,0.9482801500547112
Mt Gambier,36,16,0.04004190148164827,0.34950742033772175,False,-0.03823529411764706,0.8881976539853073
Mt Gambier,37,16,0.0320745310346995,0.44492284819708594,False,-0.15882352941176472,0.5568612810855389
Mt Gambier,38,16,0.02833719544245726,0.4876349554839299,False,-0.12352941176470587,0.6485420669723405
Mt Gambier,39,16,0.020776689345283157,0.6089436744096313,False,-0.12058823529411765,0.6564245147485952
Mt Gambier,40,16,0.02239666279361005,0.600034530533754,False,-0.12941176470588234,0.63288233246826
Mt Gambier,41,16,0.012449360723119394,0.7429504400708016,False,-0.19705882352941176,0.46446421122573867
Mt Gambier,42,16,0.033858835355689114,0.5145549706016137,False,-0.15882352941176472,0.5568612810855389
Mt Gambier,43,16,0.007338728443054207,0.876552479645849,False,-0.06764705882352941,0.8034203137966691
Mt Gambier,44,16,0.0032481093114862594,0.937380344680679,False,0.1176470588235294,0.6643410791623536
Mt Gambier,45,16,0.007485560352160088,0.8667193266043032,False,0.0823529411764706,0.761733078752474
Mt Gambier,46,16,0.01293997259455776,0.7593799757616344,False,0.1176470588235294,0.6643410791623536
Mt Gambier,47,16,0.0202491627141301,0.6628711496309487,False,0.08823529411764705,0.7452220943671326
Mt Gambier,48,16,0.014420068640971445,0.7756513438720589,False,0.15,0.5792486306642535
Mt Gambier,49,16,0.01087756782348843,0.7731205658488853,False,-0.21764705882352942,0.41808684161130294
Mt Gambier,50,16,0.007641601927267998,0.8228004670881801,False,-0.1764705882352941,0.5132505967364668
Mt Gambier,51,16,0.005867161120598497,0.8611845741881906,False,-0.1411764705882353,0.6020026838819791
Mt Gambier,52,16,0.006499824118578711,0.8417224258738674,False,-0.07941176470588236,0.770025319039825
Mt Gambier,53,16,0.011653243750333771,0.7164273189181805,False,-0.1176470588235294,0.6643410791623536
Mt Gambier,54,16,0.02491855061546499,0.4839880239244325,False,-0.22058823529411767,0.4116664304979635
Mt Gambier,55,16,0.01907440161642928,0.553065575767318,False,-0.16176470588235295,0.5494831434036929
Mt Gambier,56,16,-0.008658374149707125,0.7415798405710212,False,-0.09705882352941177,0.7206513082372035
Mt Gambier,57,16,-0.017488316550762197,0.46224069109203303,False,-0.014705882352941175,0.956891924031642
Mt Gambier,58,16,-0.010271610984844843,0.7202729151676055,False,0.0029411764705882353,0.9913748045563624
Mt Gambier,59,16,-0.013241719399091053,0.6562841652880831,False,0.06470588235294117,0.8118214513105935
Mt Gambier,60,16,-0.02127060779769508,0.4536792616134012,False,0.044117647058823525,0.8711220048065985
Mt Gambier,61,16,-0.03135236540055348,0.2494134995831115,False,0.10882352941176471,0.688288293957414
Mt Gambier,62,16,-0.021948190017913795,0.44812260812794,False,0.11176470588235293,0.6802736949858406
Mt Gambier,63,16,-0.0018884683027863575,0.947949085587755,False,0.09999999999999999,0.7125163701282782
Mt Gambier,64,16,-0.009429651048655318,0.7483402300276253,False,0.01764705882352941,0.9482801500547112
Mt Gambier,65,16,-0.01220640822956783,0.6013893517911186,False,-0.12058823529411765,0.6564245147485952
Mt Gambier,66,16,-0.02547535958389443,0.27990462857668963,False,0.008823529411764706,0.9741279946623942
Mt Gambier,67,16,-0.026414388278499262,0.2857027225876322,False,-0.08823529411764705,0.7452220943671326
Mt Gambier,68,16,-0.014229787025778085,0.5872165515225065,False,-0.17058823529411765,0.527609768861268
Mt Gambier,69,16,-0.019922028402132655,0.37951725857084684,False,-0.35000000000000003,0.18386882202619317
Mt Gambier,70,16,-0.00838133691854422,0.7350426959701335,False,-0.14411764705882352,0.5943782881736932
Mt Gambier,71,16,5.974732561124865e-05,0.9979285117378991,False,-0.21176470588235297,0.431083247239221
Mt Gambier,72,16,-0.00910769324483617,0.6487730373356041,False,-0.22352941176470587,0.40529834728275893
Mt Gambier,73,16,-0.000955388116251156,0.9585353250503231,False,-0.38235294117647056,0.14385924954389048
Mt Gambier,74,16,-0.003713871429984781,0.8530140673929278,False,-0.411764705882353,0.11303386621436724
Mt Gambier,75,16,0.010428203939504561,0.7357971968600858,False,-0.3,0.25893645256249886
Mt Gambier,76,16,0.04610544352659156,0.4254079938330534,False,-0.3764705882352941,0.1506481152876309
Mt Gambier,77,16,0.042081809273388754,0.4697013328504348,False,-0.34705882352941175,0.18783442010629964
Mt Gambier,78,16,0.05790668231590339,0.34767882932606986,False,-0.21176470588235297,0.431083247239221
Mt Gambier,79,16,0.05905242074125754,0.29508865158608377,False,-0.19117647058823528,0.47816401281702825
Mt Gambier,80,16,0.08167653911902258,0.23896686271301043,False,-0.2764705882352941,0.2999421284923735
Mt Gambier,81,16,0.11411104095944513,0.19352442275081067,False,-0.29411764705882354,0.268846554622893
Mt Gambier,82,16,0.09197332624656457,0.2502532582647456,False,-0.3529411764705882,0.17995865788498183
Mt Gambier,83,16,0.049455218963945904,0.37728663641248994,False,-0.21764705882352942,0.41808684161130294
Mt Gambier,84,16,0.0367429348462749,0.4455216408681546,False,-0.27941176470588236,0.29461765356841446
Mt Gambier,85,16,0.024193980908464807,0.5931250270531303,False,-0.4058823529411764,0.11879168453237476
Mt Gambier,86,16,0.023068202847969666,0.5717889011531203,False,-0.44705882352941173,0.0825369233953715
Mt Gambier,87,16,0.012031814917212435,0.7277388408734222,False,-0.488235294117647,0.05501502977813759
Mt Gambier,88,16,-0.02300192610183288,0.25332232436328955,False,-0.4264705882352941,0.09949911193753966
Mt Gambier,89,16,-0.03359753081486341,0.052772253075746074,False,-0.3,0.25893645256249886
Mt Gambier,90,16,-0.03353569465911106,0.09076962289302508,False,-0.2058823529411765,0.4442846410521438
Port Fairy,0,17,0.28589055403566155,0.011988254773300585,True,0.13970588235294118,0.5928010818860754
Port Fairy,1,17,0.3192536613770893,0.010969380704482192,True,0.16911764705882354,0.5164176230839818
Port Fairy,2,17,0.3262437262454954,0.010705562853205609,True,0.31617647058823534,0.21632697166875503
Port Fairy,3,17,0.28990321596380036,0.031756452884455236,True,0.27450980392156865,0.28629837865879204
Port Fairy,4,17,0.30680146908977113,0.055402270609162585,False,0.3872549019607844,0.12460639350840542
Port Fairy,5,17,0.26252006227228825,0.09029331688257414,False,0.25490196078431376,0.32346003406511037
Port Fairy,6,17,0.18392787521042409,0.07034044573947615,False,0.24019607843137256,0.3530886590520008
Port Fairy,7,17,0.21840429508469017,0.06153450782010429,False,0.24264705882352944,0.348047032295588
Port Fairy,8,17,0.13462106701957077,0.13764244243935653,False,0.13970588235294118,0.5928010818860754
Port Fairy,9,16,0.11363133223106464,0.1752455294563665,False,-0.044117647058823525,0.8711220048065985
Port Fairy,10,17,0.08453842278789071,0.2897732766923449,False,-0.029411764705882353,0.9107803991169198
Port Fairy,11,17,0.08957851701089983,0.26826933186105095,False,0.0,1.0
Port Fairy,12,17,0.10406842897920046,0.2568056928246213,False,0.09803921568627452,0.708151309718605
Port Fairy,13,17,0.062016358781678986,0.4961295268047714,False,0.27696078431372556,0.281843162514077
Port Fairy,14,17,0.06223097563374275,0.53072312714212,False,0.24509803921568632,0.34304665309958526
Port Fairy,15,17,0.028439737568382452,0.8003908141837399,False,0.10294117647058824,0.6942047830993174
Port Fairy,16,17,0.12780397947595895,0.33732137065519896,False,0.03921568627450981,0.8812135857007628
Port Fairy,17,17,0.1408099670516176,0.2955435358700919,False,-0.06127450980392158,0.8152828502754565
Port Fairy,18,17,0.16760661581150288,0.14787757121291262,False,0.13725490196078433,0.5993690521648235
Port Fairy,19,17,0.2034312324071465,0.04342989166800001,True,0.2058823529411765,0.4279148531427077
Port Fairy,20,17,0.2183159010479597,0.033043422521473034,True,0.25490196078431376,0.32346003406511037
Port Fairy,21,17,0.2100915821994386,0.05317401546986989,False,0.36274509803921573,0.15242989215413413
Port Fairy,22,17,0.23482267735134657,0.034926712227095535,True,0.22058823529411767,0.3948890883363402
Port Fairy,23,17,0.264049148822532,0.022533237790299792,True,0.4534313725490197,0.06754818013371684
Port Fairy,24,17,0.25942680448585864,0.008659557826494895,True,0.39460784313725494,0.11700232160229737
Port Fairy,25,17,0.2352073122619414,0.01156320501834422,True,0.41666666666666674,0.09615710991420598
Port Fairy,26,17,0.20272748641231483,0.024191052660871116,True,0.3823529411764707,0.1298634258225738
Port Fairy,27,17,0.1546893150657833,0.06107365563839303,False,0.18137254901960786,0.4860097755199285
Port Fairy,28,17,0.1569465883097061,0.035701119820158875,True,0.12254901960784316,0.639378272107459
Port Fairy,29,17,0.11950044880101995,0.10366795594964547,False,0.06372549019607844,0.808021077411703
Port Fairy,30,17,0.05256042093330738,0.5208470644315559,False,-0.10539215686274511,0.6872658389566565
Port Fairy,31,17,0.03236524220190797,0.6754699806396554,False,-0.09313725490196079,0.7221860910253712
Port Fairy,32,16,0.03080974286422134,0.6500684750044101,False,-0.2323529411764706,0.38651134990798475
Port Fairy,33,16,0.014429149342079957,0.8551992552413491,False,-0.2058823529411765,0.4442846410521438
Port Fairy,34,16,0.042653240651513144,0.61071068890692,False,-0.0823529411764706,0.761733078752474
Port Fairy,35,16,0.07532489274051928,0.3874535932578318,False,0.07352941176470588,0.7866792491258565
Port Fairy,36,16,0.16030251272466212,0.09945887669862861,False,0.07941176470588236,0.770025319039825
Port Fairy,37,16,0.16343198425269553,0.07739876331524458,False,0.011764705882352941,0.9655081698956276
Port Fairy,38,16,0.15464828391337682,0.19941305301203416,False,0.0411764705882353,0.8796536149318311
Port Fairy,39,16,0.2789742184004613,0.05197091660872247,False,-0.21764705882352942,0.41808684161130294
Port Fairy,40,16,0.2957672087941318,0.06600352987699541,False,-0.14705882352941177,0.5867933937012053
Port Fairy,41,16,0.291613962652073,0.03861732743899051,True,-0.06176470588235294,0.8202418775044894
Port Fairy,42,16,0.25613089925166044,0.04964574268582774,True,-0.02941176470588235,0.9138955872505001
Port Fairy,43,16,0.20219141578612226,0.11521069502028164,False,0.0823529411764706,0.761733078752474
Port Fairy,44,16,0.1946288869516658,0.16454546955117005,False,0.1764705882352941,0.5132505967364668
Port Fairy,45,16,0.0795814858638637,0.4245012018841503,False,0.1264705882352941,0.6406944408168836
Port Fairy,46,16,0.04939604754604045,0.48377636553934333,False,0.08529411764705883,0.7534650694747833
Port Fairy,47,16,0.008809875067146047,0.8887166755447083,False,0.023529411764705882,0.931073583667659
Port Fairy,48,16,0.014207842214299098,0.8369706195787194,False,-0.10882352941176471,0.688288293957414
Port Fairy,49,16,-0.015445603634275152,0.8544825790884537,False,-0.25588235294117645,0.33878990807124576
Port Fairy,50,16,0.056606796805170306,0.4904534341318034,False,0.055882352941176466,0.8371372217954723
Port Fairy,51,16,0.0747192583579038,0.3738815727294075,False,-0.06176470588235294,0.8202418775044894
Port Fairy,52,16,0.1260771670400919,0.14452762685961437,False,-0.19999999999999998,0.45768790507519985
Port Fairy,53,16,0.14879271227511617,0.1042624069727857,False,-0.16176470588235295,0.5494831434036929
Port Fairy,54,16,0.2838212594389915,0.034170643603882465,True,-0.35000000000000003,0.18386882202619317
Port Fairy,55,16,0.2924984947711762,0.05549391616641796,False,-0.3941176470588235,0.13091285429899105
Port Fairy,56,16,0.26293551922509717,0.07236965822101385,False,-0.31764705882352945,0.23057346362184541
Port Fairy,57,16,0.21868233392015102,0.08033468576708672,False,-0.488235294117647,0.05501502977813759
Port Fairy,58,16,0.22605563841893206,0.05054621855294189,False,-0.40294117647058825,0.121745762952543
Port Fairy,59,16,0.26913038061133454,0.029632302343448578,True,-0.2529411764705882,0.34456303133749866
Port Fairy,60,16,0.3212814179603898,0.021137849739019502,True,-0.19705882352941176,0.46446421122573867
Port Fairy,61,16,0.1916307365211348,0.07839107816680987,False,0.03529411764705882,0.8967532476935333
Port Fairy,62,16,0.1534088751922051,0.20511972496862133,False,0.3323529411764706,0.2084998279822084
Port Fairy,63,16,0.1749533782402674,0.21928583368999552,False,0.2323529411764706,0.38651134990798475
Port Fairy,64,16,0.10443583648829229,0.46298103600694807,False,0.27058823529411763,0.31076062710233504
Port Fairy,65,16,0.08504589892746436,0.41551630234490566,False,0.45,0.0802957365433964
Port Fairy,66,16,0.013659522930781057,0.8621209111191814,False,0.29705882352941176,0.2638630146135225
Port Fairy,67,16,0.07185203571959088,0.41438626859672234,False,0.2676470588235294,0.3162544185483094
Port Fairy,68,16,0.03433703759773857,0.6817382014721172,False,0.12352941176470587,0.6485420669723405
Port Fairy,69,16,0.03663298560173383,0.675066125101849,False,-0.011764705882352941,0.9655081698956276
Port Fairy,70,16,0.18339981962039714,0.18309763540950125,False,0.014705882352941175,0.956891924031642
Port Fairy,71,16,0.2247991016023748,0.09567947006959931,False,0.049999999999999996,0.8540995521297436
Port Fairy,72,16,0.22700879645666905,0.06648676077120437,False,-0.02941176470588235,0.9138955872505001
Port Fairy,73,16,0.24731989549916414,0.04788071967011595,True,-0.14705882352941177,0.5867933937012053
Port Fairy,74,16,0.1968759370280341,0.07606298537598989,False,-0.19705882352941176,0.46446421122573867
Port Fairy,75,16,0.1942468720931737,0.06196019912101427,False,-0.08529411764705883,0.7534650694747833
Port Fairy,76,16,0.20895550372965993,0.03395469364148097,True,-0.15,0.5792486306642535
Port Fairy,77,16,0.11127844409396251,0.20816919128393038,False,-0.0588235294117647,0.8286807500332258
Port Fairy,78,16,0.13843006547540426,0.18440239699697605,False,0.01764705882352941,0.9482801500547112
Port Fairy,79,16,0.16813333071768286,0.1030586952283341,False,0.0588235294117647,0.8286807500332258
Port Fairy,80,16,0.1411230363106976,0.1844913883645596,False,-0.049999999999999996,0.8540995521297436
Port Fairy,81,16,0.170553329899641,0.06559811514422165,False,0.0058823529411764705,0.9827505044191351
Port Fairy,82,16,0.19606510532931204,0.03372327461373398,True,0.0058823529411764705,0.9827505044191351
Port Fairy,83,15,0.29077429191224163,0.005973626863721368,True,-0.07142857142857141,0.8002959873970544
Port Fairy,84,16,0.20729745956847356,0.02934646134781807,True,-0.055882352941176466,0.8371372217954723
Port Fairy,85,16,0.12464049865181247,0.1066495773617809,False,-0.16764705882352943,0.5348568245819433
Port Fairy,86,16,0.1709515119991487,0.06139848080367134,False,-0.27058823529411763,0.31076062710233504
Port Fairy,87,16,0.2156709779586111,0.05279696558955984,False,-0.3147058823529411,0.23515831926634445
Port Fairy,88,16,0.22105865152552723,0.09796740030913731,False,-0.36764705882352944,0.1612323576755899
Port Fairy,89,16,0.1878653952763194,0.09855086394923737,False,-0.28823529411764703,0.27898445973708325
Port Fairy,90,16,0.22340558412529174,0.03910593377370294,True,-0.16176470588235295,0.5494831434036929
Port Lincoln,0,17,0.3684172695737426,0.12747278797890818,False,0.37009803921568635,0.1436754727309515
Port Lincoln,1,17,0.3220383975060046,0.13418385800840746,False,0.29411764705882354,0.2518444167529261
Port Lincoln,2,17,0.3146262840521769,0.13848229630615683,False,0.35539215686274517,0.16154091235760826
Port Lincoln,3,17,0.3065043035758977,0.14342215810746708,False,0.31617647058823534,0.21632697166875503
Port Lincoln,4,17,0.30024748932914574,0.16361333857072316,False,0.29656862745098045,0.24772866621670098
Port Lincoln,5,16,0.2728617969235139,0.1859450766167086,False,0.4764705882352941,0.062059174189226164
Port Lincoln,6,17,0.2207442384557564,0.2558453875545007,False,0.4460784313725491,0.07269184178908122
Port Lincoln,7,17,0.13647000381008248,0.30946767617961124,False,0.35294117647058826,0.16465797331641727
Port Lincoln,8,17,0.11261979293714719,0.3302312571158498,False,0.2524509803921569,0.32829422956501797
Port Lincoln,9,17,0.10731268177638535,0.30563377590850305,False,0.15686274509803924,0.5476805847029371
Port Lincoln,10,17,0.14891386542375346,0.28615897761748277,False,0.12254901960784316,0.639378272107459
Port Lincoln,11,17,0.11990514859473675,0.3110681968179055,False,0.07107843137254903,0.7863266619781206
Port Lincoln,12,17,0.12460377998545724,0.3429449851749462,False,0.07107843137254903,0.7863266619781206
Port Lincoln,13,17,0.11798658401859242,0.32543604502572054,False,0.007352941176470588,0.9776558930236225
Port Lincoln,14,17,0.11070909782910213,0.35529781489943457,False,-0.06372549019607844,0.808021077411703
Port Lincoln,15,17,0.11940418105332459,0.3428870303398742,False,-0.07843137254901962,0.7647798831352097
Port Lincoln,16,17,0.10878306811138028,0.34320510430136597,False,0.09068627450980393,0.7292353374489888
Port Lincoln,17,17,0.07406356014332183,0.26926086428664814,False,0.19117647058823534,0.46232612062451384
Port Lincoln,18,17,0.10019556109269127,0.1568803679542338,False,0.24019607843137256,0.3530886590520008
Port Lincoln,19,17,0.11063586168659001,0.12830473110924243,False,0.07843137254901962,0.7647798831352097
Port Lincoln,20,17,0.1185212979578421,0.12226863175372259,False,0.058823529411764705,0.8225588681711514
Port Lincoln,21,17,0.10531114729470897,0.13001050687274923,False,0.11764705882352941,0.6529334399539918
Port Lincoln,22,17,0.1094264421152885,0.10406291206344433,False,0.10539215686274511,0.6872658389566565
Port Lincoln,23,17,0.09593328014433551,0.13634220323424634,False,0.09558823529411767,0.7151579154299805
Port Lincoln,24,17,0.09003642243163593,0.19150293608679014,False,0.002450980392156863,0.992551188788469
Port Lincoln,25,17,0.08940397816545824,0.2336238813693189,False,-0.08823529411764706,0.7363051515421215
Port Lincoln,26,17,0.1058618577734596,0.1772035326009214,False,-0.11029411764705883,0.6734589975422935
Port Lincoln,27,17,0.10224800519540865,0.19245797374987625,False,-0.13725490196078433,0.5993690521648235
Port Lincoln,28,17,0.10365819121275295,0.1879577096402939,False,-0.11519607843137256,0.6597500431074229
Port Lincoln,29,17,0.12070933279870939,0.19537715845281658,False,-0.056372549019607844,0.8298485835353617
Port Lincoln,30,17,0.15362638305006573,0.13996419998827656,False,-0.09803921568627452,0.708151309718605
Port Lincoln,31,17,0.20869635668705824,0.13633483287224749,False,-0.1593137254901961,0.541361632626163
Port Lincoln,32,16,0.249020997095587,0.08151163076421607,False,-0.13823529411764704,0.6096659407501825
Port Lincoln,33,16,0.23654834452484336,0.07936991998793184,False,-0.09117647058823529,0.7370049501736589
Port Lincoln,34,16,0.226158487437559,0.06295981227187643,False,-0.047058823529411764,0.8626036946668731
Port Lincoln,35,16,0.21802923996888457,0.0721033383216654,False,-0.06470588235294117,0.8118214513105935
Port Lincoln,36,16,0.22049437998572274,0.07133113888426186,False,-0.0411764705882353,0.8796536149318311
Port Lincoln,37,16,0.2134358956611582,0.09667894350629505,False,-0.049999999999999996,0.8540995521297436
Port Lincoln,38,16,0.17712604423009212,0.09076140062885801,False,-0.0058823529411764705,0.9827505044191351
Port Lincoln,39,16,0.16206966760967462,0.10473011916779787,False,-0.0411764705882353,0.8796536149318311
Port Lincoln,40,16,0.17331140226285374,0.12458635815250449,False,-0.05294117647058824,0.8456104411493658
Port Lincoln,41,16,0.22718499357634714,0.16831585760077605,False,-0.1411764705882353,0.6020026838819791
Port Lincoln,42,16,0.2643728458544328,0.14883967682588356,False,-0.0823529411764706,0.761733078752474
Port Lincoln,43,16,0.25324602419776576,0.13836922778003566,False,-0.07941176470588236,0.770025319039825
Port Lincoln,44,16,0.23291899410874717,0.13163858018659955,False,0.02058823529411765,0.9396737397890448
Port Lincoln,45,16,0.25119813711249406,0.11461498736313934,False,0.06764705882352941,0.8034203137966691
Port Lincoln,46,16,0.2467149451729797,0.11884224779821428,False,-0.03529411764705882,0.8967532476935333
Port Lincoln,47,16,0.2965530645080088,0.15303671681917153,False,0.0,1.0
Port Lincoln,48,16,0.31254451943871875,0.10805324363622781,False,-0.1323529411764706,0.6251064291516133
Port Lincoln,49,16,0.29788445796861884,0.10855270346322062,False,-0.16176470588235295,0.5494831434036929
Port Lincoln,50,16,0.33185886094302297,0.08921477749064599,False,-0.15882352941176472,0.5568612810855389
Port Lincoln,51,16,0.352487879714352,0.0958271468491093,False,-0.23823529411764705,0.37425412972798844
Port Lincoln,52,16,0.3404139714049441,0.091211509342687,False,-0.2058823529411765,0.4442846410521438
Port Lincoln,53,16,0.3941140215666521,0.08749720048942318,False,-0.23823529411764705,0.37425412972798844
Port Lincoln,54,16,0.28735768409623275,0.06726238488111627,False,-0.34705882352941175,0.18783442010629964
Port Lincoln,55,16,0.1818630272522569,0.08292510980437691,False,-0.28823529411764703,0.27898445973708325
Port Lincoln,56,16,0.13697015041529778,0.1516115957172176,False,-0.17941176470588235,0.5061395399904385
Port Lincoln,57,16,0.1763421703396099,0.22013313708859902,False,-0.09411764705882353,0.7288144270239805
Port Lincoln,58,16,0.1578945899071793,0.20920475851238146,False,-0.1323529411764706,0.6251064291516133
Port Lincoln,59,16,0.1869910884681823,0.19965445016855884,False,-0.19999999999999998,0.45768790507519985
Port Lincoln,60,16,0.15416629908584237,0.24664847245994795,False,-0.11176470588235293,0.6802736949858406
Port Lincoln,61,16,0.15260456085892482,0.2572563897190013,False,-0.09705882352941177,0.7206513082372035
Port Lincoln,62,16,0.19196161295154265,0.18104251900628587,False,-0.1176470588235294,0.6643410791623536
Port Lincoln,63,16,0.19130797882874806,0.1528316376851968,False,-0.12941176470588234,0.63288233246826
Port Lincoln,64,16,0.1488637029459434,0.1507409573965349,False,-0.2676470588235294,0.3162544185483094
Port Lincoln,65,16,0.16546308704696241,0.1349183103477051,False,-0.19999999999999998,0.45768790507519985
Port Lincoln,66,16,0.1567996156379758,0.14649383434145097,False,-0.22647058823529412,0.3989829266412891
Port Lincoln,67,16,0.15915605697470409,0.1488555501819841,False,-0.19999999999999998,0.45768790507519985
Port Lincoln,68,16,0.16146009382570073,0.12071432886644154,False,-0.15294117647058825,0.5717446192454616
Port Lincoln,69,16,0.17273663617670534,0.14149000641061493,False,-0.11470588235294117,0.672291046599723
Port Lincoln,70,16,0.16395725235564723,0.14444033883939217,False,-0.14411764705882352,0.5943782881736932
Port Lincoln,71,16,0.17799674412013872,0.14646791547164684,False,-0.023529411764705882,0.931073583667659
Port Lincoln,72,16,0.1608687771062943,0.19388500078747203,False,-0.22941176470588234,0.39272049088161975
Port Lincoln,73,16,0.19626020820966614,0.1557544911718747,False,-0.2911764705882353,0.27388704841914874
Port Lincoln,74,16,0.26029499372400877,0.1863006402785585,False,-0.28823529411764703,0.27898445973708325
Port Lincoln,75,16,0.2613992132313017,0.20865547937626613,False,-0.3294117647058824,0.21280142621621312
Port Lincoln,76,16,0.2741877479201537,0.22352739117400106,False,-0.2911764705882353,0.27388704841914874
Port Lincoln,77,16,0.3054241048360598,0.19008554919282178,False,-0.25,0.3503914791072017
Port Lincoln,78,16,0.3251939414468195,0.14525968525792182,False,-0.4147058823529412,0.11022940391770164
Port Lincoln,79,15,0.36245647050558566,0.15129926704567426,False,-0.4035714285714285,0.13576799650365623
Port Lincoln,80,16,0.3232636026505913,0.1526691707819509,False,-0.2764705882352941,0.2999421284923735
Port Lincoln,81,16,0.27382140778049474,0.09003023762876063,False,-0.21470588235294116,0.4245592336201027
Port Lincoln,82,16,0.260087879258208,0.07604005187915891,False,-0.3,0.25893645256249886
Port Lincoln,83,16,0.21435888800548303,0.07664836155144496,False,-0.38823529411764707,0.13728162367278124
Port Lincoln,84,16,0.20060923925512247,0.08756552565950379,False,-0.3970588235294118,0.1278060090882619
Port Lincoln,85,16,0.19180104679960222,0.08993321122136717,False,-0.3382352941176471,0.2000655587786896
Port Lincoln,86,16,0.1545139849163769,0.13114131576515492,False,-0.37941176470588234,0.14722713386289268
Port Lincoln,87,16,0.1384305964844922,0.13290262867930916,False,-0.37941176470588234,0.14722713386289268
Port Lincoln,88,16,0.12813141356843213,0.13496068959530294,False,-0.5235294117647059,0.03741264813014936
Port Lincoln,89,16,0.13946093697588713,0.12022712926186897,False,-0.4382352941176471,0.08953003199187995
Port Lincoln,90,16,0.16706230806718977,0.0697891951197148,False,-0.18529411764705883,0.4920570502059438
SVG - NE,0,17,0.9369721590971751,0.2701214362596198,False,0.07352941176470588,0.779127287251723
SVG - NE,1,17,1.113173801424791,0.1889198053067399,False,0.27696078431372556,0.281843162514077
SVG - NE,2,17,1.0837927957375848,0.22760886331889624,False,0.34803921568627455,0.17101314886910304
SVG - NE,3,17,1.153984431308859,0.19113567762845343,False,0.30147058823529416,0.23962440631044424
SVG - NE,4,17,0.9201218371297804,0.2624868677916056,False,0.37009803921568635,0.1436754727309515
SVG - NE,5,17,0.7444109178641268,0.2778856961027318,False,0.27450980392156865,0.28629837865879204
SVG - NE,6,16,0.7915788613614586,0.2602490568098963,False,0.08823529411764705,0.7452220943671326
SVG - NE,7,15,0.7879373044248615,0.2763157543972219,False,0.3571428571428571,0.19127476343157904
SVG - NE,8,15,0.9996791934020941,0.2080350836956503,False,0.2964285714285714,0.28335542843426287
SVG - NE,9,16,0.7910909269005064,0.2772900147273381,False,0.09411764705882353,0.7288144270239805
SVG - NE,10,16,0.6938259222855175,0.30757607882134036,False,0.07647058823529412,0.7783409809607029
SVG - NE,11,16,0.7794673491269355,0.2683996343293482,False,0.17352941176470588,0.5204075144487408
SVG - NE,12,16,0.8489684060215954,0.23680967436270578,False,0.17352941176470588,0.5204075144487408
SVG - NE,13,16,0.9102080646902326,0.26718830667480675,False,0.21176470588235297,0.431083247239221
SVG - NE,14,17,0.7164387733328581,0.30283914032216974,False,0.18137254901960786,0.4860097755199285
SVG - NE,15,17,0.4110863846891071,0.5083231837030251,False,0.12254901960784316,0.639378272107459
SVG - NE,16,17,0.3506895170492288,0.552686560038228,False,0.07352941176470588,0.779127287251723
SVG - NE,17,17,0.5470868650604702,0.431539110692708,False,0.07107843137254903,0.7863266619781206
SVG - NE,18,17,0.539329330827676,0.44102780570579947,False,0.06862745098039216,0.7935424429160597
SVG - NE,19,17,0.5891499379101925,0.43756690030678924,False,-0.012254901960784315,0.9627675753886973
SVG - NE,20,16,0.5764733941604697,0.4163537311193507,False,-0.044117647058823525,0.8711220048065985
SVG - NE,21,16,0.7613175936043266,0.3448009254798704,False,-0.15882352941176472,0.5568612810855389
SVG - NE,22,16,0.8565067051599429,0.28228465504987166,False,-0.24705882352941175,0.35627504151257705
SVG - NE,23,16,0.7014742876092597,0.37380660034730673,False,-0.22647058823529412,0.3989829266412891
SVG - NE,24,16,0.9375357819100224,0.2624057920871772,False,-0.3558823529411765,0.1761037380915931
SVG - NE,25,16,0.730047920842966,0.35445044545736293,False,-0.1647058823529412,0.5421481352010777
SVG - NE,26,16,0.6485648198674125,0.3997877169294346,False,-0.10882352941176471,0.688288293957414
SVG - NE,27,15,0.10934814082251698,0.7890769297351525,False,-0.13928571428571426,0.6205460876279014
SVG - NE,28,16,0.007656852963070476,0.9797362638323717,False,-0.1323529411764706,0.6251064291516133
SVG - NE,29,16,0.0091444272547965,0.9780252896742196,False,-0.032352941176470584,0.9053195187918449
SVG - NE,30,16,0.1464946194241449,0.6872837175357829,False,-0.08823529411764705,0.7452220943671326
SVG - NE,31,16,0.20995331866045838,0.5783587066874729,False,-0.02647058823529412,0.9224805705017287
SVG - NE,32,16,0.22182099980612646,0.544762604674994,False,-0.2529411764705882,0.34456303133749866
SVG - NE,33,16,0.3510108881940449,0.3329259178054442,False,-0.14705882352941177,0.5867933937012053
SVG - NE,34,16,0.2555637904753292,0.4790926345495825,False,-0.09117647058823529,0.7370049501736589
SVG - NE,35,16,0.33184142671525524,0.3973149060964013,False,-0.049999999999999996,0.8540995521297436
SVG - NE,36,15,0.4491556186146211,0.2251073134424312,False,-0.028571428571428564,0.9194899083821857
SVG - NE,37,15,0.2566494104597309,0.3938637879282497,False,-0.024999999999999998,0.9295289708192378
SVG - NE,38,15,0.012613185511695471,0.9487106899531539,False,-0.21428571428571427,0.44314093482351424
SVG - NE,39,15,-0.1305438400450202,0.47892627151261447,False,0.017857142857142853,0.9496353041738621
SVG - NE,40,16,0.164207697233984,0.7196540989647925,False,0.05294117647058824,0.8456104411493658
SVG - NE,41,16,-0.10355675541573992,0.741896579598855,False,0.047058823529411764,0.8626036946668731
SVG - NE,42,16,-0.11458735575988133,0.6307728002609078,False,0.07647058823529412,0.7783409809607029
SVG - NE,43,16,-0.2095889128212413,0.4508217212064568,False,0.09705882352941177,0.7206513082372035
SVG - NE,44,16,-0.05829359335558715,0.8879777878128339,False,0.07941176470588236,0.770025319039825
SVG - NE,45,16,0.11201398156228554,0.8340095258237984,False,0.06470588235294117,0.8118214513105935
SVG - NE,46,15,0.19498750183317443,0.7270695746006083,False,-0.04285714285714285,0.8794603130258999
SVG - NE,47,15,0.18302923573388033,0.7378018599942948,False,-0.075,0.7905107941552679
SVG - NE,48,15,0.24249787237909134,0.6390831610165403,False,0.021428571428571425,0.9395779040128779
SVG - NE,49,15,0.28494525684250765,0.5328798218731063,False,0.03214285714285714,0.9094621170945906
SVG - NE,50,16,0.4604488417506221,0.3105188188831688,False,0.06764705882352941,0.8034203137966691
SVG - NE,51,16,0.23442526823353244,0.33075039704321596,False,0.10882352941176471,0.688288293957414
SVG - NE,52,16,0.24563570998254325,0.3991981444336049,False,0.15294117647058825,0.5717446192454616
SVG - NE,53,15,0.21106628213610007,0.4922325894032358,False,0.1464285714285714,0.602549920983054
SVG - NE,54,16,0.24755044946713145,0.381066000386149,False,-0.1264705882352941,0.6406944408168836
SVG - NE,55,16,0.40763661946569213,0.2559249183077412,False,0.0,1.0
SVG - NE,56,15,0.11797041932741846,0.6879697326785654,False,-0.19999999999999998,0.4748139645221684
SVG - NE,57,16,1.5110210494448746,0.35106872582392945,False,0.0588235294117647,0.8286807500332258
SVG - NE,58,16,1.042000876863798,0.3805868055149616,False,-0.023529411764705882,0.931073583667659
SVG - NE,59,16,0.5870490216960513,0.5221655708353593,False,0.049999999999999996,0.8540995521297436
SVG - NE,60,16,0.6275459763904417,0.5516052657163628,False,-0.14705882352941177,0.5867933937012053
SVG - NE,61,16,0.6006086441377803,0.5676738429685999,False,0.22352941176470587,0.40529834728275893
SVG - NE,62,16,0.5760975021868948,0.582602872092709,False,0.29411764705882354,0.268846554622893
SVG - NE,63,16,0.4316538970917466,0.6279410100887692,False,0.18529411764705883,0.4920570502059438
SVG - NE,64,16,0.15866923828919777,0.808115408082982,False,0.16176470588235295,0.5494831434036929
SVG - NE,65,16,0.3783898527423546,0.6131418070517998,False,0.1764705882352941,0.5132505967364668
SVG - NE,66,15,0.7172445445590554,0.4189189458191853,False,0.25,0.36884629178393047
SVG - NE,67,15,0.6238377667797941,0.4350395026097005,False,0.2285714285714285,0.41256617049636035
SVG - NE,68,15,0.4512605203522579,0.5694747274159015,False,-0.0857142857142857,0.7613341261907667
SVG - NE,69,15,0.45878071374363416,0.5881490006663822,False,0.0035714285714285704,0.9899214068809781
SVG - NE,70,15,0.6148628894488023,0.549401187838767,False,0.03214285714285714,0.9094621170945906
SVG - NE,71,15,0.7593671920564444,0.5184486177928455,False,-0.07142857142857141,0.8002959873970544
SVG - NE,72,16,0.9401829431454346,0.4126253974226354,False,-0.08823529411764705,0.7452220943671326
SVG - NE,73,16,0.8589274514466528,0.43564743788012006,False,-0.1764705882352941,0.5132505967364668
SVG - NE,74,16,0.6422650954375668,0.5486727551494841,False,-0.19117647058823528,0.47816401281702825
SVG - NE,75,16,0.42230808908740725,0.6038824631925661,False,-0.1323529411764706,0.6251064291516133
SVG - NE,76,16,0.3655607464412851,0.6761746739330201,False,-0.18529411764705883,0.4920570502059438
SVG - NE,77,16,0.5989900390307112,0.5282755490610187,False,-0.11470588235294117,0.672291046599723
SVG - NE,78,16,0.8069207062323892,0.391008693382321,False,0.0411764705882353,0.8796536149318311
SVG - NE,79,16,0.8661628333940395,0.35860293349989214,False,0.0058823529411764705,0.9827505044191351
SVG - NE,80,15,1.061385531690386,0.31380805676500145,False,0.10357142857142855,0.7133796306287292
SVG - NE,81,14,1.385149096874964,0.22250026970781744,False,0.2879120879120879,0.3181928710258003
SVG - NE,82,15,1.5949475857946611,0.20443439262757265,False,0.25357142857142856,0.3618161038158896
SVG - NE,83,15,1.6965018696255156,0.14570787733797375,False,0.3928571428571428,0.14746665531132622
SVG - NE,84,15,1.261882611115774,0.16786754321640657,False,0.3571428571428571,0.19127476343157904
SVG - NE,85,15,0.9653685093304473,0.28663237072390046,False,0.32499999999999996,0.23722543823723408
SVG - NE,86,15,0.9578731648505685,0.2677857431243392,False,0.27499999999999997,0.3212111733193767
SVG - NE,87,15,0.7030967643904311,0.313053682988473,False,0.39999999999999997,0.13959512937214466
SVG - NE,88,16,0.5442694728040982,0.417456571620217,False,0.3411764705882353,0.1959326248678891
SVG - NE,89,16,0.5186081058035298,0.4483963857408928,False,0.4088235294117647,0.11588783814878352
SVG - NE,90,16,0.586137052252889,0.46805012375632393,False,0.36470588235294116,0.16486839724475402
SVG - NW,0,16,0.9450876975343341,0.13746016366396105,False,0.044117647058823525,0.8711220048065985
SVG - NW,1,17,1.1626761235275855,0.16200475892367977,False,0.08333333333333334,0.750504450153402
SVG - NW,2,17,1.4455255766709647,0.1741527287679408,False,0.12009803921568628,0.6461426985863066
SVG - NW,3,17,1.6920836231287788,0.18099260476901297,False,0.13725490196078433,0.5993690521648235
SVG - NW,4,17,1.3029209718984713,0.2294871516099534,False,0.056372549019607844,0.8298485835353617
SVG - NW,5,16,1.0042759402876809,0.22496365572795518,False,0.1764705882352941,0.5132505967364668
SVG - NW,6,16,0.8713815536350011,0.2424572376810628,False,0.22941176470588234,0.39272049088161975
SVG - NW,7,16,0.7275957644784025,0.3065375312379355,False,0.1323529411764706,0.6251064291516133
SVG - NW,8,15,1.0612094981424394,0.25662587453749214,False,-0.13928571428571426,0.6205460876279014
SVG - NW,9,17,0.9452675288798761,0.26403831217071444,False,-0.26960784313725494,0.2953357994714052
SVG - NW,10,17,0.8382441307984145,0.2963376754079734,False,-0.3995098039215687,0.11211790882594826
SVG - NW,11,17,0.9116739430848291,0.2600654020153022,False,-0.1985294117647059,0.4449505436788084
SVG - NW,12,17,0.9484071036179861,0.2560351205244286,False,-0.22058823529411767,0.3948890883363402
SVG - NW,13,17,1.1440637766146193,0.24071514383041773,False,-0.2058823529411765,0.4279148531427077
SVG - NW,14,17,1.0696183798359888,0.2751515524591045,False,-0.21813725490196081,0.4002950907115109
SVG - NW,15,17,0.8652965230100297,0.3257412659369818,False,-0.2034313725490196,0.4335552308263205
SVG - NW,16,17,0.8901750218634513,0.28611146755174255,False,-0.13480392156862747,0.6059663630124608
SVG - NW,17,17,1.2480705781310213,0.2284048472176948,False,-0.10294117647058824,0.6942047830993174
SVG - NW,18,17,1.3099350351328942,0.20896280072329768,False,-0.232843137254902,0.36845965485437604
SVG - NW,19,17,1.3270689495638306,0.21314629035906557,False,-0.28186274509803927,0.27305989737995473
SVG - NW,20,17,1.3028159870820888,0.22332822781174178,False,-0.28921568627450983,0.2602032490665047
SVG - NW,21,16,1.3525583021342755,0.2040209065777181,False,-0.29411764705882354,0.268846554622893
SVG - NW,22,16,1.3185394577061136,0.19808807902651926,False,-0.31764705882352945,0.23057346362184541
SVG - NW,23,16,1.0503963699564336,0.2650438403113217,False,-0.3529411764705882,0.17995865788498183
SVG - NW,24,16,0.9570556588470935,0.2706485061023836,False,-0.13823529411764704,0.6096659407501825
SVG - NW,25,16,0.9526159551615516,0.2805919765306778,False,-0.0823529411764706,0.761733078752474
SVG - NW,26,16,0.9947351779788731,0.2676537333752589,False,-0.07058823529411765,0.795039302337628
SVG - NW,27,16,0.9840000102917351,0.2695207560803689,False,-0.16764705882352943,0.5348568245819433
SVG - NW,28,17,0.951764099153818,0.2617612236164195,False,-0.3137254901960785,0.22010439650726998
SVG - NW,29,17,0.991455261964424,0.25871384064143743,False,-0.27941176470588236,0.2774303257912213
SVG - NW,30,16,0.34516596471269934,0.506056676650879,False,-0.3529411764705882,0.17995865788498183
SVG - NW,31,16,0.389072214315335,0.4459850320455685,False,-0.3588235294117647,0.17230386289263244
SVG - NW,32,16,0.3103759594261647,0.4498446203418599,False,-0.3235294117647059,0.2215741250012429
SVG - NW,33,16,0.17564825341105464,0.5768622810016178,False,-0.3294117647058824,0.21280142621621312
SVG - NW,34,16,0.12725526715318367,0.7115315470637469,False,-0.2411764705882353,0.36820660804263405
SVG - NW,35,16,0.04635812466343242,0.8930627778798496,False,-0.1323529411764706,0.6251064291516133
SVG - NW,36,16,-0.0030725366125504416,0.9930182244171517,False,-0.15294117647058825,0.5717446192454616
SVG - NW,37,15,0.0732317691379123,0.8400282257255067,False,-0.16428571428571426,0.5584973732486012
SVG - NW,38,15,0.16684109105004202,0.7164472486190485,False,-0.2964285714285714,0.28335542843426287
SVG - NW,39,15,0.36571407289732083,0.611714123632919,False,-0.16785714285714282,0.5498555542278019
SVG - NW,40,16,0.4654016637553772,0.4909450680894827,False,-0.1764705882352941,0.5132505967364668
SVG - NW,41,16,0.4623361649257796,0.4904427374761975,False,-0.27058823529411763,0.31076062710233504
SVG - NW,42,16,0.4871104260285696,0.4505649905958006,False,-0.3235294117647059,0.2215741250012429
SVG - NW,43,16,0.428498143241519,0.49910291304674703,False,-0.2323529411764706,0.38651134990798475
SVG - NW,44,16,0.5912564133072183,0.45956934490940227,False,-0.2058823529411765,0.4442846410521438
SVG - NW,45,16,0.6974085202351922,0.4065936700952687,False,-0.2735294117647059,0.3053231563074052
SVG - NW,46,15,0.8098979592323303,0.3647563487952665,False,-0.21071428571428572,0.450957865215285
SVG - NW,47,15,0.7824184646871355,0.38154961096336326,False,-0.08214285714285713,0.7710285652881772
SVG - NW,48,15,0.5956172260973189,0.39047513116320454,False,-0.1857142857142857,0.5075409629336737
SVG - NW,49,15,0.6586029648780822,0.3538499189998229,False,-0.24285714285714283,0.38312834183934175
SVG - NW,50,16,0.6711174382517735,0.3262966047043998,False,-0.25,0.3503914791072017
SVG - NW,51,16,0.31011948315870197,0.42010481310227643,False,-0.22941176470588234,0.39272049088161975
SVG - NW,52,16,0.2578811704402878,0.5103627633436159,False,-0.25588235294117645,0.33878990807124576
SVG - NW,53,15,0.22811696741316054,0.5845558984387742,False,-0.09285714285714285,0.742045009907367
SVG - NW,54,16,0.2314146575473604,0.553260090656011,False,-0.31176470588235294,0.23980004767411284
SVG - NW,55,16,0.5297002594651921,0.43184496249538296,False,-0.28823529411764703,0.27898445973708325
SVG - NW,56,15,-0.22167208664947088,0.12333914346670222,False,-0.41785714285714276,0.1211725360218785
SVG - NW,57,15,-0.2895434847142961,0.06283172148202598,False,-0.44999999999999996,0.09235737494812256
SVG - NW,58,16,0.7222053407380978,0.4778658509816819,False,-0.17058823529411765,0.527609768861268
SVG - NW,59,16,0.48493418147166567,0.5232665197578328,False,-0.06470588235294117,0.8118214513105935
SVG - NW,60,16,0.7289527999858063,0.45475112338592694,False,-0.14411764705882352,0.5943782881736932
SVG - NW,61,16,0.7093794173250596,0.4667278893995829,False,-0.06176470588235294,0.8202418775044894
SVG - NW,62,16,0.653872586786747,0.5042034035610892,False,-0.02647058823529412,0.9224805705017287
SVG - NW,63,16,0.4868196275085211,0.5504825174017357,False,0.032352941176470584,0.9053195187918449
SVG - NW,64,16,0.5502948679029942,0.4965922536759657,False,0.09411764705882353,0.7288144270239805
SVG - NW,65,15,0.6981579563352797,0.45849751514774884,False,-0.028571428571428564,0.9194899083821857
SVG - NW,66,15,0.840505701303482,0.43626353526229766,False,0.0,1.0
SVG - NW,67,15,0.6027421788374583,0.4880985418602558,False,0.024999999999999998,0.9295289708192378
SVG - NW,68,15,0.6517023150126139,0.4519650048614299,False,-0.18214285714285713,0.5158816817070392
SVG - NW,69,14,0.9786709041822524,0.3701953074405112,False,-0.01098901098901099,0.970258390096969
SVG - NW,70,14,1.3779920763912656,0.35159100355990236,False,-0.15164835164835166,0.6047905984521367
SVG - NW,71,15,1.2459510587321387,0.36662087805642174,False,-0.22142857142857136,0.42771371901637
SVG - NW,72,16,1.165407295525074,0.3687467196593479,False,-0.2588235294117647,0.3330723066336081
SVG - NW,73,16,1.1232794530689716,0.3854399022637206,False,-0.3323529411764706,0.2084998279822084
SVG - NW,74,16,1.085643158480525,0.4013697366405422,False,-0.27058823529411763,0.31076062710233504
SVG - NW,75,16,0.9622230236728986,0.40661944095639,False,-0.2441176470588235,0.3622134961419501
SVG - NW,76,16,0.9192952117572227,0.40925631535805074,False,-0.3323529411764706,0.2084998279822084
SVG - NW,77,16,1.0515990978195553,0.3805381723273553,False,-0.3,0.25893645256249886
SVG - NW,78,16,1.0625924211438922,0.3627242715574961,False,-0.2058823529411765,0.4442846410521438
SVG - NW,79,16,1.0282167121501906,0.39503735234339843,False,-0.1264705882352941,0.6406944408168836
SVG - NW,80,16,0.9968654482314985,0.4117026949167031,False,-0.02941176470588235,0.9138955872505001
SVG - NW,81,16,0.993433940783143,0.41388113657630454,False,0.03823529411764706,0.8881976539853073
SVG - NW,82,15,1.2712669583161673,0.3692632989738429,False,-0.014285714285714282,0.9596997645989476
SVG - NW,83,16,1.3233214806765319,0.3453520527082905,False,-0.09999999999999999,0.7125163701282782
SVG - NW,84,16,1.152788046002388,0.3641991575423018,False,-0.2029411764705882,0.45096124172270946
SVG - NW,85,16,0.9387459059556322,0.3876281109982953,False,-0.2323529411764706,0.38651134990798475
SVG - NW,86,16,0.8447697814553976,0.38166327484912965,False,-0.24705882352941175,0.35627504151257705
SVG - NW,87,16,0.4032970264554024,0.35067848472036245,False,-0.25588235294117645,0.33878990807124576
SVG - NW,88,16,0.3396141305565834,0.447730078095843,False,-0.18235294117647058,0.49907485724580003
SVG - NW,89,16,0.32532719348867734,0.47019725553245106,False,0.008823529411764706,0.9741279946623942
SVG - NW,90,16,0.311462972064813,0.4951554968035998,False,0.055882352941176466,0.8371372217954723
SVG - SE,0,17,0.20037383325293617,0.24367751963896747,False,0.18382352941176472,0.4800344013399135
SVG - SE,1,17,0.2650190296877666,0.21726167559247553,False,0.21078431372549022,0.416749848551334
SVG - SE,2,17,0.30950427706502065,0.2236328604672485,False,0.29656862745098045,0.24772866621670098
SVG - SE,3,17,0.2585776986319478,0.2660999808680829,False,0.28186274509803927,0.27305989737995473
SVG - SE,4,17,0.15586595038572945,0.3387057792012995,False,0.16911764705882354,0.5164176230839818
SVG - SE,5,17,0.15097066742741094,0.35181018752001314,False,0.14215686274509806,0.586262862651232
SVG - SE,6,16,0.14704063548484728,0.3730780438762661,False,-0.02058823529411765,0.9396737397890448
SVG - SE,7,16,0.09600917848625357,0.5250837234667636,False,-0.07941176470588236,0.770025319039825
SVG - SE,8,16,0.14567449579148417,0.40743312458689596,False,-0.07941176470588236,0.770025319039825
SVG - SE,9,17,0.16558734488253501,0.37606781192419614,False,-0.04656862745098039,0.8591333762840925
SVG - SE,10,17,0.14898111849438914,0.398227100203447,False,-0.03431372549019608,0.8959808104551743
SVG - SE,11,17,0.14602406474472093,0.36418496125061495,False,-0.002450980392156863,0.992551188788469
SVG - SE,12,17,0.16780573211464228,0.3338974294711933,False,0.002450980392156863,0.992551188788469
SVG - SE,13,17,0.2331551649699024,0.2816868222607384,False,0.10294117647058824,0.6942047830993174
SVG - SE,14,17,0.23540862138364832,0.27420852026623843,False,0.05392156862745098,0.8371514461082935
SVG - SE,15,17,0.20315819499539395,0.31900225343868716,False,0.06127450980392158,0.8152828502754565
SVG - SE,16,17,0.1485070312140035,0.26897362671980096,False,0.02696078431372549,0.9181909009189737
SVG - SE,17,17,0.18084068049987156,0.25570134887128615,False,0.004901960784313726,0.9851029592703198
SVG - SE,18,17,0.1922886902210759,0.32855711327733794,False,0.058823529411764705,0.8225588681711514
SVG - SE,19,17,0.38061220157964554,0.15481760051396867,False,0.07352941176470588,0.779127287251723
SVG - SE,20,17,0.37308465757039416,0.1931526180643755,False,0.09313725490196079,0.7221860910253712
SVG - SE,21,17,0.3458564979480762,0.1970421052499057,False,0.11519607843137256,0.6597500431074229
SVG - SE,22,17,0.39577872589522717,0.1827459860185228,False,0.04901960784313726,0.8517943990009383
SVG - SE,23,16,0.3639017438826462,0.2027032976375719,False,0.07352941176470588,0.7866792491258565
SVG - SE,24,16,0.49238452408462763,0.12609789651418532,False,0.2676470588235294,0.3162544185483094
SVG - SE,25,16,0.4135937474357585,0.14410490899859926,False,0.2588235294117647,0.3330723066336081
SVG - SE,26,17,0.21609329198505364,0.30414209291106714,False,0.056372549019607844,0.8298485835353617
SVG - SE,27,17,0.22431952088486917,0.3161122301398178,False,0.009803921568627453,0.9702105713958575
SVG - SE,28,17,0.2123170492403648,0.3339260339862834,False,0.002450980392156863,0.992551188788469
SVG - SE,29,17,0.29491679534023885,0.28813113918356414,False,-0.03431372549019608,0.8959808104551743
SVG - SE,30,17,0.3986595836048033,0.23560655297291763,False,0.01715686274509804,0.947890881823222
SVG - SE,31,17,0.350569520715405,0.2492052349274352,False,0.0,1.0
SVG - SE,32,16,0.221134804499646,0.42874768138209607,False,0.008823529411764706,0.9741279946623942
SVG - SE,33,16,0.2473606107756495,0.3854234184398976,False,0.11470588235294117,0.672291046599723
SVG - SE,34,16,0.311262194501857,0.3707305633586204,False,0.06470588235294117,0.8118214513105935
SVG - SE,35,16,0.4247324787080288,0.34179867521786644,False,0.07352941176470588,0.7866792491258565
SVG - SE,36,16,0.05905048546070854,0.5740295969766684,False,-0.01764705882352941,0.9482801500547112
SVG - SE,37,16,0.06762020483923456,0.5362792620729382,False,-0.011764705882352941,0.9655081698956276
SVG - SE,38,16,0.06390878290736249,0.5361009546064601,False,0.03823529411764706,0.8881976539853073
SVG - SE,39,15,0.07888231027693976,0.48169388686740167,False,0.03214285714285714,0.9094621170945906
SVG - SE,40,16,0.09459559698145661,0.3578074205767928,False,-0.044117647058823525,0.8711220048065985
SVG - SE,41,16,0.22287695455764023,0.3043401931662183,False,-0.055882352941176466,0.8371372217954723
SVG - SE,42,16,0.3094076472024123,0.29872006154808123,False,-0.01764705882352941,0.9482801500547112
SVG - SE,43,16,0.3151365384193403,0.2796210619693331,False,0.02941176470588235,0.9138955872505001
SVG - SE,44,16,0.3792323037095013,0.31534622417727454,False,-0.11470588235294117,0.672291046599723
SVG - SE,45,16,0.3686677274249848,0.32989615250067195,False,-0.1323529411764706,0.6251064291516133
SVG - SE,46,15,0.5893666488499869,0.31031708047476014,False,-0.04642857142857142,0.8694915255450946
SVG - SE,47,15,0.6486150028119011,0.3504420303026058,False,-0.16785714285714282,0.5498555542278019
SVG - SE,48,16,0.49140221693863473,0.3773112058379773,False,-0.25588235294117645,0.33878990807124576
SVG - SE,49,16,0.4666201042942703,0.3478914398224944,False,-0.27941176470588236,0.29461765356841446
SVG - SE,50,16,0.5457065891784926,0.32435357235399465,False,-0.22941176470588234,0.39272049088161975
SVG - SE,51,16,0.5531825453419946,0.3247250168976621,False,-0.12941176470588234,0.63288233246826
SVG - SE,52,16,0.5431937412270121,0.3339428242544823,False,-0.11470588235294117,0.672291046599723
SVG - SE,53,15,0.09110284119844435,0.4688063959856592,False,-0.0857142857142857,0.7613341261907667
SVG - SE,54,16,0.1016168285937359,0.3728400104176821,False,-0.049999999999999996,0.8540995521297436
SVG - SE,55,16,0.11081799549671512,0.37879684215650367,False,-0.01764705882352941,0.9482801500547112
SVG - SE,56,16,0.02437887222816546,0.7539380630980363,False,-0.10294117647058824,0.7044103818167706
SVG - SE,57,16,0.08116281802455584,0.5269955464775871,False,-0.09117647058823529,0.7370049501736589
SVG - SE,58,16,0.07941387969379625,0.5396173126339493,False,-0.13823529411764704,0.6096659407501825
SVG - SE,59,16,0.09774677208624777,0.47904730551556907,False,-0.08823529411764705,0.7452220943671326
SVG - SE,60,16,0.26750084795057777,0.39935392179880536,False,-0.10882352941176471,0.688288293957414
SVG - SE,61,16,0.3222309831529856,0.3914051690221242,False,-0.11176470588235293,0.6802736949858406
SVG - SE,62,16,0.6136962485344459,0.368609643320467,False,-0.1323529411764706,0.6251064291516133
SVG - SE,63,16,0.6356078640868267,0.3630868734800915,False,-0.12352941176470587,0.6485420669723405
SVG - SE,64,16,0.6032390912684301,0.3654723963917583,False,-0.14705882352941177,0.5867933937012053
SVG - SE,65,16,0.5668336677054565,0.3730991328645996,False,-0.16176470588235295,0.5494831434036929
SVG - SE,66,16,0.6538867341044048,0.3699193398270204,False,-0.15882352941176472,0.5568612810855389
SVG - SE,67,16,0.5492514727947614,0.36827750437085993,False,-0.21764705882352942,0.41808684161130294
SVG - SE,68,16,0.5411055287035803,0.3755661041367684,False,-0.19999999999999998,0.45768790507519985
SVG - SE,69,16,0.2023656092584133,0.456207098563854,False,-0.21764705882352942,0.41808684161130294
SVG - SE,70,16,0.20370886512100697,0.46346953379485956,False,-0.09999999999999999,0.7125163701282782
SVG - SE,71,15,0.27368861397107447,0.3925396931769206,False,-0.13928571428571426,0.6205460876279014
SVG - SE,72,16,0.20987790956472357,0.28925052371342824,False,-0.17352941176470588,0.5204075144487408
SVG - SE,73,16,0.19584509469568728,0.34058345542528257,False,-0.10882352941176471,0.688288293957414
SVG - SE,74,16,0.22377976914867756,0.37532833032149726,False,-0.2323529411764706,0.38651134990798475
SVG - SE,75,16,0.22192459441721435,0.32404802508042896,False,-0.25588235294117645,0.33878990807124576
SVG - SE,76,16,0.25884227187683184,0.33080712846989,False,-0.2764705882352941,0.2999421284923735
SVG - SE,77,16,0.34753734771871847,0.3269078512706054,False,-0.2676470588235294,0.3162544185483094
SVG - SE,78,16,0.36039069156561576,0.3112468971927531,False,-0.25588235294117645,0.33878990807124576
SVG - SE,79,16,0.35442504582128354,0.3216317726903662,False,-0.2588235294117647,0.3330723066336081
SVG - SE,80,15,0.4546874910593033,0.2577936922370869,False,-0.21428571428571427,0.44314093482351424
SVG - SE,81,15,0.39553669482469556,0.24838605017303117,False,-0.2071428571428571,0.4588428049634703
SVG - SE,82,15,0.49858228411939404,0.23909620899548867,False,-0.25,0.36884629178393047
SVG - SE,83,16,0.43965050273885325,0.2321046130584656,False,-0.2323529411764706,0.38651134990798475
SVG - SE,84,16,0.20883126283685366,0.11357489570821355,False,-0.17058823529411765,0.527609768861268
SVG - SE,85,15,0.20150026311003977,0.09756057561805359,False,-0.2785714285714285,0.3147094732307908
SVG - SE,86,15,0.26116496963633434,0.08157362967625517,False,-0.2964285714285714,0.28335542843426287
SVG - SE,87,15,0.20232088382281954,0.09257752856355274,False,-0.3142857142857143,0.2539400163236714
SVG - SE,88,16,0.16247229636425065,0.15866507240322178,False,-0.3294117647058824,0.21280142621621312
SVG - SE,89,16,0.1495715340244628,0.1901639577444877,False,-0.36470588235294116,0.16486839724475402
SVG - SE,90,16,0.2724719520658255,0.21018688989940487,False,-0.3735294117647059,0.15412246989684827
SVG - SW,0,17,0.3846337957876403,0.1702487317621405,False,0.2524509803921569,0.32829422956501797
SVG - SW,1,17,0.42760260052958116,0.12546933937165933,False,0.24754901960784317,0.3380876478588809
SVG - SW,2,17,0.45844270664186365,0.12082253670806291,False,0.23529411764705882,0.363295114375383
SVG - SW,3,17,0.4748161122244613,0.14862767944928795,False,0.23529411764705882,0.363295114375383
SVG - SW,4,17,0.41669502457817725,0.13677232545030973,False,0.25490196078431376,0.32346003406511037
SVG - SW,5,17,0.27899481211515037,0.12748885677156022,False,0.29656862745098045,0.24772866621670098
SVG - SW,6,17,0.25115195490232034,0.12204762277038625,False,0.32352941176470595,0.20524666282786772
SVG - SW,7,17,0.1456851520875589,0.1983886502899111,False,0.2573529411764706,0.3186676476453986
SVG - SW,8,17,0.19619871202428468,0.2424637388475887,False,0.24754901960784317,0.3380876478588809
SVG - SW,9,17,0.23331995211979922,0.23721277468442253,False,0.14460784313725492,0.5797547992794121
SVG - SW,10,17,0.24201428156857396,0.20226021166570984,False,0.13970588235294118,0.5928010818860754
SVG - SW,11,17,0.2547426604840602,0.1910891800253341,False,0.18137254901960786,0.4860097755199285
SVG - SW,12,17,0.24819821373087347,0.15240948304908067,False,0.23529411764705882,0.363295114375383
SVG - SW,13,17,0.23495566660032216,0.1931606697971675,False,0.03921568627450981,0.8812135857007628
SVG - SW,14,17,0.22927052924404287,0.20049984554851713,False,0.012254901960784315,0.9627675753886973
SVG - SW,15,17,0.18041176360611821,0.17251633130939065,False,-0.007352941176470588,0.9776558930236225
SVG - SW,16,17,0.15534015506798146,0.1624768835390095,False,-0.012254901960784315,0.9627675753886973
SVG - SW,17,17,0.19358310343003743,0.17135147763989708,False,-0.07107843137254903,0.7863266619781206
SVG - SW,18,17,0.22885692478979336,0.1287081042987765,False,-0.04166666666666667,0.8738435327825247
SVG - SW,19,17,0.35599657042938126,0.1741807687141078,False,-0.11274509803921569,0.666592049963725
SVG - SW,20,17,0.34234903898893615,0.1860353133206556,False,-0.15441176470588236,0.5540319990921863
SVG - SW,21,17,0.2935295790141704,0.18768307452815144,False,-0.012254901960784315,0.9627675753886973
SVG - SW,22,16,0.2752809482626617,0.16558977769691846,False,0.06764705882352941,0.8034203137966691
SVG - SW,23,16,0.2235621826723218,0.16229631957843338,False,0.07058823529411765,0.795039302337628
SVG - SW,24,16,0.1942907651575903,0.12214970141688611,False,0.12941176470588234,0.63288233246826
SVG - SW,25,16,0.16968323819427972,0.2253268671988549,False,0.1264705882352941,0.6406944408168836
SVG - SW,26,17,0.10327055567786808,0.33131734381720745,False,0.004901960784313726,0.9851029592703198
SVG - SW,27,17,0.1387483458642532,0.2554429597580356,False,-0.05147058823529412,0.8444669030406068
SVG - SW,28,17,0.14276989253044797,0.2350167418620893,False,-0.04166666666666667,0.8738435327825247
SVG - SW,29,17,0.17387582683930547,0.292535460540835,False,-0.08333333333333334,0.750504450153402
SVG - SW,30,16,0.15818348922545,0.39945021524356417,False,-0.09705882352941177,0.7206513082372035
SVG - SW,31,16,0.18852278615259344,0.4036471239077347,False,-0.34411764705882353,0.19185563142554293
SVG - SW,32,16,0.15968690146913841,0.43818885324599766,False,-0.4323529411764706,0.09442103753478695
SVG - SW,33,16,0.19425833324147834,0.3129295282910378,False,-0.1764705882352941,0.5132505967364668
SVG - SW,34,16,0.22441165263631513,0.30429854807931317,False,-0.17352941176470588,0.5204075144487408
SVG - SW,35,16,0.26566045241253006,0.3029009787479715,False,-0.15882352941176472,0.5568612810855389
SVG - SW,36,16,0.1715851184291144,0.27764267027914036,False,-0.22941176470588234,0.39272049088161975
SVG - SW,37,16,0.2370757759437852,0.2805958366560155,False,-0.13823529411764704,0.6096659407501825
SVG - SW,38,15,0.2716171232622767,0.25368201584142935,False,-0.007142857142857141,0.9798442277615982
SVG - SW,39,15,0.23922885191109444,0.23481570110048905,False,0.03214285714285714,0.9094621170945906
SVG - SW,40,16,0.24084568029890457,0.21064451614735236,False,0.044117647058823525,0.8711220048065985
SVG - SW,41,16,0.24067880627699195,0.1632419368696455,False,-0.011764705882352941,0.9655081698956276
SVG - SW,42,16,0.26667725714367063,0.13169391455494,False,-0.011764705882352941,0.9655081698956276
SVG - SW,43,16,0.275384349247352,0.18949277781638074,False,0.02058823529411765,0.9396737397890448
SVG - SW,44,16,0.2088793833961799,0.20893456558287846,False,-0.14411764705882352,0.5943782881736932
SVG - SW,45,16,0.20264431145929154,0.16879172471883785,False,-0.16176470588235295,0.5494831434036929
SVG - SW,46,15,0.2744911327863496,0.18861659814407322,False,-0.1928571428571428,0.4910487016052232
SVG - SW,47,15,0.24530849796912027,0.23822718597450815,False,-0.2071428571428571,0.4588428049634703
SVG - SW,48,16,0.21707544450958569,0.24524085400237228,False,-0.22352941176470587,0.40529834728275893
SVG - SW,49,16,0.2433649180146555,0.18574862245568866,False,-0.14705882352941177,0.5867933937012053
SVG - SW,50,16,0.24330179241175454,0.12949509157731443,False,-0.2441176470588235,0.3622134961419501
SVG - SW,51,16,0.23305293635154764,0.13196064733536964,False,-0.17941176470588235,0.5061395399904385
SVG - SW,52,16,0.23778150004467796,0.13522791603023207,False,-0.1647058823529412,0.5421481352010777
SVG - SW,53,16,0.14102849758984076,0.16198382906691583,False,-0.12352941176470587,0.6485420669723405
SVG - SW,54,16,0.1750477976764419,0.11050010518620171,False,-0.18235294117647058,0.49907485724580003
SVG - SW,55,16,0.18198610035746934,0.11942528583195439,False,-0.12058823529411765,0.6564245147485952
SVG - SW,56,16,0.1439528670428055,0.14942793769311344,False,-0.08529411764705883,0.7534650694747833
SVG - SW,57,16,0.21112369735326086,0.18454157434192556,False,-0.10294117647058824,0.7044103818167706
SVG - SW,58,16,0.24859134027113516,0.20065043194978582,False,-0.30882352941176466,0.24449869579851796
SVG - SW,59,16,0.21903494470752777,0.2060006294026814,False,-0.3147058823529411,0.23515831926634445
SVG - SW,60,16,0.24265332333743572,0.2251545950227744,False,-0.2735294117647059,0.3053231563074052
SVG - SW,61,16,0.23996807613099616,0.279065128539021,False,-0.2529411764705882,0.34456303133749866
SVG - SW,62,16,0.32050734641961753,0.24827102014254576,False,-0.28823529411764703,0.27898445973708325
SVG - SW,63,16,0.24847343256697058,0.30434819398983143,False,-0.3235294117647059,0.2215741250012429
SVG - SW,64,16,0.23818731494247913,0.2809573493875527,False,-0.15,0.5792486306642535
SVG - SW,65,16,0.236651070912679,0.25016470838508087,False,-0.07058823529411765,0.795039302337628
SVG - SW,66,16,0.25853910843531286,0.25078288526573167,False,-0.1264705882352941,0.6406944408168836
SVG - SW,67,16,0.28023291280759227,0.24240859241468918,False,-0.22058823529411767,0.4116664304979635
SVG - SW,68,16,0.2873472195739547,0.1825203760601891,False,-0.19117647058823528,0.47816401281702825
SVG - SW,69,16,0.22372368232657514,0.19661341318880876,False,-0.15,0.5792486306642535
SVG - SW,70,15,0.28654057214657463,0.17689555104952762,False,-0.1714285714285714,0.5412721760996331
SVG - SW,71,15,0.30016572200589714,0.16668749950867698,False,-0.16785714285714282,0.5498555542278019
SVG - SW,72,16,0.2987135651521385,0.11744326556129546,False,-0.1764705882352941,0.5132505967364668
SVG - SW,73,16,0.2889895630290821,0.12715350912604423,False,-0.1264705882352941,0.6406944408168836
SVG - SW,74,16,0.2841786054894328,0.11500640465704297,False,-0.21764705882352942,0.41808684161130294
SVG - SW,75,16,0.28420365567629535,0.11904662357468918,False,-0.22058823529411767,0.4116664304979635
SVG - SW,76,16,0.2695300522260368,0.11315688008062455,False,-0.21470588235294116,0.4245592336201027
SVG - SW,77,16,0.2768087829463184,0.1010973262309163,False,-0.22058823529411767,0.4116664304979635
SVG - SW,78,16,0.2392315500948046,0.1405641910191516,False,-0.2676470588235294,0.3162544185483094
SVG - SW,79,16,0.24572089275877393,0.19909732206283798,False,-0.34705882352941175,0.18783442010629964
SVG - SW,80,16,0.2790326442259054,0.1556494826483934,False,-0.2823529411764706,0.2893498290632739
SVG - SW,81,16,0.2844835797324777,0.1583113626881015,False,-0.2588235294117647,0.3330723066336081
SVG - SW,82,16,0.30279844726125393,0.1343831218676071,False,-0.26176470588235295,0.3274104118125859
SVG - SW,83,16,0.4258420052317281,0.1915019031274816,False,-0.28823529411764703,0.27898445973708325
SVG - SW,84,16,0.41576461556057137,0.17167266463093506,False,-0.2529411764705882,0.34456303133749866
SVG - SW,85,16,0.4072178140016539,0.15907860689848996,False,-0.24705882352941175,0.35627504151257705
SVG - SW,86,16,0.44631530152012905,0.14144781325792471,False,-0.2058823529411765,0.4442846410521438
SVG - SW,87,16,0.42669306953127184,0.1380304445587879,False,-0.15882352941176472,0.5568612810855389
SVG - SW,88,16,0.42843668255954975,0.140047657346997,False,-0.17941176470588235,0.5061395399904385
SVG - SW,89,16,0.43698846666763225,0.14773637327590478,False,-0.2588235294117647,0.3330723066336081
SVG - SW,90,16,0.3382265792183933,0.13964666257015632,False,-0.22941176470588234,0.39272049088161975
Spencer Gulf N,0,17,-0.07090054446575692,0.5921777020775375,False,0.029411764705882353,0.9107803991169198
Spencer Gulf N,1,17,-0.05690718982733934,0.6863061880274488,False,0.11519607843137256,0.6597500431074229
Spencer Gulf N,2,17,-0.054888106936834075,0.7503692637602667,False,0.12745098039215688,0.6259301508467394
Spencer Gulf N,3,17,-0.06580626036690065,0.6989962546903346,False,0.12990196078431374,0.6192473366524134
Spencer Gulf N,4,17,-0.12789471847336503,0.4457337347418914,False,0.09313725490196079,0.7221860910253712
Spencer Gulf N,5,17,-0.17602376627320998,0.2398015133351766,False,0.0,1.0
Spencer Gulf N,6,17,-0.2224311511890561,0.1461304637987096,False,0.07843137254901962,0.7647798831352097
Spencer Gulf N,7,17,-0.2183371886402285,0.11639649762466496,False,-0.07107843137254903,0.7863266619781206
Spencer Gulf N,8,17,-0.23634636453052865,0.10500048346763408,False,-0.22794117647058826,0.37891058826948365
Spencer Gulf N,9,17,-0.2437783015542338,0.06438080421649159,False,-0.25000000000000006,0.3331701359154763
Spencer Gulf N,10,17,-0.20832662116579648,0.08312643830899043,False,-0.11274509803921569,0.666592049963725
Spencer Gulf N,11,17,-0.2045823382396324,0.08385455355441815,False,-0.10294117647058824,0.6942047830993174
Spencer Gulf N,12,17,-0.1932520893608489,0.18346662768121952,False,-0.14460784313725492,0.5797547992794121
Spencer Gulf N,13,17,-0.19760414498860762,0.18610393591145952,False,-0.13480392156862747,0.6059663630124608
Spencer Gulf N,14,17,-0.2048740138109325,0.13746604627976744,False,-0.18627450980392157,0.4740951399440866
Spencer Gulf N,15,17,-0.19298958733302202,0.11224962580106493,False,-0.2058823529411765,0.4279148531427077
Spencer Gulf N,16,17,-0.16275173715349678,0.16290339628046982,False,-0.10294117647058824,0.6942047830993174
Spencer Gulf N,17,17,-0.17926456631899546,0.14024897276262732,False,-0.13725490196078433,0.5993690521648235
Spencer Gulf N,18,17,-0.13457126001350012,0.19135081214693417,False,-0.17401960784313728,0.5041495460552974
Spencer Gulf N,19,17,-0.09812719953828161,0.2765554121122892,False,-0.03676470588235294,0.8885928675683452
Spencer Gulf N,20,17,-0.12108212883065059,0.12865779471103425,False,-0.056372549019607844,0.8298485835353617
Spencer Gulf N,21,17,-0.056327243495722074,0.5469149531216183,False,0.012254901960784315,0.9627675753886973
Spencer Gulf N,22,17,-0.07060581959930123,0.4479364043331088,False,-0.02696078431372549,0.9181909009189737
Spencer Gulf N,23,17,-0.11172830126031773,0.28244762181923755,False,-0.21568627450980393,0.40574068863392776
Spencer Gulf N,24,16,-0.15388727096752042,0.17273462086881167,False,-0.3029411764705882,0.25406688060961147
Spencer Gulf N,25,16,-0.2098432105433728,0.12807316810256836,False,-0.29411764705882354,0.268846554622893
Spencer Gulf N,26,16,-0.16173625849187373,0.24367808115873538,False,-0.36470588235294116,0.16486839724475402
Spencer Gulf N,27,17,-0.20266659837477016,0.12174125434670803,False,-0.35294117647058826,0.16465797331641727
Spencer Gulf N,28,17,-0.21057265549480753,0.09046889425363942,False,-0.3774509803921569,0.13527263903447564
Spencer Gulf N,29,17,-0.23167913809043017,0.018180267062144845,True,-0.4191176470588236,0.09401767970071613
Spencer Gulf N,30,16,-0.21782011378201704,0.04287157948630319,True,-0.4088235294117647,0.11588783814878352
Spencer Gulf N,31,16,-0.18560416342335795,0.07608189604731375,False,-0.3735294117647059,0.15412246989684827
Spencer Gulf N,32,16,-0.19064647191691966,0.06098938142384979,False,-0.4264705882352941,0.09949911193753966
Spencer Gulf N,33,16,-0.25191622309918915,0.02587755773030881,True,-0.3852941176470588,0.1405441773736763
Spencer Gulf N,34,16,-0.24039179280932454,0.010878756427086049,True,-0.6205882352941177,0.010313515549677674
Spencer Gulf N,35,16,-0.26230438185767047,0.015344583325643894,True,-0.4676470588235294,0.06776085019015395
Spencer Gulf N,36,16,-0.2046546552596348,0.05045962254372734,False,-0.4617647058823529,0.07176841584053797
Spencer Gulf N,37,16,-0.13694285931331773,0.25640668491300067,False,-0.3205882352941176,0.22604542220798243
Spencer Gulf N,38,16,-0.12641381998324677,0.2635455315472443,False,-0.21470588235294116,0.4245592336201027
Spencer Gulf N,39,16,-0.09648057076902616,0.37338883864277694,False,-0.24705882352941175,0.35627504151257705
Spencer Gulf N,40,16,-0.11164581255898591,0.26070240951899787,False,-0.31764705882352945,0.23057346362184541
Spencer Gulf N,41,16,-0.11569897087202186,0.26092735986128857,False,-0.22941176470588234,0.39272049088161975
Spencer Gulf N,42,16,-0.09198180768816247,0.41984053626720874,False,-0.1647058823529412,0.5421481352010777
Spencer Gulf N,43,16,-0.11910458781889507,0.34234492678452333,False,-0.15,0.5792486306642535
Spencer Gulf N,44,16,-0.1335401230447349,0.3092524429054291,False,-0.12058823529411765,0.6564245147485952
Spencer Gulf N,45,16,-0.09495512005828675,0.4347945236903983,False,-0.02058823529411765,0.9396737397890448
Spencer Gulf N,46,15,-0.07574067988092942,0.5379332719264376,False,0.06428571428571428,0.8199479653196377
Spencer Gulf N,47,15,-0.1415162492176843,0.20007459763488247,False,0.024999999999999998,0.9295289708192378
Spencer Gulf N,48,15,-0.13768321038238585,0.1970430454071529,False,-0.06071428571428571,0.8298120954425188
Spencer Gulf N,49,16,-0.15995199891428152,0.1488847680553835,False,-0.29411764705882354,0.268846554622893
Spencer Gulf N,50,16,-0.17850085476502064,0.12794833736988387,False,-0.3735294117647059,0.15412246989684827
Spencer Gulf N,51,16,-0.1649346451230702,0.19728351656695403,False,-0.4088235294117647,0.11588783814878352
Spencer Gulf N,52,16,-0.1244365078530141,0.32741814225092736,False,-0.4558823529411765,0.07594549116741177
Spencer Gulf N,53,16,-0.087753018169176,0.45414668482476217,False,-0.3764705882352941,0.1506481152876309
Spencer Gulf N,54,16,-0.011695440060325982,0.9239609765999065,False,-0.44117647058823534,0.08715363626051087
Spencer Gulf N,55,16,0.00988344692048572,0.93309811636066,False,-0.411764705882353,0.11303386621436724
Spencer Gulf N,56,16,-0.0833332874235653,0.4321335872448665,False,-0.4676470588235294,0.06776085019015395
Spencer Gulf N,57,16,-0.11029173423136986,0.4050600007427063,False,-0.2588235294117647,0.3330723066336081
Spencer Gulf N,58,16,-0.07024109237605618,0.5980402931069048,False,-0.3323529411764706,0.2084998279822084
Spencer Gulf N,59,16,-0.045382514879817065,0.7362805196586308,False,-0.3382352941176471,0.2000655587786896
Spencer Gulf N,60,16,-0.07067459952086211,0.6236099536464077,False,-0.3058823529411765,0.24925429892891857
Spencer Gulf N,61,16,-0.1268393493656601,0.45582675120527993,False,-0.17058823529411765,0.527609768861268
Spencer Gulf N,62,16,-0.16784374123173101,0.3523253230040011,False,-0.18235294117647058,0.49907485724580003
Spencer Gulf N,63,16,-0.13768969032736056,0.4827490734461132,False,-0.16176470588235295,0.5494831434036929
Spencer Gulf N,64,16,-0.14325652301666286,0.3940808694888487,False,-0.10882352941176471,0.688288293957414
Spencer Gulf N,65,16,-0.2832357157287853,0.14511955433053988,False,0.0588235294117647,0.8286807500332258
Spencer Gulf N,66,16,-0.26280703969477187,0.1592860079412683,False,-0.07647058823529412,0.7783409809607029
Spencer Gulf N,67,16,-0.24071053976991347,0.16184109792573292,False,-0.1411764705882353,0.6020026838819791
Spencer Gulf N,68,16,-0.21006060946910154,0.1239356463867896,False,-0.2588235294117647,0.3330723066336081
Spencer Gulf N,69,16,-0.046320809601318305,0.7172935180207652,False,-0.32647058823529407,0.2171594905792295
Spencer Gulf N,70,16,-0.07331797356406852,0.568502241279477,False,-0.2911764705882353,0.27388704841914874
Spencer Gulf N,71,16,0.02700135869284466,0.8467059356370048,False,-0.2411764705882353,0.36820660804263405
Spencer Gulf N,72,16,0.04459303429438953,0.8067196246345342,False,-0.14411764705882352,0.5943782881736932
Spencer Gulf N,73,16,0.07338644072768233,0.6236507547902916,False,-0.07647058823529412,0.7783409809607029
Spencer Gulf N,74,16,0.06535160754408154,0.6479430663886488,False,-0.17058823529411765,0.527609768861268
Spencer Gulf N,75,16,0.10036794283382953,0.4535146844656217,False,-0.26176470588235295,0.3274104118125859
Spencer Gulf N,76,16,0.018892377215836753,0.8852625547374536,False,-0.18529411764705883,0.4920570502059438
Spencer Gulf N,77,16,0.045905918876330054,0.7443959078913092,False,-0.01764705882352941,0.9482801500547112
Spencer Gulf N,78,16,0.015746397294458897,0.9079773487635164,False,-0.15588235294117647,0.5642819694728023
Spencer Gulf N,79,16,-0.06755490670246739,0.54963096316171,False,-0.09117647058823529,0.7370049501736589
Spencer Gulf N,80,16,-0.039310392426947754,0.8035988305334687,False,-0.032352941176470584,0.9053195187918449
Spencer Gulf N,81,16,0.06833644904905842,0.6749903770524222,False,0.02941176470588235,0.9138955872505001
Spencer Gulf N,82,16,0.062345159656944746,0.7144829197327558,False,-0.0058823529411764705,0.9827505044191351
Spencer Gulf N,83,16,0.062388447184293025,0.6960385827528985,False,-0.24705882352941175,0.35627504151257705
Spencer Gulf N,84,16,0.05246175458388666,0.715964766256256,False,-0.2911764705882353,0.27388704841914874
Spencer Gulf N,85,16,0.006621461929309902,0.9599181393208914,False,-0.3205882352941176,0.22604542220798243
Spencer Gulf N,86,16,0.05027900942202124,0.6743789311820071,False,-0.39999999999999997,0.12475042359840012
Spencer Gulf N,87,16,-0.01593238081605662,0.88732272475934,False,-0.27941176470588236,0.29461765356841446
Spencer Gulf N,88,16,-0.1799872729572512,0.10968284180639598,False,-0.19705882352941176,0.46446421122573867
Spencer Gulf N,89,16,-0.0702099067824228,0.5819573849260249,False,-0.1647058823529412,0.5421481352010777
Spencer Gulf N,90,16,-0.0316076306360108,0.7891488484429374,False,0.09999999999999999,0.7125163701282782
Spencer Gulf S,0,17,0.08046676161952045,0.2898219121886548,False,0.3970588235294118,0.11454177561107586
Spencer Gulf S,1,17,0.07884320504859046,0.26140128078600183,False,0.42156862745098045,0.09191262861281846
Spencer Gulf S,2,17,0.07773318481879408,0.275065670085391,False,0.4387254901960785,0.07811671275305948
Spencer Gulf S,3,17,0.07174792681671993,0.3246404709791243,False,0.39460784313725494,0.11700232160229737
Spencer Gulf S,4,17,0.046219195223071656,0.4762658764854085,False,0.32352941176470595,0.20524666282786772
Spencer Gulf S,5,17,0.04154520440502325,0.5262328748528737,False,0.27450980392156865,0.28629837865879204
Spencer Gulf S,6,17,0.039815696598101046,0.5224195457582752,False,0.26715686274509803,0.2999179120959026
Spencer Gulf S,7,17,0.021933943484009816,0.6492949160211972,False,0.14950980392156862,0.5668307307163287
Spencer Gulf S,8,17,0.0282478791491992,0.5962022878687661,False,0.11764705882352941,0.6529334399539918
Spencer Gulf S,9,17,0.04002970543061317,0.45551022659087637,False,0.11274509803921569,0.666592049963725
Spencer Gulf S,10,17,0.03546801501629398,0.48076913424302037,False,0.05147058823529412,0.8444669030406068
Spencer Gulf S,11,17,0.0392720581895831,0.4250165183942427,False,0.13970588235294118,0.5928010818860754
Spencer Gulf S,12,17,0.03474243362160292,0.47268958812446826,False,0.16911764705882354,0.5164176230839818
Spencer Gulf S,13,17,0.028301816331405272,0.5657434351324244,False,0.1519607843137255,0.5604155062809044
Spencer Gulf S,14,17,0.025073400832691783,0.6231637405979298,False,0.12500000000000003,0.6326406085600336
Spencer Gulf S,15,17,0.036212203132004295,0.54334504267507,False,0.11764705882352941,0.6529334399539918
Spencer Gulf S,16,17,0.02672576978176581,0.6353695412969333,False,0.14215686274509806,0.586262862651232
Spencer Gulf S,17,17,0.031954058917129734,0.5558140873245148,False,0.26470588235294124,0.3045422200057608
Spencer Gulf S,18,17,0.035505741254455235,0.5114159718387257,False,0.3186274509803922,0.2125915923704279
Spencer Gulf S,19,17,0.03894308034946271,0.4472485352104053,False,0.24754901960784317,0.3380876478588809
Spencer Gulf S,20,17,0.043085316399566274,0.4368510420708954,False,0.19117647058823534,0.46232612062451384
Spencer Gulf S,21,17,0.056749029015125685,0.33586406572992544,False,0.2622549019607843,0.309208659898238
Spencer Gulf S,22,17,0.034606103983079006,0.449676498715727,False,0.15686274509803924,0.5476805847029371
Spencer Gulf S,23,17,0.0316220413236057,0.4451722500868469,False,0.08333333333333334,0.750504450153402
Spencer Gulf S,24,17,0.026755662997062796,0.5317979774803361,False,0.07843137254901962,0.7647798831352097
Spencer Gulf S,25,17,0.028029937883552042,0.5189414961173291,False,-0.01715686274509804,0.947890881823222
Spencer Gulf S,26,17,0.04570064715394118,0.43537811654481673,False,-0.05392156862745098,0.8371514461082935
Spencer Gulf S,27,17,0.05120380043315619,0.3771126430045705,False,-0.04166666666666667,0.8738435327825247
Spencer Gulf S,28,17,0.05023373751079335,0.36168577538144386,False,-0.01715686274509804,0.947890881823222
Spencer Gulf S,29,17,0.0613302274327986,0.2717840273795509,False,-0.03186274509803922,0.9033768447188891
Spencer Gulf S,30,16,0.08898816848439829,0.18295566352681505,False,0.0411764705882353,0.8796536149318311
Spencer Gulf S,31,16,0.09447575721534944,0.1416453761308482,False,-0.055882352941176466,0.8371372217954723
Spencer Gulf S,32,16,0.07432673271257609,0.209344250109894,False,0.055882352941176466,0.8371372217954723
Spencer Gulf S,33,16,0.0434339659510269,0.3654753592547041,False,0.12941176470588234,0.63288233246826
Spencer Gulf S,34,16,0.048541367007419456,0.3231638666740252,False,0.15294117647058825,0.5717446192454616
Spencer Gulf S,35,16,0.03866584848479501,0.4096316290318208,False,0.17941176470588235,0.5061395399904385
Spencer Gulf S,36,16,0.037185376669679374,0.4363871451694199,False,0.13823529411764704,0.6096659407501825
Spencer Gulf S,37,16,0.04973553423548029,0.312334917237113,False,0.15294117647058825,0.5717446192454616
Spencer Gulf S,38,16,0.05473048062551589,0.30515949243015206,False,0.15294117647058825,0.5717446192454616
Spencer Gulf S,39,16,0.052000696234227636,0.302145148722966,False,0.09999999999999999,0.7125163701282782
Spencer Gulf S,40,16,0.06699148658663036,0.19648077090541122,False,0.08823529411764705,0.7452220943671326
Spencer Gulf S,41,16,0.09256189210074289,0.14271121715537247,False,-0.01764705882352941,0.9482801500547112
Spencer Gulf S,42,16,0.10972334890227231,0.10665728344076768,False,0.06176470588235294,0.8202418775044894
Spencer Gulf S,43,16,0.11798802904695982,0.09695319088986212,False,0.09999999999999999,0.7125163701282782
Spencer Gulf S,44,16,0.13681294897216414,0.10654350084623092,False,0.1176470588235294,0.6643410791623536
Spencer Gulf S,45,16,0.15575389163568618,0.07637969413284004,False,0.10294117647058824,0.7044103818167706
Spencer Gulf S,46,16,0.14591065343646775,0.07493728418704429,False,0.044117647058823525,0.8711220048065985
Spencer Gulf S,47,16,0.14015582431817336,0.08546442494515138,False,0.06470588235294117,0.8118214513105935
Spencer Gulf S,48,16,0.11970387596104827,0.12929690507220604,False,0.0029411764705882353,0.9913748045563624
Spencer Gulf S,49,16,0.10752736836716179,0.1448341220978607,False,-0.06470588235294117,0.8118214513105935
Spencer Gulf S,50,16,0.12261458941779678,0.08674429862183365,False,-0.047058823529411764,0.8626036946668731
Spencer Gulf S,51,16,0.08625575155463247,0.15082340792042348,False,-0.14705882352941177,0.5867933937012053
Spencer Gulf S,52,16,0.09373467357030936,0.13880723306344103,False,0.008823529411764706,0.9741279946623942
Spencer Gulf S,53,16,0.1023775453767961,0.09350596824061022,False,0.014705882352941175,0.956891924031642
Spencer Gulf S,54,16,0.10827846113104547,0.06111611894648625,False,0.049999999999999996,0.8540995521297436
Spencer Gulf S,55,16,0.09834522935340093,0.0678195335350147,False,0.1264705882352941,0.6406944408168836
Spencer Gulf S,56,16,0.08843046354041215,0.08497491260346225,False,0.1323529411764706,0.6251064291516133
Spencer Gulf S,57,16,0.09814618825468988,0.07854769580807104,False,0.16764705882352943,0.5348568245819433
Spencer Gulf S,58,16,0.13071087256872227,0.05653136103530882,False,0.07058823529411765,0.795039302337628
Spencer Gulf S,59,16,0.13126635838832174,0.04636137981252078,True,0.0588235294117647,0.8286807500332258
Spencer Gulf S,60,16,0.15057044790924662,0.05778434246058689,False,0.023529411764705882,0.931073583667659
Spencer Gulf S,61,16,0.1442383198001023,0.08768658260263931,False,0.06470588235294117,0.8118214513105935
Spencer Gulf S,62,16,0.14707972656580665,0.08835874279480292,False,-0.0058823529411764705,0.9827505044191351
Spencer Gulf S,63,16,0.13777757818766295,0.07627351727011686,False,-0.05294117647058824,0.8456104411493658
Spencer Gulf S,64,16,0.12855837383041424,0.08209559551091286,False,-0.1264705882352941,0.6406944408168836
Spencer Gulf S,65,16,0.12245897245593369,0.09787528869771256,False,-0.10882352941176471,0.688288293957414
Spencer Gulf S,66,16,0.1198287594863879,0.11512676101235418,False,-0.09705882352941177,0.7206513082372035
Spencer Gulf S,67,16,0.0914267502569904,0.1743213979045421,False,-0.1323529411764706,0.6251064291516133
Spencer Gulf S,68,16,0.1196585254034116,0.09876233299585585,False,-0.14705882352941177,0.5867933937012053
Spencer Gulf S,69,16,0.10151723282677787,0.09630055070555181,False,-0.1647058823529412,0.5421481352010777
Spencer Gulf S,70,16,0.10163098648190498,0.09612264381469138,False,-0.15294117647058825,0.5717446192454616
Spencer Gulf S,71,16,0.11188921185565136,0.0697036469245716,False,-0.055882352941176466,0.8371372217954723
Spencer Gulf S,72,16,0.08711190256068395,0.10167802373089443,False,-0.2676470588235294,0.3162544185483094
Spencer Gulf S,73,16,0.11830551901255691,0.05855979424654089,False,-0.13529411764705881,0.6173674089706418
Spencer Gulf S,74,16,0.12290820255875587,0.0541628844257452,False,-0.10294117647058824,0.7044103818167706
Spencer Gulf S,75,16,0.10018486580811442,0.07420925070945703,False,-0.10588235294117648,0.6963341050381157
Spencer Gulf S,76,16,0.11334920399600551,0.0695346541919599,False,-0.1176470588235294,0.6643410791623536
Spencer Gulf S,77,16,0.15233575120302184,0.04917754075884827,True,-0.18529411764705883,0.4920570502059438
Spencer Gulf S,78,16,0.14356474492565863,0.06560862252523039,False,-0.21176470588235297,0.431083247239221
Spencer Gulf S,79,16,0.12194769217056178,0.0881025924108781,False,-0.17941176470588235,0.5061395399904385
Spencer Gulf S,80,16,0.10851391484694822,0.10443891411008868,False,-0.1764705882352941,0.5132505967364668
Spencer Gulf S,81,16,0.1132215301284478,0.07751162879294025,False,-0.19999999999999998,0.45768790507519985
Spencer Gulf S,82,16,0.12327454366410771,0.04902760668470749,True,-0.2441176470588235,0.3622134961419501
Spencer Gulf S,83,16,0.10301552586745294,0.06843652884192124,False,-0.28823529411764703,0.27898445973708325
Spencer Gulf S,84,16,0.07981769385570217,0.09156164162845017,False,-0.3529411764705882,0.17995865788498183
Spencer Gulf S,85,16,0.07823243473789522,0.10693858657777497,False,-0.31176470588235294,0.23980004767411284
Spencer Gulf S,86,16,0.09989284215761084,0.13421141815032064,False,-0.36764705882352944,0.1612323576755899
Spencer Gulf S,87,16,0.11812706291232081,0.192892597448944,False,-0.4088235294117647,0.11588783814878352
Spencer Gulf S,88,16,0.12103031135962476,0.20393274137207912,False,-0.44117647058823534,0.08715363626051087
Spencer Gulf S,89,16,0.1354164025058881,0.1679704092434053,False,-0.3558823529411765,0.1761037380915931
Spencer Gulf S,90,16,0.15021473097481897,0.15040357707249974,False,-0.42352941176470593,0.10210932208599745
Victor Harbor,0,17,0.29558218592981333,0.02068829923293429,True,0.11029411764705883,0.6734589975422935
Victor Harbor,1,17,0.317129940888127,0.018684819855595974,True,0.12500000000000003,0.6326406085600336
Victor Harbor,2,17,0.36955036792685003,0.01294112438535125,True,0.09803921568627452,0.708151309718605
Victor Harbor,3,17,0.331556815201161,0.018627628607040352,True,0.13235294117647062,0.6125925983674196
Victor Harbor,4,17,0.30514114550432236,0.025564929496235147,True,0.08578431372549021,0.7433950261372769
Victor Harbor,5,17,0.26829276766930643,0.03128632064003332,True,0.06617647058823531,0.800774094340852
Victor Harbor,6,16,0.2737594155062522,0.027508580949478518,True,0.032352941176470584,0.9053195187918449
Victor Harbor,7,16,0.1915233161965651,0.06282734756911029,False,-0.06764705882352941,0.8034203137966691
Victor Harbor,8,17,0.17143283212134822,0.0787121325398809,False,0.01715686274509804,0.947890881823222
Victor Harbor,9,17,0.09241653982581212,0.22615249415746094,False,0.04656862745098039,0.8591333762840925
Victor Harbor,10,17,0.11371021438963941,0.16602654695532457,False,0.06372549019607844,0.808021077411703
Victor Harbor,11,17,0.10471578566800978,0.19026083756100218,False,0.06127450980392158,0.8152828502754565
Victor Harbor,12,17,0.10708149720390302,0.1805494984012622,False,0.07107843137254903,0.7863266619781206
Victor Harbor,13,17,0.14851093988876046,0.12032732850372133,False,0.09068627450980393,0.7292353374489888
Victor Harbor,14,17,0.15329121832712356,0.12644632536054706,False,-0.009803921568627453,0.9702105713958575
Victor Harbor,15,17,0.15171927104518862,0.1111408915235663,False,-0.10294117647058824,0.6942047830993174
Victor Harbor,16,17,0.18158879363361524,0.10214002231822025,False,-0.06127450980392158,0.8152828502754565
Victor Harbor,17,17,0.20260677058614937,0.07487690860971968,False,-0.09068627450980393,0.7292353374489888
Victor Harbor,18,17,0.24967207130389055,0.029186008777041944,True,0.03186274509803922,0.9033768447188891
Victor Harbor,19,17,0.2741527235641533,0.01904217427166464,True,0.13725490196078433,0.5993690521648235
Victor Harbor,20,17,0.2572387412879147,0.030298875183798105,True,0.16176470588235298,0.5350755062766513
Victor Harbor,21,17,0.2801302583027287,0.020263256777374703,True,0.12745098039215688,0.6259301508467394
Victor Harbor,22,17,0.2851552952905329,0.017749600165616265,True,0.11764705882352941,0.6529334399539918
Victor Harbor,23,17,0.27525920059834547,0.013870493864264376,True,0.04656862745098039,0.8591333762840925
Victor Harbor,24,17,0.3095839883474743,0.013828340057420657,True,0.012254901960784315,0.9627675753886973
Victor Harbor,25,17,0.3715996973946983,0.01791795806028298,True,-0.06862745098039216,0.7935424429160597
Victor Harbor,26,17,0.3930143069569804,0.016792835872802496,True,-0.14460784313725492,0.5797547992794121
Victor Harbor,27,17,0.38322745345178105,0.018349089344364435,True,-0.22058823529411767,0.3948890883363402
Victor Harbor,28,17,0.38811504792849894,0.01667584206155841,True,-0.24019607843137256,0.3530886590520008
Victor Harbor,29,17,0.39124654196515807,0.019491834399933666,True,-0.26470588235294124,0.3045422200057608
Victor Harbor,30,17,0.42739264436212243,0.019177539266957592,True,-0.26960784313725494,0.2953357994714052
Victor Harbor,31,17,0.4047696928412807,0.01636202525513209,True,-0.32598039215686275,0.20163694355296383
Victor Harbor,32,16,0.3096801747368383,0.02268663005122005,True,-0.28529411764705886,0.28413874015956303
Victor Harbor,33,16,0.27384430914673774,0.026087439811920483,True,-0.18823529411764706,0.4850866091454682
Victor Harbor,34,16,0.26336937802622007,0.01607599321229521,True,-0.2352941176470588,0.38035580118865675
Victor Harbor,35,16,0.19912506420431392,0.03728393356309518,True,-0.09705882352941177,0.7206513082372035
Victor Harbor,36,16,0.2557101746067582,0.03988454174644057,True,-0.15294117647058825,0.5717446192454616
Victor Harbor,37,16,0.32728123483026317,0.04303245942462896,True,-0.2088235294117647,0.43765851094980035
Victor Harbor,38,16,0.30941938998044605,0.050620355045191474,False,-0.13529411764705881,0.6173674089706418
Victor Harbor,39,16,0.32418897543324243,0.054882914756348024,False,-0.19411764705882353,0.47128972836210736
Victor Harbor,40,16,0.3449202794515128,0.05126684650385094,False,-0.19705882352941176,0.46446421122573867
Victor Harbor,41,16,0.40364775608648507,0.06075942003219182,False,-0.2441176470588235,0.3622134961419501
Victor Harbor,42,16,0.41981181548021373,0.06215593997872518,False,-0.2441176470588235,0.3622134961419501
Victor Harbor,43,16,0.3519511753881705,0.062863205744682,False,-0.2823529411764706,0.2893498290632739
Victor Harbor,44,16,0.2613930683583021,0.05997683191655911,False,-0.35000000000000003,0.18386882202619317
Victor Harbor,45,16,0.31868803606900786,0.020232144364232596,True,-0.411764705882353,0.11303386621436724
Victor Harbor,46,16,0.3190206165536351,0.015938970691922082,True,-0.3941176470588235,0.13091285429899105
Victor Harbor,47,16,0.2909192791119927,0.031589292214149294,True,-0.4647058823529412,0.06974367557375584
Victor Harbor,48,16,0.272588746554573,0.030080591553048642,True,-0.37058823529411766,0.15765046473782054
Victor Harbor,49,16,0.2731943440978371,0.02927032375034924,True,-0.31176470588235294,0.23980004767411284
Victor Harbor,50,16,0.3039143306236448,0.016592617868485447,True,-0.27058823529411763,0.31076062710233504
Victor Harbor,51,16,0.3173937568485382,0.012266804713568658,True,-0.2764705882352941,0.2999421284923735
Victor Harbor,52,16,0.2828713704255365,0.0131199044360796,True,-0.2588235294117647,0.3330723066336081
Victor Harbor,53,16,0.2703677433587256,0.017283728719517055,True,-0.17352941176470588,0.5204075144487408
Victor Harbor,54,16,0.3025509610838656,0.0157265327848493,True,-0.3058823529411765,0.24925429892891857
Victor Harbor,55,16,0.268859973764934,0.0220626316505811,True,-0.2441176470588235,0.3622134961419501
Victor Harbor,56,16,0.2563526532767961,0.026187821116545596,True,-0.2588235294117647,0.3330723066336081
Victor Harbor,57,16,0.23073794194497166,0.03416297877527358,True,-0.2588235294117647,0.3330723066336081
Victor Harbor,58,16,0.1992326589146008,0.0356297476092356,True,-0.3147058823529411,0.23515831926634445
Victor Harbor,59,16,0.1934684582564625,0.04542711466787034,True,-0.2529411764705882,0.34456303133749866
Victor Harbor,60,16,0.16917573234421157,0.07618984984613995,False,-0.17352941176470588,0.5204075144487408
Victor Harbor,61,16,0.18245432664684597,0.06388222047817649,False,-0.12941176470588234,0.63288233246826
Victor Harbor,62,16,0.19209543262342255,0.05424939103048155,False,-0.0823529411764706,0.761733078752474
Victor Harbor,63,16,0.2005159306739058,0.0554527036222055,False,-0.19411764705882353,0.47128972836210736
Victor Harbor,64,16,0.20189401756173797,0.05952604144947087,False,-0.3,0.25893645256249886
Victor Harbor,65,16,0.23636218809212248,0.03997509806364149,True,-0.2588235294117647,0.3330723066336081
Victor Harbor,66,16,0.25055331164261413,0.04667860105281804,True,-0.23823529411764705,0.37425412972798844
Victor Harbor,67,16,0.251541530269952,0.04562694850676284,True,-0.19999999999999998,0.45768790507519985
Victor Harbor,68,16,0.24885022088974007,0.05687755859813136,False,-0.3029411764705882,0.25406688060961147
Victor Harbor,69,16,0.2914639802294827,0.034107940610123066,True,-0.34705882352941175,0.18783442010629964
Victor Harbor,70,16,0.29946245640028446,0.030481952115541732,True,-0.3735294117647059,0.15412246989684827
Victor Harbor,71,16,0.32169633734128655,0.030769385331874483,True,-0.3294117647058824,0.21280142621621312
Victor Harbor,72,16,0.31260510823201565,0.03453085828134689,True,-0.28823529411764703,0.27898445973708325
Victor Harbor,73,16,0.29300437094643716,0.04286501864067572,True,-0.26176470588235295,0.3274104118125859
Victor Harbor,74,16,0.2862982047411303,0.04469496720405514,True,-0.3058823529411765,0.24925429892891857
Victor Harbor,75,16,0.27386057095912597,0.049527145367265775,True,-0.3911764705882353,0.1340712861972552
Victor Harbor,76,16,0.23107113446153346,0.09596303304364955,False,-0.27941176470588236,0.29461765356841446
Victor Harbor,77,16,0.2750771055175435,0.08417377426432308,False,-0.3382352941176471,0.2000655587786896
Victor Harbor,78,16,0.2709994609024198,0.07507855296989618,False,-0.5,0.04858028888702393
Victor Harbor,79,16,0.22888803698255544,0.06277364140653229,False,-0.5117647058823529,0.04272344816333178
Victor Harbor,80,15,0.23205092231196067,0.04950095500869363,True,-0.5214285714285714,0.04621923447857302
Victor Harbor,81,15,0.23744551897285476,0.04220716981954904,True,-0.46071428571428563,0.08393338135031411
Victor Harbor,82,16,0.19321933920007375,0.05220859467412222,False,-0.5176470588235293,0.04000179295956069
Victor Harbor,83,16,0.22363748403620862,0.04963582851443476,True,-0.3852941176470588,0.1405441773736763
Victor Harbor,84,16,0.27046196807974154,0.05653970663059181,False,-0.37058823529411766,0.15765046473782054
Victor Harbor,85,16,0.26901729348159975,0.05547547831307989,False,-0.2735294117647059,0.3053231563074052
Victor Harbor,86,16,0.2883196719212546,0.05180156658875887,False,-0.2529411764705882,0.34456303133749866
Victor Harbor,87,16,0.32171529429476886,0.04924541795044921,True,-0.24705882352941175,0.35627504151257705
Victor Harbor,88,16,0.3926531469094611,0.03560703179256099,True,-0.34705882352941175,0.18783442010629964
Victor Harbor,89,16,0.40386855380520925,0.04252917916423558,True,-0.33529411764705885,0.20425458084551512
Victor Harbor,90,16,0.37595445394427296,0.03085047501770212,True,-0.36470588235294116,0.16486839724475402
Victor Harbour-Mt Gambier,0,17,0.18703474846540713,0.06346329181321676,False,0.1519607843137255,0.5604155062809044
Victor Harbour-Mt Gambier,1,17,0.16981294259470717,0.05049846314952124,False,0.14460784313725492,0.5797547992794121
Victor Harbour-Mt Gambier,2,17,0.13447080814704843,0.044503065087212273,True,0.1519607843137255,0.5604155062809044
Victor Harbour-Mt Gambier,3,17,0.13059444645790158,0.057778418291085196,False,0.07843137254901962,0.7647798831352097
Victor Harbour-Mt Gambier,4,17,0.13774858268097837,0.062275545090866025,False,0.13480392156862747,0.6059663630124608
Victor Harbour-Mt Gambier,5,17,0.11402984564962172,0.08167763716027895,False,-0.004901960784313726,0.9851029592703198
Victor Harbour-Mt Gambier,6,17,0.10144890870909398,0.10224962909724175,False,0.16176470588235298,0.5350755062766513
Victor Harbour-Mt Gambier,7,17,0.07309838808259043,0.1324628213266721,False,-0.08578431372549021,0.7433950261372769
Victor Harbour-Mt Gambier,8,17,0.07867604869754374,0.12444572954237108,False,-0.05147058823529412,0.8444669030406068
Victor Harbour-Mt Gambier,9,17,0.0720475389332581,0.18975371170554145,False,0.1985294117647059,0.4449505436788084
Victor Harbour-Mt Gambier,10,17,0.10611711572907886,0.05156034702897424,False,0.12009803921568628,0.6461426985863066
Victor Harbour-Mt Gambier,11,17,0.12487786325211282,0.016668062033628778,True,-0.07598039215686275,0.7719448512425434
Victor Harbour-Mt Gambier,12,17,0.1229150889843118,0.021459098228453214,True,-0.04411764705882353,0.8664832749198724
Victor Harbour-Mt Gambier,13,17,0.10250213405623491,0.0581031544182126,False,-0.11519607843137256,0.6597500431074229
Victor Harbour-Mt Gambier,14,17,0.0895420379227116,0.09460175499470738,False,-0.06127450980392158,0.8152828502754565
Victor Harbour-Mt Gambier,15,17,0.08167520643574519,0.13212059553278452,False,-0.11764705882352941,0.6529334399539918
Victor Harbour-Mt Gambier,16,17,0.09210883681388461,0.09587989410321576,False,-0.27450980392156865,0.28629837865879204
Victor Harbour-Mt Gambier,17,17,0.07170758787490407,0.13396634801944035,False,-0.1593137254901961,0.541361632626163
Victor Harbour-Mt Gambier,18,17,0.07157145822707679,0.09743381573455485,False,0.11029411764705883,0.6734589975422935
Victor Harbour-Mt Gambier,19,17,0.08846147454210691,0.04725839312080787,True,0.16421568627450983,0.5288225629141268
Victor Harbour-Mt Gambier,20,17,0.08758845904461143,0.04630137247716104,True,0.11274509803921569,0.666592049963725
Victor Harbour-Mt Gambier,21,17,0.10489006844304856,0.022054407273330988,True,0.03431372549019608,0.8959808104551743
Victor Harbour-Mt Gambier,22,17,0.10699268136204791,0.01917280986690193,True,0.05392156862745098,0.8371514461082935
Victor Harbour-Mt Gambier,23,17,0.1066751630742009,0.010322479511372898,True,0.11274509803921569,0.666592049963725
Victor Harbour-Mt Gambier,24,17,0.11839446945517672,0.007837248220424035,True,-0.02450980392156863,0.9256077760199253
Victor Harbour-Mt Gambier,25,17,0.11907747712205437,0.011412902646306757,True,-0.05147058823529412,0.8444669030406068
Victor Harbour-Mt Gambier,26,17,0.10491676394637227,0.07651961310940261,False,-0.22303921568627455,0.3895228783967918
Victor Harbour-Mt Gambier,27,17,0.10693611043716679,0.08789665233820448,False,-0.232843137254902,0.36845965485437604
Victor Harbour-Mt Gambier,28,17,0.10876943133040969,0.13024895597405795,False,-0.20098039215686278,0.43923387618886767
Victor Harbour-Mt Gambier,29,17,0.09255686833077117,0.20528357470903796,False,-0.16176470588235298,0.5350755062766513
Victor Harbour-Mt Gambier,30,17,0.10010075255685828,0.24692921114275537,False,-0.13970588235294118,0.5928010818860754
Victor Harbour-Mt Gambier,31,17,0.11238382489156988,0.24152907505737406,False,-0.303921568627451,0.23563584127730533
Victor Harbour-Mt Gambier,32,16,0.1117128299039212,0.3201456896869317,False,-0.4294117647058823,0.09693648522272379
Victor Harbour-Mt Gambier,33,16,0.12970177918184725,0.2627250982951875,False,-0.4147058823529412,0.11022940391770164
Victor Harbour-Mt Gambier,34,16,0.12762994461116337,0.1908659248016748,False,-0.3735294117647059,0.15412246989684827
Victor Harbour-Mt Gambier,35,16,0.10077033153114219,0.20384095502167987,False,-0.3588235294117647,0.17230386289263244
Victor Harbour-Mt Gambier,36,16,0.09324487266241614,0.20493601168146386,False,-0.38235294117647056,0.14385924954389048
Victor Harbour-Mt Gambier,37,16,0.10292960870124046,0.13764008674669356,False,-0.2323529411764706,0.38651134990798475
Victor Harbour-Mt Gambier,38,16,0.06295366407638149,0.15235045980682257,False,-0.10588235294117648,0.6963341050381157
Victor Harbour-Mt Gambier,39,16,0.06019590221389772,0.1690177459911326,False,-0.17352941176470588,0.5204075144487408
Victor Harbour-Mt Gambier,40,16,0.07976047165824898,0.1500961575484949,False,-0.06470588235294117,0.8118214513105935
Victor Harbour-Mt Gambier,41,16,0.07279081755827757,0.2915311351345503,False,-0.13823529411764704,0.6096659407501825
Victor Harbour-Mt Gambier,42,16,0.08060029276336234,0.3067230489947088,False,-0.1764705882352941,0.5132505967364668
Victor Harbour-Mt Gambier,43,16,0.11290875954243043,0.17014428527001868,False,-0.10294117647058824,0.7044103818167706
Victor Harbour-Mt Gambier,44,16,0.08119277904431024,0.2859836855946289,False,-0.13529411764705881,0.6173674089706418
Victor Harbour-Mt Gambier,45,16,0.13724542510074875,0.24244809645396595,False,-0.06470588235294117,0.8118214513105935
Victor Harbour-Mt Gambier,46,16,0.15143422804373716,0.1754984115424731,False,-0.02647058823529412,0.9224805705017287
Victor Harbour-Mt Gambier,47,16,0.1443523549230858,0.1875670540175714,False,-0.16176470588235295,0.5494831434036929
Victor Harbour-Mt Gambier,48,16,0.13237604902436337,0.2213083895582595,False,-0.17941176470588235,0.5061395399904385
Victor Harbour-Mt Gambier,49,16,0.14315928709915,0.20471240606431257,False,-0.15882352941176472,0.5568612810855389
Victor Harbour-Mt Gambier,50,16,0.1644883608356828,0.19124578840083448,False,-0.11176470588235293,0.6802736949858406
Victor Harbour-Mt Gambier,51,16,0.18769766164145302,0.1910560411968633,False,-0.17352941176470588,0.5204075144487408
Victor Harbour-Mt Gambier,52,16,0.1738377856445454,0.11468529600869966,False,-0.1764705882352941,0.5132505967364668
Victor Harbour-Mt Gambier,53,16,0.1923348725063815,0.09454491555827373,False,-0.09411764705882353,0.7288144270239805
Victor Harbour-Mt Gambier,54,16,0.1833326589271781,0.09590254589181328,False,-0.1264705882352941,0.6406944408168836
Victor Harbour-Mt Gambier,55,16,0.15283182534123105,0.10279721141501351,False,-0.1411764705882353,0.6020026838819791
Victor Harbour-Mt Gambier,56,16,0.1334723148894097,0.0785544475700015,False,-0.13823529411764704,0.6096659407501825
Victor Harbour-Mt Gambier,57,16,0.09478109745929639,0.0732790631577013,False,-0.21470588235294116,0.4245592336201027
Victor Harbour-Mt Gambier,58,16,0.09941987099813385,0.07923932339675024,False,-0.28529411764705886,0.28413874015956303
Victor Harbour-Mt Gambier,59,16,0.08288787841087294,0.12450796875913432,False,-0.3147058823529411,0.23515831926634445
Victor Harbour-Mt Gambier,60,16,0.06621282507133269,0.22213319300013107,False,-0.2411764705882353,0.36820660804263405
Victor Harbour-Mt Gambier,61,16,0.04623032528241831,0.3492894895908891,False,-0.15294117647058825,0.5717446192454616
Victor Harbour-Mt Gambier,62,16,0.06935724153493841,0.21820772988272227,False,-0.0588235294117647,0.8286807500332258
Victor Harbour-Mt Gambier,63,16,0.0737700589854891,0.20397616545465538,False,-0.17352941176470588,0.5204075144487408
Victor Harbour-Mt Gambier,64,16,0.057075343901912386,0.3369374896318752,False,-0.22058823529411767,0.4116664304979635
Victor Harbour-Mt Gambier,65,16,0.062215646511564644,0.32597006454807465,False,-0.22058823529411767,0.4116664304979635
Victor Harbour-Mt Gambier,66,16,0.0710852999705821,0.2274684448343509,False,-0.2647058823529412,0.3218043958686153
Victor Harbour-Mt Gambier,67,16,0.06364487395621836,0.21846910331824115,False,-0.3852941176470588,0.1405441773736763
Victor Harbour-Mt Gambier,68,16,0.05178268981787066,0.32333101313506674,False,-0.4147058823529412,0.11022940391770164
Victor Harbour-Mt Gambier,69,16,0.08414414407286261,0.1135701504024581,False,-0.4264705882352941,0.09949911193753966
Victor Harbour-Mt Gambier,70,16,0.09120498328203602,0.09497022147636804,False,-0.488235294117647,0.05501502977813759
Victor Harbour-Mt Gambier,71,16,0.1044153304460148,0.08275205260451789,False,-0.5970588235294118,0.014609731954981046
Victor Harbour-Mt Gambier,72,16,0.12759511381210317,0.12787726834104304,False,-0.7000000000000001,0.002535094604431932
Victor Harbour-Mt Gambier,73,16,0.16536047527832645,0.12063419082185806,False,-0.7352941176470589,0.0011716155350991778
Victor Harbour-Mt Gambier,74,16,0.18158160722592756,0.1301660033767184,False,-0.7470588235294118,0.0008821069929846318
Victor Harbour-Mt Gambier,75,16,0.23275652428911556,0.16005955195044194,False,-0.711764705882353,0.0019840432477699634
Victor Harbour-Mt Gambier,76,16,0.23742301613092417,0.20544655511213672,False,-0.6411764705882352,0.007434419082533941
Victor Harbour-Mt Gambier,77,16,0.2453725833601008,0.19108691364118696,False,-0.5441176470588236,0.029336337481376578
Victor Harbour-Mt Gambier,78,16,0.2428215575404465,0.19735720518894465,False,-0.5647058823529412,0.022663204844184645
Victor Harbour-Mt Gambier,79,16,0.22090019939156869,0.1858779355670008,False,-0.4705882352941176,0.06581947250108118
Victor Harbour-Mt Gambier,80,16,0.19778067752098044,0.23739577011067864,False,-0.4323529411764706,0.09442103753478695
Victor Harbour-Mt Gambier,81,16,0.2598438566705833,0.16829613294868523,False,-0.4823529411764706,0.058458976774719576
Victor Harbour-Mt Gambier,82,16,0.20844952581849482,0.166354928781007,False,-0.4676470588235294,0.06776085019015395
Victor Harbour-Mt Gambier,83,16,0.17470678834776793,0.17387420811047286,False,-0.45,0.0802957365433964
Victor Harbour-Mt Gambier,84,16,0.16408979152107522,0.14710769405597535,False,-0.5617647058823529,0.023537016474280824
Victor Harbour-Mt Gambier,85,16,0.19635592648049904,0.08850218597391475,False,-0.6058823529411764,0.012860298533367193
Victor Harbour-Mt Gambier,86,16,0.2172163005763044,0.09965638372474474,False,-0.6294117647058822,0.008988089264446917
Victor Harbour-Mt Gambier,87,16,0.1861881454430875,0.10147249120288843,False,-0.6852941176470588,0.003391561745216595
Victor Harbour-Mt Gambier,88,16,0.11738354769712757,0.15023442225019204,False,-0.7029411764705883,0.002386952669300933
Victor Harbour-Mt Gambier,89,16,0.0951068180435825,0.18745359611338505,False,-0.6588235294117648,0.0055114223363436875
Victor Harbour-Mt Gambier,90,16,0.11548865632420138,0.13546315456446242,False,-0.5911764705882353,0.01587557955564148
