date,GAB,Ceduna,Port Lincoln,Spencer Gulf N,Spencer Gulf S,SVG - NW,SVG - NE,SVG - SW,SVG - SE,KI - W,KI - E,Victor - W,Victor - E,Lk Alex,Victor Harbour-Mt Gambier,Mt Gambier,Port Fairy
20230101,0.32247695326805115,0.8376730680465698,0.5001962184906006,2.4744365215301514,0.5022499561309814,2.555661678314209,5.711892604827881,0.7181825637817383,0.5090892314910889,0.2910231053829193,1.5169291496276855,3.1821539402008057,0.7715970277786255,11.610302925109863,0.9460707902908325,0.30647075176239014,1.580322027206421
20230102,,,,3.1063411235809326,,2.29864764213562,5.455504894256592,0.7362988591194153,0.515693187713623,,0.7884126901626587,0.6022884249687195,0.5913605690002441,,0.8359899520874023,0.22463925182819366,1.0261262655258179
20230103,0.29828011989593506,0.9875059127807617,0.3828474283218384,2.240165948867798,0.47128960490226746,2.038115978240967,4.042793273925781,0.9093655347824097,0.5300701260566711,0.25387880206108093,,5.489352226257324,0.9557172656059265,12.89687728881836,0.5617467761039734,0.20337876677513123,0.8923807144165039
20230104,0.2896656394004822,0.9539093375205994,0.5101079344749451,2.326406955718994,0.5908520221710205,2.4472362995147705,4.394639015197754,0.7965047359466553,0.636389970779419,0.3788345754146576,,,1.793534278869629,11.096136093139648,0.8204917907714844,0.3127850592136383,0.3228526711463928
20230105,0.3784692883491516,0.7884359955787659,0.5200336575508118,2.4785654544830322,0.5840101838111877,3.024298667907715,5.328949928283691,0.7679696679115295,0.649244487285614,0.16186261177062988,0.2920917570590973,2.5215260982513428,0.7268457412719727,12.630692481994629,0.6886659264564514,0.257392019033432,0.8814277648925781
20230106,0.3718292713165283,0.8157572150230408,0.6628541946411133,2.6578681468963623,0.5547474026679993,2.6741631031036377,4.7706298828125,0.7368581891059875,0.5651147365570068,0.38377755880355835,1.8603956699371338,2.9150545597076416,0.6723592281341553,10.247879981994629,0.6118531823158264,0.30956313014030457,1.4369333982467651
20230107,0.3376260995864868,0.701562762260437,0.5834620594978333,2.6616904735565186,0.5651125311851501,2.713914632797241,6.234132289886475,0.7950803637504578,0.609359622001648,0.4240996837615967,1.8617160320281982,3.0251293182373047,1.1767431497573853,12.21423053741455,0.6794557571411133,0.2927316427230835,1.6022961139678955
20230108,0.2641558349132538,1.1587449312210083,0.7145190834999084,2.175032615661621,0.4702821969985962,2.949949264526367,5.652419567108154,0.7785397171974182,0.5250478982925415,0.446725457906723,1.8546384572982788,3.2789437770843506,1.4310210943222046,13.230074882507324,0.7100001573562622,0.3015757203102112,1.5657882690429688
20230109,0.33818864822387695,0.8113492727279663,0.8321586847305298,2.310650110244751,0.5388763546943665,2.643491506576538,6.874450206756592,0.9145535826683044,0.590538501739502,0.4914761483669281,2.4893224239349365,,0.8162575960159302,12.406354904174805,0.9713200926780701,0.3924188017845154,4.751365661621094
20230110,0.43666505813598633,0.42298948764801025,0.7436200976371765,2.058347463607788,0.5715760588645935,2.818740129470825,5.751660346984863,0.8670971989631653,0.6429747939109802,0.577714204788208,2.8037917613983154,2.67165470123291,0.7979661822319031,12.457186698913574,1.4736663103103638,0.7383283972740173,1.741377830505371
20230111,0.30662211775779724,0.6955882906913757,0.6795565485954285,,0.45987290143966675,,3.93109130859375,0.8443703055381775,0.556982159614563,0.44562995433807373,1.4454234838485718,1.562920331954956,0.38722142577171326,15.462140083312988,0.7464014887809753,0.21537120640277863,1.5779484510421753
20230112,0.29979071021080017,0.7415093183517456,0.7427527904510498,2.7725136280059814,0.5549708604812622,3.2292675971984863,6.9480085372924805,0.8812184929847717,0.61988365650177,0.534248411655426,1.5917255878448486,2.490278959274292,0.9190093874931335,12.2311429977417,0.8031980395317078,0.45128917694091797,2.5707027912139893
20230113,0.30311134457588196,0.744306743144989,0.7442576289176941,2.3402132987976074,0.45060431957244873,2.3203346729278564,4.0493083000183105,0.8728652596473694,0.5244923233985901,0.4112607538700104,1.1568186283111572,3.110197067260742,0.8607221841812134,17.58106803894043,0.9314706921577454,0.4779222905635834,4.1403069496154785
20230114,,0.9911386966705322,0.7628910541534424,1.4325580596923828,0.5156093239784241,2.957310676574707,6.916327953338623,0.9740355014801025,0.6266644597053528,0.4401513338088989,1.6156418323516846,3.466427803039551,1.871254563331604,,0.71612548828125,0.544914722442627,1.8228477239608765
20230115,0.4235821068286896,0.2830369472503662,1.221882939338684,,0.3539865016937256,,,,0.508817195892334,0.38519859313964844,1.8246082067489624,1.9268889427185059,0.784166693687439,12.449261665344238,1.4415403604507446,0.5657086968421936,1.2166838645935059
20230116,0.39650410413742065,0.7740164399147034,0.7463335990905762,2.411893844604492,0.5527273416519165,3.200834274291992,7.098306655883789,1.0568675994873047,0.7218397259712219,0.5204073190689087,1.533793330192566,3.5477488040924072,0.8358253836631775,15.597339630126953,0.8348698019981384,0.48685958981513977,2.5662567615509033
20230117,,,,,,,,,,,,,,,,,1.8377318382263184
20230118,0.655224084854126,0.8915438055992126,1.02715265750885,,0.33675530552864075,,,,,0.24963991343975067,,0.22236493229866028,0.760100781917572,,1.1461193561553955,0.6112627387046814,
20230119,0.5638992786407471,0.9325507879257202,0.7538977265357971,2.555725574493408,0.6099486947059631,2.688756227493286,4.142023086547852,0.6978230476379395,0.7482190132141113,0.2834514081478119,,3.167120933532715,0.6185277104377747,12.705885887145996,1.4568440914154053,0.13482078909873962,0.9969317317008972
20230120,0.4829411804676056,0.8414167165756226,0.8419821262359619,3.8378844261169434,0.45076605677604675,,,,,,,,,,1.1640266180038452,0.19291715323925018,1.832226276397705
20230121,0.5111976861953735,0.996569037437439,0.8250170946121216,2.7066104412078857,0.6746509671211243,3.479497194290161,5.360336780548096,1.0590442419052124,0.7851142287254333,0.3354261517524719,2.029524087905884,2.8110241889953613,0.9638689160346985,12.38696575164795,0.853770911693573,0.2586158514022827,2.2838308811187744
20230122,0.5245254039764404,0.9193920493125916,0.754448413848877,2.505033493041992,0.6139085292816162,3.0662713050842285,5.1502885818481445,0.9980486631393433,0.6570643186569214,0.745793342590332,2.4660980701446533,3.536911964416504,1.2173103094100952,10.596799850463867,0.808096706867218,0.2776024639606476,0.8521091938018799
20230123,0.4785090982913971,1.5037541389465332,,,0.2424914836883545,,,,,,,,0.7304840683937073,,0.3961981236934662,0.2958025336265564,1.7285670042037964
20230124,0.4001721143722534,1.0027124881744385,0.9155935645103455,2.56081485748291,0.536615252494812,3.0865907669067383,5.300507545471191,0.9835250973701477,0.6571643352508545,0.5851870179176331,0.9508611559867859,2.045725107192993,1.0688433647155762,12.075958251953125,0.8221138119697571,0.2623816430568695,0.19346584379673004
20230125,0.35997894406318665,0.9016304016113281,0.7557284832000732,2.3535685539245605,0.6362177729606628,3.3512232303619385,4.890204429626465,0.9427262544631958,0.6991978883743286,0.6835399270057678,2.2677197456359863,7.228618144989014,1.007055640220642,12.380023956298828,0.962466299533844,0.2973986566066742,2.6515259742736816
20230126,0.3611140251159668,0.7649874091148376,0.7948781847953796,2.506141424179077,0.6999932527542114,3.3429691791534424,6.428927898406982,1.120604395866394,0.7436717748641968,0.7770581245422363,2.543710470199585,1.9280716180801392,1.3258616924285889,11.91533088684082,1.0393227338790894,0.29458174109458923,2.461707592010498
20230127,,1.1609861850738525,0.6712474226951599,2.8659677505493164,0.6091949343681335,3.4708244800567627,6.921639919281006,0.999596893787384,0.6784507036209106,0.6541730165481567,2.0151124000549316,4.353010177612305,0.9519850611686707,14.635359764099121,0.6325425505638123,0.291957288980484,1.622397780418396
20230128,,,,,,,,,,,,,,,,,
20230129,0.30677780508995056,0.24572429060935974,,,,,,,,,0.3966315686702728,0.5688047409057617,0.5740294456481934,,0.6047953963279724,0.1918647736310959,
20230130,0.44260260462760925,0.7802956104278564,0.821026623249054,1.1952873468399048,0.7118867039680481,3.262620449066162,7.463220119476318,1.269693374633789,0.8517258763313293,0.7068130373954773,2.781212091445923,2.5590460300445557,0.8344964981079102,19.317651748657227,0.510806679725647,,0.6752974390983582
20230131,0.34300780296325684,0.8933774828910828,0.8554190993309021,2.545145273208618,0.6558616161346436,3.542832374572754,5.4324822425842285,1.0577208995819092,0.7949629426002502,0.5764186382293701,1.804443359375,7.861454963684082,1.0464799404144287,16.18724822998047,0.5010277032852173,0.4067494571208954,3.518512725830078
20230201,0.382406085729599,0.6372819542884827,0.5222364068031311,3.3299131393432617,0.34939414262771606,,,,,0.27657878398895264,,3.1278204917907715,0.8441037535667419,,0.6855984926223755,0.22920624911785126,0.6230364441871643
20230202,0.15934370458126068,0.3617796301841736,0.21589060127735138,1.0542237758636475,0.6677064299583435,,,,,0.2756142020225525,0.4625304043292999,0.31425753235816956,0.7405176758766174,,0.4150629937648773,0.18261180818080902,
20230203,,0.4583475589752197,0.42372775077819824,2.1160411834716797,1.2884056568145752,,5.297191619873047,0.8249462246894836,1.2690095901489258,0.7284149527549744,0.9615868330001831,1.3557491302490234,3.495795488357544,8.393105506896973,0.6861386299133301,0.24874871969223022,1.3998016119003296
20230204,0.4391744136810303,1.8835066556930542,0.8022079467773438,2.9653611183166504,0.9843129515647888,2.918172597885132,3.935770034790039,1.247522234916687,,,0.4344826936721802,,2.704165458679199,,0.9066669940948486,0.19731725752353668,1.0086785554885864
20230205,0.35062023997306824,0.8144951462745667,0.6504379510879517,2.781106948852539,0.793269157409668,3.246830940246582,4.6416916847229,1.064651370048523,0.8364779353141785,0.645173192024231,1.026909589767456,4.07938814163208,5.186631679534912,10.558418273925781,0.5589464902877808,0.1764126569032669,0.3154507279396057
20230206,0.36641958355903625,0.7732784152030945,0.6038174033164978,3.209305763244629,0.8338111042976379,3.561555862426758,6.509385585784912,1.2343348264694214,0.8660765290260315,0.8685508370399475,2.795956611633301,2.7820940017700195,2.6021170616149902,12.426356315612793,1.0032778978347778,0.18239465355873108,2.08648419380188
20230207,0.3606884479522705,0.8314099311828613,0.6071782112121582,3.2080626487731934,0.8457756638526917,3.2836737632751465,6.363974094390869,1.067116618156433,0.8042604923248291,1.018518328666687,1.5429980754852295,2.352778434753418,1.729860544204712,11.215028762817383,0.608361542224884,0.4301222860813141,5.395387172698975
20230208,0.4121130108833313,1.630631685256958,0.8107665777206421,2.8833541870117188,0.8250852227210999,3.4490108489990234,,1.6707985401153564,,0.9265697002410889,1.6585341691970825,1.7551038265228271,1.9137018918991089,14.27517032623291,0.6309284567832947,0.3152344524860382,1.352264165878296
20230209,0.4290550947189331,1.26680326461792,0.5232194066047668,2.729872703552246,0.7312482595443726,3.155588150024414,6.209705829620361,1.5051534175872803,0.804172158241272,0.6581835746765137,1.3402427434921265,3.041579008102417,1.414792776107788,16.906694412231445,0.5987179279327393,0.3562279939651489,1.4783055782318115
20230210,0.4012033939361572,5.176383018493652,,2.74292254447937,0.7524566054344177,3.2888598442077637,6.944292068481445,1.142175316810608,0.7781637907028198,0.319732666015625,0.8731323480606079,2.36912202835083,2.266791343688965,12.271306991577148,0.5931606888771057,0.35445642471313477,2.0352206230163574
20230211,0.32189884781837463,1.4905160665512085,0.4093123972415924,2.6256721019744873,0.6854111552238464,3.5556552410125732,5.705531597137451,1.1245347261428833,0.8439805507659912,0.36807581782341003,1.5442639589309692,2.906372308731079,,9.72246265411377,,,2.494830369949341
20230212,,0.37599843740463257,0.5407888293266296,1.9747884273529053,0.721956729888916,3.3303816318511963,6.111891269683838,1.8067903518676758,0.8940190076828003,0.5916144847869873,1.7758395671844482,,4.891357898712158,,0.6325569152832031,0.18629610538482666,0.30048298835754395
20230213,0.4833434820175171,0.9717917442321777,0.5100700259208679,2.4515933990478516,0.694019615650177,2.993386745452881,5.7819437980651855,1.1341326236724854,0.8182960152626038,0.4799186587333679,1.094101905822754,3.9345693588256836,1.7706758975982666,12.090657234191895,0.7685250639915466,0.2012203335762024,0.3799820840358734
20230214,0.3458418548107147,0.7833713889122009,0.484293133020401,2.5818169116973877,0.651741087436676,2.7294466495513916,5.206113338470459,1.0773398876190186,0.823177695274353,0.4611160159111023,0.9984927177429199,2.128859043121338,1.238510251045227,15.45078182220459,0.8790297508239746,0.2758224904537201,2.2157018184661865
20230215,0.3916414678096771,0.8394734859466553,0.5805071592330933,2.5576655864715576,0.5849219560623169,2.620701551437378,4.962274074554443,1.5481199026107788,0.7041369676589966,0.43396103382110596,1.1358171701431274,,0.8271099328994751,,0.7924803495407104,0.33285412192344666,0.27987927198410034
20230216,0.19997142255306244,0.23117104172706604,0.5146693587303162,3.054640531539917,0.6896500587463379,2.8055169582366943,,2.1639983654022217,0.5112628936767578,0.40801212191581726,1.1088602542877197,2.0626676082611084,0.9222086071968079,16.327573776245117,1.0432167053222656,,
20230217,0.30584996938705444,0.9418714046478271,0.551607608795166,3.3314428329467773,0.6620460748672485,3.2062602043151855,7.384740352630615,1.1171222925186157,0.652863085269928,0.4147338271141052,1.7286899089813232,,,13.9853515625,0.5024428963661194,,1.5227712392807007
20230218,0.3138015866279602,0.8189803957939148,0.5327001214027405,3.1196651458740234,0.6797643899917603,2.9406211376190186,5.320948600769043,1.0712796449661255,0.6779648065567017,0.39126524329185486,1.1715807914733887,3.35953688621521,1.4692614078521729,15.255264282226562,0.6761069893836975,0.2079618275165558,1.6974992752075195
20230219,0.2954144775867462,0.8301428556442261,0.5055733323097229,2.939249038696289,0.6574626564979553,3.0354859828948975,6.473321914672852,1.0785216093063354,0.7561244368553162,0.38599592447280884,0.9792575836181641,2.366671085357666,1.3913899660110474,20.35786247253418,0.6048579216003418,0.22411870956420898,1.5266655683517456
20230220,0.3033089339733124,0.8648322224617004,0.4648941159248352,3.047269582748413,0.5903826951980591,2.7287943363189697,5.147402763366699,1.9076942205429077,0.7467591762542725,0.38368916511535645,0.7411624193191528,4.625461578369141,1.204634666442871,19.912044525146484,1.0311819314956665,0.1666901856660843,1.7831523418426514
20230221,0.39478179812431335,1.221305251121521,,2.9154887199401855,0.6448794007301331,2.4798920154571533,4.901898384094238,1.1056504249572754,0.8510666489601135,,1.242444396018982,4.1257758140563965,1.5745759010314941,20.064483642578125,0.6863105893135071,0.3253668546676636,1.7737280130386353
20230222,0.3540956974029541,1.0395029783248901,0.34925442934036255,4.601119518280029,0.5200902819633484,,,,0.689322292804718,0.6629491448402405,1.6851699352264404,2.844935655593872,,,0.6286574602127075,0.31384867429733276,1.4162079095840454
20230223,0.3014273941516876,0.6744697093963623,0.4874522089958191,3.2026875019073486,0.6911749243736267,3.3675482273101807,7.6595964431762695,1.1510241031646729,0.7865548729896545,0.5017569065093994,1.2530517578125,2.342818260192871,1.0645109415054321,21.654115676879883,0.6699168086051941,0.28566333651542664,1.327721357345581
20230224,,,,,0.38463953137397766,,,,,,,,,,,0.2636207938194275,1.3328827619552612
20230225,0.41924595832824707,1.5179578065872192,0.47851771116256714,1.4269269704818726,0.8423249125480652,,,1.46642005443573,0.4711381196975708,0.4138312041759491,0.7176823616027832,2.4973702430725098,0.9576996564865112,,0.7890008091926575,0.14068354666233063,
20230226,0.37456014752388,1.0309752225875854,0.43763941526412964,2.491816520690918,0.6978297233581543,3.711186408996582,6.167115211486816,1.2562233209609985,0.8150078058242798,0.4951438903808594,0.6472598910331726,4.284393787384033,1.7589784860610962,,0.6170157790184021,0.14019577205181122,0.49699658155441284
20230227,0.333122581243515,0.9611648321151733,0.5586158633232117,2.6080150604248047,0.6125209331512451,,,,,,,,1.5436819791793823,,0.9855115413665771,,
20230228,0.45910459756851196,2.728947639465332,0.2688433825969696,,0.2600211501121521,,,,,0.26182711124420166,,,,,,,
20230301,0.7010383009910583,1.4852057695388794,0.4938162565231323,2.4655838012695312,0.5889608860015869,3.2342607975006104,3.98547625541687,1.0233968496322632,0.7975877523422241,0.2995436489582062,0.42154282331466675,2.7773592472076416,2.1755552291870117,,0.37034696340560913,0.1655224859714508,1.1793243885040283
20230302,0.49215710163116455,1.1257458925247192,0.8387554287910461,2.6577234268188477,0.697693407535553,3.142406702041626,5.384490013122559,1.0300133228302002,0.5840367078781128,,,,2.247025489807129,,0.5480227470397949,0.12024076282978058,0.16352061927318573
20230303,0.4424916207790375,0.8118336796760559,0.4646850526332855,2.3310327529907227,0.8361696600914001,3.0422537326812744,5.0922651290893555,1.0499279499053955,0.7992132306098938,0.56619793176651,1.5003609657287598,2.1315624713897705,1.0595155954360962,21.416547775268555,1.0028666257858276,0.7667520642280579,2.007918357849121
20230304,0.3748317062854767,1.170061469078064,0.708076000213623,2.7089271545410156,0.679723858833313,2.6140825748443604,5.3004984855651855,1.0074154138565063,0.8385089635848999,0.47421473264694214,1.163236379623413,1.6179783344268799,0.9862795472145081,22.608150482177734,0.7375795841217041,0.27010589838027954,
20230305,0.4592163860797882,0.6831140518188477,0.30865663290023804,,0.48955416679382324,,,,,0.28368765115737915,0.6081278920173645,,,,,,3.719820261001587
20230306,0.31700271368026733,0.841917872428894,0.4857204854488373,2.827061653137207,0.6687033772468567,,3.376167058944702,,0.9204741716384888,0.3855750560760498,0.8018301725387573,2.5833444595336914,3.8367769718170166,10.389974594116211,0.4619547724723816,0.15780256688594818,1.2603543996810913
20230307,0.39888644218444824,1.0609314441680908,,3.4304769039154053,,,,,,,,,,,,,
20230308,0.17980891466140747,0.5632835626602173,0.5473255515098572,2.2006990909576416,0.7240181565284729,,,,,0.33005768060684204,0.7145363092422485,,0.895424485206604,,0.5817625522613525,0.20955604314804077,0.7057685852050781
20230309,0.3159564435482025,1.2186384201049805,0.6769011616706848,2.986222505569458,1.0022026300430298,2.4453463554382324,3.3706555366516113,1.3119571208953857,0.7195883393287659,,,0.6851885318756104,0.8989669680595398,,0.9874815940856934,0.2272070050239563,0.8613874912261963
20230310,0.33154213428497314,0.77766352891922,0.5514664053916931,3.259035348892212,0.7909784913063049,3.923978567123413,6.063548564910889,1.3565456867218018,1.1307779550552368,0.5329581499099731,1.360320806503296,1.2754534482955933,1.7603365182876587,18.61705207824707,0.8567908406257629,,3.148318290710449
20230311,0.36522233486175537,0.2697099447250366,0.55845046043396,2.9353833198547363,0.7792763113975525,3.0350964069366455,6.072483062744141,1.1778994798660278,1.074141263961792,0.6061933040618896,1.0471304655075073,1.8751128911972046,1.9859899282455444,19.52308464050293,1.1387673616409302,0.25994566082954407,1.6010029315948486
20230312,,,,,,,,,,,,,,,,,
20230313,0.5026026368141174,1.1017296314239502,0.7640058398246765,1.8680894374847412,0.6374409198760986,,,,,0.712607204914093,0.8207398056983948,,1.2002086639404297,,3.728543281555176,0.5018141865730286,1.597157597541809
20230314,0.4540961682796478,0.7591127157211304,0.47346198558807373,2.5920310020446777,0.6907379627227783,3.112433433532715,6.441471576690674,1.1666687726974487,0.9873331785202026,0.4540078639984131,1.2384434938430786,5.762913227081299,3.446382999420166,28.70309066772461,,,0.9335803985595703
20230315,0.3449273109436035,0.5735251307487488,0.6590752601623535,2.540951728820801,0.7861915826797485,3.1792898178100586,5.72820520401001,1.0535619258880615,1.0039327144622803,0.5721020698547363,1.1692781448364258,1.9169574975967407,0.989616870880127,32.0151252746582,1.4311244487762451,,
20230316,0.30112317204475403,0.7902812957763672,0.5209180116653442,3.0646064281463623,0.7343829870223999,3.505079746246338,6.671023368835449,1.1866135597229004,0.8995643854141235,0.4100132882595062,1.0711158514022827,2.7562882900238037,1.7992675304412842,27.407695770263672,0.7163625955581665,,1.0912033319473267
20230317,0.3098742365837097,0.7556397914886475,0.4870627224445343,3.047075033187866,0.7284432649612427,3.0342090129852295,7.181143283843994,1.081305742263794,0.8482500910758972,0.40216097235679626,0.9142436385154724,1.1413670778274536,0.99326092004776,33.55752944946289,0.9259461164474487,0.33464667201042175,1.5674954652786255
20230318,0.2694973051548004,0.9101340770721436,0.6093047857284546,1.898594856262207,0.7314261198043823,2.274139165878296,5.062716484069824,0.9815289378166199,0.7905747890472412,0.46176180243492126,0.762269914150238,6.686108112335205,,20.363433837890625,0.1432310789823532,0.14603537321090698,1.126728892326355
20230319,0.28396421670913696,1.535925269126892,0.3879773020744324,,0.7468073964118958,,,0.7367451786994934,0.6265192031860352,,,,1.9795178174972534,,1.268882155418396,,
20230320,0.6460748910903931,0.27853792905807495,0.5626567006111145,,0.40061527490615845,,,,,0.3565022051334381,,,,,0.8882457613945007,0.5725076198577881,2.503791570663452
20230321,0.3658047616481781,1.0399378538131714,0.7697814702987671,2.995513439178467,0.7928338050842285,2.733152389526367,6.448992729187012,1.206560730934143,1.1412837505340576,0.6771959662437439,1.5096585750579834,,1.2096360921859741,,1.0303688049316406,0.17976361513137817,
20230322,0.5441990494728088,1.6562851667404175,1.2499877214431763,3.1424503326416016,0.8164024353027344,3.2292592525482178,5.259313106536865,1.278367519378662,1.2339775562286377,0.9716814756393433,1.0601117610931396,2.0700597763061523,1.662824273109436,30.53212547302246,0.9049772620201111,0.3175305426120758,2.3912458419799805
20230323,0.9425841569900513,0.959823727607727,0.7172375917434692,2.7683517932891846,0.7915453314781189,3.461839437484741,6.13149881362915,1.2288390398025513,1.2192894220352173,0.5729964375495911,1.374776840209961,4.142138481140137,0.9182614684104919,17.133344650268555,0.9637797474861145,0.3319072723388672,1.8960100412368774
20230324,,0.35258740186691284,0.6787915825843811,1.57433021068573,0.7714589238166809,2.6566078662872314,4.202368259429932,1.2753270864486694,1.1371136903762817,0.41928181052207947,0.9874414801597595,1.8856697082519531,1.2054957151412964,20.381946563720703,1.0868759155273438,0.5625481605529785,1.551304817199707
20230325,,,1.5279760360717773,2.134509325027466,0.758988082408905,3.937380313873291,3.9130144119262695,0.9064416289329529,,0.44749072194099426,1.6764575242996216,,1.291951298713684,,1.0231983661651611,,0.42785874009132385
20230326,,,,5.219189167022705,,,,,,,,,,,,,
20230327,0.2671632468700409,0.5589672923088074,0.5332865715026855,1.910957932472229,0.6447896957397461,,2.12683367729187,0.9590192437171936,0.9894170761108398,0.21539968252182007,0.928045392036438,2.338092088699341,0.8478555679321289,15.552205085754395,0.42887383699417114,,
20230328,0.4090063273906708,0.8861902356147766,0.4342056214809418,1.4052637815475464,0.6097310185432434,,2.8096466064453125,,0.568164587020874,0.21183602511882782,,,3.1592507362365723,16.365158081054688,0.45533305406570435,0.20311793684959412,0.6376078128814697
20230329,0.41430574655532837,0.9112198948860168,0.4922277629375458,2.544832706451416,0.7510810494422913,3.112393856048584,6.280850887298584,1.3127174377441406,1.2039077281951904,0.531550407409668,1.0971006155014038,3.8305575847625732,1.6771283149719238,,0.6771171689033508,0.24174049496650696,1.5982956886291504
20230330,,0.430603951215744,0.24481196701526642,2.2981483936309814,0.5379446744918823,,4.954044342041016,1.0028233528137207,1.0588504076004028,0.3339390754699707,0.7044391632080078,1.739145040512085,2.0934290885925293,18.847442626953125,0.9119765162467957,0.37793296575546265,0.5027698278427124
20230331,,0.48238256573677063,0.4729166030883789,2.0365476608276367,0.5657152533531189,1.966712236404419,5.075423240661621,0.7954472899436951,0.94983971118927,,0.7260072231292725,,1.8206021785736084,,0.8311411142349243,0.21302425861358643,
20230401,0.4078545570373535,0.941832423210144,0.3190383315086365,3.9571468830108643,0.6392661929130554,2.3328263759613037,3.548496961593628,1.0392855405807495,,0.26164472103118896,,,1.2097443342208862,,1.319821834564209,0.33149808645248413,0.4669097363948822
20230402,0.6393837928771973,0.8694168925285339,0.6440679430961609,2.7469985485076904,0.8356898427009583,2.919417142868042,5.108974933624268,1.0776695013046265,1.1566472053527832,0.256420761346817,0.8671198487281799,1.683852195739746,1.0309237241744995,32.516014099121094,0.45984455943107605,0.2930862605571747,1.1204432249069214
20230403,0.41379600763320923,0.8262556791305542,0.5771536827087402,2.6696770191192627,0.7375630736351013,2.6026787757873535,5.4495697021484375,1.0652004480361938,1.0377509593963623,0.4318051040172577,1.105933666229248,0.9705752730369568,1.0055512189865112,37.50273513793945,0.6629095673561096,0.37361010909080505,1.669435739517212
20230404,0.4915955364704132,1.3164490461349487,0.6158449649810791,2.7731497287750244,0.7138003706932068,2.724752902984619,5.231378078460693,1.0769153833389282,1.0155688524246216,0.4062182903289795,1.1539167165756226,1.0244905948638916,1.0005549192428589,,0.9143574833869934,0.21585799753665924,
20230405,0.4296620488166809,0.5242170095443726,0.6390653848648071,2.6351163387298584,0.8190426826477051,1.7247697114944458,4.702898979187012,0.856184184551239,0.8866507411003113,0.4206666648387909,1.3425631523132324,0.9144745469093323,0.9598957896232605,23.789241790771484,0.7850046753883362,0.3039886951446533,1.5955071449279785
20230406,0.4003639817237854,1.1703721284866333,0.5516612529754639,2.4376654624938965,0.793574869632721,,,1.1986011266708374,,0.5245100855827332,1.889356017112732,2.388190269470215,1.2447246313095093,,2.49118971824646,,
20230407,0.2416130155324936,0.4333590269088745,0.263597309589386,1.5132347345352173,0.5899537801742554,,,1.0409660339355469,1.0414987802505493,0.2802414000034332,1.1115221977233887,3.6531896591186523,1.7039748430252075,14.030714988708496,0.381028950214386,,
20230408,0.6291885375976562,1.4915693998336792,,1.942956566810608,0.5292898416519165,,,,,0.25274214148521423,1.041510820388794,,2.4367828369140625,,0.5323485136032104,0.2198401838541031,1.2141441106796265
20230409,0.41259488463401794,1.218291163444519,0.30472856760025024,2.8472695350646973,0.545819878578186,2.22043776512146,,,,0.1979370266199112,0.4148356318473816,0.732200026512146,1.594035267829895,,0.5528214573860168,0.22218403220176697,0.32061806321144104
20230410,0.5434952974319458,1.207594871520996,0.5058861970901489,2.803321123123169,0.7211217880249023,2.698112964630127,6.2720794677734375,1.209365725517273,1.075688123703003,0.27422666549682617,0.7637655138969421,1.5640004873275757,1.3231475353240967,,0.5027419328689575,0.26207172870635986,
20230411,0.5136775970458984,0.38653409481048584,1.8311164379119873,,,,,,,,,,,,,,0.3358559012413025
20230412,0.4767187833786011,0.7681449055671692,0.4570974111557007,2.5154104232788086,0.8622049689292908,,3.420565366744995,1.3628685474395752,1.4105560779571533,0.31866565346717834,0.5429796576499939,0.8898171186447144,1.049060583114624,,0.45932257175445557,0.3006591200828552,0.8139224052429199
20230413,0.4374287724494934,0.816340982913971,0.6158010363578796,2.5083425045013428,0.8120025992393494,2.9355151653289795,4.734497547149658,1.8385961055755615,,0.5230215191841125,1.0902990102767944,,,,0.2868240177631378,0.38781607151031494,1.014095664024353
20230414,,,,,,,,,,,,,,,,0.41656842827796936,1.4421272277832031
20230415,0.6302899718284607,0.9873341917991638,0.31458696722984314,2.1802759170532227,0.7327441573143005,1.5470596551895142,5.5890092849731445,,1.0936167240142822,0.4424910247325897,0.6834648847579956,0.5801223516464233,1.1118625402450562,,0.536512553691864,0.5234076380729675,
20230416,0.5514271259307861,0.9768916964530945,0.726085364818573,2.1951754093170166,0.9923673868179321,,,1.1815258264541626,1.3447316884994507,0.6617151498794556,1.3175421953201294,2.366631269454956,1.6384140253067017,15.9830904006958,0.8438549041748047,0.4289034307003021,1.5297642946243286
20230417,0.705998420715332,0.9830896854400635,0.48497727513313293,2.703073263168335,0.8429986238479614,3.422935724258423,5.003846168518066,0.9802083969116211,1.3673810958862305,0.22646361589431763,0.7883505821228027,1.8307666778564453,2.6399827003479004,29.62700653076172,0.45701366662979126,0.3151175379753113,0.5182211399078369
20230418,0.5538650751113892,0.9713456034660339,0.5222333073616028,2.666836738586426,0.718668520450592,2.300637722015381,4.6192402839660645,1.0782992839813232,1.0777664184570312,,0.8337807655334473,1.4781683683395386,1.3619171380996704,,1.2769756317138672,0.29587557911872864,1.101320743560791
20230419,0.4831622838973999,1.3304555416107178,0.5133892297744751,2.222080945968628,0.6580851674079895,2.259585380554199,5.0138702392578125,0.7555099129676819,1.0088467597961426,,,2.531275987625122,2.455528736114502,21.278600692749023,0.3045584559440613,0.47243666648864746,1.2070248126983643
20230420,2.6561527252197266,2.913256883621216,0.3821464478969574,6.228246212005615,0.764723002910614,,,1.1662726402282715,0.9726405739784241,0.484077513217926,1.0119373798370361,2.806884288787842,2.278108596801758,,1.10538911819458,0.5522990226745605,0.8007259368896484
20230421,0.6669002175331116,1.1627514362335205,0.4227140545845032,2.4800851345062256,0.7061510682106018,2.8644187450408936,5.677903175354004,0.9843791723251343,1.0539381504058838,0.30599671602249146,0.910880446434021,1.3383183479309082,1.6731094121932983,,0.7865549921989441,0.5240144729614258,0.3213037848472595
20230422,0.617944598197937,1.0182899236679077,0.7397104501724243,3.256688356399536,0.8616739511489868,3.9404938220977783,8.153268814086914,1.4198517799377441,1.2649281024932861,0.42811185121536255,1.4021203517913818,1.454777479171753,1.7119251489639282,,0.7015067338943481,0.16853170096874237,
20230423,0.621768057346344,1.0403791666030884,0.6792086362838745,2.8358237743377686,0.797744631767273,2.985525608062744,6.97298002243042,1.2957953214645386,1.158926010131836,0.42316266894340515,1.2540230751037598,1.2894411087036133,1.4810216426849365,,0.852250337600708,0.323535680770874,1.853742003440857
20230424,0.9086476564407349,0.9430282115936279,0.6284985542297363,2.593836545944214,0.7337272763252258,2.652440071105957,5.173950672149658,1.1259111166000366,1.1265110969543457,0.3972301483154297,1.206465482711792,1.2823020219802856,1.2334190607070923,,0.7331973314285278,0.4347394108772278,1.5800738334655762
20230425,0.6324514150619507,0.859001636505127,1.065047264099121,2.913480281829834,1.424277424812317,,,,,,1.4841878414154053,,,,1.6155016422271729,0.4458993375301361,1.4767167568206787
20230426,0.6251714825630188,,,3.011629104614258,1.6087260246276855,3.4953880310058594,6.999430179595947,1.573760747909546,1.3321565389633179,0.8310174345970154,1.3355355262756348,2.4145703315734863,,,,0.3907546103000641,1.5052427053451538
20230427,0.619947075843811,1.0032883882522583,0.6341365575790405,3.1627182960510254,0.8159496188163757,5.13023042678833,8.331621170043945,0.9994507431983948,1.1426798105239868,0.2751905918121338,0.8548911809921265,1.4761216640472412,1.4629710912704468,,0.7510276436805725,0.34565943479537964,0.6432194709777832
20230428,0.5067514181137085,0.7901480197906494,0.5558276772499084,,0.7226781249046326,,,1.0657275915145874,1.5434728860855103,0.32367655634880066,0.7657609581947327,0.4990290701389313,0.9651308655738831,,0.6367629766464233,0.531582772731781,
20230429,0.6240894198417664,1.2672959566116333,0.6768109202384949,2.1063191890716553,0.6180529594421387,,5.218551158905029,0.8825110793113708,0.9357607364654541,0.2667538523674011,0.621172308921814,1.4040757417678833,1.7362511157989502,31.83030128479004,1.0846692323684692,0.422982394695282,1.9656444787979126
20230430,,1.304308295249939,0.3785991370677948,2.2805862426757812,0.7080632448196411,,,,,0.29804545640945435,0.5538579821586609,0.6929012537002563,1.4203568696975708,,0.7544698715209961,0.3160390257835388,1.6975280046463013
20230501,0.5900440216064453,1.1275603771209717,,1.7206844091415405,1.063010573387146,,,,,0.39022892713546753,,,,,0.2093687653541565,,1.9376463890075684
20230502,0.555901288986206,1.4726364612579346,0.9518022537231445,2.5214905738830566,0.863288402557373,2.650524616241455,3.304014205932617,0.7728144526481628,1.2000527381896973,0.4637214243412018,1.2254434823989868,0.8015945553779602,1.454775333404541,,0.6763710379600525,0.4430192708969116,2.642263412475586
20230503,0.4448750615119934,1.1120063066482544,0.2670285999774933,1.6770915985107422,0.8540013432502747,,,,1.0712850093841553,0.17219752073287964,0.6931715607643127,0.7736228108406067,3.22537899017334,,0.9113156199455261,0.3547726273536682,1.837164282798767
20230504,0.5999943614006042,1.296558141708374,0.6693958640098572,3.237022638320923,0.5388796329498291,,,,,0.3138667941093445,1.0709232091903687,,,,,,
20230505,0.5856750011444092,1.263319730758667,0.5803126096725464,3.4523324966430664,,,,,,0.2604847550392151,,,,,0.16983520984649658,,
20230506,0.4565022885799408,1.305249810218811,0.7956252694129944,2.380572557449341,1.0385063886642456,2.3255724906921387,4.914238452911377,1.237823247909546,1.2750917673110962,0.35462018847465515,1.2435081005096436,1.267919659614563,2.229701519012451,,0.9509745240211487,0.605042040348053,0.7681037187576294
20230507,0.7423611879348755,1.5473989248275757,0.8137515783309937,2.1725761890411377,0.807883083820343,2.1845552921295166,3.7718255519866943,1.125185251235962,1.013442873954773,0.3058077096939087,0.9750991463661194,1.5131678581237793,1.3913782835006714,,0.8558213114738464,0.38220086693763733,1.4579583406448364
20230508,0.6076076030731201,2.230750799179077,0.27246737480163574,1.9709166288375854,0.5408663153648376,1.2918208837509155,2.181279182434082,0.8643186688423157,,0.18905863165855408,,1.6919118165969849,1.2360193729400635,,0.7704681158065796,0.3766656219959259,0.7094800472259521
20230509,0.6421429514884949,1.09772527217865,0.2555393874645233,1.6916295289993286,0.4976682662963867,,,0.7980191111564636,,0.2433626651763916,0.5478889346122742,1.3899250030517578,1.3207309246063232,,0.5856220722198486,0.35320597887039185,1.347861409187317
20230510,0.6652535200119019,1.1911721229553223,0.7648903727531433,2.5104074478149414,0.9452589750289917,2.7781243324279785,6.811671257019043,1.3949525356292725,1.1991108655929565,0.414616197347641,1.5469269752502441,0.8719326257705688,0.649549663066864,,0.8612415790557861,0.20500290393829346,0.30674073100090027
20230511,0.57037353515625,1.3919670581817627,0.9593870639801025,2.949187755584717,0.9711287617683411,,,,,0.6323025226593018,,,1.747757077217102,,0.8065174221992493,0.5137691497802734,1.7092150449752808
20230512,0.6960117816925049,1.1617000102996826,0.8792418837547302,2.1859333515167236,0.8062469959259033,1.9223084449768066,4.821887969970703,1.596859335899353,0.7411847114562988,0.5259109139442444,1.4389708042144775,0.7713983058929443,1.0557445287704468,,1.288414478302002,0.5821273922920227,0.5855666995048523
20230513,1.132190227508545,1.2637680768966675,0.9119888544082642,3.575746536254883,0.9161390662193298,3.692115306854248,11.549778938293457,1.7228602170944214,1.0756219625473022,0.5951137542724609,1.434870958328247,1.8925222158432007,1.699060320854187,,0.7330487370491028,0.43556690216064453,1.9330965280532837
20230514,0.5021036267280579,0.9533078074455261,1.5022364854812622,2.753028631210327,1.1522551774978638,3.4096250534057617,6.365923881530762,1.96488618850708,1.1961346864700317,0.8628314137458801,1.3730865716934204,1.4915258884429932,1.7963669300079346,,0.8036149740219116,0.5452486872673035,2.062849521636963
20230515,0.5933315753936768,1.0295990705490112,0.8126316070556641,2.367058515548706,0.7494623064994812,2.702651262283325,5.348211288452148,1.1540721654891968,1.0439366102218628,0.4971873164176941,1.0574755668640137,1.59910249710083,1.3761886358261108,,0.763275682926178,0.5580433011054993,1.7303776741027832
20230516,0.5207344889640808,1.2205246686935425,0.33340466022491455,2.8084259033203125,0.7833395600318909,1.5002306699752808,2.8129260540008545,1.3702765703201294,0.49417802691459656,0.4437530040740967,0.6123051047325134,,,,0.7961102724075317,0.389112651348114,2.3117868900299072
20230517,0.4787141680717468,1.718279480934143,0.4292363226413727,2.0887672901153564,0.6048397421836853,,,,0.8026506304740906,0.3746536374092102,,1.5346667766571045,1.1245625019073486,,1.2696161270141602,0.6413127183914185,
20230518,0.5128309726715088,1.5944000482559204,0.5806900858879089,1.9642202854156494,0.9129628539085388,1.1487030982971191,2.868196487426758,0.9466260671615601,0.7624186873435974,0.4701531231403351,1.3301392793655396,1.461159110069275,1.1686575412750244,,1.0179500579833984,0.3914256691932678,1.728442668914795
20230519,0.5285038948059082,0.6694585680961609,0.34555941820144653,2.743910789489746,0.7085617780685425,,,1.0672580003738403,0.5501610040664673,0.45840010046958923,0.8330434560775757,,1.5669041872024536,,0.8719342350959778,,2.161440372467041
20230520,0.60377436876297,0.7185088992118835,0.4698420464992523,2.209130048751831,0.6709003448486328,,6.339959621429443,1.0143024921417236,0.8473879098892212,0.3301512897014618,0.4049623906612396,1.8982181549072266,1.3669955730438232,,0.8855933547019958,,2.559755563735962
20230521,0.4463668167591095,0.8684826493263245,0.4140273928642273,1.7732518911361694,0.826374351978302,1.9271193742752075,3.636683702468872,,0.7257634401321411,0.3706333637237549,,,,,,,3.705563545227051
20230522,0.3786090314388275,0.5512800216674805,0.465250700712204,1.179659128189087,1.0339586734771729,0.9364317655563354,5.006241798400879,1.023969292640686,0.9976439476013184,,,,,,,,
20230523,0.7164645195007324,1.1864492893218994,1.0255084037780762,3.049654245376587,0.5936183333396912,,,,,,,,,,,,
20230524,0.7954886555671692,,,,,,,,,,,,,,0.6447053551673889,0.36469098925590515,1.3807358741760254
20230525,0.5519270300865173,0.3758052587509155,,,0.8853051066398621,1.9963901042938232,5.2513041496276855,,,,,,,,,,
20230526,0.5589933395385742,0.8642175793647766,0.6204741597175598,1.7704086303710938,0.4964737892150879,1.3816685676574707,3.895625591278076,0.6729267239570618,0.793390691280365,0.3043261468410492,0.6585771441459656,2.2513411045074463,2.5466978549957275,18.456098556518555,0.9215872883796692,0.20715656876564026,1.6838817596435547
20230527,0.6033689975738525,1.0031683444976807,0.44688189029693604,1.4354751110076904,0.859799861907959,1.4182677268981934,,0.6548724174499512,0.8586043119430542,0.3861856460571289,0.5941742062568665,1.637663722038269,6.246447563171387,,1.5496749877929688,,1.9083925485610962
20230528,0.6541869640350342,1.2338472604751587,,3.010589599609375,1.2554662227630615,2.3079071044921875,2.83079195022583,0.968336284160614,0.912757158279419,0.46598348021507263,1.1993350982666016,1.630739450454712,1.9731849431991577,,0.9041284322738647,0.2623182535171509,0.3926374316215515
20230529,0.6687651872634888,1.4236735105514526,0.4355090260505676,1.340389609336853,0.6341081857681274,,1.1245020627975464,1.3667570352554321,0.8433175683021545,0.194130077958107,0.5590342283248901,2.8620903491973877,3.288980484008789,28.50484848022461,1.5603595972061157,0.5795507431030273,4.033059597015381
20230530,,1.209587574005127,1.0299575328826904,3.8954246044158936,,,,,,,,,,,,,
20230531,0.7067462801933289,4.020763874053955,1.60459303855896,4.847118377685547,2.032614231109619,,,,,1.4155848026275635,1.333315372467041,3.7775211334228516,,,0.9154940843582153,,
20230601,0.7306204438209534,1.4246346950531006,,,,,,,,,,,,,,,2.8064308166503906
20230602,0.7174391746520996,1.0579705238342285,1.0270527601242065,3.790705919265747,1.0678240060806274,,,,,0.5646987557411194,,,,,,,3.1587371826171875
20230603,0.6179302334785461,2.317652940750122,0.9858490228652954,3.2640552520751953,1.7994356155395508,,,,,0.8597665429115295,1.10614013671875,1.413661003112793,1.4779512882232666,,0.855987548828125,,
20230604,0.6072114706039429,,,1.8629589080810547,,,,,,1.0148711204528809,,,,,,0.5310803651809692,1.2698434591293335
20230605,0.6124759912490845,0.7824230790138245,0.5003372430801392,1.6542174816131592,0.597227156162262,,,,,0.3660430610179901,0.4516380727291107,,,,0.5334603786468506,0.9843886494636536,1.5967637300491333
20230606,0.9574835896492004,1.272930383682251,0.9588717818260193,2.179333209991455,0.8913633823394775,3.097820281982422,4.508251190185547,1.4273366928100586,1.3496495485305786,0.5575324892997742,1.1678318977355957,1.6844221353530884,1.4268072843551636,32.098758697509766,0.8589395880699158,0.40399444103240967,0.8129345774650574
20230607,0.5647284984588623,1.4467228651046753,1.1818149089813232,2.8479702472686768,0.8277431130409241,2.671398639678955,5.555411338806152,1.765062928199768,1.2092394828796387,0.4020620584487915,1.026261568069458,1.6438370943069458,2.346414804458618,,0.7919036746025085,,
20230608,0.7306298017501831,1.8567034006118774,1.40854012966156,2.4598212242126465,1.2113245725631714,1.742006778717041,4.1485066413879395,1.5741121768951416,1.5769895315170288,0.6723242998123169,0.6221495866775513,1.728514313697815,2.2622673511505127,,,0.36543363332748413,1.124416470527649
20230609,0.44683516025543213,0.9968567490577698,0.8311557769775391,2.66015362739563,0.951411247253418,2.7211830615997314,4.876920223236084,1.2111977338790894,2.0078015327453613,0.4637226164340973,1.157824158668518,2.1211397647857666,2.4892351627349854,22.881351470947266,0.743245542049408,0.46530696749687195,4.091818809509277
20230610,0.6001823544502258,0.9802839159965515,0.4397665858268738,1.9958772659301758,0.8306623697280884,2.8965249061584473,3.8441989421844482,1.298538088798523,,0.2767278850078583,0.48090988397598267,0.5518587827682495,3.5496931076049805,,0.8812910318374634,0.848518967628479,3.456578254699707
20230611,0.6454862952232361,1.2511615753173828,0.9175147414207458,1.8172168731689453,0.9240905046463013,,5.02286958694458,,0.8887358903884888,0.2808789610862732,0.43323445320129395,,,,0.5998807549476624,0.379524827003479,0.5861893892288208
20230612,0.7446342706680298,1.8946588039398193,0.7502886056900024,2.7572338581085205,1.0213401317596436,3.0537455081939697,5.592142105102539,,1.50282621383667,,,2.241995096206665,3.3327109813690186,,0.7680695056915283,0.42252376675605774,3.818979501724243
20230613,0.6747292876243591,1.125636339187622,1.0506210327148438,1.6939947605133057,0.954198956489563,2.784353017807007,2.0433828830718994,1.3277711868286133,1.6067556142807007,0.44948893785476685,1.353981852531433,2.3911325931549072,2.2817330360412598,18.63304328918457,1.2353492975234985,1.086107611656189,1.6448580026626587
20230614,0.7452318668365479,1.3108515739440918,2.011913776397705,3.2184078693389893,1.0117549896240234,,,,,0.5126306414604187,1.2045034170150757,,2.7609055042266846,21.663578033447266,0.8816527724266052,,2.5379798412323
20230615,0.6887639760971069,1.1450541019439697,0.9211656451225281,3.207885265350342,0.7146047353744507,,,,,0.6852183938026428,0.6394526362419128,1.8565292358398438,1.9728938341140747,22.974380493164062,1.0314247608184814,0.415787935256958,0.3208484351634979
20230616,0.7002748250961304,1.1734826564788818,1.078014612197876,2.4004013538360596,0.9770112037658691,2.7435290813446045,4.5711188316345215,1.4373433589935303,2.0503933429718018,0.5935563445091248,1.0769500732421875,1.4938485622406006,1.6645832061767578,22.838869094848633,1.1558648347854614,0.5230843424797058,1.3998117446899414
20230617,0.8122982382774353,0.7551658749580383,1.343949556350708,3.226247549057007,0.8458213806152344,,,,,0.7462034225463867,2.96136474609375,,,,,,1.872266173362732
20230618,0.7248191237449646,0.8755965232849121,1.3408650159835815,2.1570522785186768,0.8401907086372375,1.6253026723861694,3.510307550430298,1.1453797817230225,1.1519982814788818,0.4796289801597595,0.7950156927108765,1.6616052389144897,2.0822525024414062,13.862787246704102,1.2146186828613281,0.6487954258918762,1.6829673051834106
20230619,,,1.498978853225708,2.0030577182769775,1.0270062685012817,2.8332386016845703,,1.210720419883728,1.365229606628418,0.37415453791618347,1.0019341707229614,1.610603928565979,2.8726823329925537,,0.9828652739524841,0.6027694344520569,1.1802219152450562
20230620,0.5275008678436279,1.3486850261688232,1.7734763622283936,1.901382327079773,0.8234367966651917,,,,4.581846237182617,0.48323363065719604,,,1.9693845510482788,,,,3.100353717803955
20230621,0.6485913395881653,0.7761378884315491,,,,,,,,,,,,,,,3.32116436958313
20230622,0.4262213408946991,1.722139835357666,0.9446842670440674,2.778139114379883,,,,,,,,,,,,,
20230623,0.7251813411712646,0.7710055708885193,1.5432521104812622,2.355440139770508,0.9710618853569031,1.5816515684127808,5.573920249938965,1.3022605180740356,1.2170639038085938,0.424269437789917,0.7667531967163086,0.8957019448280334,2.053757905960083,16.247844696044922,0.729485273361206,0.3169180154800415,0.7947356700897217
20230624,0.8667044639587402,2.0433599948883057,1.727950930595398,2.6717817783355713,0.8495258092880249,,,,,,,,,,,0.5534428954124451,2.9731621742248535
20230625,0.784365177154541,1.278037190437317,1.8789745569229126,1.9818003177642822,1.1822118759155273,1.9767698049545288,4.965776443481445,1.0678720474243164,1.145237684249878,1.2272473573684692,2.9030892848968506,,3.260939598083496,,1.0123885869979858,0.2826501131057739,
20230626,1.8346434831619263,,1.041967749595642,,1.9475654363632202,,5.595630168914795,,2.196685791015625,0.9911579489707947,1.2009549140930176,1.5130586624145508,1.4946421384811401,14.370145797729492,1.3656296730041504,0.44880416989326477,1.2005693912506104
20230627,0.6921208500862122,,,,,,,,,,,,,,,,0.7831982374191284
20230628,0.5253946185112,0.8446944952011108,0.8065818548202515,2.2477707862854004,0.8357548713684082,1.9308860301971436,4.4815592765808105,0.9606501460075378,0.7813571691513062,0.3995552957057953,0.5163698196411133,,2.2058486938476562,,0.5102390646934509,0.33184733986854553,1.001551866531372
20230629,0.6295351982116699,1.0684566497802734,0.8402848839759827,1.936150312423706,0.8969520926475525,,3.994293212890625,0.7783418893814087,1.0439174175262451,0.5759211182594299,1.174796462059021,0.9211717844009399,1.4540876150131226,,0.8835956454277039,0.27489328384399414,0.25934913754463196
20230630,0.5241208672523499,1.0915007591247559,0.7260897755622864,1.8748207092285156,0.5829325318336487,,,0.7613836526870728,,0.2758030891418457,0.8907685875892639,,,,0.5323060750961304,0.2696416676044464,0.8861393332481384
20230701,0.4628565311431885,0.7169517874717712,0.9494620561599731,2.1570703983306885,0.9031261801719666,2.4584062099456787,4.296392440795898,1.3140983581542969,1.0407994985580444,0.463072270154953,0.9272682666778564,1.3679349422454834,1.7564516067504883,14.842037200927734,1.0157805681228638,0.43909159302711487,0.7182130813598633
20230702,0.4258682429790497,0.9892892241477966,,,,,,,,,,,,,,,
20230703,0.5385757088661194,1.021225094795227,0.6935986876487732,,,,,,,,,,,,,,
20230704,0.6717790961265564,0.9217793941497803,1.0524564981460571,2.207879066467285,0.9146199226379395,3.596442937850952,5.67861795425415,0.9694356918334961,1.0370196104049683,0.42791640758514404,1.281096339225769,0.7135209441184998,2.115837574005127,,1.2538663148880005,,
20230705,0.34942036867141724,0.33089178800582886,0.6894006133079529,2.628187894821167,,,,,,,,,1.9231642484664917,19.467941284179688,1.1934478282928467,0.49968546628952026,1.1310967206954956
20230706,0.5361500382423401,1.2394781112670898,0.7891562581062317,1.9771007299423218,0.9378119707107544,,,,,,,,,,,,2.5407352447509766
20230707,0.6257373094558716,1.2611204385757446,0.31759411096572876,2.501586437225342,1.028680443763733,2.024484395980835,4.491155624389648,1.2678097486495972,1.4327601194381714,0.3684108853340149,0.6959693431854248,1.655657410621643,2.5931644439697266,12.824115753173828,0.7929547429084778,,1.6375224590301514
20230708,0.4306310713291168,0.9915493130683899,0.5291487574577332,1.7048293352127075,0.8446080684661865,2.381019353866577,5.319620609283447,1.0411516427993774,,0.3198700249195099,1.0021498203277588,2.325366497039795,2.9835894107818604,11.873464584350586,1.1405346393585205,0.38901305198669434,2.0275936126708984
20230709,0.48330727219581604,0.5309318900108337,,1.0124199390411377,0.9081110954284668,,,0.5946469902992249,1.101883053779602,,,1.6007497310638428,4.2658185958862305,10.034156799316406,,,1.2561273574829102
20230710,0.49662187695503235,1.1139211654663086,0.7304234504699707,,0.7887029051780701,,1.1316235065460205,,0.376103013753891,0.3835066556930542,0.9432927370071411,0.9028001427650452,2.538766622543335,,0.7386842370033264,0.34579771757125854,
20230711,0.485902339220047,1.0260851383209229,1.0001075267791748,3.1772656440734863,0.9514107704162598,3.026867628097534,5.742103099822998,1.36309814453125,1.434756875038147,0.5841666460037231,1.5202590227127075,1.5838860273361206,,,0.3623684346675873,0.42970752716064453,1.2777072191238403
20230712,0.42045310139656067,0.9173684120178223,0.6655117869377136,2.6279218196868896,1.0121099948883057,2.374699592590332,6.252151012420654,1.1624621152877808,1.3396047353744507,0.6355145573616028,1.2259186506271362,1.50962495803833,1.5809850692749023,23.375368118286133,1.6381124258041382,0.7374774217605591,4.133359909057617
20230713,0.4528517723083496,0.9404252171516418,0.9739705324172974,2.767603874206543,1.0473647117614746,2.679074287414551,5.291655540466309,1.2305598258972168,1.404695987701416,0.6811984777450562,1.5486137866973877,2.3345351219177246,4.515735149383545,21.32565689086914,,,5.265301704406738
20230714,0.45823702216148376,0.8913325667381287,0.8227199912071228,2.511697769165039,0.8887221813201904,2.0472750663757324,4.852969646453857,1.1729676723480225,1.2573801279067993,0.6196532249450684,1.7644882202148438,1.5954482555389404,3.447699546813965,15.327887535095215,,,
20230715,0.5193102955818176,0.866254985332489,0.8467667698860168,1.3003344535827637,0.75786292552948,1.5670424699783325,6.164412498474121,0.9843660593032837,0.8054147362709045,0.5170615911483765,1.1413978338241577,1.122822642326355,2.044236183166504,,1.1651891469955444,0.445993572473526,0.5465289950370789
20230716,0.46865183115005493,0.9846894145011902,1.2374950647354126,2.8280584812164307,0.8620636463165283,2.2011845111846924,5.659360885620117,1.2831557989120483,1.4737547636032104,0.4116802215576172,1.3808884620666504,2.5805654525756836,,25.258495330810547,0.1608860045671463,0.19024768471717834,
20230717,0.445592999458313,0.9452502727508545,0.8302443027496338,2.449023485183716,0.7667592763900757,2.045330047607422,5.494104862213135,1.0068833827972412,1.1556884050369263,0.47150012850761414,1.1516839265823364,1.322583794593811,1.9150558710098267,24.02028465270996,2.062718629837036,0.7609631419181824,2.1861910820007324
20230718,0.4369274973869324,0.8269498348236084,0.7400400042533875,2.5894412994384766,0.8099526762962341,,,1.653529405593872,0.9247102737426758,0.4688359200954437,0.9927629828453064,1.6155027151107788,2.548034906387329,27.68208885192871,1.0940124988555908,0.44709551334381104,2.0532186031341553
20230719,0.45851612091064453,0.8061361312866211,0.7076895833015442,3.8536064624786377,1.2946281433105469,,,,1.908977746963501,3.662848949432373,,1.3110764026641846,4.819277763366699,16.609132766723633,2.58223819732666,1.0164813995361328,2.4945127964019775
20230720,0.47739526629447937,0.8699409365653992,0.8668241500854492,1.243502140045166,0.7958530187606812,,4.265876770019531,0.7765359878540039,0.8244993090629578,0.48873358964920044,0.9488475918769836,1.08457350730896,2.677398920059204,,0.9646241068840027,0.3660947382450104,
20230721,0.4895692765712738,0.7308129072189331,0.4558623433113098,2.126915693283081,0.6877405047416687,,6.69596004486084,0.7624965310096741,0.9690971970558167,0.5440400838851929,0.8149760961532593,1.1984586715698242,2.526710033416748,14.887182235717773,0.6707465648651123,0.3276158273220062,1.2531644105911255
20230722,0.4634498655796051,0.8346549868583679,0.5556533336639404,,0.4519900977611542,,,,,0.24989981949329376,,,,14.47508430480957,,,0.5082072615623474
20230723,0.38383951783180237,0.6977240443229675,,1.885802984237671,,2.527158260345459,1.359615445137024,,,,,,,,0.22473114728927612,0.1708834320306778,0.8926717042922974
20230724,0.408169150352478,0.6742134094238281,0.36586326360702515,1.6456167697906494,0.5449329614639282,1.264650583267212,3.0579276084899902,0.8185317516326904,0.4690742492675781,0.3063492476940155,0.2880230247974396,2.6771857738494873,,,,,0.6176206469535828
20230725,0.42185893654823303,0.9126445651054382,0.8579391241073608,2.083564043045044,0.752133846282959,2.2661075592041016,6.082507610321045,1.1198596954345703,1.0402567386627197,,,,2.663896322250366,17.10727882385254,0.25220561027526855,,
20230726,0.4560777544975281,0.8896080255508423,0.6036956906318665,1.7125444412231445,0.6027905941009521,1.7784312963485718,5.546228885650635,0.7526255249977112,0.8808046579360962,0.3615485429763794,0.8455000519752502,1.181502342224121,1.2172880172729492,17.082338333129883,1.2642099857330322,,
20230727,0.4468866288661957,0.5955358743667603,1.5285828113555908,,0.6907127499580383,,,,,,,,,,,0.6521952152252197,1.690732717514038
20230728,0.46766987442970276,0.680167555809021,0.5431790351867676,2.901975154876709,0.4957212507724762,,,0.609394907951355,,0.34488943219184875,0.6669241189956665,0.4955407381057739,2.7009570598602295,,0.5987691283226013,0.38762980699539185,1.2941522598266602
20230729,0.46181997656822205,0.8920854926109314,0.7581018209457397,2.3527162075042725,0.8477830290794373,2.584359645843506,5.445854663848877,0.928083598613739,0.8969075679779053,0.43061572313308716,0.8285216689109802,1.0722787380218506,1.8848835229873657,18.767906188964844,0.6156298518180847,0.31581202149391174,1.7347099781036377
20230730,0.3986320197582245,0.7607736587524414,0.42571821808815,2.9832708835601807,0.5702028870582581,,3.866467237472534,,,0.3264578878879547,0.5792378187179565,0.49895942211151123,1.6841615438461304,,0.659447968006134,0.3173832595348358,0.8888385891914368
20230731,0.3702072501182556,0.7925994396209717,0.23194122314453125,2.4740254878997803,0.36223068833351135,,,,,0.2247643619775772,,,1.3215909004211426,,0.7108099460601807,0.37670302391052246,1.6046953201293945
20230801,0.4014849066734314,0.7857211232185364,0.4602730870246887,2.8628382682800293,0.8080792427062988,1.293282389640808,3.7201764583587646,0.6830750703811646,1.0086921453475952,0.3373262584209442,0.7539166808128357,0.5639537572860718,1.4811195135116577,12.196639060974121,0.9355795383453369,0.3933577537536621,0.49324896931648254
20230802,0.4171883761882782,0.8642170429229736,0.6940230131149292,2.8314476013183594,0.7801389098167419,2.557319164276123,7.426739692687988,1.0009732246398926,0.997767984867096,0.49228399991989136,1.0846366882324219,1.0253394842147827,1.5713739395141602,21.344615936279297,0.8654562830924988,0.5091072916984558,1.424633264541626
20230803,,,,2.9304914474487305,1.0895593166351318,1.7349475622177124,5.619044303894043,0.8991848230361938,0.9545279741287231,0.9035751223564148,1.0776093006134033,0.7563558220863342,2.3067827224731445,14.837352752685547,1.3830010890960693,0.8513293266296387,2.5255846977233887
20230804,0.7627103328704834,0.4384456276893616,0.33312857151031494,1.6881078481674194,0.727773129940033,1.2421159744262695,5.44858455657959,0.5523602962493896,0.5825921893119812,0.4315711557865143,0.4422251582145691,0.5562355518341064,1.0579450130462646,,1.0767788887023926,0.25362682342529297,1.0761418342590332
20230805,0.4842756986618042,1.2565580606460571,0.32606837153434753,1.7643271684646606,0.4886218011379242,1.297814965248108,2.3916003704071045,1.068442940711975,0.4622551202774048,0.2555675804615021,0.48335132002830505,0.6500700116157532,1.8636211156845093,,0.7455936074256897,0.3388921320438385,1.235443115234375
20230806,0.4699566066265106,1.2068663835525513,0.48754990100860596,2.383272171020508,0.5567864775657654,,,,,2.238290309906006,0.8060334324836731,,,,1.3948185443878174,,
20230807,0.4404876232147217,0.803210973739624,0.731972873210907,2.4656612873077393,0.7911658883094788,2.4674370288848877,6.654060363769531,1.0328344106674194,1.0155013799667358,0.40250441431999207,0.9938574433326721,1.515028715133667,1.3133318424224854,21.81410026550293,0.8395419716835022,0.2797299325466156,0.7772898077964783
20230808,0.4500569701194763,0.8313443660736084,0.7148074507713318,2.410783052444458,0.7375574707984924,2.585942268371582,8.224576950073242,0.991393506526947,1.05427086353302,0.4171195328235626,0.9179299473762512,1.2845500707626343,1.230348825454712,19.46491813659668,0.8483985066413879,0.45345133543014526,2.1409876346588135
20230809,0.45697203278541565,1.224302887916565,,2.12414288520813,0.7924890518188477,2.4007294178009033,5.894132137298584,0.828177273273468,0.9933849573135376,,0.8861837387084961,1.1858700513839722,1.383951187133789,17.705490112304688,0.8053975701332092,0.4601038098335266,1.6138588190078735
20230810,0.5392101407051086,1.4734538793563843,,1.7376405000686646,0.49754637479782104,,,,0.5413774847984314,,,,,9.328158378601074,0.30493056774139404,0.29796576499938965,0.46276527643203735
20230811,0.39867231249809265,1.9912980794906616,,1.9706822633743286,0.8381900191307068,2.5151093006134033,6.970158576965332,,,,,,,,,,
20230812,,,0.27459102869033813,3.7520065307617188,,,,,,0.22251108288764954,,,,,0.36082470417022705,0.3855573832988739,0.47987717390060425
20230813,0.4813650846481323,0.9022800922393799,0.33148089051246643,,0.3427669107913971,,,0.30869144201278687,,0.26777684688568115,0.3961607813835144,0.4501561224460602,0.8844707012176514,,1.2134344577789307,0.43784308433532715,1.1312189102172852
20230814,0.3422239124774933,0.5899228453636169,0.5976095199584961,2.103337049484253,0.6197237968444824,,6.42219352722168,1.5094910860061646,0.592718243598938,0.303806871175766,0.8331916332244873,1.269596815109253,1.1574229001998901,18.630956649780273,0.8124504089355469,0.35989391803741455,0.9724465608596802
20230815,0.39120543003082275,0.6876131892204285,0.5755565762519836,2.236048460006714,0.5553341507911682,1.9528385400772095,5.222472190856934,0.7735076546669006,0.7333102226257324,0.3120885491371155,0.9047614932060242,1.3646970987319946,0.9450368881225586,19.824295043945312,0.6747478246688843,0.3486807346343994,1.4845105409622192
20230816,0.3496502637863159,0.7429476976394653,0.4894624650478363,2.8792617321014404,0.6262339353561401,,,,0.8149122595787048,0.30531245470046997,1.1512393951416016,3.950199604034424,1.5651061534881592,17.00954818725586,1.0182000398635864,0.43743348121643066,1.6593449115753174
20230817,0.3613642752170563,0.6634166836738586,0.6430243849754333,,0.7196018099784851,,,,,,,,,,0.3152353763580322,0.2956707179546356,
20230818,0.31563642621040344,0.7164574861526489,0.31765779852867126,,0.5518194437026978,,,0.6026726365089417,1.145857810974121,0.2742355167865753,0.4857858717441559,1.3976877927780151,1.8060295581817627,11.606008529663086,0.9106931686401367,0.48215338587760925,1.7973674535751343
20230819,0.3068125545978546,0.7424902319908142,0.3759940266609192,1.8204460144042969,0.38275983929634094,,,,,,0.6095908880233765,2.569629192352295,,10.739314079284668,,,0.5510246753692627
20230820,0.29801297187805176,0.7123342752456665,0.2762373983860016,2.4233434200286865,0.49784237146377563,,,,0.6538769602775574,0.22896359860897064,0.4107394218444824,1.4298696517944336,2.628918409347534,,0.5246441960334778,0.19740018248558044,2.1268019676208496
20230821,0.31511998176574707,0.48471924662590027,0.49833136796951294,2.3687241077423096,0.605449378490448,2.44199275970459,5.317221641540527,0.6942688226699829,0.6775850057601929,0.3369656503200531,0.5905799865722656,,1.0780035257339478,,,0.24207673966884613,1.5659894943237305
20230822,0.3464512526988983,1.034177303314209,0.7904641628265381,2.204979181289673,0.7159402966499329,1.7975903749465942,4.940351486206055,0.8524327874183655,0.9609174728393555,0.5619400143623352,0.8668624758720398,1.1617236137390137,1.4592357873916626,15.040422439575195,2.356743574142456,0.4631376564502716,0.5479145050048828
20230823,0.3567620515823364,0.8470301032066345,0.25282686948776245,2.014787435531616,0.7655654549598694,,,,,0.2512478828430176,0.5777371525764465,0.5415591597557068,1.4038833379745483,,0.9248411655426025,0.43190914392471313,0.6398627161979675
20230824,0.31398606300354004,0.7485402226448059,0.5231354236602783,2.2541627883911133,0.6333109736442566,2.3848092555999756,6.410833835601807,0.8776072263717651,0.9910562634468079,0.38680896162986755,0.99692702293396,1.1839210987091064,1.4140651226043701,14.09691333770752,0.9834229946136475,0.5663897395133972,1.690800428390503
20230825,0.23717112839221954,0.9377142190933228,0.44982844591140747,2.1313459873199463,0.5670929551124573,2.256056070327759,6.657259941101074,0.8604222536087036,0.8831565976142883,0.28847870230674744,0.7516067028045654,1.2416200637817383,1.3377658128738403,16.621036529541016,1.3227206468582153,,3.7923245429992676
20230826,0.28565913438796997,0.8115906715393066,0.29402095079421997,2.1793594360351562,0.7182955741882324,2.2483577728271484,4.979648590087891,0.7420934438705444,0.6825979351997375,,0.5143585205078125,,,,1.0677791833877563,,
20230827,0.3001914620399475,0.842718780040741,0.6185070872306824,1.89352285861969,0.5267626047134399,,,1.0885448455810547,0.6370381712913513,0.31257402896881104,0.5056232213973999,0.545625627040863,0.9457523822784424,,0.7963066697120667,0.2968935966491699,2.2462618350982666
20230828,0.3052544593811035,0.8133692145347595,2.313617706298828,2.5108020305633545,0.6761462092399597,2.4589498043060303,6.134810447692871,0.7851504683494568,0.9314095377922058,0.3462379276752472,0.7329171895980835,1.979597568511963,1.2300026416778564,19.784643173217773,1.321249008178711,,1.0106115341186523
20230829,,,0.5512536764144897,,0.34680086374282837,,,,,,,0.7493323683738708,0.8295803070068359,,,,
20230830,,0.5070054531097412,0.25872573256492615,1.7626103162765503,0.502541720867157,,,0.5271775126457214,0.4650052785873413,0.2141394168138504,,0.47807860374450684,0.5913898944854736,,0.6571372747421265,0.28969553112983704,0.4618869423866272
20230831,0.26674309372901917,0.5378305912017822,0.313876748085022,1.7354238033294678,0.43124717473983765,,4.639553546905518,0.5130566358566284,0.5187262892723083,0.22546839714050293,0.5358466506004333,0.8868921995162964,1.157633900642395,8.556723594665527,0.6080537438392639,0.25000301003456116,0.746380627155304
20230901,0.3306986093521118,0.6681877374649048,0.24278594553470612,2.7559375762939453,0.516954779624939,2.4202704429626465,6.422309398651123,0.44425883889198303,0.6344356536865234,0.20725396275520325,0.6058830618858337,0.38556089997291565,,,0.296228289604187,0.4012033939361572,0.4659765362739563
20230902,0.30718421936035156,0.7044487595558167,0.5431155562400818,2.882749557495117,0.5712218880653381,2.501278877258301,6.361124038696289,0.8769978880882263,0.8023263812065125,0.34559088945388794,1.1574084758758545,0.9883034229278564,1.2338366508483887,12.549158096313477,0.73907470703125,0.3312317132949829,1.4303319454193115
20230903,0.28786975145339966,0.3396114706993103,,2.6542861461639404,0.6241984367370605,2.161531925201416,7.127721786499023,0.7673201560974121,0.7404412031173706,0.35805583000183105,0.9142677783966064,0.9191879630088806,1.1677639484405518,12.147171020507812,1.0032720565795898,0.5260080695152283,1.8606109619140625
20230904,0.38226649165153503,0.7949550747871399,0.4233797490596771,1.8834198713302612,0.5507957339286804,2.1041343212127686,5.486386775970459,0.60545414686203,0.7593719363212585,0.28246915340423584,0.5183202028274536,0.7195526957511902,1.2746504545211792,9.043209075927734,1.1304196119308472,0.40803372859954834,
20230905,0.3803936839103699,0.7224553823471069,0.27054864168167114,1.8446927070617676,0.47217831015586853,1.9415532350540161,4.862910270690918,0.49306005239486694,0.7389037609100342,0.289584755897522,0.7047581672668457,0.7893668413162231,1.4789462089538574,7.68087911605835,0.8646639585494995,0.38197198510169983,1.1236952543258667
20230906,0.3621346950531006,0.6576855778694153,0.5402700901031494,2.0113542079925537,0.534769594669342,1.7959307432174683,5.77686882019043,0.7484011650085449,0.8105921745300293,0.31985828280448914,0.7830817103385925,0.8077387809753418,1.262183427810669,9.121713638305664,0.8618664145469666,0.4473055303096771,1.4856116771697998
20230907,0.340154767036438,0.6541220545768738,0.39114615321159363,2.0139994621276855,0.5899953246116638,,4.891507625579834,0.626011312007904,0.9495747089385986,0.37188076972961426,1.1111087799072266,0.9047432541847229,1.1141459941864014,,,,
20230908,0.3355874717235565,0.6231287121772766,0.37835562229156494,2.515702724456787,0.9011005163192749,2.038904905319214,5.015625,0.8048760294914246,1.405029058456421,0.31207504868507385,0.9296806454658508,,3.613421678543091,10.137594223022461,1.7355581521987915,,0.5599983334541321
20230909,0.4209868609905243,0.7412981986999512,0.5185237526893616,1.8738515377044678,0.5728176236152649,2.1284804344177246,3.7224230766296387,0.4125857651233673,1.0538880825042725,,,,,,0.3949936628341675,0.21398134529590607,1.048685073852539
20230910,0.4093289077281952,0.6472958326339722,0.4646499752998352,1.8848214149475098,0.5953757762908936,2.074521780014038,3.658871650695801,0.7570528388023376,0.9176305532455444,0.3947300314903259,0.88602215051651,1.1552953720092773,2.0040550231933594,9.781949996948242,0.9301764369010925,0.5151911377906799,0.9078367948532104
20230911,0.36855125427246094,0.6882479786872864,0.4703082740306854,1.8678078651428223,0.5229991674423218,1.7238363027572632,4.562226295471191,0.637768030166626,0.7651872634887695,0.32549116015434265,0.7510372996330261,1.1613637208938599,1.3330549001693726,7.918992519378662,1.412728190422058,0.45447203516960144,2.86784029006958
20230912,0.3670695126056671,0.7388166785240173,0.5858294367790222,1.871512532234192,0.5158454179763794,1.6859235763549805,3.655381917953491,0.6546546220779419,0.760303795337677,0.3896102011203766,0.6766248345375061,1.0978037118911743,1.297305703163147,8.893077850341797,0.802433967590332,0.4390857219696045,1.4157572984695435
20230913,0.35829904675483704,0.6458985209465027,0.4257150888442993,2.416351318359375,0.503130316734314,2.0432498455047607,4.747195243835449,0.7467749118804932,0.732700526714325,0.2643185555934906,0.4367190897464752,1.4540553092956543,1.6281983852386475,10.593706130981445,,0.5501959919929504,
20230914,0.3216093182563782,0.30519136786460876,0.526229202747345,,0.6674687266349792,,,,,,,,,,,,
20230915,0.30166900157928467,0.5110353231430054,0.4175199866294861,2.1102559566497803,0.44298985600471497,1.8096740245819092,5.3228440284729,0.6454311609268188,0.7164359092712402,0.2669401168823242,0.7916492223739624,0.6972684264183044,1.100051999092102,8.155007362365723,0.9587130546569824,0.5264971852302551,1.1728262901306152
20230916,0.2928689122200012,0.5227336883544922,0.3917824327945709,2.159862518310547,0.440499484539032,1.930970311164856,5.931572914123535,0.6682410836219788,0.6944546103477478,0.25814899802207947,0.6686621904373169,0.6010835766792297,1.1746820211410522,8.374695777893066,1.0390828847885132,0.5359765887260437,1.03855299949646
20230917,0.35770297050476074,0.34717074036598206,,2.1317296028137207,0.7102094292640686,1.7926383018493652,4.302134990692139,0.9523341655731201,0.6959878206253052,,0.487152636051178,0.7025654911994934,0.8155663013458252,6.9244890213012695,0.5266860127449036,0.41447946429252625,1.1653850078582764
20230918,0.2992590665817261,1.5485122203826904,,2.353048801422119,0.7297072410583496,,,,,,,,,,0.7851009964942932,0.43950003385543823,0.6496187448501587
20230919,0.27516838908195496,0.6077740788459778,0.3914574980735779,2.1128413677215576,0.4870278239250183,2.0569229125976562,6.793673038482666,0.7622897624969482,0.7567145228385925,0.25303706526756287,0.611587405204773,0.8146100044250488,1.342610478401184,9.358417510986328,1.2520911693572998,0.445959210395813,1.4626967906951904
20230920,0.2657817304134369,0.7101919054985046,0.2806386649608612,2.270427942276001,0.4971431791782379,,,0.6394172310829163,0.7370644807815552,0.2208353579044342,0.3043960630893707,0.32711490988731384,,,0.5574860572814941,,
20230921,0.2266567498445511,0.8225114941596985,0.3812567889690399,1.9971537590026855,0.47011202573776245,2.1841087341308594,5.2194600105285645,0.7387112975120544,0.9119976162910461,0.26901447772979736,0.7375466823577881,0.6274957656860352,1.7638201713562012,7.278561592102051,1.0988930463790894,0.35243937373161316,1.163632869720459
20230922,0.26862937211990356,0.6153244972229004,0.4320802688598633,2.0275135040283203,0.4986725151538849,2.110379457473755,5.753839015960693,0.722226619720459,0.8583067655563354,0.2694724500179291,0.7079209685325623,0.765713632106781,1.2303926944732666,8.202736854553223,1.1489144563674927,0.5517597794532776,2.0508182048797607
20230923,0.26253771781921387,0.743643045425415,0.5202683210372925,2.039029598236084,0.5461651682853699,1.959861397743225,5.520870208740234,0.6597177982330322,0.7954443693161011,0.32664912939071655,0.9317441582679749,0.8939114212989807,1.0174484252929688,7.913198471069336,0.9442170858383179,0.43596023321151733,1.242796778678894
20230924,,1.7391512393951416,0.6813240051269531,2.2920632362365723,0.49519044160842896,2.432173490524292,7.699036598205566,0.9039396047592163,0.8367599248886108,0.2839929461479187,0.8268961310386658,0.9114298820495605,1.3490489721298218,9.062114715576172,1.168416142463684,0.45921894907951355,1.3247581720352173
20230925,0.3749625086784363,0.6523622870445251,0.6339048147201538,1.9961166381835938,0.4570162296295166,1.7283486127853394,5.1043243408203125,0.6740970611572266,0.7530446648597717,,0.4185556173324585,1.4162178039550781,0.7914339303970337,6.190059661865234,1.1525245904922485,0.3131274878978729,1.3275361061096191
20230926,0.2574087977409363,,,2.0873186588287354,0.4701007604598999,1.725705862045288,4.563634395599365,0.6184694766998291,0.7287188768386841,0.26648232340812683,0.7352321743965149,1.0633758306503296,0.9036545753479004,8.569070816040039,1.216931939125061,0.48145046830177307,0.8909580111503601
20230927,0.3079638183116913,0.6026047468185425,0.4192635715007782,1.7098089456558228,0.4010510742664337,2.2460854053497314,3.563467025756836,0.6252434253692627,0.6190876364707947,0.2475976198911667,0.8249375224113464,0.7086560130119324,0.9595098495483398,7.0583391189575195,1.2382060289382935,0.39093759655952454,1.1197689771652222
20230928,0.3122285008430481,0.6674957275390625,0.497348427772522,1.9502419233322144,0.42639684677124023,2.052473306655884,3.9654946327209473,0.59188312292099,0.6276960968971252,0.2605300843715668,0.7774217128753662,0.8533491492271423,1.321421504020691,8.01793098449707,1.0869348049163818,0.7090525031089783,1.2900643348693848
20230929,0.29579660296440125,0.6158789396286011,0.41257554292678833,2.2393369674682617,0.4295790493488312,2.51410174369812,5.343028545379639,0.7099167108535767,0.6899681091308594,0.24194464087486267,0.9310295581817627,0.7235767245292664,1.0221940279006958,10.768305778503418,0.9777491688728333,0.5950366258621216,1.239748477935791
20230930,0.3037140369415283,0.5001614689826965,0.42163532972335815,2.109541893005371,0.4262101650238037,2.624577760696411,5.417710781097412,0.6644481420516968,0.7171298861503601,0.24366742372512817,0.7167843580245972,0.790030300617218,0.9594981670379639,8.697347640991211,0.8544471263885498,0.4864984154701233,0.7896942496299744
20231002,0.29923343658447266,0.3355388045310974,0.4006339907646179,2.0322892665863037,0.4379987120628357,2.174956798553467,5.303246974945068,0.7064988613128662,0.675953209400177,0.23969103395938873,0.7273555994033813,0.5623999238014221,1.024350643157959,9.1792573928833,0.7952979803085327,0.5144821405410767,1.1493799686431885
20231003,0.33240655064582825,1.1214971542358398,0.5207582712173462,1.8622347116470337,0.4948774576187134,,,1.058382511138916,,0.221258744597435,0.36764639616012573,,1.0453075170516968,,,0.2853642404079437,
20231004,0.3231618106365204,0.603617250919342,0.3639554977416992,2.1780574321746826,0.473286509513855,,5.16236686706543,0.9135594367980957,1.0181907415390015,0.24067620933055878,0.4715411961078644,0.462190717458725,1.442923903465271,7.188458442687988,0.7705117464065552,0.4727347791194916,1.5581918954849243
20231005,0.33825773000717163,0.7050157785415649,0.2777958810329437,1.8578073978424072,0.3890064060688019,,,,,,,,,,,,
20231006,0.31085067987442017,0.6557276844978333,0.21240080893039703,1.5229225158691406,0.3661211133003235,2.605501413345337,4.416762828826904,0.6993220448493958,0.7534037828445435,0.23857252299785614,,0.6289076209068298,1.5720568895339966,7.239180564880371,0.6122952699661255,0.3473780155181885,0.5704984068870544
20231007,0.3659105896949768,0.6193827390670776,0.410015344619751,1.8913013935089111,0.48375818133354187,2.325716257095337,2.802140235900879,0.8682302832603455,0.8080905079841614,0.23431716859340668,0.6581831574440002,0.8074234127998352,1.528686285018921,7.4877800941467285,,0.3101649582386017,0.437803715467453
20231008,0.3612979054450989,0.6417002081871033,0.4375673532485962,1.7180269956588745,0.5308276414871216,2.635573387145996,5.277108192443848,0.7443808913230896,0.7454586029052734,0.27484825253486633,0.5675326585769653,0.37387654185295105,0.8826005458831787,,0.7263042330741882,0.29584115743637085,2.695350408554077
20231009,0.3343353271484375,0.7143726944923401,0.47384756803512573,1.8463115692138672,0.5114744901657104,2.5995731353759766,4.587984085083008,0.6012651920318604,0.6640974283218384,0.29748740792274475,0.7404806613922119,0.7436950206756592,1.7417175769805908,7.644196033477783,0.8928706049919128,,0.9640659093856812
20231010,0.3225204348564148,0.6406322717666626,0.47019052505493164,2.111154794692993,0.4832949936389923,2.0435612201690674,4.59021520614624,0.6074557900428772,0.6130738854408264,0.29584774374961853,0.790296196937561,0.7790163159370422,1.6889846324920654,7.705347537994385,1.1727362871170044,0.42453533411026,1.776619791984558
20231011,0.32249826192855835,0.31716009974479675,0.34849655628204346,2.212001085281372,0.5626264214515686,2.3382418155670166,5.337486267089844,,0.68202143907547,0.29960712790489197,1.3671112060546875,,0.8033120036125183,,0.9057207703590393,0.5758084654808044,1.3229824304580688
20231012,0.32317230105400085,0.7469297647476196,0.3399238586425781,2.031045436859131,0.5002997517585754,1.2365670204162598,3.4108519554138184,0.6053925156593323,0.7257344722747803,0.25334981083869934,0.576149046421051,0.6211496591567993,1.8241804838180542,7.025150299072266,0.6117186546325684,0.30341964960098267,0.4221581518650055
20231013,0.31976398825645447,1.018221378326416,0.6616727113723755,1.937970757484436,0.44956228137016296,,4.198392391204834,0.6142116189002991,0.6106489300727844,,0.6382351517677307,,1.023625373840332,,0.7565094232559204,,
20231014,0.3750454783439636,2.852489471435547,0.28816741704940796,1.999526023864746,0.5066239237785339,,,0.519052267074585,0.6304420232772827,0.3242814540863037,,,,6.3898844718933105,0.6060484051704407,0.3172184228897095,0.6577770113945007
20231015,,0.5532209277153015,0.24655494093894958,2.5266366004943848,0.4482820928096771,,,,,,,,,,0.38997119665145874,0.5943318605422974,
20231016,0.28893277049064636,1.3039382696151733,0.37570399045944214,2.627842664718628,0.7561537623405457,,6.231452941894531,,0.747579038143158,0.2561477720737457,,,1.8990558385849,,0.4739011526107788,0.35770565271377563,0.7936916351318359
20231017,0.29441186785697937,0.5343912839889526,0.435027152299881,2.1483027935028076,0.4836914837360382,2.9849863052368164,4.728256702423096,0.6550571322441101,0.6673393249511719,0.2915163040161133,0.8393855690956116,0.7742316126823425,1.174696445465088,7.445616722106934,0.8637722730636597,0.3576189875602722,1.1269094944000244
20231018,0.30663037300109863,0.5959379076957703,0.40801694989204407,2.1688005924224854,0.4351576268672943,2.691401243209839,3.533173084259033,0.6636989116668701,0.5998796820640564,0.2823438346385956,0.7993611693382263,0.7455187439918518,1.0020334720611572,7.276360034942627,0.6161267757415771,0.33841776847839355,1.1826533079147339
20231019,,0.7030786871910095,0.473832368850708,2.1941893100738525,0.48821133375167847,2.8554883003234863,5.224632740020752,0.6894227266311646,0.6068696975708008,0.2889149785041809,0.7124627232551575,0.7077469229698181,0.730648398399353,,0.6174964308738708,0.3001362979412079,0.8027915358543396
20231020,,,,2.2395479679107666,,,,,,,,,,,,,2.2408649921417236
20231021,0.30127599835395813,0.4928422272205353,0.37711137533187866,2.4099221229553223,0.4525037109851837,,3.749790906906128,0.44237270951271057,0.49407854676246643,0.23122894763946533,0.5316070318222046,0.5122750401496887,0.6488350033760071,,0.6007854342460632,0.22773469984531403,0.5111923217773438
20231022,,,0.6357057690620422,1.9135479927062988,0.455409437417984,2.396481513977051,4.730132579803467,0.7724348306655884,0.6462118625640869,0.28276652097702026,1.163130760192871,,,,,,
20231023,0.362377792596817,0.29225054383277893,0.783338189125061,,,,3.6947076320648193,,1.0014835596084595,,0.4116606116294861,,,,1.4658452272415161,0.38573428988456726,1.9520601034164429
20231024,0.35553544759750366,0.4373103082180023,0.4754275679588318,1.639129400253296,0.47499650716781616,2.1103386878967285,3.680102586746216,0.5654580593109131,0.9311791658401489,0.3222220242023468,0.32333704829216003,,3.413546323776245,7.599305152893066,0.5101674199104309,0.4265860319137573,0.38118091225624084
20231025,0.32498183846473694,0.5848355293273926,0.35438966751098633,2.2112534046173096,0.5136651396751404,,4.938864707946777,0.6442635655403137,0.9118037223815918,0.31749749183654785,0.6226614117622375,1.2788158655166626,2.4510462284088135,7.355861663818359,0.5894352197647095,0.33826306462287903,0.4453551471233368
20231026,0.3670509159564972,0.6572774648666382,0.4462319016456604,1.9316670894622803,0.44457560777664185,1.8919620513916016,3.6045188903808594,0.6366036534309387,0.5490252375602722,0.2688615620136261,0.37428081035614014,,2.2951481342315674,,0.7490888237953186,,0.5660809278488159
20231027,0.7536770105361938,0.7765624523162842,0.5061256885528564,1.8725913763046265,0.46217086911201477,2.5892391204833984,4.486114501953125,0.6102985143661499,0.5509594082832336,0.31363198161125183,0.8885266780853271,0.9400628805160522,1.1559618711471558,7.655129909515381,0.4715282917022705,0.3355475068092346,1.1055059432983398
20231028,,0.848035991191864,0.5444472432136536,2.241105556488037,0.444923460483551,2.515787363052368,3.401273012161255,0.5802903771400452,0.5478562116622925,0.2686876952648163,0.7800092697143555,0.7701820731163025,2.806605577468872,7.187826156616211,0.6927811503410339,0.402034193277359,1.0143812894821167
20231029,0.29505905508995056,0.9130690693855286,0.3989320695400238,1.6344724893569946,0.41545769572257996,2.0489563941955566,3.1284730434417725,0.5384964346885681,0.40634217858314514,0.1986904889345169,0.8023759722709656,,,,,,2.040457010269165
20231030,0.26274311542510986,0.5645613074302673,0.29871857166290283,2.084536552429199,0.45986685156822205,3.3266236782073975,4.675772666931152,0.5778212547302246,0.48937585949897766,0.25986936688423157,0.4077131152153015,0.7699704766273499,1.3905153274536133,,0.47129377722740173,0.27226144075393677,
20231031,0.24306054413318634,1.2324036359786987,0.46027687191963196,2.269165277481079,0.4619896709918976,2.1290462017059326,3.8704686164855957,0.6779594421386719,0.6420321464538574,,0.45961010456085205,,,11.395366668701172,0.8620588779449463,0.26624223589897156,0.5281074643135071
20231101,0.3085552752017975,0.5548650622367859,0.44855937361717224,2.2181241512298584,0.48223939538002014,2.2580831050872803,4.5931501388549805,0.7086626291275024,0.5378733277320862,0.2616995573043823,0.9843815565109253,1.998708963394165,1.6844643354415894,7.513366222381592,1.678421974182129,0.2590629458427429,0.3254917860031128
20231102,,,,2.07315731048584,0.47030872106552124,,,0.7756829857826233,0.4293125569820404,0.2611748278141022,1.5664324760437012,0.9200389981269836,2.677036762237549,8.878149032592773,2.795419454574585,,
20231103,0.38593927025794983,0.7067311406135559,0.550819456577301,2.58546781539917,0.47818219661712646,2.716289758682251,2.1255879402160645,0.5773119330406189,0.4943620562553406,0.2548111379146576,0.43454280495643616,,1.2425898313522339,,0.7409005165100098,0.28258275985717773,1.6117342710494995
20231104,0.33450713753700256,0.692362368106842,0.5112512707710266,2.0875017642974854,0.479059636592865,2.1516106128692627,4.199386119842529,0.6102372407913208,0.5849976539611816,0.2599617838859558,0.9911993145942688,1.242383360862732,1.4742074012756348,9.148649215698242,0.865618109703064,0.2378017008304596,1.6970423460006714
20231105,0.3292537033557892,0.961940348148346,0.4078853130340576,2.280487060546875,0.6691709756851196,2.4358956813812256,3.4425482749938965,0.609572172164917,0.5512664318084717,0.3085198700428009,0.8777221441268921,1.1148988008499146,1.4123010635375977,9.790366172790527,0.8468936085700989,0.36854201555252075,0.9202365875244141
20231106,0.29144206643104553,0.6056729555130005,0.5041396617889404,1.9346295595169067,0.4290761649608612,2.208757162094116,3.222923994064331,0.6126118898391724,0.5419736504554749,0.2700413763523102,1.468935489654541,,1.37778902053833,8.498866081237793,0.43679729104042053,0.31128883361816406,0.6959255933761597
20231107,0.2549239993095398,0.6164066791534424,0.4737236797809601,1.8907082080841064,0.43120449781417847,2.1492629051208496,3.946389675140381,0.5509084463119507,0.5746757984161377,0.26389414072036743,0.815560519695282,1.0049197673797607,1.1525949239730835,8.94621467590332,0.6773326396942139,0.2748089134693146,0.6928892731666565
20231108,0.2799641788005829,0.6028650999069214,0.38991427421569824,1.2606456279754639,0.4263583719730377,,1.9628634452819824,0.6416036486625671,0.4193577170372009,0.2746029198169708,0.7692269682884216,,1.3245079517364502,,0.6854743957519531,,
20231109,0.38589420914649963,0.6508713364601135,0.4652143120765686,1.9729937314987183,0.4007949233055115,1.7999227046966553,3.1783900260925293,0.5179648995399475,0.49672937393188477,0.26019757986068726,0.6621736884117126,0.8997076153755188,1.5829492807388306,11.503750801086426,0.5975848436355591,0.24690939486026764,1.2019809484481812
20231110,0.26721033453941345,0.35813701152801514,0.46731242537498474,2.323176622390747,0.3874596655368805,2.0099968910217285,,1.0675392150878906,,0.31590259075164795,0.39867421984672546,0.6646407842636108,0.3681226074695587,,0.9531946182250977,0.30035364627838135,1.9805485010147095
20231111,,0.49125614762306213,0.4011487662792206,2.2693679332733154,0.3664492070674896,,,,,0.3148031532764435,0.5499970316886902,0.38989338278770447,1.0841351747512817,,0.7461212277412415,0.2570839524269104,0.9702681303024292
20231112,,1.8237723112106323,0.2221098691225052,3.1060564517974854,0.3376164138317108,,,,,0.3539491593837738,1.2205756902694702,,0.8707531690597534,,,0.18166950345039368,
20231113,,,,,,,,,,,,,1.0571132898330688,,0.6505185961723328,0.25035154819488525,1.128529667854309
20231114,0.3171808123588562,0.6949925422668457,0.42072591185569763,2.6293869018554688,0.3695409297943115,1.4838696718215942,1.5692452192306519,0.7559686899185181,0.7145490050315857,0.2637113332748413,0.5381817817687988,,,,1.1753981113433838,0.2704986035823822,
20231115,0.45689132809638977,0.6074052453041077,0.5667336583137512,2.209115982055664,0.473201185464859,2.7807974815368652,3.9405524730682373,0.5936316251754761,0.6274681091308594,0.3304586708545685,0.5363004803657532,,,13.162666320800781,,0.2009596973657608,0.8696603775024414
20231116,0.5043597221374512,1.2941869497299194,0.3316764533519745,,0.43337076902389526,2.3279645442962646,3.8808670043945312,0.6836215853691101,0.5644866824150085,0.27645808458328247,,0.5097393989562988,1.347828984260559,,0.5060163736343384,0.20917953550815582,1.740077257156372
20231117,,0.7337955236434937,0.5316964983940125,2.2939770221710205,0.5135717988014221,2.4951727390289307,4.6508612632751465,0.6065946817398071,0.5093405842781067,0.3220755457878113,1.3198366165161133,0.9006437659263611,1.239732027053833,11.39230728149414,0.7402129769325256,,0.7597864270210266
20231118,0.4118601679801941,0.4334042966365814,0.41998571157455444,1.277740240097046,0.42971184849739075,,,0.582173228263855,0.3916454017162323,0.30603671073913574,0.7175877690315247,0.8628699779510498,1.3033932447433472,11.211860656738281,0.9196473956108093,0.30464211106300354,1.990401268005371
20231119,0.23720431327819824,1.8716434240341187,0.40219685435295105,2.3425068855285645,0.4142647683620453,,3.9633381366729736,,,0.3138706684112549,0.7240712642669678,,0.7834928631782532,,1.2049384117126465,0.2476377934217453,4.042486667633057
20231120,0.2317270040512085,0.5269497036933899,0.5482677221298218,1.6544222831726074,0.49323201179504395,,,,,0.3799123466014862,,,,,0.6493732333183289,0.2736992835998535,
20231121,0.21645447611808777,0.8200254440307617,0.3472232520580292,2.1640541553497314,0.48412492871284485,2.2819857597351074,5.183536052703857,0.4667906165122986,0.4999140501022339,,,1.1797833442687988,0.8685025572776794,12.890722274780273,0.8985743522644043,,3.678097724914551
20231122,0.38780879974365234,0.6566585302352905,0.6440559029579163,1.3254337310791016,0.4829670190811157,2.068190097808838,3.2435402870178223,0.5968534350395203,0.4918776750564575,0.27226921916007996,0.6768660545349121,0.808643102645874,0.9713878631591797,10.307455062866211,1.44935941696167,,1.9017499685287476
20231123,,0.5241435170173645,0.5389197468757629,,0.38932549953460693,,,,,,,,,,,0.23006084561347961,0.23175235092639923
20231124,0.29149752855300903,0.7540053725242615,0.3800603151321411,2.113759756088257,,,,,,,,,,,0.46735888719558716,0.28929656744003296,
20231125,0.30669498443603516,0.8556506037712097,0.38384580612182617,2.3182334899902344,0.6572705507278442,2.2109053134918213,4.041459083557129,0.7435388565063477,0.8721334338188171,,,,,,,,
20231126,0.2532752454280853,0.7904868721961975,0.5015546679496765,2.3569347858428955,0.3563389182090759,2.6779749393463135,4.297908306121826,0.3844110369682312,0.5284709334373474,,0.5166158080101013,0.6440585255622864,1.3732558488845825,9.015774726867676,1.0421054363250732,,1.0329604148864746
20231127,0.22877563536167145,0.5297200679779053,0.2838359773159027,,0.5358259677886963,2.2786474227905273,3.5272867679595947,0.6387640833854675,0.5773996114730835,0.38776078820228577,0.637539267539978,0.6578800082206726,0.8147715926170349,10.857988357543945,0.9752116203308105,0.183221697807312,0.4499969482421875
20231128,0.27619683742523193,0.5668823719024658,0.3371425271034241,3.0582728385925293,0.3937506377696991,,,,,0.3921506106853485,0.5184014439582825,0.3724983036518097,0.536332368850708,,0.9828736782073975,0.2707413136959076,0.8351578712463379
20231129,0.25466862320899963,0.4771654009819031,0.7082117795944214,2.302889347076416,0.5307666063308716,,3.3106112480163574,,,,,0.9090715050697327,1.2729870080947876,18.483152389526367,0.6408805847167969,,
20231130,,,0.7508344650268555,2.328214406967163,0.5644140243530273,2.9903271198272705,3.743060350418091,0.6823942065238953,0.6695127487182617,0.562316358089447,0.7817224860191345,0.8726322650909424,1.3752241134643555,11.742347717285156,1.01109778881073,0.3737711012363434,
20231201,0.21884025633335114,0.8134801387786865,0.663564920425415,2.069871187210083,0.5759560465812683,,,0.8264524340629578,0.717055082321167,0.3570058047771454,,,,,,,
20231202,0.24842208623886108,0.5361269116401672,0.8035534024238586,2.3625965118408203,0.4555828273296356,2.4646706581115723,4.260703086853027,0.6806078553199768,,0.4000551998615265,0.36321452260017395,0.5698603987693787,0.9161403179168701,9.028061866760254,1.3324849605560303,0.34460777044296265,0.35892632603645325
20231203,0.26395049691200256,0.9406360387802124,0.6608142256736755,2.812594175338745,0.5984020233154297,,4.544734954833984,0.37804946303367615,0.6071295142173767,,0.601884663105011,0.613545835018158,0.73802649974823,12.899540901184082,3.561081647872925,0.29884788393974304,0.6854682564735413
20231204,0.2421785593032837,0.5820838809013367,0.5273334980010986,2.1406803131103516,0.5016041398048401,2.5114994049072266,5.492940902709961,0.7030096054077148,0.6366000771522522,0.301695853471756,0.7341012954711914,0.6105830669403076,1.5123287439346313,12.761347770690918,2.099123001098633,0.30137255787849426,0.9949126243591309
20231205,0.23554687201976776,0.8748050928115845,0.6231884360313416,3.3899152278900146,0.6035996675491333,,,0.9069612622261047,,0.5148040056228638,0.6653377413749695,,,,1.3607345819473267,0.37532806396484375,0.8932240605354309
20231206,0.19332198798656464,,0.705625593662262,2.7599475383758545,0.3757084310054779,,5.3774590492248535,0.5651085376739502,,,0.26770102977752686,0.26025816798210144,,,1.1835275888442993,0.8343605399131775,0.6395357251167297
20231207,,,,,,,,,,0.2562231719493866,0.25458043813705444,,,,0.9922905564308167,0.6238957047462463,0.48875582218170166
20231208,0.21543024480342865,,,,,,,,,,,,,,,,0.23255223035812378
20231209,0.23050908744335175,,,,,,,,,,,,,,,,
20231210,0.17016834020614624,,,,,,,,,,,,,,,,
20231211,0.5709240436553955,0.2980915307998657,0.47040432691574097,1.444057583808899,0.5364395380020142,,,,,,,,,,,,
20231212,0.19196684658527374,0.2897580862045288,0.3115410804748535,3.3490965366363525,0.6746155619621277,3.8226263523101807,7.14608907699585,,1.1852151155471802,0.45130500197410583,1.5199440717697144,,,,0.5734323263168335,0.34054118394851685,0.532807469367981
20231213,0.266315758228302,0.7837961316108704,0.3951431214809418,2.2612905502319336,0.5682550072669983,,,,,0.30989858508110046,0.7001394629478455,0.3875684142112732,0.4318254590034485,,0.5352212190628052,0.26563969254493713,1.2991530895233154
20231214,0.2336936593055725,0.6866769790649414,0.6597287058830261,2.7339932918548584,0.6114134192466736,3.2647054195404053,,0.7196476459503174,0.6891443729400635,0.5004352331161499,0.5250452756881714,0.42658624053001404,0.5203532576560974,,0.2680259644985199,,
20231215,0.2469702959060669,0.7036457061767578,0.6057470440864563,2.3128244876861572,0.732623279094696,,3.8233165740966797,0.6051704287528992,0.5492559671401978,0.9056533575057983,0.5222403407096863,0.6399803161621094,1.0939656496047974,13.509671211242676,1.8339804410934448,0.522531270980835,0.4082174599170685
20231216,0.23979023098945618,0.7464373111724854,0.6168736219406128,2.6225125789642334,0.6966156363487244,,7.374381065368652,0.5915820002555847,0.6851670145988464,0.7740012407302856,0.5453131794929504,0.5169822573661804,0.8779342770576477,,0.5793085694313049,0.5384441614151001,
20231217,0.24371670186519623,,,2.354260206222534,0.6232429146766663,3.935486316680908,5.193831920623779,0.9874642491340637,0.6188691854476929,,0.691426157951355,0.7491738796234131,,13.723860740661621,1.46080482006073,0.42587968707084656,1.0705831050872803
20231218,0.3120252192020416,0.5527779459953308,0.22542379796504974,,,,,,,0.4538564085960388,,,,,,,
20231219,0.3357032835483551,0.728863000869751,0.5500198602676392,2.258168935775757,0.6622130870819092,2.7982490062713623,4.806125640869141,0.6870067119598389,0.8817986845970154,0.46596643328666687,0.6413968205451965,0.6582061052322388,1.0777076482772827,9.852688789367676,0.8170623779296875,0.2748534083366394,1.0578267574310303
20231220,0.3745765686035156,0.6681339740753174,0.4254479706287384,2.303709030151367,0.6792740821838379,2.917881727218628,4.820723533630371,0.742857038974762,0.8215304613113403,0.44649821519851685,0.5269878506660461,0.7696738839149475,1.3543031215667725,11.086202621459961,0.8567069172859192,0.24503253400325775,0.7599087357521057
20231221,0.36156412959098816,0.7526962757110596,0.4752919375896454,2.077890396118164,0.5598509311676025,2.6713309288024902,3.0470237731933594,0.6342713236808777,0.6803584694862366,0.4134562611579895,0.5683498978614807,0.8007814288139343,1.3092248439788818,10.15141487121582,0.9748915433883667,0.2961364984512329,0.7479762434959412
20231222,0.23100712895393372,1.524675965309143,0.8688750863075256,2.077033042907715,0.5427308678627014,,,,,0.39051416516304016,0.9403880834579468,0.6932899951934814,1.893040418624878,13.590860366821289,0.623280942440033,0.3498426675796509,0.831671416759491
20231223,0.3472822904586792,0.7223564386367798,0.7123769521713257,2.590857982635498,0.5363487601280212,2.676161289215088,4.491855144500732,0.6468503475189209,0.5688760876655579,0.3867229223251343,0.6850032210350037,0.6450478434562683,1.949398398399353,14.439924240112305,0.9841972589492798,0.4007721543312073,1.2087032794952393
20231224,0.27500349283218384,0.6523382663726807,0.6048060059547424,2.3509743213653564,0.339790940284729,,,0.5863747000694275,0.5419740676879883,0.2427442967891693,0.4510699212551117,0.5661690831184387,,,0.39952850341796875,0.24465049803256989,1.0204412937164307
20231225,0.27147626876831055,0.9356290698051453,0.7755182981491089,2.3341333866119385,0.3883805572986603,,,,,0.2558235228061676,0.3512107729911804,,,,,,
20231226,0.2853527069091797,0.7711889743804932,0.8510322570800781,,0.5100117921829224,,,,,0.32461485266685486,,0.9678914546966553,1.8006031513214111,,0.7758380174636841,0.22032754123210907,
20231227,,0.9742991924285889,0.9365916848182678,2.2288477420806885,0.6456363797187805,2.8952038288116455,4.331654071807861,0.67055743932724,0.6882442831993103,0.42061910033226013,0.8001453280448914,1.601544737815857,4.336767196655273,,2.131582736968994,,0.9705331325531006
20231228,0.277255654335022,1.159448266029358,0.9106042981147766,3.308401584625244,,,,,,,,,,,0.718285083770752,,0.39293092489242554
20231229,,0.9100672006607056,1.327798843383789,2.8529257774353027,0.6930784583091736,3.3060388565063477,4.1490254402160645,0.635639488697052,0.7308127880096436,0.3680410087108612,0.7050905823707581,1.4207862615585327,5.403024673461914,9.309123039245605,2.2353804111480713,,1.19987952709198
20231230,0.3705296814441681,0.9995160102844238,1.0338683128356934,3.0342466831207275,0.5837895274162292,3.4031145572662354,4.542532444000244,0.4048446714878082,0.6958420872688293,0.2869829535484314,0.38070496916770935,0.5145100951194763,3.060227632522583,,1.5459394454956055,,0.5651400089263916
20231231,0.41836369037628174,0.7417442202568054,2.6822214126586914,2.247016668319702,0.6167352795600891,2.921759605407715,4.392852783203125,0.6572401523590088,0.7474644184112549,0.36857932806015015,0.574494481086731,1.1560848951339722,4.502791404724121,11.45007610321045,3.9059622287750244,0.42492759227752686,1.0045795440673828
20240101,0.3129028081893921,1.8667606115341187,,,,,,,,,,,,,,,0.9579240679740906
20240102,,,2.5729823112487793,2.401479959487915,0.6305328607559204,3.7629361152648926,5.409876346588135,0.6780734658241272,0.7577017545700073,0.4048914909362793,0.5498377084732056,1.6652981042861938,3.313162326812744,9.913463592529297,2.988757610321045,0.6035719513893127,
20240103,,,,,,,,,,,,,,,1.2021923065185547,,
20240104,,0.9932828545570374,2.024693727493286,,0.7257900834083557,,,,,0.7636539936065674,,,,,3.0919382572174072,0.812303364276886,0.8430888652801514
20240105,,,,,0.799332320690155,3.370220422744751,4.857614994049072,0.8049739599227905,0.7380208969116211,0.5788079500198364,0.811194896697998,1.1357632875442505,2.203141212463379,14.202997207641602,3.2006561756134033,0.6854498982429504,1.0039877891540527
20240106,,1.1390610933303833,1.4571830034255981,3.6013433933258057,,,,,,,,,,,,1.4380685091018677,0.2238519787788391
20240107,,1.1886963844299316,,2.927027702331543,0.7526020407676697,1.898362636566162,4.8650007247924805,0.515058696269989,0.6601584553718567,,0.44031304121017456,,,,,0.2592177093029022,
20240108,,0.8970978260040283,1.16257643699646,2.920334815979004,0.5182402729988098,2.9210429191589355,5.453714847564697,,,,,0.5056011080741882,1.4876604080200195,,0.9668648838996887,,
20240109,0.3114977478981018,0.8650223016738892,1.1253935098648071,3.0092368125915527,0.6835891604423523,2.9190266132354736,5.692652702331543,0.7310742735862732,0.8368312120437622,0.5858761072158813,0.8587512373924255,1.2801587581634521,1.635179042816162,10.780599594116211,1.8443256616592407,0.7689080834388733,0.9954871535301208
20240110,0.2580486238002777,0.7293503284454346,0.9469611644744873,2.7609634399414062,0.6174745559692383,2.9038188457489014,4.953746795654297,0.6251179575920105,0.798279881477356,0.5300292372703552,0.8269811272621155,0.7879910469055176,1.3928965330123901,11.844741821289062,1.4241772890090942,1.4509330987930298,1.4476414918899536
20240111,0.27276137471199036,0.7684852480888367,1.087664008140564,2.4548838138580322,0.6340372562408447,2.9183788299560547,4.36325740814209,0.6239129900932312,0.7512919306755066,0.6277632713317871,0.7218724489212036,0.730039656162262,0.9696507453918457,17.81245231628418,0.925966203212738,0.8727172613143921,1.40670907497406
20240112,0.2498021125793457,0.8351991772651672,0.9149350523948669,2.957456111907959,0.6312769055366516,3.031874895095825,5.930505275726318,0.6903154850006104,0.7543631792068481,0.5668569803237915,0.7768640518188477,0.7749663591384888,1.10293447971344,17.38761329650879,1.3615487813949585,0.6906895041465759,1.239103078842163
20240113,0.49380627274513245,,,3.6738293170928955,,,,,,,0.5335961580276489,,,,,,
20240114,0.21959806978702545,0.9617193341255188,1.8359766006469727,2.1210193634033203,0.8434900641441345,2.7992517948150635,4.939590930938721,0.7189952731132507,0.8004894256591797,0.9759789705276489,0.8844769597053528,0.7710280418395996,1.8103562593460083,11.423375129699707,3.696023464202881,1.028167486190796,0.4693772494792938
20240115,,1.8053315877914429,1.5320464372634888,1.4305763244628906,0.7885037064552307,3.0693678855895996,5.5733561515808105,0.6993134617805481,0.817048192024231,0.910942554473877,0.9341826438903809,0.7538833022117615,1.2003310918807983,11.131695747375488,1.9725561141967773,0.4650091230869293,0.9885788559913635
20240116,,,,,0.5377141833305359,,,0.5031705498695374,0.42323437333106995,0.3572516143321991,1.3402371406555176,,1.3276571035385132,20.46065330505371,2.010018825531006,0.21281419694423676,0.927916407585144
20240117,0.46359413862228394,1.7377164363861084,2.083261489868164,2.6551854610443115,0.824222981929779,3.510957956314087,6.693728446960449,0.8567996621131897,1.180863380432129,1.498095154762268,1.184403896331787,1.176252007484436,1.7563753128051758,,2.9495158195495605,0.6471590399742126,0.524318277835846
20240118,0.4588472843170166,0.8656167387962341,2.628807783126831,2.460318088531494,0.7498407959938049,3.9505624771118164,5.628879070281982,0.7577152252197266,0.8123061656951904,0.3845159411430359,1.0593512058258057,,,,1.6281214952468872,,
20240119,0.3388562798500061,1.1109225749969482,2.9192323684692383,1.7161191701889038,0.6944938898086548,,,0.7540191411972046,1.1425987482070923,0.9014542102813721,0.8669394254684448,0.7362661957740784,1.746177315711975,16.27293586730957,3.81075119972229,,1.069408893585205
20240120,0.13380827009677887,1.3783979415893555,1.9278396368026733,2.6166911125183105,0.6377133727073669,3.1907553672790527,6.112455368041992,0.7008164525032043,0.763123095035553,0.8295769691467285,0.8704394698143005,0.7000086903572083,0.9808396697044373,12.525540351867676,1.6393464803695679,,
20240121,0.33151015639305115,1.005971908569336,3.2572357654571533,2.952214241027832,0.5820624828338623,3.342127799987793,4.415355205535889,0.6253803372383118,0.856186032295227,0.927462637424469,0.6922788619995117,0.7744678854942322,1.060086727142334,15.12594223022461,1.8421826362609863,0.4881279170513153,0.5795925855636597
20240122,0.3224107325077057,0.9843569397926331,3.5576744079589844,2.3062422275543213,0.7914262413978577,2.595116138458252,4.126315116882324,0.621672511100769,0.6738312244415283,1.8365085124969482,1.041967749595642,0.5723066329956055,1.0764883756637573,,4.457553863525391,0.49230942130088806,2.97886061668396
20240123,0.270276814699173,0.7784196734428406,2.2250289916992188,2.7962536811828613,0.719907820224762,3.044898509979248,5.0643696784973145,0.6105905771255493,0.642730176448822,1.315922737121582,1.081328272819519,0.5527861714363098,1.356796383857727,14.705365180969238,2.9195871353149414,0.559311032295227,1.8541933298110962
20240124,,,,,,,,,,1.012403964996338,0.9053726196289062,0.6122491955757141,2.081874370574951,,3.7998297214508057,0.3293924331665039,1.3110904693603516
20240125,,,,,,,,,,,,,,,,,
20240126,,,1.301855206489563,4.207372665405273,0.6525375247001648,,5.02225399017334,0.5974032878875732,0.8079715371131897,0.29597118496894836,0.34134262800216675,0.5627931952476501,0.9586634635925293,,0.9857807755470276,0.33155250549316406,0.5381916165351868
20240127,0.291460782289505,0.895592987537384,0.8705441355705261,2.7259316444396973,0.6610289812088013,3.1666505336761475,3.5694637298583984,0.7523630857467651,0.7089752554893494,0.33114513754844666,0.7046656608581543,0.5861614942550659,0.9693199992179871,,,,1.3047544956207275
20240128,0.2939566671848297,0.9132721424102783,1.0091913938522339,2.7310681343078613,0.710404634475708,3.9559969902038574,5.093811988830566,0.7353050112724304,0.7931380271911621,0.5038323402404785,0.9804196357727051,0.6433646082878113,1.1080254316329956,17.025917053222656,1.5684845447540283,0.40954816341400146,1.0021971464157104
20240129,0.3111003339290619,0.7577264308929443,0.9737851023674011,2.731309175491333,0.7130767107009888,3.4961984157562256,5.001158714294434,0.8417700529098511,0.8109715580940247,0.3257772922515869,0.9301031231880188,0.6016563773155212,1.1620707511901855,15.64275074005127,0.9249746799468994,0.37747207283973694,1.3717318773269653
20240130,0.32059577107429504,0.9164840579032898,1.1940276622772217,2.739255666732788,0.7355178594589233,3.1072096824645996,6.039583206176758,0.7822219133377075,0.8042909502983093,0.4839599132537842,1.4991085529327393,0.41667479276657104,0.9486377835273743,12.561960220336914,0.9148893356323242,0.3126690685749054,1.15090012550354
20240131,,1.7177913188934326,1.2163054943084717,2.685622215270996,0.7232222557067871,3.5287914276123047,5.635212421417236,0.7905089855194092,0.8074262142181396,0.4220361113548279,1.0651729106903076,2.0222153663635254,1.4792938232421875,13.303736686706543,0.7254093885421753,0.21120722591876984,0.9119358062744141
20240201,0.3569018244743347,1.3066293001174927,2.0188183784484863,2.396771192550659,0.6472972631454468,2.943030834197998,4.135468482971191,0.790485143661499,0.6546204090118408,0.3520130217075348,1.5212873220443726,,,,0.30647221207618713,0.22112391889095306,0.8937439322471619
20240202,0.34670576453208923,1.0801669359207153,1.4760541915893555,2.3972601890563965,0.6816989779472351,3.5512332916259766,4.920184135437012,0.8097511529922485,0.7208293676376343,0.42631101608276367,1.4335601329803467,0.4520856440067291,0.7917584776878357,18.48194694519043,0.9991368651390076,0.45909857749938965,1.5186667442321777
20240203,0.29194438457489014,1.104314923286438,1.6781162023544312,2.420224666595459,0.6827136278152466,3.697737455368042,6.059825897216797,0.7540835738182068,0.7443464398384094,0.412602037191391,0.8725872039794922,0.715058445930481,0.8923571109771729,19.460609436035156,1.330858588218689,0.3299359679222107,1.0780476331710815
20240204,0.2893870770931244,0.7124261856079102,,,,,,,,,,,0.988499641418457,,1.1416141986846924,0.3095388412475586,1.2377204895019531
20240205,0.3878215253353119,1.2061052322387695,1.905711054801941,1.9983789920806885,0.5636774897575378,2.970654249191284,5.184816360473633,0.5424193143844604,0.6087681651115417,0.36991265416145325,0.5784605741500854,0.5922389030456543,1.7528270483016968,,0.8477600812911987,0.2758755683898926,0.25237151980400085
20240206,0.34350237250328064,1.2242313623428345,2.477325439453125,2.4740183353424072,0.6612818837165833,3.237423896789551,4.698796272277832,0.812293291091919,0.761368989944458,0.41118040680885315,0.6058495044708252,0.7628737092018127,1.093353271484375,16.57056427001953,0.9301831126213074,0.3058275878429413,1.0717874765396118
20240207,0.37419894337654114,1.276915192604065,2.0595107078552246,2.284592628479004,0.6485582590103149,3.202122211456299,3.7017030715942383,0.7200987935066223,0.6092559695243835,0.4271949231624603,0.8473774194717407,1.3274126052856445,0.8555718064308167,17.100419998168945,1.040256381034851,0.3420005440711975,1.0180169343948364
20240208,0.3557867109775543,1.370166301727295,1.9914087057113647,2.466540575027466,0.646479070186615,2.9846479892730713,5.087282180786133,0.7155517339706421,0.6726061701774597,0.516089677810669,0.8832669258117676,0.8632703423500061,1.6910629272460938,18.316118240356445,0.878831148147583,0.3152686655521393,1.0762038230895996
20240209,0.5089298486709595,1.5470236539840698,2.499121904373169,2.816558599472046,0.6746942400932312,2.8478074073791504,4.559168815612793,0.7463768720626831,0.7065932750701904,0.3565961420536041,1.1381529569625854,0.7275480628013611,1.948143720626831,18.422670364379883,1.0521643161773682,0.2886568307876587,3.633676052093506
20240210,0.5873807668685913,1.5604078769683838,2.1503071784973145,2.898463726043701,0.7318962812423706,3.0081818103790283,4.919912338256836,0.7252424955368042,0.7783216834068298,0.6009372472763062,1.3134238719940186,0.5817399024963379,2.5609490871429443,15.287910461425781,1.3640360832214355,0.31919896602630615,1.8350861072540283
20240211,0.49037712812423706,1.7976710796356201,2.865915536880493,2.98157000541687,0.7169798612594604,3.406722068786621,6.488320350646973,0.7429916262626648,0.6439805626869202,0.7774559855461121,1.107568383216858,1.069167971611023,2.4847891330718994,18.397127151489258,1.0699968338012695,0.33059462904930115,0.9669746160507202
20240212,0.3026794493198395,1.8190875053405762,3.082967758178711,2.815913200378418,0.7483583092689514,2.9890646934509277,5.695035934448242,0.7830706834793091,0.664785623550415,0.6492114663124084,1.2121386528015137,0.9221011996269226,2.5964293479919434,25.588157653808594,1.4342068433761597,0.38496148586273193,1.4218178987503052
20240213,,,,,,,,,,,,,,,,,
20240214,0.3650687038898468,1.8258376121520996,3.810298442840576,2.5244429111480713,0.7144116163253784,3.4270176887512207,4.86317253112793,0.7550349235534668,0.7824605107307434,0.6551496386528015,0.9504783153533936,0.7561752200126648,2.2788608074188232,14.41680908203125,2.6734495162963867,0.7340354323387146,1.2752128839492798
20240215,0.4090433418750763,1.6557040214538574,3.9971370697021484,2.9966397285461426,0.805204451084137,3.076949119567871,5.078911781311035,0.8188162446022034,0.8135539889335632,0.7958971261978149,1.0861951112747192,0.5673176646232605,1.924263834953308,13.750460624694824,3.6116747856140137,,0.9110067486763
20240216,0.43637925386428833,1.5570547580718994,3.9202895164489746,2.782848834991455,0.7821094393730164,2.9889485836029053,5.708954334259033,0.7963853478431702,0.7953169345855713,0.9232009649276733,1.1682730913162231,0.720022976398468,2.129903793334961,17.107858657836914,4.1416215896606445,0.650477409362793,1.1612569093704224
20240217,0.3958283066749573,1.6715432405471802,5.6273016929626465,2.937915563583374,0.7053648829460144,3.8583006858825684,5.339967727661133,0.8543307781219482,0.7619490623474121,1.40703547000885,1.1941393613815308,0.8334586024284363,4.169983386993408,,4.819785118103027,0.911078691482544,2.0503647327423096
20240218,0.39613234996795654,1.6157541275024414,3.2558584213256836,2.7700438499450684,0.7168275117874146,2.978057622909546,4.753875732421875,0.8364652991294861,0.7804874777793884,0.9855864644050598,0.9185941815376282,0.633344292640686,2.8308234214782715,20.399282455444336,4.861961841583252,0.6976050138473511,1.667154312133789
20240219,,2.2064881324768066,3.0681331157684326,2.05660343170166,0.631838858127594,2.924278974533081,4.581958293914795,0.8472931385040283,0.5728609561920166,1.2368793487548828,1.0298089981079102,0.6209056377410889,2.622267723083496,23.80125617980957,3.254211664199829,1.6197446584701538,2.938001871109009
20240220,0.2687814235687256,1.6675660610198975,3.047454833984375,0.8657176494598389,0.5863492488861084,,,0.5894263386726379,,1.0314433574676514,,,,,,,
20240221,0.3217880427837372,1.5605552196502686,3.030568838119507,3.1592538356781006,0.7251242995262146,3.3049509525299072,5.697463035583496,0.8266569972038269,0.7835487723350525,1.7869861125946045,0.9872426986694336,0.5188921689987183,2.0220162868499756,22.966167449951172,2.867131471633911,0.5938745737075806,1.3687738180160522
20240222,0.18569856882095337,1.2147836685180664,0.8271555304527283,3.801668405532837,0.6719909906387329,,,0.7220474481582642,0.8036676645278931,1.030877709388733,0.6725578904151917,0.6875239610671997,1.846408486366272,,2.7229318618774414,0.6106249094009399,1.0467511415481567
20240223,0.36661118268966675,1.3460532426834106,1.7215936183929443,2.905681848526001,0.7022845149040222,2.7917914390563965,5.823342800140381,,,0.44281044602394104,,0.2717273533344269,,,2.086660623550415,,
20240224,0.43236014246940613,1.3479324579238892,2.0141758918762207,2.541433811187744,0.8049106597900391,3.336904525756836,4.562924385070801,0.889234185218811,0.8484199643135071,1.2379229068756104,1.0084939002990723,0.7844780683517456,1.9521169662475586,18.379169464111328,3.0591118335723877,1.2661445140838623,1.9999281167984009
20240225,0.40544894337654114,1.5609557628631592,1.3641279935836792,3.2901248931884766,0.7499406933784485,3.1862008571624756,5.026703834533691,0.9538393020629883,1.0981123447418213,,0.6406509280204773,1.424286961555481,1.2380685806274414,22.078405380249023,,,0.7019680142402649
20240226,0.440722793340683,1.5077201128005981,,,,,,,,,,,,,,,2.495480537414551
20240227,0.46840906143188477,0.9739267230033875,2.0180461406707764,2.979156017303467,0.7557533383369446,3.681403398513794,5.3171586990356445,1.010084629058838,0.9258820414543152,1.2134943008422852,1.2079148292541504,0.6282468438148499,1.617258906364441,23.27086639404297,1.737229585647583,0.5809018611907959,1.4435585737228394
20240228,0.3829224407672882,1.119023323059082,1.5469205379486084,2.579594373703003,0.7318238019943237,3.256023406982422,4.980379104614258,0.8040664196014404,0.7676337361335754,0.6745036840438843,1.2451280355453491,0.8186628818511963,1.7412419319152832,28.73457908630371,2.5175647735595703,0.6512699723243713,1.7674707174301147
20240229,0.5265082716941833,1.5973585844039917,1.326568603515625,2.8199970722198486,0.6699145436286926,,,0.741563618183136,,0.9456853270530701,0.6600568890571594,0.4452654719352722,1.1927818059921265,,1.775296688079834,0.46329671144485474,1.2249126434326172
20240301,,,2.0845799446105957,2.063992738723755,0.9153902530670166,2.852367401123047,4.395705699920654,1.121190071105957,0.9312460422515869,1.0781651735305786,0.8558593392372131,0.5225790143013,1.4947974681854248,,1.2001008987426758,0.4016481935977936,1.286399245262146
20240302,0.46372056007385254,1.4017325639724731,1.513529896736145,2.466905355453491,0.9402515292167664,2.874250650405884,4.866109848022461,0.7142667174339294,0.9019670486450195,0.6907579898834229,0.6647165417671204,0.5748693346977234,1.1724765300750732,25.78322982788086,1.5634267330169678,0.3396523594856262,1.5074052810668945
20240303,0.5018942356109619,1.6784495115280151,2.2260050773620605,2.8471221923828125,0.8693581819534302,3.159770965576172,5.0895256996154785,0.9472609162330627,0.9056361317634583,0.48646658658981323,1.2276941537857056,0.7679583430290222,1.630873203277588,20.476572036743164,0.9907572269439697,0.3065136969089508,0.9434037208557129
20240304,,,,,,,,,,0.7092776894569397,,0.4057053327560425,1.4798575639724731,23.423402786254883,1.5436277389526367,0.5918337106704712,1.4058575630187988
20240305,0.45183485746383667,2.0857183933258057,1.45485258102417,4.039916038513184,0.906926155090332,3.2180581092834473,4.072365760803223,0.7812017798423767,0.7409588098526001,0.35492369532585144,0.7142823338508606,0.54354327917099,1.2371950149536133,32.10805130004883,1.4026455879211426,0.4929846227169037,1.465808629989624
20240306,,,1.0126231908798218,,0.8243244886398315,1.6396342515945435,2.9085075855255127,0.8223986029624939,0.7099341750144958,0.7415578961372375,0.9560645818710327,0.8314632177352905,1.3842750787734985,24.629344940185547,1.7777971029281616,0.585342526435852,0.9997545480728149
20240307,,,1.6721206903457642,,0.9081701636314392,,4.4429931640625,0.7200273871421814,0.7068920135498047,1.4064863920211792,1.300776720046997,0.5782724618911743,2.0473968982696533,26.40326499938965,2.7026915550231934,0.8701995015144348,1.337119221687317
20240308,0.41781285405158997,2.007958173751831,2.1638474464416504,3.1793713569641113,0.8101218938827515,2.6517786979675293,4.254016399383545,0.8186323642730713,0.7628268599510193,1.5455491542816162,1.1873610019683838,0.5475716590881348,2.141831874847412,28.721820831298828,2.386521339416504,0.874336838722229,1.7553765773773193
20240309,0.4942551851272583,2.416191577911377,2.6997766494750977,3.2081384658813477,0.7450739741325378,3.153154134750366,4.240307807922363,0.8302488923072815,0.7690380215644836,1.0196340084075928,1.2922197580337524,0.6658779382705688,2.2303309440612793,,2.4334235191345215,0.864989697933197,1.3382424116134644
20240310,0.6053124666213989,2.350051164627075,3.4123196601867676,3.1293575763702393,0.8276159763336182,3.7671713829040527,4.8912506103515625,1.0147662162780762,0.7772128582000732,1.080087423324585,1.3129193782806396,0.7001606822013855,1.882527470588684,,3.1453373432159424,,1.753267765045166
20240311,0.8203434944152832,2.3468844890594482,3.0120513439178467,3.0975327491760254,0.6862671375274658,3.867330551147461,4.831058979034424,0.869780957698822,0.7588381767272949,1.4066383838653564,0.8638986349105835,0.7743479013442993,1.0111805200576782,,5.267184734344482,2.7962968349456787,1.3707445859909058
20240312,0.7760787010192871,2.9671261310577393,,4.375166893005371,0.5127270221710205,,,,,,,,,,,,
20240313,,,1.4266581535339355,,0.7417369484901428,,,,,,,,,,,,1.0871772766113281
20240314,,,,,,,,,,,,,,,,,
20240315,,0.3279295563697815,2.2214226722717285,,0.7788015604019165,,,0.783025324344635,1.0280895233154297,0.7494791746139526,1.1418397426605225,0.8286247253417969,1.2615399360656738,27.82810401916504,1.7857837677001953,0.539579451084137,1.2027817964553833
20240316,0.8868685960769653,2.722778797149658,2.401137590408325,,0.8622620105743408,2.349881649017334,3.9019925594329834,0.9640874266624451,0.9896175861358643,0.7679724097251892,0.8661131858825684,1.115436315536499,1.2799501419067383,28.68727684020996,1.4010872840881348,0.45251670479774475,1.2948957681655884
20240317,0.6574478149414062,2.446019172668457,1.8114289045333862,2.7728796005249023,1.3482862710952759,2.0606532096862793,3.108168125152588,0.7939473986625671,0.6866187453269958,0.5463599562644958,1.6320232152938843,0.7799623012542725,1.230326533317566,,0.5273649096488953,0.3535185158252716,0.9298819303512573
20240318,0.6028282642364502,2.5529654026031494,3.1893348693847656,3.3010385036468506,0.7421061992645264,3.7961835861206055,5.770230770111084,1.010059118270874,1.0472279787063599,0.4924485385417938,1.128448724746704,0.7586417198181152,1.3272498846054077,,2.036478042602539,0.5428239107131958,1.6077334880828857
20240319,,,0.2886565327644348,,,,,,,,,,1.132616639137268,,1.6896247863769531,0.43074798583984375,2.3727548122406006
20240320,0.9876609444618225,2.4940996170043945,4.798544406890869,2.9546215534210205,1.7373135089874268,2.909316062927246,3.5172882080078125,1.0875160694122314,1.1537538766860962,2.3287718296051025,1.8238986730575562,1.6726624965667725,2.7098748683929443,,3.472275733947754,,
20240321,0.7793987989425659,2.3393025398254395,3.954017162322998,2.5346083641052246,1.38584566116333,2.9230258464813232,5.198108196258545,0.9247342944145203,0.9882283806800842,1.5380793809890747,1.7724032402038574,1.0125013589859009,1.9356964826583862,28.3232421875,3.786994457244873,1.2918225526809692,1.6737042665481567
20240322,0.951676607131958,2.708029270172119,4.021424293518066,2.6787948608398438,1.21930730342865,3.0438930988311768,3.801571846008301,0.9376711249351501,0.93031245470047,1.4207768440246582,1.5114020109176636,1.0960474014282227,2.3193154335021973,24.332948684692383,2.400970220565796,2.0536725521087646,1.6897146701812744
20240323,1.017027497291565,2.647382974624634,3.1479570865631104,3.217782974243164,1.1657540798187256,3.320647716522217,5.558459758758545,0.8192276954650879,0.9841639399528503,1.7632522583007812,1.414682149887085,1.5817644596099854,3.9580602645874023,23.080596923828125,2.3270204067230225,1.3491089344024658,1.8623020648956299
20240324,1.3148947954177856,2.546386480331421,4.312043190002441,2.849255323410034,1.0411429405212402,2.97666072845459,4.156697750091553,0.8683149814605713,0.8506619334220886,0.589354932308197,1.4918529987335205,,,28.9020938873291,,,2.516479969024658
20240325,1.1711764335632324,2.5753962993621826,4.41699743270874,2.6599974632263184,0.9121233224868774,3.2965683937072754,4.309732913970947,0.8764329552650452,0.8212840557098389,0.41236039996147156,1.191934585571289,1.6975675821304321,,32.318172454833984,,,2.560943603515625
20240326,1.433927297592163,3.033151865005493,3.7893168926239014,2.652458429336548,1.1796741485595703,3.6018128395080566,4.7332539558410645,0.9264408946037292,0.8328467607498169,1.1152156591415405,1.0195839405059814,1.20001220703125,2.7802250385284424,,1.407265543937683,0.5011219382286072,1.3841441869735718
20240327,1.5964617729187012,4.502123832702637,4.31165885925293,2.5770554542541504,1.3814224004745483,3.2036855220794678,4.844233989715576,0.8851361274719238,0.8031514286994934,1.3931605815887451,1.1329436302185059,1.0876140594482422,2.8629391193389893,,1.0261074304580688,0.48476719856262207,0.8744627833366394
20240328,1.5989493131637573,3.1991536617279053,3.728501319885254,3.134528875350952,1.1816439628601074,3.4105396270751953,5.387362957000732,0.902809202671051,0.956312894821167,1.3225007057189941,1.4735313653945923,1.242917537689209,3.479264497756958,35.57964324951172,1.1940606832504272,0.36364084482192993,1.864559292793274
20240329,1.1510119438171387,2.898928642272949,3.0696332454681396,2.8321051597595215,1.1634712219238281,3.595874309539795,5.330455780029297,0.8906090259552002,0.8407270908355713,1.51404869556427,1.536846399307251,1.2382333278656006,3.0797064304351807,38.09297561645508,1.1690974235534668,0.44905492663383484,1.5075653791427612
20240330,1.0632895231246948,2.520728826522827,3.4033203125,2.207897424697876,1.1864676475524902,,,0.8194129467010498,0.7320488095283508,1.3223214149475098,1.6623444557189941,1.141322374343872,2.8511393070220947,,1.182582139968872,0.4220781922340393,1.4960225820541382
20240331,1.1942470073699951,2.7722513675689697,2.460360288619995,2.3821828365325928,0.8448822498321533,2.979442834854126,4.399011135101318,0.8181764483451843,0.6772984266281128,0.9594456553459167,1.2685940265655518,1.069957971572876,2.472010850906372,,1.1741033792495728,0.5214254260063171,1.3817631006240845
20240401,0.5997819304466248,2.056358814239502,2.063077211380005,2.98305082321167,0.6605973839759827,,,,,0.6389873027801514,,,,,,,
20240402,0.3038161098957062,1.0287326574325562,1.175569772720337,1.9494465589523315,0.7591221928596497,,,,1.1785047054290771,0.6863644123077393,0.4872952699661255,,,,0.4156309962272644,0.257437527179718,1.1178592443466187
20240403,0.5056383013725281,1.2433733940124512,,1.8321071863174438,0.8737496137619019,,,0.7698149085044861,0.9451954960823059,,0.7001214027404785,1.1714197397232056,2.158808469772339,21.144323348999023,1.2225669622421265,0.29010340571403503,0.4973107874393463
20240404,0.6326888799667358,0.956860363483429,1.207938313484192,2.678311347961426,0.5523286461830139,4.030719757080078,3.750474452972412,,0.8957023620605469,0.3078347146511078,0.4125533103942871,0.9544585347175598,2.4061167240142822,19.02077293395996,0.947481632232666,0.23717886209487915,
20240405,0.7164785265922546,1.3740708827972412,1.5133161544799805,2.2636914253234863,1.0391948223114014,2.865358352661133,3.5655019283294678,1.0260155200958252,0.9486442804336548,0.8552864789962769,1.250373125076294,1.2940418720245361,2.515503406524658,34.82488250732422,1.392073154449463,0.5709177255630493,1.0694248676300049
20240406,0.7885304689407349,1.838512659072876,1.720004677772522,2.7493908405303955,0.9360854625701904,1.9985015392303467,3.4271271228790283,0.8778460025787354,0.6995902061462402,0.5715186595916748,0.6652266979217529,0.9051088094711304,2.139071464538574,19.411808013916016,0.8474327921867371,0.46162137389183044,
20240407,0.7941282391548157,2.322805166244507,1.2645198106765747,3.9607186317443848,0.9265642762184143,2.824129104614258,4.341001033782959,,0.8660771250724792,1.1028093099594116,0.8348474502563477,1.118673324584961,0.8360632061958313,21.553775787353516,0.7078101634979248,0.4229874312877655,1.2918106317520142
20240408,1.0800756216049194,1.386139988899231,0.5081347823143005,2.7342514991760254,0.7792622447013855,,,,,,,,,,,,
20240409,0.437725305557251,0.494698166847229,0.3875785171985626,1.4785889387130737,0.7462355494499207,,,,,,,0.7131714820861816,2.5213723182678223,,1.5619245767593384,0.3729934096336365,1.2009822130203247
20240410,0.8439366221427917,1.791074275970459,1.2170127630233765,3.52329158782959,0.5365102291107178,,,,,0.33039379119873047,1.0185648202896118,0.6801446080207825,0.5611883401870728,,,0.4358766973018646,
20240411,0.9594687819480896,1.6832340955734253,1.3624989986419678,2.429151773452759,0.8065887689590454,2.912508964538574,3.4047648906707764,1.3959523439407349,0.6964773535728455,,,1.2697534561157227,,,1.1351884603500366,0.26713767647743225,0.38816624879837036
20240412,0.9683148860931396,1.1776196956634521,1.8642207384109497,2.541175365447998,0.9634817838668823,3.7091753482818604,5.489856719970703,1.114787220954895,1.0062131881713867,0.676546573638916,0.8737356066703796,,,,1.107201099395752,0.5684575438499451,0.4296169579029083
20240413,0.9406930208206177,1.258378505706787,1.7313932180404663,2.8347177505493164,0.8896307349205017,3.654578924179077,5.008265972137451,0.9794285893440247,0.8982129096984863,0.6744845509529114,0.7891910672187805,,2.201019525527954,,0.6457533240318298,0.3915466368198395,0.8973627686500549
20240414,,0.5722095370292664,1.3055834770202637,2.457644462585449,1.0179373025894165,3.4861948490142822,5.662092208862305,0.8972334265708923,0.92287677526474,0.9551439881324768,1.4793119430541992,1.2169466018676758,1.7600239515304565,,1.2841055393218994,0.27497145533561707,1.0712532997131348
20240415,1.01138436794281,1.240861177444458,1.403630256652832,2.1213462352752686,0.8124451041221619,2.762160062789917,3.855320453643799,0.8615694642066956,0.9457760453224182,0.3597451448440552,0.6532450914382935,0.9429875612258911,1.5423285961151123,,0.8503167629241943,0.4457693099975586,0.9616373181343079
20240416,1.3077372312545776,1.4148283004760742,1.3992964029312134,1.988713264465332,0.9783520698547363,2.380976438522339,3.8436508178710938,0.902435839176178,0.8178301453590393,0.7382887601852417,0.9585208296775818,1.067823052406311,1.4330153465270996,,,0.4715070128440857,1.2355166673660278
20240417,1.1091455221176147,1.5272175073623657,1.7979414463043213,2.780754804611206,1.4425157308578491,1.6690893173217773,3.371093273162842,1.0177158117294312,0.8789055943489075,0.8486837148666382,1.4932128190994263,1.376955509185791,1.2711982727050781,,1.0258779525756836,0.5531967282295227,
20240418,1.0027258396148682,1.9820345640182495,0.5914447903633118,3.2915594577789307,0.5612956881523132,,,,,,,,,,,,
20240419,0.507422149181366,1.8923906087875366,1.6546939611434937,2.175159454345703,1.0500191450119019,2.3910632133483887,3.1060986518859863,1.1541290283203125,0.7804465293884277,0.3932357132434845,,1.1244795322418213,1.8061845302581787,22.507835388183594,1.0558931827545166,0.5414079427719116,0.973601758480072
20240420,1.1476317644119263,1.2217974662780762,1.6015386581420898,2.119882106781006,1.0569087266921997,2.715421199798584,2.993645191192627,0.8902150392532349,0.8439422249794006,0.8904420733451843,1.9051493406295776,2.4087963104248047,1.8901073932647705,,1.6792001724243164,,3.1867916584014893
20240421,1.155588150024414,1.2889113426208496,1.460549235343933,2.453059434890747,1.0971094369888306,2.6135306358337402,3.68100643157959,0.916893482208252,0.8705530166625977,1.0617009401321411,1.6869733333587646,1.4933831691741943,1.7713078260421753,,1.754490613937378,0.8988010883331299,3.6504058837890625
20240422,1.2193893194198608,1.7343405485153198,2.552828073501587,2.2722301483154297,1.548171877861023,3.108171224594116,2.9973201751708984,0.9063239693641663,0.8657238483428955,1.941451907157898,1.91068696975708,1.223317265510559,1.7645275592803955,,0.8961355090141296,0.63530433177948,1.3446297645568848
20240423,,,1.413131594657898,,,,,,,,,,,,,,
20240424,,3.0990896224975586,,2.530569314956665,0.6826276779174805,,,,,0.6593261361122131,1.3445284366607666,0.7283903360366821,2.366630792617798,18.742807388305664,1.1208760738372803,0.5725066661834717,1.6070867776870728
20240425,0.8793861269950867,1.3824305534362793,0.5853211879730225,1.9960615634918213,0.7354340553283691,1.9781546592712402,3.740346908569336,0.7852076292037964,0.7486265301704407,0.31347841024398804,0.8677716851234436,0.9547680020332336,2.111102342605591,16.288631439208984,0.8103541731834412,0.46312153339385986,3.1138927936553955
20240426,1.1262089014053345,1.5582491159439087,3.7097246646881104,2.631044864654541,0.8126792311668396,,4.663430690765381,,,0.5092421174049377,1.2081549167633057,0.6198148727416992,1.3841732740402222,,0.7559176087379456,0.2720124125480652,
20240427,0.9097775816917419,2.6057381629943848,4.929643630981445,2.5217792987823486,,,,2.8630316257476807,,,,,2.3843610286712646,,1.800203800201416,,1.116150140762329
20240428,0.9702560901641846,1.818446159362793,4.265079021453857,3.0560061931610107,1.234529972076416,4.831756591796875,5.240964889526367,1.3735027313232422,1.1611727476119995,,2.1227643489837646,2.1330385208129883,3.1541683673858643,,1.2109426259994507,0.6372699737548828,1.4448119401931763
20240429,0.9645443558692932,1.5640873908996582,1.5146881341934204,2.574767827987671,0.8155117630958557,,,0.7443495392799377,,0.45178908109664917,1.3482345342636108,,3.724764347076416,,0.9811492562294006,0.5373575687408447,0.6453542709350586
20240430,0.8306547999382019,1.6372689008712769,0.28932324051856995,2.4980857372283936,0.8022552132606506,3.053513288497925,3.9225449562072754,0.9757999777793884,1.0322569608688354,0.17936070263385773,,3.3914146423339844,2.741007089614868,33.63995361328125,0.4803810715675354,0.38680416345596313,0.9361812472343445
20240501,0.8071355819702148,1.4748274087905884,0.9173396825790405,1.9328477382659912,0.6441760063171387,2.69492769241333,3.625068187713623,,0.8418121933937073,0.22371786832809448,1.1193442344665527,1.9243600368499756,1.4271653890609741,33.19756317138672,0.7542695999145508,0.5086007118225098,1.3243801593780518
20240502,0.9242128133773804,1.492016315460205,1.4353501796722412,1.611260175704956,0.8221502900123596,1.8833328485488892,1.8563106060028076,0.9779147505760193,0.832227349281311,0.5437678694725037,1.3016902208328247,1.6971402168273926,1.4508793354034424,38.630035400390625,1.1397777795791626,0.4241804778575897,1.198329210281372
20240503,0.9212982058525085,2.292450428009033,2.345834732055664,2.810356378555298,0.9903914332389832,2.351667881011963,4.203080654144287,0.9954445362091064,0.8910199999809265,0.6499819755554199,2.3885674476623535,2.759998083114624,1.7852718830108643,,0.7515386939048767,0.4690075218677521,1.2410882711410522
20240504,0.8611025810241699,2.0032544136047363,2.077979803085327,2.527160882949829,0.9946951866149902,2.259913921356201,3.849040985107422,0.9847970604896545,0.8364794254302979,0.7985703349113464,2.5805156230926514,2.604714870452881,1.9328501224517822,,0.8706722259521484,1.086978793144226,1.734829068183899
20240505,0.8336175680160522,1.909623146057129,1.8281935453414917,2.2294909954071045,0.9338011741638184,2.613319158554077,3.23504376411438,0.8560519218444824,0.7937666177749634,0.7853115797042847,2.496981143951416,1.626328468322754,1.7381314039230347,,1.2424265146255493,0.9942296147346497,1.852630376815796
20240506,0.9039211273193359,1.436862826347351,1.3515851497650146,1.9754585027694702,0.9370555281639099,2.6450674533843994,3.4701077938079834,0.8013872504234314,0.78243488073349,0.7321140766143799,2.167828321456909,1.8413798809051514,1.6722450256347656,,1.1436015367507935,0.4996292293071747,1.6707266569137573
20240507,1.123417615890503,1.8309826850891113,1.255864143371582,2.067776918411255,0.8783636689186096,2.1257894039154053,3.610792636871338,0.7741733193397522,0.8044450879096985,0.586332380771637,1.7485898733139038,1.4718619585037231,1.5095752477645874,,1.273379921913147,0.5163769721984863,1.225023865699768
20240508,,,,,,,,,,,,,,,,,
20240509,1.323289155960083,2.7160799503326416,2.071201801300049,2.762691020965576,1.1137036085128784,3.001060962677002,4.012284755706787,0.9176383018493652,0.9438129663467407,0.9473016262054443,2.7424755096435547,1.2098968029022217,,,2.722822427749634,0.7746425271034241,0.7805459499359131
20240510,1.4109954833984375,2.4998960494995117,2.2127492427825928,2.2959134578704834,0.9467012882232666,2.8563201427459717,3.717618465423584,0.8385934829711914,0.8630984425544739,0.6156851649284363,2.118636131286621,1.3243681192398071,2.0731208324432373,,1.060920238494873,0.5710198879241943,
20240511,1.1091557741165161,1.1784902811050415,0.7500495314598083,2.8212196826934814,0.885334312915802,3.0526421070098877,3.8797574043273926,0.8152017593383789,0.768564760684967,0.3868987262248993,1.2746776342391968,0.6365724802017212,,20.697540283203125,0.9016125202178955,0.676741898059845,2.052030324935913
20240512,1.275604248046875,2.6906445026397705,2.1816728115081787,1.9569613933563232,1.2425334453582764,2.8068106174468994,3.9235568046569824,0.8313248753547668,0.8052181005477905,1.0045393705368042,2.02677583694458,1.2543489933013916,,,,1.146540880203247,2.0309762954711914
20240513,,2.655641555786133,1.4571555852890015,1.8964685201644897,1.0613490343093872,2.2684929370880127,3.8919594287872314,1.0887895822525024,0.84164959192276,0.5778908729553223,,,,,,0.7897384762763977,0.38098669052124023
20240514,1.3901588916778564,3.6841282844543457,4.343635559082031,2.613065242767334,1.476360559463501,4.36003303527832,6.629002571105957,1.8309082984924316,2.4093425273895264,,4.234847068786621,1.9120283126831055,2.1345086097717285,,2.3285818099975586,,0.5554819107055664
20240515,2.051495313644409,4.383482456207275,2.3430137634277344,2.4554643630981445,1.196232795715332,,,,,,,,,,0.23726828396320343,1.3183581829071045,2.6034557819366455
20240516,1.1363781690597534,1.9771260023117065,1.488101601600647,2.61822509765625,1.0012027025222778,3.063581705093384,4.215484619140625,1.1930781602859497,0.9942094683647156,0.5889772772789001,1.7537609338760376,1.0743417739868164,1.5191487073898315,,0.8257075548171997,0.6722295880317688,2.9356844425201416
20240517,1.3450626134872437,1.9774165153503418,1.56923508644104,1.9221482276916504,0.7632009387016296,2.4323418140411377,3.5710337162017822,0.7955176830291748,0.7011885643005371,0.4077812433242798,1.155667781829834,0.6525799036026001,0.804584801197052,30.23781967163086,1.604804277420044,0.7569215297698975,0.8382331132888794
20240518,1.6177849769592285,2.067291736602783,1.5699867010116577,2.334749937057495,0.7963443398475647,2.310152053833008,3.2148778438568115,0.6761704683303833,0.7661652565002441,0.2767365276813507,0.594783365726471,2.375504732131958,1.2451332807540894,,1.775136947631836,0.4984535574913025,1.6345880031585693
20240519,1.7959256172180176,3.1598153114318848,0.9138287901878357,3.3397724628448486,0.37015286087989807,,,,0.39451852440834045,0.261089950799942,0.6936475038528442,0.848269522190094,1.379785418510437,,,0.2564697861671448,2.1099319458007812
20240520,1.067514181137085,0.568899929523468,,1.4000253677368164,0.5183674693107605,2.110487461090088,2.916414499282837,0.6509337425231934,0.7851566076278687,0.23032259941101074,0.6297542452812195,1.299368143081665,1.3599662780761719,,0.8916615843772888,0.5651836395263672,1.7682548761367798
20240521,1.3353761434555054,2.0304834842681885,1.257662057876587,2.439565896987915,0.7629287242889404,,3.312448501586914,,0.5959368348121643,0.2912686765193939,0.43401142954826355,,0.7142380475997925,,1.1363463401794434,,0.8781468272209167
20240522,2.82796573638916,1.8776119947433472,0.9199302196502686,1.8042821884155273,0.7913947105407715,1.6870841979980469,3.2310867309570312,0.8364920616149902,0.9261299967765808,1.3001351356506348,1.19509756565094,2.443248748779297,2.3809876441955566,,0.6976035833358765,0.3012050688266754,0.8783223628997803
20240523,8.717599868774414,4.076643466949463,4.502967834472656,0.7865652441978455,3.8873062133789062,,,,,,,,1.0384583473205566,,0.9803361892700195,0.22797980904579163,0.7546235918998718
20240524,3.9382991790771484,3.4746756553649902,2.5623207092285156,,,,,,,,,,,,,,
20240525,3.13519024848938,2.5450496673583984,1.7182810306549072,2.9414212703704834,1.2115883827209473,3.905466318130493,5.798423767089844,1.1580232381820679,1.0857439041137695,0.9037244915962219,2.5153822898864746,2.540506601333618,1.8421761989593506,,1.2120283842086792,0.4881002604961395,2.3070788383483887
20240526,2.7188985347747803,2.4590132236480713,1.4235632419586182,2.5664565563201904,1.049820065498352,3.6401236057281494,5.479135990142822,1.1004549264907837,0.9713239073753357,0.6237587928771973,1.864064335823059,2.1586074829101562,1.7751033306121826,,0.6804667115211487,0.5136612057685852,2.3041744232177734
20240527,2.766925573348999,2.064060688018799,1.1304973363876343,2.21471905708313,0.920609712600708,3.28722882270813,4.700127601623535,0.9524548053741455,0.8858959674835205,0.4776916801929474,1.597111463546753,1.9682490825653076,2.322612762451172,,0.5568477511405945,0.47645118832588196,2.241318702697754
20240528,3.1333513259887695,2.2001471519470215,1.3254989385604858,2.022444248199463,1.4357408285140991,3.0183560848236084,4.282077789306641,0.9919787645339966,0.927534282207489,0.681135356426239,2.121066093444824,2.1073973178863525,2.7292585372924805,,0.7444328665733337,0.524486243724823,2.088041067123413
20240529,,,,2.4791359901428223,1.539000391960144,,,,,1.4560956954956055,1.566537618637085,,,,,0.6144806146621704,1.370055913925171
20240530,5.822757244110107,3.3220911026000977,1.7582647800445557,3.190066337585449,1.1294581890106201,1.94106125831604,4.705221652984619,1.3483928442001343,1.1572178602218628,0.6105911731719971,1.5587459802627563,2.3726279735565186,6.286325931549072,,2.0760273933410645,,
20240531,4.09462308883667,2.714313507080078,1.041826605796814,2.4954440593719482,1.0097652673721313,,,,,0.49628016352653503,1.22699773311615,1.2450073957443237,,,1.2447370290756226,0.5470831990242004,1.3779382705688477
20240601,2.9122893810272217,1.7933552265167236,1.0070829391479492,2.2934937477111816,0.9263981580734253,3.082395315170288,4.198168754577637,1.0274779796600342,0.693942666053772,0.42102962732315063,1.0625618696212769,1.4929320812225342,3.753359079360962,,0.7203885912895203,0.3719980716705322,1.2203631401062012
20240602,1.9348738193511963,2.33697772026062,,1.617958426475525,0.980189859867096,2.312286376953125,3.831845283508301,1.003494143486023,0.984943687915802,0.6311324834823608,0.9911437034606934,1.6722559928894043,3.5998287200927734,,0.9568890929222107,0.2731179893016815,0.4446224868297577
20240603,3.5372838973999023,,,4.4858784675598145,,,,,,,,,,,,,0.8865417838096619
20240604,3.1283674240112305,1.6822788715362549,0.9566801190376282,,1.2782320976257324,,,,,0.36606231331825256,,,,,,0.37425971031188965,
20240605,1.5467453002929688,2.022064685821533,0.8555524945259094,2.466588258743286,0.7840433716773987,2.6369543075561523,4.696649074554443,1.1664679050445557,0.945555567741394,0.2472285032272339,1.1396456956863403,1.988669753074646,3.5110177993774414,,1.0764853954315186,0.5304678082466125,1.2070118188858032
20240606,0.8507428169250488,1.128525972366333,0.5009987354278564,1.4167799949645996,0.5277770757675171,1.384358525276184,2.084421157836914,0.4759286344051361,0.4339454174041748,0.2015446573495865,0.8122467398643494,1.4627376794815063,1.9694879055023193,,0.40655317902565,0.34601864218711853,2.138550281524658
20240607,4.345067977905273,1.305259108543396,0.7929216623306274,2.0975470542907715,0.7742710113525391,,2.8861186504364014,,,,0.5588398575782776,1.1306284666061401,2.105957508087158,,1.1784675121307373,,0.5498690009117126
20240608,5.746571063995361,2.561922073364258,2.397866725921631,,2.1688578128814697,,,,,,6.44354248046875,,,,0.6536661982536316,0.5762305855751038,
20240609,,,,1.988540530204773,2.663444995880127,,7.783957004547119,,,,,,,,0.760984480381012,0.3608490526676178,0.4873383641242981
20240610,3.6466498374938965,4.583679676055908,,,,,,,,,,,,,,,
20240611,2.9576284885406494,1.7202938795089722,0.9047546982765198,2.1729860305786133,0.8793981671333313,2.4081175327301025,5.314329147338867,0.9952018857002258,0.7658198475837708,0.40474867820739746,1.5971578359603882,3.7701356410980225,5.039874076843262,27.111648559570312,1.1520905494689941,0.7331829071044922,0.7625471353530884
20240612,,,,,1.2801910638809204,2.6693596839904785,2.8181443214416504,,,,,,,,0.26492783427238464,,0.9149178266525269
20240613,2.309403896331787,2.71224045753479,,,,,,,,,0.2178078293800354,,,,,,
20240614,1.2291682958602905,1.6270666122436523,1.0973347425460815,1.5520340204238892,0.8150966763496399,2.0578432083129883,1.8846975564956665,0.6210499405860901,,0.2553032636642456,0.9438601732254028,,,,,,
20240615,,2.155022382736206,1.478137493133545,0.8288159370422363,0.9357159733772278,,,,,0.47588083148002625,1.452314853668213,1.1165212392807007,1.6261754035949707,,1.1988716125488281,0.5799264907836914,0.7160272598266602
20240616,2.770967960357666,2.8773908615112305,0.7267802953720093,2.0617218017578125,0.9967838525772095,2.2579877376556396,4.842336654663086,1.1587506532669067,0.9388301968574524,0.4366097152233124,1.5039294958114624,1.4917025566101074,1.6777865886688232,,0.9196816682815552,0.4679550230503082,
20240618,,,1.0119733810424805,1.5126352310180664,0.5333027243614197,,,,,0.2666885256767273,0.3205106258392334,0.6539106965065002,0.8568701148033142,,0.6145986318588257,0.36718422174453735,
20240619,2.6977813243865967,2.6162705421447754,1.0753384828567505,1.741329312324524,0.8222442269325256,,,,,,1.9347981214523315,2.6978561878204346,3.595332622528076,17.693126678466797,0.6048418879508972,0.5141707062721252,1.345249056816101
20240620,0.7935983538627625,1.4454765319824219,0.8574368953704834,2.0049614906311035,0.9649769067764282,,,0.7731856107711792,0.9295787811279297,0.4345249533653259,1.6247599124908447,2.9379758834838867,2.117638349533081,,0.6053447723388672,0.11971595138311386,
20240621,1.3705806732177734,1.5727430582046509,0.693751335144043,2.20009446144104,0.7645819783210754,,3.0119948387145996,,0.6641941070556641,0.4627237617969513,0.43117555975914,1.7230411767959595,1.7525131702423096,,0.6075103878974915,0.5614622831344604,1.5984299182891846
20240622,3.200524091720581,1.779647946357727,0.6047182679176331,2.3959882259368896,0.7612554430961609,2.2367053031921387,4.174514293670654,1.0911188125610352,0.615760862827301,0.29987630248069763,0.6171385049819946,1.92306387424469,0.9297429919242859,,0.30669647455215454,,0.41639384627342224
20240623,1.6571106910705566,1.590348482131958,0.7723893523216248,,0.536402702331543,,,,1.1031138896942139,0.31605008244514465,,,,,,0.4462760388851166,2.278721809387207
20240624,2.0036637783050537,,0.4329230487346649,1.592643141746521,0.715082049369812,,3.686859607696533,1.2952357530593872,0.6651246547698975,1.007731556892395,1.5006338357925415,1.6975804567337036,,,,0.4831307530403137,
20240625,1.0891292095184326,1.5537394285202026,1.1933543682098389,,1.5977563858032227,,,,,0.23869630694389343,,,,,,0.2416989803314209,1.4597549438476562
20240626,1.2887693643569946,1.9707475900650024,0.8330909013748169,3.226644277572632,0.8022029399871826,,,0.7987489700317383,,0.24773316085338593,0.7625373005867004,1.9327799081802368,1.0800989866256714,,0.8643027544021606,0.8121570944786072,0.5405449271202087
20240627,1.219745397567749,1.6911606788635254,1.180848479270935,2.9055676460266113,1.0002652406692505,4.1836981773376465,4.949726104736328,,,0.2643195390701294,1.0203315019607544,,3.24714732170105,,2.1831629276275635,0.4454915225505829,1.230191946029663
20240628,,,,,,,,,,,,,,,,,3.41485595703125
20240629,,1.0902738571166992,0.5281767249107361,,0.41869062185287476,,,,,0.38176196813583374,0.9246740937232971,,,,0.8064571022987366,0.19838912785053253,
20240630,0.811138391494751,1.3356397151947021,0.6459735035896301,1.38957679271698,0.8229297399520874,,1.8442935943603516,1.0779023170471191,0.5090774297714233,0.3140067756175995,0.896257758140564,0.8324851393699646,0.9012455344200134,,0.7975309491157532,0.17357102036476135,0.6295941472053528
20240701,,0.9915632605552673,0.6247920393943787,1.2524147033691406,0.8080645203590393,2.3796815872192383,4.603580474853516,1.1701264381408691,0.8262452483177185,0.4359695315361023,0.9544932246208191,1.420672059059143,1.0122382640838623,,0.8464497923851013,0.24139304459095,0.3448368310928345
20240702,,,,,,,,,,,,,,,,,
20240703,0.6972324848175049,1.112855315208435,0.4775550961494446,1.798775553703308,0.7088268995285034,2.1056387424468994,4.1905083656311035,0.7374356389045715,0.6733590960502625,0.3107329308986664,1.1586472988128662,1.392699122428894,1.137888789176941,29.292190551757812,0.6458237767219543,0.3590845763683319,1.698034405708313
20240704,0.7099436521530151,0.7691119909286499,0.40130919218063354,1.814950942993164,0.3047461211681366,,,,0.6330129504203796,0.3044760525226593,,1.2568633556365967,1.0571311712265015,27.994863510131836,0.8088406920433044,0.3099297285079956,
20240705,,,,,,,,,,,,,,,,,
20240706,0.40217238664627075,,1.8397618532180786,2.4661903381347656,1.8465588092803955,3.006639242172241,6.745581150054932,1.9809826612472534,2.109755277633667,1.3331644535064697,2.7866787910461426,2.3421223163604736,1.8156121969223022,,0.8424971699714661,0.6129748821258545,3.3601176738739014
20240707,0.8648850917816162,0.7534024715423584,0.34383222460746765,,,,,,,0.3794481158256531,0.7154167890548706,,,,0.6426439881324768,0.4710509479045868,0.9241467714309692
20240711,,,,,,,,0.47593754529953003,,,0.3935686945915222,0.4212894141674042,0.36006665229797363,,,,
20240712,0.5840635299682617,1.3457826375961304,0.6089563369750977,1.9405702352523804,0.6582469344139099,1.3435760736465454,3.198251724243164,0.7413578033447266,1.0561881065368652,0.5034855604171753,0.725104033946991,0.7102741003036499,2.4131808280944824,,0.7017930746078491,0.5702024102210999,0.618345320224762
20240714,,,,,,,,,,,,,,,,,
20240715,0.4482661187648773,0.9218448996543884,0.5066238641738892,1.162146806716919,0.4142509400844574,,,0.4356294870376587,0.5133784413337708,0.24772991240024567,0.4194945693016052,1.4395211935043335,1.6875320672988892,,0.6207938194274902,0.34539952874183655,
20240716,0.49750202894210815,1.6540648937225342,0.8200653195381165,1.1090137958526611,0.5731651782989502,1.3467652797698975,1.461527705192566,,0.34367305040359497,0.2573206424713135,0.5158610939979553,0.6452341675758362,0.9720737338066101,,,,
20240717,0.6521267890930176,1.5672757625579834,0.8008232116699219,1.5539449453353882,0.7214224338531494,,,,,0.3126845061779022,0.9693397283554077,,2.9721426963806152,18.681800842285156,0.7344884872436523,,1.17507803440094
20240718,0.8250779509544373,,1.0512681007385254,2.36567759513855,2.724307060241699,,,,,,,,,,,0.4077204763889313,1.5469064712524414
20240719,0.655062198638916,1.2773799896240234,0.3829377591609955,,,,,,,,,,,,,,
20240720,0.7731918096542358,1.1095541715621948,0.78495192527771,1.2453868389129639,0.7568804025650024,,,0.7895122170448303,1.1270018815994263,0.4036937654018402,0.8330039978027344,0.9965624809265137,1.9373482465744019,,1.1580673456192017,0.20437130331993103,1.7575511932373047
20240721,0.8449127674102783,1.52700936794281,0.9608464241027832,1.8474804162979126,0.9877822399139404,,,0.6287035346031189,0.6807446479797363,,0.6897585988044739,,,,,,
20240722,0.7205562591552734,1.4247230291366577,1.2503235340118408,2.2110726833343506,1.0169575214385986,2.050666332244873,3.1620330810546875,,,1.090910792350769,,,1.6096264123916626,14.164392471313477,,,0.33144301176071167
20240723,0.7034590840339661,1.7895655632019043,1.1832917928695679,2.622525930404663,1.1256954669952393,1.967846155166626,2.4253990650177,0.7918286323547363,1.742067813873291,0.6173498034477234,1.0600847005844116,1.2309951782226562,,,1.273341417312622,0.7913960814476013,2.1349236965179443
20240724,,,,2.4722113609313965,,1.479928731918335,3.0718801021575928,0.9327653646469116,1.5164982080459595,,1.16218101978302,1.734305739402771,2.011201858520508,13.670771598815918,1.0617589950561523,0.3619067072868347,
20240725,0.5284731388092041,0.9503709077835083,0.6266824007034302,1.781317114830017,0.6759888529777527,1.6570528745651245,3.017317056655884,,0.8661355972290039,0.3507912755012512,0.6104852557182312,1.5464634895324707,,,0.19291846454143524,0.34156283736228943,1.522260308265686
20240726,0.7807046175003052,1.0922185182571411,1.4184335470199585,1.8727723360061646,1.001100778579712,2.3387293815612793,3.2892754077911377,1.0590262413024902,1.1948316097259521,,1.147958755493164,1.204308032989502,1.218971610069275,12.887151718139648,1.7424858808517456,0.3421189486980438,1.3534619808197021
20240727,0.5302839279174805,1.459499716758728,1.236727237701416,1.771591067314148,1.1956387758255005,1.74528968334198,3.710134744644165,1.0292487144470215,1.1415390968322754,0.43435949087142944,1.1173869371414185,0.9604707360267639,1.5086939334869385,9.859221458435059,0.8474423885345459,0.4599674940109253,
20240728,0.6110655665397644,1.1315213441848755,0.7462137341499329,1.7992379665374756,0.9298059344291687,2.193312644958496,3.6998393535614014,1.1353492736816406,0.8998788595199585,,0.9898403286933899,1.6249167919158936,1.5857524871826172,13.8052396774292,0.8825649619102478,0.48526114225387573,0.9462300539016724
20240729,0.5942511558532715,1.2373424768447876,0.9179127812385559,1.8282837867736816,1.3064860105514526,2.0523483753204346,2.592156171798706,1.0302447080612183,0.7879891395568848,0.5228575468063354,0.7656401991844177,,,,,0.41769737005233765,0.3722051680088043
20240730,0.5588475465774536,1.0290964841842651,0.9766018390655518,2.1652421951293945,1.1273343563079834,2.4392101764678955,4.954286098480225,0.9471193552017212,0.9152291417121887,0.47077828645706177,1.0000483989715576,1.4020951986312866,1.7058910131454468,13.849491119384766,0.7795142531394958,0.4352668821811676,1.5630409717559814
20240731,0.6153503060340881,1.0325331687927246,1.0783976316452026,1.7594304084777832,0.9689249992370605,1.5892046689987183,3.7047319412231445,0.8556894659996033,0.8575155735015869,0.576779842376709,1.3980531692504883,1.3003575801849365,1.7140965461730957,12.95176887512207,0.9637385010719299,0.4235638678073883,1.5348889827728271
20240801,0.728492259979248,1.5416648387908936,1.6135480403900146,1.96660578250885,0.8210224509239197,1.822402000427246,3.1457550525665283,0.9813610315322876,0.8493255972862244,0.5163997411727905,1.2128807306289673,1.482312798500061,1.9627325534820557,12.567065238952637,0.866874635219574,0.630070149898529,1.7215131521224976
20240802,0.537017822265625,1.233921766281128,1.0132696628570557,,0.6586450934410095,,,0.9301040768623352,,0.44024431705474854,0.5227356553077698,,,,,,
20240803,,1.5890949964523315,0.9022447466850281,1.7281615734100342,0.7856656908988953,2.2375495433807373,4.257885456085205,1.055577278137207,0.843940794467926,0.44635775685310364,1.0883188247680664,1.4392894506454468,1.8715747594833374,15.34663200378418,0.9590991735458374,0.4713623523712158,1.2285531759262085
20240804,,,,,,,,,,,,,,,,0.61677485704422,1.0388833284378052
20240805,0.45202118158340454,0.862719714641571,0.6334648728370667,1.5349690914154053,0.4733976423740387,1.2734248638153076,4.631892204284668,0.5637837052345276,0.542364776134491,0.3255072832107544,0.4714389145374298,1.10263991355896,1.4854812622070312,9.242403030395508,0.9311185479164124,0.3925902247428894,1.5195724964141846
20240806,0.6358267068862915,1.1131402254104614,0.8042078018188477,1.7499619722366333,0.7238744497299194,1.648377776145935,4.095376014709473,0.8364027142524719,0.7319803237915039,0.4811156094074249,0.6744438409805298,1.2698192596435547,1.6337136030197144,13.22061824798584,0.6774798035621643,0.40330204367637634,
20240807,0.6627966165542603,1.4260108470916748,1.4369388818740845,2.5469155311584473,0.9876269698143005,3.111680269241333,6.563851356506348,1.3453034162521362,1.1264426708221436,0.6782307028770447,1.1624594926834106,2.0579609870910645,2.5723512172698975,20.237646102905273,1.1281768083572388,0.41235801577568054,0.9339081645011902
20240808,0.6817200183868408,1.0681846141815186,0.7995083332061768,1.1660873889923096,0.6086947321891785,,,0.8695818781852722,0.5787338018417358,0.33981239795684814,0.930504322052002,,,,,,
20240809,0.4351114332675934,0.9385855197906494,0.7687983512878418,2.1725120544433594,0.8501660227775574,2.16936993598938,,0.897102415561676,0.44700711965560913,,,1.861221194267273,1.590608835220337,16.409168243408203,,,1.0508939027786255
20240810,0.4735336899757385,0.9715078473091125,0.8947063684463501,1.7530438899993896,0.7401609420776367,2.2498960494995117,4.272388935089111,0.7804149985313416,0.7792364358901978,0.37047210335731506,0.6849092245101929,1.2191417217254639,1.4360079765319824,12.59088134765625,0.6674617528915405,0.4262170195579529,1.3991258144378662
20240811,0.5102208852767944,0.9842445850372314,0.697428822517395,1.6733112335205078,0.7741054892539978,2.0537829399108887,3.614358901977539,0.9040146470069885,0.8586717247962952,0.4753749370574951,0.8216686248779297,1.241541862487793,2.27915358543396,14.186647415161133,1.070616364479065,0.44858136773109436,1.488642930984497
20240812,,,,,,,,,,,,,,,,,
20240813,0.5416215658187866,1.4023622274398804,0.8554589152336121,3.142894983291626,,,,,,,,,,,,1.4908795356750488,1.5019752979278564
20240814,,,,2.3390142917633057,0.9570364952087402,2.0599162578582764,5.066981315612793,0.8921741843223572,0.7843402028083801,0.39747369289398193,0.8187816739082336,1.1322245597839355,2.4559686183929443,13.930028915405273,1.4568467140197754,0.5464771389961243,1.5955665111541748
20240815,0.3629909157752991,1.2146722078323364,1.3218075037002563,1.6646870374679565,0.8916523456573486,,,,,0.9976093769073486,0.9142974019050598,1.1590805053710938,2.099724292755127,,1.8119702339172363,0.741510272026062,4.675889015197754
20240816,0.4051973223686218,0.9130793809890747,0.653195858001709,0.9937576055526733,0.5331031084060669,,3.3907077312469482,0.3072488605976105,0.5960607528686523,1.2102197408676147,0.4052681028842926,0.4501417577266693,3.644970417022705,,0.8608310222625732,0.3766745626926422,
20240817,0.4452352523803711,1.018761396408081,0.5340453386306763,1.7462671995162964,0.6240368485450745,,,,,0.6575875282287598,0.7035873532295227,0.9551789164543152,2.0716607570648193,,0.9743819236755371,0.39995077252388,0.9626771211624146
20240818,0.5097677707672119,1.3542264699935913,0.8873392939567566,1.9510279893875122,0.8203599452972412,,,0.8294389843940735,0.8481982946395874,0.3782557547092438,1.0221645832061768,0.8546407222747803,1.4194539785385132,11.205253601074219,,,0.6172639727592468
20240819,0.427089661359787,1.0095638036727905,0.7979555130004883,,1.0283125638961792,,,,,,,,,,0.7110164761543274,0.5527183413505554,1.1905035972595215
20240820,0.30293118953704834,0.7373743057250977,0.521198034286499,1.1484822034835815,0.5895833969116211,,1.651679277420044,0.5015481114387512,,0.2921469509601593,0.6643483638763428,,0.8565539717674255,,,,
20240821,,,0.43819501996040344,,0.3885725736618042,,2.0419492721557617,0.5166015028953552,0.5843798518180847,0.3500882387161255,0.8315101265907288,0.5415941476821899,1.8602958917617798,,1.334456205368042,0.385188490152359,0.6865833401679993
20240822,0.6459002494812012,1.2525588274002075,0.8908593058586121,2.027447462081909,0.8258142471313477,1.7259148359298706,3.496091604232788,0.8892080783843994,0.793191134929657,0.3831632733345032,0.7638220191001892,0.5900967121124268,1.312953233718872,12.022395133972168,0.8744391202926636,0.343731164932251,0.5237051248550415
20240823,0.3957890272140503,1.43235445022583,0.9455438256263733,2.342344284057617,0.9199492931365967,,,1.3497097492218018,,0.5473219752311707,1.7859208583831787,1.6889067888259888,2.3655378818511963,,2.2698516845703125,,
20240824,0.30015233159065247,,1.009374737739563,,1.5376827716827393,,,0.7999851703643799,,0.528019368648529,1.5447137355804443,0.8340262174606323,1.8309214115142822,13.115439414978027,1.0895538330078125,0.39012521505355835,1.238251805305481
20240825,0.3619691729545593,1.0504467487335205,0.8162693977355957,1.7902770042419434,0.6270775198936462,2.3060479164123535,2.6619935035705566,,0.6764035820960999,0.32575762271881104,0.827538251876831,0.5091105103492737,1.2194364070892334,,0.2734701633453369,,1.6915544271469116
20240826,0.38487377762794495,0.9025149345397949,0.5574662089347839,1.6652342081069946,0.5955340266227722,,,0.5085530281066895,0.4390154182910919,0.3465084731578827,0.7984650731086731,0.49822765588760376,1.161829948425293,6.731601238250732,1.537741780281067,0.3492080569267273,1.0566352605819702
20240827,0.36060628294944763,1.0991555452346802,0.868656575679779,1.5891443490982056,0.790171205997467,1.7173763513565063,2.638958692550659,0.8677471876144409,1.0409393310546875,0.5505585670471191,1.136057734489441,0.7962855100631714,1.7857707738876343,9.89421558380127,2.242985963821411,,
20240828,0.29602959752082825,1.5272834300994873,0.9074134230613708,1.377841591835022,0.7305012941360474,1.2229719161987305,1.9092340469360352,,,,,,,,,,1.149860143661499
20240829,0.34395891427993774,1.235725998878479,1.2696954011917114,1.8648041486740112,0.9628028869628906,2.689602851867676,3.711953639984131,0.779555082321167,1.2448573112487793,,0.9991502165794373,,1.371580958366394,,1.6041475534439087,0.5213385224342346,
20240830,0.3308529257774353,0.8014125823974609,0.7791343331336975,1.657038927078247,0.7921488285064697,,2.7687361240386963,0.8453278541564941,0.9747645854949951,0.5216177701950073,1.0628976821899414,1.0894255638122559,1.9459996223449707,,0.9971144199371338,0.5491825938224792,1.0897706747055054
20240831,0.3723779022693634,1.0072072744369507,0.814887285232544,1.4670146703720093,0.6601178050041199,1.481325387954712,2.639995574951172,,1.145431399345398,,0.5008415579795837,0.6989930272102356,1.944034218788147,,0.7958557605743408,0.8159430623054504,1.2776418924331665
20240901,0.3440033793449402,0.9802444577217102,1.1216034889221191,1.3354477882385254,0.7867464423179626,,,,,,,0.9608267545700073,,,1.2574430704116821,0.5179207921028137,1.6174529790878296
20240902,0.37960225343704224,1.1365931034088135,1.2540075778961182,1.7582694292068481,1.1104652881622314,1.5553312301635742,2.534418821334839,1.439213514328003,1.446183681488037,0.6669574975967407,1.5707097053527832,,,,0.91776043176651,,1.8775049448013306
20240903,0.4170413315296173,1.093530535697937,0.9577704071998596,2.0980968475341797,0.9767529964447021,2.2436375617980957,3.8514397144317627,1.0574175119400024,1.2279272079467773,0.5169777870178223,1.3166240453720093,1.1533085107803345,1.5184358358383179,10.722260475158691,1.108001947402954,,1.210100531578064
20240904,,,,,,,,,,,1.3383042812347412,,,,,,
20240905,0.2780379354953766,,,,,,,1.0178698301315308,,,,,,,,,
20240906,0.3388350009918213,0.8455647230148315,0.4126788377761841,,,,,,,,,,,,,,
20240907,0.38677653670310974,1.0525227785110474,0.7763105630874634,1.6629832983016968,0.7478358149528503,1.4438413381576538,2.7715835571289062,0.905504047870636,0.9825476408004761,0.36681419610977173,1.0340101718902588,1.230551838874817,1.326185703277588,,0.5048238635063171,0.44019216299057007,1.2209879159927368
20240916,0.5513744354248047,1.0178908109664917,0.7185973525047302,1.7664304971694946,0.7056806087493896,2.1773269176483154,3.4261527061462402,0.6406199336051941,0.6623505353927612,0.4818804860115051,1.1516467332839966,,,8.455828666687012,,0.4556848108768463,1.2671458721160889
20240917,,,,,,,,,,,,,,,,,
20240918,0.6585431694984436,1.4286227226257324,0.8373396992683411,2.2072107791900635,0.6412993669509888,,,,,0.5055533647537231,,,,,,0.7668682336807251,0.8655959367752075
20240919,0.36646050214767456,2.840433120727539,,2.0479576587677,0.45182690024375916,,,,,0.39400696754455566,0.8040255308151245,1.0691924095153809,2.5948145389556885,,1.1889524459838867,0.32694682478904724,1.1259613037109375
20240923,,,,,,,,,,,,,,,,,
20240924,0.3161885142326355,,,,,,,,,,,,,,,,
20240925,0.1835440993309021,0.6306188702583313,0.30244705080986023,,0.2975820004940033,,,,,0.49069854617118835,1.3245244026184082,0.4588529169559479,,,0.7155647873878479,,
20240926,0.35206925868988037,0.8779213428497314,0.5666327476501465,1.8738609552383423,0.6542218923568726,2.4786362648010254,4.849714279174805,0.6727700233459473,0.719739556312561,0.4389428198337555,0.9997758865356445,1.2909295558929443,2.2355778217315674,10.114203453063965,1.7829493284225464,0.3469688892364502,
20240927,0.3859371542930603,0.7715581059455872,0.514488160610199,1.5921136140823364,0.5983982682228088,2.3332316875457764,3.9922382831573486,0.6156566143035889,0.6137447953224182,0.44330209493637085,0.9339665174484253,0.9127335548400879,1.3015385866165161,9.311003684997559,1.040100336074829,0.5546388626098633,1.26618492603302
20240929,0.45551079511642456,1.0800752639770508,0.7750190496444702,1.445525050163269,0.7191349267959595,,,0.5196607708930969,0.26394376158714294,0.5146127939224243,0.7457120418548584,0.5383910536766052,1.4911601543426514,,0.5246716141700745,0.39999595284461975,0.3950512707233429
20241001,,,,,,,,,,,,,,,,,
20241002,0.3746132254600525,1.0127744674682617,0.7447907328605652,1.9943554401397705,0.5640095472335815,2.064899444580078,4.02103328704834,0.6062864661216736,0.6079527735710144,0.38886895775794983,1.0162705183029175,0.6900020241737366,1.3868043422698975,12.935860633850098,1.1922293901443481,0.6532220244407654,1.564200758934021
20241003,0.28881558775901794,,,,,,,,,,,,,,0.7183540463447571,0.7200486660003662,1.1917266845703125
20241004,0.3896893262863159,1.0996865034103394,0.6688785552978516,2.0620064735412598,0.6286264657974243,,3.046882152557373,,0.33598142862319946,0.32773247361183167,0.7698531746864319,0.5257581472396851,1.0571054220199585,,0.5274981260299683,0.5989261865615845,0.6664229035377502
20241005,0.3366309404373169,1.0627795457839966,0.6449528336524963,1.7536087036132812,0.7145727276802063,2.153373956680298,3.012003183364868,0.7119812369346619,0.6587672829627991,0.5743981599807739,1.024898886680603,1.244545340538025,,,,,
20241007,0.3053526282310486,0.9899237751960754,0.5788769125938416,2.0890626907348633,0.5535590052604675,4.0015764236450195,5.492990970611572,0.39083626866340637,0.6679611206054688,0.2960553467273712,,,,,0.589706540107727,0.468504399061203,0.6068310141563416
20241008,0.298427939414978,0.802154541015625,0.5062215924263,1.6340090036392212,0.5605645179748535,1.7741293907165527,3.829266309738159,0.6468636393547058,0.6834969520568848,0.3445894122123718,0.8646630048751831,0.6720032691955566,1.0136029720306396,11.089823722839355,0.8543367385864258,0.389441579580307,0.9518541693687439
20241010,,0.954811692237854,0.6692789196968079,1.9099047183990479,0.5912744402885437,2.428950071334839,3.4097554683685303,0.6806214451789856,0.6904523968696594,0.3679927587509155,0.8343029618263245,0.886587381362915,1.5585267543792725,14.577964782714844,0.9755698442459106,0.5289957523345947,1.0841960906982422
20241011,,,0.3714902698993683,,0.5683203935623169,,,0.7180806398391724,0.5867784023284912,0.3312127888202667,1.0347020626068115,,1.369262933731079,15.994599342346191,0.7555846571922302,0.5124536752700806,0.5806688070297241
20241012,,,0.8630588054656982,,,,,0.8347264528274536,,0.2798824906349182,1.3340458869934082,4.34918737411499,,13.483302116394043,1.2449651956558228,0.5614011287689209,1.4950460195541382
20241013,0.35878971219062805,0.5894767642021179,0.21019014716148376,,0.3018512725830078,,,,,0.2728477120399475,0.6433272957801819,,,,,,
20241014,0.5277214050292969,1.002003788948059,0.4969044625759125,1.2346314191818237,0.41225823760032654,1.4755011796951294,2.7251362800598145,0.5640056729316711,0.4924119710922241,0.3165951371192932,0.7690456509590149,0.6290436387062073,1.0484932661056519,9.450223922729492,1.046562910079956,0.5123474597930908,1.0115845203399658
20241015,0.3408789038658142,1.1249594688415527,0.6049347519874573,1.730844259262085,0.498455286026001,1.3909928798675537,2.7592458724975586,0.5616258978843689,0.34321022033691406,0.283885657787323,0.8283562660217285,0.6669787168502808,0.7989233136177063,15.849762916564941,1.0097277164459229,,0.675288736820221
20241016,0.294089138507843,1.0327359437942505,0.6061561703681946,2.129577159881592,0.5198954343795776,2.2736575603485107,3.9801688194274902,0.6930379271507263,0.48218637704849243,0.269045352935791,0.8809489011764526,0.32301169633865356,0.6181800365447998,,1.1370967626571655,,0.7158392667770386
20241017,0.24834920465946198,,,2.248098611831665,,1.7281043529510498,,,,,,,,16.95098304748535,,,
20241018,0.2892672121524811,0.5133047699928284,0.22655296325683594,1.476291298866272,0.7151924967765808,1.1424137353897095,2.6167681217193604,0.8766571283340454,0.4945591986179352,0.27870896458625793,0.6801813244819641,1.0306991338729858,2.3019628524780273,,,,
20241019,0.3094376027584076,0.7972534894943237,0.515224814414978,1.8613377809524536,0.5130124688148499,2.446573495864868,4.034451484680176,0.6140304803848267,0.6147142052650452,0.27308347821235657,0.6420570611953735,0.6299610733985901,1.0757713317871094,12.61555290222168,0.8800542950630188,0.2836970388889313,1.2944190502166748
20241020,0.36172690987586975,1.0922292470932007,0.5503087639808655,1.893886685371399,0.4757530987262726,2.0130348205566406,2.6042330265045166,0.5812193155288696,0.45434117317199707,0.28241363167762756,0.5870529413223267,0.48836201429367065,0.6790256500244141,,0.6256901025772095,0.63640958070755,0.6104306578636169
20241021,0.4374341070652008,1.0322941541671753,0.4804166257381439,1.353745937347412,0.505650520324707,,1.9492299556732178,0.4476041793823242,,0.27931898832321167,1.1988595724105835,,,,0.6109136343002319,0.554572343826294,1.0154975652694702
20241022,,,0.514569878578186,,0.41779837012290955,,,0.4778134226799011,,0.27779948711395264,0.558047890663147,,,,0.6853170990943909,0.364012211561203,0.5863035917282104
20241023,0.3932638466358185,0.7453210949897766,0.4773143231868744,1.8985671997070312,0.5095129013061523,3.265413522720337,7.077723026275635,0.42749279737472534,0.5002962946891785,0.16062772274017334,,,,,,0.43070438504219055,0.8597667217254639
20241024,0.2986953556537628,0.770888090133667,0.41935887932777405,1.306567668914795,0.4286419451236725,1.9739363193511963,3.299964427947998,0.5494094491004944,0.5979071855545044,0.23029686510562897,0.3921412527561188,0.32507479190826416,1.3007146120071411,,0.7206911444664001,0.32635360956192017,0.9342241287231445
20241025,0.33502668142318726,1.1286174058914185,0.47916582226753235,1.580203890800476,0.37238213419914246,1.6919564008712769,2.226581573486328,0.5321842432022095,0.32031571865081787,0.2728368043899536,0.5384997725486755,,,,0.6251904368400574,0.5091891288757324,0.9528141021728516
20241026,0.21304471790790558,,,,,,3.525862455368042,,,,,,,,,0.355545312166214,1.1068310737609863
20241027,0.37011072039604187,0.8851714134216309,0.49075618386268616,2.0213942527770996,0.49603211879730225,2.214143753051758,4.62340784072876,0.6314864158630371,0.5153957605361938,0.2623765468597412,0.9446650743484497,,2.3698019981384277,11.35784912109375,1.7693945169448853,0.37009552121162415,0.6404743194580078
20241028,0.4161545932292938,0.9677428007125854,0.5587764382362366,1.9260658025741577,0.47159403562545776,1.9243825674057007,4.421271800994873,0.6065133810043335,0.5277991890907288,0.23730531334877014,0.9189091324806213,0.7722755670547485,1.3814566135406494,10.840052604675293,0.9602681398391724,0.36340105533599854,1.202023983001709
20241029,0.3470751643180847,0.7631976008415222,0.3900304436683655,1.6864265203475952,0.41761162877082825,1.8801392316818237,3.6044232845306396,0.5102575421333313,0.48130249977111816,0.24294282495975494,0.6431384682655334,0.48780012130737305,1.1389882564544678,14.330229759216309,1.1424245834350586,,1.2860949039459229
20241030,0.2850103974342346,0.6341125965118408,0.47576823830604553,1.503062129020691,0.4187006950378418,1.5594744682312012,,0.5694145560264587,0.427600622177124,0.2881695330142975,0.7308021187782288,0.38108307123184204,1.7715777158737183,,1.144770622253418,0.46918657422065735,2.89966082572937
20241031,0.5957735776901245,1.0574167966842651,0.6294713616371155,1.9158790111541748,0.48029473423957825,1.9133938550949097,3.624346971511841,0.5181761384010315,0.426362007856369,0.20234499871730804,0.5677810311317444,1.1820542812347412,1.1327018737792969,9.661172866821289,0.45505523681640625,0.32736068964004517,0.3299913704395294
20241101,0.3899844288825989,0.892592191696167,0.4577067196369171,2.231344699859619,0.5123119354248047,2.4381461143493652,5.3419952392578125,0.6112744808197021,0.5124784708023071,0.2581109404563904,0.864853024482727,0.635165810585022,0.9102006554603577,12.712151527404785,0.7031177282333374,0.34686005115509033,0.8109089136123657
20241102,,,,,,,,,,,,,,,,,
20241103,0.2709963023662567,0.6557039022445679,0.39269906282424927,2.3076186180114746,,1.3874019384384155,4.585186958312988,0.6486704349517822,0.651343584060669,,0.49821457266807556,0.665024995803833,1.6345818042755127,10.04115104675293,0.6410980820655823,0.3449576497077942,0.7537316679954529
20241106,0.3500516414642334,1.086240530014038,0.36827901005744934,2.0672824382781982,0.4871003031730652,1.1364691257476807,3.227917432785034,0.8225722908973694,1.0592542886734009,0.35836926102638245,0.551742434501648,0.5233197808265686,0.8781905770301819,,0.8630919456481934,0.3706202208995819,
20241107,0.29604554176330566,0.7569161057472229,0.43967190384864807,1.9965451955795288,0.47997966408729553,2.689517021179199,4.8670430183410645,0.649111270904541,0.5546011328697205,0.23082372546195984,0.44149449467658997,0.5029379725456238,1.7482831478118896,9.303841590881348,0.5337476134300232,0.27403512597084045,0.40427181124687195
20241108,,0.5660235285758972,0.34922483563423157,1.8982441425323486,0.46236157417297363,2.808187246322632,4.844895362854004,0.5574751496315002,0.6059294939041138,0.2340269535779953,0.8013870716094971,0.5711880326271057,1.8599539995193481,8.55334186553955,0.5441579818725586,0.29513370990753174,0.5172317624092102
20241109,0.3773265480995178,0.6847316026687622,0.36280471086502075,,0.3201383948326111,,,,,0.20415976643562317,,,0.5898670554161072,,,,
20241110,0.35428112745285034,0.6642549633979797,0.3561922311782837,1.4061070680618286,0.43994203209877014,1.6032230854034424,2.6298604011535645,0.5232474207878113,0.5120280981063843,0.25067463517189026,0.625363826751709,0.5443789958953857,1.1745887994766235,11.903300285339355,0.6179757118225098,0.35838568210601807,1.0334243774414062
20241111,0.428775817155838,0.381685346364975,0.26484259963035583,2.0293660163879395,0.5072249174118042,,,,0.3376212418079376,0.24587589502334595,1.035750150680542,1.371645450592041,,,0.848526120185852,0.24681152403354645,0.5068650841712952
20241112,0.2762351930141449,,0.20112724602222443,1.8325467109680176,0.5716664791107178,1.5486445426940918,4.042239665985107,0.580247163772583,0.5490766763687134,0.21501195430755615,0.6809828877449036,0.6198861598968506,0.8556445837020874,8.95635986328125,1.0869412422180176,0.2459229826927185,
20241113,0.3844458758831024,1.2268898487091064,0.3149067759513855,2.0520200729370117,0.44210726022720337,,2.6977415084838867,0.5330570340156555,0.4441499412059784,0.21521152555942535,0.9627363085746765,0.6273515224456787,1.9976764917373657,,0.5720047354698181,0.288578063249588,0.9639333486557007
20241114,0.35938534140586853,0.4583706855773926,0.293344646692276,1.7322697639465332,0.38333961367607117,2.2643728256225586,2.295278549194336,0.586801290512085,,0.2705708146095276,0.44189003109931946,,,8.90356159210205,,0.2782188951969147,1.9882901906967163
20241115,0.42269301414489746,0.7926759123802185,0.3315492868423462,1.4755685329437256,0.47203725576400757,,1.6666251420974731,,,0.27987706661224365,0.6269999742507935,0.3348800837993622,0.687567412853241,,0.5620575547218323,0.33267053961753845,0.926737368106842
20241117,0.3223054111003876,0.7898839116096497,0.3678680658340454,2.238448143005371,0.5600900650024414,2.8111302852630615,5.095135688781738,0.7572582960128784,0.7627185583114624,0.28119224309921265,0.818828284740448,0.5756768584251404,1.1414369344711304,8.9418306350708,0.903837263584137,0.34640106558799744,0.4344038963317871
20241118,0.3022550940513611,0.9360617399215698,0.6184208393096924,2.308203935623169,0.6085020899772644,2.5184590816497803,4.777685165405273,0.784898042678833,0.5926876068115234,,,,,6.834669589996338,,0.2874862253665924,0.6071850657463074
20241119,0.39356374740600586,0.8019049167633057,0.4370042085647583,4.787393093109131,0.6498032212257385,3.325110912322998,4.441833019256592,0.8437621593475342,0.5878546833992004,0.33028092980384827,0.90818190574646,0.9780676364898682,1.3490931987762451,7.978557586669922,1.0470818281173706,,1.4453086853027344
20241120,0.5555830597877502,0.813644289970398,0.43295589089393616,1.9481171369552612,0.512088418006897,1.4577223062515259,1.8792293071746826,0.7462124228477478,0.5889194011688232,0.3202204704284668,0.8037504553794861,0.619687020778656,0.5812563300132751,8.263829231262207,,,1.9191548824310303
20241121,,0.6517373323440552,0.2815936207771301,1.3699181079864502,0.34592172503471375,,,,,0.22729992866516113,,0.31547147035598755,0.6098402142524719,,0.690985381603241,0.3778185248374939,0.9208833575248718
20241122,,,,,,,,,,,0.40394431352615356,,,,0.5679004192352295,0.3523458242416382,0.4834626019001007
20241123,,,,,,,,,,,,,,,,,
20241124,0.6669041514396667,0.6016847491264343,0.1739523857831955,,0.4627790153026581,,,,,,,,,,,,
20241125,0.49777311086654663,0.7239249348640442,0.35075244307518005,1.659828782081604,0.4684971272945404,,,0.8529007434844971,,0.26141539216041565,0.9875562191009521,,,,0.7395387291908264,,
20241126,0.3012459874153137,0.14219310879707336,,,,,,,,,,,,,0.6263924837112427,0.30750834941864014,1.0301592350006104
20241127,0.28502097725868225,0.5539024472236633,0.17206712067127228,1.6638470888137817,0.4129556119441986,,1.6398552656173706,0.47065383195877075,0.5072069764137268,,0.38583311438560486,0.4405623972415924,0.9709481596946716,,0.35707351565361023,0.2491726577281952,0.23481124639511108
20241128,0.2937186658382416,0.593951404094696,0.26713934540748596,2.4983129501342773,0.32971611618995667,,,,,,,,,,,,0.8979392051696777
20241129,0.42183488607406616,1.262335181236267,0.6212545037269592,2.4674627780914307,0.5243176817893982,2.562838077545166,4.262437343597412,0.6802900433540344,0.5778031945228577,0.2532854676246643,0.4743017852306366,0.6491634249687195,0.9702087044715881,8.591760635375977,0.7017751336097717,0.3455495834350586,1.4635052680969238
20241130,0.29802894592285156,0.23330368101596832,0.4446142017841339,1.680281639099121,0.5043056607246399,,,,,0.27774709463119507,,,,,,,
20241201,0.33518075942993164,0.7599978446960449,0.35432878136634827,1.6761711835861206,0.49815407395362854,1.9786306619644165,4.518367767333984,0.6265031099319458,0.509305477142334,0.24161268770694733,0.5848767161369324,0.5647376775741577,0.6122918128967285,10.27271556854248,0.4180101454257965,,
20241202,0.3191211521625519,0.8614285588264465,,,,,,,,,,,,,,,0.6408861875534058
20241203,0.2883353531360626,0.7961799502372742,0.4385095536708832,2.4648854732513428,0.5825179815292358,2.81929612159729,5.394064903259277,0.7461106777191162,0.6356863379478455,0.2774478793144226,0.86418616771698,0.5295354723930359,0.9646366834640503,8.609134674072266,0.6523512601852417,0.2901252806186676,0.48267537355422974
20241204,0.279873251914978,0.7134048342704773,0.40633273124694824,2.868628978729248,0.5899509191513062,3.2634623050689697,5.922237396240234,0.7872018218040466,0.6629784107208252,0.2630769908428192,0.9345835447311401,0.4807712733745575,0.9165200591087341,10.288773536682129,0.5580425262451172,0.2889711260795593,1.1645631790161133
20241205,,0.5251232981681824,0.34903275966644287,0.6736697554588318,0.49632158875465393,,,0.31047680974006653,,0.2719454765319824,0.4517010450363159,0.35767894983291626,0.7595304250717163,,0.5297406315803528,0.25537344813346863,1.111831784248352
20241206,0.4893897771835327,0.7140761017799377,0.37128618359565735,3.1845438480377197,0.4456839859485626,,,,,0.275560200214386,0.32332777976989746,0.4108583927154541,0.4010506868362427,,0.6043736338615417,,
20241207,,0.8112711310386658,0.4925515949726105,2.018498659133911,0.6488102078437805,2.0812675952911377,3.844886541366577,0.528678834438324,0.6376171708106995,0.24646374583244324,0.9422326683998108,,,,0.4791380763053894,0.23640652000904083,0.5808811187744141
20241208,,,0.2419319897890091,2.645537853240967,0.5098561644554138,2.0378775596618652,4.206721782684326,0.7362508177757263,0.6576944589614868,0.2436065375804901,0.27371397614479065,0.5867890119552612,1.001008152961731,9.050137519836426,1.1502406597137451,0.21697737276554108,0.9327570199966431
20241209,,0.5097872018814087,0.33633190393447876,1.4872236251831055,0.4944884777069092,2.6839077472686768,4.887613773345947,0.8188308477401733,0.6306155323982239,0.23795685172080994,0.6928190588951111,0.5533839464187622,1.024590253829956,10.548654556274414,0.5046943426132202,0.3173944354057312,0.9548867344856262
20241210,,,0.39515092968940735,1.5231902599334717,0.667069137096405,3.240817070007324,5.321505546569824,0.7216851115226746,0.8697686791419983,0.22607190907001495,0.9902268648147583,0.5303937196731567,0.8794162273406982,,0.4779077470302582,0.2624359428882599,0.6381334662437439
20241211,0.4028799533843994,0.7842385172843933,0.46247661113739014,1.7692853212356567,0.4504260718822479,2.425328254699707,2.7579782009124756,0.6431586742401123,0.5705705881118774,0.28885430097579956,0.7499528527259827,0.679901659488678,,,,,0.806601345539093
20241212,0.37319862842559814,0.8821256756782532,0.4412187933921814,2.0881969928741455,0.4574287533760071,2.5148215293884277,3.735191583633423,0.6073395013809204,0.49527642130851746,0.27846765518188477,0.5937315225601196,0.8601786494255066,1.330251693725586,12.338268280029297,,0.28284892439842224,1.2012531757354736
20241213,0.3793236017227173,0.9296634793281555,0.5028989315032959,2.6176068782806396,0.5717574954032898,2.9305715560913086,5.257290840148926,0.7393007278442383,0.5269407629966736,0.23015661537647247,0.6968467831611633,0.5444510579109192,0.9755810499191284,11.063652038574219,0.6028518080711365,0.32411548495292664,1.622062087059021
20241214,,,,,,,,,,,,,,,,,
20241215,0.26223817467689514,0.2695169150829315,0.17795707285404205,2.400861978530884,0.662260115146637,,,0.2829757034778595,0.4743727743625641,0.21760757267475128,0.5759149193763733,0.6967827677726746,0.806159257888794,9.860368728637695,0.4243028163909912,0.2427097111940384,1.1575937271118164
20241216,0.32902610301971436,0.848599910736084,0.21545568108558655,1.2257071733474731,0.4924609065055847,,,0.5345984697341919,0.5697330832481384,,0.8312280178070068,0.593866229057312,,,1.1492449045181274,0.22170083224773407,0.4279635548591614
20241217,0.41062772274017334,0.9930477738380432,0.34328463673591614,2.2769124507904053,0.5347324013710022,2.231801986694336,3.6772003173828125,0.8667740225791931,0.4391009211540222,0.28368932008743286,0.8862950801849365,,,,0.26160740852355957,,1.0390686988830566
20241218,0.3209283649921417,0.8372969031333923,0.4744448959827423,2.3046529293060303,0.5898957848548889,2.5732548236846924,4.142327785491943,0.8236779570579529,0.650521993637085,0.28995633125305176,0.8439595699310303,0.6224239468574524,0.917512834072113,8.668024063110352,0.5258095860481262,0.2911708354949951,0.9944106936454773
20241219,0.3313145041465759,0.7693234086036682,0.5238800644874573,2.6048154830932617,0.5747592449188232,3.262906789779663,5.369128704071045,0.868114173412323,0.6706406474113464,0.2821628451347351,0.9043546915054321,0.627711832523346,0.7564161419868469,10.311224937438965,0.6612948179244995,0.3016450107097626,1.0513817071914673
20241220,,1.922116756439209,0.46702060103416443,2.096025228500366,0.5259664058685303,2.477158308029175,5.377902507781982,0.8190662264823914,0.6522966623306274,0.2588500678539276,0.9203771948814392,,0.6456055045127869,6.765103340148926,0.3996709883213043,0.21567118167877197,0.7214598059654236
20241221,0.3709968328475952,0.7152830362319946,0.45058757066726685,0.999332845211029,0.4896121919155121,,,,,0.31908583641052246,1.0175436735153198,,1.582994818687439,,0.7628205418586731,0.23131656646728516,2.1112430095672607
20241222,0.8250020146369934,0.7508686184883118,0.4318349063396454,1.8944716453552246,0.4194295406341553,2.380704164505005,2.9910361766815186,0.8917523622512817,0.5833004713058472,,,,,,,,
20241223,0.3634849488735199,0.8200830221176147,0.45915719866752625,2.0416154861450195,0.4794555902481079,2.7078397274017334,3.3157002925872803,0.6323281526565552,0.5939140319824219,0.2726213335990906,0.6649163961410522,0.5109012126922607,1.9485344886779785,,0.5084676146507263,0.26071131229400635,
20241224,0.3329356610774994,0.8216015100479126,0.489409476518631,2.3481500148773193,0.5369032025337219,4.188586711883545,4.928566932678223,0.8896520733833313,0.58769291639328,0.2818351686000824,0.7659041881561279,0.6150147914886475,0.6866830587387085,10.02270221710205,0.7903639674186707,,0.7131168842315674
20241225,0.5066306591033936,0.8570019006729126,0.5805999040603638,2.4790163040161133,0.5210702419281006,2.7949037551879883,5.394525527954102,0.7952750325202942,0.531532883644104,0.26193058490753174,0.6160640120506287,0.6670277118682861,0.8085415363311768,11.190584182739258,0.466360867023468,0.26582852005958557,0.889148473739624
20241226,,0.20577342808246613,0.11537377536296844,0.9967283010482788,,,5.646214485168457,,0.6476418972015381,,,,,,,,
20241227,0.2680535912513733,0.6439121961593628,0.3654491603374481,2.738633155822754,0.3748467266559601,,,,,0.23617151379585266,0.2728702425956726,,,,0.2185455858707428,0.18503157794475555,1.5006004571914673
20241228,0.2630443274974823,0.7185737490653992,0.26370158791542053,1.8057987689971924,0.47892308235168457,2.370083808898926,3.31276273727417,0.7061535120010376,0.7570528388023376,0.24220499396324158,0.3271758258342743,0.4003830552101135,2.4743213653564453,,0.5632720589637756,0.2519039809703827,
20241229,0.2596460282802582,0.7627903819084167,0.38372603058815,2.672612190246582,0.5066527128219604,2.7623202800750732,4.663043975830078,0.5995284914970398,0.6112955212593079,0.22449149191379547,0.3597031533718109,0.5367245078086853,1.1471905708312988,9.16164493560791,0.5663132667541504,0.2697588801383972,0.6464772820472717
20241230,0.251737505197525,0.6538816094398499,0.21563930809497833,2.527266263961792,0.44418206810951233,,,,,0.23149558901786804,0.5280787944793701,,,,0.355783611536026,,0.24896390736103058
20241231,0.2703605890274048,0.5904918909072876,0.35507068037986755,3.08436918258667,0.5367092490196228,3.1899313926696777,6.181685924530029,0.9069582223892212,0.6194918751716614,0.23729173839092255,0.7538460493087769,0.4862031042575836,0.9891351461410522,9.934596061706543,0.4361462891101837,0.23053866624832153,1.2119015455245972
20250101,0.2827805280685425,0.6537818908691406,0.4874364733695984,2.0165328979492188,0.5246817469596863,3.0335657596588135,3.079721689224243,0.7877223491668701,0.5986278057098389,0.34736841917037964,1.0004690885543823,,,10.118621826171875,0.3241589367389679,,1.7595549821853638
20250102,0.3163910508155823,0.741871178150177,0.4280318319797516,2.2589688301086426,0.5184731483459473,2.471316337585449,4.307068824768066,0.7344450354576111,0.5534151196479797,0.28126269578933716,0.802955687046051,0.5620579719543457,0.861441433429718,11.791260719299316,0.6688953638076782,0.2842203378677368,1.0383671522140503
20250103,0.3126407265663147,0.8324868083000183,0.43621543049812317,2.268787145614624,0.561534583568573,2.7718629837036133,4.640864849090576,0.7859504222869873,0.6671388149261475,0.29542601108551025,0.71947181224823,0.5986731648445129,0.9785434007644653,10.068803787231445,0.4721682369709015,0.2815563678741455,0.9528554677963257
20250104,0.24493269622325897,0.39303043484687805,0.2984584867954254,,0.3371269106864929,,,,,0.18418188393115997,,,,,,,
20250105,,,,,,,,,,,,,,,,,
20250106,0.27212029695510864,1.0279967784881592,0.4488072097301483,1.3435652256011963,0.4629499018192291,,,,,0.2405185103416443,0.4304121434688568,,,,0.8774430751800537,0.2268626093864441,0.22739490866661072
20250107,0.33554643392562866,0.7128089666366577,0.48135027289390564,2.1570470333099365,0.5680297017097473,3.0851948261260986,3.471179962158203,0.8992905020713806,0.7524167895317078,0.29869112372398376,0.9818744659423828,0.843739926815033,1.5207407474517822,8.883562088012695,0.6871435642242432,0.22585389018058777,0.3678617775440216
20250108,0.3376883268356323,0.9571998715400696,0.5440296530723572,2.10308575630188,0.5329585671424866,2.657194137573242,3.587430477142334,0.836889386177063,,0.3072965145111084,0.5456514358520508,,0.5813461542129517,,0.45297423005104065,0.2516992390155792,0.8082919716835022
20250109,0.3409819006919861,0.9004573225975037,0.5197752714157104,2.6073098182678223,0.5824968218803406,3.436940908432007,5.90283203125,0.8443061709403992,0.6151540279388428,0.28098636865615845,0.7925995588302612,0.5995224118232727,0.7445694208145142,10.70131778717041,0.4980461299419403,,
20250110,0.3557698428630829,0.846964418888092,0.45579415559768677,2.620386838912964,0.5404500961303711,3.0639963150024414,4.939515113830566,0.7444591522216797,0.48190468549728394,0.24840980768203735,0.9443892240524292,,0.8509481549263,10.524019241333008,0.8782711625099182,0.26062312722206116,1.632105827331543
20250111,,,0.2086419314146042,3.82363224029541,0.7278215289115906,3.060307264328003,5.115167140960693,0.7155827879905701,0.7421358823776245,0.2606007754802704,0.7550104260444641,0.49339428544044495,0.8485672473907471,9.337076187133789,0.4747008681297302,0.23350733518600464,0.8576607704162598
20250112,0.2691209018230438,1.0323256254196167,0.4020390808582306,2.106920003890991,0.474427729845047,2.722874879837036,3.3247182369232178,0.7072018980979919,0.47661006450653076,0.27553480863571167,0.6909051537513733,0.5813583731651306,0.8397688269615173,11.184618949890137,0.5534034967422485,0.2598457932472229,0.18585370481014252
20250113,0.28586679697036743,0.7474775314331055,0.3627132773399353,2.275552988052368,0.504935085773468,2.325849771499634,4.598653793334961,0.6123930811882019,0.4723033607006073,0.25526654720306396,0.7427985072135925,0.5857628583908081,0.7949032783508301,13.470748901367188,0.6106245517730713,0.2685104012489319,1.0273821353912354
20250114,,,,3.22916841506958,0.9397697448730469,2.7426912784576416,6.130796909332275,0.6144823431968689,0.5418854355812073,,0.653644859790802,0.5990565419197083,0.654841959476471,13.344756126403809,0.406962126493454,0.2780287563800812,0.9084275364875793
20250115,0.23755179345607758,0.35944992303848267,0.40424424409866333,2.4989774227142334,0.5923833250999451,2.0362443923950195,6.267965316772461,0.6261761784553528,0.652917742729187,0.25115323066711426,0.4382034242153168,0.6410154104232788,0.9896148443222046,,0.39510324597358704,0.21242637932300568,
20250116,0.2979952394962311,0.6558126211166382,0.3903437554836273,2.5512983798980713,0.45190587639808655,2.6132330894470215,5.232586860656738,0.6073151230812073,0.7047523856163025,0.2140883505344391,0.3896128237247467,0.6769006252288818,0.7052280902862549,,0.2607986032962799,0.1763385385274887,0.9019215106964111
20250117,0.2881288230419159,0.7923632264137268,0.4098355174064636,2.0702006816864014,0.5876621007919312,2.8931996822357178,2.855388641357422,0.8383222222328186,0.557340681552887,0.2622034251689911,0.46049413084983826,0.5770434141159058,0.36806783080101013,,0.3803727328777313,0.24166855216026306,1.286497950553894
20250118,0.31212523579597473,0.8123092651367188,0.37026944756507874,2.3975372314453125,0.5320203900337219,3.4884326457977295,3.138282299041748,0.7610800266265869,0.6082223057746887,0.291980504989624,0.6884313225746155,0.6011594533920288,0.8985288739204407,12.034951210021973,0.4125478267669678,0.3016304075717926,1.2436857223510742
20250119,0.23120835423469543,0.30508485436439514,0.25645747780799866,,0.35299184918403625,,,,,0.21237334609031677,,,1.4959969520568848,,0.26720499992370605,0.21900740265846252,0.2822107970714569
20250120,0.28660768270492554,0.8906674981117249,0.5763998627662659,1.8391562700271606,0.519166886806488,2.4339115619659424,3.6213767528533936,,,0.30144914984703064,0.3992665112018585,,0.47753438353538513,,0.7468340992927551,0.16658847033977509,0.47936996817588806
20250121,0.3321182429790497,1.1072720289230347,0.44368278980255127,2.536759853363037,0.5394654870033264,2.7764317989349365,4.970054626464844,0.8389706015586853,0.9433132410049438,0.2676295340061188,1.1997742652893066,,,,0.9741242527961731,0.19857607781887054,1.0636296272277832
20250122,0.306569904088974,0.7129305601119995,0.43325313925743103,1.9819566011428833,0.5576370358467102,3.1605265140533447,4.364232540130615,0.7379677891731262,0.7502454519271851,0.28658175468444824,0.5124829411506653,,1.8826727867126465,,0.45603373646736145,0.23528315126895905,0.9341188669204712
20250123,0.22551915049552917,0.5385985970497131,0.35424521565437317,,0.43516579270362854,,,,,0.26886093616485596,0.5813500881195068,0.48736998438835144,1.5202088356018066,,,,
20250124,0.33067068457603455,0.7918108105659485,0.5074517726898193,2.115953207015991,0.5185088515281677,2.8117191791534424,3.8471102714538574,0.6554505228996277,0.7028423547744751,0.2651483118534088,0.6599991321563721,0.6671283841133118,1.293589472770691,10.617945671081543,0.46298423409461975,0.34438207745552063,1.038512945175171
20250125,0.44193407893180847,1.238700270652771,0.7840740084648132,2.784745693206787,0.6553174257278442,3.251650094985962,5.908025741577148,0.7281776666641235,0.6425315141677856,0.5216829180717468,0.6025345325469971,0.8434774875640869,1.119541049003601,13.746125221252441,0.582579493522644,,1.1504801511764526
20250126,0.36547595262527466,1.0530017614364624,0.46350032091140747,3.673283815383911,0.6840882301330566,,,1.0858246088027954,,,0.5504983067512512,,1.5624979734420776,,0.5417524576187134,0.35695594549179077,1.5216306447982788
20250127,,,,2.895388603210449,0.6438969969749451,2.5773959159851074,6.813860893249512,0.706623911857605,0.6008166670799255,0.36235129833221436,0.5474901795387268,,,8.77899169921875,0.2809256315231323,0.19551053643226624,1.0532945394515991
20250128,0.3013584017753601,0.7973846793174744,0.39829087257385254,2.215733528137207,0.5601483583450317,2.9204657077789307,2.6214687824249268,0.7306369543075562,0.6746158003807068,0.26581689715385437,0.5625052452087402,0.8577925562858582,1.0089720487594604,9.978731155395508,0.44570741057395935,0.23264868557453156,1.0074913501739502
20250129,0.329557329416275,0.837629497051239,0.42920318245887756,2.4501307010650635,0.5590186715126038,2.959954261779785,4.067587375640869,0.7145202159881592,0.6811085939407349,0.27359604835510254,0.4507303833961487,1.575760841369629,1.0632047653198242,9.126791000366211,1.1740366220474243,0.19968163967132568,2.7793424129486084
20250130,0.36965057253837585,0.7980771660804749,0.5192340016365051,2.9376578330993652,0.6340184211730957,3.0496644973754883,5.125916481018066,0.8289359211921692,0.6753007173538208,0.3049496114253998,1.1088515520095825,1.7669854164123535,1.53927481174469,10.395564079284668,0.5254040956497192,,2.1425185203552246
20250131,0.3610360324382782,0.7333258390426636,0.4822555482387543,2.7906711101531982,0.5984499454498291,3.924872398376465,6.2455949783325195,0.8880511522293091,0.6880291104316711,0.2904956042766571,0.8301791548728943,0.888210117816925,1.672842025756836,12.9676513671875,0.4494607150554657,0.24332961440086365,1.08765709400177
20250201,0.37949201464653015,0.659413754940033,0.4862064719200134,2.7899587154388428,0.6217346787452698,3.80674147605896,5.885847091674805,0.9130233526229858,0.6260419487953186,0.29427993297576904,0.9286341071128845,0.8187130689620972,1.4071682691574097,11.712908744812012,0.5286963582038879,0.2908551096916199,1.0584269762039185
20250202,0.32917818427085876,0.7055159211158752,0.39508289098739624,2.1152141094207764,0.5684264302253723,2.3117992877960205,3.4205400943756104,0.7264066934585571,0.6842671036720276,0.4008127450942993,0.8126181960105896,0.7142862677574158,1.5887153148651123,,,0.21949204802513123,1.1217330694198608
20250203,0.32879021763801575,0.7094917893409729,0.577307939529419,2.3070456981658936,0.5118986964225769,2.7002251148223877,4.334874629974365,0.7136714458465576,0.6585859060287476,0.30830326676368713,0.6546139121055603,0.7495255470275879,0.6206446886062622,18.231651306152344,0.6127450466156006,0.2523098886013031,0.4216793477535248
20250204,0.4708576202392578,0.9453146457672119,0.5916616320610046,2.4510815143585205,0.530184268951416,2.789815664291382,3.4319262504577637,0.7810961008071899,0.624848484992981,0.2768009901046753,0.6843991875648499,0.6324145793914795,0.6463371515274048,9.527206420898438,0.5325778126716614,0.15044339001178741,1.6082576513290405
20250205,0.4659874141216278,0.7314310669898987,0.567590594291687,2.7217764854431152,0.6195953488349915,3.7023754119873047,6.190155982971191,0.9138719439506531,0.8013181090354919,0.32817140221595764,1.0324864387512207,0.8209516406059265,1.3332939147949219,11.051756858825684,0.5105569362640381,0.2127816081047058,0.9130454659461975
20250206,0.37766513228416443,0.7114098072052002,0.5109281539916992,2.6751248836517334,0.5609232783317566,3.6699635982513428,4.798676013946533,0.788880467414856,0.7189415693283081,0.30908772349357605,0.9335222244262695,0.7693976759910583,1.0789176225662231,11.92706298828125,0.7931589484214783,0.30222710967063904,1.0755269527435303
20250207,0.3958081007003784,0.8791717886924744,0.4851272702217102,2.241621494293213,0.5799809098243713,3.0552005767822266,3.674715757369995,0.7736950516700745,0.7235732674598694,0.3061722218990326,0.5262804627418518,,1.5395094156265259,16.2098331451416,0.5867769122123718,0.17952176928520203,0.5276892781257629
20250208,0.45773810148239136,0.7451604604721069,0.4130778908729553,2.390345335006714,0.5854921340942383,2.838156223297119,3.683464765548706,0.7334182262420654,0.8346478343009949,0.30592989921569824,0.6278776526451111,1.0407345294952393,0.9531808495521545,9.495826721191406,0.3926999270915985,,
20250209,0.5539808869361877,0.8448678255081177,0.5032017827033997,2.2529399394989014,0.5845472812652588,2.888674020767212,4.053235054016113,0.6677751541137695,0.6839168071746826,0.28587573766708374,0.7811987400054932,0.7255614399909973,1.052155613899231,8.73312759399414,0.2901920676231384,,1.5527881383895874
20250210,,0.803681492805481,0.5924145579338074,2.798283576965332,0.657813549041748,3.7282445430755615,5.153604984283447,0.7411174178123474,0.6925905346870422,0.43103012442588806,1.071484923362732,0.6940935850143433,1.3260658979415894,11.408638954162598,0.7036968469619751,0.4442487061023712,0.7904092669487
20250211,0.5342367887496948,0.8593421578407288,0.5164085626602173,2.9153330326080322,0.5889891386032104,2.7658283710479736,6.078421115875244,0.6835808157920837,0.6390211582183838,0.40101519227027893,1.0244181156158447,0.6581987142562866,1.6748465299606323,11.290639877319336,0.8387347459793091,0.4449203908443451,1.1607146263122559
20250212,,,,3.3113980293273926,0.7680712342262268,4.1568284034729,5.749391555786133,0.7358531951904297,0.6144406795501709,,0.8170120120048523,0.6438137292861938,0.848183274269104,14.732885360717773,0.8176785111427307,0.47186043858528137,1.5525455474853516
20250213,0.3932991027832031,0.594124972820282,0.3562980890274048,1.0119450092315674,0.5122026205062866,,,,,0.3550150990486145,0.8334903717041016,0.6401720643043518,0.4077550768852234,,1.0090667009353638,0.28035417199134827,
20250214,0.3580472469329834,0.4491594731807709,0.364406943321228,2.3506855964660645,0.6597554683685303,,4.1446027755737305,0.7694838047027588,0.7894750237464905,0.2966950237751007,1.175521969795227,0.8641893267631531,0.4316743314266205,,1.1228609085083008,0.782251238822937,1.2404253482818604
20250215,0.36224842071533203,1.037155032157898,0.3269384205341339,2.9649431705474854,0.5889241695404053,,5.981082916259766,,1.0281751155853271,0.30729037523269653,0.4901369512081146,0.764879584312439,0.9353651404380798,,0.7321510314941406,0.4045325517654419,0.3580867350101471
20250216,0.4136900007724762,0.6939992308616638,0.45608091354370117,2.8955140113830566,0.7053559422492981,3.5921168327331543,5.931434154510498,0.9515517950057983,0.8422978520393372,0.3422708511352539,0.9015257358551025,0.7223060727119446,1.4505510330200195,9.918512344360352,1.0023243427276611,0.39746183156967163,0.8090197443962097
20250217,0.39759746193885803,0.7497500777244568,0.5117344260215759,2.8993003368377686,0.7128772139549255,3.982099771499634,6.525441646575928,0.8640140891075134,0.8424258828163147,0.2943239212036133,0.8522413372993469,,,,0.9166322350502014,0.4327373206615448,1.2691664695739746
20250218,0.44069889187812805,0.5598386526107788,0.511646032333374,2.2800097465515137,0.5981745719909668,2.779059886932373,3.8144047260284424,0.9367961883544922,0.7768471240997314,0.29412150382995605,0.4415457844734192,,1.4720690250396729,,0.7581616044044495,0.20772922039031982,0.24720102548599243
20250219,0.549133837223053,0.8087247014045715,0.6140403747558594,2.5066490173339844,0.6458609700202942,3.594024181365967,3.6739132404327393,0.8560746312141418,0.7388660311698914,0.2939242124557495,0.7013624310493469,,1.8406636714935303,,,,1.1384190320968628
20250220,0.5472761392593384,0.9453267455101013,0.5680354237556458,2.4761903285980225,0.7025984525680542,3.4755289554595947,5.421209812164307,0.8513361215591431,0.7821987867355347,0.4035193920135498,1.065328598022461,0.7734608054161072,1.4925693273544312,9.90515422821045,0.658393144607544,0.3668060898780823,1.5988848209381104
20250221,0.5389289259910583,0.8640968799591064,0.5859724283218384,2.7203328609466553,0.7208405137062073,3.5711519718170166,5.1391425132751465,1.0074467658996582,0.8135743737220764,0.4407995343208313,1.2333840131759644,0.9085588455200195,1.0919979810714722,11.727926254272461,0.592300295829773,0.5576807856559753,0.9221755266189575
20250222,,0.1579449474811554,0.22416086494922638,,,,,,,,,,,,0.8404343128204346,0.3890491724014282,1.1801015138626099
20250223,0.39727598428726196,0.7541051506996155,0.2732611298561096,2.3397157192230225,0.6717863082885742,3.04172945022583,4.996973514556885,0.7293345332145691,0.8163973093032837,0.27900487184524536,0.7897070646286011,0.5902864336967468,1.2663425207138062,12.525752067565918,0.5169522762298584,0.39967861771583557,1.0528583526611328
20250224,0.33921489119529724,0.6793991327285767,0.3969058692455292,2.1467435359954834,0.5975387692451477,3.109064817428589,3.6957836151123047,0.7221779823303223,0.6839631795883179,0.26275405287742615,0.5368067026138306,0.7233812808990479,1.325864315032959,9.935065269470215,1.572183609008789,0.450503408908844,1.2790718078613281
20250225,0.3569699227809906,0.7955823540687561,0.5093544125556946,2.3661692142486572,0.6337425112724304,2.247065782546997,3.8571908473968506,0.7317743897438049,0.7065840363502502,0.31055521965026855,0.865192711353302,0.7214483022689819,0.6699469685554504,13.253500938415527,0.5866174697875977,0.3533092141151428,1.093883991241455
20250226,0.361294686794281,0.8442763090133667,0.5745661854743958,2.86979079246521,0.6855878829956055,2.9582889080047607,6.34492826461792,1.0403554439544678,0.6834893822669983,0.3078380823135376,0.4217807650566101,,0.24264627695083618,,0.9687554240226746,0.30829811096191406,
20250227,0.34602972865104675,1.0035955905914307,,2.709362745285034,,,,,,,,,,,,0.3412083685398102,1.7862454652786255
20250228,0.2594437897205353,0.5787533521652222,0.42400649189949036,2.596275568008423,0.6504787802696228,3.565110445022583,5.889276027679443,0.8919693231582642,0.6928609013557434,0.2905963361263275,0.689887285232544,0.7099913954734802,0.7860397100448608,13.037482261657715,0.5160223245620728,0.2887411117553711,0.7862204313278198
20250301,0.2840728461742401,0.6092861890792847,0.42734965682029724,1.1756995916366577,0.61591637134552,,,0.8014572858810425,0.5883129835128784,0.3041883707046509,0.8523868918418884,0.5690943002700806,0.7208099961280823,14.657417297363281,0.9613112211227417,0.3229522109031677,1.2850080728530884
20250302,0.2992158532142639,0.7150748372077942,0.3531724512577057,2.280557155609131,0.5113909244537354,2.924809217453003,3.7923309803009033,0.7594679594039917,0.7949845790863037,0.2655097246170044,0.5092332363128662,0.6820307970046997,1.0015320777893066,12.717434883117676,0.490017831325531,0.24404704570770264,
20250303,0.33737263083457947,0.7302975654602051,0.4585835039615631,2.9065744876861572,0.6929556131362915,3.0089058876037598,4.59861421585083,0.996625542640686,0.913451075553894,0.315327525138855,1.0634042024612427,0.7385825514793396,1.5426194667816162,14.282644271850586,0.6415014266967773,0.3176741302013397,1.3126248121261597
20250304,0.3400810658931732,0.7555541396141052,0.4843292832374573,2.873102903366089,0.6886326670646667,3.6527624130249023,5.670703887939453,0.9924331903457642,0.9549770951271057,0.3233480751514435,1.1205949783325195,0.7937257885932922,0.8295173645019531,16.173112869262695,0.5024091005325317,0.3268619477748871,1.194313645362854
20250305,0.22382329404354095,1.041675329208374,0.6234865188598633,2.5122525691986084,0.6839062571525574,3.1739819049835205,5.495321750640869,1.1181279420852661,0.9359296560287476,0.3391553461551666,0.881695568561554,0.6561347246170044,1.1883379220962524,13.347502708435059,1.271790862083435,0.2944718897342682,1.3004378080368042
20250306,0.4613138735294342,0.6716517806053162,0.5543894171714783,2.667754888534546,0.6494718790054321,2.9674830436706543,4.942047595977783,0.9971827864646912,1.0142203569412231,0.3653876483440399,1.0654609203338623,0.8033682107925415,1.5726118087768555,13.240342140197754,0.8717239499092102,,3.3880796432495117
20250307,0.40465572476387024,0.7167492508888245,0.4629519283771515,2.0487310886383057,0.6412715315818787,2.3723082542419434,3.046635150909424,0.9656057953834534,0.8863858580589294,0.34978437423706055,1.3652245998382568,0.7830905318260193,1.05390202999115,13.823469161987305,0.688554584980011,0.39287611842155457,1.231522560119629
20250308,0.3930307924747467,0.6752611994743347,0.5800178050994873,,0.7775198817253113,,,0.8492670655250549,0.7643963694572449,0.5910897850990295,1.4311619997024536,0.7499397993087769,1.0935492515563965,,0.8775011301040649,0.38569095730781555,1.1145198345184326
20250309,0.4635222852230072,0.8813798427581787,0.5846980810165405,3.2223803997039795,0.738071858882904,4.056889533996582,6.75062370300293,1.0234259366989136,0.8706302642822266,0.45654618740081787,1.1526947021484375,0.7469385266304016,0.9872198700904846,,2.132911205291748,,1.3720555305480957
20250310,0.26196354627609253,0.8917244076728821,0.6472029089927673,3.0866987705230713,0.632523238658905,3.6247246265411377,6.047697067260742,0.9488583207130432,0.7400380969047546,0.50152987241745,0.9746761918067932,0.7879236340522766,0.7584220767021179,17.67112922668457,0.897445023059845,0.5743266344070435,1.254276990890503
20250311,0.2975353002548218,0.6425417065620422,0.4294990301132202,,0.35589414834976196,,,,0.47809267044067383,0.31169867515563965,,,,,2.2449593544006348,0.3301750123500824,1.308030366897583
20250312,,0.41869354248046875,0.4584592580795288,2.1952452659606934,0.5589420199394226,3.1958870887756348,3.155164957046509,0.8132296204566956,0.6850014328956604,0.29249003529548645,0.8703551292419434,0.702999472618103,0.941503643989563,14.832086563110352,1.00453519821167,0.4494102895259857,0.6813536286354065
20250313,0.3594900369644165,0.7809673547744751,0.515961229801178,2.3670222759246826,0.6333984136581421,3.0747172832489014,4.888031959533691,0.9339452981948853,0.7747026681900024,0.3165633976459503,1.0149189233779907,0.6061917543411255,0.9009245038032532,17.59488296508789,0.6134732365608215,0.3844238817691803,1.4941585063934326
20250314,0.35580360889434814,0.7978427410125732,0.49725574254989624,3.4615330696105957,0.6923885345458984,3.885214328765869,5.696868896484375,1.0863747596740723,0.882493257522583,0.3274722993373871,1.305869221687317,0.6792513132095337,1.088925838470459,20.381736755371094,0.5873059630393982,0.31432315707206726,
20250315,0.28355082869529724,1.1691675186157227,0.5348998308181763,3.041483163833618,0.6798076629638672,,3.7887351512908936,0.7998479008674622,0.9092509150505066,0.3822663426399231,1.1499288082122803,,,,,,
20250316,,0.7215046882629395,0.26492834091186523,,0.5154048204421997,,,,0.6176050305366516,0.2620197832584381,0.9319043755531311,0.46416807174682617,1.465000867843628,,0.5331499576568604,0.24902990460395813,0.8013694286346436
20250317,0.5259383320808411,0.686913013458252,0.3785683512687683,2.861506700515747,0.6300607323646545,3.3193819522857666,4.311175346374512,1.0787429809570312,1.1427180767059326,0.26957759261131287,0.7783935070037842,1.765747308731079,1.0790547132492065,12.499881744384766,1.4980616569519043,0.31610649824142456,0.8419018983840942
20250318,0.45148271322250366,0.7445921301841736,0.4750111699104309,2.4466464519500732,0.8337584137916565,3.1418676376342773,4.009453296661377,1.1664830446243286,1.1331596374511719,0.3681062161922455,1.330153465270996,1.0965285301208496,1.070164680480957,14.203466415405273,0.9610000252723694,0.37678471207618713,1.42969810962677
20250319,0.38933470845222473,1.0568525791168213,0.5749068856239319,3.3000404834747314,0.882329523563385,4.592601776123047,6.241219997406006,1.3028346300125122,1.2800865173339844,0.4004054367542267,1.73386812210083,1.2400771379470825,1.1287565231323242,18.89558982849121,0.6506853699684143,0.382372111082077,0.9974416494369507
20250320,0.5523039102554321,0.9987613558769226,,2.52351713180542,0.7597838640213013,,,,,,,,,,,,
20250321,0.4159521758556366,1.0330876111984253,0.5720460414886475,2.591043710708618,0.8118401765823364,3.5707597732543945,5.225880146026611,1.1767241954803467,1.1531286239624023,0.3756817877292633,1.2981836795806885,1.2881611585617065,1.0982903242111206,16.559404373168945,0.6112872362136841,0.38021209836006165,0.8403278589248657
20250322,0.43859386444091797,0.358157753944397,0.4588305354118347,1.9216076135635376,0.6659542322158813,,6.66472864151001,1.3201775550842285,1.3657857179641724,0.38702428340911865,1.3809067010879517,0.6527555584907532,0.6501272320747375,,0.5250480771064758,0.2712944447994232,2.0007498264312744
20250323,0.4790988564491272,0.7416887283325195,0.49203285574913025,2.213033437728882,0.8606240153312683,2.678870677947998,3.958287239074707,1.1237305402755737,1.1138534545898438,0.48349034786224365,1.761215090751648,1.206790566444397,1.2187139987945557,20.541101455688477,,0.30861926078796387,1.5363878011703491
20250324,0.6010856628417969,0.8942194581031799,0.6524186730384827,2.429399013519287,0.9747512936592102,3.4469408988952637,4.206350326538086,1.2243149280548096,1.1811484098434448,0.443854421377182,2.26493239402771,1.1175117492675781,1.1081626415252686,16.62411880493164,0.6763154864311218,0.34833788871765137,1.2546195983886719
20250325,0.44622379541397095,0.8588479161262512,0.551080584526062,2.863926410675049,0.863925576210022,2.7127599716186523,4.819563865661621,1.2083172798156738,1.1695573329925537,0.450096994638443,2.1212637424468994,0.9853047728538513,1.127377986907959,18.654212951660156,0.6789078712463379,0.401153564453125,1.57706618309021
20250326,0.4954736828804016,0.8362519145011902,0.694010853767395,2.714123010635376,0.9439557790756226,2.6813275814056396,4.8102707862854,1.3049620389938354,1.1380884647369385,0.6160734295845032,2.287835121154785,1.2646849155426025,1.5149266719818115,16.213035583496094,0.871010959148407,0.3835150897502899,2.3449816703796387
20250327,0.4030802845954895,0.7707480192184448,0.5258743166923523,2.0402631759643555,0.9680418968200684,2.6624083518981934,4.61954927444458,1.4508588314056396,1.1938378810882568,0.527778148651123,2.4404714107513428,0.9951983094215393,1.0587178468704224,18.506074905395508,0.7878973484039307,0.4545927345752716,1.668277621269226
20250328,0.41313931345939636,0.7252187132835388,0.40981224179267883,2.2072319984436035,0.7658131718635559,2.6699793338775635,3.223984956741333,1.0679709911346436,0.8597257137298584,0.48676973581314087,1.4250073432922363,0.8422433137893677,1.0847240686416626,17.58038902282715,0.6897278428077698,0.3282853066921234,0.6317102909088135
20250329,0.9118745923042297,1.1012606620788574,0.6029084920883179,2.2994143962860107,0.7761829495429993,2.424668312072754,3.021421432495117,0.9992295503616333,1.0481775999069214,,,,,9.699337005615234,0.4786575138568878,,
20250330,0.771611750125885,0.9112938642501831,0.6732614636421204,3.2590980529785156,0.9493354558944702,3.3881869316101074,6.356492042541504,1.6987253427505493,1.4529376029968262,0.5667526125907898,2.3697707653045654,,1.467422366142273,,0.8729959726333618,0.5270184874534607,1.4764806032180786
20250331,0.863990306854248,0.8944087028503418,0.6186133027076721,3.1790499687194824,1.0538814067840576,3.115169048309326,4.197847843170166,1.7007887363433838,1.263811469078064,0.6067679524421692,1.431625485420227,1.0173835754394531,1.80991530418396,12.293719291687012,0.6664407253265381,0.630338728427887,1.2181469202041626
20250401,0.5768392086029053,0.8466249108314514,0.6854247450828552,2.5063297748565674,1.0569407939910889,3.001659631729126,5.342712879180908,1.7246651649475098,1.2405705451965332,1.08186936378479,1.7695035934448242,1.2406798601150513,1.1168450117111206,17.321395874023438,0.5976861715316772,0.758195161819458,1.659636378288269
20250402,0.6749898791313171,0.6610445976257324,0.6508607864379883,2.321101665496826,0.9752992391586304,3.3248775005340576,4.184131145477295,1.9470295906066895,1.2509191036224365,0.9410750269889832,1.4403979778289795,1.3028939962387085,1.0074628591537476,20.338558197021484,1.0060498714447021,0.7598886489868164,1.2669453620910645
20250403,0.6363930702209473,0.9971737861633301,1.025714635848999,1.6501524448394775,0.6069509387016296,,4.0730509757995605,,0.7370444536209106,0.3465578258037567,,0.52249675989151,1.3407858610153198,,0.7109089493751526,0.2592633068561554,0.7764509916305542
20250404,0.6093376278877258,0.8841493129730225,0.7627800703048706,3.6977200508117676,0.7738730907440186,,4.714967727661133,2.156615734100342,,0.7703122496604919,1.2179198265075684,,,,0.7476940155029297,1.0935282707214355,1.5760447978973389
20250405,0.7181802988052368,0.9335026144981384,0.8366557955741882,2.7873034477233887,1.1131560802459717,3.8995521068573,6.341040134429932,2.008732795715332,1.2369091510772705,1.214016318321228,1.6329541206359863,0.6975488662719727,1.0438278913497925,,1.1927980184555054,1.4475669860839844,1.8366551399230957
20250406,0.6548787355422974,0.8725578188896179,0.5781317353248596,2.4699008464813232,0.8477088809013367,2.647240161895752,5.9671525955200195,1.3912904262542725,1.1530684232711792,0.7715455293655396,1.1389477252960205,0.7130619287490845,0.6810829639434814,,0.7144635915756226,0.7998278737068176,0.28102290630340576
20250407,0.6345972418785095,0.6830269694328308,0.41833004355430603,1.9269156455993652,0.7418795824050903,3.0957179069519043,3.54921293258667,,0.831404447555542,0.2156268060207367,,,,,0.5637862086296082,0.34843289852142334,0.6158587336540222
20250408,1.012230396270752,0.5534709095954895,0.5433042049407959,2.182950735092163,0.9456264972686768,3.2774033546447754,4.0807695388793945,1.9217811822891235,1.185035228729248,0.8687595129013062,1.4653061628341675,1.6631841659545898,,28.215723037719727,0.49115094542503357,0.29931798577308655,0.3709851801395416
20250409,0.754741907119751,1.1325451135635376,0.833459734916687,1.8821616172790527,1.2021232843399048,,,2.596841812133789,,1.510439395904541,2.665593147277832,,,,,,1.3342798948287964
20250410,0.5592153072357178,0.5709487795829773,0.6002455949783325,2.422255516052246,1.1351754665374756,4.143820762634277,5.112761497497559,2.9421944618225098,1.451551914215088,1.1893882751464844,2.126596212387085,1.00232994556427,1.1251789331436157,29.33560562133789,0.8282738327980042,0.7416053414344788,1.2697513103485107
20250411,0.544697105884552,0.814487636089325,0.5919400453567505,2.7617197036743164,1.1106653213500977,3.2264416217803955,4.711015701293945,2.4641592502593994,1.2647383213043213,1.121638298034668,2.0863797664642334,0.8729720711708069,1.172519564628601,26.809968948364258,0.8628169298171997,0.5958704948425293,1.4213142395019531
20250412,0.49351730942726135,0.7173647284507751,0.4369124472141266,2.4969098567962646,1.0335220098495483,3.012815237045288,4.919123649597168,2.1320226192474365,1.1825088262557983,3.3947064876556396,1.6433570384979248,0.6703287959098816,1.1542012691497803,25.356712341308594,0.909599244594574,0.5635138154029846,1.4761996269226074
20250413,0.45130249857902527,0.6761041879653931,0.420649915933609,2.135362148284912,0.8386886119842529,2.398972988128662,4.108994483947754,1.8520199060440063,1.1173595190048218,0.7905915379524231,1.5303852558135986,1.0416102409362793,1.0057182312011719,,,,
20250414,0.5011110901832581,0.9053364992141724,0.5621756911277771,2.2277467250823975,0.8566754460334778,2.445981979370117,4.011758327484131,1.8462014198303223,1.053099274635315,0.9261675477027893,1.433960199356079,0.5162679553031921,0.8565937280654907,38.6413688659668,0.94965660572052,,1.0238244533538818
20250415,0.4681701958179474,0.6605721712112427,0.47390955686569214,3.872729778289795,1.4295072555541992,,,3.889038562774658,1.4886977672576904,0.6513606309890747,,0.8567651510238647,,,1.0027092695236206,0.5479121804237366,1.5614855289459229
20250416,0.3839453458786011,1.0797014236450195,0.7063204646110535,2.9094998836517334,0.9369832873344421,3.075521945953369,6.397411823272705,2.3562581539154053,1.1913256645202637,1.4945390224456787,1.965140700340271,0.7472301721572876,0.8526310324668884,36.56045150756836,0.7868990302085876,0.567398726940155,2.057116985321045
20250417,0.38379397988319397,0.6533109545707703,0.4134337902069092,2.870147943496704,0.7348570823669434,,,,,0.4181944727897644,1.380112886428833,,,,,,1.432474136352539
20250418,,0.348245233297348,0.35214895009994507,2.1374242305755615,0.9151821136474609,2.7069764137268066,5.644164085388184,1.7558597326278687,0.9418073892593384,1.5202300548553467,1.3058420419692993,0.40974634885787964,0.5259678959846497,,0.8687505722045898,0.509250819683075,2.077390670776367
20250419,0.3494003415107727,0.7049156427383423,0.316569060087204,1.5749350786209106,0.7276553511619568,,,,,,0.659824550151825,0.3724615275859833,,,,,
20250420,0.5070205330848694,0.5748856663703918,0.44684168696403503,2.8316826820373535,0.7255837321281433,,,,,,,,,,,0.3121127486228943,0.6903165578842163
20250421,0.3731067180633545,1.9536653757095337,,2.679424285888672,,,,,,,,,,,,,1.334655523300171
20250422,0.6415441036224365,1.5711315870285034,0.34555181860923767,2.604985475540161,0.9058043360710144,3.1106975078582764,4.669551849365234,1.832282304763794,1.4684065580368042,1.306320071220398,1.8698394298553467,,5.793422698974609,11.736468315124512,0.33205538988113403,,1.0363984107971191
20250423,0.6584286093711853,0.7700806856155396,0.5736156702041626,2.2150487899780273,1.1625593900680542,2.737274646759033,3.3246593475341797,2.198324680328369,1.238708734512329,1.2061753273010254,1.3829203844070435,1.2819498777389526,1.3971409797668457,12.833853721618652,0.6527880430221558,0.47519373893737793,1.4081529378890991
20250424,1.4660212993621826,0.9474090337753296,0.589083194732666,2.605163812637329,2.3873109817504883,1.8878531455993652,3.3210067749023438,1.8534221649169922,1.19638192653656,,1.3767882585525513,1.1622800827026367,1.6698741912841797,21.953872680664062,0.9401595592498779,0.3047087490558624,1.3479738235473633
20250425,0.6191018223762512,1.4443836212158203,1.6041737794876099,2.4811911582946777,1.4779037237167358,,,,,3.167909860610962,,,1.3849515914916992,,2.5587728023529053,,
20250426,0.5927045345306396,1.005748987197876,0.4955739676952362,2.564457416534424,0.9736037850379944,2.8437888622283936,3.601292848587036,2.6482326984405518,1.3375167846679688,0.752530574798584,1.210288166999817,,1.7690589427947998,16.376708984375,0.8126850724220276,0.5170016884803772,2.0037755966186523
20250427,,1.7179148197174072,,4.564026355743408,2.1449453830718994,3.0960021018981934,3.8018150329589844,2.982849597930908,1.7277172803878784,0.24856168031692505,,0.7937255501747131,,,0.2662121653556824,0.28029507398605347,1.164859414100647
20250428,0.5597814917564392,1.0621039867401123,0.3217078745365143,2.13569974899292,0.8259776830673218,2.533468246459961,4.4566330909729,,1.1090655326843262,0.44216224551200867,0.9954648017883301,1.2591865062713623,1.4402828216552734,14.91669750213623,0.5686017274856567,0.25348028540611267,
20250429,0.6595095992088318,0.8042306900024414,0.47643107175827026,1.7070457935333252,0.6646313071250916,,2.9286961555480957,0.7508053779602051,0.714419424533844,0.43210428953170776,0.8846204280853271,1.1765292882919312,0.8925782442092896,20.798725128173828,0.5339721441268921,0.5389224290847778,0.8253875374794006
20250430,0.6485798954963684,0.9940154552459717,0.6102832555770874,2.4492857456207275,1.2239564657211304,4.020716190338135,3.5545923709869385,2.9668049812316895,1.5592366456985474,0.9557097554206848,2.1080524921417236,,1.41011381149292,17.848161697387695,0.795738697052002,0.2884678542613983,1.6046653985977173
20250501,0.6410448551177979,1.0312751531600952,0.7387210726737976,3.068328380584717,1.2347971200942993,6.051405906677246,6.029604911804199,4.431530952453613,1.886149287223816,1.47953200340271,2.389958620071411,1.1879909038543701,1.6333175897598267,23.91944694519043,0.9020043015480042,0.3437899351119995,1.33540678024292
20250502,0.6604532599449158,1.2158467769622803,0.7247562408447266,2.815887212753296,1.5229074954986572,5.543877124786377,5.907027721405029,4.287160873413086,1.7636092901229858,2.4183437824249268,2.1611168384552,1.2158483266830444,1.4167602062225342,25.15862464904785,0.619742214679718,0.4411252439022064,1.7141467332839966
20250503,,,,2.6070752143859863,1.4452191591262817,4.324802875518799,4.225898742675781,3.0836284160614014,1.6565896272659302,,,1.2348623275756836,1.2282600402832031,30.299917221069336,1.0413730144500732,0.5848395824432373,0.7125504612922668
20250504,0.6157799959182739,0.9654937386512756,0.6221250295639038,2.211920976638794,1.4863641262054443,3.9825031757354736,3.4593706130981445,3.270498514175415,,1.0821712017059326,1.6084778308868408,1.5143747329711914,,,0.5232284665107727,0.7979106903076172,2.561875820159912
20250505,0.686279296875,0.9939696788787842,0.7281836867332458,2.2856340408325195,1.2132484912872314,4.301085472106934,4.132782936096191,2.7459375858306885,1.4706062078475952,0.9860907793045044,1.7044938802719116,1.3308889865875244,1.3343374729156494,23.13809585571289,0.9867004156112671,0.47453564405441284,1.1519858837127686
20250506,0.6080906391143799,1.0624163150787354,0.6329764127731323,3.5354092121124268,1.0808377265930176,5.928631782531738,4.745541095733643,,,1.326476812362671,1.922666311264038,1.0104328393936157,1.271367073059082,,0.55589759349823,0.3016706705093384,1.3334194421768188
20250507,0.47335994243621826,1.2222639322280884,0.4587344229221344,1.598751425743103,1.4112811088562012,,4.456419944763184,3.734381675720215,1.4616996049880981,0.7831171751022339,2.687124490737915,1.2995034456253052,1.513352632522583,,0.7978896498680115,0.5011950135231018,1.3092694282531738
20250508,0.5732585787773132,1.073506474494934,0.6802526116371155,2.3187646865844727,1.3223859071731567,4.495243549346924,3.5066375732421875,2.912899971008301,1.2528579235076904,1.251596450805664,2.9902279376983643,1.6950299739837646,,25.195478439331055,,0.1900603026151657,1.0738033056259155
20250509,0.6491155028343201,0.8721200227737427,0.6476989388465881,2.0534775257110596,1.2304911613464355,4.148263931274414,4.213535308837891,2.8101887702941895,1.198737382888794,0.7669562101364136,1.7220075130462646,1.2058236598968506,1.3735984563827515,23.48517608642578,1.1143465042114258,,4.091712951660156
20250510,0.7270903587341309,0.9060020446777344,0.6531530022621155,2.6551907062530518,1.247687578201294,4.338547229766846,3.901794672012329,3.2895126342773438,1.3731842041015625,0.8373687267303467,1.928049087524414,1.197574257850647,1.3410290479660034,27.651927947998047,0.6962087154388428,0.4079277515411377,1.2335106134414673
20250511,0.6781819462776184,1.1059092283248901,0.9334838390350342,2.622438669204712,2.234928607940674,4.5163140296936035,3.4541871547698975,3.3062469959259033,1.1810535192489624,1.9138569831848145,3.0270113945007324,1.0961968898773193,1.2517545223236084,31.195213317871094,0.9547162652015686,2.110560178756714,1.1852004528045654
20250512,0.6419482827186584,1.014070749282837,0.8642096519470215,3.026325225830078,1.6844807863235474,7.081237316131592,5.899563312530518,5.382175922393799,1.4349380731582642,0.9613664746284485,2.603166103363037,1.2989869117736816,1.469063401222229,,0.822986900806427,0.5283100605010986,1.044449806213379
20250513,0.6414238810539246,0.9419970512390137,0.7669432163238525,2.7140541076660156,1.3335394859313965,5.734251499176025,5.260905742645264,4.234523773193359,1.4179481267929077,0.7607647776603699,2.175410270690918,1.1523901224136353,1.4408633708953857,,1.0791996717453003,0.6057116389274597,1.69857656955719
20250514,0.5226889252662659,0.8002851605415344,0.23519034683704376,2.248119831085205,0.663992702960968,,4.1727142333984375,0.9983193278312683,1.0581836700439453,0.25556498765945435,0.6462181806564331,1.2209421396255493,0.9214943647384644,26.997215270996094,0.9568580985069275,0.47161048650741577,1.0840634107589722
20250515,0.5314004421234131,0.6696423888206482,0.4915078282356262,1.9247629642486572,0.6278316974639893,,,0.5791393518447876,,0.6358239054679871,0.5988897681236267,0.776000440120697,1.3060071468353271,,0.41306817531585693,0.23421145975589752,0.7667840123176575
20250516,0.5757226943969727,1.0502760410308838,0.7171972393989563,1.9519819021224976,1.0514906644821167,,,,0.837274968624115,0.517758309841156,0.7543674111366272,0.9094825387001038,0.9581945538520813,,0.5991763472557068,0.2875189781188965,0.4823956787586212
20250517,0.6231086254119873,0.7334018349647522,0.5594825744628906,3.730290651321411,1.5164471864700317,,,,,0.7125440835952759,2.2104992866516113,,1.1601436138153076,,0.6359236836433411,0.5449354648590088,
20250518,0.6614342927932739,0.8671095967292786,0.5374181270599365,2.8932247161865234,0.9407404065132141,5.05674934387207,4.087038516998291,3.225891351699829,1.4777204990386963,0.253971666097641,1.476210117340088,1.4176816940307617,1.8623602390289307,29.808778762817383,0.4106913208961487,0.4049074947834015,2.126307725906372
20250519,0.6568813323974609,0.9030022025108337,0.7245160341262817,2.3648664951324463,1.4904792308807373,5.43647575378418,5.491070747375488,4.000123500823975,1.2931610345840454,0.8584191799163818,1.854397177696228,1.1721998453140259,1.4680055379867554,36.93422317504883,1.170958161354065,,2.5653278827667236
20250520,0.754300594329834,1.1337679624557495,0.6072181463241577,1.955867886543274,1.2545605897903442,4.416045665740967,4.549368381500244,2.83244252204895,1.2398666143417358,0.7387080788612366,1.5911027193069458,1.0823326110839844,1.2876862287521362,28.091089248657227,0.7207821011543274,0.4324197769165039,1.7167620658874512
20250521,0.5710976123809814,0.9665528535842896,0.5476781129837036,1.8219889402389526,1.2651957273483276,,,,,0.6736290454864502,0.7713818550109863,1.1646969318389893,1.2090017795562744,,0.5493482351303101,0.41590452194213867,1.1566298007965088
20250522,0.6974835991859436,1.0918123722076416,0.928956925868988,3.241945266723633,1.8821194171905518,13.381112098693848,8.311782836914062,6.317919731140137,2.114764451980591,0.921161413192749,2.62190318107605,1.3734263181686401,1.4830126762390137,,0.812615692615509,0.3594370484352112,0.5536485314369202
20250523,0.8561031222343445,1.071295142173767,0.9424900412559509,2.736402988433838,1.0675910711288452,7.538342475891113,6.2046356201171875,2.1467020511627197,1.3171420097351074,0.6878483891487122,1.8328585624694824,1.2362762689590454,1.6138311624526978,,0.8583954572677612,0.5568464398384094,0.7615034580230713
20250524,0.5909260511398315,0.8114009499549866,0.6023841500282288,2.3117339611053467,1.281772255897522,5.305915832519531,4.551578521728516,3.284271001815796,1.4307270050048828,0.6254791021347046,1.9259324073791504,1.607221245765686,1.6074354648590088,30.951187133789062,2.1595351696014404,2.376011848449707,3.4297051429748535
20250525,0.8631961345672607,0.8885533213615417,0.9534615874290466,2.0118062496185303,1.2780572175979614,4.448241710662842,3.6043741703033447,2.7043066024780273,1.3635179996490479,0.9835525155067444,1.9102718830108643,1.4292232990264893,1.445286512374878,26.943592071533203,0.7933446764945984,0.49181845784187317,1.2119988203048706
20250526,1.0840511322021484,1.7009379863739014,1.5317798852920532,1.9078457355499268,1.3838380575180054,,3.898315191268921,,,,,,,,,,1.4519091844558716
20250527,,1.1658599376678467,0.9520797729492188,2.536935567855835,1.6524741649627686,3.79129958152771,3.0749568939208984,2.2791011333465576,1.7377398014068604,1.0332095623016357,1.4618526697158813,1.2563376426696777,3.012436628341675,,0.9481993913650513,0.449834406375885,0.543577253818512
20250531,0.6642606854438782,0.7699727416038513,0.568518877029419,1.8708324432373047,0.9503114819526672,4.394966125488281,4.178696155548096,2.4057483673095703,0.9601724743843079,0.5428339242935181,1.2409417629241943,1.34346342086792,1.2142575979232788,22.822284698486328,0.6641400456428528,0.4403229355812073,3.0859596729278564
20250601,,,,,1.3121439218521118,,,1.3218870162963867,0.9375160932540894,0.6940657496452332,1.1857037544250488,,1.4286820888519287,,6.671811103820801,1.2021490335464478,1.5217453241348267
20250602,0.6550118923187256,1.0162863731384277,0.6343606114387512,3.3684017658233643,1.4643803834915161,18.87065315246582,13.550271034240723,9.917159080505371,2.3552498817443848,0.8933292627334595,2.9239509105682373,2.059457778930664,1.2033683061599731,,1.2920145988464355,,
20250603,0.6915758848190308,1.2512789964675903,0.6454813480377197,1.428901195526123,0.6941578984260559,,,,,0.4383522868156433,0.8101551532745361,0.650651216506958,0.7401100397109985,,0.6272920370101929,0.6810977458953857,
20250604,,1.4033820629119873,1.5506954193115234,2.3854644298553467,1.4335538148880005,12.693845748901367,5.708483695983887,4.652685165405273,1.237282633781433,0.822050154209137,2.0761220455169678,1.3433352708816528,1.0287474393844604,,1.0419501066207886,0.25606536865234375,0.46215054392814636
20250605,0.44241082668304443,,,,,,,,,,,,,,,,2.552494764328003
20250606,0.5176318883895874,,,1.465193510055542,1.7434251308441162,,2.1642444133758545,,0.9702308773994446,,0.9780884385108948,0.8740781545639038,,,,,
20250607,0.6370864510536194,1.3929965496063232,1.0288515090942383,,1.4103928804397583,,,,,0.896846354007721,2.072577476501465,,,,,,
20250608,0.5003900527954102,1.031873345375061,0.8229947686195374,1.9470137357711792,1.0856164693832397,,3.9538414478302,0.920776903629303,1.275167465209961,0.35863152146339417,1.1334681510925293,1.0961551666259766,2.371108293533325,,0.7231965065002441,,
20250609,0.4347226023674011,0.7373892664909363,0.8111413717269897,1.7572290897369385,1.0236910581588745,,5.949987411499023,2.543732166290283,1.2088323831558228,0.38731592893600464,1.0181151628494263,1.4576895236968994,1.8733265399932861,,1.19568932056427,0.49361076951026917,1.0924267768859863
20250610,0.6100158095359802,0.824173092842102,0.804112434387207,1.1828957796096802,0.8208917379379272,,5.674016952514648,1.1191154718399048,0.9456374049186707,0.26755663752555847,0.9261232614517212,1.0627095699310303,1.7336617708206177,,1.0277717113494873,0.2947467267513275,0.7392324209213257
20250611,0.8693023324012756,0.8877771496772766,0.653988778591156,,,,,,,,,,,,0.40543660521507263,0.25492727756500244,1.1994549036026
20250612,0.4725637137889862,1.1559836864471436,1.0191164016723633,1.5575040578842163,1.7022181749343872,2.7830703258514404,3.162471294403076,1.9318881034851074,0.9070606231689453,0.7768413424491882,2.8251967430114746,0.9900150895118713,1.296268343925476,,0.6469598412513733,0.32748228311538696,0.8147048354148865
20250613,,,0.9744934439659119,2.9893314838409424,1.217639684677124,22.720962524414062,11.555116653442383,8.01653003692627,3.1667354106903076,0.5122665166854858,1.846150517463684,2.059741735458374,1.188165545463562,22.83667755126953,1.558488130569458,,0.7208094596862793
20250614,0.5837929248809814,0.9441150426864624,0.8288427591323853,1.9786155223846436,0.9478587508201599,,,,,0.5087843537330627,,,,,,,
20250615,0.6128074526786804,1.003312110900879,0.5418078899383545,2.1158528327941895,0.80570387840271,6.101430892944336,6.054947853088379,3.0158536434173584,2.043241500854492,,,1.1442153453826904,1.2653675079345703,,1.3462557792663574,0.2950805425643921,0.5046235918998718
20250616,,0.5312675833702087,0.5096631050109863,1.400594711303711,0.7607167363166809,,4.512495994567871,,1.3120719194412231,0.3916117250919342,1.2630044221878052,1.322408676147461,3.0508956909179688,,1.1517888307571411,0.40157291293144226,
20250617,,,,,,,,,,,,,,,,,
20250618,1.6796255111694336,1.4531915187835693,,,,,,,,,,,,,,,
20250619,0.6187729835510254,0.9836755394935608,0.5826669335365295,,2.273507595062256,,,,,0.6937958002090454,1.5322164297103882,1.645169973373413,1.432201862335205,,0.5692409873008728,0.6942419409751892,
20250620,0.5764323472976685,1.1617193222045898,0.8516739010810852,2.3957648277282715,1.0207871198654175,14.901219367980957,8.085536003112793,3.8307058811187744,1.9899908304214478,0.3883960247039795,1.068855881690979,1.1862053871154785,1.3537542819976807,25.119163513183594,0.5726606845855713,0.4248355031013489,1.9338833093643188
20250627,,,,,,,,,,,,,,,,,
20250628,0.5631629228591919,1.132603645324707,1.1378318071365356,0.7006528377532959,0.8269875645637512,,,0.6845709085464478,,0.4164994955062866,0.9347670078277588,0.617337703704834,0.891567587852478,,,,1.373237133026123
20250629,0.6069578528404236,1.1733835935592651,0.9385554790496826,2.0953731536865234,1.1087346076965332,12.527275085449219,7.583399772644043,,,0.3223877549171448,0.5601071715354919,,1.534839391708374,12.33132553100586,1.448043942451477,,1.1414529085159302
20250630,,1.1433662176132202,,2.5717709064483643,0.8090673685073853,16.009761810302734,11.079127311706543,3.8271737098693848,3.7570860385894775,,0.7186513543128967,1.1752161979675293,1.3250852823257446,15.6065034866333,1.0963243246078491,0.3193504214286804,
20250701,0.5612347722053528,0.9626829624176025,0.7695015668869019,2.2247791290283203,0.8296323418617249,8.346379280090332,7.205293655395508,2.19260311126709,0.851518452167511,0.3018752336502075,0.40802475810050964,0.8284953832626343,1.0820950269699097,13.76235294342041,0.646317183971405,0.3029741048812866,0.7614631652832031
20250702,,,,,,,,,,,,,1.3325140476226807,,0.6323049664497375,0.3326302766799927,0.9710360765457153
20250703,2.3272898197174072,,,2.8223419189453125,0.8271003365516663,,5.228831768035889,1.4486808776855469,2.0959861278533936,0.40360039472579956,0.8657404780387878,0.8257761597633362,1.2529622316360474,14.308221817016602,0.5328554511070251,0.2987750768661499,0.989990234375
20250704,0.7162443995475769,0.8678877353668213,2.4405691623687744,,,,,,,1.3866066932678223,,,,,,1.188081979751587,0.7582719326019287
20250705,0.47992438077926636,0.9202070236206055,0.41939759254455566,1.9659712314605713,1.023080825805664,14.83873176574707,8.270322799682617,5.782737731933594,1.995017647743225,0.3195660710334778,0.766438901424408,0.7532612085342407,,,,,
20250706,0.4132125973701477,0.8087939620018005,0.43222570419311523,1.5208379030227661,0.6225414276123047,6.61670446395874,7.4226579666137695,2.133387327194214,1.569854497909546,0.2961317300796509,0.716804027557373,0.7465646862983704,1.1479638814926147,17.81475067138672,0.5644552111625671,0.3387230336666107,1.1257195472717285
20250707,0.5345122218132019,2.190262794494629,0.8880406618118286,1.7442426681518555,1.3001704216003418,,,,,,,,,,0.6931273341178894,0.5119835734367371,1.248861312866211
20250708,0.3788367509841919,,,1.099509835243225,0.9662867188453674,,,,,0.31027182936668396,1.0170953273773193,0.6803455948829651,,,,,
20250709,0.6377449035644531,1.3947231769561768,1.0947085618972778,,,,,,,,,,,,,,1.8711369037628174
20250710,0.5392484068870544,0.8319076895713806,0.6315300464630127,2.106353282928467,0.8647266030311584,,5.4212493896484375,2.595489501953125,1.9720522165298462,0.2530851662158966,0.655157744884491,0.8246836066246033,3.4434010982513428,8.801612854003906,,,
20250711,0.5064885020256042,0.888997495174408,0.7032097578048706,2.2174463272094727,1.2715988159179688,,8.018941879272461,4.017506122589111,2.6425719261169434,0.2894641160964966,0.30236712098121643,0.5006921887397766,1.0386344194412231,,1.0323524475097656,0.2505313754081726,0.6531357169151306
20250712,0.5025578141212463,0.7923685312271118,0.7507455348968506,2.3614230155944824,1.084972858428955,,,,,0.6625878214836121,2.4582815170288086,2.1926040649414062,0.8458661437034607,,1.1977367401123047,0.22998301684856415,0.5520688891410828
20250713,0.42210349440574646,0.6273621916770935,0.515434980392456,,0.6798939108848572,,,0.6447762250900269,,,0.5851733088493347,0.7006567120552063,1.153334379196167,,,,
20250714,,,,,,,,,0.586046040058136,,1.4306880235671997,0.2972525656223297,,,0.23293685913085938,,0.5055030584335327
20250715,0.4225614368915558,0.642315149307251,0.8299186825752258,3.1661674976348877,0.7991266250610352,,5.9181036949157715,1.4139864444732666,3.490743637084961,0.3788412809371948,1.0709030628204346,0.6116767525672913,0.8862358927726746,,0.9946470856666565,,0.5656096339225769
20250716,0.39163193106651306,0.7170554995536804,1.1386505365371704,3.551907539367676,1.363044261932373,14.658792495727539,,5.271286964416504,5.427051544189453,0.27741047739982605,1.8656718730926514,1.5849488973617554,2.133446455001831,13.703030586242676,0.8166012763977051,1.1701475381851196,3.6436736583709717
20250717,,,,,,,,,,,,,,,,,
20250718,0.36222994327545166,0.8860384225845337,0.6479684114456177,1.944291591644287,0.8500218987464905,6.596811771392822,7.366336822509766,1.6827312707901,2.896688938140869,0.41116341948509216,0.9023740887641907,0.8472418189048767,1.0171242952346802,13.465448379516602,0.986941397190094,0.37643542885780334,1.4184149503707886
20250719,0.45984217524528503,0.8353622555732727,1.175796627998352,,0.7299647927284241,,,,,0.32066670060157776,0.6063076257705688,0.6277509331703186,1.2834187746047974,,0.9625337719917297,0.25942671298980713,
20250720,0.38528209924697876,0.9952622652053833,,2.7191388607025146,1.1805415153503418,,,,13.164674758911133,0.6349562406539917,1.2704670429229736,0.8863186240196228,1.1720987558364868,12.358433723449707,0.8745079636573792,0.9540146589279175,0.39071905612945557
20250721,0.7279584407806396,,1.1864055395126343,,,,,,16.515138626098633,,,0.7089878916740417,1.197261095046997,,1.2682081460952759,0.7144643664360046,2.6421689987182617
20250722,0.4001636207103729,0.8349639773368835,0.4536059498786926,1.488005518913269,0.9287658929824829,6.268918991088867,5.322428226470947,1.1688259840011597,2.369340181350708,0.38706067204475403,1.149740219116211,1.387951135635376,,9.423441886901855,,,1.6209386587142944
20250723,0.4822133481502533,0.8378803133964539,0.7001634836196899,2.0387730598449707,0.9318292737007141,6.797455310821533,7.9806294441223145,1.9329742193222046,4.459949970245361,0.42597997188568115,0.7592411637306213,0.8510319590568542,1.768795132637024,11.120959281921387,0.7526233792304993,0.27932512760162354,
20250724,,,,,,,,,3.736057758331299,0.3390945494174957,0.588292121887207,0.8542708158493042,1.4960309267044067,,1.308709979057312,0.41300907731056213,1.3245234489440918
20250727,,,,,,,,,,,,,,,,,
20250728,0.5852065682411194,0.7945600152015686,0.6355416774749756,3.017451763153076,1.1728074550628662,7.926131248474121,9.544721603393555,2.2331299781799316,1.8205927610397339,,,,1.1630280017852783,,0.479143351316452,0.3602958023548126,1.8593693971633911
20250729,,,,,,,,,,,,,,,,,
20250730,0.43111366033554077,1.0152496099472046,0.4410800039768219,2.1444056034088135,1.1211966276168823,11.04640007019043,9.306187629699707,3.6867353916168213,2.7413172721862793,0.47121715545654297,0.8720380663871765,0.8975328207015991,1.5287214517593384,,0.6785581707954407,0.5000748634338379,0.9306460618972778
20250731,0.4040009677410126,0.8831336498260498,0.8312140107154846,4.733023166656494,1.0818618535995483,19.667757034301758,16.75951385498047,5.036375045776367,5.011139869689941,0.5147368907928467,1.3673397302627563,0.9557046890258789,1.1900277137756348,12.28892707824707,1.2525577545166016,1.0449769496917725,1.1449570655822754
20250801,0.36361998319625854,0.7793504595756531,0.5257657766342163,3.4971399307250977,1.0236163139343262,19.010353088378906,13.740933418273926,4.333126544952393,3.6269447803497314,0.23937010765075684,1.1626503467559814,1.0284472703933716,2.7240664958953857,11.180357933044434,0.9827747344970703,0.4182523787021637,1.0863534212112427
20250802,0.40784013271331787,0.9529787302017212,0.749854564666748,2.6231932640075684,0.8115773797035217,8.584540367126465,9.300580978393555,2.193742513656616,3.7340755462646484,0.4309498965740204,0.89145427942276,0.8110470771789551,0.9046118259429932,9.77291202545166,0.5781617760658264,0.3450953960418701,2.2581522464752197
20250803,,,,2.378131866455078,1.1497955322265625,11.676263809204102,12.212714195251465,2.5062379837036133,4.346625804901123,,1.6552315950393677,0.8204857110977173,1.3663253784179688,,1.1697064638137817,,1.5441744327545166
20250804,,,,2.0396456718444824,0.3490041196346283,,,,,,0.3926466703414917,,,,,1.0587060451507568,
20250805,0.4475117325782776,0.7641885280609131,0.6293597221374512,3.3883442878723145,0.9806548357009888,18.725770950317383,20.117685317993164,4.150358200073242,10.983922958374023,0.47080230712890625,0.8591048121452332,0.9309514760971069,1.030121922492981,10.9415922164917,0.6775831580162048,0.3617725074291229,0.6292346119880676
20250806,0.3740822672843933,0.693952739238739,0.522192120552063,2.5122592449188232,0.5663090348243713,6.344232082366943,7.849154949188232,1.0090240240097046,2.6903884410858154,0.4124414920806885,0.8360973000526428,0.8235579133033752,1.0542285442352295,10.204473495483398,0.744819700717926,0.3078400492668152,0.822101354598999
20250807,0.3068932890892029,0.40300238132476807,0.31511130928993225,2.10437273979187,0.63643479347229,,14.320244789123535,1.7811341285705566,2.8570287227630615,0.3362058103084564,0.6277445554733276,,0.7799226641654968,14.914618492126465,0.240287184715271,0.2339329570531845,0.4297683835029602
20250808,0.33331751823425293,0.6219243407249451,0.6541807055473328,2.3855254650115967,0.7825381755828857,10.437455177307129,10.779977798461914,2.0245416164398193,3.5673985481262207,0.3929910361766815,1.0259965658187866,0.7974770069122314,0.788209855556488,9.417813301086426,0.6320810317993164,0.22310352325439453,0.6045423150062561
20250809,0.3912096619606018,0.6877027153968811,1.3034257888793945,,0.893801748752594,,,,,,,,,,0.6795170903205872,0.41360610723495483,1.1847279071807861
20250810,0.3880321979522705,0.8130384087562561,0.7279085516929626,2.797497034072876,0.9329885840415955,13.123019218444824,12.914030075073242,3.2426841259002686,4.434386253356934,0.4679133892059326,1.3393257856369019,0.965011477470398,0.792340099811554,11.01476001739502,0.6577320098876953,0.3818936049938202,1.6885486841201782
20250811,0.3271167278289795,1.4167814254760742,,3.595670223236084,0.9824326634407043,14.894484519958496,11.206574440002441,1.9101905822753906,3.4110987186431885,,0.9999396204948425,,,,,0.6048884391784668,1.5239231586456299
20250812,0.33673685789108276,0.7417953610420227,0.5717436671257019,3.0781896114349365,0.7574385404586792,16.744991302490234,14.600165367126465,2.7518739700317383,2.7588086128234863,0.3504217863082886,0.8434398174285889,1.1183102130889893,1.0169248580932617,12.71433162689209,0.8108481168746948,0.3576698899269104,
20250813,,,,,,,,,,,,,,,,,
20250814,0.530700147151947,0.6404481530189514,,3.569790840148926,,,,,,,,,,,,0.6467939019203186,1.5106209516525269
20250815,0.3418714106082916,0.8500881195068359,0.425295889377594,2.5404324531555176,0.7617361545562744,15.444762229919434,19.7711181640625,1.5055919885635376,4.077763080596924,0.3049280643463135,0.9765002131462097,0.8316287398338318,0.7754582166671753,,0.9158060550689697,0.681081235408783,
20250816,0.2982327342033386,0.6958991885185242,0.5533522367477417,2.1249747276306152,0.8271507620811462,,,2.4346492290496826,3.616156816482544,0.3054518401622772,0.7324845790863037,0.8658745884895325,1.8693450689315796,,0.8836596012115479,0.5757425427436829,1.0536051988601685
20250817,0.2405150830745697,0.5291346907615662,0.5935046672821045,1.7409329414367676,0.6774436831474304,,,,5.0905914306640625,0.31136247515678406,0.8553523421287537,0.5874217748641968,1.8401588201522827,,0.5698943734169006,0.3358033001422882,0.8485434651374817
20250818,0.3875383734703064,0.738720715045929,0.5735011696815491,2.269243001937866,0.718045711517334,11.351080894470215,10.811591148376465,2.126345634460449,3.3335182666778564,0.37898942828178406,1.1791632175445557,0.7443310618400574,1.0121139287948608,8.974016189575195,1.0041910409927368,,0.4524935483932495
20250819,,0.7468985915184021,0.7313388586044312,2.3304319381713867,0.6733638048171997,6.4235358238220215,10.077691078186035,1.8832627534866333,2.849708318710327,0.4583326280117035,1.0885034799575806,0.7018200159072876,0.7950102686882019,9.588360786437988,0.7893456816673279,0.46465182304382324,1.5221153497695923
20250820,0.403495728969574,0.9066644310951233,0.7509976029396057,2.7621495723724365,0.7090497016906738,10.115652084350586,10.298003196716309,2.0738203525543213,2.7446348667144775,0.55710369348526,0.8677400946617126,0.6825745701789856,0.718562662601471,10.031795501708984,0.7030248045921326,0.4988701343536377,1.3976647853851318
20250821,,,,3.357790946960449,1.8110454082489014,,,,,,,,,,,1.82484769821167,1.4193036556243896
20250822,0.3097083568572998,0.6509062647819519,0.5340046882629395,2.8034517765045166,0.6960766911506653,13.901193618774414,15.174660682678223,2.7485029697418213,2.1665635108947754,0.3567124903202057,0.8795832395553589,0.7183734178543091,0.6970171928405762,11.039291381835938,0.8137120604515076,0.3788512647151947,
20250823,0.2794678509235382,0.637391984462738,0.4944429397583008,2.8102760314941406,0.5536786317825317,10.657285690307617,15.974573135375977,2.8846750259399414,3.4025213718414307,0.32373282313346863,0.7079387903213501,0.5061326026916504,0.664649486541748,8.865483283996582,0.8325842618942261,0.44611144065856934,1.289745569229126
20250824,,,,,,,,,,,,,0.7189803719520569,,0.8515803217887878,0.44637542963027954,1.40224289894104
20250825,0.29587027430534363,0.5171281099319458,0.4783143699169159,,,,,,,,,,,,,,
20250826,0.2956133186817169,0.5918589234352112,0.5052958130836487,3.5764806270599365,0.7976658940315247,17.445180892944336,14.125014305114746,,3.828561305999756,0.2253057062625885,,0.850775957107544,0.8896855711936951,12.314252853393555,0.7135381102561951,0.5946312546730042,0.9841685891151428
20250827,0.3112088441848755,0.6452925205230713,0.5048017501831055,2.9248745441436768,0.7160152196884155,12.506202697753906,11.252986907958984,2.8242862224578857,4.045098304748535,0.3345426917076111,0.8576998114585876,0.8690584301948547,1.7257134914398193,,0.9235473871231079,0.404666006565094,0.9109758734703064
20250828,0.31968653202056885,0.588860034942627,0.4980185031890869,2.4593448638916016,0.6727472543716431,10.274827003479004,,3.83368182182312,2.24151349067688,0.32603397965431213,0.9606167674064636,0.7003294825553894,2.010733127593994,9.159189224243164,0.8495014309883118,0.3478754460811615,0.9107646346092224
20250829,0.3442471921443939,0.7607725858688354,0.3378622531890869,2.0471928119659424,0.6498953700065613,,,,,0.21548642218112946,0.5171269774436951,,,,1.5210790634155273,0.25846320390701294,
20250830,0.40363454818725586,0.6843936443328857,0.619288444519043,2.3575994968414307,0.6667048931121826,4.6694464683532715,8.221002578735352,1.4693621397018433,2.0825932025909424,0.33135002851486206,,,3.6117401123046875,,0.7941147685050964,,0.6264083981513977
20250831,0.3663373291492462,0.7174433469772339,0.4149477779865265,1.8272651433944702,0.766007125377655,,,,,0.4586932063102722,0.6001899838447571,,2.6631994247436523,,0.5821647644042969,0.3006734549999237,0.8195528388023376
20250901,0.3380071520805359,0.741385281085968,0.5267623662948608,3.0142204761505127,0.6711423397064209,,8.679783821105957,,,0.3849950134754181,1.10096275806427,0.5633331537246704,0.8318694829940796,,0.6645505428314209,0.3918705880641937,0.41992539167404175
20250902,0.38080793619155884,0.712956964969635,0.5897000432014465,2.6841225624084473,0.6219021677970886,7.123492240905762,11.135457038879395,1.6494063138961792,2.687835216522217,0.4495583474636078,1.4115551710128784,0.7796939015388489,,,,,0.6943673491477966
20250903,,,0.3138192296028137,,0.3683748245239258,,,,,0.3197864592075348,0.6110342144966125,,,,,,
20250904,,,0.3705046474933624,2.0971732139587402,0.510962188243866,5.600008487701416,7.560137748718262,1.2280210256576538,1.3464075326919556,0.37734606862068176,0.641351044178009,0.5226892828941345,0.7634722590446472,6.554651737213135,0.6514151692390442,0.32441994547843933,0.8742679953575134
20250905,0.3619910776615143,0.704604983329773,0.5345073342323303,2.3082993030548096,0.5444693565368652,5.946722507476807,8.085639953613281,1.5501500368118286,2.2435672283172607,0.39346328377723694,1.2246195077896118,,,,0.3780621290206909,0.4913877248764038,1.0359151363372803
20250906,,,,2.7806897163391113,,,,,,,,,,,,,1.2191592454910278
20250907,0.35557669401168823,0.6771356463432312,0.559151291847229,3.1631171703338623,0.6558295488357544,9.241312980651855,13.26995849609375,1.8707906007766724,3.237985610961914,0.399770051240921,0.8852369785308838,0.8782387375831604,0.9752909541130066,9.985987663269043,0.87562495470047,0.40656793117523193,1.3786805868148804
20250908,0.30453088879585266,0.6331987977027893,0.5745952129364014,2.8131392002105713,0.5614556074142456,7.655425071716309,11.833761215209961,1.661850929260254,2.762328624725342,0.39445972442626953,0.6311574578285217,0.7639317512512207,0.7942519187927246,9.01429557800293,0.46291178464889526,0.37012848258018494,0.8547746539115906
20250909,0.24880798161029816,0.5094913840293884,,1.9883121252059937,0.35389623045921326,,,,,0.2480064332485199,0.3314078152179718,0.434778094291687,,,0.39974600076675415,0.4901938736438751,0.8820504546165466
20250910,0.275778204202652,0.6754175424575806,0.5720834732055664,2.6555793285369873,0.5802873373031616,,9.43469524383545,1.793899655342102,2.4418106079101562,0.3307121992111206,0.6644008755683899,,,,0.4281531274318695,0.32710275053977966,0.394954651594162
20250911,0.24514122307300568,0.7274073362350464,0.42465680837631226,3.2944540977478027,0.6423686146736145,9.139664649963379,13.47477912902832,2.101985454559326,3.2333109378814697,0.3156922459602356,0.590099036693573,0.5846455693244934,0.7371602654457092,7.820594310760498,0.6000054478645325,0.5339652299880981,0.571618914604187
20250912,0.26756152510643005,0.7258313298225403,0.5198264718055725,3.2749147415161133,0.5783473253250122,,9.933002471923828,0.9145931601524353,2.6180996894836426,0.3247721493244171,0.36083337664604187,0.51255202293396,0.6927641034126282,11.066619873046875,0.9611881375312805,,0.4515593647956848
20250913,0.2836260199546814,0.5803996920585632,0.5193735361099243,2.6765520572662354,0.7104002237319946,8.816421508789062,13.134807586669922,1.6890709400177002,2.6277592182159424,0.3554360866546631,0.7243393659591675,0.6312841773033142,0.663865864276886,9.588974952697754,0.3150292932987213,,
20250914,0.2513274848461151,0.5483836531639099,0.5179505944252014,2.2983133792877197,0.5323580503463745,9.126588821411133,9.877830505371094,1.4449639320373535,3.3295793533325195,0.346881240606308,0.7862564921379089,0.6291340589523315,0.9689568281173706,8.277812004089355,0.7347448468208313,0.581663191318512,1.0917104482650757
20250915,0.2858949601650238,0.975782036781311,0.4860011041164398,2.150291919708252,0.42829471826553345,5.151882171630859,8.254090309143066,1.376376748085022,1.4561995267868042,0.29783016443252563,0.4573374390602112,0.6305987238883972,1.8096996545791626,9.270637512207031,,,0.7223818898200989
20250916,0.2796485722064972,0.6126694083213806,0.5117575526237488,1.986820936203003,0.5807360410690308,,11.352190971374512,1.0941295623779297,2.3636555671691895,0.3899056315422058,0.744601845741272,0.6163269877433777,0.5846145749092102,,0.7180066704750061,0.5126025676727295,0.3894338011741638
20250917,0.25806954503059387,0.588664710521698,0.471072793006897,2.5796945095062256,0.4906989634037018,9.470694541931152,10.944136619567871,1.916989803314209,3.118384838104248,0.34117016196250916,0.6622451543807983,0.5321214199066162,1.2981865406036377,,0.6507889628410339,0.4490778148174286,0.8186944127082825
20250918,0.2553984522819519,0.5585735440254211,0.4932442605495453,1.9474232196807861,0.5116215348243713,6.825381278991699,9.670855522155762,1.4479427337646484,2.5788700580596924,0.353084534406662,0.6175783276557922,0.6321146488189697,1.1900585889816284,9.524308204650879,0.4296962320804596,0.4122428297996521,1.5223509073257446
20250919,0.2090505063533783,0.46477076411247253,0.23998743295669556,2.1466782093048096,0.4355855882167816,,10.280385971069336,0.7859113812446594,1.808421015739441,0.24772478640079498,0.39910590648651123,0.6532759666442871,1.6023632287979126,6.455349445343018,0.9085133075714111,0.4659470319747925,1.0748339891433716
20250920,0.23160982131958008,,,2.1002299785614014,0.42765167355537415,,,,,0.23129335045814514,0.28387242555618286,,,,0.19585220515727997,,
20250921,0.2509778141975403,0.5087725520133972,0.41793105006217957,2.1574296951293945,0.5225743651390076,,,1.0097345113754272,,0.30109861493110657,0.42667412757873535,0.8444194197654724,0.9124425053596497,,0.36552441120147705,0.2998417317867279,1.0239677429199219
20250922,0.23623909056186676,0.5911826491355896,0.5298881530761719,2.858494758605957,0.4397572875022888,9.791549682617188,10.933793067932129,1.3558259010314941,3.4069955348968506,0.2829878032207489,0.9408972859382629,0.5131497383117676,0.8369438052177429,,0.5935918092727661,0.33893194794654846,0.8270634412765503
20250923,0.2675435245037079,0.559786856174469,0.5803137421607971,2.998926877975464,0.4340185523033142,,13.494622230529785,,3.059476137161255,,,,,,,,
20250924,0.2388487607240677,0.5591748356819153,0.48350125551223755,2.667067289352417,0.40480664372444153,5.971354961395264,8.919007301330566,1.3401249647140503,3.3305883407592773,,0.602840006351471,1.0711113214492798,,9.977534294128418,0.44588783383369446,0.3333221673965454,0.8962494134902954
20250925,0.22591011226177216,0.4988723397254944,0.3754855990409851,,0.28683948516845703,,8.212554931640625,,2.531075954437256,,,,,,,,
20250926,0.22182689607143402,0.5311740040779114,0.3189529776573181,2.2658028602600098,0.4948509931564331,5.539104461669922,8.512419700622559,,,0.3327255845069885,0.27620020508766174,0.41052526235580444,1.5819860696792603,,0.4763338565826416,,
20250927,0.26390233635902405,0.6297709345817566,0.3890324831008911,2.9654595851898193,0.4835051894187927,,6.12486457824707,,3.8491368293762207,,,0.4096930921077728,0.7651458382606506,,0.6998874545097351,0.4512619376182556,0.9242846369743347
20250928,0.23661521077156067,0.37160855531692505,0.29497772455215454,2.310126781463623,0.498090922832489,5.393326759338379,9.324284553527832,1.4295176267623901,2.021872043609619,0.2805097997188568,0.7490313649177551,0.568459689617157,0.8245583176612854,12.78710651397705,0.531551718711853,0.4002722501754761,0.5614199638366699
20250929,0.1718609780073166,,,,,,,,,,,,,,,,2.012115716934204
20250930,0.20686876773834229,0.39674800634384155,0.2481386512517929,1.339198112487793,0.45132607221603394,4.057276248931885,7.09743595123291,0.9604882001876831,2.390331983566284,0.2507447898387909,0.5587537288665771,0.4738137125968933,1.5402318239212036,,0.45226791501045227,0.5777083039283752,0.8951022624969482
20251001,0.2417176365852356,0.6294400691986084,,,,,,,,,,,,,0.37005192041397095,0.44582781195640564,0.3170260488986969
20251002,0.26059776544570923,0.5945025086402893,0.3158206641674042,2.2138521671295166,0.3598918318748474,,,0.9184631109237671,2.1262476444244385,0.32017073035240173,0.4898329973220825,0.5808689594268799,2.321326971054077,,1.5933130979537964,0.2016088217496872,
20251003,0.26162922382354736,0.5932055115699768,0.45741018652915955,2.4467597007751465,0.5120038986206055,5.670454978942871,7.765800476074219,1.3304688930511475,2.400029182434082,0.3491900861263275,0.37268540263175964,,,,,0.4628865420818329,0.5382933616638184
20251004,0.2809355556964874,0.5664969086647034,0.40857717394828796,2.1325526237487793,0.44736459851264954,4.1621832847595215,5.863264083862305,1.1964209079742432,1.8087393045425415,0.3049725294113159,0.5835556983947754,0.5927037000656128,0.8058680295944214,10.963130950927734,0.5106120705604553,0.6224400997161865,1.0872769355773926
20251006,,,,,,,,,,,,,,,,,
20251007,0.26182252168655396,0.5261685848236084,0.4279594421386719,2.3309216499328613,0.5240830779075623,5.388585090637207,7.425167560577393,1.3858002424240112,2.3417389392852783,,0.6468489766120911,,,,,,0.8549479246139526
20251008,0.2708660364151001,0.5921597480773926,0.34535282850265503,3.825517416000366,0.5369212031364441,6.125572681427002,10.500262260437012,2.162888288497925,4.344920635223389,,0.8686721324920654,,1.1773908138275146,,,,0.3574814200401306
20251009,0.27600759267807007,0.557536244392395,0.35330596566200256,2.8237967491149902,0.5178421139717102,7.390468597412109,7.341293811798096,1.0915460586547852,2.6541748046875,0.2794913947582245,0.5964444279670715,0.487392395734787,1.3722416162490845,,0.7426229119300842,0.4897659420967102,0.9392237663269043
20251010,0.2956191897392273,0.5621350407600403,0.3273548483848572,2.767359495162964,0.5427875518798828,5.864389896392822,8.147665023803711,1.2460341453552246,2.548535108566284,0.22234821319580078,0.5127952098846436,0.3921796381473541,,,0.5460532903671265,0.30388373136520386,0.8535510301589966
20251011,0.2889699935913086,0.4260498583316803,0.22257550060749054,2.3912594318389893,0.5257375836372375,,7.4300537109375,0.5117465257644653,,0.2206486016511917,0.3878920376300812,0.3174484372138977,,,,,
20251012,0.34429383277893066,0.7181155681610107,0.48627352714538574,2.354556083679199,0.4809478223323822,5.292830944061279,6.069089412689209,1.0525414943695068,2.23502254486084,0.2668461799621582,0.6802542209625244,0.5365067720413208,1.0137240886688232,9.720741271972656,1.5161811113357544,0.2526813745498657,0.8188982605934143
20251013,0.3058124780654907,0.6264561414718628,0.4028339087963104,3.1725337505340576,0.5165460109710693,8.041014671325684,10.449172019958496,1.5425033569335938,2.6169934272766113,0.2868788540363312,,1.2634822130203247,1.3324835300445557,11.228271484375,0.9700598120689392,,1.2720686197280884
20251014,0.30249151587486267,0.6263308525085449,0.4196830689907074,2.827115774154663,0.4773370623588562,6.320169925689697,7.952517509460449,1.270134687423706,1.8639358282089233,0.26912614703178406,0.6871206760406494,0.49248045682907104,1.20677649974823,11.07258415222168,0.497844398021698,0.539390504360199,0.8551917672157288
20251015,0.3659200668334961,0.5792801976203918,0.3829991817474365,2.5223300457000732,0.4348171055316925,4.830521106719971,4.666399002075195,1.0164177417755127,1.4970169067382812,0.26410144567489624,0.5823753476142883,0.4688114523887634,0.8796856999397278,12.258057594299316,0.9203786253929138,0.5117530226707458,1.5599620342254639
20251016,0.28163573145866394,0.7716925144195557,,2.2778661251068115,0.7074666023254395,4.740507125854492,5.950225353240967,0.9943040609359741,1.5998547077178955,,0.3630486726760864,,,,,,
20251017,,,,,,,,,,,,,,,,,
20251018,0.3583815097808838,0.6730309128761292,0.42059463262557983,2.4246177673339844,0.38507556915283203,4.446252822875977,5.913286209106445,0.755228579044342,1.292879581451416,0.24391353130340576,0.38462576270103455,0.4285707473754883,0.8550826907157898,13.135046005249023,0.46457037329673767,0.4473179876804352,1.122747778892517
20251019,0.568016529083252,,0.4502251148223877,,0.4108279347419739,,,,,0.3047301173210144,,,,,,,
20251020,,,,,0.5856163501739502,,,,,0.2303844541311264,0.36417973041534424,0.3659314811229706,0.5375179052352905,,0.6161913871765137,0.5724694728851318,0.9771897196769714
20251021,0.2847785949707031,,,,,,,,,,,,,,,,
20251022,0.34052738547325134,0.4173657298088074,0.26243856549263,1.5026500225067139,0.5694233179092407,,,0.9750398397445679,,0.19300828874111176,0.393677681684494,,,,,,
20251023,0.33848679065704346,1.0076076984405518,0.7428008317947388,2.1890242099761963,0.5339147448539734,4.975733757019043,7.049333095550537,1.037779688835144,1.6538811922073364,0.1865702122449875,0.8419539928436279,0.4767008125782013,0.7815643548965454,7.9342756271362305,0.5317754149436951,,
20251024,0.32873696088790894,0.27520206570625305,0.18624316155910492,,,,,,2.40517258644104,,,,,,0.40260204672813416,0.3688870072364807,0.38238048553466797
20251025,0.2964690625667572,0.33285272121429443,,,,,,,,,,,,,,,
20251026,,0.5186803936958313,0.2836724817752838,,0.28015145659446716,,,,,0.2504442036151886,0.31735461950302124,,,,,,
20251027,,,,,,,,,,,,,,,,,
20251028,0.32407888770103455,0.8280342817306519,0.2092597484588623,2.2073819637298584,0.4986135959625244,3.9014275074005127,5.793098449707031,1.0634245872497559,1.5366761684417725,0.25863802433013916,1.037062644958496,0.5406133532524109,0.7559602856636047,10.037067413330078,0.6025426387786865,0.4592156410217285,0.9880023002624512
20251029,0.3448115885257721,0.647697389125824,0.4299691319465637,2.595841884613037,0.5254576802253723,5.057127475738525,7.391260623931885,1.2141631841659546,2.100390911102295,0.2582445442676544,0.7294776439666748,0.6629679203033447,0.4976975917816162,11.300668716430664,0.7085777521133423,0.452813059091568,0.9817063808441162
20251030,0.31130388379096985,0.6247121691703796,0.21770165860652924,2.862893581390381,,,,,,,,,,,,0.5496376752853394,0.8023773431777954
20251031,0.34202638268470764,0.5686398148536682,0.36931607127189636,2.229069232940674,0.5211169123649597,4.401439189910889,7.1907267570495605,0.8488060832023621,1.538883924484253,0.23032794892787933,0.44401365518569946,0.39188534021377563,0.7422829270362854,9.640625953674316,1.0209252834320068,0.4975849986076355,
20251101,0.31782621145248413,0.4836052656173706,0.39574676752090454,1.9154468774795532,0.46815648674964905,3.459836721420288,5.859102249145508,0.7566868662834167,1.108633279800415,0.256661981344223,0.652048647403717,0.4306353032588959,0.4563380479812622,10.31857681274414,1.1618359088897705,0.4988744854927063,1.2272804975509644
20251102,0.37997424602508545,0.25106194615364075,,,,,,,,,,,,,,,0.289280503988266
20251103,0.3095196485519409,0.44036737084388733,0.41830164194107056,1.4697346687316895,0.5198485851287842,,,,,0.20696499943733215,0.6642308831214905,0.33554086089134216,1.3274619579315186,,0.435047447681427,0.46452176570892334,0.5125325322151184
20251104,0.3749890923500061,0.8360145688056946,0.18887196481227875,2.47832989692688,0.4913908839225769,,,,,,,,,,,,
20251105,0.3478519022464752,0.9775098562240601,0.4831921458244324,2.8288936614990234,0.5718126893043518,4.882741928100586,6.523926258087158,1.0965954065322876,1.3939213752746582,,1.259660243988037,,,,0.39034923911094666,0.4361814260482788,0.43616941571235657
20251106,0.44890961050987244,0.29164499044418335,,,,,,,,,,,,,,,
20251107,,,,,,,,,,,,,,,,,
20251108,,,,,,,,,,,,,,,,,
20251109,,,,,,,,,,,,,0.9319615960121155,,0.5117006301879883,0.23808595538139343,
20251110,0.3451381027698517,0.4661787748336792,0.28163444995880127,2.554572105407715,0.8633447885513306,4.047811985015869,6.397312641143799,0.6332066655158997,1.1590936183929443,0.2185065597295761,0.67344069480896,0.3528468906879425,2.2339539527893066,,,,
20251111,0.3527868092060089,0.46554768085479736,0.4270133376121521,2.426147222518921,0.7022626399993896,4.240153789520264,6.697607040405273,1.02315354347229,1.208025574684143,0.275553435087204,0.8853857517242432,0.7698174118995667,1.633777141571045,9.009818077087402,0.5332512259483337,0.3355632722377777,0.8168799877166748
20251112,0.27412086725234985,0.4513069689273834,0.33356520533561707,,,,,,,0.32223421335220337,0.7884713411331177,,,,,0.3635368049144745,
20251113,0.34662628173828125,0.6221615076065063,0.22674527764320374,,,,,,,,,,,,0.34639063477516174,0.3672516345977783,0.4752159118652344
20251114,0.30430641770362854,0.6426535844802856,0.35136285424232483,2.499459981918335,0.44993212819099426,,,,,0.1915762722492218,,,0.7007664442062378,,0.37754523754119873,0.30005061626434326,0.7029845714569092
20251115,0.27895042300224304,0.6476921439170837,0.30751675367355347,2.512737989425659,0.5699182152748108,2.339785575866699,5.858640670776367,,0.8958218693733215,0.21317017078399658,0.3878103494644165,0.581744909286499,0.4743857979774475,8.246367454528809,1.3900177478790283,0.31366124749183655,0.8471013307571411
20251116,0.32370424270629883,,,4.525463104248047,0.3989309072494507,,,,,0.16006861627101898,,,,,,,0.198261559009552
20251117,0.26122111082077026,,,1.9902468919754028,,,,,,,,,,,,0.1929560899734497,
20251118,0.30189841985702515,1.3060580492019653,0.17427381873130798,2.1460134983062744,0.6179055571556091,2.4399538040161133,3.67256498336792,0.8406249284744263,1.1106125116348267,,0.42860841751098633,,,,,,0.23153570294380188
20251119,0.3212535083293915,1.1691523790359497,0.5378923416137695,2.022907257080078,0.555789053440094,1.464255690574646,3.785458564758301,0.7848203182220459,1.0569401979446411,0.25246575474739075,0.32517948746681213,0.390786737203598,0.6294162273406982,,0.7440872192382812,0.273800790309906,1.499861717224121
20251120,,0.6278122663497925,0.4440772235393524,2.6111717224121094,0.6441106796264648,3.9902219772338867,6.094409465789795,1.0432648658752441,1.0726144313812256,0.220934197306633,1.0376861095428467,0.4799210727214813,0.9661096334457397,8.223237037658691,0.735893726348877,0.31082648038864136,0.713767945766449
20251121,,,,,1.3183578252792358,4.3262529373168945,7.448130130767822,0.9086305499076843,1.1511099338531494,,1.1754615306854248,0.695854127407074,0.8411416411399841,9.898685455322266,0.9163810610771179,0.3177306652069092,0.8883592486381531
20251122,0.3174823820590973,0.460275262594223,,1.1636683940887451,,,,,,,,,,,,,
20251123,,1.8142009973526,0.4049103558063507,2.3945584297180176,0.6523980498313904,2.634272813796997,3.411759614944458,1.0945358276367188,1.1983892917633057,0.27790799736976624,0.8275517225265503,0.6957972049713135,0.510974109172821,7.608780384063721,0.5015090703964233,0.2549385130405426,
20251124,0.3696504235267639,0.44090166687965393,0.9841510057449341,2.8901212215423584,0.6071304082870483,3.525620222091675,8.755155563354492,0.9350849390029907,1.510432481765747,0.2620273530483246,0.6244390606880188,0.45206546783447266,0.5233590602874756,8.887284278869629,0.36777228116989136,0.2560967803001404,0.4446623623371124
20251125,0.3198772966861725,0.671197772026062,0.384983628988266,2.7328250408172607,0.6027751564979553,3.78094744682312,6.181717872619629,1.165605068206787,1.182358741760254,0.2191956788301468,0.8619260787963867,0.47512903809547424,0.625476598739624,8.831775665283203,0.34396275877952576,0.28372615575790405,0.5229796171188354
20251126,0.3494497537612915,0.5924622416496277,0.3481942415237427,2.485314130783081,0.5907413959503174,3.617827892303467,4.800464630126953,1.0760116577148438,1.187975287437439,0.22290290892124176,0.9610125422477722,0.7627889513969421,1.5254237651824951,9.357463836669922,0.337149441242218,0.24957416951656342,0.5710511803627014
20251127,0.35007524490356445,0.5296039581298828,0.3307432234287262,2.3435144424438477,0.6185840368270874,4.014136791229248,6.090928077697754,1.1332014799118042,1.0917795896530151,0.27933862805366516,0.7952635288238525,0.68965744972229,0.850713849067688,9.013532638549805,0.2892068028450012,0.20106442272663116,0.277046263217926
20251128,0.28923144936561584,0.501141369342804,0.15894964337348938,,,,,,,,,,,,,,
20251129,0.30064427852630615,0.6561004519462585,0.28439491987228394,1.8904436826705933,0.5639344453811646,,,0.36425092816352844,0.5472252368927002,0.2141619771718979,0.3050437867641449,,,,,,
20251130,0.3408374488353729,0.6910917162895203,0.22906821966171265,2.307269334793091,0.42438122630119324,2.3283729553222656,4.147514820098877,0.8642071485519409,1.1587644815444946,0.2691688537597656,1.385791301727295,,,,0.26668208837509155,0.20619729161262512,0.21253640949726105
20251201,0.2585586607456207,0.5725650191307068,0.19930575788021088,2.264073610305786,0.7009834051132202,1.633292317390442,4.777961730957031,0.8833913803100586,1.440226435661316,0.250703364610672,0.5676721334457397,0.9092662930488586,1.878882884979248,,0.4064088761806488,0.24601326882839203,0.821177065372467
20251202,0.3273977041244507,0.48046401143074036,,,,,,,,,,,,,,,
20251203,0.3199736773967743,0.48089322447776794,0.3052513897418976,1.3628591299057007,0.5703074932098389,2.1629881858825684,4.6473612785339355,1.0565986633300781,1.2946420907974243,0.24872329831123352,0.9241246581077576,0.5496917963027954,0.8012440204620361,8.01209831237793,0.518791139125824,0.28050097823143005,0.9111789464950562
20251204,0.2794349491596222,0.5123770833015442,0.27088192105293274,1.2733796834945679,0.5230802893638611,,,,,0.2067112922668457,0.6190497875213623,,,,0.21670544147491455,0.20420949161052704,
20251205,,,,,,,,,,,0.43700218200683594,0.5610721111297607,0.7863006591796875,7.434579372406006,0.35234376788139343,0.22980226576328278,0.6468244791030884
20251206,0.2660863697528839,0.4669572710990906,0.4094878137111664,3.318208932876587,0.6229127049446106,,,1.401404857635498,1.4868110418319702,0.21260188519954681,1.0843273401260376,0.4742948114871979,0.48377445340156555,,0.27347761392593384,0.20265014469623566,
20251207,0.28414133191108704,0.695953369140625,0.4004257917404175,2.6989548206329346,0.5964885354042053,4.293913841247559,6.3821892738342285,1.2936718463897705,1.5597312450408936,0.2506350874900818,0.85130375623703,0.6458966135978699,0.8404937386512756,8.493905067443848,0.3825779855251312,0.28092512488365173,0.45502811670303345
20251208,0.26085272431373596,0.5180541276931763,0.30360743403434753,2.8589820861816406,0.5679114460945129,3.4819517135620117,6.9281134605407715,1.0775765180587769,1.3717385530471802,0.23539741337299347,1.3907508850097656,0.9412904977798462,1.0796815156936646,29.45961570739746,0.5658568143844604,,
20251209,0.29743367433547974,0.242056742310524,0.3399586081504822,1.4863117933273315,0.4733920991420746,2.6424026489257812,3.3093953132629395,1.2221466302871704,1.200539231300354,0.2839144170284271,1.1032525300979614,0.7244385480880737,0.739824116230011,,0.3009803295135498,0.36023426055908203,1.0747438669204712
20251210,0.3122952878475189,0.5716708898544312,0.3644747734069824,2.2646241188049316,0.5521312952041626,3.063854217529297,5.214132785797119,1.1891582012176514,1.2530778646469116,0.22595742344856262,1.0312106609344482,0.6864565014839172,0.7441310882568359,,0.46607324481010437,0.26845067739486694,
20251211,0.3061995804309845,0.8103930950164795,0.3521846532821655,,0.6969625949859619,,,1.2017104625701904,1.5451397895812988,0.2916587293148041,1.0171259641647339,0.7465502023696899,1.0064059495925903,11.184606552124023,0.5547095537185669,0.28240230679512024,0.8000955581665039
20251212,,,0.1887563318014145,4.060342788696289,0.4128498136997223,,,0.9081013202667236,0.9299668669700623,0.21128161251544952,1.4816948175430298,0.513791561126709,0.5328221917152405,,0.6385407447814941,0.4313037395477295,0.5330721139907837
20251213,0.30215293169021606,0.8053352236747742,0.5101705193519592,2.5492420196533203,1.1504372358322144,3.2017805576324463,5.543241024017334,1.1508270502090454,1.209617018699646,,1.238705039024353,,2.0931217670440674,8.550117492675781,0.5706645846366882,0.289661705493927,0.8865439891815186
20251214,,,,,,,,,,,,,,,,,
20251215,0.31504783034324646,0.5978469848632812,0.37414881587028503,2.1777169704437256,0.5830909013748169,2.324063777923584,3.836226463317871,1.050421953201294,1.1099982261657715,0.31746283173561096,0.6380724310874939,1.1282306909561157,1.339634656906128,10.111977577209473,0.3807230293750763,0.34196731448173523,
20251216,0.32068994641304016,0.7448304891586304,0.4414070248603821,2.443552017211914,0.6272659301757812,2.9452741146087646,5.489285469055176,1.1734917163848877,1.2293026447296143,0.3167794942855835,0.8185399770736694,0.6931982040405273,0.8081263303756714,8.89136791229248,0.5663089156150818,0.35279127955436707,1.1423463821411133
20251217,0.3063700199127197,0.7504670023918152,0.4019402861595154,2.883185863494873,0.6096930503845215,3.4194250106811523,6.516447067260742,1.152889609336853,1.162782907485962,0.2839157283306122,0.8176243901252747,0.7040160298347473,0.7363166213035583,9.829391479492188,0.5244161486625671,0.298839807510376,0.8076649904251099
20251218,0.3102991282939911,0.23503988981246948,0.5232571959495544,2.645639657974243,0.5671778917312622,3.7158210277557373,6.732052803039551,1.1309841871261597,1.0590083599090576,0.2867901921272278,0.8100619316101074,0.6259458661079407,0.4663150906562805,10.327167510986328,0.5820825099945068,0.292989045381546,0.9883311986923218
20251219,,,,,0.6492376327514648,,,0.674224853515625,,0.34756729006767273,0.6337448954582214,,,,,,
20251220,,1.2852773666381836,,2.4408695697784424,0.7701234221458435,2.4577853679656982,4.514488220214844,1.4820029735565186,1.037856101989746,,0.5782862305641174,,0.696882963180542,,1.0746575593948364,0.3830825686454773,1.091619610786438
20251221,0.302942156791687,0.3304692804813385,0.230234757065773,2.6633028984069824,0.6487062573432922,2.4532814025878906,3.7472660541534424,0.9052029848098755,0.9462646245956421,0.24761715531349182,0.610939085483551,0.5319054126739502,0.5973463654518127,,0.3205215036869049,,
20251222,0.2855117619037628,0.5619592666625977,0.37221553921699524,2.8783655166625977,0.6008802652359009,2.803490400314331,5.546865940093994,0.8770081996917725,1.1630733013153076,0.21226058900356293,0.4388704299926758,0.55698561668396,1.078735589981079,8.255365371704102,0.5998460054397583,0.210163414478302,0.22385936975479126
20251223,0.3362177014350891,1.096319317817688,0.40510836243629456,2.9190099239349365,0.6312994956970215,3.3808157444000244,6.270322799682617,1.2517153024673462,1.179064393043518,0.3434965908527374,0.4614631235599518,0.5249485373497009,0.8213312029838562,8.344002723693848,0.30885037779808044,0.255868136882782,0.8496361374855042
20251224,0.26709675788879395,1.6025381088256836,0.27713459730148315,,0.646813154220581,,,,,,,,,,0.2477446347475052,0.2518552243709564,
20251225,0.40409746766090393,0.6319621205329895,0.42471635341644287,2.305339813232422,0.7305623888969421,2.263706922531128,4.844281196594238,1.129520058631897,1.160689115524292,0.4949592351913452,0.8764470815658569,,1.0245680809020996,7.257175922393799,0.45432376861572266,0.2934808135032654,1.16865873336792
20251226,0.36572834849357605,0.6732956767082214,0.4617856442928314,2.4912097454071045,0.7955855131149292,3.094179391860962,4.508915901184082,1.0147961378097534,1.0717167854309082,0.5575588941574097,0.9601625204086304,0.7553585171699524,1.019092321395874,7.837160110473633,0.48151785135269165,0.3344802260398865,0.9903703331947327
20251227,0.35726118087768555,0.7532693147659302,0.49713245034217834,2.9064316749572754,0.717827558517456,2.95583438873291,6.491550922393799,1.054866909980774,1.1246851682662964,0.49971887469291687,0.8262577056884766,0.7446434497833252,0.705430805683136,9.449910163879395,0.47250428795814514,0.3128754198551178,0.9174719452857971
20251228,0.3257293403148651,0.8487447500228882,0.4551887512207031,2.787085771560669,0.6104680299758911,3.2981934547424316,6.539905548095703,1.009253978729248,0.9624924063682556,0.40327519178390503,0.7673705220222473,0.7814709544181824,0.5976244807243347,10.512616157531738,0.4645094573497772,0.2836413085460663,1.1454904079437256
20251229,,0.24926947057247162,,2.652097702026367,0.692852258682251,,,0.942135214805603,0.7201535701751709,0.26352137327194214,0.38778847455978394,0.6615536212921143,0.5620573163032532,10.475576400756836,0.5349509716033936,0.24516382813453674,1.195165991783142
20251230,,,0.22251811623573303,,,,,,,,,,,,,,
