date,Ceduna-Port Lincoln,Spencer Gulf N,Spencer Gulf S,SVG - NW,SVG - NE,SVG - SW,SVG - SE,Victor Harbor,Victor Harbour-Mt Gambier,Mt Gambier-Port Fairy
20120102,,,,,,,,,,
20120103,0.17560766637325287,,0.29146772623062134,,,0.42398107051849365,0.30812883377075195,0.3124676048755646,0.12025171518325806,
20120104,0.33204713463783264,1.6137092113494873,0.41837841272354126,1.5210665464401245,2.054216146469116,0.44615089893341064,0.479284405708313,0.28029870986938477,0.20316259562969208,0.14455349743366241
20120105,0.30719009041786194,1.6734927892684937,0.37784525752067566,2.3214147090911865,2.8629140853881836,0.5528176426887512,0.45337310433387756,,0.1894923597574234,0.12816782295703888
20120106,0.5786648392677307,1.1837027072906494,0.34965598583221436,,,0.22874663770198822,0.4851459264755249,,,0.18875962495803833
20120107,,,,,,,,,,
20120108,0.11908725649118423,,,,,,,,,
20120109,,,,,,,,,0.06327870488166809,
20120110,0.24913181364536285,,0.4537961184978485,,,,,,0.1907644122838974,0.13511034846305847
20120111,0.4329722821712494,2.329608678817749,0.46142521500587463,2.344600200653076,3.0922820568084717,0.9289174675941467,0.7457650899887085,0.42249101400375366,0.2876286506652832,0.15350699424743652
20120112,,2.4452359676361084,,2.724985361099243,3.215264320373535,0.5281647443771362,0.6014889478683472,0.6124699711799622,0.42529943585395813,0.7301916480064392
20120113,0.46959057450294495,,,,,,,,,0.38296788930892944
20120114,0.3389551043510437,1.9148417711257935,0.5306106209754944,2.4162070751190186,3.24771785736084,0.5982415080070496,0.6924591660499573,0.5624616146087646,0.37643781304359436,
20120115,0.36047011613845825,2.47836971282959,0.49935972690582275,3.239107131958008,3.7265372276306152,0.7071593999862671,0.6289780735969543,0.5110743641853333,0.37542134523391724,0.7402926683425903
20120116,0.41826996207237244,2.253537178039551,0.4445456564426422,2.771517276763916,3.085631847381592,0.6281120181083679,0.7405030131340027,0.42417681217193604,0.3403216004371643,0.8184552192687988
20120117,,,0.13386721909046173,,,,,,,
20120118,,,,,,,,,,0.3833441734313965
20120119,0.3849324882030487,1.6779379844665527,0.4741286039352417,2.681960105895996,,1.004963755607605,,0.36311134696006775,0.12763947248458862,
20120120,0.2830802798271179,0.7779310941696167,0.4647534191608429,1.4295110702514648,1.751587986946106,0.5507696270942688,0.5738159418106079,0.4035043716430664,0.6045235991477966,0.2695748507976532
20120121,0.3112950026988983,1.3808698654174805,0.44325587153434753,2.3828179836273193,2.6461539268493652,0.6671661138534546,0.6045647263526917,0.4470135569572449,0.5809372663497925,0.20116110146045685
20120122,0.7383853197097778,1.7912484407424927,0.5368214845657349,2.223451852798462,3.1346511840820312,0.6807603240013123,0.6450409889221191,0.43316128849983215,0.36317530274391174,0.49546992778778076
20120123,0.13340020179748535,1.4634697437286377,0.3267250955104828,,,,0.5234241485595703,0.36932554841041565,0.4370534420013428,0.420544296503067
20120124,0.4568023979663849,1.7577548027038574,0.3780822157859802,1.8627327680587769,,0.6165930032730103,0.32317662239074707,0.5971212983131409,,0.5724856853485107
20120125,0.4945811927318573,1.5521652698516846,0.3753913342952728,2.1270689964294434,3.0974793434143066,0.42062893509864807,0.5455416440963745,0.2949673533439636,0.5390697121620178,0.21074336767196655
20120126,0.37919703125953674,2.32639217376709,0.49959418177604675,2.641124725341797,3.159407138824463,0.7305760383605957,0.5940399169921875,0.42657172679901123,0.7916775345802307,0.8295831680297852
20120127,0.5827577710151672,1.6844675540924072,0.5206247568130493,2.6156435012817383,3.1891679763793945,0.7557253837585449,0.6811981797218323,0.468109130859375,0.4307229518890381,0.5051541328430176
20120128,,1.664883017539978,0.4703693389892578,2.5536718368530273,,0.713110089302063,0.4182945787906647,0.3863598108291626,0.36635565757751465,0.4705335795879364
20120129,0.2407740205526352,1.6720999479293823,0.3328479528427124,1.989820957183838,,0.8639965057373047,,,,0.4218027591705322
20120130,0.17255327105522156,1.120818018913269,0.3509995937347412,,,,,,,
20120131,0.46332210302352905,2.3410749435424805,0.45009610056877136,2.7933435440063477,3.067993402481079,,0.8103058338165283,0.5472705364227295,0.7905337810516357,0.18880441784858704
20120201,0.4008300304412842,1.606689214706421,0.4296032786369324,,,0.4862819015979767,,0.47276571393013,0.599269449710846,0.5175546407699585
20120202,,2.0580248832702637,0.5304849743843079,2.8389012813568115,3.648226737976074,0.7214648723602295,0.6688838601112366,0.5550042390823364,0.7526427507400513,0.39218732714653015
20120203,,,,,,,,,,
20120204,,,0.4018237888813019,,,,,,,0.1976441890001297
20120205,0.3801640272140503,,,,,,,0.49119338393211365,0.5112859606742859,0.097458116710186
20120206,0.3545379340648651,1.9221657514572144,0.4473768174648285,,,0.5218992233276367,,0.45361143350601196,0.4364982843399048,0.3071414828300476
20120207,0.48083987832069397,2.2134413719177246,0.46563073992729187,,2.0189435482025146,,,0.3915957510471344,0.5029603838920593,0.2299576997756958
20120208,0.1475372612476349,,,,,,,0.5956154465675354,0.39978158473968506,0.3085630238056183
20120209,0.279664009809494,,,,,,,0.33907732367515564,0.1341334730386734,1.6808236837387085
20120210,0.37923845648765564,,0.27211445569992065,,,,,0.4859061539173126,0.3702181279659271,0.19568443298339844
20120211,,,,,,,,,,
20120212,0.39245542883872986,2.3006935119628906,0.4936833381652832,2.6944069862365723,3.097810983657837,0.7568911910057068,0.7551524639129639,0.48552897572517395,0.37337252497673035,0.45097029209136963
20120213,,2.7680270671844482,0.6169536113739014,2.892261266708374,3.436112642288208,0.8320708274841309,0.7063085436820984,0.5272490978240967,0.31032902002334595,0.2878016233444214
20120214,,,,,,,,,,
20120215,0.1674366593360901,,0.2139323502779007,,,,,0.29898732900619507,0.1903267204761505,0.8682852387428284
20120216,0.30713462829589844,4.452815532684326,0.4190414547920227,10.019092559814453,,1.0473437309265137,,,0.35529300570487976,0.5046088695526123
20120217,0.36903706192970276,2.634819269180298,0.49480515718460083,2.3907580375671387,2.4683728218078613,0.6687709093093872,0.7434776425361633,0.37373995780944824,0.48967552185058594,0.39959120750427246
20120218,,,,,,,,,,
20120219,,,,,,,,,0.5289813280105591,0.4715355336666107
20120220,0.4076293706893921,2.6238741874694824,0.45472508668899536,2.1035797595977783,3.4274816513061523,0.6222782731056213,0.7730122804641724,0.40318581461906433,0.47783133387565613,0.15223954617977142
20120221,0.341081827878952,0.6796168088912964,0.46011847257614136,,,0.5290605425834656,,0.34651389718055725,0.4760410189628601,0.20671889185905457
20120222,0.42581239342689514,2.276658296585083,0.4973633885383606,2.2899131774902344,3.2310128211975098,0.6681016087532043,0.614303469657898,0.4716484546661377,0.2820264995098114,0.42487603425979614
20120223,0.5135324597358704,2.2833945751190186,0.5612988471984863,2.6167349815368652,4.149486541748047,0.7074124813079834,0.7398645281791687,0.4650236666202545,0.3694254159927368,0.3572169840335846
20120224,0.20813395082950592,3.016942262649536,,3.095961093902588,5.155182838439941,0.8278264403343201,0.7561401128768921,0.43658629059791565,0.3527357578277588,0.413006454706192
20120225,0.3612833023071289,1.946970820426941,0.40968814492225647,2.2085652351379395,2.6141836643218994,0.5266121029853821,0.6569622755050659,0.40008214116096497,0.28425395488739014,0.3359379470348358
20120226,0.1566198319196701,,,,,,,,,0.391498327255249
20120227,0.14158865809440613,1.5519698858261108,0.37633436918258667,,,,,0.24361857771873474,0.14886493980884552,0.16172349452972412
20120228,0.2169087827205658,,0.45738643407821655,,,,,0.3265780508518219,0.3136989176273346,0.18750536441802979
20120229,,,,,,,,,,
20120301,0.2403598576784134,1.3317636251449585,,,,,,,,0.15523448586463928
20120302,0.23136813938617706,1.9872610569000244,0.3986528813838959,2.223816394805908,2.005495548248291,0.6468909382820129,0.6297645568847656,0.5858887434005737,0.2441859096288681,0.3876709043979645
20120303,0.4145130515098572,,0.43748873472213745,,,,,0.4597020447254181,,
20120304,0.46263793110847473,2.916020154953003,0.4871121942996979,2.4447131156921387,3.2734861373901367,0.7119583487510681,1.0437809228897095,0.6109595894813538,0.5748776197433472,0.5664727091789246
20120305,0.60077965259552,2.724932909011841,0.5927495360374451,2.7292909622192383,3.890218496322632,0.9593110084533691,0.937129557132721,0.3420475125312805,0.27080535888671875,0.2561127841472626
20120306,0.49646174907684326,,0.36343392729759216,,,,,,0.6178845167160034,0.4073142409324646
20120307,0.471306174993515,2.1539430618286133,0.559367835521698,2.6563942432403564,4.865822792053223,0.7976282238960266,0.9862284064292908,0.6831286549568176,0.8236668705940247,0.5156775116920471
20120308,0.6556432843208313,4.331875801086426,0.6259015202522278,3.387875556945801,7.069493293762207,0.762678325176239,1.1946437358856201,0.6776778101921082,0.6649826765060425,0.3893854320049286
20120309,0.5119031071662903,3.057443618774414,0.4967479407787323,3.991050958633423,6.321535110473633,0.9008111357688904,0.8214856386184692,0.497009813785553,0.5365317463874817,0.7176806330680847
20120310,,,,,,,,,,
20120311,0.2155127227306366,1.5080221891403198,0.6058951020240784,3.3174819946289062,5.960773468017578,0.9545604586601257,1.1088584661483765,0.5071091651916504,0.7118117809295654,2.4986519813537598
20120312,0.390730619430542,2.6633167266845703,0.5428025722503662,2.801759719848633,5.305100917816162,0.8400812745094299,1.1283098459243774,0.6468474268913269,0.41100528836250305,0.5575743913650513
20120313,,2.5382511615753174,0.5150824189186096,2.9938886165618896,5.720056533813477,0.6068535447120667,1.263604998588562,0.6324896216392517,0.35555538535118103,0.3039792478084564
20120314,0.33273065090179443,,,,,,,,,
20120315,0.5621212124824524,3.518695592880249,0.531494677066803,,,,,0.44938963651657104,0.3130978047847748,0.2560504376888275
20120316,0.44662588834762573,2.297565460205078,0.6343457698822021,2.5443620681762695,3.8040931224823,0.7100294828414917,0.9065966010093689,0.47765374183654785,0.33142802119255066,0.2146015167236328
20120317,0.426045298576355,2.7929599285125732,0.6319082379341125,3.1676688194274902,5.387784957885742,1.034792423248291,1.1698033809661865,0.5240901112556458,0.4322115182876587,0.3720354437828064
20120318,0.5802400708198547,2.8568639755249023,0.5891578793525696,2.487677812576294,3.879798412322998,0.7440615296363831,1.1458722352981567,0.5315431356430054,0.3716442584991455,0.3530973792076111
20120319,0.6479921936988831,5.374016284942627,0.7778977751731873,5.620636463165283,10.189192771911621,1.1283807754516602,0.9058742523193359,0.5804314017295837,0.3832404911518097,0.43180176615715027
20120320,0.7374595999717712,2.837390422821045,,3.097278594970703,3.9874656200408936,,0.850653350353241,0.530779242515564,0.529617190361023,0.7910153865814209
20120321,0.29545602202415466,1.949212670326233,0.5143551826477051,2.1454007625579834,3.5685224533081055,0.8385330438613892,1.1586260795593262,0.4955553114414215,0.4352204501628876,0.41841650009155273
20120322,0.3127627968788147,1.1341437101364136,0.33173054456710815,,,,,0.27227744460105896,0.12539702653884888,0.16507437825202942
20120323,0.1235371008515358,,0.3469479978084564,,,,,,0.17298805713653564,0.27168455719947815
20120324,0.4036123752593994,0.8206746578216553,0.5683730244636536,,,0.5385042428970337,0.6717478632926941,0.5419474840164185,0.19210641086101532,0.23235222697257996
20120326,,,,,,,,,,
20120327,0.18287304043769836,,,,,,,0.9043707847595215,0.1646348536014557,0.46447914838790894
20120328,,,1.6369001865386963,,,,,0.7667191028594971,0.4449286162853241,0.534467875957489
20120329,0.4450148642063141,3.062112808227539,0.6332067251205444,2.194166898727417,10.17504596710205,0.8925631642341614,1.2015666961669922,0.643986165523529,0.47908738255500793,0.32123297452926636
20120330,0.34910863637924194,7.966536045074463,,,,,,,0.8039721846580505,0.35715144872665405
20120331,0.40669381618499756,3.7165515422821045,0.5744087100028992,4.958625316619873,5.82818078994751,0.6150798797607422,1.019605040550232,0.5152552127838135,0.5174902081489563,0.3462662100791931
20120401,0.4644218385219574,3.246793508529663,0.6520166397094727,3.864267587661743,8.118043899536133,,0.7908022999763489,0.6156434416770935,0.44532492756843567,0.28672322630882263
20120402,0.4210009276866913,2.7763147354125977,0.7736807465553284,3.276942729949951,6.996281623840332,1.6559970378875732,1.1957356929779053,,,0.29842934012413025
20120403,0.3153958022594452,2.9307663440704346,0.4876939356327057,,,0.392380952835083,0.6758526563644409,0.42152389883995056,0.3233015537261963,0.26235252618789673
20120404,0.31725820899009705,,0.5556168556213379,,,,,0.5582268238067627,0.44441449642181396,0.5583975911140442
20120405,0.26971670985221863,2.3268730640411377,0.6849087476730347,,,,,0.5314620733261108,0.4374552369117737,0.7522010207176208
20120406,0.3823976218700409,2.751370668411255,0.6361403465270996,2.1602349281311035,2.9033539295196533,0.8433325886726379,2.152118682861328,0.3891995847225189,0.10170804709196091,0.25257381796836853
20120407,1.1585220098495483,2.8395986557006836,0.5974748730659485,,,,,,,0.3781147003173828
20120408,0.2541281282901764,1.9406745433807373,0.5732284784317017,,2.0803260803222656,0.881436288356781,1.180928349494934,0.6812444925308228,0.2733031213283539,0.376789391040802
20120409,0.8286647796630859,2.7103285789489746,0.426008403301239,,,,,,0.15069212019443512,0.4281289577484131
20120410,0.7128211259841919,2.6094226837158203,0.6389589905738831,2.8715522289276123,3.821382999420166,1.4130678176879883,1.2953201532363892,,,
20120411,0.5856185555458069,2.668802499771118,0.8151930570602417,2.6590194702148438,4.249794006347656,1.1151877641677856,1.194825291633606,0.9981763958930969,0.6621690392494202,0.42905861139297485
20120412,0.5445160865783691,2.489137887954712,0.792868435382843,2.87172269821167,5.095587730407715,1.106793999671936,1.2345550060272217,0.9461299777030945,0.49792927503585815,0.5909339189529419
20120413,0.5443170070648193,3.1643810272216797,0.7204225063323975,1.8630081415176392,5.379639625549316,0.8962549567222595,1.4267510175704956,0.8973161578178406,0.6107990741729736,0.6245324611663818
20120414,0.7820348739624023,5.07254695892334,0.5837616920471191,3.9160208702087402,12.227029800415039,0.9171240925788879,1.878501534461975,0.7849532961845398,0.6741797924041748,0.6077128648757935
20120415,0.6093572974205017,6.142965316772461,0.9281700253486633,,23.448698043823242,1.8916325569152832,,0.842605710029602,,0.9719163179397583
20120416,0.5082889795303345,4.527292251586914,0.6524259448051453,4.284538269042969,8.990618705749512,1.0426247119903564,1.060011863708496,0.6598384380340576,0.5160184502601624,0.9379864931106567
20120417,0.45495161414146423,4.730409622192383,0.6709434986114502,3.4971108436584473,7.190232753753662,0.9643560647964478,0.9428388476371765,0.6889265775680542,0.49139171838760376,0.8878659605979919
20120418,0.30096736550331116,3.487691640853882,0.6049875020980835,2.639592170715332,6.094376564025879,0.806929886341095,0.8989068269729614,0.69620680809021,0.48884233832359314,0.5877513289451599
20120419,0.22865352034568787,5.763177394866943,0.48838019371032715,,,,,0.8553044199943542,0.6543702483177185,0.3191830515861511
20120420,0.3337312638759613,6.291659832000732,1.6221270561218262,5.401124000549316,18.673377990722656,1.2760775089263916,1.8147755861282349,2.3975229263305664,1.2208740711212158,0.4136858880519867
20120421,0.26945221424102783,,,,,,,,,
20120422,0.41429176926612854,1.7846744060516357,0.5049009919166565,1.8326795101165771,2.3563618659973145,0.675054669380188,1.072845458984375,0.5802347660064697,0.3647242486476898,0.29245004057884216
20120423,0.33159691095352173,0.9031575918197632,0.46924889087677,,,0.4748126268386841,,0.4876652956008911,0.19669975340366364,0.24176384508609772
20120424,0.18337905406951904,1.389151930809021,0.6099568009376526,,,,,,0.2931562066078186,0.278937429189682
20120425,0.3147263824939728,0.7115300297737122,0.3735043406486511,,,0.49586647748947144,,0.40371617674827576,0.1800493448972702,
20120426,1.2041290998458862,4.077591419219971,,,,,,,0.2957165539264679,0.27712056040763855
20120427,0.5830643773078918,3.377647638320923,0.6263304948806763,2.504322052001953,4.5519819259643555,1.0595636367797852,0.6735758781433105,0.7367299199104309,0.46824076771736145,0.3917340040206909
20120428,0.6279765963554382,3.109090566635132,0.596015214920044,2.796844244003296,4.7173027992248535,1.0617676973342896,0.9035923480987549,0.7816930413246155,0.6898111701011658,0.42496299743652344
20120429,,3.0778656005859375,0.5135874152183533,,,,,,0.8572839498519897,0.5868092775344849
20120430,1.1379802227020264,,0.5744763016700745,,,0.6513219475746155,0.6947559714317322,0.9255696535110474,0.7210346460342407,0.6219912171363831
20120501,0.28495174646377563,,,,,,,,,
20120502,0.5090592503547668,4.295101165771484,0.19454127550125122,,,,,0.39051511883735657,0.38414815068244934,0.47283998131752014
20120503,0.6387859582901001,2.459550619125366,0.5230745077133179,1.923357605934143,4.718042850494385,0.8984965085983276,,0.6916735768318176,0.37882545590400696,0.3063962459564209
20120504,0.9549767374992371,2.0543181896209717,0.7781273722648621,,,,,0.8524954319000244,0.444132536649704,0.32657864689826965
20120505,,1.978110909461975,0.47022342681884766,,1.892880916595459,,0.4575642943382263,0.5410609245300293,0.2871282696723938,0.23476934432983398
20120506,,,,,,,,,1.427742600440979,
20120507,0.569003164768219,3.421006917953491,0.7118829488754272,1.9390536546707153,5.68242883682251,1.0107945203781128,1.0389574766159058,0.9808704257011414,0.45881131291389465,
20120508,0.6597979068756104,2.6870663166046143,0.6278594136238098,,,0.926415205001831,,1.2158671617507935,0.5270973443984985,0.916904628276825
20120509,0.5643622279167175,2.6134557723999023,0.5926183462142944,2.660382032394409,5.6082844734191895,0.9170263409614563,0.8447903990745544,0.6904126405715942,0.5004993677139282,0.2990137040615082
20120510,0.656211256980896,2.3733737468719482,0.6388341784477234,2.574979543685913,8.382791519165039,0.7838059067726135,1.0313502550125122,0.9001577496528625,0.44861260056495667,1.0058917999267578
20120511,0.5639040470123291,2.3471968173980713,0.6561954617500305,,,0.8892336487770081,0.7399562001228333,0.8537161350250244,0.3841741383075714,0.8233693838119507
20120512,0.4906003475189209,1.8832876682281494,0.6857373714447021,4.015895843505859,4.4585981369018555,1.144168496131897,0.7711432576179504,0.6662104725837708,0.2340637445449829,0.411556601524353
20120513,0.7701089382171631,1.7218388319015503,0.56379234790802,,,,,0.37253230810165405,0.1442142277956009,0.3268883526325226
20120514,0.9195747971534729,4.305231094360352,,,,,,0.281141459941864,0.21455226838588715,0.3697737753391266
20120515,0.7390356659889221,2.901643753051758,0.9215421676635742,2.796416759490967,5.395993709564209,1.238245964050293,1.134680986404419,0.99703449010849,0.42913711071014404,0.3936466574668884
20120516,2.2613697052001953,4.7296953201293945,1.5477319955825806,5.015809535980225,,,,1.4906483888626099,0.6820409297943115,0.630906343460083
20120517,0.5075687766075134,,,,,,,,,1.212475299835205
20120518,0.863092303276062,,0.823058545589447,,,0.9837250113487244,0.9246851205825806,1.3756389617919922,0.4526457190513611,0.5518347024917603
20120519,0.5514331459999084,2.311575174331665,0.47776517271995544,2.2849910259246826,4.275620937347412,1.0643985271453857,0.5823269486427307,0.6986668705940247,0.25912052392959595,0.33004337549209595
20120520,0.8394583463668823,2.400855302810669,0.8263305425643921,2.929032325744629,6.471839904785156,0.847910463809967,1.0386601686477661,1.5115909576416016,0.3116639256477356,0.36044156551361084
20120521,0.6736105680465698,1.672900915145874,0.6330971717834473,1.6240051984786987,7.719700813293457,0.9586592316627502,,1.0019385814666748,0.47345075011253357,0.5745174884796143
20120522,0.5033019185066223,3.0200459957122803,0.5458868145942688,2.248304605484009,7.584489822387695,0.5653948187828064,0.9254855513572693,0.6649650931358337,0.45105302333831787,
20120523,,,,,,,,,0.7547845840454102,0.5104706883430481
20120524,0.5634632706642151,,0.5170487761497498,,,,,0.5167728066444397,0.24525806307792664,0.29044651985168457
20120525,0.6612890958786011,1.8491766452789307,0.45541614294052124,,,0.4298497438430786,,,0.17678141593933105,0.23167690634727478
20120526,0.6594459414482117,1.2946289777755737,0.6421300768852234,1.4496355056762695,2.247062921524048,1.0800772905349731,1.2212764024734497,0.9300655126571655,0.6233569383621216,0.2295846939086914
20120527,0.4615585505962372,3.348726272583008,0.7644074559211731,1.401134729385376,,0.8345061540603638,0.7972652912139893,,,
20120528,0.6694222688674927,4.080921173095703,0.2879578471183777,,,0.7474064826965332,,0.9757466912269592,0.5146777033805847,0.22825780510902405
20120529,0.24693821370601654,3.7342398166656494,0.2826804518699646,,,,,0.5430755019187927,0.2217472493648529,0.27862998843193054
20120530,0.9194744825363159,2.579864740371704,0.7952677011489868,2.839203357696533,4.7894606590271,1.0472921133041382,0.9666141271591187,1.9169448614120483,0.25635138154029846,0.21743212640285492
20120531,0.6720438003540039,2.635183095932007,0.8996875882148743,3.047274351119995,6.753769874572754,1.0174626111984253,1.0996249914169312,1.2597705125808716,0.5526655316352844,0.8339569568634033
20120601,0.7988448143005371,,0.6159502863883972,,,,,0.7534986138343811,0.5678361654281616,0.6890565752983093
20120602,0.47694921493530273,4.932770252227783,1.1549437046051025,11.82958984375,16.284687042236328,2.9745824337005615,2.5808441638946533,3.200446844100952,,4.061376094818115
20120603,0.5102308988571167,1.7773762941360474,0.5012704133987427,1.6824191808700562,3.0954251289367676,0.3785095512866974,0.5623822212219238,0.9598885774612427,0.6491209864616394,
20120604,0.3685707151889801,2.6477138996124268,0.37222787737846375,,,,,,,
20120605,0.22252240777015686,,0.36188843846321106,,,,,0.38061994314193726,,0.281033992767334
20120606,0.4176892936229706,2.0721309185028076,0.47346213459968567,,,0.8075830936431885,0.7683507800102234,,,0.3093476891517639
20120607,1.0444352626800537,5.3499064445495605,0.9574533700942993,4.689581394195557,6.4042768478393555,1.4467947483062744,3.1427478790283203,2.194626569747925,,
20120608,0.763343095779419,3.0131635665893555,0.9086458086967468,2.8792803287506104,3.8361241817474365,1.2066935300827026,1.1069899797439575,0.9630350470542908,,
20120609,0.7186180949211121,2.804457426071167,0.6896694302558899,,,,,1.9802294969558716,0.2063765674829483,0.3686349391937256
20120610,0.7723038792610168,3.0907466411590576,0.8442604541778564,2.971522808074951,5.361316204071045,1.0411925315856934,1.0517761707305908,1.261656403541565,0.27769267559051514,0.3015933930873871
20120611,,6.532566547393799,1.5646413564682007,3.1305389404296875,,1.1170473098754883,,2.000880241394043,0.49643704295158386,0.8146822452545166
20120612,1.1607180833816528,2.4207115173339844,2.7641468048095703,,,0.8650729060173035,,1.3736906051635742,,1.20137619972229
20120613,1.0562310218811035,,,,,,,,,
20120614,0.5780081152915955,1.9519253969192505,0.49821969866752625,,,0.8046343922615051,0.8672981262207031,0.7756242752075195,0.3524760603904724,1.3039681911468506
20120615,0.6686487793922424,1.93081796169281,0.7059283256530762,1.6221845149993896,3.317775249481201,0.6330530643463135,0.6493048667907715,0.8010308742523193,0.3675568997859955,1.0608139038085938
20120616,0.6798492670059204,2.497215986251831,0.5700005292892456,2.0337719917297363,4.120154857635498,0.48503127694129944,,0.8053570985794067,0.43397578597068787,0.3072987496852875
20120617,0.611194372177124,0.940165638923645,0.4730360507965088,1.2405600547790527,2.627033233642578,0.3119828402996063,,0.8350561261177063,0.27039000391960144,0.2969222664833069
20120618,0.5141700506210327,2.0845534801483154,0.5929548144340515,2.484058380126953,1.7029345035552979,1.5276784896850586,0.5788735747337341,0.9988564252853394,0.7992069721221924,0.5022123456001282
20120619,0.5980172753334045,5.085839748382568,0.652282178401947,,,1.1054898500442505,0.4675652086734772,0.6700118780136108,0.3167906105518341,
20120620,,2.9722683429718018,,,,,,,,
20120621,0.40375208854675293,,,,,,,,,
20120622,,,,,,,,,,
20120623,0.43985381722450256,2.613954782485962,0.6190634965896606,,,,,0.629896879196167,0.7110666036605835,0.19570472836494446
20120624,0.2776203155517578,1.3355292081832886,0.5796269774436951,,,0.5198981761932373,,0.7050400972366333,0.5040092468261719,0.7428349256515503
20120625,0.44128865003585815,2.4816701412200928,0.6419198513031006,,,0.9044004678726196,,1.042288899421692,0.2787030041217804,0.21343299746513367
20120626,0.6873139142990112,2.3577263355255127,0.6062436699867249,1.9689408540725708,3.153186798095703,0.9019279479980469,1.0328048467636108,0.9808849692344666,0.20908275246620178,0.28033483028411865
20120627,0.8276199102401733,3.1409411430358887,0.6419441103935242,3.8727729320526123,12.198637008666992,0.8894912004470825,2.1318857669830322,0.6420368552207947,0.5658420920372009,0.873208224773407
20120628,0.6032748818397522,2.839855670928955,1.155925989151001,,,,,1.2585363388061523,,
20120629,0.2924116849899292,1.0700911283493042,0.42440274357795715,,,1.1584532260894775,0.515379786491394,0.9168850183486938,0.6232083439826965,
20120630,0.5667184591293335,2.000267505645752,0.39224904775619507,,,,1.702793836593628,1.2104190587997437,0.6032475233078003,0.23344571888446808
20120701,0.46106189489364624,1.4657920598983765,0.5436443090438843,0.8086762428283691,2.8118934631347656,0.485834002494812,0.8597145676612854,0.5524841547012329,0.2748299837112427,0.2522759437561035
20120702,0.21764226257801056,1.5694422721862793,0.5412845611572266,1.8479368686676025,3.827754020690918,0.5764750838279724,0.4726126194000244,0.7278549075126648,0.44690385460853577,0.2502732276916504
20120703,0.6952680945396423,1.13214111328125,0.43720543384552,,,,,,0.2197510302066803,0.6618943810462952
20120704,0.5420964956283569,1.7762407064437866,0.5390449166297913,6.449648380279541,8.939184188842773,0.8938590288162231,,1.0526008605957031,0.6273432970046997,0.34899652004241943
20120705,0.6127437353134155,2.1014888286590576,0.7326322197914124,1.9112144708633423,,1.030290961265564,0.8005906343460083,0.9283400774002075,0.6988409161567688,0.6499423980712891
20120706,0.5255356431007385,4.148590564727783,0.5810436606407166,4.490739345550537,10.710055351257324,0.9874459505081177,1.2341035604476929,1.0804694890975952,0.34185662865638733,0.31990987062454224
20120707,0.7491341233253479,3.7173051834106445,0.6996592283248901,,,0.7125282883644104,,0.9288346767425537,0.5471469759941101,1.1099698543548584
20120708,0.8556742072105408,3.7189555168151855,0.7628964185714722,,,,,,,
20120709,0.6484944224357605,,,,,,,,,
20120710,0.5985473394393921,5.539022445678711,0.4806908071041107,3.411935567855835,8.709203720092773,1.0297194719314575,,,,
20120711,,,,,,,,,,0.5473645925521851
20120712,0.44671866297721863,2.312220573425293,,,,,,0.6700021028518677,1.4719260931015015,0.20640945434570312
20120713,0.3369807004928589,1.3196351528167725,,0.7718731164932251,1.4281766414642334,,,0.7367764115333557,,0.6684696674346924
20120714,0.4565165042877197,1.0559494495391846,0.884494423866272,,,0.45757728815078735,0.5813509821891785,0.4523049294948578,0.3949548006057739,0.9153823852539062
20120715,0.5343260765075684,0.7120798230171204,0.35814130306243896,,,0.49311336874961853,0.39146676659584045,0.6481065154075623,0.2536781132221222,0.48377999663352966
20120716,0.6370362639427185,3.431931257247925,0.6437477469444275,3.314275026321411,5.997271537780762,0.6944562196731567,0.8598710298538208,0.6089961528778076,0.7003735303878784,0.31697550415992737
20120717,0.7618259191513062,3.81402587890625,0.8019704222679138,3.0682473182678223,7.072971820831299,0.8339919447898865,1.1908040046691895,0.6146329641342163,,1.5811535120010376
20120718,0.5303810238838196,1.0067075490951538,0.48169246315956116,1.566551685333252,5.1715593338012695,0.5692036747932434,0.9500927329063416,0.5463501214981079,0.3786656856536865,0.7636790871620178
20120719,0.31333011388778687,1.0619688034057617,0.4288434088230133,,,,,0.47533735632896423,0.20604614913463593,0.39172524213790894
20120720,0.4735884666442871,4.412282943725586,0.44711998105049133,,5.945671081542969,0.45592957735061646,,0.7193095684051514,0.5320322513580322,0.5045996904373169
20120721,0.3284778296947479,2.0391831398010254,0.4231526851654053,,,0.4573304355144501,0.7122105956077576,0.6693844795227051,0.37014979124069214,2.16762113571167
20120722,0.44989705085754395,2.3420705795288086,0.5170043706893921,2.758157253265381,3.6678619384765625,0.5829201936721802,0.33470696210861206,0.634027361869812,0.45459845662117004,0.27464309334754944
20120723,0.41377755999565125,2.8743183612823486,0.39258915185928345,1.4531097412109375,6.772130966186523,0.6935610771179199,1.0081969499588013,,0.2499532252550125,0.42058631777763367
20120724,0.39621517062187195,2.4833264350891113,0.5733656287193298,3.194270372390747,7.721462249755859,,,,0.7892526984214783,
20120725,0.3021884262561798,3.496145009994507,0.3909192979335785,,,,,,0.3209837079048157,0.30728745460510254
20120726,0.4625694751739502,2.2585506439208984,0.48825228214263916,2.1880276203155518,,,1.6058629751205444,1.6272833347320557,0.42311111092567444,0.4568573236465454
20120727,0.34073978662490845,1.231131911277771,0.27510184049606323,,,,1.2707195281982422,0.3599979281425476,0.2047247439622879,0.2956012785434723
20120728,0.37820056080818176,1.5561256408691406,0.519094705581665,,4.064813137054443,0.7775081992149353,0.7855543494224548,0.576476514339447,0.5661517977714539,0.32275933027267456
20120729,0.2726866602897644,0.4849349856376648,0.3351094722747803,1.1836622953414917,2.352850914001465,0.9097251892089844,0.3442586362361908,0.5642725825309753,0.32618412375450134,0.3048727512359619
20120730,0.4181661009788513,,1.614020586013794,,,0.5692355632781982,,0.6238790154457092,0.29869136214256287,0.3651702105998993
20120731,0.6941990852355957,5.708086967468262,0.618361234664917,1.0392082929611206,3.6124634742736816,0.8517671227455139,0.699406623840332,0.9378523230552673,0.34068727493286133,0.33609098196029663
20120801,0.8905386924743652,2.969101905822754,0.8616666793823242,2.8678765296936035,7.8083343505859375,0.7643134593963623,1.2106937170028687,1.2093161344528198,0.5615336298942566,0.895788311958313
20120802,0.443663090467453,2.3168752193450928,0.537744402885437,3.2746083736419678,,,,0.885918140411377,,0.6820836663246155
20120803,0.5538339614868164,2.9727044105529785,0.5536165833473206,1.0768600702285767,4.062884330749512,0.7067899703979492,0.5833603143692017,0.783219039440155,0.6535278558731079,0.6082412600517273
20120804,0.46954336762428284,3.415217399597168,0.5571345686912537,4.180145263671875,7.082725524902344,0.4666518568992615,0.552539050579071,0.6171541810035706,0.347842812538147,1.234448790550232
20120805,0.41426023840904236,3.1671271324157715,0.31876182556152344,,,0.4454166293144226,,0.3845070004463196,,
20120806,0.47760552167892456,2.990513324737549,0.6491079926490784,,,0.5396396517753601,0.9024505019187927,0.6016526222229004,0.41531041264533997,0.5232741832733154
20120807,0.7551223635673523,2.9159834384918213,0.6360631585121155,,4.884357452392578,0.8246857523918152,0.9996681809425354,0.7806209325790405,0.5950571894645691,5.3519206047058105
20120808,0.23874633014202118,,0.4080016016960144,,,0.5422959923744202,,0.7132260203361511,0.4423077702522278,0.42969316244125366
20120809,0.37605103850364685,1.5115891695022583,0.39479488134384155,1.1613924503326416,3.8145768642425537,0.6036821007728577,0.6725940704345703,0.6814202666282654,0.4188837707042694,0.5712720155715942
20120810,0.5009334683418274,4.481019020080566,0.19496190547943115,,,,,0.3837796747684479,0.3209134638309479,
20120811,0.4530256986618042,,0.4335903227329254,,,0.43876081705093384,,1.0658466815948486,0.3656608462333679,0.39311137795448303
20120812,0.5835890173912048,4.331264495849609,0.6983067989349365,2.712939739227295,3.0925118923187256,0.8852984309196472,0.5345218181610107,0.7812093496322632,0.3605802357196808,0.46973717212677
20120813,,,,,,,,,,5.915929794311523
20120814,0.2723175287246704,2.219311475753784,0.3365730047225952,0.9568009376525879,4.033649444580078,0.4280335307121277,1.1556867361068726,0.6127758622169495,0.3455631732940674,0.28504347801208496
20120815,0.40523791313171387,0.3839145004749298,0.24586299061775208,,,,0.218775674700737,0.33489111065864563,0.30980604887008667,0.2699137330055237
20120816,0.2951616048812866,0.7056008577346802,0.2672198712825775,,,,,,,0.4121442139148712
20120817,0.3853955566883087,1.961578607559204,0.5949518084526062,1.359179973602295,3.103874683380127,0.5194366574287415,1.5319372415542603,0.6377055048942566,0.31713032722473145,0.45472586154937744
20120818,0.37223300337791443,1.6286885738372803,0.387101948261261,0.8124515414237976,2.7890806198120117,0.5436154007911682,0.927966296672821,0.8072144389152527,0.41867777705192566,0.24400629103183746
20120819,0.5072958469390869,1.793477177619934,0.4759541153907776,,2.1264777183532715,0.4710240960121155,1.3219116926193237,0.5610961318016052,0.7763882279396057,0.2005433440208435
20120820,0.579853892326355,1.534666895866394,0.4838929772377014,,,0.5272249579429626,0.6427743434906006,0.5124790668487549,,0.4090408980846405
20120821,0.459119975566864,0.8488839268684387,0.5504741668701172,,,0.7422429323196411,0.5205774307250977,0.5510976314544678,0.3568207025527954,0.30995455384254456
20120822,0.29565587639808655,2.261539936065674,,,,0.46856507658958435,1.4625015258789062,,0.3157121241092682,0.5293155312538147
20120823,0.3987537622451782,1.636973261833191,0.3167499005794525,,,,,0.3394213616847992,0.20842601358890533,1.035503625869751
20120824,0.41074851155281067,0.7677081227302551,0.4812096655368805,,,0.5811116695404053,0.9027647972106934,0.5225947499275208,0.3137868642807007,0.3461870551109314
20120825,0.25674906373023987,2.1027939319610596,0.35031917691230774,,,,,0.357257604598999,0.2446071207523346,0.3383866846561432
20120826,0.4130858778953552,2.0351898670196533,0.3587147891521454,,2.547269344329834,0.3954831063747406,1.4757373332977295,0.7541437745094299,,0.2613207697868347
20120827,0.5487668514251709,,0.4325801432132721,,,,,,,
20120828,0.33447372913360596,,,,,,,,,6.941443920135498
20120829,0.29196664690971375,0.6636009812355042,0.36776843667030334,,2.9828872680664062,0.4141688346862793,0.597650408744812,0.4410460293292999,0.23103545606136322,1.2859457731246948
20120830,,,,,,,,0.5773720741271973,0.26661020517349243,0.4088318347930908
20120831,0.4683389961719513,1.6159390211105347,0.8091452717781067,,,,,0.5556321740150452,0.36247363686561584,0.6373054385185242
20120901,0.40256181359291077,2.4764139652252197,0.6293793320655823,2.3912837505340576,4.6832356452941895,0.9104698896408081,0.9745361804962158,0.8176926970481873,0.8652531504631042,3.2380850315093994
20120902,0.5855041146278381,3.651609182357788,0.6673107743263245,2.7305727005004883,6.618346691131592,0.7825793027877808,1.1254777908325195,0.6951721906661987,0.45568811893463135,0.8259792327880859
20120903,0.5007320046424866,2.177030563354492,0.6578364968299866,,,,,0.3298976421356201,,0.7803548574447632
20120904,,1.9889652729034424,0.5419878363609314,,,,1.7611615657806396,1.447845697402954,2.1623167991638184,2.9293863773345947
20120905,0.5079428553581238,2.830288887023926,,,,,,,0.44611987471580505,0.42994800209999084
20120906,0.2481701672077179,,,,,,,,,0.5149743556976318
20120907,0.3584124743938446,1.9636245965957642,0.4528610408306122,,,0.6036561131477356,1.1360269784927368,0.7038769125938416,0.2415081113576889,
20120908,0.39787331223487854,1.8394277095794678,0.5920127630233765,,,0.988082230091095,0.7207885980606079,0.5693073868751526,,0.6569890379905701
20120909,0.47616466879844666,1.952402949333191,0.6224385499954224,1.5117167234420776,3.5075230598449707,0.7751524448394775,1.3633896112442017,0.6666931509971619,0.7589835524559021,1.091941237449646
20120910,0.37173396348953247,2.0544373989105225,0.5284961462020874,1.6500980854034424,3.928677797317505,0.6407262682914734,1.0926353931427002,0.6352279186248779,0.6570020318031311,0.8352725505828857
20120911,0.4073203206062317,2.5311994552612305,0.4773086607456207,1.529923439025879,4.0994110107421875,0.8464812636375427,0.8749329447746277,0.739732027053833,0.612531304359436,0.7872164845466614
20120912,0.2548041045665741,,0.20963533222675323,,,,,0.33982086181640625,0.37295013666152954,0.24349376559257507
20120913,0.389062762260437,2.1115288734436035,0.5100961923599243,,4.58743953704834,0.5945842266082764,0.7649027705192566,0.6787867546081543,0.5636031627655029,0.5554742217063904
20120914,0.7255803942680359,1.47076416015625,0.2168789803981781,,,,,0.34390485286712646,0.26658958196640015,0.33930689096450806
20120915,,,,,2.596684455871582,0.6177011728286743,,,0.22194473445415497,0.1777409315109253
20120916,0.6177472472190857,2.1368463039398193,0.30474039912223816,,0.9694890379905701,0.34772318601608276,0.3512938320636749,0.26351678371429443,0.33356672525405884,0.18745635449886322
20120917,0.3631415069103241,0.33562061190605164,0.39869165420532227,,,0.49236512184143066,,0.6215481758117676,0.6320923566818237,0.4542342722415924
20120918,0.4400600492954254,3.3136675357818604,0.4117741882801056,3.6105494499206543,7.885832786560059,0.9577375650405884,0.955741286277771,0.48159873485565186,0.6460697650909424,0.4259893298149109
20120919,0.38891926407814026,1.6406432390213013,0.6017956137657166,,,,,,1.222145915031433,0.613129198551178
20120920,0.23430797457695007,,0.3573903441429138,1.6441924571990967,4.218166828155518,0.4060332179069519,0.6771179437637329,0.502669632434845,0.37339040637016296,0.7579371333122253
20120921,0.3555375039577484,4.071887969970703,0.4221019744873047,1.9977672100067139,7.894038677215576,0.5773176550865173,1.3444592952728271,0.46841883659362793,0.5656540989875793,0.45529046654701233
20120922,0.3367670774459839,,0.2922670245170593,,,,,,0.9779908061027527,1.318361520767212
20120923,0.3052326738834381,0.832011342048645,0.35873931646347046,1.2774797677993774,5.07260799407959,0.41719162464141846,0.7000840902328491,0.39904969930648804,0.4841032028198242,1.1900880336761475
20120924,0.48852425813674927,2.4057230949401855,0.49083995819091797,2.1117167472839355,3.3906543254852295,0.7715054154396057,0.850269079208374,0.3110191822052002,0.3150310516357422,0.3518458604812622
20120925,0.40236005187034607,2.544433832168579,0.5770207643508911,1.9628663063049316,4.511084079742432,0.6012597680091858,0.9476156830787659,0.5683670043945312,0.5525794625282288,0.7027071714401245
20120926,0.28842800855636597,0.40008488297462463,0.41701188683509827,,,0.4505981206893921,,0.42367973923683167,0.4729536771774292,0.39782091975212097
20120927,0.22534622251987457,0.7551231384277344,0.39648303389549255,,,,,1.11496102809906,0.561258852481842,4.006240367889404
20120928,0.3016074001789093,0.8573696613311768,0.32542067766189575,,2.702197551727295,0.24391819536685944,0.821540117263794,0.3560851514339447,0.3438953161239624,0.25196295976638794
20120929,0.3174717426300049,1.6028385162353516,0.38240933418273926,,,0.39458346366882324,1.080613136291504,0.5808374285697937,0.3982045352458954,0.472797155380249
20120930,0.2919352352619171,1.1851056814193726,0.33251768350601196,0.9667096138000488,3.175455331802368,0.4735846519470215,0.6713433861732483,0.49989935755729675,0.27239006757736206,0.45706793665885925
20121001,0.3918483555316925,1.6477158069610596,0.41129884123802185,1.825471043586731,3.164698600769043,0.7492964267730713,0.710410475730896,0.8985565900802612,0.386606365442276,0.4291231632232666
20121002,0.37501490116119385,2.442638874053955,0.4840376377105713,2.384042978286743,5.120449542999268,0.5686628222465515,1.1953505277633667,0.5394294857978821,0.514846682548523,1.7318975925445557
20121003,0.3917488157749176,2.560772180557251,0.48218876123428345,3.326958417892456,5.365555763244629,1.017173171043396,0.5918952226638794,0.46424129605293274,0.6410133242607117,1.1637979745864868
20121004,0.5311213135719299,3.6763389110565186,0.623396635055542,1.618321180343628,10.893453598022461,1.0874325037002563,0.9984117746353149,0.47614800930023193,0.6135784983634949,0.8249666690826416
20121005,,,0.3917371332645416,,,0.286105215549469,,0.5111134052276611,0.5659018754959106,0.6893593668937683
20121006,0.3046046495437622,1.3603498935699463,0.23615914583206177,,1.975162148475647,0.5438543558120728,0.44529256224632263,0.42504608631134033,0.7250806093215942,0.49574312567710876
20121008,0.30039623379707336,0.9075402617454529,0.49090704321861267,2.375469207763672,4.232793807983398,0.925849974155426,0.6814112067222595,0.5994921922683716,0.9613544344902039,0.5338231325149536
20121009,0.44670867919921875,2.646873712539673,0.4717831015586853,2.4726736545562744,5.720361709594727,0.8721903562545776,0.8156418800354004,0.592121958732605,0.982350766658783,0.9033915996551514
20121010,,0.2818571925163269,0.5672809481620789,,,0.5415534377098083,0.20527130365371704,0.228133425116539,0.32428911328315735,0.2626989185810089
20121011,0.298460453748703,,,,,,,,,0.4005303382873535
20121012,0.33957013487815857,1.5111141204833984,0.4166353940963745,1.9440898895263672,2.9770407676696777,0.4444827437400818,0.5275952816009521,0.4585077166557312,0.23464979231357574,
20121013,0.37169936299324036,2.2719078063964844,0.4878270626068115,4.303450107574463,4.702569484710693,0.7132666110992432,0.44538888335227966,0.7337676286697388,0.5448423027992249,0.2686593234539032
20121014,0.9927315711975098,0.7751175165176392,0.48504531383514404,,8.050444602966309,0.7884560227394104,0.31547728180885315,0.6464883685112,0.7445988059043884,1.1187825202941895
20121015,0.2799678444862366,2.475839376449585,0.3488472104072571,2.203305721282959,4.890079975128174,0.8662351369857788,0.4603671431541443,0.46289440989494324,0.49059757590293884,0.388529896736145
20121016,0.255402147769928,,,,,,,,,0.21026043593883514
20121017,0.3236214518547058,1.834280014038086,0.3762529492378235,1.7680749893188477,,0.5576700568199158,0.3239005208015442,0.5118136405944824,0.43738266825675964,0.2794319987297058
20121018,0.3551342487335205,,0.3238428235054016,,,,,0.5032446980476379,0.706196665763855,
20121019,0.3968963325023651,2.4938530921936035,0.42964833974838257,5.083867073059082,6.13932991027832,0.8867452144622803,0.47520729899406433,0.4882906377315521,0.5108295679092407,1.0655415058135986
20121020,0.608462393283844,3.5191400051116943,0.24584585428237915,,,,,0.20434801280498505,0.3486033082008362,0.27600133419036865
20121021,0.29670992493629456,,0.5218563079833984,1.950451374053955,3.315803050994873,0.5410067439079285,0.6056230664253235,0.40680941939353943,0.4394562542438507,0.35961997509002686
20121022,0.32801875472068787,2.0821533203125,0.45552942156791687,,5.312979221343994,,,,,0.7547465562820435
20121023,,3.3148531913757324,,,,,,,,
20121024,0.24790146946907043,,0.20199182629585266,,,,,,,
20121025,0.2815925180912018,1.1140530109405518,0.5783097147941589,1.1749411821365356,2.3240654468536377,,,,0.18249793350696564,
20121026,,1.7843221426010132,0.6349115371704102,,3.472893238067627,0.40253326296806335,0.5217667818069458,0.5141012072563171,0.397233247756958,0.37747347354888916
20121027,0.3157320022583008,,0.3337600529193878,,,,,,,0.1784243881702423
20121028,0.24255530536174774,1.3279119729995728,0.39843788743019104,1.9219577312469482,2.6204452514648438,0.4483383893966675,0.4756280779838562,0.3212137222290039,0.37128832936286926,0.7959750890731812
20121029,0.3270699381828308,2.4384336471557617,0.42329567670822144,3.53047513961792,6.057341575622559,0.7469694018363953,0.36956074833869934,0.4777098298072815,0.5867744088172913,0.5234920978546143
20121030,,2.670212507247925,,,6.407736778259277,,,0.3576086461544037,0.8048852682113647,0.9613889455795288
20121031,,,,,,,,,0.457011878490448,
20121101,,,,,,,,,,0.47024527192115784
20121102,,,,,,,,,,0.5485044717788696
20121103,0.3815722167491913,0.9020155668258667,0.36858654022216797,,,0.27756989002227783,0.4588623344898224,0.40708598494529724,0.3061201274394989,
20121104,0.3626861274242401,3.2331554889678955,0.3556130528450012,,,0.7316291928291321,0.33717113733291626,0.392350435256958,0.5262550711631775,0.3732242286205292
20121105,,,,,,,,,,
20121106,,3.1994006633758545,,,,,,,0.5466824173927307,0.5376095175743103
20121107,0.27065157890319824,,,,,,,,,
20121108,0.2858067750930786,1.727159023284912,0.3110659122467041,1.195875644683838,3.1647748947143555,0.39685872197151184,0.4445892572402954,0.2830016613006592,0.5031331181526184,0.7879830598831177
20121109,0.31165406107902527,1.4956133365631104,0.27905580401420593,3.435720682144165,4.166656970977783,1.575530767440796,,0.19948939979076385,0.7679754495620728,0.5669798254966736
20121110,0.4021576941013336,2.3913514614105225,0.451534628868103,1.9155000448226929,4.520811557769775,0.6009061336517334,0.4630962014198303,0.3071461617946625,0.5070808529853821,1.1602370738983154
20121111,,3.1152589321136475,,1.6490299701690674,4.791690826416016,0.5550493001937866,0.5282634496688843,0.2345563918352127,0.5208938717842102,0.7614029049873352
20121112,0.20851993560791016,,,,,,,,,0.5497972965240479
20121113,0.257453054189682,0.9579392075538635,0.29014676809310913,,,0.38226693868637085,0.3356025218963623,0.36561188101768494,0.42232275009155273,0.6784663796424866
20121114,0.8251122832298279,0.9039067625999451,0.3897991478443146,2.404798746109009,3.1091275215148926,0.7248824238777161,0.5691521167755127,0.3299989700317383,0.45962706208229065,
20121115,0.21102747321128845,,0.5969012379646301,,,,,,0.5475924015045166,0.9622610807418823
20121116,0.7278372645378113,2.0460383892059326,0.42527633905410767,2.2275335788726807,3.065650701522827,0.7234655618667603,0.5813487768173218,0.5843645334243774,0.4599662125110626,0.4289402663707733
20121117,0.1491279900074005,,,,,,,,,0.2984726130962372
20121118,0.353995144367218,1.0201863050460815,0.3308977484703064,,,0.6725494265556335,,0.39363253116607666,,
20121119,0.41265934705734253,1.659163236618042,0.4352625906467438,,,0.4557526111602783,0.3140488266944885,0.34392663836479187,0.4557500183582306,0.39160260558128357
20121120,0.21672919392585754,,0.2521345913410187,,,,,,0.502074122428894,0.26319417357444763
20121121,0.3839776813983917,1.6902050971984863,0.33958208560943604,1.91692316532135,2.6118850708007812,0.5156527757644653,0.46642887592315674,0.24187925457954407,0.37519267201423645,0.5492706298828125
20121122,,,,,,,,0.48837149143218994,0.37135568261146545,0.5143921971321106
20121123,0.19509366154670715,,0.22616012394428253,,,,,,,0.8548623919487
20121124,0.27587270736694336,1.858014464378357,0.27124640345573425,,1.670271396636963,0.219042107462883,0.3258097767829895,0.3150539696216583,0.21046404540538788,
20121125,0.26630717515945435,,0.28767603635787964,,,0.5001960396766663,0.2861817479133606,0.3157486021518707,0.29433685541152954,0.4436049461364746
20121126,0.4525721073150635,1.766546607017517,0.4065103530883789,,3.2317073345184326,0.5899126529693604,0.5468184947967529,0.5536544919013977,0.3455435335636139,0.3792281448841095
20121127,,1.4287363290786743,,1.766797423362732,2.9354591369628906,0.572610080242157,0.5484091639518738,0.48406729102134705,0.41267216205596924,0.33628392219543457
20121128,0.5070624351501465,,,,,,,,,0.5909336805343628
20121129,0.2083694487810135,,,,,,,,,
20121130,0.322668194770813,,0.30454158782958984,,,0.5232387185096741,,0.33277037739753723,0.2762196660041809,0.27700477838516235
20121201,0.27399754524230957,0.8862451314926147,0.3356453776359558,,,0.34437665343284607,,0.25960302352905273,0.31865957379341125,0.8870706558227539
20121202,0.44081825017929077,2.086934804916382,0.358733206987381,,3.7052841186523438,0.2075587809085846,0.4878033697605133,0.33228710293769836,0.32394272089004517,0.19099010527133942
20121203,,,,,,,,,,0.12916705012321472
20121204,0.4245378077030182,,,,,,,,,
20121205,0.2878756821155548,2.1053473949432373,0.39769354462623596,1.8872202634811401,2.605982780456543,0.4087604284286499,0.4150135815143585,,,
20121206,,1.0889105796813965,0.5570087432861328,,,,,,,0.2573221027851105
20121207,0.37982410192489624,1.6480653285980225,0.45165959000587463,,,1.0401655435562134,,0.28595617413520813,0.27528783679008484,0.2284349650144577
20121208,,,,,,,,,,0.3710295557975769
20121209,0.18835996091365814,,,,,,,,,
20121210,0.3494957983493805,1.1321470737457275,0.37591248750686646,1.9142260551452637,2.717017650604248,0.4262562394142151,0.48018893599510193,0.452383428812027,0.3576976954936981,0.43925604224205017
20121211,1.0321965217590332,1.5577630996704102,0.2474062144756317,,2.121962308883667,0.5259658098220825,0.40497055649757385,0.4782463312149048,0.36545971035957336,0.38549381494522095
20121212,0.4667111337184906,2.060215473175049,0.4101104140281677,1.0843700170516968,1.1322036981582642,0.426256000995636,0.44459670782089233,0.38710907101631165,0.3387947082519531,0.3734756112098694
20121213,,,,,,,,,,
20121214,,,,,,,,,,
20121215,0.11741824448108673,2.2508249282836914,0.32159024477005005,,,,,0.3585408926010132,,
20121216,0.3568505048751831,3.4051125049591064,0.2502197325229645,,,,,,0.2504236102104187,0.23442547023296356
20121217,0.5714142322540283,2.2834877967834473,0.4101126492023468,,,0.6406652331352234,0.305244505405426,0.5107479095458984,0.363662987947464,0.5966943502426147
20121218,0.7497015595436096,2.5740573406219482,0.5065845251083374,2.6622889041900635,4.584524154663086,0.687601625919342,0.839411199092865,0.4296339452266693,0.2639506757259369,0.3997665345668793
20121219,,,,,,,,,,
20121220,0.30848196148872375,0.5524490475654602,0.28067654371261597,,,0.5269390940666199,,0.2294536978006363,,
20121221,0.35304251313209534,2.312129020690918,0.4478912651538849,2.700002431869507,5.817891597747803,0.5246564149856567,0.5528625845909119,0.49770012497901917,0.25272372364997864,0.24559201300144196
20121222,0.29488739371299744,2.275723934173584,0.3391765356063843,2.5184805393218994,3.6824257373809814,0.4571705758571625,0.6326925158500671,0.40246161818504333,0.27720922231674194,0.24219417572021484
20121223,0.20745746791362762,1.7674390077590942,0.5914922952651978,2.183807373046875,4.4183549880981445,0.3395567238330841,0.5526570677757263,0.33680206537246704,,0.1967584788799286
20121224,,,,,,,,,0.3246413469314575,0.2502157390117645
20121225,0.3171848952770233,,,,,,,,,
20121226,0.33427199721336365,1.8460803031921387,0.3530723750591278,2.162907361984253,3.2507376670837402,0.44876381754875183,0.5492178797721863,0.44778090715408325,0.28507643938064575,0.2701645493507385
20121227,0.3256673216819763,1.775243878364563,0.3189671039581299,,,,,0.3728463649749756,0.32476991415023804,0.15204988420009613
20121228,0.4222699701786041,1.8605201244354248,0.4914392828941345,2.2319295406341553,2.8806509971618652,0.7846323847770691,0.5175861120223999,0.3808062672615051,0.6274076104164124,2.7402048110961914
20121229,,2.647390127182007,,,2.9269461631774902,,0.6245700120925903,,0.29273471236228943,0.5722148418426514
20121230,0.44541341066360474,,0.18820656836032867,,,,,,,0.7325218915939331
20121231,0.24352708458900452,2.1495888233184814,0.43636390566825867,2.511627435684204,4.152904987335205,0.5891861319541931,0.6287240386009216,0.45368942618370056,0.3409436047077179,0.40687575936317444
20130101,0.32702866196632385,3.1295347213745117,0.4148285984992981,4.036952495574951,4.653237342834473,0.7876440286636353,0.48560795187950134,0.3743370771408081,0.32223236560821533,0.1103629618883133
20130102,0.3551875352859497,2.291119337081909,0.44739827513694763,3.2056164741516113,3.330531120300293,0.7368332743644714,0.5224877595901489,0.38921961188316345,0.28729304671287537,0.33263739943504333
20130103,0.39760705828666687,2.489961862564087,0.5198586583137512,2.998896598815918,4.098030090332031,0.7499826550483704,0.6254264116287231,0.4247294068336487,0.28373491764068604,0.2051233947277069
20130104,,,,,,,,,,0.3492639660835266
20130105,0.26731154322624207,0.5300732851028442,0.343258261680603,,,,,,0.20110301673412323,
20130106,0.33987993001937866,1.6574503183364868,0.4460843801498413,2.2479729652404785,3.1041886806488037,0.640579104423523,0.6230806708335876,0.37073808908462524,0.27378249168395996,0.16717024147510529
20130107,0.36710235476493835,2.6299867630004883,0.43245255947113037,2.6746487617492676,2.8575682640075684,0.6181063652038574,0.6092541813850403,0.34811830520629883,0.30144187808036804,0.28780847787857056
20130108,0.851711630821228,2.2518603801727295,0.49962499737739563,2.3110551834106445,3.9532980918884277,0.6369397640228271,0.5341688990592957,0.350751131772995,0.14351755380630493,0.15834197402000427
20130109,,,,,,,,,,0.5107353925704956
20130110,0.7832144498825073,,0.5755141973495483,,,,,0.2671605348587036,,0.35223740339279175
20130111,0.21764133870601654,,0.3388429284095764,3.413339376449585,,0.4751957952976227,0.6099718809127808,0.3424522876739502,0.27313971519470215,0.20731289684772491
20130112,,,,,,,,,,0.15408816933631897
20130113,0.17696624994277954,,0.23198345303535461,,,,,0.22874130308628082,0.23001426458358765,0.14235819876194
20130114,,2.1445472240448,,,,,,0.2204553335905075,0.23406927287578583,0.2941427230834961
20130115,0.41456466913223267,,0.2980676591396332,,,,,,,0.4179178476333618
20130116,0.21984848380088806,2.651862382888794,0.47796326875686646,3.5457990169525146,6.768959999084473,0.6992321610450745,0.5612278580665588,0.36456581950187683,0.28240349888801575,0.19114993512630463
20130117,0.4709428548812866,4.048015594482422,0.49813538789749146,9.44298267364502,10.225457191467285,1.1706342697143555,0.5602027773857117,0.3254774212837219,0.2726612687110901,0.15659131109714508
20130118,0.09280189126729965,2.598140239715576,0.2676779627799988,2.9067304134368896,2.8702218532562256,,,0.2710116505622864,0.15685027837753296,0.1625319868326187
20130119,,2.025338888168335,0.5962579250335693,2.3279716968536377,2.858881950378418,0.8232874870300293,0.7503661513328552,0.33945775032043457,0.2645117938518524,0.2569005787372589
20130120,0.10518494993448257,,,,,,,,,0.45760390162467957
20130121,0.3491714596748352,2.0755810737609863,0.4765639007091522,2.4038946628570557,3.8094818592071533,0.73337322473526,0.581195056438446,0.3247590661048889,0.1792295277118683,
20130122,0.3033459186553955,2.6050965785980225,0.43940114974975586,2.38130784034729,5.0662312507629395,0.5628052353858948,0.9358028769493103,0.27084028720855713,0.25394654273986816,0.4490887224674225
20130123,0.3815719783306122,2.372387170791626,0.44521909952163696,2.933356761932373,3.815129041671753,0.6613170504570007,0.7276825308799744,0.2999822199344635,0.23032771050930023,0.3304189145565033
20130124,0.2746463716030121,2.5878427028656006,0.580184280872345,2.5997824668884277,4.058237552642822,0.3763379156589508,0.7871893644332886,0.2728269398212433,0.30493950843811035,0.5559970140457153
20130125,,,,,,,,,0.3061205744743347,0.24788923561573029
20130126,0.3378109037876129,,0.286022424697876,,,,,0.15693765878677368,0.15385325253009796,0.14071030914783478
20130127,0.30203261971473694,2.0173604488372803,0.3579540550708771,,2.815816879272461,0.36792895197868347,0.665995180606842,0.23632626235485077,0.28080031275749207,0.1861158013343811
20130128,0.25633591413497925,,0.35529255867004395,,,,,0.19460001587867737,0.2611185908317566,0.21896588802337646
20130129,0.45651596784591675,2.24882173538208,0.439569890499115,2.4117841720581055,3.2119381427764893,0.8359541296958923,0.7793099880218506,0.2693200707435608,0.2539317309856415,0.24179430305957794
20130130,,2.6545748710632324,0.8007413744926453,2.623823642730713,3.4888837337493896,,0.8667343258857727,0.3289414048194885,0.3349815011024475,0.15635038912296295
20130131,0.13952714204788208,,,,,,,,,
20130201,0.1145567074418068,0.7777466177940369,0.23040254414081573,,,0.26763346791267395,,0.24901224672794342,0.25520244240760803,0.1684410572052002
20130202,0.42518287897109985,3.0083396434783936,0.38765063881874084,2.3982396125793457,2.783663272857666,0.575235903263092,0.6540268063545227,0.2266291081905365,0.23824532330036163,0.3859938979148865
20130203,0.415481299161911,2.228541135787964,0.4872094392776489,2.9221251010894775,3.177338123321533,0.789592444896698,0.8694621920585632,0.30787894129753113,0.44443461298942566,0.301018089056015
20130204,0.7360497713088989,2.1987106800079346,0.5359714031219482,2.398012161254883,3.345813751220703,0.8207334280014038,0.7080872058868408,0.36839616298675537,0.30280637741088867,0.4591830372810364
20130205,0.3705751895904541,,0.40082848072052,,,,,,0.23701569437980652,0.3039153218269348
20130206,0.15672744810581207,3.059994697570801,0.16330640017986298,,,,,,0.2168235331773758,0.23267212510108948
20130207,0.224607914686203,1.0238182544708252,0.5031560659408569,,0.9131783246994019,0.5155556201934814,0.4994148910045624,0.3097369968891144,0.24062246084213257,0.28408578038215637
20130208,0.3528284430503845,2.5438461303710938,0.49375012516975403,4.13403844833374,6.379841327667236,0.7893795967102051,0.579325258731842,0.2887803614139557,0.247432678937912,0.2726237177848816
20130209,0.4512404799461365,2.7668979167938232,0.5369817614555359,2.9428322315216064,4.862068176269531,0.7315042018890381,0.6422854065895081,0.20553945004940033,0.28922125697135925,0.2085149586200714
20130210,,,,,,,,,0.4133189022541046,0.1746184080839157
20130211,0.25725051760673523,1.9238460063934326,0.55003821849823,,,,,,,0.3718692660331726
20130212,0.3017612099647522,2.409250497817993,0.534066915512085,2.389296293258667,4.895042419433594,0.6977535486221313,0.8439639210700989,0.42239871621131897,0.4343981444835663,0.278235524892807
20130213,0.4045906960964203,2.237192392349243,0.5662654042243958,2.950711250305176,5.328861236572266,0.7891990542411804,0.7243024706840515,0.42705053091049194,0.42425835132598877,0.27018994092941284
20130214,0.43217065930366516,2.216826915740967,0.5766709446907043,2.742396354675293,4.000457763671875,0.8370695114135742,0.6891909837722778,0.36687952280044556,0.541077196598053,0.33753037452697754
20130215,0.17504890263080597,2.1471683979034424,0.6531511545181274,,,,,0.3183516561985016,0.3677186369895935,0.375131219625473
20130216,0.33443787693977356,2.565575122833252,0.5172189474105835,2.281221389770508,2.4995174407958984,0.8350862264633179,0.7002512216567993,0.34265437722206116,0.31908541917800903,0.3135109841823578
20130217,0.17233681678771973,1.3707811832427979,0.40220585465431213,1.489331841468811,0.8112252354621887,0.5821694731712341,0.3699641525745392,0.26253482699394226,0.26353326439857483,0.44058653712272644
20130218,0.08278058469295502,3.9799253940582275,0.648648738861084,,2.210007667541504,0.39139029383659363,0.665838897228241,0.2952831983566284,0.23728372156620026,0.22728611528873444
20130219,0.4717736542224884,2.727308988571167,0.5671769380569458,2.6153104305267334,3.350947380065918,0.924497663974762,0.8777154088020325,0.3592822253704071,0.3213220238685608,0.15791913866996765
20130220,,2.207645893096924,0.5410585999488831,,,0.43247950077056885,,0.3219117820262909,0.27521565556526184,0.3555142283439636
20130221,0.4123089909553528,,0.5158129334449768,,,,1.0584050416946411,,,2.380514144897461
20130222,0.3535366356372833,1.806139588356018,0.5102787613868713,1.6898210048675537,1.1202991008758545,0.44113075733184814,0.5814710259437561,0.3109687268733978,0.1551055610179901,0.5141116380691528
20130223,0.7897365093231201,4.177639484405518,0.6175975799560547,1.7379471063613892,1.7032113075256348,0.6024913191795349,0.547048032283783,0.3317227065563202,0.37813740968704224,0.33178141713142395
20130224,0.10838526487350464,,,,,,,,0.3968908488750458,0.889182448387146
20130225,0.42365333437919617,2.420171022415161,0.33127063512802124,,,,,,,0.347888708114624
20130226,0.20364168286323547,5.133443355560303,0.7555707097053528,,,0.5468801856040955,0.9572265148162842,0.3647601902484894,0.4381152093410492,0.3505305349826813
20130227,0.13604067265987396,,,,,,,,,
20130228,0.4035455286502838,3.4169657230377197,0.2112729400396347,,3.710822105407715,,1.4155985116958618,0.4312211871147156,0.3765750527381897,0.17898882925510406
20130301,0.34303203225135803,,0.7949576377868652,3.328915596008301,4.012915134429932,1.0793827772140503,1.1288058757781982,0.5832626819610596,0.45107564330101013,0.5378471612930298
20130302,0.4893631041049957,2.64115834236145,0.7329584360122681,2.9332470893859863,3.5071842670440674,0.7718527317047119,0.9396812915802002,0.5486657619476318,0.4519965648651123,0.47927361726760864
20130303,0.5531600713729858,2.9186205863952637,0.7840326428413391,3.5715696811676025,5.66310453414917,1.0037460327148438,0.943281888961792,0.5897754430770874,0.5416172742843628,0.4538283050060272
20130304,0.33082878589630127,1.3335217237472534,0.6448490023612976,3.1922054290771484,3.2101938724517822,0.9299970269203186,0.7273380160331726,0.41164058446884155,0.6682426333427429,0.5351600646972656
20130305,0.1897466778755188,0.8956883549690247,0.5026688575744629,1.8117773532867432,,0.7171151638031006,0.42160671949386597,0.29829519987106323,0.5287045240402222,0.562381386756897
20130306,0.35497403144836426,3.090686321258545,0.5291985273361206,,,0.8763323426246643,,0.3085727393627167,0.5607515573501587,0.5153546929359436
20130307,0.19011060893535614,3.0115773677825928,0.5755784511566162,2.098388433456421,,0.5152225494384766,0.45451849699020386,0.3055388033390045,0.3793078064918518,0.4524885416030884
20130308,0.17128179967403412,,,,,,,0.309230774641037,0.4243425726890564,0.4160381555557251
20130309,0.24060621857643127,2.055826187133789,0.47441044449806213,,,0.6264679431915283,,0.22886361181735992,0.12317322194576263,0.49265167117118835
20130310,0.41668906807899475,3.03143572807312,0.5846160054206848,2.9390249252319336,6.126704692840576,0.7437441349029541,0.7014989852905273,0.4131018817424774,0.3038426637649536,0.6371206045150757
20130311,0.3823939561843872,3.700453996658325,0.6840028166770935,2.9417378902435303,4.109748363494873,0.7731363773345947,0.5337390899658203,0.34892934560775757,0.2800185978412628,0.17547719180583954
20130312,,4.98682165145874,0.7707911729812622,5.653103351593018,12.840240478515625,1.1374255418777466,1.1884191036224365,0.4461260437965393,0.2532710134983063,0.32694557309150696
20130313,0.2922518849372864,2.6055567264556885,0.6103857159614563,3.0339999198913574,3.950324058532715,0.45610013604164124,0.9679700136184692,0.3336588442325592,0.11733632534742355,0.6601216793060303
20130314,0.6335161924362183,2.8142597675323486,0.8501383662223816,3.4369046688079834,4.493569850921631,1.1448209285736084,1.1412913799285889,0.3391008973121643,0.17462648451328278,0.4306561350822449
20130315,0.43528127670288086,2.9876534938812256,0.6561122536659241,3.1002485752105713,4.820039749145508,0.865903377532959,1.1808383464813232,0.6330480575561523,,0.5238714814186096
20130316,0.49459755420684814,2.4104387760162354,0.35497480630874634,,,0.553471565246582,,,0.11597613990306854,0.14311791956424713
20130317,0.3696775436401367,4.5073323249816895,,,,,,,0.26263394951820374,0.2184097319841385
20130318,0.6080451011657715,2.8748350143432617,0.8639422655105591,3.0415520668029785,3.9842453002929688,1.2274062633514404,1.3971318006515503,0.5718425512313843,0.36467185616493225,0.3541204333305359
20130319,0.5820387005805969,2.9673476219177246,0.9020487070083618,3.2656922340393066,4.538269519805908,1.1987481117248535,1.237493634223938,0.5645333528518677,0.4022974669933319,0.5069632530212402
20130320,1.2032586336135864,,,,6.394954204559326,,,0.5227644443511963,,0.40022310614585876
20130321,0.23019590973854065,3.0267398357391357,,,,,,,,0.3203374147415161
20130322,0.47782716155052185,2.739114999771118,0.6204699873924255,,,,,0.4189508557319641,,
20130323,0.48939433693885803,3.534627676010132,0.8295415043830872,2.5092344284057617,3.064800262451172,1.126291036605835,1.163121223449707,0.6174220442771912,0.5284245610237122,0.2675348222255707
20130324,0.32075655460357666,3.301522970199585,0.6289983987808228,,4.145509243011475,0.7220871448516846,,0.44223856925964355,0.4039304256439209,0.2984171211719513
20130325,0.33810457587242126,1.7322473526000977,0.5199247002601624,,,,,0.620039701461792,,0.744978666305542
20130326,0.40656745433807373,3.073523998260498,0.7364593744277954,4.860196590423584,2.952211856842041,1.1224087476730347,,0.9885809421539307,0.4699825644493103,0.5611323118209839
20130327,0.3006662130355835,,0.22808045148849487,,,,,,,0.3822019100189209
20130328,0.4281615912914276,2.4987058639526367,0.8286309242248535,,3.362980604171753,1.212320327758789,1.9549050331115723,0.8468435406684875,0.2838827073574066,0.24512939155101776
20130329,0.5487868189811707,2.8231635093688965,0.6523602604866028,2.8094232082366943,3.433586597442627,,1.195647120475769,0.3616842031478882,0.36711838841438293,0.3107250928878784
20130330,0.13885283470153809,,,,,,,,,
20130331,0.30817681550979614,1.6417125463485718,0.42439553141593933,,2.8778154850006104,,0.9702033400535583,0.4595969617366791,0.3082336187362671,0.257563054561615
20130401,0.31428107619285583,2.247973918914795,,,,,,,,0.1819722056388855
20130402,0.30749547481536865,2.53031063079834,0.678535521030426,,,,,,,0.3840711712837219
20130403,0.378233939409256,3.111366033554077,0.838115394115448,3.2923977375030518,5.448366641998291,1.3765947818756104,1.6379656791687012,0.8252303004264832,0.860626220703125,0.211997851729393
20130404,0.6863734126091003,2.257772445678711,0.8996443152427673,2.8252127170562744,4.786754131317139,1.1612476110458374,1.7862114906311035,1.0839368104934692,0.6632364988327026,1.0749343633651733
20130405,0.5015378594398499,1.5876049995422363,0.83208167552948,2.4598546028137207,4.549496173858643,1.0798794031143188,1.142928123474121,0.7973504066467285,0.49735480546951294,0.449956476688385
20130406,0.4624760150909424,2.698794364929199,0.7247739434242249,2.6565732955932617,8.301307678222656,0.9413084983825684,1.5781097412109375,0.7223188281059265,0.4857240915298462,0.45414412021636963
20130407,0.7246028780937195,,,,,,,0.8194335699081421,1.35502290725708,0.5522608160972595
20130408,0.5839976668357849,4.091323375701904,0.7650926113128662,3.0812783241271973,5.925179958343506,1.1157772541046143,1.0984809398651123,0.7051007151603699,0.5064532160758972,0.6083691120147705
20130409,0.5986773371696472,2.9210903644561768,0.7929937839508057,2.664496898651123,4.463545799255371,1.1703858375549316,1.1314897537231445,0.7567365169525146,0.494884192943573,0.5159894227981567
20130410,0.5041368007659912,2.7292978763580322,0.7403046488761902,2.684563398361206,5.117593765258789,1.0766340494155884,1.0754711627960205,0.7405518889427185,0.4491202235221863,1.3612539768218994
20130411,0.5394583940505981,2.316763401031494,0.715023934841156,1.9015802145004272,3.466270923614502,1.0617961883544922,1.065403699874878,0.7779576182365417,0.5071969032287598,0.2388390451669693
20130412,0.6497435569763184,2.8842785358428955,,,,,,,0.41686683893203735,0.6234602928161621
20130413,0.1772472858428955,,,,,,,,0.4408685266971588,
20130414,0.3926668167114258,2.527437686920166,0.6691651940345764,2.2570838928222656,5.000060558319092,0.7494198679924011,1.0014740228652954,0.5278213024139404,0.3406215310096741,
20130415,0.4400065243244171,2.402384042739868,0.7290516495704651,2.480980157852173,3.5529768466949463,1.1451588869094849,1.0119657516479492,0.6456224322319031,0.2817089557647705,0.29155755043029785
20130416,2.096601724624634,,,2.03344464302063,5.3280534744262695,0.7986268401145935,1.287793755531311,0.6812700629234314,0.33894163370132446,0.3932332694530487
20130417,0.5536437630653381,3.6807303428649902,0.7491155862808228,3.8298180103302,9.540322303771973,1.0201932191848755,1.311721682548523,0.5926023721694946,0.30571532249450684,0.347258597612381
20130418,,,2.4114911556243896,4.34574556350708,,,1.7018078565597534,0.9459172487258911,0.8375725746154785,0.18285338580608368
20130419,1.9721163511276245,3.511735439300537,1.1776834726333618,3.2528934478759766,5.393093109130859,1.2827404737472534,1.2291979789733887,1.030561923980713,0.7322127223014832,0.5790148377418518
20130420,0.4795515239238739,3.6610827445983887,1.0368303060531616,3.1608951091766357,5.597517967224121,1.1214474439620972,2.5371909141540527,0.9927490949630737,0.41765713691711426,0.6102474927902222
20130421,0.3039516806602478,0.7532758712768555,0.5109169483184814,,,0.5442256331443787,,,,0.5877118706703186
20130422,0.36411285400390625,1.7322587966918945,0.46045032143592834,,,,,0.5435411930084229,0.4652448892593384,0.344264954328537
20130423,0.3023892939090729,4.409243106842041,0.442126989364624,,,,,,,0.2977917492389679
20130424,0.5247284173965454,2.174956798553467,0.7130599617958069,,,1.482439398765564,1.0200334787368774,0.6398503184318542,0.40701502561569214,0.4584425687789917
20130425,0.5673120617866516,2.918424129486084,0.8270707130432129,2.8182389736175537,5.149332523345947,2.177647590637207,,,,
20130426,0.6011819243431091,2.961573362350464,0.9384446740150452,3.0857205390930176,4.486362934112549,1.1977653503417969,1.1215875148773193,0.9382524490356445,0.36687034368515015,0.2815759479999542
20130427,0.1938849240541458,2.8661861419677734,,,,,,,,0.9363226294517517
20130428,,4.147601127624512,2.35974383354187,,,0.7939537763595581,0.6868120431900024,,,0.2985798716545105
20130429,0.6916609406471252,,0.6460095643997192,,,,,0.7883525490760803,0.45950695872306824,0.5337272882461548
20130430,0.5295960307121277,,0.762112557888031,,,2.3562116622924805,,0.7046165466308594,0.3966052532196045,0.4843440055847168
20130501,0.5529141426086426,2.714625358581543,0.8852725028991699,2.60532283782959,4.321907043457031,1.1722519397735596,1.3989810943603516,0.9752342104911804,0.4774490296840668,0.4257327616214752
20130502,0.6423529386520386,2.723580837249756,0.8853724598884583,2.5560686588287354,6.174676895141602,1.2450910806655884,1.8051857948303223,0.9435110092163086,0.476351797580719,0.7032173275947571
20130503,,3.03364634513855,,,,,,,,
20130504,2.320469617843628,9.057598114013672,,,,,,1.1206566095352173,0.8477906584739685,0.28936898708343506
20130505,3.212815761566162,,1.06407630443573,,,,,,0.3495229184627533,0.36458083987236023
20130506,0.7333321571350098,,0.7106215357780457,,,1.5219076871871948,,,0.2696741819381714,0.8452824354171753
20130507,1.3980106115341187,2.8992645740509033,0.9184696078300476,2.371572256088257,9.624744415283203,1.2191674709320068,1.3768470287322998,0.8871042728424072,0.4588644206523895,0.5849412679672241
20130508,0.8095189929008484,4.02584171295166,0.7673181891441345,4.758180141448975,19.174148559570312,0.9437350034713745,,0.8242247104644775,0.4795997738838196,0.544192373752594
20130509,,,,,,,,,0.6754064559936523,0.7532423138618469
20130510,1.0363987684249878,4.935763835906982,1.0259387493133545,8.04185962677002,9.498540878295898,2.325597047805786,1.2922741174697876,1.0747761726379395,0.507324755191803,3.842177629470825
20130511,0.17258109152317047,,,,,,,,,1.6805793046951294
20130512,0.26390597224235535,1.8358287811279297,0.4645146429538727,4.4051384925842285,3.647142171859741,0.6663653254508972,0.9588682055473328,0.6059746742248535,0.2991076409816742,0.21641984581947327
20130513,0.4767796993255615,1.736374855041504,0.48814868927001953,,2.4980289936065674,,1.0655901432037354,0.6316739916801453,0.3377903401851654,1.0006756782531738
20130514,0.4472886323928833,,0.6605733036994934,,,,,0.6483442783355713,,
20130515,0.4994368851184845,2.4742677211761475,0.6566921472549438,,,1.5132240056991577,0.8472496867179871,0.7738125920295715,0.2650453448295593,0.20794376730918884
20130516,0.5942388772964478,2.0743343830108643,0.6975616812705994,,,0.9667655229568481,1.1964538097381592,0.5646381974220276,0.35353776812553406,0.264895498752594
20130517,0.670505166053772,1.9799671173095703,0.6908982992172241,2.2929697036743164,2.8300697803497314,1.1731171607971191,0.9620131850242615,0.8154512047767639,0.3817037343978882,0.24256281554698944
20130518,0.874575138092041,2.163201332092285,0.7345824241638184,,2.969383955001831,0.6267507672309875,0.8297272324562073,0.6056603789329529,0.34291890263557434,0.35621175169944763
20130519,1.7589823007583618,3.6538403034210205,0.4603079855442047,,,0.6001062989234924,,0.7179531455039978,0.1855950504541397,0.6388304829597473
20130520,2.3368980884552,5.117384433746338,1.6291898488998413,9.702937126159668,18.937381744384766,4.029736042022705,3.5474371910095215,1.1860034465789795,0.42228996753692627,0.3448505699634552
20130521,,,,,,,,1.378494143486023,1.0691134929656982,3.3026387691497803
20130522,0.5302016735076904,1.1706610918045044,0.43034979701042175,,,,,0.2493087351322174,,0.6453994512557983
20130523,0.4952479600906372,2.005711078643799,0.7077744007110596,2.0163819789886475,4.0275139808654785,1.0646644830703735,1.432510256767273,0.7844890356063843,0.4589099586009979,0.4824129641056061
20130524,,3.015263080596924,0.31692418456077576,,,,,,0.19990846514701843,1.1751395463943481
20130525,1.625661849975586,,0.2229233980178833,,,,,0.462542325258255,0.35357216000556946,0.5817515850067139
20130526,1.6008583307266235,3.004258394241333,0.5390805602073669,1.9823968410491943,7.667642116546631,1.0663561820983887,1.4945944547653198,0.8809308409690857,0.29055821895599365,
20130527,0.8471254706382751,4.982692241668701,1.661738395690918,,5.405163288116455,2.2131354808807373,1.770431399345398,,0.3746460974216461,0.243677020072937
20130528,0.6861939430236816,3.435638904571533,0.805852472782135,4.414729595184326,9.5798921585083,1.0302802324295044,1.4722591638565063,0.7549552917480469,0.35632258653640747,0.7238045334815979
20130529,0.4986823797225952,1.4770822525024414,0.8523353934288025,1.9968507289886475,7.410445213317871,1.2435126304626465,1.502835988998413,0.8666929602622986,,
20130530,0.6521763801574707,6.099565505981445,2.0698890686035156,5.538939476013184,,1.6504974365234375,1.4153544902801514,1.0887705087661743,0.29005667567253113,0.3013753592967987
20130531,,,,,,,,,,
20130601,0.6509681940078735,,,,,,,,,0.12293247133493423
20130602,0.48223185539245605,1.4276635646820068,0.3576263189315796,2.509129762649536,,0.37603259086608887,,0.34474292397499084,0.19294647872447968,0.29028162360191345
20130603,0.29970458149909973,0.9478224515914917,0.611133337020874,,,0.7645322680473328,,0.5000956654548645,0.20871290564537048,0.21592234075069427
20130604,,,,,,,,,,0.14717863500118256
20130605,0.2983410954475403,,,,,,,,,
20130606,0.6812021732330322,0.794160008430481,0.6486492156982422,2.6824755668640137,3.557009696960449,0.984955906867981,1.0073391199111938,0.6604681611061096,0.4142460823059082,
20130607,0.5635451674461365,2.1706643104553223,0.6048336029052734,,2.7363882064819336,0.3708389401435852,0.8033362627029419,0.46185415983200073,0.3709798753261566,0.4004611074924469
20130608,,3.478487014770508,0.7891674041748047,,1.3703471422195435,,,0.5376938581466675,0.27811703085899353,1.434283971786499
20130609,0.8914226293563843,3.514530658721924,0.6907181739807129,,,,,,,4.081821441650391
20130610,1.0046051740646362,6.004593849182129,1.560921311378479,15.772294998168945,22.716493606567383,4.6255106925964355,6.289853096008301,1.0110697746276855,,0.5134337544441223
20130611,0.5206863284111023,2.069349765777588,0.8255407810211182,,,,,,,0.2243765890598297
20130612,0.4025649130344391,1.9323933124542236,0.554961085319519,,,,,,,
20130613,0.40322554111480713,2.2369649410247803,0.49979132413864136,,,0.8097003698348999,,0.49885740876197815,0.3102847635746002,
20130614,0.3529689610004425,1.8792896270751953,0.7308270931243896,,3.280250072479248,0.940605878829956,,0.4702179729938507,0.136378213763237,0.37739309668540955
20130615,,3.765089750289917,2.5886096954345703,,,,,0.7907300591468811,0.472439169883728,0.4125213325023651
20130616,0.763237476348877,4.383769512176514,1.5484765768051147,6.300762176513672,11.148902893066406,2.490513801574707,5.455957889556885,1.16520094871521,0.23953570425510406,0.3829560875892639
20130617,0.9339839220046997,2.013817071914673,0.7406042218208313,4.1945600509643555,5.987571716308594,1.0503062009811401,1.1644110679626465,0.8718064427375793,0.3165222406387329,0.3547341525554657
20130618,0.7991861701011658,2.3237733840942383,0.6535518765449524,5.378096103668213,8.183518409729004,1.2410831451416016,1.8092926740646362,0.9535035490989685,0.46818745136260986,0.5901104807853699
20130619,0.41203534603118896,,0.861811101436615,7.645904541015625,,1.168128490447998,1.075947642326355,0.8700123429298401,0.5046544075012207,0.6299340128898621
20130620,2.2451212406158447,7.561607360839844,1.868148684501648,6.171719074249268,,,,0.8877144455909729,0.5989122986793518,1.0649960041046143
20130621,0.396072655916214,4.090129852294922,0.599681556224823,,,,,,,1.2960742712020874
20130622,0.6310285329818726,1.2557423114776611,0.5359337329864502,,,,,,0.35760027170181274,
20130623,0.5692490935325623,1.2673639059066772,0.38516464829444885,1.5364636182785034,,,,0.6986225247383118,0.4058375954627991,0.8447849750518799
20130624,0.4778282344341278,1.4974676370620728,0.6770481467247009,1.6833195686340332,4.541884422302246,1.013325572013855,0.8393478393554688,0.7182830572128296,0.39156395196914673,0.36123257875442505
20130625,0.7470727562904358,,1.2543385028839111,6.85567569732666,13.190349578857422,1.010491967201233,2.009655475616455,0.7348041534423828,0.42622125148773193,0.5776180624961853
20130626,0.5962668657302856,,1.452234148979187,16.765201568603516,21.358489990234375,3.139492988586426,6.297756671905518,1.4230748414993286,0.6932034492492676,0.7782655358314514
20130627,0.3865470588207245,6.859130859375,0.466982364654541,1.164363980293274,10.815163612365723,,,,0.28470754623413086,5.791048526763916
20130628,0.665148138999939,2.5012595653533936,0.5259842872619629,,6.049885272979736,1.004766583442688,0.8376770615577698,0.5019353628158569,0.3303602635860443,2.9805917739868164
20130629,0.7156332731246948,3.3788270950317383,0.6445941925048828,5.848961353302002,13.341222763061523,0.9052453637123108,1.159915804862976,0.4922659993171692,0.2813037633895874,0.47449809312820435
20130630,0.9160604476928711,2.748920202255249,0.5802936553955078,,10.061629295349121,0.6113322973251343,0.7135984897613525,0.535956859588623,,0.5430659055709839
20130701,1.3653175830841064,8.768433570861816,0.9388148188591003,,7.84893274307251,0.9215728044509888,0.6650847792625427,,,
20130702,0.7635341882705688,5.7833757400512695,0.7237440943717957,6.9447808265686035,11.262200355529785,1.4760029315948486,1.1610902547836304,0.6150655150413513,0.46566253900527954,
20130703,0.750009298324585,3.7501819133758545,0.7527420520782471,6.969727516174316,10.729522705078125,0.9882027506828308,1.0031182765960693,0.6106113195419312,0.437552273273468,0.9328303337097168
20130704,0.7914469838142395,1.53655207157135,0.3291621208190918,,,,,0.626865565776825,,0.19636419415473938
20130705,0.49006977677345276,1.4901256561279297,0.6737072467803955,1.5821542739868164,,0.7089759111404419,1.598557710647583,0.6099241375923157,0.319877952337265,0.30553361773490906
20130706,0.5881592035293579,2.1890487670898438,0.6473387479782104,3.143305778503418,,0.5768604278564453,,0.4884820282459259,0.3750927448272705,0.3851192891597748
20130707,0.5922961235046387,,0.6079300045967102,,,,,0.48222702741622925,0.32374247908592224,0.2917371988296509
20130708,0.7040331363677979,3.333009719848633,0.6327031850814819,5.063702583312988,7.892333984375,1.1440925598144531,1.0248299837112427,0.7495837211608887,0.44462525844573975,0.3851863443851471
20130709,0.8180482983589172,3.4686007499694824,0.8368085622787476,6.216006278991699,9.390045166015625,1.1740421056747437,1.2094353437423706,0.7708264589309692,0.33660590648651123,0.7501378059387207
20130710,0.8311862945556641,6.037625312805176,0.6026409268379211,3.440190315246582,11.313692092895508,1.8623051643371582,,0.8140802383422852,0.5786386728286743,0.8780132532119751
20130711,0.4709593951702118,4.150886058807373,0.7317599654197693,3.853562593460083,15.566977500915527,1.0409390926361084,2.590407609939575,0.7902230620384216,0.3796163499355316,0.4265444576740265
20130712,,,,,,,,,,0.5587498545646667
20130713,0.29186609387397766,,,,,,,,,
20130714,0.4936691224575043,1.2099639177322388,0.6108776926994324,1.8487274646759033,2.8364970684051514,0.5932955741882324,0.6010394096374512,0.4176613390445709,0.4466297924518585,0.16269361972808838
20130715,0.5508210062980652,1.4582624435424805,0.43166065216064453,1.6020070314407349,5.773237228393555,0.5626967549324036,0.5415006875991821,0.42713892459869385,0.23745205998420715,0.4159160256385803
20130716,1.8246783018112183,5.75634241104126,0.8503181338310242,3.789674997329712,8.601455688476562,0.653645932674408,1.629685878753662,0.4909307658672333,0.40767720341682434,0.35466596484184265
20130717,,,,,,,,,0.48476168513298035,0.4533793032169342
20130718,0.3242078423500061,,0.259182870388031,,,,,,,0.7478814721107483
20130719,0.6087513566017151,1.072129726409912,0.6400066018104553,1.3739737272262573,1.5742682218551636,0.7268204092979431,1.332028865814209,0.42538556456565857,0.2776370346546173,2.6347339153289795
20130720,0.3975895047187805,1.8382009267807007,0.9049274325370789,1.4000719785690308,4.310564041137695,0.8969970941543579,1.514113187789917,0.8720057010650635,0.5666933059692383,0.23771384358406067
20130721,0.5146652460098267,1.764944314956665,0.6181158423423767,,,0.5099095702171326,,0.5078123211860657,0.26403459906578064,0.5963744521141052
20130722,0.844874382019043,,0.725990891456604,,,,,,,
20130723,0.5516225695610046,1.1143174171447754,0.423994243144989,,,,0.6635507941246033,,,
20130724,1.3926615715026855,3.1092591285705566,0.811161994934082,3.3823254108428955,2.5698156356811523,0.8349626064300537,1.0760375261306763,0.8365176916122437,,
20130725,0.6714283227920532,2.8082845211029053,0.8587824106216431,,2.9106130599975586,0.5732748508453369,6.855974197387695,0.9924555420875549,0.2076643705368042,
20130726,0.7072687149047852,3.56361985206604,0.8161519765853882,4.0573320388793945,6.479701042175293,1.1360845565795898,1.6900609731674194,0.7499569058418274,0.3993166983127594,0.506382942199707
20130727,0.337052583694458,,,,,,,,,
20130728,0.6106466054916382,2.9336657524108887,0.7180915474891663,,,2.2777645587921143,,0.7274497747421265,0.5421724915504456,
20130729,0.560376763343811,2.5073025226593018,0.5312024354934692,5.49353551864624,,0.4785805344581604,0.5207141041755676,0.5614790320396423,0.2784867584705353,2.5285494327545166
20130730,0.4570857286453247,1.850569486618042,0.38345035910606384,,,0.28039905428886414,,0.4376470446586609,0.29516616463661194,0.33059653639793396
20130731,0.41891396045684814,3.3171560764312744,0.5130197405815125,,,,,0.5732055306434631,0.45054545998573303,0.37800154089927673
20130801,0.6859235763549805,3.639012098312378,0.7677795886993408,2.980422019958496,12.908482551574707,0.7709842920303345,2.1008336544036865,0.5341528058052063,0.43956276774406433,0.48295363783836365
20130802,0.3302538990974426,,0.2803451716899872,,,,,0.5608717203140259,0.1771339476108551,0.1808495968580246
20130803,0.23801571130752563,2.6574721336364746,0.4571900963783264,,,,,0.5681187510490417,0.2690073251724243,
20130804,0.3485856354236603,1.213980793952942,0.4809647500514984,2.0649874210357666,2.3344643115997314,,,0.5117869973182678,,
20130805,0.503153383731842,2.7390408515930176,0.4850872755050659,1.71132230758667,3.4889724254608154,0.7612074613571167,,0.5693913698196411,0.3659670650959015,0.330497145652771
20130806,0.7445080876350403,,0.3370959460735321,,,0.3008919656276703,,0.47694912552833557,0.3878149688243866,0.22206303477287292
20130807,0.5358515381813049,2.837193727493286,0.5247527360916138,0.908775269985199,2.87721586227417,0.4129371643066406,0.44958269596099854,0.39731407165527344,0.310149222612381,0.1680135428905487
20130808,0.6145312786102295,3.5669569969177246,0.6180076599121094,3.0740408897399902,6.7853217124938965,,,,,0.6682265996932983
20130809,0.32562991976737976,,0.4965454339981079,,,0.3775467872619629,,0.5749439597129822,0.308882474899292,0.20672009885311127
20130810,0.5123949646949768,3.273359775543213,0.6136990785598755,,,0.5606479644775391,0.2866736650466919,0.4694763720035553,0.2876431345939636,0.28071847558021545
20130811,0.3043980896472931,0.7604886293411255,0.6434520483016968,1.1307564973831177,,0.6553995013237,0.7950615286827087,0.512091338634491,0.4229799509048462,0.5385507941246033
20130812,0.37996119260787964,3.3484177589416504,0.7364358901977539,2.721625566482544,5.118039608001709,0.6795477271080017,1.0531219244003296,0.4334476590156555,,0.7908572554588318
20130813,0.39733314514160156,2.0467376708984375,0.7281250953674316,2.3954689502716064,7.068400859832764,1.2538635730743408,1.0197479724884033,0.9562464952468872,0.5581777691841125,0.43864578008651733
20130814,0.4691876471042633,2.11073637008667,0.6310582160949707,1.9218406677246094,3.568899393081665,0.6875351071357727,1.109926700592041,0.6772336959838867,0.38769805431365967,0.69916170835495
20130815,0.6250956654548645,3.381493330001831,0.7130426168441772,3.1912612915039062,6.062709808349609,0.8552247881889343,0.9741699695587158,0.6566643714904785,0.6888729333877563,0.5278578400611877
20130816,0.18347622454166412,3.1549324989318848,,,,,,,,0.7893617153167725
20130817,1.001756191253662,1.2035423517227173,0.69255131483078,0.8820295929908752,1.396040678024292,0.7983701229095459,0.9913996458053589,0.5482583045959473,0.1372634619474411,
20130818,0.20693117380142212,,,,,,,,,0.3360973298549652
20130819,0.39611878991127014,1.4033377170562744,0.7796220183372498,0.7699159979820251,,0.8016902804374695,1.1956371068954468,0.7540716528892517,0.2997592091560364,
20130820,0.32660096883773804,1.5522655248641968,0.5616345405578613,,4.244080543518066,0.7489310503005981,,0.599833071231842,0.4093116521835327,0.33244678378105164
20130821,0.22676116228103638,,0.36391302943229675,,,,,,,0.4897190034389496
20130822,0.4013931155204773,0.5315226912498474,0.6340482831001282,,,,,,,
20130823,0.1877228021621704,,,,,,,,,0.30599159002304077
20130824,0.20307864248752594,,,,,,,0.4816287159919739,,
20130825,0.5117752552032471,2.9809646606445312,0.5733115673065186,,2.146441698074341,,,0.46798548102378845,0.36234450340270996,0.39827218651771545
20130826,0.4832679331302643,,0.2589551508426666,,,,,,,
20130827,0.44374388456344604,1.3217769861221313,0.46071314811706543,,,0.7004971504211426,,0.34943270683288574,0.6121398210525513,0.831353485584259
20130828,0.2755841612815857,2.8847367763519287,0.6120226383209229,2.4905710220336914,12.296685218811035,0.6954269409179688,2.1417715549468994,0.43164846301078796,0.42874670028686523,0.7747957110404968
20130829,0.35576364398002625,0.8042697310447693,0.31273043155670166,,,,,0.36541464924812317,0.7742164731025696,
20130830,0.2496848702430725,3.300536632537842,0.8190723657608032,2.341916561126709,7.189901828765869,1.3668873310089111,1.04971182346344,0.4556397795677185,0.4404110312461853,0.31885817646980286
20130831,0.5140917301177979,4.580005168914795,0.4524482786655426,,12.76003360748291,0.8662850856781006,,,0.8914670944213867,0.7902431488037109
20130901,0.40130752325057983,4.260411262512207,0.5708774328231812,4.008014678955078,7.740837097167969,0.9018773436546326,1.7024075984954834,0.44567179679870605,0.7586119771003723,0.6098509430885315
20130902,0.3337131440639496,4.468932628631592,0.5305507183074951,2.7656667232513428,9.41529369354248,0.619488537311554,0.9973012804985046,0.4540230929851532,0.6406551599502563,1.035176396369934
20130903,0.36392948031425476,,0.726973831653595,,,,,,,0.8345648646354675
20130904,0.1878034919500351,,,,,,,,,
20130905,0.23566117882728577,,,,,,,0.27395111322402954,,
20130906,0.29444652795791626,3.072781801223755,,,,,,,0.8340873718261719,
20130907,0.21045593917369843,3.4449710845947266,0.40606802701950073,,,0.385081022977829,,0.32338738441467285,0.3404843509197235,0.2824179232120514
20130908,,,,,,,,,,3.1891088485717773
20130909,0.20027054846286774,3.389723062515259,0.2439943552017212,2.7294273376464844,7.976563453674316,,,0.26132702827453613,0.3459456264972687,0.4669189155101776
20130910,0.4374319314956665,2.884016513824463,0.39625421166419983,,,0.3579506576061249,,0.20354044437408447,0.2814096510410309,0.2644084692001343
20130911,0.50864577293396,3.510641098022461,0.6776805520057678,2.131906747817993,5.837253570556641,0.3444562256336212,0.7058051228523254,0.42209872603416443,0.38395053148269653,0.3096427321434021
20130912,0.37093812227249146,,,,,,,,,0.5865592956542969
20130913,0.24255189299583435,4.094008922576904,0.45064449310302734,1.9333343505859375,5.570440292358398,0.3966255486011505,0.41758042573928833,0.3604829013347626,0.30004119873046875,0.34302210807800293
20130914,0.38500311970710754,2.6883609294891357,0.6636466383934021,,,1.2915663719177246,0.5708613395690918,0.3312888443470001,0.34807518124580383,0.39113038778305054
20130915,0.4077506959438324,2.701141119003296,0.6863144040107727,2.2272496223449707,7.469252109527588,1.0339778661727905,0.7769831418991089,0.7561365962028503,0.35974475741386414,0.4420853853225708
20130916,0.3561987280845642,,0.286684513092041,,,0.2926524877548218,0.33176323771476746,0.3437192440032959,0.32514023780822754,
20130917,0.4849141538143158,1.1564083099365234,0.4063359498977661,,4.561521053314209,,,,0.3264952301979065,0.4492315649986267
20130918,0.3138231933116913,1.3234472274780273,0.42371758818626404,,,0.28610506653785706,0.980398952960968,0.40726304054260254,0.26223909854888916,
20130919,0.5105586647987366,1.9803433418273926,0.24834813177585602,,,,,0.616976797580719,,0.2714780569076538
20130920,0.44432640075683594,2.1416797637939453,0.4619338810443878,,,0.35455837845802307,0.6091034412384033,0.4500601887702942,0.6175456643104553,0.46346959471702576
20130921,0.4800473749637604,3.107269048690796,0.7260635495185852,3.0413742065429688,6.758337497711182,1.0330934524536133,0.9784037470817566,0.4519045948982239,0.379444420337677,0.6101090908050537
20130922,0.44507473707199097,2.920578956604004,0.7049551010131836,3.445974826812744,7.661917686462402,0.7771538496017456,1.0369716882705688,0.4270486831665039,0.5138232111930847,0.7945812940597534
20130923,0.3557848334312439,,0.36246123909950256,,,,,0.3534320890903473,0.7787725329399109,1.0091307163238525
20130924,0.35597431659698486,4.987940788269043,0.44446709752082825,2.204447031021118,9.604873657226562,0.5002129673957825,0.9727509617805481,0.2528831362724304,0.43462520837783813,0.4551946818828583
20130925,0.24000319838523865,3.197636365890503,,,,,,,1.1140658855438232,1.3707177639007568
20130926,0.4052203893661499,2.726752758026123,0.5932145118713379,2.0551795959472656,3.383474826812744,0.7105143070220947,1.5841997861862183,0.5509947538375854,0.4443066716194153,0.478168249130249
20130927,0.42495131492614746,1.473981499671936,0.5013445615768433,,,,,,,0.5856561660766602
20130928,0.5024502873420715,2.145566463470459,0.650226354598999,,,,,0.3892376124858856,0.34568384289741516,0.5661262273788452
20130929,0.3351822793483734,4.104074478149414,0.33643484115600586,,,,,0.4157799780368805,,1.3314472436904907
20130930,,,,,,,,,,
20131001,0.4168977737426758,,0.35156330466270447,,,0.4247646927833557,,0.5042184591293335,0.32052528858184814,0.947295069694519
20131002,0.38528671860694885,1.0994113683700562,0.41334325075149536,,,,,0.5582320094108582,0.32114169001579285,0.3395625948905945
20131003,0.48498034477233887,2.1317126750946045,0.5410184264183044,1.6515413522720337,3.6095941066741943,0.8988919258117676,1.5610929727554321,0.46193575859069824,0.3351970314979553,0.4806549549102783
20131004,0.38338249921798706,1.7906625270843506,0.5368717908859253,2.016425848007202,3.4232919216156006,0.9132745862007141,1.2903475761413574,0.5477453470230103,0.43723607063293457,1.2158092260360718
20131005,0.5062046051025391,,,,,,2.0149753093719482,,,0.7517474889755249
20131007,0.3993317782878876,2.7846078872680664,0.6201642155647278,2.5344130992889404,7.130246639251709,0.4519785940647125,1.2254087924957275,0.42445647716522217,0.2837444245815277,0.9359681010246277
20131008,0.27600717544555664,2.9204370975494385,0.6096661686897278,2.694810152053833,6.743562698364258,1.0536223649978638,0.9996353387832642,0.5259362459182739,0.5174571871757507,0.7189207673072815
20131009,,,0.6191717982292175,,,,,0.3840365707874298,,0.5572571158409119
20131010,0.2425812929868698,,,,,,,,,
20131011,0.36133402585983276,2.691208839416504,0.458396315574646,2.4292006492614746,4.437288284301758,0.7094391584396362,0.7911596894264221,0.3957185447216034,0.5210261344909668,0.28701111674308777
20131012,0.4264143109321594,2.7715938091278076,0.5974256992340088,2.6439476013183594,6.118656158447266,0.9670409560203552,0.7279989123344421,0.3766333758831024,0.4946248233318329,0.8046445250511169
20131013,,1.9416905641555786,0.7018365859985352,,2.9250495433807373,0.5685105919837952,0.5235116481781006,0.3513883948326111,0.4114339053630829,0.25276944041252136
20131014,0.6410187482833862,0.6288172602653503,0.29680487513542175,,,,,,,0.42070305347442627
20131015,0.2831558883190155,1.6110683679580688,0.4819343388080597,1.7242217063903809,3.402296781539917,0.8019594550132751,0.8489477634429932,0.4612438976764679,0.9963750839233398,
20131016,0.21612781286239624,,,,,,,0.3368814289569855,,
20131017,0.4009626805782318,2.0313913822174072,0.4683569371700287,2.0817601680755615,3.8491666316986084,0.7255975008010864,1.0031111240386963,0.5456547141075134,0.39180853962898254,0.43224066495895386
20131018,0.44351324439048767,2.016308546066284,0.5833133459091187,2.2937378883361816,4.922669410705566,0.9015904664993286,0.9389863610267639,0.5458416938781738,0.5260084867477417,0.680772066116333
20131019,,,,,,,,0.6360072493553162,0.549611508846283,0.579131007194519
20131020,,1.359960675239563,,,,,,,,
20131021,0.2593993544578552,,,,,,,,,
20131022,0.1789117008447647,,0.4290299415588379,,,0.4786890745162964,0.6014735102653503,0.35246625542640686,,
20131023,0.32373708486557007,2.256190776824951,0.5012528896331787,,2.9370861053466797,0.6704856753349304,1.031268835067749,0.6152651906013489,0.4462744891643524,0.31467944383621216
20131024,,2.9097118377685547,,2.3272433280944824,3.100883960723877,0.535048246383667,0.7142189741134644,0.5955570936203003,0.35681673884391785,0.33942174911499023
20131025,0.4638291299343109,1.046477198600769,0.36276504397392273,1.700659155845642,,0.3936992585659027,0.6520159244537354,,,0.4494040608406067
20131026,,1.9867172241210938,0.5221837162971497,2.154721975326538,3.358032703399658,0.5818788409233093,0.8847688436508179,0.4393882751464844,,0.24833369255065918
20131027,0.3685317039489746,2.4126455783843994,0.3599507510662079,,,,,,,0.34630537033081055
20131028,0.3104880750179291,2.1458511352539062,0.3268527686595917,,,,,0.38788649439811707,,
20131029,,1.9969899654388428,0.5795292854309082,2.072131872177124,4.3664469718933105,0.5965768694877625,0.7258737087249756,0.3638952374458313,,1.9532675743103027
20131030,0.34785741567611694,,,,,,,,,0.26794829964637756
20131031,0.2858332395553589,1.4020323753356934,0.3990449011325836,1.800645112991333,2.822688102722168,0.5048262476921082,0.5106381177902222,0.42217808961868286,0.6412560343742371,0.6619438529014587
20131101,0.3502763509750366,3.050422430038452,0.4092683792114258,1.877625584602356,4.618266582489014,0.37449872493743896,0.48202231526374817,0.3650189936161041,0.4125836193561554,0.4465588927268982
20131102,0.630246639251709,2.061215400695801,0.41033291816711426,3.0393972396850586,3.320873737335205,0.6774213314056396,0.470737487077713,0.3189471960067749,0.3912094533443451,0.8706716299057007
20131103,0.6841458082199097,1.9456946849822998,0.40758395195007324,2.256258964538574,3.247380495071411,0.6227658987045288,0.5157403945922852,0.3354547619819641,0.36982694268226624,0.3241809606552124
20131104,,,,,,,,1.2407478094100952,0.6106531023979187,0.47948554158210754
20131105,0.3849239647388458,1.9488061666488647,0.42587196826934814,2.0255072116851807,1.484779715538025,0.6133230924606323,0.6015622615814209,0.3250400424003601,0.40544891357421875,1.4062743186950684
20131106,0.6275759935379028,3.4136250019073486,,,2.886655807495117,,0.7092323899269104,0.4117075204849243,0.3508000075817108,0.3513930141925812
20131107,,,,,,,,,,
20131108,0.3654199540615082,2.2170400619506836,0.29249948263168335,,,0.25022611021995544,0.4756092131137848,0.2941170334815979,0.3571982681751251,
20131109,,,,,,,,0.5880669355392456,0.382817804813385,0.3254319429397583
20131110,0.3601034879684448,,,,,,,,,0.5822834372520447
20131111,0.3155055046081543,1.2001057863235474,0.323849081993103,1.8498127460479736,1.5797923803329468,0.4627010226249695,0.3826071619987488,0.4174058437347412,0.42509064078330994,
20131112,0.31616008281707764,1.5156770944595337,0.3025093972682953,2.2603468894958496,2.5309836864471436,0.4839266538619995,0.3982290029525757,0.3603368401527405,0.24248461425304413,
20131113,0.3491993546485901,1.5883845090866089,0.3043321967124939,1.9803653955459595,2.7258946895599365,0.5585905313491821,0.41911035776138306,0.3537047505378723,0.21653299033641815,
20131114,,1.6717561483383179,0.4383671283721924,1.8301072120666504,4.378891944885254,0.5227833390235901,0.4511752128601074,0.43074434995651245,0.41522860527038574,0.15606261789798737
20131115,,,,,,,,,,0.44417592883110046
20131116,0.2997598946094513,0.9622605443000793,0.3356702923774719,2.3988540172576904,2.031102418899536,,,0.31431832909584045,0.3227207064628601,0.2171345353126526
20131117,0.34355440735816956,1.610364317893982,0.39565128087997437,2.278221845626831,2.0935440063476562,0.5251213908195496,0.4137086272239685,0.44978612661361694,0.5225291848182678,0.3436870276927948
20131118,0.333036869764328,1.7298948764801025,0.4350467026233673,2.159634590148926,2.4486072063446045,0.6208547353744507,0.45188426971435547,0.3928510844707489,0.5106964111328125,0.4160619080066681
20131119,,2.7020061016082764,1.0107738971710205,,,,,,,1.2299846410751343
20131120,,,,,,,,,,
20131121,0.3742557466030121,,0.2569616138935089,,,,,,,
20131122,0.39040935039520264,1.6110575199127197,0.2695651948451996,,,0.2784155607223511,0.25078439712524414,0.3917446434497833,0.6196103692054749,
20131123,0.3097263276576996,1.4177125692367554,0.22287775576114655,2.3704569339752197,2.313720226287842,,,0.2998836636543274,0.4352823793888092,0.1249159649014473
20131124,0.6046299934387207,1.721591591835022,0.43783465027809143,2.434269905090332,2.43721866607666,0.6084763407707214,0.5821421146392822,0.4816163182258606,1.5532863140106201,0.2513691782951355
20131125,,2.69492769241333,0.5259410738945007,,,0.32824352383613586,0.976842999458313,0.7118095755577087,1.7764720916748047,0.46063587069511414
20131126,0.23922662436962128,,0.2522331476211548,,,,,0.42731809616088867,0.6439093351364136,
20131127,0.3691515326499939,2.3018882274627686,0.25741446018218994,1.991980791091919,5.263246536254883,0.3893450200557709,0.36894339323043823,0.28742438554763794,0.17355477809906006,
20131128,0.1810961216688156,,0.20611867308616638,,,,,,0.22868795692920685,
20131129,0.378973126411438,1.6591684818267822,0.3778507709503174,1.9950357675552368,3.1259243488311768,0.5414050817489624,0.5169522762298584,0.29014718532562256,0.9123332500457764,0.21271000802516937
20131130,,2.2204155921936035,0.5593945384025574,2.0720326900482178,3.246561288833618,0.49654173851013184,0.5842346549034119,0.3514246344566345,0.8300974369049072,0.7301352024078369
20131201,0.18522495031356812,,,,,,,,,0.2303583323955536
20131202,0.24210305511951447,0.7203077673912048,0.35577985644340515,,,0.3663245737552643,,0.18466044962406158,0.30801641941070557,
20131203,0.14087174832820892,,,,,,,0.4781544804573059,0.5517042279243469,0.19581376016139984
20131204,0.16855990886688232,2.2921910285949707,0.27551889419555664,,,,,0.1268821507692337,0.23015309870243073,0.24416135251522064
20131205,,2.2496092319488525,0.3446235954761505,,,0.23940563201904297,,0.28679409623146057,0.3914475440979004,0.19586263597011566
20131206,0.17669746279716492,,,,,,,,,0.32466158270835876
20131207,0.21142010390758514,,0.3752383887767792,,,,,0.2554824650287628,0.4125062823295593,0.2602362334728241
20131208,0.10583265125751495,,,,,,,0.14563299715518951,0.19804026186466217,
20131209,0.20381782948970795,0.4442637860774994,0.27764931321144104,,,0.20190273225307465,0.2707834541797638,0.1955874264240265,0.39697355031967163,0.19064846634864807
20131210,0.8372775912284851,2.0994386672973633,0.4202098846435547,,,,,0.20822225511074066,0.25492793321609497,0.36851587891578674
20131211,,,,,,,,,0.3906540274620056,0.3259499967098236
20131212,0.40736123919487,,,,,,,,,1.7035002708435059
20131213,0.5867271423339844,1.5659613609313965,0.2877033054828644,2.3479223251342773,3.756237506866455,,1.061276912689209,,,
20131214,0.2822815477848053,1.7694789171218872,0.41136634349823,2.4709792137145996,3.9526278972625732,0.51755690574646,0.4179660975933075,0.27710556983947754,0.33200541138648987,0.23511746525764465
20131215,0.36231139302253723,1.6457144021987915,0.29872119426727295,,,,0.4229859411716461,0.2714681327342987,0.4054499864578247,
20131216,,2.0904688835144043,0.9022645950317383,2.3680970668792725,3.4843714237213135,0.5648835897445679,0.5670245885848999,0.3188629746437073,0.3789578378200531,0.8004007935523987
20131217,0.18042832612991333,,,,,,,,,0.6031390428543091
20131218,0.2138642817735672,1.33372163772583,,,,,,0.14861023426055908,0.2928168773651123,
20131219,0.26869815587997437,2.3606977462768555,0.46509498357772827,3.8509011268615723,6.35291051864624,0.6111332774162292,0.39353567361831665,0.26245519518852234,0.3040771484375,0.1830451637506485
20131220,,,,,,,0.43239206075668335,,,
20131221,,,,,,,,,,
20131222,,,,,,,,,,
20131223,0.17346979677677155,,0.2914288341999054,,,,,,,
20131224,0.2971908152103424,0.956842839717865,0.4585956633090973,2.563711404800415,4.444728851318359,0.5433565974235535,0.6620399355888367,0.30628353357315063,0.5148691534996033,0.3232523202896118
20131225,0.37082257866859436,2.0809223651885986,0.47479647397994995,3.026907444000244,4.168216705322266,0.7571335434913635,0.5910035967826843,0.27225461602211,0.3941391110420227,0.16778762638568878
20131226,0.5166161060333252,0.9893337488174438,0.3567790985107422,2.1131815910339355,,0.3541605472564697,0.29800379276275635,0.22038374841213226,0.3183858394622803,0.34843477606773376
20131227,,1.500834345817566,,,,,,0.34372416138648987,0.52329021692276,0.3443015515804291
20131228,0.15387852489948273,,,,,,,,,
20131229,0.3002682030200958,1.3030864000320435,0.38857582211494446,1.9985337257385254,3.3208425045013428,0.4685109555721283,0.5084651112556458,0.28586339950561523,0.32316792011260986,0.226051464676857
20131230,0.4572773277759552,1.7067313194274902,0.4647034704685211,2.8846962451934814,5.309783935546875,,0.3506515920162201,0.27225810289382935,0.35029470920562744,0.3064507246017456
20131231,0.4409002363681793,2.08518123626709,0.46778854727745056,2.34841251373291,3.439164161682129,0.5612746477127075,0.4803500473499298,0.27998602390289307,0.317719042301178,0.2970656454563141
20140101,,,,,,,,,,
20140102,,,,,,,,,,
20140103,0.2100595384836197,0.4885709583759308,0.28273889422416687,,,,,,,
20140104,0.3491084575653076,2.147718906402588,0.3899679183959961,2.3183670043945312,2.8012044429779053,0.49775925278663635,0.5678017735481262,0.16318543255329132,0.1661437302827835,0.1467742621898651
20140105,0.19065238535404205,1.135006308555603,0.38479554653167725,,,0.37172192335128784,0.4561525285243988,0.3303070366382599,0.2254539430141449,0.20786207914352417
20140106,,2.0106732845306396,0.5591164827346802,2.2005693912506104,3.149646282196045,0.6606548428535461,0.7798660397529602,0.36795830726623535,0.33699044585227966,0.3163367509841919
20140107,,,,,,,,,,0.3500669300556183
20140108,0.37381190061569214,1.154938817024231,0.43724966049194336,,,0.7201550602912903,,0.8204938769340515,,
20140109,0.33701184391975403,1.8496848344802856,0.4041230380535126,2.25836443901062,3.133939743041992,0.49635547399520874,0.5359954237937927,0.4646271765232086,0.41436532139778137,0.327321857213974
20140110,0.39936867356300354,2.5241281986236572,0.36819833517074585,2.6486330032348633,3.5493619441986084,0.5783116221427917,0.4444500803947449,0.35474294424057007,0.2686185836791992,0.2937280237674713
20140111,0.823432445526123,1.7338987588882446,0.43831849098205566,2.1762547492980957,3.390825033187866,0.5743914246559143,0.5082494616508484,0.38815340399742126,0.44954463839530945,0.35630568861961365
20140112,,,,,,,,,0.46832579374313354,0.4608924984931946
20140113,0.3044878840446472,1.991603970527649,0.40120112895965576,2.062404155731201,,0.5149101614952087,0.3676677942276001,0.4404115378856659,,0.8267144560813904
20140114,0.24492116272449493,1.0375109910964966,0.2769981026649475,0.9994882941246033,,0.3574986755847931,0.21053394675254822,0.2486509531736374,0.277718186378479,0.17651131749153137
20140115,0.31982293725013733,1.632009744644165,0.4238022565841675,,,0.24199073016643524,,0.31278282403945923,0.3308880627155304,0.11984612792730331
20140116,0.44578641653060913,3.2117984294891357,0.4891226589679718,2.8445606231689453,6.308180809020996,0.6135539412498474,0.4956582188606262,0.36532169580459595,0.37139010429382324,0.36966070532798767
20140117,,,,1.162000060081482,5.408509254455566,,0.8965464234352112,0.3728926479816437,0.33389702439308167,0.1587062031030655
20140118,,,,,,,,,,0.18923518061637878
20140119,0.37588950991630554,1.3034389019012451,0.4016713798046112,2.384418487548828,3.0770530700683594,0.5443848967552185,0.5728999972343445,0.3641020953655243,,
20140120,0.3855055570602417,2.311660051345825,0.40869003534317017,2.7413878440856934,3.2303287982940674,0.5994160771369934,0.5333500504493713,0.41600170731544495,0.6279111504554749,0.23799102008342743
20140121,0.2731364667415619,1.6618531942367554,0.384123831987381,2.016047239303589,2.3778116703033447,0.6377731561660767,0.5720414519309998,0.4001010060310364,0.668317437171936,0.3683978021144867
20140122,,,0.48984354734420776,,,0.5551267266273499,0.504482626914978,0.4651468098163605,0.6774064898490906,0.3469252288341522
20140123,,,,,,,,,,0.47159117460250854
20140124,0.2556559145450592,0.7146509885787964,0.3841243088245392,,,0.6512590050697327,,0.31038182973861694,,
20140125,0.4569551646709442,2.679955005645752,0.4265862703323364,2.568424701690674,3.548862934112549,0.6217955946922302,0.6114439368247986,0.4473680555820465,0.7468899488449097,0.24448825418949127
20140126,0.4748477339744568,2.2765517234802246,0.5079721212387085,4.620416164398193,5.323615550994873,0.9533122777938843,0.5722601413726807,0.4408080577850342,0.6135887503623962,0.2895044684410095
20140127,0.5753277540206909,2.3730406761169434,0.5134943127632141,2.316572666168213,3.063839912414551,0.6488847732543945,0.5995604991912842,0.4607703983783722,0.8062675595283508,0.32719188928604126
20140128,,,,,,,,,,0.24600063264369965
20140129,0.3746078908443451,,0.39498355984687805,,,,,,,0.5065299272537231
20140130,0.5184541940689087,1.5430488586425781,0.3652716875076294,,,0.5672568082809448,0.504713237285614,0.42089715600013733,0.684756875038147,0.37793347239494324
20140131,0.4624737799167633,3.0238046646118164,0.48266541957855225,3.5086729526519775,5.064394950866699,0.6702454686164856,0.549087405204773,0.437932550907135,0.6336581707000732,0.25097888708114624
20140201,0.31488990783691406,3.3713979721069336,0.44912979006767273,2.461871862411499,3.3886852264404297,0.6326314210891724,0.5762141346931458,0.4099620580673218,0.5727229118347168,0.3000386953353882
20140202,,2.757812738418579,0.5689901113510132,2.823983907699585,3.9258487224578857,0.7620666027069092,0.6985127925872803,0.37955841422080994,0.41752859950065613,0.2639097273349762
20140203,,,,,,,,,,0.13840168714523315
20140204,0.43477165699005127,2.1365973949432373,0.6106616258621216,2.6254966259002686,3.136213541030884,0.9016041159629822,1.0094857215881348,0.7200959920883179,1.0836246013641357,
20140205,0.4614209532737732,3.6076366901397705,0.5394408702850342,3.515549659729004,3.851567029953003,0.7901187539100647,0.646649956703186,0.6788941621780396,0.8834923505783081,0.3300594091415405
20140206,0.526883065700531,2.5677757263183594,0.4740470051765442,3.410062074661255,3.5932130813598633,0.7220010757446289,0.9155125021934509,0.557658314704895,0.6856217384338379,0.3340277373790741
20140207,0.715730607509613,2.3558897972106934,0.5309662818908691,3.140554666519165,3.8662519454956055,0.8403306007385254,0.863205075263977,0.5545206665992737,1.5192426443099976,0.5557043552398682
20140208,0.1669721007347107,,,,,,,,,0.34859833121299744
20140209,0.5065861940383911,1.5228646993637085,0.49503597617149353,2.6531598567962646,2.348163366317749,0.7799690961837769,0.8135679364204407,0.49029281735420227,0.6761844158172607,
20140210,,1.6722831726074219,,3.3831422328948975,3.753512382507324,0.7103539109230042,0.7728453278541565,0.52107834815979,0.7362648248672485,0.3751455545425415
20140211,0.2769230604171753,5.244976997375488,0.4211229681968689,,,0.7145577073097229,0.6396799683570862,0.4733462333679199,0.5368967652320862,0.22057798504829407
20140212,,,,,,,,,,
20140213,,,,,,,,,,
20140214,0.1321932077407837,,,,,,,,,0.1774197369813919
20140215,0.179033562541008,,,,,,,,,0.5088559985160828
20140216,0.4812045693397522,2.752929449081421,0.5051291584968567,3.6215312480926514,4.166304588317871,0.8932508230209351,0.8418644666671753,0.4900076985359192,0.43180179595947266,0.21657690405845642
20140217,0.607980489730835,2.788250684738159,0.6110324859619141,4.245267868041992,4.5078558921813965,1.1245148181915283,0.9397828578948975,0.4325627088546753,0.7343549132347107,0.32130569219589233
20140218,,2.9211230278015137,0.45387694239616394,2.9026622772216797,3.7952404022216797,0.501510500907898,0.9614315629005432,0.39012372493743896,0.3770449161529541,0.310710072517395
20140219,0.28958725929260254,,,,,,,,,0.23762136697769165
20140220,0.22953735291957855,1.9194663763046265,0.27854740619659424,2.375305414199829,2.904510974884033,,,0.38263875246047974,0.443210631608963,0.17599616944789886
20140221,0.4652124047279358,,0.30181121826171875,,,0.5196280479431152,,0.324980229139328,0.2889595925807953,0.1694108098745346
20140222,0.5439841747283936,2.3935251235961914,0.4580090641975403,3.1397078037261963,3.5292162895202637,1.350551962852478,0.6388359069824219,0.574259877204895,0.5785323977470398,0.16844798624515533
20140223,0.8495861291885376,2.3139870166778564,0.5961231589317322,2.9170708656311035,3.8528993129730225,0.8942468762397766,0.8191601037979126,0.519284725189209,0.49831074476242065,0.4644119143486023
20140224,0.6779080629348755,6.231904983520508,0.5599687099456787,,7.90338134765625,0.710813045501709,0.8072825074195862,0.5903739333152771,0.5556617379188538,0.4022206664085388
20140225,0.22490812838077545,2.9537649154663086,0.3391827344894409,,,0.39302530884742737,0.40886440873146057,0.3910055458545685,,0.7761437892913818
20140226,0.38157403469085693,0.9051247239112854,0.25594019889831543,1.856825828552246,1.828515887260437,,0.2924753725528717,0.467766135931015,0.3576396405696869,0.3232591450214386
20140227,0.6071504354476929,2.246680974960327,0.5057947039604187,2.9843363761901855,2.2225077152252197,0.7366651892662048,0.6017946004867554,0.4822462201118469,1.0531787872314453,0.2196914404630661
20140228,0.7798638939857483,2.5334832668304443,0.6334134340286255,2.4148428440093994,3.8883540630340576,0.7719124555587769,0.6504294872283936,0.641923725605011,1.3650288581848145,0.4669491946697235
20140301,0.2460649609565735,2.7114133834838867,0.8296957015991211,2.6466171741485596,4.685519695281982,0.9675773978233337,0.7962325811386108,0.8053110837936401,0.8101763129234314,0.2834712862968445
20140302,0.6440843939781189,1.9019575119018555,0.5593589544296265,2.510674238204956,3.5661120414733887,0.7420507669448853,0.6861686110496521,0.6786624193191528,0.8510161638259888,0.4730381965637207
20140303,0.6576176285743713,2.319256067276001,0.5398330688476562,3.029984951019287,5.090597629547119,0.635776162147522,0.6181269884109497,0.6756590604782104,0.6395102143287659,0.4267449676990509
20140304,0.508069634437561,3.374561071395874,0.5104215741157532,5.667018413543701,8.247135162353516,0.7723219990730286,0.608573853969574,0.6843109130859375,0.8094038367271423,0.25745704770088196
20140305,0.619691014289856,2.1492717266082764,0.472196102142334,2.3154354095458984,3.434617757797241,0.7010068297386169,0.7686082720756531,0.5617783665657043,1.3634953498840332,0.21986672282218933
20140306,0.3032301962375641,2.4919650554656982,0.6015341877937317,2.567192792892456,3.909674644470215,0.777935266494751,0.7848398685455322,0.6454121470451355,1.4688725471496582,0.5937045216560364
20140307,0.723669171333313,1.8599721193313599,0.6533015966415405,2.2584662437438965,2.555203914642334,0.8337172865867615,0.7726613879203796,0.7289060354232788,1.2154332399368286,0.1765756458044052
20140308,0.6972874999046326,1.976631999015808,0.5871207118034363,2.544799566268921,3.288036584854126,0.6010335683822632,0.9303361773490906,0.7258175015449524,1.1225887537002563,0.570554792881012
20140309,0.9341430068016052,1.9253596067428589,0.5318679213523865,,3.2230679988861084,,,0.9063078761100769,0.6915730237960815,0.3953190743923187
20140310,0.46144869923591614,,0.48756763339042664,,,,,,1.070712924003601,0.39898228645324707
20140311,0.201521635055542,,0.23817308247089386,,,,,0.29305070638656616,0.1780804544687271,0.21173164248466492
20140312,0.6796109080314636,2.914546489715576,0.6006138324737549,3.064509153366089,5.026653289794922,0.8246845006942749,0.854736328125,0.6116521954536438,0.976999819278717,0.4113594889640808
20140313,0.48137232661247253,2.032287359237671,0.45510828495025635,,4.5594868659973145,0.9531037211418152,,0.3750187158584595,,2.1490063667297363
20140314,0.5219437479972839,1.582131028175354,0.539688229560852,,,,,,,0.428290456533432
20140315,0.5020744204521179,,,,,,,,,0.1282251477241516
20140316,0.8395082950592041,2.2574007511138916,0.7079085111618042,2.840005397796631,3.2865793704986572,,,,0.26734447479248047,0.2238762527704239
20140317,0.4363824129104614,2.9136548042297363,0.5244179964065552,,,0.45742323994636536,,0.38510188460350037,0.4747416079044342,0.2622189223766327
20140318,0.31535229086875916,2.7939980030059814,0.49834927916526794,2.8192994594573975,4.656769752502441,0.6582857966423035,0.9578952193260193,0.3646671175956726,0.29672375321388245,0.32994648814201355
20140319,0.46006953716278076,2.529252052307129,0.6056583523750305,4.311802864074707,8.656585693359375,0.8503066301345825,0.9855946898460388,0.5581107139587402,0.4121860861778259,0.40298226475715637
20140320,0.6261569857597351,3.640392303466797,0.6304967999458313,8.647205352783203,10.600799560546875,1.1360357999801636,0.9081418514251709,0.6258193850517273,0.39115655422210693,0.4143728017807007
20140321,0.6202074289321899,2.5986926555633545,0.5640808343887329,,3.3931171894073486,1.236935019493103,,0.5140301585197449,0.3727988004684448,
20140322,1.1093862056732178,2.896284580230713,0.6634214520454407,2.7698097229003906,3.628871440887451,0.8848851919174194,0.8741061687469482,0.8369085192680359,0.9292463064193726,0.3474842309951782
20140323,0.53339684009552,1.6494009494781494,0.5240495800971985,2.276047945022583,,0.9390079379081726,0.5900840759277344,0.5339064598083496,0.33275720477104187,0.24900399148464203
20140324,0.2922289967536926,1.249284267425537,0.44508451223373413,2.466498851776123,2.25264048576355,0.5260077118873596,0.5996841192245483,0.4634612202644348,0.6822442412376404,0.3094213902950287
20140325,0.7022027969360352,3.6593239307403564,,,,,,0.3243551254272461,0.20177286863327026,0.30410370230674744
20140326,0.598056435585022,1.165533185005188,0.6996880769729614,2.795166015625,3.4655044078826904,0.9293285608291626,0.7811201214790344,0.7579164505004883,0.724136233329773,0.38320621848106384
20140327,1.0763237476348877,1.8632177114486694,0.6485962867736816,2.8835787773132324,4.062237739562988,0.8386214375495911,1.0374568700790405,0.6569639444351196,0.6394957900047302,
20140328,0.31497666239738464,,0.4583966135978699,,5.91935396194458,1.6565766334533691,0.6281553506851196,0.47717246413230896,0.2404826581478119,0.3304598033428192
20140329,0.5539186596870422,2.1655964851379395,0.6080597043037415,2.6114022731781006,4.399019718170166,0.7058194279670715,0.6746988892555237,0.5895065665245056,0.23169371485710144,0.49583181738853455
20140330,0.7693036198616028,3.9512522220611572,0.7926687598228455,,,,,0.8248364925384521,0.896564245223999,0.42278286814689636
20140331,0.18439818918704987,3.358020782470703,,,,,,,,0.2256602644920349
20140401,0.2799452543258667,3.5014801025390625,0.7693432569503784,,,,,0.6609769463539124,0.601153552532196,0.36365434527397156
20140402,0.5840486288070679,,0.6701427102088928,,,0.8282694220542908,,0.49888843297958374,0.3779817223548889,0.21817973256111145
20140403,0.1910521239042282,1.8408180475234985,0.4326991140842438,,,0.8083102107048035,,0.2973163425922394,0.27668240666389465,0.19616124033927917
20140404,0.6004988551139832,2.296473503112793,0.32980042695999146,2.778264045715332,3.0570220947265625,0.6459484100341797,1.0362731218338013,0.8303035497665405,0.7284224033355713,0.24090810120105743
20140405,0.5959973931312561,3.2283451557159424,0.6748119592666626,3.358841896057129,5.063946723937988,1.1004812717437744,1.0150328874588013,0.44850021600723267,0.15554465353488922,0.27010300755500793
20140406,0.9384593963623047,2.6787068843841553,0.8280025124549866,3.6313676834106445,5.800166606903076,1.1217167377471924,1.0123834609985352,0.8132520318031311,0.7378551959991455,0.4524611234664917
20140407,0.600046694278717,2.080441474914551,1.0603655576705933,,,,,,0.7357159852981567,
20140408,0.10261162370443344,,,,,,,,,
20140409,,,,,,,,,,
20140410,0.34679362177848816,,,,,,,,0.27410608530044556,
20140411,0.6022669076919556,,0.3772512376308441,,,,,0.6991676092147827,0.39367637038230896,
20140412,0.6530109643936157,2.4275810718536377,0.7664950489997864,2.7710704803466797,4.828697204589844,1.0603092908859253,1.4343881607055664,0.8884158730506897,0.5244794487953186,0.489699125289917
20140413,0.4788818955421448,3.067591428756714,0.6810791492462158,2.7713160514831543,5.513007164001465,1.4148887395858765,1.1347118616104126,0.34931227564811707,0.7992166876792908,0.3744005262851715
20140414,0.47914353013038635,1.5864794254302979,0.6326062083244324,2.4725561141967773,4.699347496032715,1.110621690750122,1.7312674522399902,1.0384160280227661,0.7546817064285278,0.5406818985939026
20140415,0.8920027017593384,4.253253936767578,0.8145306706428528,2.80721116065979,6.0563836097717285,1.0472310781478882,1.6084898710250854,1.023714303970337,0.6007230877876282,0.3448176681995392
20140416,0.6513707041740417,3.9775617122650146,0.7069467902183533,4.969876766204834,7.615824222564697,1.8514599800109863,,1.4318327903747559,,
20140417,0.6767681837081909,5.341745376586914,0.5862582325935364,2.790010452270508,5.621618747711182,,1.1041338443756104,2.0212175846099854,0.9655823111534119,0.6362890601158142
20140418,0.6737516522407532,1.903794765472412,0.6335600018501282,2.8269035816192627,4.700069904327393,1.070773959159851,1.1876461505889893,0.7715513110160828,0.541677713394165,0.34302976727485657
20140419,0.5368486046791077,1.7198189496994019,0.7681328654289246,2.641040802001953,3.9757754802703857,,,,0.1619243323802948,0.20864535868167877
20140420,1.2985892295837402,2.9715278148651123,0.6233038902282715,,,,1.050002932548523,0.34842148423194885,0.18045371770858765,0.34419697523117065
20140421,0.805175244808197,,,,,,,,,
20140422,0.8140373826026917,2.0481832027435303,0.7454626560211182,2.492009401321411,4.571037769317627,1.30838942527771,1.2344175577163696,1.17525053024292,0.40653684735298157,0.2694846987724304
20140423,0.9900946021080017,2.7546794414520264,0.7609947323799133,2.3615355491638184,,1.0000934600830078,1.0644723176956177,1.4223527908325195,0.42601093649864197,0.4457082450389862
20140424,0.4709179103374481,2.337418794631958,0.6736844182014465,2.737699031829834,4.828616619110107,0.9316014647483826,1.035207748413086,0.7892359495162964,0.4046340584754944,0.4702722728252411
20140425,,,,,,,,,,0.9201304316520691
20140426,0.4701582193374634,2.56233811378479,0.5093965530395508,1.7721225023269653,3.4003617763519287,0.8264000415802002,,0.582099974155426,0.5254579186439514,0.3309638202190399
20140427,,,0.745006799697876,,,,,1.3399204015731812,0.49887561798095703,0.9683018326759338
20140428,,,,,,,,,0.47165533900260925,0.3743914067745209
20140429,0.6553679704666138,1.8639949560165405,0.7016221284866333,2.3672242164611816,3.26806378364563,0.8334317207336426,0.8808732628822327,0.8314538598060608,0.3701845705509186,0.2387487143278122
20140430,0.21677450835704803,,0.5443787574768066,1.3965381383895874,1.8464879989624023,0.7466696500778198,0.7735056281089783,0.5945460796356201,0.33810779452323914,0.4754457473754883
20140501,0.4374110996723175,,0.5530294179916382,,,,,0.2947827875614166,,0.35215944051742554
20140502,0.7289268374443054,4.0544514656066895,1.0089446306228638,,,,,,0.5672460794448853,
20140503,0.6582655310630798,2.051043748855591,0.7185033559799194,3.420954942703247,4.83630895614624,1.0655465126037598,1.4608845710754395,0.9044015407562256,0.4342799782752991,0.47115379571914673
20140504,0.7526940703392029,2.2535250186920166,0.5940276980400085,,2.142481565475464,0.5736530423164368,0.6323176622390747,0.7831396460533142,0.31249451637268066,0.2901463508605957
20140505,0.33740702271461487,1.7647384405136108,0.41991180181503296,,1.5853195190429688,0.6114528775215149,0.5350059270858765,0.6907514929771423,0.5579869151115417,0.601676881313324
20140506,,,,,,,,,,0.3617590069770813
20140507,0.8195472359657288,3.3794732093811035,1.0043352842330933,,12.052448272705078,1.4391487836837769,3.8722736835479736,2.2794625759124756,4.534787178039551,0.5338817834854126
20140508,,,,,,,,,0.6739898324012756,0.97782963514328
20140509,0.3628775179386139,,0.43924379348754883,,,,,,,
20140510,0.6406062245368958,1.614593744277954,0.5977867245674133,1.7426257133483887,3.4083309173583984,0.6602091789245605,0.6748835444450378,0.9742352962493896,0.49956807494163513,0.4835297763347626
20140511,0.9134427905082703,3.381434917449951,0.4287995994091034,3.743134021759033,9.882229804992676,0.6311218738555908,0.8441978096961975,0.9208545684814453,0.6251513957977295,0.41673198342323303
20140512,0.7969314455986023,4.806352138519287,0.8860622644424438,3.9549930095672607,3.701274871826172,0.9407895803451538,1.1394809484481812,2.555011510848999,1.1267770528793335,0.8943894505500793
20140513,0.9766607880592346,5.257192134857178,1.0498590469360352,,13.92878532409668,2.3370954990386963,,2.1898350715637207,0.6487928032875061,1.0974379777908325
20140514,0.6605141758918762,2.6854641437530518,0.8649205565452576,5.892434120178223,,1.5810120105743408,1.282854437828064,1.0230637788772583,0.3210415542125702,2.52769136428833
20140515,0.6784074306488037,3.659259557723999,0.652288556098938,3.2711288928985596,9.655817985534668,0.9962725639343262,0.8537304997444153,0.8664831519126892,0.5145089626312256,0.4738965630531311
20140516,,1.072603702545166,0.560153067111969,,,,,,,0.4548948407173157
20140517,,,,,,,,,0.5122390985488892,0.3378576636314392
20140518,0.8741380572319031,0.7217942476272583,0.6973540186882019,,,,,3.977926254272461,,
20140519,0.9878247976303101,1.843534231185913,0.6482802033424377,,,1.6743309497833252,0.9536029696464539,1.1588854789733887,1.2977614402770996,
20140520,0.719342827796936,5.1368184089660645,0.6845711469650269,4.521724224090576,10.409979820251465,1.1978939771652222,1.518667459487915,0.5675767660140991,0.2671147584915161,0.3642478287220001
20140521,0.25411126017570496,1.6860631704330444,1.0336418151855469,4.905838966369629,12.559785842895508,1.5689780712127686,0.9048042893409729,0.7563349604606628,0.477788507938385,1.0246118307113647
20140522,0.20342576503753662,,,,,,,,,
20140523,1.1238963603973389,8.728367805480957,,,16.00481414794922,1.72828209400177,2.6903879642486572,1.6990363597869873,1.8917115926742554,0.5587062835693359
20140524,0.9930988550186157,4.072728157043457,1.172375202178955,2.943236827850342,12.458978652954102,1.2532397508621216,1.3062115907669067,0.7476223707199097,0.7410777807235718,
20140525,0.7727571725845337,,,3.0609779357910156,,2.8208696842193604,0.6919167637825012,1.1043064594268799,,
20140526,,,,,,,,,,
20140527,0.46765586733818054,0.4921802282333374,0.42223238945007324,,,0.5992692708969116,,0.47629114985466003,0.3640098571777344,0.34524744749069214
20140528,1.5830100774765015,3.5245821475982666,2.0610551834106445,5.455480098724365,,4.18944787979126,1.77277410030365,1.042701244354248,0.4783914387226105,0.17584365606307983
20140529,4.439158916473389,3.3431901931762695,0.9230100512504578,2.169508457183838,2.4413719177246094,1.1687257289886475,1.289384365081787,1.2263386249542236,0.8235234022140503,0.5394739508628845
20140530,1.119321346282959,2.056854248046875,2.6538140773773193,2.2662713527679443,9.870552062988281,1.564037561416626,1.699903130531311,0.9090971350669861,0.7973407506942749,1.1675001382827759
20140531,0.7401567101478577,3.01084566116333,0.5217186808586121,,,,,,,0.6818471550941467
20140601,0.7516505122184753,1.6854721307754517,0.6916946172714233,3.747925281524658,,,,,,
20140602,0.7990770936012268,,0.18459875881671906,,,,,0.15742278099060059,,0.2330688089132309
20140603,0.5877840518951416,3.156492233276367,0.7562529444694519,,,,,1.9419498443603516,1.1037204265594482,0.22188234329223633
20140604,0.449497789144516,8.298975944519043,0.3440358340740204,,,,,0.545888364315033,0.294411838054657,0.2359071969985962
20140605,0.9337199330329895,3.339304208755493,0.46141982078552246,4.027555465698242,8.88025188446045,1.0317952632904053,1.007286548614502,0.8453493714332581,0.4375872015953064,0.3985142707824707
20140606,0.7950729727745056,4.140300273895264,0.46117115020751953,3.5170629024505615,10.962512969970703,0.8712503910064697,0.8738486170768738,0.9394837617874146,0.45275670289993286,0.5058976411819458
20140607,1.2716211080551147,1.0690549612045288,0.6421979069709778,7.682784557342529,15.46497631072998,1.3813061714172363,2.088383674621582,0.7739849090576172,0.5060433745384216,0.2751011848449707
20140608,3.973719835281372,6.048408508300781,0.6626131534576416,10.565134048461914,10.393999099731445,,,,,0.39993396401405334
20140609,1.5073133707046509,6.453011989593506,0.8163122534751892,,,,,,,
20140610,1.0218859910964966,5.715392112731934,1.5120539665222168,9.691330909729004,11.340944290161133,,2.0911200046539307,1.6135698556900024,0.8407196998596191,
20140611,,,,,,,,,,
20140612,0.3185385763645172,,,,,,,,,
20140613,0.6417236328125,,1.957130789756775,,,,,1.3113999366760254,0.44424816966056824,0.6310223937034607
20140614,0.22315971553325653,2.363379955291748,0.5448761582374573,,,,,,,
20140615,0.3280538320541382,1.273901104927063,0.34896236658096313,,,0.387878954410553,0.3634239435195923,0.35960373282432556,0.17412680387496948,
20140616,0.42741790413856506,2.094801425933838,0.42673009634017944,,,,,0.5034275650978088,0.3640422821044922,0.33458468317985535
20140617,0.3805297613143921,1.8316867351531982,0.8255262970924377,,,,,,,0.4268803894519806
20140618,1.3732149600982666,4.43236780166626,1.4092109203338623,5.262229919433594,12.585189819335938,1.7408041954040527,6.66244649887085,1.0939772129058838,,0.1879940778017044
20140619,1.048910140991211,2.8313467502593994,1.5553832054138184,4.4222211837768555,,2.4240314960479736,2.7747702598571777,1.1825132369995117,,
20140620,0.36507272720336914,0.9838804602622986,0.7539000511169434,,,0.9696487784385681,1.1901942491531372,0.5182116627693176,0.41048669815063477,
20140621,0.7315673828125,2.8335273265838623,0.6420924663543701,,,0.3722427189350128,0.6507260203361511,0.571303129196167,0.37115857005119324,0.5091911554336548
20140622,0.48904937505722046,,,,,,,,,
20140623,0.19968286156654358,,,,,,,,,
20140624,0.5097646117210388,1.88846755027771,,,,,,,,
20140625,0.344123512506485,,0.7417580485343933,,,0.5075545907020569,,0.6834633350372314,0.48852843046188354,
20140626,0.8826574683189392,4.120935440063477,1.1883710622787476,2.037569522857666,,,,0.5574185252189636,0.49286124110221863,0.35181236267089844
20140627,,2.5794341564178467,0.5544548630714417,2.4300732612609863,,,,0.7627890110015869,0.7416679263114929,0.7198317646980286
20140628,,,,,,,,,,0.4247182607650757
20140629,0.6224592328071594,3.0734591484069824,1.295396089553833,,3.0256683826446533,1.8037832975387573,1.5783215761184692,,0.21595604717731476,0.3242037892341614
20140630,0.7589415311813354,2.3120057582855225,0.6876969337463379,,2.775376558303833,,,0.4523284137248993,0.4085817039012909,
20140701,0.8274268507957458,1.9576799869537354,0.7131953239440918,,,0.5734323263168335,0.7526388764381409,0.5621791481971741,0.23349975049495697,0.22736850380897522
20140702,0.9554290175437927,3.4105522632598877,0.9408072233200073,1.8852918148040771,3.311666488647461,0.7765024900436401,1.0274903774261475,0.7532563805580139,0.5741389393806458,0.20542553067207336
20140703,0.9974325895309448,3.7291858196258545,0.9767383933067322,3.021702527999878,8.683771133422852,1.0082091093063354,1.693158745765686,0.9099233150482178,0.5870076417922974,0.684597373008728
20140704,0.34996458888053894,,0.5120216012001038,,,,,,,0.8249730467796326
20140705,0.40622207522392273,3.180711507797241,0.5283126831054688,,,,,0.478662371635437,,0.2931140661239624
20140706,1.03498113155365,2.618635416030884,1.0195115804672241,4.055910110473633,5.691335678100586,1.43417489528656,0.8917613625526428,0.7537447810173035,0.494937539100647,0.22395503520965576
20140707,0.2746877670288086,4.479101181030273,,,,,,0.7420271039009094,,0.8645129799842834
20140708,0.2017918974161148,1.741626501083374,0.7055524587631226,,,,,0.6434072852134705,0.36059173941612244,0.6615803241729736
20140709,0.7358342409133911,,,,,,,,,
20140710,0.6320575475692749,2.4469125270843506,0.9164179563522339,3.9923717975616455,,1.2461333274841309,,0.7339047789573669,,
20140711,0.647416889667511,2.652454137802124,0.4832794964313507,1.5283429622650146,1.933256983757019,0.9041786193847656,1.029710054397583,0.551832377910614,0.3285036087036133,0.2469802349805832
20140712,0.562892496585846,2.0862817764282227,0.8538896441459656,1.7781004905700684,4.6687541007995605,1.13550865650177,0.9663255214691162,0.7050204277038574,0.4191756844520569,0.4546753466129303
20140713,,,0.9138903617858887,,,0.9515537619590759,1.4037249088287354,0.943813145160675,0.22405363619327545,0.38895469903945923
20140714,,,,,,,,,,
20140715,0.4462638199329376,,,,,,,,,
20140716,0.5886737704277039,3.9253220558166504,0.2514175474643707,1.6903936862945557,2.5763180255889893,1.3546003103256226,0.9049071073532104,,,1.6484671831130981
20140717,0.5231345295906067,2.16705060005188,0.7530871033668518,2.1765410900115967,2.9821152687072754,0.8005261421203613,1.3686280250549316,0.6344712972640991,0.2880251407623291,1.3568657636642456
20140718,0.4100092351436615,2.482131242752075,0.6391749978065491,,,,,0.3643728494644165,0.2033630758523941,0.35133981704711914
20140719,,,,,,,,0.7941967248916626,0.2296980619430542,0.268885999917984
20140720,0.8051037192344666,,,,,,,0.9901861548423767,,0.36362969875335693
20140721,1.0202146768569946,2.1192615032196045,0.8967759013175964,4.635922431945801,,1.9011718034744263,,1.1687920093536377,,
20140722,0.6901481747627258,6.142066955566406,1.0495022535324097,5.8791327476501465,11.721227645874023,1.3804492950439453,2.297367572784424,0.8072778582572937,0.5659729242324829,1.6036521196365356
20140723,0.4317449927330017,,0.2989341616630554,,,,,,,
20140724,0.43819037079811096,1.6509757041931152,0.5559976100921631,,,0.40818482637405396,,0.3990213871002197,,
20140725,0.947759211063385,2.573883533477783,0.541313648223877,,,0.43853896856307983,0.25009241700172424,0.5353126525878906,0.3565880060195923,0.18054527044296265
20140726,0.630023717880249,6.511973857879639,0.7123031616210938,2.7152483463287354,9.845823287963867,1.4079289436340332,1.6817169189453125,0.7195343971252441,0.777346670627594,0.2688964307308197
20140727,0.6982743144035339,5.8039069175720215,1.2028775215148926,,,,,0.5789382457733154,0.42228463292121887,0.3316720724105835
20140728,0.6113752722740173,1.5710556507110596,0.8739330172538757,1.2823522090911865,,0.892741858959198,0.6075572967529297,0.5948654413223267,0.48222047090530396,0.9422395825386047
20140729,0.681545615196228,3.8888237476348877,0.17231431603431702,,,,,,,
20140730,0.5601279735565186,2.8391292095184326,0.5381829738616943,,,0.38315099477767944,0.3077751398086548,0.4638890326023102,0.5077592730522156,0.3170880377292633
20140731,0.25476396083831787,,,,,,,,,
20140801,0.5518914461135864,2.5365355014801025,0.9746986627578735,1.6625617742538452,3.062408685684204,1.4834809303283691,2.21364164352417,1.133812427520752,0.5542470216751099,0.21771152317523956
20140802,0.6687793135643005,3.069599151611328,0.8606711626052856,1.6887270212173462,3.091291904449463,0.9944537281990051,1.8276047706604004,0.6973869204521179,0.40850189328193665,0.5395009517669678
20140803,0.5632609128952026,2.9948275089263916,0.8570350408554077,1.99281907081604,4.915792465209961,1.1559617519378662,1.5097309350967407,0.8099071383476257,0.5277314186096191,0.7763853073120117
20140804,0.703625500202179,3.325568914413452,0.8177617788314819,2.3082714080810547,5.903661727905273,0.9043810963630676,1.3198630809783936,0.7102863788604736,0.835013210773468,1.756776213645935
20140805,0.30983367562294006,6.709031581878662,0.42887091636657715,2.7046492099761963,8.331602096557617,0.4848661422729492,0.7846680283546448,0.4524233639240265,0.2525100111961365,0.3458789587020874
20140806,1.102644920349121,3.8203022480010986,0.5187838077545166,,8.375494956970215,,1.1190789937973022,,,
20140807,0.6959348917007446,4.123117923736572,0.744144856929779,3.576535701751709,9.690749168395996,0.8385932445526123,1.7216506004333496,0.479522705078125,,0.4563515782356262
20140808,1.0740209817886353,4.1082072257995605,1.00868821144104,,,,,0.576172947883606,0.4031807482242584,0.5302847623825073
20140809,0.3537151515483856,,,,,,,,0.2221393883228302,0.5219669342041016
20140810,0.6125050783157349,2.223897933959961,0.5165888071060181,0.8579583168029785,2.9527134895324707,0.5661144852638245,0.5074644684791565,0.4814550280570984,0.3235800266265869,0.39605438709259033
20140811,0.5377094149589539,2.430502414703369,0.5860090255737305,2.1821341514587402,5.644113063812256,1.1410243511199951,0.6401772499084473,0.5773318409919739,0.39379116892814636,0.4016372561454773
20140812,0.6309931874275208,2.0877809524536133,0.6631225943565369,2.4170236587524414,3.2456488609313965,1.1119296550750732,0.6220493912696838,0.49873489141464233,0.25322064757347107,0.3385779857635498
20140813,0.23433290421962738,1.9283527135849,1.0671119689941406,1.6921690702438354,6.3064422607421875,0.5873982906341553,1.1692391633987427,0.4595947265625,0.3009166717529297,0.8011557459831238
20140814,0.4984939694404602,2.6406891345977783,0.522411048412323,1.5930263996124268,7.772230625152588,0.8136500716209412,0.9969763159751892,0.5166299343109131,,0.29044651985168457
20140815,0.542398989200592,,0.6048184633255005,,,0.7181797027587891,0.6305187344551086,0.6235214471817017,0.3859715163707733,0.8041372895240784
20140816,0.5559399724006653,,,,,,,,0.5516990423202515,0.2307964712381363
20140817,0.47851884365081787,1.142784833908081,0.5357620120048523,1.344826340675354,,0.6304035186767578,0.5647312998771667,0.64286208152771,0.45795154571533203,0.3588637113571167
20140818,0.4980970621109009,1.5379465818405151,0.6989516615867615,1.4400240182876587,4.904391288757324,0.8657619953155518,1.0213817358016968,0.5341967344284058,0.2765432298183441,0.2949238717556
20140819,0.5475289225578308,1.8606460094451904,0.4099929630756378,,,0.3157792091369629,,0.7461518049240112,0.20593133568763733,0.25267383456230164
20140820,0.6129941940307617,1.2634023427963257,0.3960396349430084,0.9572724103927612,,0.6327050924301147,0.4801562428474426,0.7016803622245789,0.25132283568382263,0.34805160760879517
20140821,0.5906526446342468,0.8315132856369019,0.7222280502319336,0.7537970542907715,0.7759572863578796,0.6316035389900208,0.5539003610610962,0.6897426843643188,0.3728421628475189,0.256845086812973
20140822,0.7312338352203369,4.241753101348877,0.6573822498321533,2.8347275257110596,12.280267715454102,0.9874511361122131,0.7732099294662476,0.6482767462730408,0.47619861364364624,0.908701479434967
20140823,0.599937379360199,2.126068115234375,0.6263052821159363,2.8559083938598633,8.603806495666504,0.5830633044242859,0.6545464396476746,0.6086930632591248,0.3590891659259796,0.8879234194755554
20140824,0.7162167429924011,3.544879674911499,0.6125519275665283,3.750976085662842,10.784008979797363,0.7793766260147095,0.8349555730819702,0.5754026174545288,0.23218443989753723,0.1695110946893692
20140825,0.5454078912734985,3.424938917160034,0.6113585233688354,2.9145314693450928,10.902236938476562,0.7947086691856384,1.0385472774505615,0.6495603919029236,0.3494523763656616,0.4012375771999359
20140826,0.606835663318634,2.585059642791748,0.5077798962593079,1.7059109210968018,4.955999851226807,0.6962726712226868,0.9241440892219543,0.5648743510246277,0.42253199219703674,0.572752058506012
20140827,0.48330989480018616,2.6765661239624023,0.525263249874115,1.5299783945083618,,0.9137789607048035,,0.48785802721977234,0.4689292311668396,1.3943507671356201
20140828,0.4828301966190338,3.741692304611206,0.5972497463226318,2.2854628562927246,8.184632301330566,1.1062445640563965,1.3774052858352661,0.5185922384262085,0.5096854567527771,0.762373685836792
20140829,0.5171299576759338,4.061765193939209,0.7047371864318848,4.089451313018799,11.694287300109863,0.9744594693183899,0.9404072165489197,0.46437349915504456,0.5173013210296631,0.595291018486023
20140830,0.39705294370651245,3.917466640472412,0.675875186920166,3.550570011138916,11.143985748291016,0.8835932612419128,0.6624640822410583,0.35478806495666504,0.5649470090866089,0.7558368444442749
20140831,,,,,,,,,,
20140901,0.29965829849243164,,0.4093850553035736,,,,0.34720125794410706,0.41906991600990295,0.5485900044441223,0.34687379002571106
20140902,0.6336197257041931,2.0178396701812744,0.4833105504512787,2.4059090614318848,4.015033721923828,1.4920450448989868,0.8255347013473511,0.4097200036048889,0.6322265267372131,0.41579192876815796
20140903,,,,,,,,,,0.4934788644313812
20140904,0.4262903034687042,1.5628435611724854,0.41246944665908813,,,,,0.3408292829990387,0.37332794070243835,0.41124022006988525
20140905,0.46255379915237427,1.1461834907531738,0.39348846673965454,1.1501349210739136,2.0812830924987793,0.618010938167572,0.43256357312202454,0.3739313781261444,0.34859731793403625,0.6112264394760132
20140906,0.5214093327522278,2.876864194869995,0.5244513750076294,1.7731791734695435,6.849204063415527,0.49006131291389465,0.5873110294342041,0.3898189961910248,0.43992263078689575,0.6578844785690308
20140907,1.0102348327636719,3.172816038131714,0.42220425605773926,2.0477705001831055,9.312828063964844,0.4665397107601166,0.5878622531890869,0.45666396617889404,0.6469091773033142,0.8766465783119202
20140908,0.27011725306510925,1.9876223802566528,0.35729047656059265,,,,,,0.7576653957366943,0.6382094621658325
20140909,0.3238118886947632,,0.2746317982673645,,,,,0.4313153326511383,0.5178021192550659,0.534080982208252
20140910,0.36059004068374634,1.6656376123428345,0.37550288438796997,,,0.299325168132782,,0.34237122535705566,0.383304625749588,0.4054435193538666
20140911,0.3021824061870575,0.6735386848449707,0.3849770426750183,,,0.3909507989883423,0.3923736810684204,0.3450305461883545,0.38351377844810486,0.42151370644569397
20140912,0.4401485323905945,2.5551557540893555,0.3894646465778351,2.114948272705078,8.217360496520996,0.4047284424304962,0.5361934900283813,0.3765959143638611,0.33399587869644165,0.36530572175979614
20140913,0.4458473324775696,2.360011577606201,0.556047260761261,3.232888698577881,9.914175033569336,0.9022828936576843,0.7168582677841187,0.4104415774345398,0.4390502870082855,2.7048401832580566
20140914,0.4793347716331482,2.694580078125,0.5156630277633667,3.4368908405303955,10.597180366516113,1.0676649808883667,0.6525076627731323,1.0506058931350708,0.6534401178359985,0.6187834739685059
20140915,0.3186096251010895,1.3403434753417969,0.3503400981426239,,,,,0.2758519649505615,,
20140916,0.2995249032974243,1.595949649810791,0.38977253437042236,,,0.3284183740615845,,0.18655753135681152,0.25024479627609253,0.3235185146331787
20140917,0.43271490931510925,1.6761871576309204,0.4659421443939209,,2.5173566341400146,0.6966537833213806,0.5078509449958801,0.4779534339904785,0.15686215460300446,0.3082529902458191
20140918,0.30804896354675293,,0.3140600025653839,1.2120277881622314,,0.7421550154685974,,0.42233923077583313,0.40009555220603943,0.47531968355178833
20140919,0.5288967490196228,2.293193817138672,0.6249644756317139,3.0438225269317627,7.946421146392822,0.7956028580665588,0.7785066366195679,0.4834907650947571,0.37870457768440247,0.3739340901374817
20140920,0.48335856199264526,2.7969911098480225,0.5642832517623901,2.6178534030914307,8.858612060546875,0.6982793807983398,0.5890377163887024,0.6029433012008667,0.39545929431915283,0.41240862011909485
20140921,0.3901846408843994,3.0122063159942627,0.5017015337944031,3.1118106842041016,10.470112800598145,0.6929742693901062,0.4990100562572479,0.44913843274116516,0.41976198554039,0.5473506450653076
20140922,0.28276604413986206,2.84214186668396,0.3210735619068146,0.8254895210266113,13.036956787109375,0.3649628460407257,0.5662753582000732,0.43509069085121155,0.45469334721565247,0.5320505499839783
20140923,0.23730652034282684,1.9520323276519775,0.520804226398468,,,0.32845884561538696,0.28416332602500916,0.36114785075187683,0.5180591940879822,0.6085433959960938
20140924,0.21057477593421936,2.9643425941467285,0.6245718002319336,1.5453757047653198,,0.6710782051086426,0.32065388560295105,0.3361709415912628,0.4976687431335449,0.8097208142280579
20140925,0.39483118057250977,2.0422873497009277,0.31405001878738403,,,0.6923797726631165,0.2490045428276062,0.27589961886405945,0.4388042688369751,0.6087695956230164
20140926,0.5816928744316101,2.006667137145996,0.38598328828811646,2.7929489612579346,4.952630519866943,0.3475410044193268,0.47873178124427795,0.33065858483314514,0.366318017244339,0.46458175778388977
20140927,0.3234439194202423,2.407458543777466,0.3527359962463379,2.3838109970092773,8.895909309387207,0.6907690763473511,0.6329880356788635,0.34322258830070496,0.43519529700279236,0.5403481721878052
20140928,0.3141182065010071,2.084312677383423,0.3525974452495575,,,0.6698894500732422,0.40687084197998047,0.3531714081764221,0.43835774064064026,0.6436976790428162
20140929,0.44629696011543274,2.4708340167999268,0.5660640001296997,1.8998159170150757,6.862165927886963,0.50481116771698,0.5109527707099915,0.3474123775959015,0.42117059230804443,0.7315025925636292
20140930,0.3596840798854828,1.8207346200942993,0.34032171964645386,,1.8616629838943481,0.5145708918571472,0.36952662467956543,0.3688042163848877,0.40336278080940247,0.3586586117744446
20141001,0.254422664642334,1.697257399559021,0.40565916895866394,1.888520359992981,3.469921350479126,0.6901229619979858,0.6022857427597046,0.3956795334815979,0.299161434173584,0.3666590750217438
20141002,0.29166433215141296,1.746877908706665,0.35790881514549255,1.5670455694198608,5.136393070220947,0.6521197557449341,0.6005806922912598,,,0.28863468766212463
20141003,0.20868152379989624,1.6781445741653442,0.4550074338912964,1.906791090965271,6.664043426513672,0.9451252222061157,0.5025478005409241,0.4961746037006378,0.462188184261322,0.5269853472709656
20141004,0.6909425258636475,2.784529447555542,0.5411462187767029,2.7705509662628174,11.435072898864746,1.1358412504196167,0.5523873567581177,0.45588448643684387,0.44415831565856934,0.8098568916320801
20141006,,,,,,,,,0.4859965443611145,
20141007,0.3119646906852722,0.9403846263885498,0.3324621319770813,,2.5927865505218506,0.5340915322303772,0.6396487355232239,0.4555065929889679,0.3761242628097534,0.34484246373176575
20141008,0.40218573808670044,1.3309377431869507,0.41606825590133667,2.0581769943237305,6.3860273361206055,0.5459693670272827,0.45831647515296936,0.38622620701789856,0.3694605529308319,0.3207474946975708
20141009,0.35059377551078796,2.0624492168426514,0.40540555119514465,3.3345065116882324,7.585145473480225,0.8899428248405457,0.6982085704803467,0.44009676575660706,0.45523929595947266,0.4425181448459625
20141010,0.4040749669075012,3.2975220680236816,0.574150800704956,4.178240776062012,10.14271354675293,0.9672161340713501,0.6884855031967163,0.39993050694465637,0.43735471367836,0.5810147523880005
20141011,0.4721670150756836,1.8493969440460205,0.5771617889404297,1.9223017692565918,4.081090450286865,0.7130191326141357,0.6763037443161011,0.5879403948783875,0.45993804931640625,0.34914445877075195
20141012,0.2970300614833832,1.3586783409118652,0.36584529280662537,2.4659411907196045,3.7749006748199463,0.5883033871650696,0.5329829454421997,0.2793123424053192,,0.530891478061676
20141013,0.3584519326686859,,0.3597933351993561,,,,0.41037115454673767,0.4126380383968353,0.37451693415641785,0.4041937291622162
20141014,0.5073482394218445,1.1315187215805054,0.32522788643836975,,,,,,0.31508368253707886,0.33408379554748535
20141015,0.4330104887485504,1.6977941989898682,0.4500490427017212,2.099445104598999,3.3680758476257324,0.6703873872756958,0.5448694825172424,0.3957817256450653,0.26684579253196716,0.4639255702495575
20141016,0.4788445234298706,2.171788454055786,0.49015012383461,2.4167070388793945,4.448133945465088,0.7579227089881897,0.49484649300575256,0.42546316981315613,0.43446433544158936,0.3722381293773651
20141017,0.4005281925201416,1.9698094129562378,0.5609694123268127,2.4079360961914062,4.425793170928955,0.6896958947181702,0.5296756029129028,0.5820361971855164,0.5024444460868835,0.5249223113059998
20141018,0.27402517199516296,2.1902639865875244,,,,,,,,
20141019,0.2746303677558899,1.6445163488388062,0.5730021595954895,,,,,,,
20141020,0.4818669259548187,1.5653245449066162,0.3210647404193878,,,0.3171716034412384,,0.48242881894111633,0.7387622594833374,0.5708968639373779
20141021,0.34051385521888733,,0.6392229199409485,,,0.9173087477684021,,0.6278588175773621,0.5245067477226257,0.6679268479347229
20141022,,,,,,,,,0.9547969698905945,0.4109328091144562
20141023,0.2397535741329193,,,,,,,,0.5474256873130798,
20141024,0.3511512577533722,0.9470694661140442,0.3202807903289795,2.3520348072052,4.426568508148193,0.5233975052833557,0.5310583710670471,0.3066624701023102,0.3373207151889801,0.42300117015838623
20141025,0.44903695583343506,1.79202139377594,0.42761316895484924,2.234492540359497,2.8890509605407715,0.8417645692825317,0.6117631196975708,0.4460920989513397,0.2963355779647827,
20141026,0.5521538257598877,1.7139679193496704,0.35958296060562134,,,,,,0.43734127283096313,0.4081096351146698
20141027,,,,,,,1.525630235671997,0.5932193994522095,0.3868371248245239,0.3263433873653412
20141028,0.3210720121860504,0.49132272601127625,0.293464720249176,,,,,,,0.24866971373558044
20141029,,1.7997236251831055,0.3237203061580658,,,0.41746363043785095,0.6496747732162476,0.4442858099937439,0.3348550498485565,0.771148681640625
20141030,0.16184480488300323,,0.24099506437778473,,,,0.37239670753479004,0.3589852750301361,0.3913690447807312,0.6696208119392395
20141031,0.8250483274459839,1.2463845014572144,0.34152284264564514,,,,0.788410484790802,0.2737080454826355,0.340485155582428,0.8420678377151489
20141101,,2.027402400970459,0.9139176607131958,2.7552778720855713,4.801095485687256,0.6802501678466797,0.7625609636306763,0.47552770376205444,0.31929582357406616,0.28104209899902344
20141102,0.20085293054580688,,0.24345684051513672,,,,,,,0.375313401222229
20141103,0.2205878645181656,,,,,,,,,
20141104,0.5034390687942505,1.277538537979126,0.4658595323562622,1.55405592918396,3.7722766399383545,0.5574074983596802,0.5837250351905823,0.31147390604019165,,0.38393861055374146
20141105,0.3948447108268738,1.73321533203125,0.3411773145198822,1.8635224103927612,3.531918525695801,0.44323796033859253,0.4608866274356842,0.37877777218818665,0.480506956577301,0.5737481713294983
20141106,0.36663320660591125,2.2285873889923096,0.3107868432998657,,,,,,0.3894783854484558,0.9037601351737976
20141107,,,,,,,,,,0.4752485454082489
20141108,0.15156187117099762,,,,,,,,,
20141109,0.26084089279174805,0.9816010594367981,0.4261696934700012,2.1963071823120117,3.3784751892089844,0.5232143998146057,0.37464338541030884,0.3160259425640106,0.3050178289413452,0.3056829571723938
20141110,0.3164578378200531,1.6415109634399414,0.38928648829460144,2.2240827083587646,2.6389260292053223,0.7560790181159973,0.43640103936195374,0.2945888340473175,0.26295703649520874,0.3845500349998474
20141111,0.1542673110961914,1.31680428981781,0.47534674406051636,,,,,0.31696704030036926,0.2953334152698517,0.3610585629940033
20141112,,2.89292311668396,0.9237118363380432,3.098670244216919,4.746260166168213,0.778923749923706,0.3408205211162567,0.27115598320961,0.35303011536598206,0.37638887763023376
20141113,,,,,,,,,,1.003922700881958
20141114,,,,,,,,,,
20141115,0.11828631162643433,,,,,,,0.26849812269210815,,0.1610742062330246
20141116,0.48225414752960205,2.109588384628296,0.3993726670742035,,,0.37599384784698486,0.3565443754196167,0.29499295353889465,0.36627858877182007,0.23328173160552979
20141117,,2.3508713245391846,0.4451485574245453,,5.724998474121094,0.25605547428131104,0.40046370029449463,0.2608599364757538,0.2973611354827881,0.27312904596328735
20141118,0.14411377906799316,,0.18500904738903046,,,,,,,0.2664065957069397
20141119,,2.7297046184539795,,1.257060170173645,3.757402181625366,0.37440234422683716,0.5852513313293457,0.20916490256786346,0.2935468554496765,0.2808883786201477
20141120,0.13769647479057312,,0.23073430359363556,,,0.3655700385570526,,0.12453814595937729,0.17105968296527863,
20141121,0.3912715017795563,2.2804512977600098,0.4930495321750641,,,1.1754052639007568,0.4989149868488312,0.2873176038265228,0.34591421484947205,0.34635671973228455
20141122,0.43591609597206116,2.0713517665863037,0.3531440794467926,2.9878997802734375,,0.6205843687057495,0.4638313353061676,0.22665166854858398,0.23011749982833862,0.2685069441795349
20141123,0.1016506627202034,,,,,,,,0.3489876985549927,0.1854051798582077
20141124,0.2136877328157425,,,,,,,,,
20141125,0.30981215834617615,1.2060556411743164,0.3326924443244934,,2.4137532711029053,0.43315786123275757,0.45483335852622986,0.20108714699745178,0.2498214989900589,
20141126,0.32979831099510193,1.7541590929031372,0.37131863832473755,2.588036060333252,2.5362329483032227,0.7283651232719421,0.5459370613098145,0.2510812282562256,0.20288051664829254,0.18084760010242462
20141127,0.561947762966156,1.9333326816558838,0.47422611713409424,2.276522159576416,2.8701565265655518,0.7226638197898865,0.6010589599609375,0.29401201009750366,0.27899405360221863,0.3966013193130493
20141128,,,,,2.501467704772949,,0.540791392326355,0.2661610543727875,0.341998428106308,0.374435156583786
20141129,0.227476567029953,,,,,,,,,0.6459679007530212
20141130,0.24283148348331451,1.4041627645492554,0.3969728350639343,1.9028207063674927,4.577282428741455,0.6827168464660645,0.5663342475891113,0.22556959092617035,0.20940572023391724,
20141201,0.329526424407959,2.9728400707244873,0.4068688154220581,3.9838201999664307,6.417640686035156,0.5701689124107361,0.3859908878803253,0.19823673367500305,,0.431914746761322
20141202,0.2919965386390686,,,,,,,,,0.6503552794456482
20141203,,2.397987127304077,0.6419031023979187,2.290419101715088,4.221219062805176,0.5235454440116882,0.5411752462387085,0.2508174180984497,0.27783235907554626,1.3942097425460815
20141204,0.15861931443214417,,,,,,,,,0.4779958128929138
20141205,0.19498588144779205,0.5450809597969055,0.2574150860309601,,,,,,,
20141206,0.1351630836725235,,,,,,,0.21189013123512268,0.2613834738731384,
20141207,0.4526299834251404,1.7403701543807983,0.44395583868026733,2.1627447605133057,2.619096279144287,0.4325053095817566,0.42990997433662415,0.20839758217334747,0.32042962312698364,
20141208,0.6310367584228516,2.068495750427246,0.3851025104522705,2.3828752040863037,3.0698764324188232,0.6587889194488525,0.5095217227935791,0.3124747574329376,0.327535480260849,0.18702594935894012
20141209,,,,,,,,,,0.25795188546180725
20141210,0.8293448090553284,,,,,,,,,
20141211,0.3548317849636078,2.4132602214813232,0.39658382534980774,2.240272283554077,2.311253547668457,0.5860112309455872,0.5581395626068115,0.294694721698761,0.42557236552238464,0.11597032845020294
20141212,0.39330577850341797,1.8392419815063477,0.4342191517353058,2.7076010704040527,2.5634920597076416,0.6232478022575378,0.5151072144508362,0.3154360055923462,0.34213897585868835,0.2374095916748047
20141213,0.6845491528511047,2.2193214893341064,0.45680755376815796,3.083733558654785,3.403632879257202,0.7155160903930664,0.5734987258911133,0.2698977291584015,0.45387154817581177,0.27221402525901794
20141214,,,,,,,,,0.38024866580963135,0.39941200613975525
20141215,0.3143555223941803,,,,,,,,,0.4923877418041229
20141216,0.21837438642978668,,0.192051500082016,,,,,,,
20141217,0.4607771337032318,2.0916404724121094,0.3591679036617279,2.7963404655456543,3.827977180480957,0.30741965770721436,0.43263277411460876,0.27524933218955994,0.46076297760009766,0.1966923177242279
20141218,0.35519638657569885,1.5948373079299927,0.3697144687175751,,,0.5372852087020874,0.5590218305587769,0.2521665692329407,0.3012348413467407,0.13474291563034058
20141219,,2.1165122985839844,0.7511189579963684,2.375967264175415,4.171698093414307,0.730938196182251,0.6504546999931335,0.2911745607852936,0.3433871269226074,0.22900058329105377
20141220,0.20696143805980682,,,,,,,,,0.8256046175956726
20141221,,,,,,,,,,
20141222,0.10281433165073395,,,,,,,,,
20141223,0.30291125178337097,,0.3754238784313202,,,0.35429874062538147,0.4018901288509369,0.2777189612388611,0.21895669400691986,0.12058626115322113
20141224,,1.9130399227142334,0.45130935311317444,2.7047951221466064,,0.7130842804908752,0.6905583739280701,0.2692141830921173,0.24408823251724243,0.15641988813877106
20141225,,,,,,,,,,0.37293192744255066
20141226,0.36402785778045654,,0.3602313697338104,,,,,,,
20141227,0.3037034571170807,1.8028498888015747,0.4115599989891052,2.557396173477173,3.2185580730438232,0.5484398603439331,0.5828924179077148,0.3372058570384979,0.3208087682723999,0.29947468638420105
20141228,0.34124046564102173,1.8390718698501587,0.39345887303352356,2.894800901412964,2.7917964458465576,0.7325400114059448,0.5796829462051392,0.28028154373168945,0.2155115306377411,0.18026937544345856
20141229,0.27459174394607544,1.7450801134109497,0.39460280537605286,2.1335952281951904,2.782217264175415,0.6198431253433228,0.7823203206062317,0.3215503990650177,0.21923425793647766,0.17462420463562012
20141230,,,,,,,,,0.3308168351650238,0.238862544298172
20141231,0.4627285599708557,0.947311282157898,0.35591384768486023,,,0.2580661177635193,,0.4660494327545166,,0.6328142285346985
20150101,0.33419254422187805,1.690392017364502,0.40323302149772644,,,0.5585193634033203,0.4266263246536255,0.31023284792900085,0.22123831510543823,0.2567870318889618
20150102,0.37780383229255676,3.012725591659546,0.4105149805545807,2.8006744384765625,3.9688680171966553,0.790462076663971,0.42626330256462097,0.22295010089874268,0.2131354957818985,0.16798312962055206
20150103,,,,,,,,,,
20150104,,2.1958577632904053,,2.3471901416778564,2.7239227294921875,,0.6324693560600281,0.27095553278923035,0.27419599890708923,0.3810877203941345
20150105,,,,,,,,,,0.9093246459960938
20150106,0.21156388521194458,1.403963565826416,0.36725884675979614,2.24784779548645,2.240232467651367,0.5779039263725281,0.47341474890708923,0.3314885199069977,0.4755392372608185,
20150107,0.17722155153751373,2.071150541305542,0.4827077090740204,,,0.5063520669937134,,0.2675987780094147,0.26601874828338623,0.20496965944766998
20150108,0.2238655984401703,,0.2291548252105713,,,0.22955113649368286,,,,
20150109,,,,,,,,,0.15210041403770447,0.11288993805646896
20150110,,,,,,,,,,
20150111,0.2579991817474365,,0.2537761330604553,,,,,,,
20150112,0.2169312834739685,,,,,,,,0.1555846631526947,0.20759674906730652
20150113,0.1800641268491745,,0.17561069130897522,,,,,,,
20150114,0.2732081115245819,2.5430819988250732,0.5945674180984497,3.010125160217285,3.464578151702881,0.8759647011756897,0.8701480031013489,0.2989720106124878,0.36151933670043945,
20150115,0.12112709879875183,,,,,,,,0.42807164788246155,0.13219580054283142
20150116,0.33874332904815674,,,,,,,,,
20150117,0.5514990091323853,2.001394033432007,0.46687769889831543,3.0783116817474365,4.238775730133057,0.7918280363082886,0.772047758102417,0.41896647214889526,0.5434994697570801,
20150118,0.23948955535888672,1.9052547216415405,0.3446181118488312,,,,,0.31238943338394165,0.30897635221481323,0.15915782749652863
20150119,0.1294988989830017,1.8175690174102783,,2.696115016937256,3.5606496334075928,0.4254351258277893,0.7018266916275024,0.34488874673843384,0.29283958673477173,0.21382218599319458
20150120,,,,,,,,,0.12235619872808456,
20150121,0.18618732690811157,,,,,,,,,0.40374624729156494
20150122,0.24716801941394806,2.3619842529296875,0.4962782561779022,3.1706748008728027,4.245135307312012,0.7294682264328003,0.6175519227981567,0.3846719264984131,0.2579004168510437,
20150123,0.4848223328590393,2.7200870513916016,0.4333193898200989,3.481818675994873,3.6218643188476562,0.8010035157203674,0.6121804714202881,0.2802332639694214,0.22176744043827057,0.30299997329711914
20150124,0.19332484900951385,2.5276927947998047,0.4499315321445465,3.173795461654663,3.6706037521362305,0.39015433192253113,0.5235443711280823,0.2979046106338501,0.23719586431980133,0.3005841076374054
20150125,,2.5579915046691895,0.6319690346717834,2.5119194984436035,2.9252240657806396,0.9625257849693298,0.7622984051704407,0.3474586606025696,0.2153550684452057,0.17569491267204285
20150126,,,,,,,,,,0.24792975187301636
20150127,0.491775780916214,1.2649437189102173,0.4116041958332062,,,,,,,
20150128,0.38351836800575256,2.218519926071167,0.47411397099494934,2.6874208450317383,3.1252927780151367,0.6699866652488708,0.6911176443099976,0.5060128569602966,0.3939816355705261,0.209161177277565
20150129,0.41055384278297424,1.9793740510940552,0.5056003928184509,2.7406888008117676,2.4985268115997314,0.6919065117835999,0.6831246614456177,0.4493727684020996,0.35266759991645813,0.21338018774986267
20150130,0.7668153047561646,2.0837819576263428,0.5290998816490173,2.51021671295166,3.039304256439209,0.6909944415092468,0.7437247633934021,0.48052698373794556,0.35977399349212646,0.26034367084503174
20150131,,,,,,,,,,0.5497553944587708
20150201,0.5589029788970947,,,,,,,,,
20150202,0.5357890129089355,2.0021774768829346,0.3344281017780304,,2.475621461868286,,0.6208040714263916,0.47647908329963684,0.846904993057251,
20150203,0.5316868424415588,2.1654365062713623,0.47327905893325806,2.5981619358062744,2.5187976360321045,0.6493250131607056,0.6124971508979797,0.4382309019565582,0.7971773147583008,0.8727400898933411
20150204,0.4288184344768524,1.514304518699646,0.43992412090301514,2.10245418548584,2.0103635787963867,0.7701130509376526,0.7267791628837585,0.44987818598747253,0.5274885892868042,0.7003700733184814
20150205,,2.2495810985565186,0.7443791627883911,2.5041909217834473,2.760430335998535,0.7324730157852173,0.6638273596763611,0.5273065567016602,0.4827280044555664,0.29444780945777893
20150206,0.6817103624343872,1.2410129308700562,0.5035668015480042,,,,,0.4278427064418793,0.6878958344459534,0.34131181240081787
20150207,0.38529685139656067,0.9687473177909851,0.438069611787796,1.833175539970398,2.297968864440918,0.5499614477157593,0.6320800185203552,0.37751302123069763,0.5822415947914124,0.15054510533809662
20150208,0.45851999521255493,2.3361291885375977,0.46616530418395996,2.6777665615081787,2.4369559288024902,0.556418240070343,0.513327419757843,0.3146683871746063,0.8462119698524475,0.23334936797618866
20150209,0.4087243378162384,2.0340988636016846,0.49903735518455505,2.5002219676971436,2.3538877964019775,0.6842679381370544,0.5703661441802979,0.34082478284835815,1.3989372253417969,0.35031604766845703
20150210,0.701438844203949,2.301597833633423,0.5142441987991333,2.625824213027954,3.0926058292388916,0.7115775942802429,0.6510322690010071,0.3145725727081299,0.7214804887771606,0.4094942808151245
20150211,,,,,,,,,,
20150212,0.3849444091320038,1.3929877281188965,0.4165056347846985,,,,,0.29474303126335144,0.7785316109657288,0.1832459717988968
20150213,1.152226209640503,,,,,,,,,
20150214,0.4692065715789795,3.4421772956848145,0.6672823429107666,,7.429426193237305,1.065727710723877,0.7259892821311951,0.3000853657722473,0.8802829384803772,0.4047825336456299
20150215,0.21770977973937988,,0.3472888469696045,,,,,,0.14650779962539673,0.9327996373176575
20150216,0.06657231599092484,,,,,,,,0.1330774873495102,0.33176761865615845
20150217,0.4728083908557892,1.715915322303772,0.5710623860359192,2.051821231842041,2.069483757019043,0.7767406702041626,0.7022486925125122,0.15770229697227478,0.17296917736530304,0.08206817507743835
20150218,0.4538782835006714,2.3011465072631836,0.5801060199737549,2.578791856765747,3.744370937347412,0.6931740045547485,0.9447782039642334,0.30964112281799316,0.5066061615943909,0.15144120156764984
20150219,0.3574569821357727,2.4139575958251953,0.5446296334266663,2.8081300258636475,4.353971004486084,0.8727866411209106,0.8010636568069458,0.42957553267478943,0.41322362422943115,0.338195264339447
20150220,0.5290977358818054,2.849367618560791,0.4816855490207672,,,0.5351554155349731,0.7970024943351746,0.3132929801940918,0.413921594619751,0.36740750074386597
20150221,,3.13500714302063,0.5131925940513611,,2.688181161880493,0.44693517684936523,0.9162417054176331,0.33862775564193726,0.38715460896492004,0.2940003275871277
20150222,0.35974663496017456,3.1977181434631348,0.6099749803543091,,,,,0.2909724712371826,0.33680030703544617,0.2891363501548767
20150223,0.2748006582260132,,0.3729783296585083,,,,,0.2371223419904709,0.3188805878162384,0.1439594328403473
20150224,0.4122893810272217,2.5262348651885986,0.6051145195960999,2.7714803218841553,3.1849465370178223,0.8140976428985596,0.8744015693664551,0.28078293800354004,0.4178400933742523,0.1731167584657669
20150225,0.4825795888900757,1.8550562858581543,0.5730218291282654,2.646681785583496,,0.7242649793624878,,0.2870183289051056,0.38238370418548584,0.7718518972396851
20150226,0.6009604334831238,3.034670352935791,0.6432459950447083,3.2962429523468018,4.681805610656738,0.9040303826332092,0.9902663230895996,0.36690622568130493,0.4594481587409973,0.33900415897369385
20150227,,,,,,,,,,
20150228,0.4281308650970459,,0.5666647553443909,,,,,0.1745988130569458,0.8046898245811462,0.17492935061454773
20150301,0.4431051015853882,2.392347574234009,0.546412467956543,2.46224308013916,3.260690689086914,0.6513276696205139,0.8263012170791626,0.2694634795188904,0.36914998292922974,0.33376628160476685
20150302,,,,,,,,,,
20150303,0.46352168917655945,1.5015348196029663,0.6447836756706238,2.49202823638916,3.730775833129883,0.8547759652137756,0.9599633812904358,0.3572998046875,0.339347243309021,0.3606635630130768
20150304,0.3013676404953003,3.4591715335845947,,2.649458169937134,4.327313423156738,0.6617100238800049,1.181077480316162,0.26083770394325256,0.26372388005256653,0.13576318323612213
20150305,0.548729658126831,2.3869740962982178,0.6893134117126465,2.579953670501709,3.6625285148620605,0.8810701370239258,0.9595694541931152,0.4485988914966583,0.6954543590545654,1.0139944553375244
20150306,0.5594272017478943,2.7715506553649902,0.672805666923523,2.5055160522460938,3.2599146366119385,0.8017643690109253,0.91377192735672,0.552701473236084,0.0967290848493576,0.47389933466911316
20150307,0.6507338881492615,3.082289457321167,0.6499424576759338,3.059297561645508,3.987070083618164,0.8187053799629211,0.754609227180481,0.31134504079818726,0.27665549516677856,0.10993325710296631
20150308,0.3772178590297699,2.91080379486084,0.5693023800849915,3.7706894874572754,3.8855996131896973,0.5280194282531738,1.0319328308105469,0.27741479873657227,0.21882569789886475,0.5353505611419678
20150309,0.3181416690349579,2.80259108543396,0.39154252409935,,3.143686056137085,,,0.19283241033554077,0.21461640298366547,0.15177185833454132
20150310,0.4045655429363251,3.153367042541504,0.6715329885482788,3.1831068992614746,5.6447930335998535,0.9209484457969666,0.904062032699585,0.3753370940685272,0.3732178807258606,0.48208773136138916
20150311,0.25918155908584595,2.2866370677948,0.6484498977661133,2.9435410499572754,4.559649467468262,0.7238585948944092,0.7808611392974854,0.2881976366043091,0.32192838191986084,0.5268682241439819
20150312,0.38129380345344543,3.886244535446167,0.5459594130516052,,,,,0.25025275349617004,0.2780248522758484,0.24847157299518585
20150313,0.4646388590335846,2.248917818069458,0.6835926175117493,2.7817611694335938,3.1473300457000732,0.894446074962616,1.0641472339630127,0.3756168782711029,0.2929476499557495,0.5322393178939819
20150314,0.5552960634231567,2.6238839626312256,0.7072542905807495,2.926828145980835,4.553157329559326,0.8687559366226196,0.9444612860679626,0.48521241545677185,,
20150315,0.6472450494766235,5.038478374481201,,,,,,,0.5728334188461304,0.46520307660102844
20150316,0.22577130794525146,,,,,,,,,
20150317,0.35514941811561584,2.9624993801116943,0.3278239071369171,,,,,0.2481600046157837,0.2022596299648285,0.19052579998970032
20150318,0.44843003153800964,3.7357993125915527,0.6883199214935303,3.218200445175171,4.484901428222656,0.992372989654541,0.8497187495231628,0.387016236782074,0.33810433745384216,0.24263085424900055
20150319,0.38957497477531433,2.900657892227173,0.6633785367012024,2.8461251258850098,4.7028303146362305,0.7732173800468445,1.0940144062042236,0.2194480150938034,0.29638731479644775,0.21312792599201202
20150320,0.4732089042663574,2.137183427810669,0.589754045009613,2.42990779876709,3.8484835624694824,0.9900859594345093,0.8457565307617188,0.342508465051651,0.3122953176498413,0.36840981245040894
20150321,0.3781335949897766,2.3725688457489014,0.693669855594635,2.9183430671691895,5.542677402496338,0.9887326955795288,1.1424262523651123,0.4057295024394989,0.4058924615383148,0.5134212374687195
20150322,0.3240841329097748,2.5286667346954346,0.7430077195167542,3.0362448692321777,7.822823524475098,0.7998936176300049,0.8933103680610657,0.4206387996673584,0.4282260537147522,0.4308652877807617
20150323,0.3121888041496277,2.881561279296875,0.7089731693267822,,,,,,0.29915717244148254,0.182850182056427
20150324,0.5468672513961792,1.8551878929138184,0.5576592683792114,2.705834150314331,3.0217347145080566,,,0.3982982337474823,,0.1467689424753189
20150325,0.324472576379776,2.2185397148132324,0.9842031002044678,2.3738842010498047,,,,0.41651082038879395,0.5799462199211121,0.306133896112442
20150326,0.2548062801361084,,0.5369897484779358,,,0.46975424885749817,,0.4216330349445343,,0.18622301518917084
20150327,0.37478864192962646,1.9057856798171997,0.47430360317230225,2.0385549068450928,,0.7393176555633545,0.46661636233329773,0.38195326924324036,0.15118065476417542,0.22975437343120575
20150328,0.2948577105998993,,0.7471588253974915,,,0.6654224991798401,,0.6537293791770935,0.42110422253608704,0.2970984876155853
20150329,0.4038165211677551,1.927616834640503,0.5476732850074768,,,,,0.45089057087898254,0.3901124596595764,0.4991544485092163
20150330,0.5685544610023499,2.91178822517395,0.6731001734733582,3.6757140159606934,4.186705112457275,0.9831984639167786,0.7784565091133118,0.5060097575187683,0.43664681911468506,0.47634580731391907
20150331,0.9954926371574402,3.204429864883423,0.8155897259712219,2.60205078125,3.9756929874420166,0.7943823933601379,0.7385621070861816,0.5209128856658936,0.45633044838905334,0.4757033884525299
20150401,,,,,,,,,,0.3934628963470459
20150402,0.39831870794296265,3.307224750518799,0.5382965207099915,2.204040288925171,3.131099224090576,,0.8924487233161926,0.5324186086654663,0.4973631799221039,0.4273050129413605
20150403,0.5265271663665771,3.6998963356018066,0.792434573173523,2.6514244079589844,3.772118091583252,1.1590787172317505,1.0025830268859863,0.6826351881027222,0.6290768384933472,0.3910891115665436
20150404,0.5466578602790833,2.892357349395752,0.6905897259712219,2.6421055793762207,4.144703388214111,1.1184219121932983,0.9975718855857849,0.7854641079902649,0.598986804485321,0.32074010372161865
20150405,0.24071703851222992,,0.3171461522579193,,,,,0.5527007579803467,0.49739134311676025,0.2370998114347458
20150406,0.299388587474823,,0.41359275579452515,,,,,,0.3236601948738098,0.7808248996734619
20150407,0.3272395730018616,2.1638872623443604,,,,,,,0.11577709019184113,
20150408,0.663413405418396,2.3644113540649414,0.604424238204956,2.52540922164917,,0.9902328252792358,0.9241222143173218,0.46595486998558044,0.48220309615135193,0.4412134885787964
20150409,,2.759321451187134,,2.702416181564331,,,,0.5278091430664062,0.20882175862789154,0.4881732165813446
20150410,0.5911188125610352,2.543475866317749,0.7574371695518494,2.692859649658203,2.9570810794830322,1.0523741245269775,1.0456984043121338,0.766279399394989,0.5548450946807861,0.7091918587684631
20150411,0.563907265663147,2.5561304092407227,0.7029540538787842,2.6865785121917725,3.3153085708618164,1.070115089416504,0.8495485782623291,0.7109809517860413,,1.3583959341049194
20150412,,,0.46592509746551514,,,,,,0.32706594467163086,0.43724414706230164
20150413,0.33695366978645325,,,,,,,,0.3807849586009979,0.5501184463500977
20150414,0.5566218495368958,4.363056182861328,0.6682031750679016,4.977741718292236,,1.0305522680282593,1.047552227973938,0.6465675830841064,0.3218122124671936,0.36726924777030945
20150415,0.6197853088378906,3.146193742752075,0.5705904364585876,2.598248243331909,4.5888824462890625,0.7123376727104187,0.8682933449745178,0.6162460446357727,0.5110477805137634,0.6758222579956055
20150416,,,,,,,,,,
20150417,0.1700122058391571,,,,,,,,,
20150418,0.18618595600128174,,,,,,,,,0.49496403336524963
20150419,0.43218886852264404,2.3444881439208984,0.5260281562805176,,,1.3049832582473755,1.1452287435531616,0.8565502166748047,0.4257873594760895,0.4916907846927643
20150420,0.6445685029029846,2.6027681827545166,0.8597136735916138,2.532636880874634,3.6550326347351074,1.2243125438690186,1.219294548034668,0.9018587470054626,0.34816545248031616,0.4699125289916992
20150421,0.6443800330162048,2.5691308975219727,0.773383617401123,2.590296745300293,3.6856942176818848,1.1577115058898926,1.355146050453186,1.2686249017715454,0.9117096066474915,0.6623603701591492
20150422,1.2068843841552734,2.042992115020752,0.7426093220710754,,,1.298051118850708,,1.0528403520584106,0.6702569723129272,0.36560630798339844
20150423,,,,,,,,,,0.33545514941215515
20150424,0.42073825001716614,1.7049144506454468,0.6297283172607422,,2.969048500061035,,,1.0373433828353882,0.5033006072044373,0.600756049156189
20150425,0.5394347906112671,2.4638140201568604,0.41853323578834534,,,0.762657105922699,,,,
20150426,0.8467748165130615,1.854703426361084,,,,,,,,0.24804739654064178
20150427,0.31885209679603577,2.3392064571380615,0.4365496337413788,1.835755467414856,2.2812883853912354,0.7672833800315857,,0.4209851920604706,0.29368555545806885,0.3241386413574219
20150428,0.480348140001297,1.4303951263427734,0.46190062165260315,,,,,0.5278293490409851,0.5490738153457642,0.3468182384967804
20150429,0.616375207901001,2.4098005294799805,0.7980754375457764,1.978834629058838,,0.8291867971420288,1.0583804845809937,,0.23960807919502258,0.5000247359275818
20150430,0.6711190938949585,3.301546096801758,0.9696175456047058,2.9929561614990234,6.434367656707764,1.0334467887878418,1.857093095779419,0.8339613080024719,0.5100696682929993,0.9137969613075256
20150501,,,,,,,,1.3183358907699585,0.7215787172317505,0.9606918096542358
20150502,0.653267502784729,2.1499714851379395,0.5844355225563049,1.8972283601760864,3.4755988121032715,0.6330356001853943,0.860789954662323,0.6490903496742249,0.37774544954299927,0.5139760971069336
20150503,0.9584112763404846,2.032452344894409,0.49942895770072937,,,,,0.6699476838111877,0.4798731207847595,0.9619938135147095
20150504,0.5495117902755737,3.334290027618408,0.738283097743988,,,,,0.7767568230628967,0.45935001969337463,0.8559691905975342
20150505,0.42916494607925415,1.861891746520996,0.5382816791534424,,,,,1.0340052843093872,0.7154729962348938,
20150506,0.5491865277290344,1.4813783168792725,0.7130056619644165,,,,,0.7914372086524963,0.25666841864585876,0.31044211983680725
20150507,0.4606943130493164,1.6503126621246338,0.641153872013092,,,0.838762640953064,1.7432125806808472,0.5296820402145386,0.28938186168670654,0.3223876357078552
20150508,,2.962054491043091,,,,,,0.422868549823761,0.38250529766082764,0.2767237424850464
20150509,0.7990367412567139,,0.5125007629394531,,,0.8039829730987549,,,,0.2726778984069824
20150510,0.43916085362434387,1.9585659503936768,0.5961357951164246,,,1.1069327592849731,,,,
20150511,0.5933542847633362,2.2537946701049805,0.6279192566871643,,,,,0.37890300154685974,0.19133959710597992,0.24229556322097778
20150512,0.25737273693084717,,0.4093168079853058,,,0.5556118488311768,,0.3408128023147583,0.31471335887908936,0.28527435660362244
20150513,0.738660991191864,2.631617784500122,,,,,,0.36596959829330444,0.29435786604881287,0.4807198643684387
20150514,0.8808956146240234,,,,,,,,0.3523739278316498,0.35862186551094055
20150515,0.5877373218536377,1.9956347942352295,0.6069703698158264,,,,,,,0.21355779469013214
20150516,0.8992513418197632,3.964982509613037,1.1201138496398926,3.2556228637695312,5.042020797729492,1.4744517803192139,1.5420987606048584,0.7533233761787415,,1.734074592590332
20150517,0.9655272960662842,3.248687267303467,1.018257737159729,2.938279628753662,5.826275825500488,1.1966084241867065,1.6154758930206299,0.830043375492096,0.44626104831695557,0.8172182440757751
20150518,,,,,,,,,,0.9295951128005981
20150519,0.45362842082977295,2.5859291553497314,0.8063093423843384,,,,,0.7016727924346924,0.41805121302604675,0.35399991273880005
20150520,0.5676069259643555,,0.7004916071891785,,,0.9395039081573486,0.6252066493034363,,,0.38785651326179504
20150521,0.34752723574638367,2.0461342334747314,0.5631720423698425,,3.7533626556396484,0.9601818323135376,0.9615028500556946,0.8639898300170898,0.3302556574344635,0.32092487812042236
20150522,0.5799513459205627,2.5000996589660645,0.5354843735694885,2.4687952995300293,3.2057530879974365,1.0695202350616455,,,,
20150523,0.9818896055221558,3.289351463317871,0.9636638760566711,3.694558620452881,,1.0846531391143799,2.200150966644287,0.9793705940246582,,
20150524,,,,,,,,,0.2908305525779724,0.6647384166717529
20150525,,1.4835515022277832,0.7508460283279419,2.961223602294922,,1.1471502780914307,6.130230903625488,0.8955275416374207,0.4169982075691223,0.6336801052093506
20150526,0.29959550499916077,6.16541862487793,1.2711970806121826,8.900218963623047,18.551340103149414,,6.655484199523926,1.1893783807754517,1.6739411354064941,0.5470746755599976
20150527,0.765478253364563,7.149788856506348,0.8822497129440308,10.076024055480957,17.955530166625977,1.5146342515945435,2.6824936866760254,0.597967803478241,0.26829585433006287,0.2127666026353836
20150528,0.3978542387485504,2.292433977127075,0.6315189003944397,5.027753829956055,8.885245323181152,0.8895850777626038,1.6763211488723755,0.46415451169013977,0.3088056445121765,1.1006639003753662
20150529,0.425868421792984,1.387848973274231,0.46661996841430664,,,0.46866586804389954,1.1648812294006348,0.6200042963027954,0.30209872126579285,0.319696843624115
20150530,0.6110107898712158,4.042043209075928,0.46809515357017517,,,0.4575631022453308,,0.5739446878433228,0.26127150654792786,0.32845139503479004
20150531,0.6508347988128662,7.602192401885986,0.9071396589279175,,,,,,,0.8822523355484009
20150601,0.5586521029472351,2.8019940853118896,0.568464457988739,,,1.349487543106079,1.517459750175476,0.5349838733673096,0.2741948962211609,
20150602,0.6253443956375122,4.404012203216553,0.7968030571937561,4.000250816345215,9.602631568908691,1.1671048402786255,1.0756326913833618,0.8871874809265137,0.36454880237579346,0.21258024871349335
20150603,0.6774193048477173,4.159056663513184,0.7773998975753784,3.173342704772949,7.981137752532959,0.653317391872406,0.9083397388458252,0.8106306791305542,0.430304616689682,0.30963513255119324
20150604,0.7731902599334717,1.3912585973739624,,,,,,,0.2216525375843048,0.1878340244293213
20150605,0.7942713499069214,2.1262924671173096,1.203985571861267,2.0442636013031006,2.866077184677124,1.2979178428649902,,0.6965079307556152,0.45443880558013916,0.4101192355155945
20150606,0.5949766635894775,,0.7894548773765564,,,,,1.0203862190246582,,0.443162202835083
20150607,0.7838801741600037,2.806121587753296,0.8055456280708313,,,1.2145593166351318,1.3935719728469849,0.8374150991439819,0.9426376819610596,0.641789436340332
20150608,0.6178306937217712,2.7355968952178955,0.44853055477142334,2.1395790576934814,3.263319730758667,0.61616051197052,0.5433207750320435,0.6957385540008545,0.49545103311538696,0.7471776008605957
20150609,,,0.28058984875679016,,2.252460479736328,0.5468288660049438,0.9013574123382568,0.4436244070529938,0.36855781078338623,0.44127440452575684
20150610,1.327330231666565,,,,,,,,,0.30363819003105164
20150611,0.975784420967102,3.9003608226776123,0.948438286781311,8.115801811218262,16.9559383392334,1.5590739250183105,5.733951091766357,2.008068799972534,,6.745760440826416
20150612,0.9239098429679871,4.3783087730407715,1.0849018096923828,7.5885090827941895,14.765456199645996,1.604414939880371,2.59413480758667,0.864027202129364,0.4333544671535492,
20150613,0.40656182169914246,,0.45529016852378845,,,,,,,4.207525253295898
20150614,,,,,,,,,,1.152374029159546
20150615,0.32173484563827515,0.26539885997772217,,,,,,0.614985466003418,,
20150616,0.7938644886016846,,0.7049080729484558,,,,,,0.15573951601982117,0.2668161988258362
20150617,0.45663970708847046,4.293142318725586,,,10.46141242980957,,1.048658847808838,,,
20150618,0.47246840596199036,0.4911380112171173,0.5779598951339722,1.6141033172607422,2.0874369144439697,0.9799482822418213,,0.8358173966407776,0.3123418092727661,
20150619,0.5812759399414062,1.3066762685775757,0.41451093554496765,1.879510760307312,3.177602767944336,0.6046110391616821,0.45909374952316284,0.5348970293998718,0.2647663652896881,0.33812955021858215
20150620,1.0881460905075073,1.2476239204406738,0.29263439774513245,1.6373521089553833,,0.7548465132713318,0.5930268168449402,,0.3840232789516449,0.3336564004421234
20150621,0.9359484910964966,3.143533945083618,2.4193191528320312,3.3493094444274902,10.402250289916992,1.5702754259109497,5.675402641296387,1.0892200469970703,1.4033925533294678,1.199013113975525
20150622,0.20867697894573212,,,,,,,,,
20150623,0.2211431860923767,3.4565815925598145,0.37377241253852844,3.8257784843444824,7.726650714874268,,,0.3424932360649109,0.30677521228790283,0.4531908631324768
20150624,0.4361741840839386,1.5124473571777344,0.49590349197387695,1.4170889854431152,2.732393264770508,0.7263595461845398,0.6323698163032532,0.4081075191497803,0.17206723988056183,0.2487064152956009
20150625,0.5035296678543091,0.590242862701416,0.37561264634132385,,,0.36486610770225525,,0.4014556407928467,0.3201262950897217,0.3781769275665283
20150626,1.5690866708755493,3.5458996295928955,1.0287463665008545,4.757076740264893,13.860274314880371,2.1203083992004395,2.4904656410217285,,,0.37973928451538086
20150627,0.9423301815986633,5.345942497253418,0.7502020001411438,,6.337090015411377,4.344850063323975,2.7976861000061035,,,0.5391728281974792
20150628,0.9047598838806152,5.078124523162842,1.0068682432174683,5.916126251220703,10.831262588500977,1.8044105768203735,1.3154196739196777,,0.35951855778694153,
20150629,0.7797930240631104,4.198692321777344,0.6880796551704407,8.621444702148438,9.151002883911133,1.4298607110977173,,0.32130202651023865,0.35276713967323303,0.1361657828092575
20150630,0.7351698875427246,4.207909107208252,0.7322254180908203,11.256078720092773,19.064111709594727,,,0.4471379220485687,0.2571798861026764,0.23590342700481415
20150701,0.8089085221290588,,,,,,,,,0.4582221210002899
20150702,0.8170194625854492,4.31096887588501,0.627000093460083,,,,,,,1.0171031951904297
20150703,0.8381580710411072,2.445939779281616,,,,,,,,
20150704,0.7423028349876404,3.6164801120758057,1.037779688835144,5.011627674102783,6.736690998077393,1.0236092805862427,0.8862019181251526,1.0106755495071411,0.27203455567359924,0.2054208368062973
20150705,0.5600979924201965,4.635390758514404,0.8485870957374573,6.960522174835205,13.840913772583008,,1.5990736484527588,0.4873533248901367,,2.763096332550049
20150706,0.3755348026752472,2.5504651069641113,0.40633639693260193,,4.554815292358398,0.49264630675315857,0.29920288920402527,0.5146563053131104,0.3566475510597229,0.3959047198295593
20150707,0.5147228837013245,1.7459228038787842,0.6322103142738342,,6.847524166107178,0.5542070269584656,0.3863586485385895,0.5574254989624023,0.19844013452529907,0.2757977545261383
20150708,0.8044639229774475,2.8153207302093506,0.40652498602867126,,,0.36954358220100403,,0.5959686040878296,0.4782316982746124,1.1354401111602783
20150709,0.36648625135421753,,,,4.002922058105469,1.0493640899658203,,0.5883334279060364,0.44464531540870667,0.343645840883255
20150710,0.2008732557296753,1.7763864994049072,0.4974669814109802,,,0.32023465633392334,0.22973793745040894,0.49396735429763794,0.33176904916763306,0.5628291964530945
20150711,,1.6011593341827393,0.452964723110199,,,,,,0.1506144255399704,0.32924723625183105
20150712,0.6830456852912903,,,,,,,,,0.5672601461410522
20150713,0.451182097196579,2.15763521194458,0.6906135678291321,2.296017646789551,2.835599899291992,0.973255455493927,1.0267069339752197,0.9001851677894592,,
20150714,0.5986635088920593,,0.3635680675506592,,,0.44807353615760803,,0.4117065966129303,0.2413775771856308,
20150715,0.4163166284561157,1.9574323892593384,0.6180657148361206,,3.616029977798462,0.4165785610675812,0.6020951271057129,0.5147337913513184,0.23727770149707794,0.5755478143692017
20150716,0.4855121374130249,2.1455652713775635,0.39203616976737976,,,,,0.49067461490631104,0.23370784521102905,0.3244341015815735
20150717,0.4729853570461273,,,,,,,,0.19454969465732574,0.4827716648578644
20150718,0.7330565452575684,1.6984277963638306,0.8057495355606079,4.0607757568359375,5.393166542053223,1.9265954494476318,2.1542959213256836,1.0589224100112915,,0.4750485420227051
20150719,0.8881336450576782,2.5540595054626465,0.7248067855834961,3.8963510990142822,4.9523444175720215,1.250454306602478,1.2875654697418213,0.8267353773117065,0.5324318408966064,5.201168060302734
20150720,0.8180134296417236,3.556830883026123,0.8302943110466003,3.805001735687256,7.473811626434326,0.7874780297279358,1.3989914655685425,0.9452192783355713,0.5806280970573425,0.8957139849662781
20150721,,,,,,,,,,
20150722,0.5615726113319397,2.5539348125457764,0.5943570137023926,1.2768021821975708,3.572925090789795,0.5662768483161926,0.712761402130127,0.5249395370483398,0.3604263961315155,0.386582612991333
20150723,0.6533738374710083,3.9407684803009033,0.8812199234962463,2.757370948791504,6.768062114715576,0.9247291684150696,2.167428493499756,0.7208479046821594,0.4108771085739136,0.6465467810630798
20150724,0.567005455493927,2.066011428833008,0.644040048122406,,,1.811444878578186,,0.6612104773521423,0.3807453215122223,0.5790289044380188
20150725,0.2891140878200531,3.3791720867156982,0.38279297947883606,1.614969253540039,4.700377941131592,1.4230639934539795,,0.5554683804512024,,
20150726,0.3835648000240326,1.230672836303711,0.517661452293396,,,0.5789477825164795,0.9168300628662109,0.6566634774208069,0.25631141662597656,0.5420457124710083
20150727,0.45663025975227356,1.072268009185791,0.4731360077857971,,4.5987467765808105,0.48438790440559387,0.7335182428359985,0.4568987190723419,0.2632773816585541,0.47584810853004456
20150728,,4.135126113891602,0.5299128890037537,2.9016273021698,3.7170300483703613,0.559579074382782,,0.5347900986671448,0.22162394225597382,0.5227611660957336
20150729,0.7615612149238586,6.064779758453369,0.5406570434570312,4.043404579162598,,,,,,
20150730,0.7188092470169067,3.9426956176757812,0.5934813022613525,,,0.440856397151947,,0.5019551515579224,,
20150731,,4.772411346435547,0.6342912316322327,2.796057939529419,,,,,,3.0190069675445557
20150801,,,,,,,,,,
20150802,0.3348889946937561,2.171356439590454,0.4800169765949249,,,0.32290542125701904,,0.39459922909736633,,0.09962020069360733
20150803,0.3752557635307312,2.457024335861206,0.3602096140384674,,,0.4058666229248047,,0.4751129150390625,0.24580621719360352,0.28436359763145447
20150804,0.2352096140384674,2.5313351154327393,0.6247546076774597,1.5817075967788696,,0.3041514754295349,0.425968736410141,0.3382117450237274,0.1641755849123001,0.4837418794631958
20150805,0.48238053917884827,1.605183482170105,0.4702175259590149,,3.118769645690918,0.5415396094322205,0.8722935914993286,0.5103597640991211,0.24623678624629974,0.2972320020198822
20150806,0.2338273525238037,1.3548529148101807,0.2743760347366333,,1.4119082689285278,0.37558552622795105,0.6325564384460449,0.4137144088745117,0.2829294800758362,0.28241705894470215
20150807,0.28942111134529114,0.6680406928062439,0.41215336322784424,,,0.1989591419696808,,0.28151413798332214,0.2827676236629486,0.2902061641216278
20150808,0.5889777541160583,4.592374801635742,0.6304759979248047,,,0.4200863540172577,0.4102709889411926,0.8525875806808472,,0.24023282527923584
20150809,0.4867981970310211,,1.8916512727737427,,,,,,0.25549614429473877,0.6384729146957397
20150810,0.4365394413471222,1.2963937520980835,0.541671872138977,0.9828622937202454,1.697257161140442,0.6494075059890747,0.8257192969322205,0.4365457594394684,0.35802313685417175,0.38473764061927795
20150811,0.3083372116088867,,0.25541746616363525,,,,,,,1.1738107204437256
20150812,0.12503348290920258,1.1132301092147827,,,,,,0.44834184646606445,0.32370710372924805,0.35796985030174255
20150813,0.5699256062507629,,0.3380904197692871,,,0.24787674844264984,,0.35155773162841797,0.41176536679267883,0.2051730901002884
20150814,0.4302619695663452,1.8455440998077393,0.3890199065208435,,,0.31313320994377136,,0.34356409311294556,0.23308150470256805,0.178407683968544
20150815,0.46488237380981445,1.4261749982833862,0.44488784670829773,0.8257819414138794,1.5769442319869995,0.32077106833457947,0.289876788854599,0.36409586668014526,0.23992033302783966,0.4103713631629944
20150816,0.4726056456565857,2.082195997238159,0.5765224099159241,,,0.3172825574874878,0.7470638155937195,0.3363838791847229,0.30697762966156006,0.9721639156341553
20150817,0.4264674782752991,1.9537737369537354,0.3129609227180481,,1.1385170221328735,0.5121585130691528,0.484472393989563,0.34616392850875854,0.2940531075000763,0.2561851739883423
20150818,0.3007678687572479,2.846761465072632,0.3310145139694214,1.058984637260437,1.2509640455245972,0.20106765627861023,,0.29191964864730835,0.21272873878479004,0.2767409682273865
20150819,0.5242260098457336,,,,,,,,0.2310507446527481,0.29875147342681885
20150820,,,,,,,,,0.43826329708099365,1.3650120496749878
20150821,0.4884514808654785,2.9857561588287354,0.6021033525466919,3.2514564990997314,3.886307716369629,0.8692440390586853,1.4132260084152222,0.39580872654914856,0.4322229027748108,0.3664630055427551
20150822,0.40654057264328003,3.0138726234436035,0.49402716755867004,2.0468039512634277,10.737605094909668,0.9200220704078674,0.7486789226531982,0.2635834813117981,0.23877571523189545,0.2436235100030899
20150823,,,,,,,,,0.257499635219574,0.3597623407840729
20150824,0.805185854434967,,,,,,,,,0.33103421330451965
20150825,0.4157073497772217,1.3123645782470703,0.34828269481658936,1.9348899126052856,6.657839775085449,0.5533803701400757,1.065531849861145,0.41489315032958984,0.2967495918273926,0.31969526410102844
20150826,0.4581936001777649,0.6225113272666931,0.32324016094207764,,,0.3390716314315796,0.4298110604286194,0.3072066605091095,0.229765847325325,0.20962654054164886
20150827,0.3708178400993347,1.5473304986953735,0.42653849720954895,1.4709151983261108,6.04573917388916,0.53654944896698,0.31896477937698364,0.3300466239452362,0.2782042324542999,0.23179855942726135
20150828,0.4443283677101135,0.9235110878944397,0.20025651156902313,,,,,,0.18929897248744965,0.43609684705734253
20150829,0.6118479371070862,1.3147063255310059,0.27823758125305176,0.9896163940429688,,0.4740186035633087,0.2207447588443756,0.34078747034072876,0.2816609740257263,0.18300330638885498
20150830,0.489196240901947,2.6906888484954834,0.5295251607894897,2.8586411476135254,7.619380950927734,0.7082706093788147,0.7491579651832581,0.44175609946250916,0.29824236035346985,0.3605002760887146
20150831,0.5249295234680176,3.460291624069214,0.6200275421142578,3.8617172241210938,11.080544471740723,0.9177522659301758,0.7809363007545471,0.3960440754890442,0.3278367817401886,0.18223291635513306
20150901,0.2509472370147705,,,,,,,,,0.9206944704055786
20150902,0.23345312476158142,0.22807860374450684,0.22501900792121887,,,,,0.29216328263282776,0.4465952515602112,
20150903,0.1067669689655304,,,,,,,0.4802229106426239,,0.3353329002857208
20150904,0.6875454187393188,1.9346033334732056,,,,,,0.572330117225647,0.38209211826324463,
20150905,0.6344032287597656,0.9363216757774353,0.38709837198257446,,,0.9799336791038513,0.6105453372001648,0.8257085084915161,,0.5128837823867798
20150906,0.41850167512893677,1.8143166303634644,0.4558042585849762,1.9993082284927368,3.7155559062957764,0.6965242624282837,0.5600876212120056,0.3556765019893646,0.31667202711105347,
20150907,0.401321679353714,1.9232662916183472,0.3382755219936371,,1.9543741941452026,0.2895720303058624,,0.34666940569877625,0.2941374182701111,0.18606817722320557
20150908,0.15457138419151306,0.7726812958717346,0.2829315662384033,,,,,0.3042890727519989,0.1980806142091751,0.1977437138557434
20150909,0.8146730065345764,,0.3492075502872467,,,,,0.27874475717544556,0.2847828269004822,0.3158669173717499
20150910,0.5267267227172852,2.3329241275787354,0.5338901877403259,1.6884970664978027,4.406708717346191,0.6702513098716736,0.6237323880195618,0.35660478472709656,0.42040565609931946,0.3875460922718048
20150911,0.8868542313575745,4.158660411834717,0.5118650794029236,3.453022003173828,8.472602844238281,0.8687645196914673,0.6281968355178833,0.30702292919158936,0.564521312713623,1.7338167428970337
20150912,0.51572185754776,2.743288040161133,0.6962791681289673,3.3467466831207275,8.349559783935547,1.0575364828109741,0.865990400314331,0.28572800755500793,0.3998025357723236,0.5519487857818604
20150913,0.4332665503025055,2.6675093173980713,0.4963759183883667,2.5880064964294434,9.520332336425781,0.772975742816925,0.5637887716293335,0.28955477476119995,0.4296598732471466,0.5665719509124756
20150914,0.40029358863830566,,,,,,,,,0.6147294640541077
20150915,0.4546677768230438,2.4250471591949463,0.37344101071357727,2.419234275817871,6.657982349395752,,,0.27790847420692444,0.6021688580513,0.5696978569030762
20150916,0.30014127492904663,0.8648637533187866,0.3170289099216461,,,1.3676228523254395,,0.25951191782951355,0.41291701793670654,0.4133121967315674
20150917,0.4256979525089264,2.014322519302368,0.39706116914749146,2.1936352252960205,7.2485198974609375,0.7383984327316284,0.6132036447525024,0.21935124695301056,0.26136624813079834,0.32132408022880554
20150918,0.3628319799900055,2.349125385284424,0.3498447835445404,2.829766035079956,6.910968780517578,0.3976631760597229,0.7486453652381897,0.30225804448127747,0.27509641647338867,0.34486451745033264
20150919,0.38191619515419006,3.15197491645813,0.3663882315158844,2.7037553787231445,8.286880493164062,0.52364581823349,0.7016289234161377,0.25710782408714294,0.3228183090686798,0.35464224219322205
20150920,0.19638723134994507,2.131350040435791,0.39698413014411926,1.616584300994873,5.323387622833252,0.9257434010505676,0.6634098887443542,0.32449471950531006,0.5156041979789734,0.4325844347476959
20150921,0.28672516345977783,1.5483015775680542,0.3565089702606201,,,0.3655366897583008,,0.3082445561885834,0.3593636751174927,0.47523000836372375
20150922,0.6671311259269714,2.389059543609619,0.2630181908607483,2.3421592712402344,4.432366847991943,0.289136677980423,,0.3206644356250763,0.30782464146614075,0.30299922823905945
20150923,0.6141328811645508,2.6822762489318848,0.7174212336540222,1.846275806427002,5.605555057525635,1.016710877418518,0.5733601450920105,0.4622293710708618,,0.3191986382007599
20150924,0.5789088606834412,1.9612659215927124,0.2871282994747162,1.2269067764282227,,0.41594719886779785,,0.2850310802459717,0.2550264000892639,0.37159252166748047
20150925,0.4586363434791565,1.7490144968032837,0.3903573453426361,1.6714649200439453,4.369952201843262,0.3920428454875946,0.4309975206851959,0.34527137875556946,0.327096164226532,0.3795028328895569
20150926,0.4966256320476532,2.52276349067688,0.5349106192588806,2.7000224590301514,6.69597053527832,0.5357393026351929,0.6344877481460571,0.3292405605316162,0.35079091787338257,0.5317893028259277
20150927,0.5190030932426453,3.6092355251312256,0.6505203247070312,3.011948347091675,8.97233772277832,0.717127799987793,0.8078838586807251,0.3207361400127411,0.4256795048713684,0.4802717864513397
20150928,0.38879168033599854,1.6254676580429077,0.4180205464363098,2.2100584506988525,6.537860870361328,0.6610024571418762,0.4568980038166046,0.14689764380455017,0.31595122814178467,0.3330872356891632
20150929,0.21545229852199554,0.7067999839782715,0.3710881769657135,1.4514026641845703,1.5311059951782227,0.3113481402397156,0.395906537771225,0.22108617424964905,,0.2814544439315796
20150930,0.42671146988868713,2.255234479904175,0.3768064081668854,1.9772447347640991,8.621015548706055,0.4687696397304535,0.46792492270469666,0.2649892270565033,0.337006539106369,0.3798823952674866
20151001,0.3842655122280121,1.8605804443359375,0.4268762469291687,2.205204725265503,4.45709753036499,0.6408665180206299,0.49828335642814636,0.314564973115921,,0.24413123726844788
20151002,0.4622827172279358,3.5528597831726074,0.5870141983032227,3.9007136821746826,9.051352500915527,1.1054463386535645,0.8464900851249695,0.4495312571525574,0.45746633410453796,0.7216199636459351
20151003,0.4614144265651703,2.9061906337738037,0.5356166958808899,2.905092477798462,8.54797077178955,0.7797995805740356,0.6292806267738342,0.3907165229320526,,
20151005,0.2536127269268036,0.40286940336227417,0.28123652935028076,1.0561788082122803,,0.39699697494506836,0.589126706123352,0.2153150886297226,0.2989687919616699,0.4463038444519043
20151006,0.2262466698884964,,,,,,,,,
20151007,0.39526548981666565,0.9556695818901062,0.46844255924224854,1.3652012348175049,1.7043824195861816,0.6080558896064758,0.5529109239578247,0.2740944027900696,0.35814589262008667,0.6549718379974365
20151008,0.4922928512096405,2.107715129852295,0.9031918048858643,,,0.7703070640563965,0.718955397605896,0.35979825258255005,0.41522184014320374,0.5976739525794983
20151009,0.9126005172729492,2.773507833480835,0.4527740776538849,1.903585433959961,6.167882442474365,0.3295387029647827,0.515957772731781,0.3010925352573395,0.387500137090683,0.5982269644737244
20151010,0.40695929527282715,0.9181007742881775,0.3220495283603668,,,,,,,0.6161074638366699
20151011,1.1467362642288208,2.6417338848114014,0.4674454927444458,2.443420886993408,5.2065348625183105,0.4676591753959656,0.3357057273387909,,,0.12460529059171677
20151012,0.41212496161460876,1.7996751070022583,0.28590744733810425,2.1273536682128906,4.494128704071045,,,0.20263031125068665,0.3447122871875763,0.3531125783920288
20151013,0.4322258234024048,2.239168167114258,0.5888221263885498,3.59269380569458,6.309017658233643,0.7447755336761475,0.6334294080734253,0.33756908774375916,0.4116712510585785,0.4960487186908722
20151014,0.31730884313583374,2.8785369396209717,0.6547174453735352,3.2115907669067383,7.00269079208374,0.7389737367630005,0.7027232050895691,0.29690200090408325,0.35574057698249817,0.5707298517227173
20151015,0.14401327073574066,0.5071614980697632,0.5472647547721863,1.7895736694335938,,0.6806429624557495,0.36139270663261414,0.261583536863327,0.3353171944618225,0.3572259843349457
20151016,0.18429185450077057,,,,,,,,0.2552686631679535,0.22493968904018402
20151017,0.2309877574443817,1.027793049812317,0.5340422987937927,3.1003575325012207,4.401785373687744,0.8596609234809875,0.5320684313774109,0.40770867466926575,0.3624403178691864,0.40309351682662964
20151018,0.40797746181488037,3.063736915588379,0.5179567337036133,2.908146619796753,4.116796493530273,0.979518473148346,0.5133902430534363,0.4477170705795288,0.3321164846420288,0.5209786891937256
20151019,,,,,,,,,0.3410390019416809,0.6293362379074097
20151020,,,,,,,,,,0.22489869594573975
20151021,,,0.38328683376312256,,,,,0.11562575399875641,0.14997337758541107,
20151022,0.3230161666870117,1.5781023502349854,0.4183404743671417,,,0.49674829840660095,0.5118409991264343,0.30538269877433777,0.3584822118282318,
20151023,0.33221274614334106,1.745017409324646,0.49119502305984497,2.3283329010009766,4.919161319732666,0.6628457307815552,0.5359615683555603,0.40248730778694153,0.3870523273944855,0.2494378387928009
20151024,,,0.32433390617370605,,,0.3081781566143036,,0.3174273669719696,0.4047912061214447,0.4070618152618408
20151025,,,,,,,,,,0.49809375405311584
20151026,0.43112191557884216,0.6568918824195862,0.34309160709381104,,,,,,,
20151027,0.905026376247406,,0.407828152179718,1.4698923826217651,1.904440999031067,0.39589521288871765,,0.3291964530944824,0.4808126986026764,0.6584619879722595
20151028,0.5082467794418335,1.9047569036483765,0.46067628264427185,2.6193530559539795,3.065268039703369,0.7343145608901978,0.6528598070144653,0.3479565680027008,0.5082817077636719,0.5676023364067078
20151029,0.7374200224876404,1.1162644624710083,0.5910918712615967,2.179504632949829,2.982637882232666,0.6509019732475281,0.7275559902191162,0.434475839138031,0.5249602198600769,0.5262811779975891
20151030,,3.3492610454559326,0.9796162843704224,2.531275987625122,4.30388879776001,0.4066561162471771,0.7103744745254517,0.4023580849170685,,0.3597957193851471
20151031,0.2943592071533203,0.5058919787406921,0.3620907962322235,,,0.6509230136871338,,,,0.5998205542564392
20151101,0.31140825152397156,0.9152423143386841,0.24709317088127136,2.1888387203216553,5.736889839172363,0.30729952454566956,,0.24466273188591003,0.2180209457874298,
20151102,0.20483256876468658,,0.27031996846199036,,,,,0.2410886585712433,0.4321434199810028,0.4176475703716278
20151103,0.18008169531822205,,,,,,,0.293590247631073,0.347251832485199,
20151104,,,0.7319777607917786,,,,,0.29357415437698364,0.5511723756790161,
20151105,,,,,,,,,,0.29647374153137207
20151106,0.37320676445961,1.4161102771759033,0.37783145904541016,2.257190704345703,4.0408782958984375,0.5826096534729004,0.4704565405845642,0.29496073722839355,,
20151107,0.2577289044857025,0.6006705164909363,0.40615737438201904,,,0.888131856918335,0.37991148233413696,0.44107136130332947,3.0124776363372803,0.6605875492095947
20151108,0.3025331199169159,4.40901517868042,0.511032223701477,4.924509048461914,10.94618034362793,1.0375310182571411,0.7168354392051697,0.43860188126564026,1.1751176118850708,0.6280675530433655
20151109,0.2567806839942932,1.2270902395248413,0.31049153208732605,,,,,0.20965147018432617,0.27430033683776855,0.3770296275615692
20151110,,,,,,,,,,0.45307135581970215
20151111,0.12507794797420502,,,,,,,,,
20151112,0.17999809980392456,0.8727176785469055,0.4024296700954437,1.8017690181732178,,0.531108021736145,0.39715853333473206,0.3921050727367401,0.8173757791519165,0.30392444133758545
20151113,0.3262478709220886,1.3050651550292969,0.3707312047481537,2.315157413482666,2.60159969329834,0.7605050802230835,0.4222828149795532,0.33077913522720337,0.2987954616546631,0.2982628643512726
20151114,0.4039023220539093,1.8114328384399414,0.31720563769340515,2.3867313861846924,2.7449867725372314,0.48652371764183044,0.4561603367328644,0.4308395981788635,0.6557416915893555,0.32286569476127625
20151115,,4.034542083740234,,,3.9141712188720703,,1.0339281558990479,0.5976344347000122,1.0931603908538818,0.4811922013759613
20151116,0.28656187653541565,0.9338632822036743,0.2695542871952057,,,,,0.48153507709503174,0.4879402816295624,0.4910157322883606
20151117,0.19967809319496155,2.2894582748413086,0.39498478174209595,2.305065155029297,5.887408256530762,0.5111477375030518,0.5960382223129272,0.47626927495002747,0.7894101738929749,0.8069165945053101
20151118,1.4101669788360596,,0.33273348212242126,,,0.8429158926010132,,,,0.3764503002166748
20151119,0.4844581186771393,2.3034565448760986,0.5042994618415833,2.261127471923828,2.9030568599700928,0.8660681843757629,0.36137786507606506,0.4876812696456909,,0.3326549232006073
20151120,,1.6060066223144531,,2.1730215549468994,3.719230890274048,0.5026069283485413,0.4106786847114563,0.37802228331565857,0.26246002316474915,0.2762305736541748
20151121,0.09781420975923538,,,,,,,,,0.8779829144477844
20151122,0.16500124335289001,1.1120253801345825,0.2890186905860901,1.922959804534912,3.53424334526062,0.4791012108325958,0.4039665162563324,,,
20151123,0.30496352910995483,2.378965139389038,0.39156872034072876,3.84616756439209,4.272075176239014,0.8417049646377563,0.449569970369339,0.5158780813217163,0.34732845425605774,0.20822930335998535
20151124,0.4930669665336609,2.838874101638794,0.4585241377353668,3.294093132019043,5.797061443328857,0.7002940773963928,0.4925112724304199,0.5941037535667419,0.29224687814712524,0.4193646013736725
20151125,,,,,,,,,,
20151126,,,,,,,,,,0.30518463253974915
20151127,0.23132477700710297,,,,,,,,,
20151128,0.6129912734031677,0.6286744475364685,0.34645429253578186,,,,,,,0.25601857900619507
20151129,0.3657378554344177,2.2238869667053223,0.4363383650779724,3.333972930908203,3.493654727935791,0.6915192008018494,0.6717812418937683,0.4245971739292145,0.3690669536590576,0.3024097681045532
20151130,0.28910696506500244,1.729182481765747,0.46178802847862244,2.6958231925964355,3.5430328845977783,0.6287333369255066,0.35782456398010254,0.39930030703544617,0.27581292390823364,0.4125845730304718
20151201,,,,,,,,,0.31181520223617554,0.26392078399658203
20151202,0.274605929851532,,,,,,,,,1.227539300918579
20151203,0.3219587802886963,2.1023707389831543,0.410938024520874,2.3689475059509277,3.434880018234253,0.5519254207611084,0.5282734632492065,0.4068516790866852,0.39754894375801086,0.6081586480140686
20151204,0.19208990037441254,1.2136083841323853,0.2755448520183563,,,,0.37561291456222534,0.4073026478290558,0.45622366666793823,0.41535255312919617
20151205,0.6676609516143799,2.7676405906677246,0.28861117362976074,2.380403757095337,2.8470356464385986,,0.4447346031665802,0.3686082661151886,0.39100855588912964,0.2862924039363861
20151206,,,,1.2605491876602173,4.462779521942139,,,,,
20151207,0.10543032735586166,,,,,,,,,
20151208,0.15635597705841064,,,,,,,,,
20151209,0.31574517488479614,2.9887847900390625,0.38809269666671753,4.544610023498535,7.3575215339660645,0.7286900877952576,0.41669344902038574,0.3362923860549927,0.4005579650402069,0.27209702134132385
20151210,0.38002195954322815,2.2661619186401367,0.3288847506046295,2.5906124114990234,5.840967178344727,0.5503813028335571,0.4448363780975342,0.47544512152671814,0.3461998403072357,0.33398348093032837
20151211,,1.7879981994628906,0.3885791003704071,,2.459991216659546,0.356201708316803,0.5553385615348816,0.27709275484085083,0.28602710366249084,0.18870380520820618
20151212,,,,,,,,,,0.41194090247154236
20151213,0.08854206651449203,,0.15106312930583954,,,,,0.3958030939102173,0.27847880125045776,
20151214,0.12845996022224426,,,,,,,,0.3035185635089874,0.25396060943603516
20151215,0.29767683148384094,2.1616673469543457,0.4074593782424927,2.513812780380249,,0.6740710735321045,0.5898540019989014,0.3571934998035431,0.4026031792163849,0.284298837184906
20151216,0.49566367268562317,2.5650858879089355,0.5375803709030151,3.081331253051758,4.651822090148926,0.7755494713783264,0.6618201732635498,0.5041521787643433,0.31439176201820374,0.2743632197380066
20151217,,,,,,,,0.4823710024356842,0.620525598526001,0.31052324175834656
20151218,0.31230124831199646,,0.26457512378692627,,,,,,,
20151219,0.19494368135929108,1.790118932723999,,,1.13740873336792,,,,,
20151220,0.1940288096666336,,0.23326422274112701,,,0.4147367775440216,,0.3368491232395172,0.3144635260105133,0.16038474440574646
20151221,0.3392546474933624,2.0933592319488525,0.24379950761795044,,,,,0.3340088129043579,0.1942598819732666,0.20373009145259857
20151222,,1.5834805965423584,0.6370853781700134,2.671513557434082,4.8884758949279785,0.6117646098136902,0.7845618724822998,0.5649790167808533,0.39045482873916626,0.2975919842720032
20151223,0.21483813226222992,,,,,,,,,0.4527427852153778
20151224,0.09967499226331711,2.7887768745422363,0.5005393028259277,2.705509901046753,4.247211456298828,0.4907185733318329,0.9440531730651855,0.4034695625305176,0.3797725737094879,
20151225,,,,,,,,,0.3718663454055786,0.13083164393901825
20151226,0.2846915125846863,2.4168717861175537,0.3770580589771271,2.598060369491577,3.4948673248291016,0.44587385654449463,0.7842845320701599,0.33711495995521545,0.4451640546321869,0.23651187121868134
20151227,,2.4084057807922363,0.48438432812690735,2.803471803665161,3.550551176071167,0.6854437589645386,0.7246118187904358,0.39026689529418945,0.48222750425338745,0.24759338796138763
20151228,0.10797478258609772,,,,,,,,,0.3171934187412262
20151229,0.3128369450569153,1.6765013933181763,0.3812147080898285,2.257587194442749,,0.6100369691848755,0.49957481026649475,0.4483792781829834,,
20151230,0.2723807394504547,,0.22147592902183533,,,,,0.32497987151145935,0.17481307685375214,0.16212333738803864
20151231,0.38377368450164795,0.7343425154685974,0.43312203884124756,3.30574107170105,,0.7118601202964783,0.4293804168701172,0.3371616005897522,0.28329363465309143,0.24001576006412506
20160101,0.9594273567199707,2.180123805999756,0.28086721897125244,3.2603046894073486,3.342289686203003,,,,0.338683545589447,
20160102,,,,,,,,,,0.1854323148727417
20160103,0.2972185015678406,,,,,,,,,
20160104,0.5291029810905457,1.2896982431411743,0.3889935612678528,2.564903974533081,1.9702434539794922,0.49982118606567383,0.5631973743438721,0.32181474566459656,0.6714366674423218,
20160105,0.3691331148147583,1.5701963901519775,0.4530077576637268,3.1580448150634766,3.1590867042541504,0.6114713549613953,0.6418793201446533,0.3214598298072815,0.7530365586280823,0.45435747504234314
20160106,0.5120289325714111,1.9678808450698853,0.408528208732605,2.787405490875244,3.489562511444092,0.6461185812950134,0.6517106294631958,0.31795257329940796,1.0324493646621704,0.33117935061454773
20160107,,2.581871271133423,,,,,,0.4200708568096161,0.753844678401947,0.43139949440956116
20160108,0.4376334547996521,,,,,,,,,0.12378690391778946
20160109,0.2745429277420044,2.311026096343994,0.4631001949310303,3.0862510204315186,3.9249424934387207,0.6500082612037659,,0.39759016036987305,1.1147170066833496,2.7094056606292725
20160110,0.29773804545402527,0.8367672562599182,0.45219260454177856,4.416935920715332,3.700943946838379,1.13908052444458,0.6932055354118347,0.40153738856315613,2.900865077972412,0.3933330774307251
20160111,0.469588041305542,1.807922601699829,0.46238183975219727,4.745567321777344,6.299652576446533,0.8862207531929016,0.7732497453689575,0.3939935266971588,1.0260624885559082,
20160112,1.2037436962127686,2.890845775604248,0.5188276767730713,3.070549249649048,4.237524032592773,0.747525691986084,0.706397533416748,0.506218671798706,0.5199439525604248,0.38533884286880493
20160113,,,,,,,,,,0.4011140465736389
20160114,0.22110027074813843,,0.277894526720047,,,,,,,
20160115,0.5833704471588135,3.244971513748169,0.44143611192703247,2.9708588123321533,3.538675546646118,0.695377767086029,0.8271307945251465,0.35448095202445984,0.5966344475746155,0.209092915058136
20160116,0.2679985463619232,,,,,,,0.3338700234889984,0.5152530670166016,0.34691697359085083
20160117,0.6273864507675171,2.4709644317626953,0.545845091342926,3.11196231842041,3.667424440383911,0.7884721755981445,0.6759234666824341,0.398453950881958,0.48656177520751953,0.33912935853004456
20160118,,3.5748326778411865,,,,,,,0.29047682881355286,0.285701721906662
20160119,0.14099840819835663,,,,,,,,,
20160120,0.22649531066417694,1.5185093879699707,0.4888562560081482,2.860643148422241,10.424464225769043,0.6455981135368347,0.6227187514305115,0.3058527708053589,0.43740490078926086,0.20068567991256714
20160121,,,,,,,,,0.4168430268764496,0.20461302995681763
20160122,0.3625800609588623,1.0149363279342651,0.5232318639755249,2.897589683532715,,0.7692142128944397,0.4564134180545807,0.2924196720123291,0.44985175132751465,0.21632473170757294
20160123,,,,,2.204127073287964,,0.4567438066005707,0.24775294959545135,0.26779264211654663,0.22286111116409302
20160124,0.5375438332557678,,,,,,,,,0.20630857348442078
20160125,0.386397123336792,1.9195362329483032,0.49161645770072937,2.626325845718384,4.837629318237305,0.7277104258537292,0.9653221964836121,0.29971444606781006,0.5265243649482727,
20160126,,,,,,,,,,
20160127,0.35239189863204956,3.145944595336914,0.4214279055595398,2.136017084121704,2.2130167484283447,0.791020393371582,0.9012842178344727,0.29633671045303345,1.3749243021011353,0.22041474282741547
20160128,,3.80914044380188,0.4762842357158661,,,0.602194607257843,,,0.11754769831895828,0.23400309681892395
20160129,,,,,,,,,0.429909884929657,0.21994851529598236
20160130,0.3609243631362915,1.7665501832962036,0.6948281526565552,2.2939064502716064,,0.824154794216156,0.9074605107307434,0.32334843277931213,1.147059440612793,
20160131,0.42840778827667236,2.58524751663208,0.5436127185821533,2.2689201831817627,2.90705943107605,0.6418491005897522,1.0609880685806274,0.33421197533607483,0.16965387761592865,0.19280187785625458
20160201,0.5780771970748901,2.5633599758148193,0.5155149102210999,3.3141918182373047,3.464510917663574,0.7921550273895264,1.1325387954711914,0.30356958508491516,0.8419939279556274,0.3763203024864197
20160202,,,0.1854003518819809,,,,0.4149245023727417,,,
20160203,,,,,,,,,,0.19632242619991302
20160204,0.5027926564216614,,0.311837375164032,,,,,,,
20160205,0.5561867356300354,2.854060411453247,0.5275758504867554,2.648308038711548,3.4318182468414307,0.7608025074005127,1.0996372699737549,0.3611646294593811,0.6759778261184692,0.2851436138153076
20160206,0.49546974897384644,3.8967111110687256,0.49154189229011536,3.0821053981781006,3.6261022090911865,0.8258418440818787,0.8835045099258423,0.40263631939888,0.7524374723434448,0.33428916335105896
20160207,0.5675072073936462,3.336256742477417,0.5482801198959351,2.866657257080078,3.4371800422668457,0.7768781185150146,0.8822087645530701,0.36525794863700867,0.8028581738471985,0.5261902809143066
20160208,,3.4686362743377686,,2.6287291049957275,3.3864171504974365,,1.0905797481536865,0.45722082257270813,0.8746430277824402,0.3822731673717499
20160209,0.6679117679595947,1.3324949741363525,0.5143432021141052,,,,,,0.16938452422618866,0.2984718680381775
20160210,0.4035821557044983,6.978759765625,0.3553001582622528,,,0.5220065116882324,,0.5227726697921753,1.29936945438385,0.2799510955810547
20160211,0.45383191108703613,4.349033355712891,0.4489765465259552,,,,0.9383592009544373,2.1792805194854736,2.1927907466888428,0.28190210461616516
20160212,0.5090224742889404,3.0736618041992188,0.5317057967185974,2.8777804374694824,3.0114967823028564,0.7703855037689209,0.916395902633667,0.4937657117843628,0.8526045083999634,0.4709298610687256
20160213,,3.499434471130371,0.35412898659706116,2.6392288208007812,,,,0.13190457224845886,0.24581816792488098,0.3996874690055847
20160214,0.23618370294570923,,,,,,,,,0.13384032249450684
20160215,0.25145524740219116,2.361701488494873,0.4573308527469635,,,0.6547482013702393,0.7616466879844666,0.20295099914073944,0.5063706040382385,
20160216,0.42879000306129456,1.4040069580078125,0.4953497052192688,2.807389497756958,2.5443434715270996,0.595822274684906,0.9515055418014526,0.2717750072479248,0.6157272458076477,0.12796646356582642
20160217,0.5312873125076294,2.6814303398132324,0.609369695186615,2.9093637466430664,2.5843276977539062,,1.0843676328659058,0.21208761632442474,0.24135607481002808,0.32001394033432007
20160218,0.4937416613101959,2.867149591445923,0.4943661391735077,2.3980610370635986,3.326011896133423,0.8594064116477966,0.909157395362854,0.21307127177715302,0.3669326603412628,0.307880699634552
20160219,,,,,,,,,0.159861758351326,0.1656762957572937
20160220,0.42734140157699585,1.91763436794281,0.6249871253967285,2.308014392852783,2.3038716316223145,0.9829211831092834,1.1480947732925415,0.36641308665275574,0.5680840611457825,0.33343270421028137
20160221,,3.976271390914917,,,,,,0.3246362805366516,0.3610633611679077,0.30931025743484497
20160222,0.38852259516716003,6.328557968139648,0.5413140654563904,2.3023881912231445,,0.6405940055847168,0.9732856750488281,0.3811611831188202,,
20160223,,4.146159648895264,,1.996457815170288,,,,,,
20160224,,,,,,,,,,
20160225,0.2812797725200653,,0.48960962891578674,,,,,,,0.37158674001693726
20160226,0.1926671713590622,2.923797607421875,0.5191439986228943,2.468595504760742,3.1077582836151123,0.8543047308921814,1.024354100227356,0.2628413736820221,,0.15624746680259705
20160227,0.4038940370082855,3.3174045085906982,0.6746169924736023,3.6249518394470215,3.8584883213043213,1.30003821849823,1.2391409873962402,0.37915629148483276,0.6736724376678467,0.300992488861084
20160228,0.4839761555194855,2.7581961154937744,0.6289411187171936,2.5924463272094727,2.8716671466827393,1.0345624685287476,1.3376694917678833,0.5414637327194214,0.31129372119903564,0.6186552047729492
20160229,0.515566885471344,2.8657453060150146,0.6618326902389526,2.831376075744629,3.8619706630706787,1.012934923171997,1.2705762386322021,0.5555194616317749,0.45580241084098816,0.25628942251205444
20160301,0.561670184135437,,,,,,,,0.6052325963973999,0.21938875317573547
20160302,0.41595739126205444,2.943934679031372,0.32340481877326965,,,0.418976366519928,,0.17480923235416412,0.2342991679906845,0.22611257433891296
20160303,0.41084417700767517,3.4057040214538574,0.35515809059143066,,2.13116717338562,0.6641220450401306,1.5790479183197021,0.3287895619869232,0.8019034266471863,0.3446030020713806
20160304,0.5108630657196045,3.1875224113464355,0.658042311668396,2.273674488067627,3.172940254211426,0.8929132223129272,1.3923019170761108,0.7793949842453003,1.2843998670578003,0.4502195715904236
20160305,0.4711912274360657,1.7045918703079224,0.5080951452255249,,,,,0.3888145685195923,0.5025985240936279,0.16173098981380463
20160306,,,0.5916566252708435,,,,,0.3857966959476471,,0.5594677925109863
20160307,,,,,,,,0.2830902338027954,,0.5862856507301331
20160308,0.13452209532260895,2.03513240814209,0.6068208813667297,,,,,0.5684208273887634,1.5829428434371948,0.5337409377098083
20160309,0.08610875904560089,,,,,,,,,
20160310,0.7400047183036804,1.954883098602295,0.544409990310669,,,0.5956481695175171,0.7103191614151001,0.3133207857608795,0.9885422587394714,
20160311,1.8045059442520142,2.895552158355713,0.6299145221710205,2.4385130405426025,3.278635263442993,0.6704279184341431,0.9586847424507141,2.0057547092437744,1.0124850273132324,0.6272542476654053
20160312,0.38199177384376526,4.22064733505249,0.35644400119781494,,,,,0.3615747392177582,0.3686128258705139,0.15943516790866852
20160313,1.052045226097107,1.7827152013778687,0.511780858039856,2.4788272380828857,3.510324478149414,0.8021032810211182,1.5163791179656982,0.43825027346611023,2.0175251960754395,0.17391090095043182
20160314,0.7202024459838867,,0.5616884231567383,,,,,,2.2396023273468018,0.14940449595451355
20160315,0.7802227735519409,3.3246712684631348,0.8799383044242859,2.8440067768096924,3.498753786087036,1.071837067604065,1.4588282108306885,0.8706631064414978,1.5323954820632935,0.7166742086410522
20160316,0.622093915939331,3.3334836959838867,0.7719181776046753,2.8955795764923096,4.845720291137695,0.9647094011306763,1.5448616743087769,0.714139461517334,1.02739679813385,0.6242825388908386
20160317,0.3874649405479431,,0.7230945825576782,,3.206308126449585,1.077446699142456,1.4357885122299194,,0.4867626428604126,0.6358872652053833
20160318,0.2659910321235657,,0.7160751223564148,,,,,0.4346689283847809,1.1604335308074951,0.31392398476600647
20160319,0.6184459924697876,2.744499683380127,0.7632128000259399,,,,,0.20756490528583527,0.8160077929496765,
20160320,0.5503871440887451,3.4305734634399414,0.7461395263671875,3.365234851837158,4.228543758392334,0.8828014135360718,1.2306922674179077,0.4963689148426056,0.6180635094642639,0.6127391457557678
20160321,0.835729718208313,3.2078139781951904,0.7928917407989502,3.1150004863739014,4.994879245758057,0.9468950629234314,1.235114336013794,0.6752946972846985,0.9840208292007446,0.6025891304016113
20160322,0.44919517636299133,3.5092766284942627,0.7683386206626892,3.0623252391815186,5.0005340576171875,0.8737752437591553,1.5269697904586792,0.6632387042045593,0.8060997724533081,0.6048318147659302
20160323,0.24100488424301147,,,,,,,,,0.7702855467796326
20160324,,,,,,,,,0.5439950227737427,0.48414283990859985
20160325,1.0458321571350098,3.2504665851593018,0.8315707445144653,2.9884986877441406,4.433477878570557,1.0683016777038574,1.4923566579818726,0.49695804715156555,1.1180135011672974,0.2896343767642975
20160326,0.9424896836280823,3.3874096870422363,0.4518324136734009,3.1546995639801025,3.700896978378296,0.7937861084938049,0.7953502535820007,0.32603874802589417,0.31642946600914,0.20252831280231476
20160327,,,,,,,,,,0.5077489018440247
20160328,0.36228668689727783,1.363836407661438,0.8981279134750366,2.569575786590576,2.511094808578491,1.139111042022705,1.2774248123168945,0.7429268956184387,,
20160329,0.31451818346977234,1.7232574224472046,0.6832129955291748,,,,,,,0.22325633466243744
20160330,1.2064812183380127,4.728536605834961,0.977312445640564,,,,,0.6968703269958496,1.7527494430541992,0.4619594216346741
20160331,0.5126703977584839,3.6968929767608643,0.6303362846374512,2.8337161540985107,3.445131778717041,1.0404720306396484,,0.6779825687408447,0.8575542569160461,1.518660306930542
20160401,0.18079231679439545,3.4432923793792725,,,,,,,0.2559119164943695,0.2945103049278259
20160402,0.8332008719444275,2.5094571113586426,0.6269882321357727,2.740037679672241,3.922969341278076,1.2699042558670044,0.9498981237411499,0.41710346937179565,0.5190708637237549,0.578781247138977
20160403,0.7422875165939331,2.260037422180176,0.904827892780304,,,,,0.6048532724380493,0.8334197402000427,0.6352843642234802
20160404,0.7366102933883667,3.4155149459838867,1.074038028717041,2.7208142280578613,8.398762702941895,0.9656214118003845,1.0975117683410645,0.6439037322998047,0.9078819751739502,0.7021828293800354
20160405,,4.079447269439697,0.6134020090103149,4.1780009269714355,,,,,,
20160406,0.6569811105728149,,1.172115445137024,,,,,0.7170324325561523,0.5123539566993713,0.31396761536598206
20160407,0.21885184943675995,,0.6090615391731262,,,,,1.0282890796661377,0.11546986550092697,0.20317219197750092
20160408,0.5695656538009644,1.9888335466384888,0.5519653558731079,2.996192693710327,3.6186771392822266,0.6212249398231506,,0.3915557265281677,0.33926698565483093,0.2655487656593323
20160409,0.2137841284275055,,,,,,,,0.17248640954494476,0.29038792848587036
20160410,0.5436623692512512,4.194388389587402,0.4774637818336487,,,0.9367254972457886,,0.42955541610717773,0.6224908828735352,0.12283661216497421
20160411,0.35130736231803894,2.5881707668304443,0.5851953625679016,2.61611270904541,3.11897611618042,0.8800575733184814,1.026957392692566,,0.12870776653289795,2.222839593887329
20160412,0.6694695949554443,2.6101458072662354,0.6888927817344666,2.8232271671295166,3.888822317123413,1.061378002166748,1.0008279085159302,0.7158018350601196,0.26805585622787476,0.7008549571037292
20160413,0.3942502737045288,1.8839013576507568,0.7721086740493774,2.279829502105713,3.328273296356201,1.556510090827942,,0.6858510375022888,0.19433826208114624,0.44768503308296204
20160414,0.34280329942703247,,0.8081488609313965,,,,,0.31682121753692627,,0.33485525846481323
20160415,0.5211133360862732,5.785837650299072,0.9632033705711365,,,,,,,1.343574047088623
20160416,0.5935087203979492,2.5283334255218506,0.5889116525650024,2.606092929840088,3.101743221282959,,,0.6928025484085083,0.7880204319953918,0.366138219833374
20160417,0.7879698872566223,2.624145984649658,0.8981485962867737,2.4237685203552246,4.266308307647705,1.0910277366638184,1.0677052736282349,0.7647266387939453,0.8762437105178833,0.5856227874755859
20160418,0.2506428360939026,1.906240463256836,,,,,0.9226502180099487,,,
20160419,0.3418983817100525,,,1.7892024517059326,3.157982110977173,0.9870340824127197,0.8828451633453369,0.8735989332199097,0.6089615225791931,0.5516272783279419
20160420,0.24739933013916016,,,,,,,,0.20040687918663025,0.6917092800140381
20160421,0.5306732058525085,1.8602640628814697,0.47720053791999817,,,0.8067930936813354,,0.294477641582489,0.17988044023513794,
20160422,0.6215587258338928,2.4604954719543457,0.6327970623970032,,3.7842657566070557,,0.7421366572380066,0.84671550989151,1.5479007959365845,
20160423,1.0845685005187988,2.43131160736084,0.787407398223877,2.530447244644165,3.888793468475342,0.9625254273414612,1.2093160152435303,0.9247109889984131,0.3038824796676636,0.5234658122062683
20160424,0.7615736126899719,2.2269365787506104,0.8146846294403076,2.437471866607666,4.079005718231201,1.522666335105896,1.1307028532028198,0.9836096167564392,0.6085490584373474,0.9792500734329224
20160425,0.8194878101348877,2.779493808746338,0.8087096214294434,3.0875959396362305,7.570417881011963,1.0626276731491089,1.1012346744537354,0.637956976890564,0.5861331820487976,0.7752038836479187
20160426,1.1947236061096191,,,,8.644116401672363,1.1834200620651245,1.184008002281189,2.0418143272399902,1.303253412246704,1.0628231763839722
20160427,0.3834051191806793,,0.6932937502861023,,,,,,,
20160428,0.39149007201194763,1.330816626548767,0.5866304636001587,,,,,2.235217809677124,0.19203078746795654,0.24245738983154297
20160429,0.6225205659866333,1.8081080913543701,0.7312642335891724,2.398129940032959,4.209529876708984,0.9228306412696838,0.8433939814567566,0.5357834696769714,0.31906402111053467,0.2936123311519623
20160430,1.2337682247161865,2.1563684940338135,0.7609115242958069,2.7469799518585205,7.229340076446533,1.0374101400375366,1.0992891788482666,0.5931429862976074,0.42300087213516235,0.5664841532707214
20160501,0.41078412532806396,3.0936782360076904,0.7650994658470154,,,0.9083492159843445,1.6573307514190674,0.7207999229431152,0.5582451224327087,0.3294072449207306
20160502,0.6334896087646484,3.432621479034424,0.7010958790779114,,,0.8509738445281982,,0.36333271861076355,0.18876439332962036,0.7544072270393372
20160503,0.3542499542236328,1.5096640586853027,0.36444714665412903,,,,,,0.2514559328556061,0.2372179925441742
20160504,0.30414652824401855,,0.4552627503871918,,,0.5607714653015137,,0.5009905695915222,0.5206955671310425,0.5008804798126221
20160505,0.6554075479507446,2.2505075931549072,0.8169084191322327,2.200645923614502,3.4657156467437744,1.11604905128479,1.4017568826675415,0.6502596735954285,0.546774685382843,0.5379294157028198
20160506,0.6957044005393982,4.700625896453857,1.1919023990631104,3.874486207962036,9.69676399230957,,1.7912606000900269,0.7430616021156311,,1.0636506080627441
20160507,0.2267013043165207,,,,,,,,,1.381572961807251
20160508,0.9264202117919922,1.1506456136703491,0.6213677525520325,,,,,,,
20160509,0.4160328507423401,1.7829076051712036,0.4073150157928467,,,,,,,0.6733723878860474
20160510,,2.076537847518921,0.8104867339134216,,2.9814836978912354,0.8273372650146484,,0.8745031952857971,0.5486369132995605,0.48889195919036865
20160511,,,,,,,,,,
20160512,0.9191757440567017,1.848796010017395,,,,,,,,
20160513,0.882315456867218,3.4652135372161865,0.959513783454895,3.6079981327056885,2.878164052963257,1.35859215259552,1.5681395530700684,0.8292820453643799,0.5707625150680542,0.9269608855247498
20160514,0.5121932029724121,3.3022243976593018,1.0078977346420288,3.105217456817627,4.788996696472168,1.621746301651001,,,0.3979702293872833,0.7294659614562988
20160515,1.0319788455963135,2.5211477279663086,0.8744999766349792,2.3906924724578857,4.145212650299072,1.2211990356445312,1.1285227537155151,0.7816761136054993,0.5342541337013245,0.5043768882751465
20160516,1.029185175895691,1.8453069925308228,1.0373499393463135,3.290724039077759,5.096941947937012,1.1794756650924683,1.0964070558547974,0.8211929798126221,,0.5507584810256958
20160517,1.1607319116592407,5.800966262817383,0.6973212957382202,,,,,,0.154425248503685,
20160518,1.1008917093276978,4.225639820098877,0.9459909796714783,4.158924579620361,4.094727039337158,0.44033217430114746,,1.2316222190856934,0.2638389766216278,1.4084744453430176
20160519,0.8007363677024841,3.6351654529571533,,,,,,0.20790444314479828,0.27495211362838745,0.2352088987827301
20160520,,,,,,,,,,0.5382153391838074
20160521,1.1835837364196777,3.188817024230957,0.9981878995895386,2.7338051795959473,8.747712135314941,1.0940672159194946,1.3479321002960205,0.8598417639732361,0.819713294506073,1.027037262916565
20160522,0.8775859475135803,,,,,,,,,
20160523,0.9564870595932007,2.677798271179199,1.009321689605713,3.501819610595703,3.4102959632873535,1.3839720487594604,1.2347692251205444,0.9881189465522766,0.46251150965690613,
20160524,1.9578406810760498,3.2743635177612305,1.045310616493225,3.2641265392303467,4.177944183349609,1.4027950763702393,1.4461164474487305,0.7848347425460815,0.49004065990448,0.3934611678123474
20160525,0.36229079961776733,,,,,,,,,
20160526,0.51848965883255,2.068582773208618,0.8251933455467224,1.7851731777191162,3.5685527324676514,1.1532427072525024,1.2291661500930786,0.6041419506072998,0.46731552481651306,0.33497095108032227
20160527,0.5176299214363098,,,,,,,,0.27116042375564575,0.8450441360473633
20160528,0.6609178781509399,2.6612815856933594,0.8145053386688232,,2.4009649753570557,0.9076034426689148,1.4050437211990356,0.5550253391265869,,0.3644821047782898
20160529,1.8449233770370483,2.891200542449951,1.296758770942688,,,,,1.1888020038604736,0.6607219576835632,0.34980514645576477
20160530,0.5105016231536865,2.548424243927002,0.9918341636657715,2.0969901084899902,,1.693190336227417,1.261189579963684,0.5159684419631958,0.8151081204414368,1.3251943588256836
20160531,0.8527029156684875,1.2630503177642822,0.8261741399765015,,,1.0579673051834106,0.5590248107910156,0.474884957075119,,0.9781004786491394
20160601,,2.7623884677886963,0.8441810011863708,2.542100667953491,7.580127716064453,1.3347598314285278,4.020961761474609,0.8281670808792114,0.5339274406433105,0.7421919107437134
20160602,0.7185945510864258,7.138598442077637,2.711449146270752,,,,,2.6643221378326416,,0.8438689708709717
20160603,0.8336923122406006,4.728363513946533,0.943898618221283,7.111112117767334,12.040792465209961,1.475206971168518,1.1568690538406372,0.9307071566581726,0.6077731251716614,4.4149980545043945
20160604,2.7374958992004395,2.868403673171997,0.9814680814743042,3.5437252521514893,6.291830062866211,1.1353367567062378,0.9670162796974182,0.7625977993011475,0.5623313188552856,0.35495492815971375
20160605,0.7750080823898315,1.532341480255127,0.7065539360046387,1.6426832675933838,2.2192280292510986,0.9851505756378174,1.0145741701126099,0.5834331512451172,0.28227025270462036,
20160606,0.8284391760826111,1.6854186058044434,0.8510505557060242,,,0.8959918022155762,0.8871783018112183,0.4382687509059906,0.5908438563346863,0.4911234676837921
20160607,,,,,,,,,1.0825151205062866,
20160608,0.5123432874679565,1.98637056350708,0.8937802910804749,,,1.0550332069396973,1.240785837173462,0.62124103307724,,
20160609,0.7473950982093811,2.0827152729034424,0.6022258996963501,,2.3580567836761475,,,0.34816792607307434,0.16488058865070343,
20160610,0.6686891913414001,1.9584369659423828,0.640711784362793,,,,,0.3458752930164337,0.24555765092372894,0.16667355597019196
20160611,0.47812265157699585,2.080542802810669,0.5238746404647827,1.371332049369812,2.180741310119629,0.9151631593704224,0.6495835781097412,0.48357653617858887,0.3765769898891449,0.39493632316589355
20160612,1.5538705587387085,3.228419542312622,0.7630025148391724,2.525603771209717,6.68882417678833,1.6843903064727783,4.094706058502197,0.6622958183288574,,0.14664903283119202
20160613,0.8914806842803955,,,,,,,1.7802269458770752,,1.5051140785217285
20160614,1.0144840478897095,4.789251804351807,1.3988522291183472,7.022619724273682,12.60719108581543,1.786946415901184,2.827552080154419,0.7882565855979919,0.4839670956134796,
20160615,1.7999794483184814,,1.8273800611495972,4.229690074920654,11.380765914916992,1.4129339456558228,1.93608558177948,1.1410657167434692,0.5861245393753052,0.8637868762016296
20160616,0.4938826858997345,3.4076013565063477,,,,,,,,
20160617,,,,,,,,,,
20160618,0.3809536099433899,,1.6705985069274902,4.167543888092041,4.961873531341553,3.4959404468536377,4.5106658935546875,0.9749181270599365,,
20160619,0.5235719680786133,1.2661203145980835,0.43634191155433655,2.2421271800994873,3.089780807495117,0.4419897794723511,0.4116259813308716,0.8227246403694153,1.0257632732391357,
20160620,1.5825834274291992,1.837748408317566,0.8596267700195312,,,0.5570489168167114,0.5780653357505798,1.0998262166976929,0.43855419754981995,0.20632611215114594
20160621,0.3812052011489868,0.6160660982131958,0.6713351011276245,,,0.7716503143310547,0.6362246870994568,0.7574303150177002,0.37998679280281067,0.23520193994045258
20160622,0.2416827231645584,1.944883108139038,0.6055026650428772,,,0.5589805841445923,0.6738926768302917,0.859840989112854,0.2956799864768982,0.2551475465297699
20160623,0.4011753499507904,,0.4767276346683502,,,,,,,
20160624,0.36516833305358887,2.258104085922241,0.7948258519172668,,,0.9791728258132935,1.6850286722183228,0.9045943021774292,0.49316903948783875,0.41003939509391785
20160625,0.7290424704551697,,0.5791260600090027,,,0.6019285917282104,0.8815546631813049,0.5182341933250427,0.4350473880767822,0.37171635031700134
20160626,0.4772799611091614,2.32281756401062,0.5405659079551697,,,,,0.9020975828170776,,0.5444239974021912
20160627,0.6916514039039612,2.1136512756347656,0.9020602703094482,1.0754083395004272,5.513637542724609,0.8228532671928406,1.3312817811965942,0.5917120575904846,0.37420937418937683,0.2983209788799286
20160628,1.1768215894699097,4.04783296585083,1.390531063079834,5.764673233032227,8.930201530456543,1.189546823501587,1.3581104278564453,0.7988700866699219,0.26892486214637756,0.48893117904663086
20160629,1.0251479148864746,2.3341801166534424,1.001491904258728,,,1.2898099422454834,,,,
20160630,0.42455238103866577,0.8702079057693481,0.6023272275924683,1.2539184093475342,2.5462942123413086,0.7600831985473633,1.1439405679702759,0.509077787399292,0.3898591995239258,
20160701,0.8745419383049011,2.1927192211151123,0.2921518385410309,,,,,,0.17390938103199005,0.23569269478321075
20160702,0.28880152106285095,0.7907039523124695,0.5955784320831299,,,,,0.42836806178092957,0.4056020677089691,0.24639193713665009
20160703,1.687543272972107,4.0445966720581055,0.6275871396064758,,,0.6455405950546265,1.0862789154052734,0.6492612361907959,0.2405054122209549,0.2556599974632263
20160704,0.3884902894496918,,,,,,,,,
20160705,0.7380216121673584,2.5185558795928955,0.7418745160102844,2.3324875831604004,,,,,0.6987262964248657,
20160706,0.5207167267799377,2.3480474948883057,0.4684452414512634,,2.7145988941192627,0.4585881531238556,,0.4168784022331238,0.24665537476539612,0.20492757856845856
20160707,,2.1646156311035156,,,,,,0.6551477313041687,0.4772804081439972,
20160708,0.8295159339904785,2.478351593017578,0.9866293668746948,1.7035094499588013,2.590514898300171,0.8294578790664673,0.9876139760017395,0.6339071989059448,0.39174798130989075,0.46152669191360474
20160709,,,,,,,,,,1.1128629446029663
20160710,1.5235308408737183,2.377697229385376,0.8730642795562744,2.2245020866394043,3.1825649738311768,0.5691855549812317,1.2120417356491089,0.5254481434822083,,
20160711,0.41123509407043457,2.0384714603424072,0.6127364039421082,1.8797680139541626,2.792259693145752,,1.2691152095794678,0.5318641066551208,0.2833196818828583,0.2133660465478897
20160712,0.5751097202301025,2.347712755203247,1.019399642944336,,,1.1569124460220337,,0.922386884689331,0.6245667338371277,0.3074897825717926
20160713,0.4706442058086395,2.3170413970947266,0.623862624168396,,3.494582176208496,0.6957684755325317,2.3334574699401855,0.47966963052749634,0.6919804811477661,0.4483845829963684
20160714,0.8150794506072998,2.833986759185791,,,,,,,0.3285953104496002,0.32876724004745483
20160715,0.9154744744300842,3.557957649230957,1.089023470878601,4.029512405395508,3.6982293128967285,2.0227177143096924,1.6081877946853638,,,0.45930948853492737
20160716,0.7873767018318176,3.441509246826172,0.988074541091919,3.2765233516693115,4.092053413391113,1.74459707736969,1.474540114402771,0.8360447287559509,0.8840777277946472,6.464416980743408
20160717,1.4373644590377808,3.0457684993743896,0.8753222227096558,3.7384281158447266,7.135801792144775,1.1212650537490845,,1.4621050357818604,,1.9911491870880127
20160718,1.7489087581634521,3.0003223419189453,0.9444303512573242,2.857499837875366,6.030630111694336,1.129135012626648,0.9038745164871216,1.1202129125595093,,2.958554744720459
20160719,,,,,,,,,,
20160720,0.5177298784255981,5.832026481628418,0.8989769220352173,5.229074001312256,,2.3911612033843994,,0.9157329201698303,0.5444526672363281,0.5393784046173096
20160721,1.3543312549591064,4.413055419921875,0.9265128970146179,,,1.0187472105026245,1.2363613843917847,1.6292486190795898,0.2890010178089142,2.107769727706909
20160722,0.28450724482536316,1.9226984977722168,0.3666568100452423,,,,1.110132098197937,0.6548977494239807,0.6614251732826233,0.3827837109565735
20160723,0.6127700209617615,1.8365288972854614,0.5978703498840332,,,,,0.7867117524147034,0.37164872884750366,0.30096113681793213
20160724,,1.7988789081573486,0.8485358953475952,,,,1.8263707160949707,0.5302432179450989,0.1973837912082672,0.6038445830345154
20160725,0.4548766314983368,,,,,,,,,0.9492212533950806
20160726,0.5682322382926941,,0.5444598197937012,,,,,,,
20160727,0.11524086445569992,2.7959344387054443,,,,,,0.3759562075138092,0.25344568490982056,0.39294394850730896
20160728,1.367201805114746,2.2644526958465576,,,,,,,0.12570986151695251,0.474233478307724
20160729,0.5868576765060425,1.269230604171753,0.7703471779823303,2.9903223514556885,4.890357971191406,1.3615120649337769,,,0.17667633295059204,0.2849683165550232
20160730,0.336190789937973,,,,,,,,,0.6197757720947266
20160731,0.48935723304748535,,0.7706853747367859,,,,,0.8423238396644592,0.600230872631073,0.8505514860153198
20160801,0.5430002212524414,,0.6726648807525635,,,,,,0.2087647020816803,0.25655388832092285
20160802,0.4801950752735138,1.9316747188568115,0.7205638289451599,1.668545126914978,5.539286136627197,1.101148009300232,1.0157575607299805,0.810056746006012,0.4332423508167267,0.5154828429222107
20160803,0.513005256652832,0.8945056796073914,0.5363336801528931,2.056298017501831,,0.7109046578407288,,0.44967785477638245,0.2682010233402252,0.3519690930843353
20160804,,1.7217662334442139,0.44249776005744934,,,,,0.4269205331802368,0.25714927911758423,0.9030190706253052
20160805,0.6592070460319519,,,,,,,,,
20160806,0.7614046931266785,3.2414519786834717,0.8680860996246338,1.9196124076843262,7.975152492523193,1.365829348564148,1.4079384803771973,0.8691036105155945,0.3492739200592041,0.37980443239212036
20160807,1.0163427591323853,4.418003082275391,0.8534265160560608,3.6960983276367188,6.974765300750732,1.0725735425949097,1.559008002281189,0.8289293646812439,0.5175137519836426,1.0168004035949707
20160808,0.3723159730434418,1.6285332441329956,0.7872474193572998,2.1007041931152344,3.9158856868743896,0.8965467214584351,1.1137059926986694,0.7756828665733337,0.5347802639007568,0.8470349311828613
20160809,0.5941959619522095,0.5097294449806213,0.2860558032989502,,1.4049378633499146,,,,0.5134488940238953,1.372689962387085
20160810,0.35912153124809265,,0.46648624539375305,,,,,,,0.2560238540172577
20160811,0.6237103939056396,1.7399382591247559,0.6778675317764282,,,0.7533681988716125,0.7907505631446838,0.4742968678474426,,0.3213997483253479
20160812,0.6607999205589294,3.139312505722046,0.6839749217033386,2.489002227783203,6.884673595428467,,1.7306522130966187,,0.233072891831398,
20160813,0.5418941974639893,3.059049129486084,0.6781110167503357,2.9707281589508057,2.710111618041992,0.6163148283958435,,0.8717860579490662,0.4188341200351715,0.17178469896316528
20160814,0.6288840174674988,3.292815685272217,0.5219196081161499,1.8969818353652954,5.764718532562256,,1.246639609336853,0.4387335777282715,0.3690853416919708,0.3528723418712616
20160815,0.5703452229499817,3.5512118339538574,0.6706260442733765,1.5897433757781982,8.193144798278809,1.036582112312317,1.1992651224136353,0.6959471106529236,0.4514310956001282,0.7071114182472229
20160816,0.24421381950378418,4.7962822914123535,,,,,,,0.9134918451309204,3.024021625518799
20160817,0.7427894473075867,4.751951217651367,0.7251477837562561,2.556155204772949,13.105829238891602,1.1645030975341797,1.5815799236297607,0.6609939932823181,0.46104320883750916,0.4958358705043793
20160818,0.17374788224697113,2.686009168624878,0.2912452518939972,,,,,1.0094220638275146,1.2687410116195679,1.0650311708450317
20160819,0.38154974579811096,1.5869789123535156,0.4549698829650879,,1.9640388488769531,0.46165135502815247,0.7475102543830872,0.3603869378566742,0.3186580240726471,0.23078252375125885
20160820,0.540138304233551,2.0828068256378174,0.2640039920806885,,,,,0.4198855757713318,,0.3079814314842224
20160821,0.6150358319282532,2.0950334072113037,0.6975566744804382,,,1.1128867864608765,0.9122248291969299,0.9090016484260559,,
20160822,0.6338843703269958,2.356687068939209,0.5485373735427856,1.8672263622283936,6.264011859893799,1.3137046098709106,0.9057475924491882,0.4919346570968628,0.5153005123138428,0.3947719633579254
20160823,0.500625491142273,2.357891798019409,0.641259491443634,2.2885475158691406,7.544815540313721,0.862054705619812,1.0375428199768066,0.4735938310623169,0.4946925640106201,0.4090065062046051
20160824,0.2905799448490143,3.585693359375,0.6297060251235962,2.746143341064453,9.541043281555176,0.7775610089302063,0.8676360249519348,0.8724844455718994,0.5891187787055969,0.24670074880123138
20160825,0.4777444899082184,3.8346898555755615,0.5320440530776978,2.8818798065185547,12.165575981140137,0.73061603307724,0.8555800318717957,0.41956639289855957,0.4051433205604553,0.43642744421958923
20160826,0.5120527744293213,1.5313689708709717,0.4427131712436676,,,0.38548368215560913,,,0.13609588146209717,0.1817988008260727
20160827,0.7047076225280762,3.4876627922058105,0.6298180222511292,,,,,,,
20160828,0.22478429973125458,1.9918055534362793,0.6028450727462769,3.8395566940307617,10.552382469177246,0.8319929242134094,0.9534372687339783,0.5438176393508911,0.6707057952880859,0.9979782104492188
20160829,0.3810472786426544,,0.3320888876914978,,,,,,0.4571816325187683,0.8416308760643005
20160830,0.4396698772907257,2.0954153537750244,0.3962312936782837,,,,,0.4079769253730774,0.1380975991487503,
20160831,0.49522578716278076,,0.2728188633918762,,,0.23432941734790802,0.24785229563713074,0.3016911447048187,0.17848481237888336,0.22310441732406616
20160901,0.41278785467147827,2.4926352500915527,0.5550361275672913,,1.5777254104614258,0.6795790791511536,0.6747955083847046,0.6152349710464478,0.5182074904441833,0.24031789600849152
20160902,0.3850308358669281,1.7674323320388794,0.4641762673854828,3.4445347785949707,11.743650436401367,1.0896497964859009,1.2195963859558105,0.4908484220504761,0.5694437026977539,0.44058579206466675
20160903,0.5365177392959595,2.1137218475341797,0.43486613035202026,,,0.5403830409049988,0.7357794046401978,0.345297634601593,0.33536115288734436,0.2974794805049896
20160904,0.4493425488471985,1.4787957668304443,0.379838228225708,,,,0.7185302376747131,0.44967395067214966,0.3221488893032074,0.23992212116718292
20160905,0.9937031865119934,1.6451818943023682,0.5253061652183533,2.2252302169799805,6.549312114715576,0.6454358696937561,0.9686135649681091,0.5109604001045227,0.5538033246994019,0.23038804531097412
20160906,0.5228206515312195,1.2320091724395752,0.5039986371994019,1.5338188409805298,2.6031267642974854,0.7553977966308594,0.825931191444397,0.8813797235488892,1.0634318590164185,1.0712136030197144
20160907,0.5822446346282959,3.2441108226776123,0.5730922222137451,3.2942678928375244,10.768417358398438,1.1200309991836548,0.9070184826850891,0.4405946433544159,0.5710399746894836,1.1714918613433838
20160908,0.7082977294921875,2.2592928409576416,0.2940610349178314,5.119490146636963,8.741357803344727,,,0.19722169637680054,,2.7390058040618896
20160909,0.4190782308578491,1.499087929725647,0.48926833271980286,0.8667683601379395,3.6199216842651367,0.620155394077301,0.42343735694885254,0.39945781230926514,0.4401490092277527,
20160910,1.053742527961731,1.793678879737854,0.25304287672042847,,,0.21470887959003448,,0.22382652759552002,0.229203999042511,0.48066937923431396
20160911,0.5601837038993835,2.3949596881866455,0.4233490228652954,2.6533889770507812,9.867429733276367,0.31711992621421814,0.7726771831512451,0.2927170991897583,0.15350310504436493,0.32346469163894653
20160912,0.2080891728401184,,,,,,,,0.2736164331436157,0.4441182613372803
20160913,0.3936253488063812,0.8950114846229553,0.3104950487613678,1.2597287893295288,,,,,,
20160914,0.44799384474754333,,,,,,,,,0.5378324389457703
20160915,0.37341347336769104,1.5666167736053467,0.3306516110897064,,,,,0.5290481448173523,0.4553096890449524,0.3096398115158081
20160916,0.42558810114860535,,0.5764970183372498,,,0.5414486527442932,,0.46347931027412415,,0.31347227096557617
20160917,0.2396611124277115,,,,,,,,,1.4011280536651611
20160918,0.2798907160758972,,0.28685620427131653,,3.130621910095215,0.49001777172088623,1.1841247081756592,0.47973790764808655,0.4416758418083191,0.442625492811203
20160919,0.8193451762199402,2.3004953861236572,0.593974232673645,,,0.9715037941932678,,,0.5046908259391785,0.3724573850631714
20160920,0.2902975082397461,1.8011305332183838,0.4697083830833435,,1.9536653757095337,,,,,2.8173129558563232
20160921,0.2961735129356384,,0.21682201325893402,,,,,0.4820675551891327,0.41349050402641296,0.7966143488883972
20160922,0.599736213684082,1.8008910417556763,0.4445320963859558,,,0.5153605937957764,1.1449408531188965,,,0.33423107862472534
20160923,0.7279142737388611,2.308734893798828,0.6190875172615051,2.7901132106781006,6.593344211578369,1.0788079500198364,1.5484782457351685,0.6732906103134155,0.45163819193840027,2.588108539581299
20160924,0.3293852210044861,1.1419093608856201,0.5773739218711853,1.4370774030685425,,0.7838654518127441,0.6575223803520203,0.3645334541797638,0.21558672189712524,
20160925,0.4411970376968384,2.2027053833007812,0.3692438304424286,1.3307291269302368,,0.3910699188709259,0.5346266031265259,0.820337176322937,0.4994574189186096,0.5034210085868835
20160926,0.45937493443489075,1.695094347000122,0.4216577410697937,1.7782928943634033,5.188302040100098,0.44842466711997986,0.6938412189483643,0.4480758607387543,0.3067950904369354,0.41625574231147766
20160927,0.4464160203933716,2.709826707839966,0.4709012806415558,,,0.3133576810359955,,0.3626822829246521,0.3523563742637634,0.5568342804908752
20160928,0.3126645088195801,,,,,,,,,0.9910553693771362
20160929,,,,,,,,1.007272481918335,0.38507571816444397,0.3995477855205536
20160930,0.38323405385017395,2.351933479309082,,,,0.5420441031455994,,0.7677007913589478,0.8167597651481628,0.964916467666626
20161001,0.46439558267593384,2.1758816242218018,0.6151853799819946,1.8852910995483398,2.9600484371185303,0.7292514443397522,1.8213279247283936,,,0.24522066116333008
20161003,0.42127150297164917,,,,,,,0.5050401091575623,,
20161004,0.5921851396560669,2.5183544158935547,0.604722261428833,,,,,0.6692008972167969,0.4534820020198822,0.4056481420993805
20161005,0.6106308102607727,2.5041630268096924,0.818103551864624,2.4914562702178955,4.232062816619873,0.98804771900177,2.8022570610046387,0.6985204815864563,0.22436074912548065,
20161006,0.6603972315788269,,0.4969143867492676,,,,,,,1.0270025730133057
20161007,0.44073396921157837,,0.4548949897289276,,,,,0.36406099796295166,0.4052090048789978,0.33844172954559326
20161008,0.44278180599212646,3.432443380355835,0.5599028468132019,1.942258358001709,5.778177738189697,0.9315741658210754,3.4640135765075684,0.6186829209327698,0.8664204478263855,1.2444082498550415
20161009,0.4295656085014343,,0.48215293884277344,,,,,,,
20161010,0.5840046405792236,0.9311161637306213,0.5767451524734497,1.6168469190597534,3.8875951766967773,0.6551281809806824,1.6298308372497559,0.4766608476638794,0.44975024461746216,0.5916911959648132
20161011,0.2025245875120163,,,,,,,0.5698269009590149,0.5211225748062134,0.5055843591690063
20161012,0.31896933913230896,1.1128774881362915,0.41153669357299805,,3.0118191242218018,0.3706206679344177,0.6720997095108032,0.45554253458976746,0.33937278389930725,0.564474880695343
20161013,0.46603018045425415,1.528201699256897,0.5258651971817017,1.9808785915374756,7.66558837890625,0.6617001891136169,2.8114521503448486,0.7084420919418335,0.7258580923080444,0.8980604410171509
20161014,0.5275779366493225,2.693291187286377,0.5240573287010193,2.452542781829834,9.831439971923828,0.8941304683685303,1.8088825941085815,0.6397982239723206,0.6555386781692505,1.2157646417617798
20161015,,1.7229560613632202,0.7910492420196533,1.7097458839416504,8.545199394226074,0.4476868808269501,1.3464564085006714,,,
20161016,,,,,,,,0.2432781159877777,0.4182800054550171,0.23511967062950134
20161017,,,,,,,,,,
20161018,0.4167499244213104,,0.4469766318798065,,,,,0.2930716276168823,0.5701394081115723,0.2585742175579071
20161019,0.5186429023742676,,0.4062235951423645,,,,,,0.5140830874443054,0.6893524527549744
20161020,0.3894379138946533,2.0017762184143066,0.5672482848167419,2.0448646545410156,2.9054996967315674,0.9254044890403748,0.8907924294471741,0.7116938233375549,0.6334002614021301,0.7968953847885132
20161021,,2.0747568607330322,1.0594173669815063,,2.2139482498168945,0.4423200190067291,0.8118216395378113,0.5468711256980896,0.5266998410224915,0.4344328045845032
20161022,0.420945942401886,,,,,,,,,0.36999616026878357
20161023,0.40865644812583923,1.6381566524505615,0.3571704924106598,1.4038898944854736,1.4080721139907837,0.7218141555786133,0.43724024295806885,0.20121793448925018,0.20080021023750305,
20161024,0.4383569061756134,,,,,,,0.7975316047668457,0.7404587268829346,0.9001491665840149
20161025,,,,,,,,,,1.0272108316421509
20161026,0.570763885974884,1.670628547668457,0.4918365776538849,1.8001583814620972,4.854198455810547,0.6954700946807861,0.7728654146194458,0.5894643664360046,0.6730672121047974,0.47238969802856445
20161027,0.2812776267528534,,0.5136557817459106,,,,1.259012222290039,0.6126457452774048,0.7275791764259338,0.7627465128898621
20161028,0.3865864872932434,1.0134321451187134,0.3946663737297058,1.7142412662506104,3.774693012237549,0.7123385667800903,0.716652512550354,0.5108415484428406,0.5408430099487305,0.7390043139457703
20161029,0.3048217296600342,2.2196531295776367,0.36169013381004333,2.066234827041626,10.597878456115723,0.5382363796234131,0.8869153261184692,0.5802631378173828,0.43171241879463196,0.88499915599823
20161030,0.3455832004547119,1.4594628810882568,0.37721437215805054,,,0.5364924669265747,,0.3730219304561615,0.3480587899684906,0.3686954975128174
20161031,0.4165821373462677,1.7490116357803345,0.5986668467521667,,3.1884610652923584,0.4469022750854492,,0.48740363121032715,0.4347485303878784,0.3979932367801666
20161101,,2.7550549507141113,,,,,,0.8290752172470093,0.5152736306190491,0.42567959427833557
20161102,0.4151998460292816,0.8904798626899719,0.4840256869792938,,,,,,,
20161103,0.3376334011554718,2.9088633060455322,0.45924779772758484,2.573735237121582,8.629560470581055,0.6772066950798035,1.0163816213607788,0.5648462772369385,0.7960439324378967,3.9136765003204346
20161104,0.44585198163986206,2.4800188541412354,0.5764873027801514,2.779257297515869,8.84854507446289,0.9562668800354004,0.5942631959915161,0.4897541403770447,0.49067172408103943,0.5726158618927002
20161105,0.39662545919418335,1.867786169052124,0.47112733125686646,2.088679075241089,3.052400588989258,0.7678273916244507,0.9006280899047852,0.510774552822113,,
20161106,,2.3140079975128174,0.6335086822509766,2.7036020755767822,5.238202095031738,0.7839498519897461,0.8310456871986389,0.6516656875610352,,0.49450546503067017
20161107,,,,,,,,,,0.889970600605011
20161108,0.1895974725484848,1.1351971626281738,0.2941552996635437,1.7153090238571167,3.0181946754455566,0.5845249891281128,0.3083055317401886,0.32480913400650024,0.4234732985496521,
20161109,,,0.42931488156318665,2.841449022293091,4.68533182144165,0.9298830032348633,0.544448733329773,0.572123646736145,0.3587597608566284,0.2983632981777191
20161110,0.43524059653282166,,0.3162257671356201,,,0.3834799826145172,,0.5074912905693054,0.3636649250984192,1.7658239603042603
20161111,0.4809607267379761,1.6239547729492188,0.3524010181427002,,2.7122654914855957,0.4550120234489441,,0.8005167245864868,0.5115906596183777,0.6505765914916992
20161112,,,,,,,,,,0.24318760633468628
20161113,0.1491980403661728,,,,,,,,,
20161114,0.6286942362785339,0.5767706036567688,0.2882276177406311,,,,,0.26768332719802856,0.1955794394016266,
20161115,0.5140394568443298,1.6197251081466675,0.4954386055469513,3.206984519958496,2.6042423248291016,0.6848058700561523,0.7717989683151245,0.36009302735328674,0.16494117677211761,0.22994886338710785
20161116,0.4757537841796875,1.8727145195007324,0.5311846137046814,2.385925054550171,3.4583981037139893,0.7421932816505432,0.7377821207046509,0.6074289083480835,0.37606891989707947,0.7375389337539673
20161117,,,,,,,,,,0.34236666560173035
20161118,0.12677374482154846,,,,,,,,,0.31022852659225464
20161119,0.37371882796287537,1.1937251091003418,0.440163254737854,1.7671685218811035,2.8282558917999268,0.5486961007118225,0.40238985419273376,0.5104024410247803,0.39451363682746887,0.47489747405052185
20161120,0.33177629113197327,2.008199453353882,0.38913410902023315,2.662003755569458,3.3088698387145996,0.6721780896186829,0.3910938501358032,0.8179267644882202,0.2171398550271988,0.26562362909317017
20161121,,,,,,,,0.3197627365589142,0.3360200524330139,0.29952168464660645
20161122,,,,,,,,,,0.2403915822505951
20161123,0.11285331100225449,,,,,,,,,0.27923768758773804
20161124,0.14215296506881714,,0.26749807596206665,,,0.34794625639915466,,0.5180846452713013,,
20161125,0.3861769437789917,1.8221229314804077,0.41111063957214355,2.7653470039367676,3.458155870437622,0.5352466106414795,0.3746095597743988,0.7416383624076843,0.3403782844543457,
20161126,0.4335203766822815,1.478398323059082,0.4956802427768707,2.012134552001953,2.6554462909698486,0.5827739834785461,0.5303138494491577,0.7944941520690918,,0.40964460372924805
20161127,0.9644668102264404,1.7207858562469482,0.5127469301223755,2.0552821159362793,3.9593913555145264,0.6106137037277222,0.5373166799545288,0.8399525880813599,0.496601402759552,0.23888272047042847
20161128,0.15523891150951385,,,,,,,,0.313899427652359,0.35498547554016113
20161129,0.31562259793281555,0.3638412356376648,0.3382946848869324,,,,,,,
20161130,0.30454733967781067,1.1789789199829102,0.36048969626426697,2.042219400405884,4.426117420196533,0.46343281865119934,0.3631627559661865,0.40995824337005615,0.39532211422920227,0.15836888551712036
20161201,0.11157147586345673,,0.2597534656524658,,,,,0.2502956986427307,0.39396798610687256,0.24710798263549805
20161202,0.44199419021606445,2.1825339794158936,0.42467179894447327,,,0.6710153222084045,0.3502834737300873,0.7118873000144958,0.32317689061164856,0.28700530529022217
20161203,,,,,,,,0.8252078294754028,0.31495797634124756,0.40581369400024414
20161204,,,,,,,,,,
20161205,0.13816674053668976,,0.154408261179924,,,,,,,
20161206,0.31472453474998474,2.0460002422332764,0.40531089901924133,2.464674949645996,2.497629404067993,0.8029448986053467,0.4196125566959381,0.6793781518936157,0.2749381959438324,0.3398749530315399
20161207,0.3781559467315674,0.6916736960411072,0.2727741301059723,,,,,0.2051234394311905,0.2386208474636078,0.4378690719604492
20161208,,,,,,,,0.3576522171497345,0.2822396755218506,0.3212599456310272
20161209,0.1544625163078308,,,,,,,,,0.7420247793197632
20161210,0.2405155599117279,1.3087589740753174,0.4540916383266449,1.892975091934204,2.699613332748413,0.5677314400672913,0.5105101466178894,0.6609811186790466,0.4450376629829407,
20161211,0.34553927183151245,1.6992870569229126,0.4197613298892975,2.861084222793579,3.723940372467041,0.6166359186172485,0.5910694599151611,0.6799244284629822,0.3815355598926544,0.40995797514915466
20161212,0.3513830900192261,1.7320973873138428,0.44878360629081726,2.3566718101501465,3.3500566482543945,0.6181337833404541,0.42077454924583435,0.577426552772522,0.337581068277359,0.3475606441497803
20161213,,,,,,,,,,
20161214,,,,,,,,,,0.2919471263885498
20161215,0.3916138708591461,0.7697622776031494,0.3491268754005432,,,,,,,
20161216,0.1620582491159439,2.717844009399414,0.39004865288734436,2.1936700344085693,3.603208303451538,0.5518879294395447,0.5519751310348511,0.683779239654541,0.3968619704246521,0.35406944155693054
20161217,0.34591466188430786,1.7340164184570312,0.4105187952518463,2.213644027709961,2.476844549179077,0.5987876653671265,0.5898188352584839,0.3887783885002136,0.4307766258716583,0.3900977373123169
20161218,0.5404913425445557,1.9458940029144287,0.5741773247718811,2.3738787174224854,2.8202717304229736,0.7570815086364746,0.6188608407974243,0.7114344239234924,0.388248473405838,0.44644108414649963
20161219,,,,,,,,,,
20161220,0.28122445940971375,,,,,,,,,1.3212016820907593
20161221,0.30173811316490173,1.1767590045928955,0.3654572665691376,2.394036293029785,4.248779773712158,0.6068389415740967,0.39996030926704407,0.7857439517974854,0.31932273507118225,0.3791666626930237
20161222,0.32636287808418274,1.7417556047439575,0.3987392485141754,2.623145341873169,2.9396917819976807,0.684868574142456,0.4274500012397766,0.9525954127311707,0.3533974587917328,0.7946856021881104
20161223,0.3578396439552307,,0.3592625856399536,,,,,0.2748538553714752,0.37489181756973267,0.19580380618572235
20161224,,2.3569812774658203,0.5739172101020813,2.5558922290802,4.715513706207275,0.6933553218841553,0.5706074237823486,0.8977094292640686,0.39014604687690735,0.3823317289352417
20161225,,,0.22536666691303253,,,,,,,0.41561415791511536
20161226,,,,,,,,,0.3201412856578827,
20161227,,,,,,,,,,
20161228,0.33224236965179443,1.937006950378418,0.17418022453784943,2.04742169380188,2.2508046627044678,,0.5279160141944885,1.1332225799560547,0.2627548277378082,0.4103825092315674
20161229,,2.386072874069214,0.7878203392028809,2.69938588142395,4.190907001495361,0.8036191463470459,0.8959278464317322,0.9014950394630432,0.35992002487182617,0.35505029559135437
20161230,,,,,,,,,,0.34225162863731384
20161231,0.4922146201133728,1.7224676609039307,0.3006170988082886,,,,,0.13054309785366058,,
20170101,0.24508598446846008,1.8833805322647095,0.2408015877008438,2.320694923400879,2.2215442657470703,0.12619055807590485,0.34228742122650146,0.13567589223384857,0.14052972197532654,0.18050314486026764
20170102,0.4476460814476013,2.152665138244629,0.35448846220970154,2.4708752632141113,2.8089959621429443,0.6421611309051514,0.6491948366165161,0.628283679485321,0.41533467173576355,0.16088376939296722
20170103,0.652114748954773,1.147567868232727,0.42202168703079224,,,0.7551522254943848,0.6826644539833069,0.7613540291786194,0.37705668807029724,0.3807409703731537
20170104,,,,,,,,,0.5071589946746826,0.5424903631210327
20170105,0.3548325300216675,,,,,,,,,1.6736459732055664
20170106,0.27129119634628296,1.9560853242874146,0.33313286304473877,2.1060023307800293,2.3902053833007812,0.7677405476570129,0.8128740191459656,1.031272292137146,0.37798482179641724,0.4964364767074585
20170107,,,,,,,,,,
20170108,0.11344552785158157,,0.30805033445358276,,,0.22023481130599976,0.30641400814056396,0.743649423122406,0.4206943213939667,0.24517634510993958
20170109,,,0.4240509271621704,,1.3287256956100464,0.45339617133140564,0.5978686809539795,0.4992956221103668,0.3408023416996002,0.32045942544937134
20170110,0.16070705652236938,,,,,,,,,0.7751275897026062
20170111,0.23471017181873322,1.6848288774490356,0.3493019938468933,2.716481924057007,3.7720947265625,0.571005642414093,0.5494364500045776,0.40314552187919617,0.2928846478462219,
20170112,,1.9424331188201904,,4.237304210662842,4.182974815368652,0.6094219088554382,0.4658958911895752,1.0065394639968872,0.29432159662246704,0.3560568392276764
20170113,0.19895696640014648,1.0632611513137817,0.3771505355834961,2.756563663482666,2.748173952102661,0.6861709356307983,0.40926894545555115,0.594372034072876,0.3155892789363861,0.2401352822780609
20170114,,2.395751476287842,0.5363197922706604,2.53902530670166,3.126577377319336,0.8316998481750488,0.7005536556243896,0.49203789234161377,0.29912084341049194,0.19830411672592163
20170115,0.15729662775993347,,,,,,,,,2.39530611038208
20170116,0.3373197615146637,2.7088429927825928,0.4169063866138458,2.9591193199157715,4.442532539367676,0.6074134111404419,0.6337141990661621,0.43088170886039734,0.34759604930877686,0.27818694710731506
20170117,0.5309796929359436,3.217623710632324,0.41737374663352966,3.6129910945892334,8.310320854187012,0.5379277467727661,0.5441421270370483,,,
20170118,0.5664335489273071,2.466392993927002,0.45574483275413513,,,,,,0.39874520897865295,0.3772867023944855
20170119,0.684511661529541,2.144777536392212,0.47449561953544617,3.0079736709594727,3.819688320159912,0.7328840494155884,0.6604492664337158,0.8219181895256042,0.258046418428421,1.109690546989441
20170120,,,,,,,,,,0.37940898537635803
20170121,0.4740320146083832,1.9432607889175415,0.44388341903686523,,,0.8213309645652771,,0.4040469229221344,0.39458611607551575,1.020703911781311
20170122,,3.414309024810791,0.5398267507553101,,,,,0.37247443199157715,0.5198174715042114,0.491475373506546
20170123,0.07512263208627701,,,,,,,,,0.18552976846694946
20170124,0.5429633259773254,1.212063193321228,0.4534624516963959,,,0.604806125164032,0.530207097530365,0.3925917148590088,0.40952110290527344,0.4762781858444214
20170125,,2.9050495624542236,,2.9252185821533203,4.417045593261719,0.5601224303245544,0.7362040877342224,0.6119320392608643,0.3472152650356293,0.5052139163017273
20170126,0.46698880195617676,,0.1911936104297638,,,,,,,0.5618946552276611
20170127,0.3609641492366791,2.100060224533081,0.4257981479167938,3.3621437549591064,5.268368244171143,0.5899854898452759,0.6197085976600647,0.5073067545890808,0.29527875781059265,0.4378301501274109
20170128,0.3357064127922058,3.0562148094177246,0.4030776619911194,6.827454566955566,6.671212673187256,0.7999626398086548,0.4375968277454376,0.3993546962738037,0.2894112765789032,0.36344102025032043
20170129,0.7079895734786987,2.3219354152679443,0.4139552712440491,4.120206832885742,3.9212305545806885,0.5987905263900757,0.47113531827926636,0.43926382064819336,0.271176278591156,0.37684834003448486
20170130,,,0.4673870801925659,,,,,,0.22123639285564423,0.391702800989151
20170131,,,,,,,,,,0.3066028654575348
20170201,,1.4475258588790894,,,,,,,0.24649330973625183,
20170202,0.17062418162822723,,0.35647156834602356,,,0.7087057828903198,0.4803847372531891,0.2393357753753662,0.2738834023475647,0.3161090016365051
20170203,0.4043106138706207,2.590569257736206,0.4752144515514374,4.561561584472656,5.775101661682129,0.8978543877601624,0.6109634041786194,0.3874504268169403,0.22903557121753693,0.3668009340763092
20170204,,,,,,,,0.1581452488899231,0.2613410949707031,0.3627474009990692
20170205,,,,,,,,,,
20170206,0.1538599282503128,,0.18805013597011566,,,,,,,
20170207,0.5563712120056152,3.397493362426758,0.5694083571434021,3.329986810684204,8.595953941345215,0.7166056036949158,0.8830536007881165,0.47025391459465027,0.3879811763763428,0.2943720519542694
20170208,0.5820488333702087,4.100553035736084,0.476203590631485,5.3740129470825195,10.462785720825195,0.670976459980011,0.6031854152679443,0.4518353044986725,0.3570932447910309,0.4674053192138672
20170209,0.7709747552871704,2.860466241836548,0.5156821608543396,2.878776788711548,4.496061325073242,0.7207686901092529,0.9279660582542419,0.36248454451560974,0.7728644013404846,
20170210,,2.48705792427063,0.4832131564617157,2.7756857872009277,4.063804626464844,0.7064685821533203,0.660018801689148,0.35029926896095276,0.5943344831466675,0.8717455863952637
20170211,0.683710515499115,,,,,,,,,1.8586112260818481
20170212,0.869577169418335,1.8830053806304932,0.5050936937332153,2.653984785079956,,0.4445175528526306,1.30738365650177,0.19548991322517395,0.3639397919178009,
20170213,0.8848596215248108,3.242180347442627,0.45851051807403564,,2.871267557144165,,,,0.08292598277330399,0.15090736746788025
20170214,0.5932588577270508,2.8120646476745605,0.5265642404556274,3.4478113651275635,4.217197418212891,1.0719932317733765,1.0679552555084229,0.4288495182991028,0.46119651198387146,0.844586968421936
20170215,,2.1099750995635986,0.37267592549324036,,2.7491652965545654,0.8216491341590881,0.703423798084259,0.3560168445110321,0.6066625118255615,0.6109026670455933
20170216,0.22494268417358398,,,,,,,,0.28991585969924927,0.6790335774421692
20170217,0.10991129279136658,4.628174304962158,0.35665076971054077,,,,0.4263063669204712,,,1.0220046043395996
20170218,0.6863886117935181,,0.33419734239578247,,,,,0.1630474179983139,0.24691171944141388,0.33659958839416504
20170219,0.5426321625709534,,,,,,,0.19866174459457397,0.249442458152771,0.21639177203178406
20170220,0.8663837909698486,2.353550910949707,0.4686962068080902,2.5768661499023438,3.120063304901123,0.5485036969184875,1.0319364070892334,0.35803890228271484,0.4005002975463867,0.4171011745929718
20170221,0.2558880150318146,4.8481550216674805,1.5597772598266602,3.062044858932495,4.60860013961792,0.8750612139701843,0.8589400053024292,0.46730712056159973,0.4227752089500427,0.5665164589881897
20170222,0.61091148853302,1.6779175996780396,0.43631500005722046,,,,,,,0.6355170011520386
20170223,0.4840664863586426,2.6428966522216797,0.49679604172706604,2.665605068206787,4.763550281524658,0.5781809687614441,0.7235223650932312,0.28065016865730286,,0.42186006903648376
20170224,0.7771837711334229,2.902573585510254,0.5780839920043945,3.071065664291382,4.7611308097839355,,,0.2944100499153137,0.23046419024467468,0.22513248026371002
20170225,0.7291632294654846,2.5782227516174316,0.6608651280403137,2.6613786220550537,3.8264400959014893,0.8581975698471069,0.8424719572067261,0.5186800956726074,0.5496841073036194,0.6574626564979553
20170226,0.581927478313446,2.7285072803497314,0.7312451004981995,2.666470527648926,3.875492572784424,0.7915149927139282,0.7908070087432861,0.5010606646537781,0.44965773820877075,0.5911920070648193
20170227,0.4874221980571747,3.407144546508789,0.601730227470398,,,0.8797065019607544,0.7919242978096008,0.49422788619995117,0.5712040066719055,0.5142984390258789
20170228,0.4148264527320862,1.3454957008361816,0.4404121935367584,1.723142147064209,1.304433822631836,0.5575165152549744,0.5774268507957458,0.303973913192749,0.36775684356689453,0.43855583667755127
20170301,0.7127004265785217,3.2024810314178467,0.5331491827964783,5.719440460205078,7.138476371765137,0.6594571471214294,0.6592122316360474,0.40417614579200745,0.352428138256073,0.36843255162239075
20170302,0.7818019390106201,2.6783294677734375,0.5212368965148926,2.712900161743164,3.327817678451538,0.8466293215751648,0.6774599552154541,0.368011474609375,0.5589815378189087,0.763303279876709
20170303,1.1155543327331543,2.5757830142974854,0.604816198348999,2.6715991497039795,3.4137415885925293,0.8683344721794128,0.9565025568008423,0.415510356426239,0.5885465741157532,0.548180103302002
20170304,0.9609470367431641,1.158474087715149,0.46972113847732544,,,,,,0.44982030987739563,0.5516120791435242
20170305,0.8672714829444885,2.504364013671875,0.39311128854751587,2.4738240242004395,3.3092598915100098,,1.064876914024353,0.3294210433959961,0.21922123432159424,0.39074841141700745
20170306,0.7200484275817871,2.2797939777374268,0.48915544152259827,2.4792263507843018,3.0312600135803223,0.5473015904426575,0.8616462349891663,0.35141533613204956,0.6472710371017456,0.38627785444259644
20170307,0.970166027545929,2.1552414894104004,0.5311905145645142,2.639878273010254,3.1277084350585938,0.7102300524711609,1.0120667219161987,0.4269380569458008,0.5890985131263733,0.46810778975486755
20170308,0.7136892676353455,2.5048828125,0.5557906627655029,2.400184154510498,3.641409158706665,0.7457872033119202,0.8267207741737366,0.44474413990974426,0.6541374921798706,0.5391248464584351
20170309,0.5685644745826721,2.9766838550567627,0.6242364048957825,2.7236263751983643,4.7479376792907715,0.7872807383537292,0.744091272354126,0.6283538937568665,0.6446056365966797,0.6159741282463074
20170310,0.5224770307540894,3.1761045455932617,0.3734137713909149,,,0.7014464735984802,,0.3469001352787018,1.1811935901641846,0.6828938126564026
20170311,0.742584228515625,,,,,,,,,
20170312,0.27271008491516113,1.5198047161102295,0.4886658489704132,,,,,0.17765407264232635,0.5137997269630432,0.36525386571884155
20170313,1.3342443704605103,2.757000207901001,,2.3776819705963135,3.183992624282837,0.6196469068527222,,0.3052123188972473,0.4847816228866577,0.8405245542526245
20170314,0.6343560218811035,2.845447301864624,0.7210795283317566,3.313835382461548,4.278914928436279,1.02944815158844,1.099823236465454,0.43265628814697266,0.4447665810585022,0.4927978515625
20170315,0.13593432307243347,3.0497400760650635,0.7881311774253845,3.541595458984375,3.4276652336120605,0.9152273535728455,0.9478926062583923,0.8748337030410767,,0.4517143666744232
20170316,0.229093536734581,2.5777361392974854,0.5572953224182129,2.5433225631713867,3.0995163917541504,0.593946099281311,1.09640634059906,0.34210920333862305,0.27056261897087097,0.2317887842655182
20170317,0.4539696276187897,2.9792776107788086,0.6725022196769714,3.114718198776245,3.5655324459075928,0.891851544380188,1.098597526550293,0.483707070350647,0.45803630352020264,0.44253164529800415
20170318,0.6043907999992371,2.5618324279785156,0.6522316932678223,2.8258962631225586,3.5858964920043945,0.8242208361625671,1.0225670337677002,0.4508734941482544,0.39961403608322144,0.5115363597869873
20170319,0.5898846983909607,3.040591239929199,0.6650399565696716,3.103861093521118,5.0401434898376465,0.9296543598175049,0.9105082154273987,0.4253079891204834,0.3854838013648987,0.4719979763031006
20170320,0.3158928453922272,4.0310540199279785,0.5434268712997437,2.818936824798584,,0.5087239742279053,,0.3196820318698883,0.31698787212371826,0.3233290910720825
20170321,0.4068352282047272,2.5473639965057373,0.4124493896961212,2.150283098220825,1.5018274784088135,0.5848672986030579,0.5563083291053772,0.35523393750190735,,
20170322,0.5775092840194702,2.398266553878784,,,,,,,0.24341876804828644,0.1668369024991989
20170323,0.4442318081855774,3.1322574615478516,0.6556092500686646,2.660975933074951,4.733458042144775,0.7872483730316162,0.9515575170516968,0.4367988705635071,0.4436293840408325,0.416244238615036
20170324,1.710760474205017,2.736931085586548,0.6001216769218445,,5.8455352783203125,1.0141879320144653,1.1046165227890015,0.42453721165657043,0.3731802701950073,
20170325,0.24850772321224213,,,,,,,0.17840179800987244,0.4361727833747864,0.4459056854248047
20170326,0.6272014379501343,4.360743999481201,0.567528247833252,,,,,,0.6181504726409912,0.761836051940918
20170327,0.38840070366859436,2.1651570796966553,0.6179783344268799,2.184251308441162,,0.8540744781494141,1.1178675889968872,0.4001272916793823,0.682548463344574,0.4416039288043976
20170328,0.7225185632705688,3.6867387294769287,0.7217223644256592,3.675699472427368,4.178325176239014,0.9018206000328064,1.1832224130630493,0.4240339696407318,0.4031994044780731,0.8330855965614319
20170329,0.15133287012577057,,0.19892439246177673,,,,,,,0.2030998170375824
20170330,0.4006722569465637,2.692758560180664,0.7242005467414856,2.491448163986206,3.244211435317993,0.9875203371047974,1.584875226020813,0.3979281485080719,0.43538832664489746,0.3640608489513397
20170331,3.7023606300354004,2.9826889038085938,0.9878572821617126,2.279613971710205,2.7791008949279785,,1.3534040451049805,,0.14331971108913422,1.305257797241211
20170401,0.23057861626148224,2.0978760719299316,0.5324393510818481,1.9626573324203491,,,1.1519801616668701,,,0.2821264863014221
20170402,0.4603950083255768,3.301521062850952,0.5209820866584778,2.7815911769866943,3.036900281906128,,1.2594759464263916,0.3074604570865631,0.3746114671230316,0.20366644859313965
20170403,0.6500441431999207,2.596104860305786,0.8838084936141968,2.6438257694244385,3.0396533012390137,1.3646975755691528,1.2090898752212524,0.737607479095459,0.6324905157089233,0.9220340847969055
20170404,0.721014142036438,2.516432046890259,0.8866261839866638,2.462503671646118,3.1936604976654053,1.02483069896698,1.082523226737976,0.6785253286361694,0.6622353196144104,0.6636343598365784
20170405,0.5622128844261169,2.1639456748962402,0.774782121181488,2.47088623046875,3.280799388885498,0.9565708041191101,0.9096804857254028,0.5134943723678589,0.5552396774291992,0.5262933373451233
20170406,0.5158350467681885,2.476940393447876,0.6788949370384216,2.3391060829162598,4.510284423828125,0.8203833699226379,1.0135756731033325,0.5145024657249451,0.7254763841629028,0.41926732659339905
20170407,0.3913249969482422,,0.8245940804481506,,,0.7244893312454224,,0.5677551627159119,1.0611532926559448,0.4073951840400696
20170408,0.18324042856693268,3.117081642150879,0.6549372673034668,3.3335251808166504,6.884786128997803,0.917241632938385,0.8788621425628662,0.20601950585842133,0.5448351502418518,0.504787027835846
20170409,0.3457089364528656,2.3690292835235596,0.5686416029930115,1.8473504781723022,3.0204408168792725,,,0.4920451045036316,0.5568695068359375,0.32430991530418396
20170410,0.10563625395298004,1.938765048980713,0.18708080053329468,,,,,0.2792401611804962,0.22234974801540375,0.1689288467168808
20170411,0.5749038457870483,2.3218274116516113,0.5703498125076294,2.226925849914551,2.6889610290527344,1.1846611499786377,,0.2975969612598419,0.2660817503929138,0.32844141125679016
20170412,0.5075023770332336,2.413649559020996,0.7438951134681702,2.4754233360290527,3.0537023544311523,1.0308310985565186,1.2251814603805542,0.6664765477180481,0.8381555080413818,0.5056005120277405
20170413,0.48294681310653687,3.4554805755615234,0.732863187789917,4.264316558837891,5.094760417938232,1.2161574363708496,1.1521122455596924,0.7964977622032166,0.5866713523864746,0.7179474234580994
20170414,0.5292033553123474,2.943042278289795,0.7481431365013123,3.08965802192688,3.6812899112701416,1.1151217222213745,1.0827594995498657,0.6584822535514832,0.9572920203208923,0.39264026284217834
20170415,0.7446834444999695,3.5383245944976807,0.840913712978363,,,1.761139988899231,1.3224642276763916,1.3885117769241333,0.5758598446846008,0.29086267948150635
20170416,0.6674159169197083,2.6990883350372314,0.5418371558189392,,,0.8351451754570007,1.0656532049179077,0.625897228717804,0.5649521946907043,0.4694821834564209
20170417,0.36501583456993103,3.0866522789001465,0.723186194896698,,,0.7859832644462585,,0.646344780921936,0.5080669522285461,0.4970023036003113
20170418,0.7437393069267273,5.0410308837890625,1.049497127532959,,,1.5164798498153687,,,0.5888587236404419,0.7227630019187927
20170419,0.40357744693756104,,0.7393981218338013,,,,,1.0266878604888916,,
20170420,0.17533034086227417,,0.2860015630722046,,,,,,,
20170421,0.47843313217163086,1.749656081199646,0.6385831236839294,2.6131162643432617,3.5020182132720947,0.8179617524147034,0.8852001428604126,0.5994753837585449,0.31245148181915283,0.34093913435935974
20170422,0.2604004442691803,0.7497687935829163,0.6010081171989441,,,0.7667623162269592,0.7180834412574768,0.6891500949859619,,1.2518105506896973
20170423,0.2291760891675949,,0.5595225095748901,,,,,,0.7026403546333313,
20170424,0.3807355761528015,,,,,,,,,
20170425,0.34892162680625916,1.9383533000946045,0.3518546521663666,,3.152047872543335,,,0.5672445297241211,0.29634493589401245,0.45561549067497253
20170426,0.5247179269790649,2.4529917240142822,,,,,,,,0.5002011060714722
20170427,0.21555903553962708,2.029911518096924,0.3927175998687744,,,,,0.4354083240032196,0.575415849685669,
20170428,1.1954057216644287,,0.33953648805618286,,,,,,0.22865156829357147,0.31372544169425964
20170429,0.6022713780403137,2.4542036056518555,0.4519123435020447,,,,,,0.34167689085006714,0.25408151745796204
20170430,0.4290012717247009,,,,,,,,0.27898868918418884,0.25326764583587646
20170501,0.2585614025592804,,0.5627682209014893,,,,,0.4859410226345062,0.32610467076301575,0.23227502405643463
20170502,0.17509537935256958,1.9224649667739868,0.3367418944835663,,,,,0.7758694887161255,0.423419326543808,0.4674755036830902
20170503,0.3541969060897827,1.9158092737197876,0.7527526617050171,1.9670504331588745,1.8001866340637207,1.3511120080947876,1.0344148874282837,0.622412383556366,0.1885906159877777,0.16579608619213104
20170504,0.4369015097618103,5.941702365875244,1.4270793199539185,8.075942039489746,9.805575370788574,2.150282144546509,2.105128765106201,1.649771809577942,0.7241689562797546,1.9510914087295532
20170505,0.31834039092063904,,0.9298771023750305,,,1.4433540105819702,1.2773494720458984,0.9866870045661926,0.7971084713935852,0.9457053542137146
20170506,0.5395436882972717,2.568588972091675,0.6113361120223999,,,0.7926626801490784,,0.7132308483123779,0.31010928750038147,0.2986457645893097
20170507,0.5970649719238281,2.9019808769226074,,,,,,,0.23221395909786224,0.4557664096355438
20170508,0.7763147950172424,2.939584732055664,0.8411743640899658,2.734409809112549,3.8040590286254883,,0.8251355886459351,,0.2430323213338852,0.3148256838321686
20170509,0.716406524181366,5.236952781677246,1.1930674314498901,3.3120815753936768,10.048524856567383,1.0865141153335571,1.3992910385131836,1.139072060585022,0.32428833842277527,0.5956650972366333
20170510,1.630542278289795,2.381542921066284,0.865339994430542,,,,,1.0514506101608276,0.8067182898521423,1.9744008779525757
20170511,0.6844063997268677,2.30834698677063,0.8508190512657166,,,1.0718945264816284,1.5141878128051758,1.0047968626022339,1.3632314205169678,
20170512,0.749927282333374,3.2419486045837402,0.7677706480026245,3.450129747390747,6.8755292892456055,1.2831778526306152,1.1069843769073486,1.4311143159866333,0.4503801763057709,0.3622869551181793
20170513,0.5000850558280945,2.7706618309020996,0.7542661428451538,2.8046205043792725,7.443227767944336,1.1379607915878296,1.1282503604888916,3.7795677185058594,,0.6399878263473511
20170514,1.9107372760772705,4.484251022338867,0.983640730381012,4.8137431144714355,9.905912399291992,1.1683443784713745,1.3772915601730347,0.95899498462677,0.4639427959918976,0.3106318712234497
20170515,0.5766853094100952,5.552502632141113,,,,,,1.2646023035049438,0.5116670727729797,0.6633698344230652
20170516,0.345915287733078,,,,,,,,,
20170517,0.6677510142326355,,0.5404202342033386,,,,,,,
20170518,0.491262286901474,2.181199073791504,0.6891564130783081,,,1.073020339012146,0.8046697378158569,0.9130412936210632,,1.9821927547454834
20170519,0.4924716651439667,2.5595011711120605,0.7102627158164978,1.5170968770980835,,1.0855411291122437,,,,
20170520,0.5806909799575806,6.115206241607666,1.0024546384811401,,,2.884683847427368,1.4280247688293457,1.479751467704773,0.9780373573303223,1.1101104021072388
20170521,0.665865957736969,4.092700481414795,0.7989277839660645,5.039546966552734,7.031488418579102,1.3103752136230469,1.0936795473098755,0.930515706539154,0.5372753143310547,0.4903669059276581
20170522,0.32865747809410095,1.8175612688064575,1.3315229415893555,,,,,1.2035926580429077,,1.476138710975647
20170523,0.40842756628990173,2.0053420066833496,0.4155968725681305,2.2071056365966797,3.461637020111084,,0.7101088166236877,0.9815829396247864,0.2733408212661743,0.6971192359924316
20170524,0.3545021712779999,1.7634398937225342,0.2844969928264618,,,,0.5511153936386108,0.4500306248664856,0.14605849981307983,0.30291232466697693
20170525,0.6503087878227234,3.619936227798462,0.7432002425193787,3.7859787940979004,5.589306354522705,1.5105299949645996,1.1826515197753906,0.7412458062171936,,
20170526,0.7216318249702454,4.0571136474609375,0.7923660278320312,4.206662178039551,7.6711883544921875,1.6399049758911133,1.2028573751449585,0.9591306447982788,0.5267128348350525,12.595805168151855
20170527,0.44221195578575134,3.620244026184082,0.5154188275337219,,4.274780750274658,,,1.054274320602417,0.7770131826400757,0.4089592695236206
20170528,0.3488917350769043,1.4445120096206665,0.6224581003189087,,,0.904468834400177,1.0894124507904053,0.7671803832054138,0.40143540501594543,0.6008895039558411
20170529,0.3844393789768219,1.924070954322815,0.4992441236972809,,,,,0.49324312806129456,0.2265043556690216,0.619070827960968
20170530,0.7908622026443481,1.9215219020843506,,,,1.0058985948562622,0.7578360438346863,0.7657841444015503,0.3764377236366272,0.3991237282752991
20170531,0.7910131812095642,3.4634621143341064,0.8766692876815796,3.700906991958618,4.267136096954346,2.0562973022460938,1.211211085319519,0.7340053915977478,,0.5953316688537598
20170601,0.7314653992652893,2.9437620639801025,0.8883856534957886,3.1812820434570312,3.8970730304718018,1.7289984226226807,1.4239221811294556,1.3034720420837402,0.6278298497200012,
20170602,0.7396113872528076,3.5861198902130127,0.8464967608451843,3.59913969039917,4.769386291503906,1.5032621622085571,1.4545819759368896,1.093022346496582,0.5638812184333801,0.4146293103694916
20170603,0.6410930752754211,2.8914785385131836,0.900307834148407,3.097811222076416,5.98777437210083,1.3314330577850342,1.3485957384109497,0.9323679804801941,0.6148762702941895,0.3753718137741089
20170604,1.4162845611572266,3.557804584503174,0.761800229549408,,,,,,,1.8253339529037476
20170605,0.8985079526901245,7.269724369049072,0.8122349381446838,4.317298412322998,9.469684600830078,,1.05695378780365,0.4991902709007263,0.2675268352031708,0.20902982354164124
20170606,0.7132861018180847,1.4314191341400146,0.6367902755737305,2.41451358795166,3.735267162322998,0.9408146142959595,0.8430957198143005,0.7820714712142944,0.4948524236679077,
20170607,0.7650933265686035,3.8364078998565674,0.7174848914146423,3.5798304080963135,5.273097515106201,1.3413532972335815,1.0341862440109253,1.3705698251724243,0.4127306044101715,4.323946475982666
20170608,0.7672658562660217,3.0405893325805664,0.4628089368343353,2.7045533657073975,4.543490886688232,,0.8302261829376221,0.5311676859855652,0.43222349882125854,0.32992663979530334
20170609,0.8010315895080566,3.842799663543701,,,,,,0.5695774555206299,0.2309824824333191,0.30910584330558777
20170610,0.7070581912994385,4.419698715209961,0.407741516828537,4.30967378616333,11.512431144714355,0.9110304713249207,1.578004002571106,0.6563528180122375,0.3000551462173462,1.3231213092803955
20170611,1.2055308818817139,4.904353141784668,0.6078506708145142,,5.011282444000244,0.683738112449646,1.1591789722442627,2.167588472366333,0.3023860454559326,
20170612,0.6127088069915771,3.7727901935577393,0.5742993354797363,2.4200994968414307,3.346010446548462,0.9242861866950989,0.9300680160522461,0.41046595573425293,0.3091217875480652,
20170613,0.7102824449539185,3.5433661937713623,0.7004424333572388,2.8019728660583496,3.6953542232513428,1.0069453716278076,0.8744337558746338,1.1779987812042236,0.4010227620601654,0.2560652196407318
20170614,1.180622935295105,4.17216682434082,0.7132763862609863,2.9059078693389893,4.2846174240112305,1.8995003700256348,1.0124785900115967,1.100205421447754,,
20170615,,,,,,,,,0.3783947825431824,0.5131224393844604
20170616,0.5244619846343994,,,,,,,,,1.4210319519042969
20170617,0.5937510132789612,3.895500421524048,0.5081652998924255,1.041235089302063,3.9422597885131836,0.9609391689300537,0.9691934585571289,0.8018829226493835,0.5269328951835632,
20170618,0.7205063104629517,3.887331247329712,0.5415989756584167,2.0492608547210693,5.141345500946045,1.046792984008789,0.795945405960083,0.5650546550750732,0.3838912844657898,0.3348698914051056
20170619,0.7842267751693726,4.217459201812744,0.6780242919921875,5.572734355926514,10.240914344787598,1.1269451379776,1.0401365756988525,0.9144563674926758,0.28787124156951904,0.2444816529750824
20170620,0.6092994213104248,4.377009868621826,0.7306660413742065,4.897552013397217,12.45449447631836,1.113651990890503,1.5150078535079956,1.297349214553833,1.2455309629440308,0.5296524167060852
20170621,0.7068119645118713,3.3326826095581055,0.9991940855979919,6.105129718780518,14.562909126281738,3.5662143230438232,3.449577808380127,2.1889007091522217,,0.22703640162944794
20170622,0.7746546268463135,4.529224872589111,0.6674563884735107,5.888228893280029,8.885645866394043,1.4191317558288574,1.1505085229873657,1.2452625036239624,0.7148243188858032,
20170623,0.7679930329322815,,0.9128257632255554,,,0.8817408084869385,1.7643909454345703,0.8276821970939636,0.3502632677555084,0.2847691774368286
20170624,0.9580280184745789,2.644629716873169,0.6103247404098511,1.613059163093567,,0.8921133875846863,1.0463483333587646,0.9059799313545227,0.22325441241264343,0.5054251551628113
20170625,0.5192320346832275,1.1192281246185303,0.45791441202163696,,,0.5184939503669739,0.33157891035079956,0.6176995038986206,0.38955628871917725,0.25413739681243896
20170626,0.5237104892730713,8.203621864318848,0.7829540371894836,,0.4475613534450531,0.6990759968757629,0.4739602208137512,0.6832878589630127,0.3285823464393616,0.3856578767299652
20170627,0.5417231321334839,5.46449089050293,0.8519772291183472,,4.077308654785156,0.782558023929596,1.0999712944030762,0.8219155669212341,0.8103216886520386,
20170628,0.41257810592651367,3.9370551109313965,,,,,,,,0.3859303891658783
20170629,0.6896204352378845,1.799283742904663,0.525513231754303,,,1.2591785192489624,0.5299717783927917,0.5264728665351868,0.37655574083328247,0.14747799932956696
20170630,0.8954693675041199,1.8308156728744507,0.6432810425758362,1.7571117877960205,2.4254279136657715,0.9685332179069519,1.074817180633545,1.2081412076950073,0.37385493516921997,0.33389538526535034
20170701,0.748376190662384,3.6451282501220703,0.7087749242782593,2.795182704925537,8.84030532836914,0.9694796800613403,1.4621254205703735,0.9339467883110046,0.6142167448997498,0.6885654926300049
20170702,,5.552927017211914,,2.895199775695801,8.622363090515137,1.1335079669952393,1.3050537109375,1.0429677963256836,0.8457450866699219,0.7720157504081726
20170703,0.38333651423454285,,0.31536781787872314,,,,,,0.2087337225675583,0.29952043294906616
20170704,0.5097394585609436,1.049666166305542,0.4476553201675415,,,,,0.7074376344680786,0.37594330310821533,1.245556116104126
20170705,0.5830219388008118,1.76138436794281,0.5650423765182495,,,0.6438077688217163,0.9893754720687866,0.4230431318283081,0.43239229917526245,0.3003069758415222
20170706,0.4699729382991791,1.9659935235977173,0.5662847757339478,,2.6448004245758057,0.624442994594574,,0.5924643278121948,0.34014269709587097,0.7751652598381042
20170707,0.5013997554779053,1.7448867559432983,0.5024072527885437,,,,,2.022461175918579,1.5131059885025024,0.9445762038230896
20170708,0.6725748777389526,1.519884467124939,0.6123315095901489,1.2314205169677734,1.759161353111267,0.9578733444213867,,0.38682886958122253,0.1967691034078598,
20170709,0.5541588068008423,1.7065138816833496,0.5522873401641846,2.1051676273345947,2.6253910064697266,0.8133779764175415,0.9913422465324402,0.6456230282783508,0.29117873311042786,0.25501951575279236
20170710,0.6339352130889893,2.091757297515869,0.707232654094696,1.2543679475784302,2.6868104934692383,0.4927016794681549,0.621008038520813,0.6927105784416199,0.408043771982193,0.32465216517448425
20170711,,2.8268685340881348,0.6509942412376404,2.396030902862549,4.089923858642578,1.0748214721679688,1.0794192552566528,0.7741187214851379,0.4268134832382202,0.5245177745819092
20170712,0.6410238742828369,3.770458459854126,0.6766843795776367,,,,,0.9081162214279175,0.5090606212615967,0.660932183265686
20170713,0.7183483839035034,2.643486738204956,0.6173059940338135,,,,,0.559160590171814,0.5078833103179932,0.40738311409950256
20170714,0.5294995903968811,1.2099848985671997,0.5332245230674744,,,0.9944756031036377,0.6477274298667908,0.4997764527797699,0.3117358088493347,0.25466036796569824
20170715,0.5141176581382751,1.9128283262252808,0.45463427901268005,,1.9996823072433472,0.38786113262176514,0.8754728436470032,0.5300058722496033,0.27252957224845886,0.5234330892562866
20170716,,,,,,,,,,
20170717,0.3500376045703888,0.8651978969573975,0.5765835642814636,,,,,,0.19741764664649963,0.4929593801498413
20170718,0.4145030677318573,1.0405783653259277,0.5349951982498169,,,0.5134468078613281,,0.6760547757148743,0.4073173701763153,0.29994073510169983
20170719,0.41425809264183044,1.9803813695907593,0.39305031299591064,,,,,,0.22093269228935242,0.19229885935783386
20170720,0.6176795363426208,2.138352632522583,0.677044689655304,,4.213520526885986,,,1.1624159812927246,0.2218136191368103,0.39466747641563416
20170721,0.5524659752845764,2.291398048400879,0.7333092093467712,2.1221671104431152,4.203492164611816,0.8907111883163452,1.041224718093872,0.8730544447898865,0.4711737036705017,0.7265731692314148
20170722,0.5625394582748413,1.7584813833236694,0.7515125870704651,1.8444626331329346,4.632937908172607,0.9346122145652771,1.7093870639801025,0.794376015663147,0.44398462772369385,0.32225024700164795
20170723,0.5714754462242126,2.2619659900665283,0.6334991455078125,,2.020620346069336,1.178186297416687,,0.6531581878662109,0.626227855682373,0.22090597450733185
20170724,0.645124077796936,2.3689332008361816,0.7330540418624878,2.8280189037323,4.478245258331299,1.1268762350082397,0.8798527717590332,0.6682539582252502,0.3519698977470398,0.3175937533378601
20170725,0.510442852973938,,0.511293351650238,,,0.5830638408660889,0.7029954195022583,0.581217885017395,0.282034307718277,0.6458450555801392
20170726,0.6543679237365723,2.8796770572662354,0.5291012525558472,2.6225717067718506,3.345844030380249,0.4045737087726593,0.9596779346466064,0.6371902227401733,0.3859333395957947,0.43383607268333435
20170727,0.5248149633407593,,,,,,,,,
20170728,0.5844151973724365,,,,,,,,,0.6695666909217834
20170729,0.3598274886608124,,,,,,,,,
20170730,0.4847106337547302,1.5836609601974487,0.6578314900398254,2.1395599842071533,3.112361431121826,1.0321626663208008,0.9873816967010498,0.5415483713150024,0.3411724269390106,0.44082117080688477
20170731,0.4447246789932251,1.5870156288146973,0.5207866430282593,1.404011607170105,2.28092098236084,0.6847807765007019,0.7435011267662048,0.5334641337394714,0.35043784976005554,0.6260344386100769
20170801,0.5152193903923035,2.6901538372039795,0.6452689170837402,2.1152279376983643,5.2423577308654785,0.8969281911849976,0.8113881349563599,0.46022501587867737,0.31764093041419983,0.5649767518043518
20170802,,,,,,,,,0.44301992654800415,0.4661813974380493
20170803,0.48333415389060974,0.5649987459182739,0.5080596804618835,,,,,,0.6144402623176575,
20170804,0.42452284693717957,0.8299338221549988,0.49238958954811096,,,,,,,
20170805,0.8714749813079834,1.9345810413360596,0.4973244369029999,1.8042569160461426,1.8474477529525757,,,,0.21229198575019836,0.4151262640953064
20170806,0.40208929777145386,0.9675546288490295,0.629575788974762,,,,,0.5506393909454346,0.19429416954517365,0.7735220193862915
20170807,0.45701536536216736,0.9072543382644653,0.4865172505378723,,,,,,0.31197407841682434,0.31387364864349365
20170808,0.5182894468307495,2.6303274631500244,0.5607564449310303,,,,,,0.2497679740190506,
20170809,0.6591130495071411,,1.3933794498443604,,,0.8606670498847961,1.309584140777588,,,0.4464932978153229
20170810,0.4621008336544037,1.7405967712402344,0.586651623249054,1.5563998222351074,2.7694785594940186,1.1806578636169434,1.0239293575286865,0.5136595964431763,0.24970701336860657,0.6909564733505249
20170811,0.45782604813575745,1.956013798713684,0.6634132862091064,1.3095890283584595,2.3545892238616943,0.6979355812072754,1.4761170148849487,0.4746039807796478,0.3742011785507202,0.3586842119693756
20170812,0.7005800008773804,2.6976494789123535,,,,,,,0.25608301162719727,0.3746088147163391
20170813,0.31759020686149597,,0.8229698538780212,1.5519464015960693,,0.7741647958755493,1.685676097869873,0.707992434501648,0.444826602935791,0.48648950457572937
20170814,,,,,,,,0.5117848515510559,0.4493598937988281,1.2124947309494019
20170815,0.2557763457298279,,0.3182142972946167,,,,,,0.2343771606683731,0.26286762952804565
20170816,0.49230390787124634,1.4190800189971924,0.5811655521392822,1.8830500841140747,2.878634452819824,0.8406445384025574,1.00323486328125,0.544329822063446,0.3013644814491272,0.4859437942504883
20170817,0.48463013768196106,1.0272612571716309,0.5082242488861084,,1.454913854598999,0.4985748529434204,1.3002049922943115,0.5706730484962463,0.22147150337696075,0.3135078251361847
20170818,0.5801732540130615,1.4505559206008911,0.5893309712409973,,,0.5159090757369995,,0.4676893353462219,0.2780335247516632,0.264563649892807
20170819,0.44350844621658325,2.108440399169922,0.5713900923728943,1.8430323600769043,2.65944242477417,0.9275439977645874,1.3855092525482178,0.6004723310470581,0.543075442314148,0.3745900094509125
20170820,,,,,,,,,,0.5631097555160522
20170821,0.24274148046970367,1.395043969154358,0.475117027759552,,,0.4882669746875763,,0.46398991346359253,0.46093258261680603,0.402466356754303
20170822,0.4733121991157532,1.4385476112365723,0.4763784110546112,,,,1.7325481176376343,0.641349732875824,0.3030381202697754,0.4198639392852783
20170823,0.42892327904701233,,0.48767349123954773,,,0.6233318448066711,0.6347740888595581,0.4447699189186096,0.34187832474708557,0.20482510328292847
20170824,0.38808897137641907,1.0525692701339722,0.42368435859680176,,1.6973313093185425,1.0315651893615723,0.7601498961448669,0.4007493257522583,0.31375983357429504,0.29675567150115967
20170825,0.8923940658569336,2.9324610233306885,0.4531583786010742,,,0.38214221596717834,0.5486982464790344,0.3424709737300873,0.23849643766880035,0.1844567209482193
20170826,0.6879873275756836,3.2691900730133057,0.3902694582939148,,,0.5245116949081421,,0.2961936295032501,0.2795269787311554,0.2974344789981842
20170827,0.2972918152809143,1.5539617538452148,0.36173275113105774,,2.1579415798187256,0.4719296395778656,0.6793752312660217,0.5019667744636536,0.28487205505371094,0.42714816331863403
20170828,0.23753131926059723,1.7333996295928955,0.3755681812763214,,,0.5369153022766113,,0.35638293623924255,0.3511395752429962,0.39509519934654236
20170829,0.6593589782714844,3.3839614391326904,0.4708387553691864,1.2473129034042358,1.38209867477417,0.42005980014801025,0.43593645095825195,0.4422110617160797,0.33083659410476685,0.39869043231010437
20170830,0.4513680338859558,3.4252350330352783,0.4807489216327667,2.226017951965332,5.4447784423828125,1.0669699907302856,1.3184118270874023,0.44248777627944946,0.36295273900032043,0.3856862485408783
20170831,0.5919404625892639,3.238211154937744,0.4931550920009613,3.256807565689087,10.634124755859375,0.791067361831665,0.7852491736412048,0.5122050642967224,0.45508629083633423,1.0047035217285156
20170901,,1.6107290983200073,0.3199889659881592,,,0.3557928204536438,1.1737067699432373,0.47947433590888977,0.4879906475543976,0.3435359597206116
20170902,,,,,,,,,,
20170903,0.27619698643684387,0.8375093340873718,0.3033791184425354,,,,,0.2708333432674408,,0.3607318103313446
20170904,0.2742771506309509,1.1265708208084106,0.5200952291488647,,,0.5085594058036804,,0.5255478024482727,0.4893171787261963,0.28366073966026306
20170905,0.6868183612823486,1.5289068222045898,0.36321163177490234,,,0.40122190117836,,0.4206721782684326,0.3018016815185547,0.2631820738315582
20170906,0.32639288902282715,,0.36262908577919006,,,0.46698907017707825,0.689228892326355,0.625028133392334,0.2465832233428955,0.4039381742477417
20170907,0.20633269846439362,1.1269116401672363,0.49148181080818176,,1.9856758117675781,0.5863637924194336,0.6487283706665039,0.6244338154792786,0.3194778859615326,0.34870466589927673
20170908,0.31626981496810913,0.9871845245361328,0.36611276865005493,,,,1.0508747100830078,0.5152249336242676,0.1275758296251297,0.32030120491981506
20170909,0.32816290855407715,1.651353359222412,0.4639323353767395,,,,,0.5046643614768982,0.1688571572303772,0.5212822556495667
20170910,0.394061416387558,2.235697031021118,0.5555177927017212,,,,,,0.41154563426971436,1.526654839515686
20170911,0.9151917695999146,0.6218295097351074,0.5202144980430603,,,,,0.5231735706329346,0.2448914647102356,0.45078086853027344
20170912,0.33778923749923706,2.194077253341675,0.53229159116745,1.588065266609192,6.890639781951904,0.5147943496704102,1.0740371942520142,0.46801331639289856,0.32678085565567017,0.24978630244731903
20170913,0.29323938488960266,0.48791658878326416,0.35755279660224915,,,0.32928264141082764,0.41642892360687256,0.3925331234931946,0.27038535475730896,0.21204298734664917
20170914,0.276049941778183,,0.33510512113571167,,,,,0.34503844380378723,0.20057040452957153,0.24121007323265076
20170915,0.3901751637458801,,,,,,,,,
20170916,0.5891108512878418,2.9699981212615967,0.6676133275032043,2.8540287017822266,6.504663467407227,1.033423662185669,1.3586989641189575,0.518291711807251,0.4439123868942261,0.736763596534729
20170917,0.7114154696464539,2.7704222202301025,0.6441851258277893,1.8255854845046997,8.143028259277344,0.7348797917366028,1.0992721319198608,0.6011791229248047,0.5211243033409119,1.810845971107483
20170918,0.4641706347465515,0.5823698043823242,0.4031171202659607,,,0.4838820993900299,0.5911843180656433,0.4432610273361206,0.2727213501930237,
20170919,0.5545846223831177,0.9751935005187988,,,,,1.0730100870132446,,0.376991868019104,0.4164321720600128
20170920,0.5894861817359924,,0.39374715089797974,,,,,,,
20170921,0.4632015526294708,2.4490556716918945,0.4433750808238983,1.7334375381469727,6.936463356018066,0.7578591704368591,0.9695290327072144,0.40186959505081177,0.3892894387245178,0.37515348196029663
20170922,0.40012669563293457,3.1020023822784424,0.680634617805481,2.83730411529541,11.10956859588623,0.7385172247886658,1.1167619228363037,0.4434427320957184,0.5178557634353638,0.6046335101127625
20170923,0.30967438220977783,1.756945013999939,0.38679373264312744,1.9025291204452515,3.1145668029785156,0.555854082107544,0.7369699478149414,0.2769372761249542,0.2699315547943115,0.47733744978904724
20170924,0.2515786588191986,1.7354823350906372,0.3764655590057373,,1.4631425142288208,,,0.30729517340660095,0.3310561776161194,0.30808332562446594
20170925,0.30794134736061096,1.40006422996521,0.37477684020996094,1.4263931512832642,2.5406296253204346,0.5122600197792053,0.8120458722114563,0.39230406284332275,0.3395518362522125,0.3008292615413666
20170926,0.48660820722579956,2.104417324066162,0.49089935421943665,,,,,0.47150200605392456,,0.8297666907310486
20170927,0.5073044300079346,2.5442473888397217,0.6076433658599854,2.7301604747772217,9.176738739013672,0.7767190933227539,1.0820200443267822,0.4518887996673584,0.4762223958969116,0.8290563821792603
20170928,0.4527442157268524,1.8198679685592651,0.29403725266456604,0.7571646571159363,1.7804248332977295,0.3698873221874237,0.4418333172798157,0.3687330186367035,0.3982257843017578,0.3570309579372406
20170929,0.22763590514659882,1.7722777128219604,0.3666096329689026,,1.8416547775268555,0.37497758865356445,0.5276967883110046,0.35202765464782715,0.31526294350624084,0.32484886050224304
20170930,0.35834699869155884,1.3869572877883911,0.30946964025497437,,1.8568788766860962,0.4287033677101135,0.6240298748016357,0.39746153354644775,0.7466797232627869,0.4247891306877136
20171002,0.45547619462013245,2.894287586212158,0.49183812737464905,4.221087455749512,9.650124549865723,0.8213869333267212,1.2417882680892944,0.38113418221473694,0.4828687906265259,0.5132246613502502
20171003,0.41000282764434814,3.174410104751587,0.5068585872650146,3.649418354034424,10.505215644836426,0.8668966293334961,0.9753565788269043,0.46424400806427,0.4350086748600006,0.6121300458908081
20171004,,2.600630044937134,,,,,,,,1.4242796897888184
20171005,,,,,,,,0.2828138470649719,0.2160673439502716,0.3056591749191284
20171006,0.23353716731071472,,,,,,,,0.5709400177001953,0.3128200173377991
20171007,0.5611422061920166,2.101816415786743,0.553188681602478,2.4840874671936035,5.211498737335205,0.8243383169174194,0.9936755299568176,0.46112510561943054,0.6899591088294983,0.7219765782356262
20171008,0.4490082263946533,2.0838091373443604,0.6569943428039551,2.9024839401245117,7.1552886962890625,0.8245639204978943,1.0620107650756836,0.38357147574424744,0.5371402502059937,0.5493723154067993
20171009,0.35425809025764465,2.1828501224517822,0.3969360589981079,1.688148021697998,3.4881818294525146,0.33251485228538513,0.6422720551490784,0.3356238603591919,0.6337798237800598,0.48216933012008667
20171010,,2.3307528495788574,0.5965604782104492,2.544804811477661,11.8795804977417,0.6790218949317932,0.3934899866580963,0.3042982518672943,0.6105428338050842,0.8222943544387817
20171011,0.2753424048423767,0.23894046247005463,,,,,,,,
20171012,0.38374194502830505,1.807935357093811,0.26100119948387146,,,0.30786630511283875,,0.27344828844070435,0.4578673243522644,0.3722701072692871
20171013,0.5992715954780579,1.9929572343826294,0.30434727668762207,,,0.4549582004547119,0.8418315649032593,0.3094418942928314,0.3760339021682739,0.4335455894470215
20171014,0.3390429615974426,2.376784086227417,0.5254467129707336,1.8967580795288086,6.074918746948242,1.0066405534744263,0.7732779383659363,0.5253400802612305,0.5101895928382874,0.5910292863845825
20171015,0.3552415668964386,1.4390097856521606,0.43967053294181824,1.2362066507339478,,0.612112820148468,0.4991208612918854,0.29833632707595825,0.3154030740261078,0.9122778177261353
20171016,0.3057347536087036,1.4436451196670532,0.3708437383174896,1.1248183250427246,3.8821377754211426,0.4732954800128937,0.2801680862903595,0.2894401550292969,0.43780457973480225,0.5807695984840393
20171017,0.3487861454486847,2.7821903228759766,0.46205905079841614,2.8636698722839355,9.368617057800293,0.9694274067878723,0.41200950741767883,0.28501999378204346,0.47242316603660583,0.5500047206878662
20171018,,2.0331132411956787,0.7435311675071716,2.986236095428467,4.733051776885986,0.38650447130203247,0.3724423348903656,0.3338324725627899,0.4853501319885254,0.5982065796852112
20171019,,,,1.6589868068695068,4.047927379608154,0.2702902853488922,0.7592200636863708,0.2419469952583313,0.4477468729019165,0.4366506338119507
20171020,0.29916396737098694,0.3432422876358032,0.2762717604637146,,,,,0.14763078093528748,,0.5830509066581726
20171021,0.45408666133880615,1.0739282369613647,0.35104742646217346,2.0862443447113037,1.351088047027588,,,,,0.21136237680912018
20171022,0.6320710182189941,1.452914834022522,0.1819227933883667,1.9879415035247803,1.942036747932434,0.3937704563140869,0.3919115960597992,0.12349267303943634,0.2568700313568115,0.24433861672878265
20171023,0.37537989020347595,0.7223102450370789,0.2085934281349182,,,,,0.22533665597438812,,
20171024,0.24254941940307617,1.8646646738052368,0.17967043817043304,,,,,,,0.3233386278152466
20171025,0.22349362075328827,,,,,,,,,0.36323878169059753
20171026,0.23746459186077118,1.5581821203231812,0.589386522769928,2.125608205795288,2.588963747024536,0.6001527309417725,0.40519264340400696,0.3052677810192108,0.31661778688430786,0.27054211497306824
20171027,0.2099854052066803,,0.3055385649204254,,,,,,0.33699938654899597,0.37798240780830383
20171028,0.3097229599952698,0.6466000080108643,0.3014671504497528,,,,,,0.30148789286613464,0.6245130896568298
20171029,,1.6167629957199097,,1.2340431213378906,2.1655831336975098,,,,,0.9167772531509399
20171030,,,,,,,,,0.650059163570404,0.29250332713127136
20171031,0.3782116770744324,1.029222846031189,0.37475231289863586,1.5769405364990234,2.5088343620300293,0.538117527961731,0.5857950448989868,0.410823255777359,,0.8659597039222717
20171101,0.3827567994594574,1.01285719871521,0.3678734600543976,,1.9860552549362183,0.5143307447433472,0.37215009331703186,0.43878838419914246,0.2260213941335678,0.2042049765586853
20171102,0.3970613479614258,0.545540452003479,0.3752067983150482,,,0.3425285220146179,0.22996146976947784,,,0.13793881237506866
20171103,,,,,,,,0.26817813515663147,0.2657824158668518,0.2577163875102997
20171104,,1.9390478134155273,,,3.511657238006592,,1.5421327352523804,0.5123429894447327,0.37318891286849976,0.39102062582969666
20171105,0.17148463428020477,,0.3649817407131195,,,,,,,1.2402657270431519
20171106,0.4492338001728058,1.5426496267318726,0.3695956766605377,,2.1781885623931885,0.45686790347099304,0.3201202154159546,,0.3363066613674164,0.32469454407691956
20171107,0.4562101662158966,1.6217405796051025,0.4039003252983093,2.485848903656006,2.246717929840088,0.626479983329773,0.3979721963405609,0.6127472519874573,0.4099162518978119,0.23879709839820862
20171108,0.36423248052597046,1.7646225690841675,0.4438782334327698,2.4115612506866455,2.273909091949463,0.6719256043434143,0.5019359588623047,0.46806108951568604,0.4335450232028961,0.45688873529434204
20171109,,,0.5793226957321167,,1.882405400276184,0.3936440944671631,0.4380999505519867,0.5494406223297119,0.3940526247024536,0.567926287651062
20171110,0.2274462729692459,,0.2286103516817093,,,,,,,0.3424918055534363
20171111,0.18302077054977417,,0.08397629112005234,,,,,,0.3955914378166199,
20171112,,,,,,,,0.1984337568283081,0.6122056841850281,0.4223431348800659
20171113,0.14909102022647858,0.5091206431388855,0.4067780673503876,,,0.398151695728302,0.2962450683116913,0.24738502502441406,0.3943741023540497,0.4303511679172516
20171114,,,,,,,,,0.26999562978744507,0.31999465823173523
20171115,,,,,,,,,,
20171116,0.44575235247612,,,,,,,,,
20171117,0.27445563673973083,1.4677643775939941,0.33175379037857056,,,,,0.08469311892986298,0.19199831783771515,0.18939891457557678
20171118,0.3329907953739166,1.5157452821731567,0.4031706154346466,2.570645332336426,2.5468006134033203,0.6668217182159424,0.4038638174533844,0.3056756258010864,0.37980347871780396,0.1945369839668274
20171119,,,0.3805074691772461,,,0.3225548565387726,0.38248512148857117,0.29114243388175964,0.3300251364707947,0.362917423248291
20171120,0.12003123015165329,,,,,0.35525503754615784,,0.2479589879512787,0.4055355489253998,0.3458060920238495
20171121,0.11039825528860092,,,,,,,,0.2977328598499298,0.46010705828666687
20171122,,,,,,,,0.2232314497232437,0.30871111154556274,0.2851015031337738
20171123,0.2342454195022583,,0.25912347435951233,,,,,0.19642415642738342,0.2192443609237671,0.19952061772346497
20171124,0.3993196189403534,1.5524076223373413,0.3317509889602661,2.0937931537628174,,0.7889605760574341,,0.23701664805412292,0.219041109085083,
20171125,,2.2269649505615234,0.33894675970077515,,2.564389705657959,0.24098007380962372,0.48645955324172974,0.3261677026748657,0.35699862241744995,0.1913345456123352
20171126,0.13230450451374054,,,,,,,,,0.5853748321533203
20171127,0.22276484966278076,0.9374574422836304,0.35291770100593567,1.584027886390686,,0.5122993588447571,0.37584203481674194,0.28970757126808167,,
20171128,0.19088329374790192,2.6416046619415283,0.39469844102859497,3.053961753845215,4.516712188720703,0.7394583821296692,0.41349202394485474,0.2573258876800537,0.33243465423583984,0.27530521154403687
20171129,0.5954509377479553,,0.2641477584838867,,,,,0.1510661095380783,0.2615192234516144,0.3164482116699219
20171130,,2.370131254196167,,1.8715295791625977,6.355439186096191,,,0.313363641500473,,0.4136303961277008
20171201,,,,,,,,,,
20171202,0.15828944742679596,,,,,,,,,
20171203,0.24164822697639465,1.065951943397522,0.23320309817790985,,,0.18420684337615967,,0.30308398604393005,0.44042840600013733,
20171204,0.32226094603538513,1.5097144842147827,0.35593122243881226,2.2876570224761963,2.3525211811065674,0.3624414801597595,,0.2839907109737396,0.37935882806777954,0.20680974423885345
20171205,,,0.23573985695838928,,,,,0.2649748623371124,0.44250091910362244,0.15535973012447357
20171206,,,,,,,,,0.35460707545280457,0.27028682827949524
20171207,0.12120668590068817,,,,,,,,,
20171208,0.29626014828681946,1.580889105796814,0.33748048543930054,2.4133481979370117,2.4705393314361572,0.4948790967464447,0.45665037631988525,0.24437589943408966,0.4966903328895569,
20171209,0.2960103452205658,1.9910608530044556,0.3728421926498413,2.7867934703826904,2.909121036529541,0.5642820596694946,0.41675594449043274,0.21038691699504852,,0.18215525150299072
20171210,0.3462721109390259,1.8879410028457642,0.3946843147277832,2.5155434608459473,2.8953099250793457,0.6595119833946228,0.5144245624542236,0.23021836578845978,0.28911590576171875,1.2443329095840454
20171211,,2.3294010162353516,0.6421369314193726,2.4190785884857178,3.4232563972473145,0.6490684747695923,0.5763319730758667,0.2517350912094116,0.3013966679573059,0.46587103605270386
20171212,0.291290283203125,,,,,,,,,0.5096225738525391
20171213,,,,,,,,,,
20171214,,1.4818373918533325,0.3780879080295563,1.7501850128173828,3.134470224380493,0.5479573607444763,0.45546746253967285,0.2737674415111542,0.2549230754375458,0.22741776704788208
20171215,0.18679946660995483,,,,,,,,,0.35128048062324524
20171216,0.3108069896697998,0.983733594417572,0.30965352058410645,1.6084251403808594,1.6923242807388306,0.3856477439403534,0.3002544641494751,0.19916176795959473,0.19903980195522308,
20171217,,,,,,,,,0.2581043839454651,0.22645211219787598
20171218,0.4446881115436554,,0.2868061065673828,,,,,,,
20171219,,2.506734609603882,0.9121283292770386,2.469438314437866,3.01247501373291,0.6501685380935669,0.4958374798297882,0.2645356059074402,0.29317545890808105,0.16039443016052246
20171220,,,,,,,,,,0.12361205369234085
20171221,0.39472582936286926,1.7088323831558228,0.3439345061779022,2.6417338848114014,4.158135890960693,0.8090327382087708,,0.36537471413612366,,
20171222,0.27236124873161316,1.395525336265564,0.35527360439300537,2.792255401611328,2.1930477619171143,0.7283783555030823,0.4273710250854492,0.250033438205719,0.22584424912929535,0.18634366989135742
20171223,0.43296679854393005,3.713223934173584,,,,,,,,0.17492741346359253
20171224,,2.3965086936950684,0.45721328258514404,2.7522470951080322,3.1278960704803467,0.4849616289138794,0.7312567830085754,0.23351077735424042,0.2055496871471405,0.23637732863426208
20171225,,,,,,,,,,0.4523897171020508
20171226,0.35632118582725525,1.924139142036438,0.3908403813838959,2.324751615524292,3.248884439468384,0.6945645213127136,0.5123705267906189,0.27573856711387634,0.5097246766090393,
20171227,,,,,,,,,,
20171228,0.2702938914299011,,0.3144981265068054,,,,,0.3075695335865021,0.2964378595352173,0.17626067996025085
20171229,0.3974219858646393,,0.22155702114105225,,,,,0.15607163310050964,0.2538793385028839,0.14612950384616852
20171231,,,,,,,,,,
20180101,0.31317052245140076,1.924206256866455,0.2849007248878479,2.6467556953430176,3.6840507984161377,0.3373349606990814,0.5645061135292053,0.1507180631160736,0.28762003779411316,
20180102,0.4383871257305145,1.8284003734588623,0.3893115222454071,2.544787645339966,2.6992452144622803,0.6057267785072327,0.5803682208061218,,0.1894700974225998,0.11285760253667831
20180103,0.37629538774490356,2.07714581489563,0.4250362813472748,2.702887535095215,3.177314043045044,0.6789124608039856,0.739509105682373,0.27410006523132324,0.26145032048225403,0.3504519760608673
20180104,,2.736887216567993,0.8186073303222656,2.770510196685791,3.6027309894561768,0.6782893538475037,0.8007972836494446,0.2563611567020416,0.2621198892593384,0.3965793550014496
20180105,0.49441593885421753,,,,,,,,,0.49921828508377075
20180106,0.34033098816871643,1.828441858291626,0.3247171640396118,2.6333038806915283,3.2724201679229736,0.6116383671760559,0.4378894865512848,0.29870107769966125,,
20180107,0.30768507719039917,3.751108407974243,0.2990378737449646,,,,,0.2403727024793625,0.28405535221099854,0.17445796728134155
20180108,0.4346311390399933,0.8222357630729675,0.3949674069881439,2.2715985774993896,2.014171600341797,0.6557216644287109,0.6986150145530701,0.28673461079597473,0.23533612489700317,0.16245496273040771
20180109,,2.106621265411377,0.521168053150177,2.921318769454956,3.6055378913879395,0.6842465996742249,0.6822047829627991,0.2686760425567627,0.22403855621814728,0.27129504084587097
20180110,0.4738004207611084,,,,,,,,,0.4446215033531189
20180111,0.06516566872596741,,,,,,,,,
20180112,0.12364943325519562,,0.2591748833656311,,,,,0.1773999035358429,0.13459758460521698,
20180113,0.15525734424591064,0.7755818367004395,0.30920860171318054,,,,,0.25503009557724,0.1805516928434372,0.11443353444337845
20180114,0.6185904741287231,1.9692625999450684,0.44891539216041565,2.7884554862976074,4.283312797546387,0.650661289691925,0.7473268508911133,0.3062776029109955,0.25629332661628723,0.35088977217674255
20180115,,,,,,,,,,0.16553987562656403
20180116,0.37396544218063354,1.0024170875549316,0.38344475626945496,,,,,,,
20180117,0.2834785580635071,1.8441953659057617,0.3663144111633301,3.077199935913086,3.654637336730957,0.4979690909385681,0.556362509727478,0.2667107880115509,0.31234943866729736,0.30336785316467285
20180118,0.29502010345458984,1.9843083620071411,0.36932629346847534,2.8149187564849854,3.023332118988037,0.520639955997467,0.46707043051719666,0.36569198966026306,0.28461816906929016,0.2653483748435974
20180119,0.5807172060012817,1.9538785219192505,0.40329796075820923,2.280702829360962,2.831357955932617,0.6913050413131714,0.596564769744873,0.3825540244579315,0.40436428785324097,0.4557216167449951
20180120,,,,,,,,,,
20180121,0.4026515781879425,,0.2485179305076599,,,,,,,
20180122,0.28935718536376953,0.9289863109588623,0.3914925456047058,,,0.5135901570320129,0.43202200531959534,0.3717183470726013,0.442949503660202,0.2114669233560562
20180123,0.314850777387619,2.252307176589966,0.3945339322090149,2.9902565479278564,3.205479860305786,0.5470433235168457,0.7346001267433167,0.2565257251262665,0.28913187980651855,0.33524543046951294
20180124,0.24944546818733215,2.0483298301696777,0.4066275954246521,2.812518835067749,3.2756540775299072,0.615473747253418,0.8150686621665955,0.25478342175483704,0.2853831946849823,0.3023042380809784
20180125,1.245915174484253,2.2912445068359375,0.4747846722602844,2.81113862991333,3.617486000061035,0.6462553143501282,0.6826885342597961,0.2521932125091553,0.2874779999256134,0.33397188782691956
20180126,0.2600068151950836,,,,,0.44803208112716675,,,,0.130235955119133
20180127,0.16517314314842224,,0.2369450479745865,,,,,0.2001066356897354,0.43092644214630127,1.6603543758392334
20180128,0.13083423674106598,,,,,,,0.21068795025348663,0.32045823335647583,0.2631707191467285
20180129,,,,,,,,,,
20180130,,,,,,,,,0.14393748342990875,0.12841787934303284
20180131,,,,,,,,,,0.1538080871105194
20180201,0.3318074643611908,,0.28416916728019714,,,,,,,
20180202,0.43026354908943176,2.714858293533325,0.514744222164154,3.1324079036712646,3.61818790435791,0.5955376029014587,0.7462033629417419,0.4757460653781891,0.5230181813240051,0.22619986534118652
20180203,0.42988139390945435,3.010016441345215,0.46695372462272644,3.4660823345184326,2.9041097164154053,0.5683021545410156,0.5884650349617004,0.4850649833679199,0.36725321412086487,0.27754709124565125
20180204,0.39615485072135925,2.564692258834839,0.4729786813259125,3.220928192138672,3.165969133377075,0.6229677200317383,0.710331916809082,0.5141810178756714,0.4003083407878876,0.30681151151657104
20180205,0.34997501969337463,2.630300521850586,0.56039959192276,3.3466734886169434,3.882749557495117,0.6815198063850403,0.636496365070343,0.7942787408828735,0.4249698221683502,0.4600744843482971
20180206,0.6949931979179382,,0.5186932682991028,,,,,0.3532963693141937,,0.5216821432113647
20180207,0.37720176577568054,2.185786485671997,0.38310641050338745,2.943178415298462,3.487406015396118,0.5044847130775452,0.625802755355835,0.3001289367675781,0.5858594179153442,0.3271469473838806
20180208,0.3022876977920532,,0.34646013379096985,2.498192310333252,,0.8943465948104858,0.5250563621520996,0.30223336815834045,,
20180209,0.3634512424468994,1.3873621225357056,0.3761928975582123,2.061980962753296,2.764606237411499,0.5392264723777771,,0.484944224357605,0.43133288621902466,0.3334468901157379
20180210,,,0.5826045274734497,,,0.5292543768882751,0.4068932831287384,0.2922397255897522,0.3331710994243622,0.17078882455825806
20180211,0.2039342224597931,,,,,,,,,0.4399380683898926
20180212,0.6555473208427429,1.1182509660720825,0.5266115665435791,2.2415482997894287,4.684054851531982,,1.2817935943603516,0.39250287413597107,0.3826465308666229,0.3792458772659302
20180213,0.3127126395702362,2.3066015243530273,0.4092760980129242,2.456637144088745,4.353969097137451,0.562813937664032,0.7000627517700195,0.2775651514530182,0.22419069707393646,0.46400293707847595
20180214,0.3530949652194977,2.534231185913086,0.512755274772644,2.7838170528411865,3.702043056488037,0.754790723323822,0.9148311614990234,0.3411860764026642,0.30740049481391907,0.1335553526878357
20180215,1.0715439319610596,3.0454087257385254,,,,,,,,
20180216,0.11450644582509995,,0.3151060938835144,,2.91567325592041,0.539609432220459,0.8360757231712341,0.28960055112838745,0.30902108550071716,0.4723939001560211
20180217,0.4089359641075134,2.53066086769104,0.5644574165344238,,,,,0.2978366017341614,0.3086927831172943,0.5971981883049011
20180218,0.374178022146225,,,,,,,,,
20180219,0.3813684582710266,2.445075750350952,0.5597158670425415,2.923156261444092,3.0846385955810547,0.7980935573577881,0.8812490105628967,0.47303518652915955,0.33304139971733093,0.17584092915058136
20180220,,,,,,,,0.2762692868709564,0.3607284128665924,0.42606601119041443
20180221,,,,,,,,,,
20180224,,,,,,,,,,
20180225,0.382752001285553,1.8690160512924194,0.455250084400177,,2.5782408714294434,0.4049322009086609,0.9617031812667847,0.31072792410850525,0.5507968664169312,0.19104841351509094
20180226,,,,,,,,,,
20180227,0.37235504388809204,,0.4499346911907196,,,,,0.5352981686592102,0.5361906290054321,0.4025174677371979
20180228,0.7680768370628357,2.7564351558685303,0.7071465253829956,2.3914365768432617,3.158756732940674,0.6704868078231812,0.9963310956954956,0.60764080286026,,
20180301,,2.907287359237671,,2.5720980167388916,3.1626455783843994,0.6584479212760925,1.1375645399093628,0.3471444845199585,0.5775068402290344,0.416332870721817
20180302,0.3698694407939911,2.277067184448242,0.5792136192321777,2.7123210430145264,2.790457248687744,0.7927869558334351,0.9591096043586731,0.39100825786590576,0.37428799271583557,0.268229216337204
20180303,0.4727182686328888,2.437055826187134,0.5496010184288025,2.676429271697998,3.281738758087158,0.866692304611206,1.0429136753082275,0.3574674725532532,0.4191456437110901,0.41980814933776855
20180304,0.1898885816335678,2.937899351119995,0.43848568201065063,,,0.719476044178009,,0.35252559185028076,0.458545058965683,0.6849361658096313
20180305,0.3974021077156067,2.509681463241577,0.41052839159965515,3.0305967330932617,3.493781805038452,0.47491100430488586,1.2760496139526367,0.39148005843162537,0.3300226628780365,0.317342609167099
20180306,0.411704421043396,2.3075685501098633,0.4943523705005646,2.995917558670044,3.2230846881866455,0.7918286919593811,0.9781931638717651,0.43533942103385925,0.4261064827442169,0.4635891616344452
20180307,0.42161571979522705,2.3917691707611084,0.5835999846458435,3.2941160202026367,3.089975595474243,0.9249029159545898,1.1733962297439575,0.5553048849105835,0.38713324069976807,0.3238556981086731
20180308,0.3585374653339386,2.26479172706604,0.5600696802139282,2.9842746257781982,3.5114665031433105,0.8541414141654968,0.9699355959892273,0.6730684041976929,0.35695284605026245,0.3493688404560089
20180309,0.32070469856262207,2.5988378524780273,0.5911019444465637,3.2231500148773193,4.1839165687561035,0.8674842119216919,1.0370266437530518,0.693488597869873,0.3828582763671875,0.39288318157196045
20180310,0.3972094655036926,2.793706178665161,0.5130987763404846,2.780658721923828,3.9130351543426514,0.8177732825279236,0.8490591049194336,0.6060243844985962,0.48640668392181396,0.3819045424461365
20180311,0.5267032384872437,2.3344998359680176,0.4551306664943695,2.4274978637695312,3.159635543823242,0.7504293322563171,1.0251821279525757,0.3345795273780823,0.9190752506256104,0.24713900685310364
20180312,0.5704981684684753,2.1377081871032715,0.48114830255508423,2.61934494972229,2.7264397144317627,0.7885326147079468,0.7879461646080017,0.40410998463630676,,
20180313,,,,,,,,,,
20180314,0.7035822868347168,2.1669890880584717,0.5985422730445862,2.3214659690856934,3.5142862796783447,0.8042099475860596,0.8410366773605347,0.5086851716041565,0.685685396194458,0.21560660004615784
20180315,0.6318334341049194,2.4376003742218018,0.591410756111145,2.6437909603118896,3.864126205444336,0.8709540367126465,0.9489149451255798,0.42422202229499817,0.38202738761901855,0.1504526138305664
20180316,0.14100006222724915,,,,,,,,,0.3946746587753296
20180317,,,,,,,,,,0.38501599431037903
20180318,0.45694008469581604,2.511934518814087,0.7853093147277832,2.5048532485961914,3.5043156147003174,1.178523302078247,1.9476935863494873,0.5169803500175476,0.5007244348526001,0.22840365767478943
20180319,0.4638010263442993,2.7231976985931396,0.5474004149436951,,,0.6364036202430725,,0.3547315299510956,0.21972769498825073,0.2665104568004608
20180320,0.45482492446899414,2.292715311050415,0.650423526763916,2.706697463989258,4.0864129066467285,,,1.0979483127593994,0.305026113986969,0.2835778295993805
20180321,0.5576868653297424,2.6984190940856934,0.8610821962356567,2.8954737186431885,3.6297991275787354,1.1401424407958984,1.1494848728179932,0.5369061827659607,0.46825090050697327,0.6680682301521301
20180322,0.403239905834198,1.4851055145263672,0.6605715155601501,,,,,1.338622808456421,0.5455648899078369,0.5079370737075806
20180323,0.5109482407569885,2.995478391647339,0.8113185167312622,3.341846466064453,4.848834037780762,1.3407578468322754,1.0429235696792603,0.6584702134132385,,0.5509874820709229
20180324,0.68559730052948,3.4945878982543945,0.7648714780807495,3.5011913776397705,5.7703142166137695,1.1138980388641357,0.811965823173523,0.7595484852790833,0.4930802881717682,0.37459975481033325
20180325,0.312002032995224,1.803092122077942,0.5306912064552307,,3.0334298610687256,0.6831361651420593,0.7501055002212524,0.5028964877128601,0.48338833451271057,0.4723001718521118
20180326,0.557395339012146,2.187088966369629,0.67348712682724,2.592461347579956,3.047814130783081,0.8747944235801697,1.0969266891479492,0.44696637988090515,0.2441030740737915,0.3294221758842468
20180327,0.3565819561481476,1.8537992238998413,0.5004901885986328,,,,,,,
20180328,0.5015695095062256,2.702716588973999,0.7192652225494385,2.5365076065063477,3.048069953918457,0.8782376050949097,0.9181179404258728,0.5677159428596497,0.24050745368003845,0.7295201420783997
20180329,0.4559420645236969,2.0174553394317627,0.6240991353988647,2.254220962524414,3.0585317611694336,0.8497886061668396,0.8296465873718262,0.5274469256401062,0.2050553262233734,0.6082333922386169
20180330,0.56273353099823,2.4600586891174316,0.6149294972419739,2.5940165519714355,3.8398473262786865,0.626949667930603,0.8219168186187744,0.622131884098053,0.4248412847518921,0.30190926790237427
20180331,0.4813143014907837,2.3473730087280273,0.6385441422462463,2.5041592121124268,4.282310962677002,0.8825267553329468,0.959052562713623,0.5677188634872437,0.44517046213150024,0.6776832342147827
20180401,0.2608013451099396,0.7627551555633545,0.48006096482276917,,,0.5160983800888062,0.7247483134269714,0.4444980323314667,0.4626932740211487,0.31768256425857544
20180402,0.6791625022888184,2.4384796619415283,0.6162415742874146,,2.6911635398864746,0.4843568503856659,1.0227265357971191,,0.15051500499248505,0.28749746084213257
20180403,0.43802496790885925,1.894056797027588,0.6699987649917603,2.516815662384033,2.9337804317474365,0.9287726879119873,0.8791978359222412,0.5620436072349548,0.3609623312950134,0.27684545516967773
20180404,0.5822818875312805,2.118347644805908,0.6562176942825317,2.9206957817077637,3.4121253490448,0.6790658831596375,0.954484760761261,0.6326032876968384,0.544122576713562,0.5472586154937744
20180405,0.6313433051109314,2.5743911266326904,0.7271413803100586,2.827328681945801,3.6702065467834473,1.0432378053665161,0.9888472557067871,0.7612111568450928,0.24236470460891724,0.3798072338104248
20180406,0.4205050468444824,2.073529005050659,0.6240314245223999,2.426318645477295,3.4079742431640625,0.9203603863716125,0.9041132926940918,0.6412041783332825,0.39555099606513977,0.3630771040916443
20180407,0.3967159390449524,1.9516087770462036,0.5913722515106201,2.2360990047454834,3.3047280311584473,0.786147952079773,0.7897253632545471,0.5224427580833435,0.4059833288192749,0.4378395080566406
20180408,0.6650896072387695,3.942786693572998,0.7460788488388062,3.837902784347534,7.779443264007568,1.0583522319793701,0.7552546858787537,0.48711419105529785,,2.173712730407715
20180409,0.5121760368347168,3.271937131881714,0.744843602180481,3.4370522499084473,5.371009826660156,1.0203312635421753,1.001529574394226,0.47290199995040894,0.5687628984451294,0.5050170421600342
20180410,0.7701196670532227,2.522214651107788,0.6575520634651184,2.728318214416504,4.465251445770264,0.8951266407966614,0.8097763061523438,0.6101763248443604,,0.40830135345458984
20180411,0.43937987089157104,7.288982391357422,1.6479274034500122,2.4170641899108887,9.700139045715332,0.9306755065917969,1.091185450553894,0.4680655896663666,0.6848640441894531,1.2940706014633179
20180412,0.3026852309703827,1.563720941543579,0.505836009979248,1.3240292072296143,2.4920992851257324,0.5795356631278992,0.8459852933883667,0.30598562955856323,0.30133143067359924,0.43784698843955994
20180413,0.22233441472053528,4.418438911437988,,,,,,0.36303916573524475,0.25401800870895386,0.4951351284980774
20180414,0.2721221148967743,,,,,,,,0.2741701304912567,0.31493809819221497
20180415,0.36612027883529663,1.908713698387146,0.39917126297950745,,,0.6306374073028564,,0.5769189596176147,0.3270765542984009,0.2607455849647522
20180416,0.5049444437026978,2.1887550354003906,0.4164194166660309,,,,,0.48419541120529175,0.26811185479164124,0.2750093936920166
20180417,0.40313902497291565,2.21618914604187,0.7197486758232117,2.2991626262664795,2.816201686859131,0.658951997756958,1.7665750980377197,0.6309882402420044,0.6022979021072388,
20180418,0.48291411995887756,2.503390312194824,0.976999044418335,2.3682830333709717,,1.0639359951019287,,0.612555205821991,0.5162910223007202,0.5652848482131958
20180419,0.5259636044502258,2.315652370452881,0.7984172105789185,2.8921608924865723,3.386910915374756,1.163155198097229,1.5337921380996704,0.7458965182304382,0.43178004026412964,0.4264214336872101
20180420,0.5787417888641357,2.7952070236206055,0.761168360710144,2.974999189376831,4.783824443817139,1.5570896863937378,1.0867928266525269,1.0803415775299072,0.59971022605896,0.5610066652297974
20180421,0.5299386382102966,2.5336756706237793,0.6895676851272583,2.8902339935302734,4.941377639770508,1.1329087018966675,1.2681540250778198,0.6618267297744751,0.31646397709846497,0.5349433422088623
20180422,0.4001569151878357,2.3167474269866943,0.6282646059989929,2.491891384124756,5.20026969909668,0.9472463726997375,1.1637675762176514,0.7632893919944763,0.5970339775085449,0.5975218415260315
20180423,0.27378541231155396,,,,,,,,,
20180424,0.3530177175998688,3.508298635482788,0.6185564994812012,4.623751163482666,10.728765487670898,0.8217872381210327,1.4123672246932983,0.6338300704956055,0.5326828956604004,0.519383430480957
20180425,0.3480779230594635,3.1947412490844727,0.49008774757385254,2.640132188796997,4.363889694213867,0.5230067372322083,1.0124534368515015,0.5621557831764221,0.31718429923057556,0.4214533269405365
20180426,0.5745518803596497,2.468268871307373,0.492637574672699,2.1615002155303955,4.048540115356445,0.740589439868927,0.8454955816268921,0.7586655616760254,0.2862502932548523,0.4469757378101349
20180427,0.4976942241191864,2.2233598232269287,0.6018874049186707,2.2101805210113525,5.210289478302002,0.8671400547027588,1.0831242799758911,0.633492648601532,0.5732444524765015,0.3621405065059662
20180428,0.24485060572624207,,,,,,,0.5020802617073059,0.2175573706626892,0.7852109670639038
20180429,0.5442066788673401,3.9167282581329346,0.6818373203277588,2.481583595275879,4.124780654907227,1.030959129333496,1.430875301361084,0.6710342764854431,0.48951220512390137,0.44590798020362854
20180430,0.597775936126709,2.1286189556121826,0.6632758975028992,2.448324680328369,4.573892593383789,0.9803022146224976,1.3764989376068115,0.807408332824707,0.4055023193359375,0.6152656078338623
20180501,0.5330125093460083,,0.9285557270050049,,,,,,0.9566593170166016,0.6376557946205139
20180502,0.2445230334997177,3.1868817806243896,1.1576744318008423,3.1795830726623535,4.722442626953125,1.3068351745605469,1.0506595373153687,1.3165397644042969,0.49176374077796936,0.41390183568000793
20180503,0.3399677276611328,,0.1958521604537964,,,,,,,
20180504,0.32666632533073425,1.7641255855560303,0.5693108439445496,,,,,0.5643515586853027,0.285761296749115,0.3442227840423584
20180505,0.5312101244926453,2.0470101833343506,0.6861069202423096,,2.04257869720459,0.8841024041175842,1.3750290870666504,0.6898484230041504,0.4560873210430145,0.3674843907356262
20180506,1.60081148147583,2.7223849296569824,0.9257506728172302,3.861738920211792,,1.4244084358215332,1.1525086164474487,1.016039252281189,0.28269922733306885,0.48740726709365845
20180507,0.18248146772384644,3.6372621059417725,0.5217226147651672,,2.6249167919158936,,,,,0.38936731219291687
20180508,1.1322109699249268,1.9514516592025757,0.6930412650108337,2.054422378540039,2.4457788467407227,0.7260239720344543,0.6854615211486816,0.6467974781990051,0.3796980679035187,0.5376819968223572
20180509,0.37857118248939514,,0.38098257780075073,,,,,0.6002593040466309,0.47226715087890625,0.41376176476478577
20180510,0.22718769311904907,,0.43306124210357666,,,,,0.5032873749732971,0.8681955337524414,
20180511,0.5903065800666809,2.058950424194336,0.45550698041915894,,,,,,,
20180512,0.6858562231063843,2.3682570457458496,0.5274122357368469,,3.65075945854187,0.503273606300354,1.1802972555160522,0.5196754932403564,,0.30579084157943726
20180513,0.7059972882270813,2.1372556686401367,0.7058742046356201,2.3663105964660645,3.448061227798462,0.925001323223114,1.0660837888717651,2.0875256061553955,1.1922193765640259,0.4072228670120239
20180514,0.9091315269470215,2.2027738094329834,0.8063639402389526,2.24363374710083,,,0.9610447287559509,,,0.7470446825027466
20180515,0.2914997637271881,3.0393688678741455,0.5603640675544739,,,,,,0.22387412190437317,0.37755653262138367
20180516,1.0758494138717651,2.494976043701172,0.5788918137550354,2.6583707332611084,2.986994504928589,,,,,
20180517,2.5171916484832764,2.38151216506958,,,,,,,0.23366320133209229,
20180518,0.1923535168170929,0.5045486688613892,0.2984074354171753,,,,,0.709213137626648,0.33143410086631775,0.3325553238391876
20180519,0.20331613719463348,0.92685467004776,0.48842358589172363,,1.8252254724502563,0.6142552495002747,0.5213316082954407,0.6472493410110474,0.1520918607711792,0.27648890018463135
20180520,1.0031392574310303,1.6725536584854126,0.9134148955345154,,,,,,,
20180521,1.3634926080703735,2.382758617401123,,,,,,,,0.28948789834976196
20180522,2.1542351245880127,,,,,,,,,0.12537319958209991
20180523,1.6548994779586792,,,,,,,,,
20180524,0.6295776963233948,2.4912211894989014,0.1360328644514084,,,,,0.3578537106513977,,0.27240657806396484
20180525,1.5200607776641846,4.163566589355469,0.8216566443443298,4.026800632476807,10.142504692077637,0.9854686260223389,1.5475621223449707,1.0255603790283203,0.6164571642875671,0.8382673263549805
20180526,0.5063102841377258,,,,,,,,,1.0010604858398438
20180527,0.5681727528572083,,0.5139922499656677,,,,,,,
20180528,0.7868351936340332,1.9658750295639038,0.7319214940071106,2.062673330307007,2.608351230621338,1.034009575843811,0.8917891383171082,0.7648994326591492,0.334037184715271,0.495310515165329
20180529,0.5407589077949524,1.1301158666610718,0.6088818907737732,1.2430360317230225,2.2387633323669434,0.9802457690238953,0.8997532725334167,0.5131934881210327,0.26550379395484924,0.28480222821235657
20180530,0.5546459555625916,1.7391465902328491,0.5031535625457764,,,,,0.5437657833099365,0.5570658445358276,
20180531,0.8103592395782471,3.513166904449463,0.954830527305603,,5.937686920166016,1.2350515127182007,1.959268569946289,1.0237692594528198,0.5329054594039917,0.38374170660972595
20180601,0.7580986022949219,4.526211738586426,,,,,,,,2.493967056274414
20180602,0.5175331830978394,3.447387218475342,0.636227548122406,4.075985431671143,3.816927194595337,1.2460955381393433,1.1673847436904907,0.8615106344223022,0.4508689045906067,0.711398720741272
20180603,0.5690473318099976,2.760986089706421,0.5683108568191528,2.724761962890625,4.140891075134277,1.048475980758667,0.9309152960777283,0.9269784688949585,0.2750099003314972,0.4029686450958252
20180604,0.6417669057846069,1.8785974979400635,0.7144355773925781,,,0.8446786999702454,0.7621222138404846,0.7445719838142395,0.42104944586753845,0.4937153458595276
20180605,0.571395754814148,4.300875186920166,1.0901364088058472,3.815509796142578,7.469744682312012,1.0328537225723267,1.111753225326538,1.1177765130996704,0.47707027196884155,0.5158365368843079
20180606,0.46519893407821655,,,,,,,1.7169570922851562,0.6623457670211792,0.7973632216453552
20180607,0.1762627363204956,,0.3594374656677246,,,,,0.3861254155635834,0.21850071847438812,
20180608,0.17499256134033203,,,,,,,,0.27165865898132324,0.2736266255378723
20180609,0.34788671135902405,0.6608595848083496,0.30450305342674255,,0.921332597732544,,,1.6341702938079834,0.3164101839065552,0.24007229506969452
20180610,0.9287614822387695,0.6172104477882385,0.5242677330970764,1.009995698928833,,0.7655205726623535,0.48338624835014343,0.5775956511497498,0.39965230226516724,0.4865119755268097
20180611,0.4166135787963867,3.057561159133911,0.5486024618148804,,,0.7770240306854248,,0.6309289932250977,,0.7307302355766296
20180612,0.4057963192462921,,0.29328951239585876,,,,,0.5452473163604736,0.3050752282142639,
20180613,0.4726254940032959,1.237882137298584,0.6014410853385925,1.330773115158081,2.5112104415893555,0.8385469913482666,1.270775318145752,0.5841470956802368,0.27795571088790894,0.22189953923225403
20180614,0.44521260261535645,,,,,,,,,0.33947619795799255
20180615,0.3478701710700989,1.7874541282653809,0.49364447593688965,,2.4003427028656006,,,0.5655834078788757,0.20113976299762726,0.20942531526088715
20180616,0.4828309714794159,2.1151657104492188,0.32502079010009766,,,,,,,
20180617,0.23670729994773865,,0.4972372353076935,,,0.6135405898094177,,0.3214097023010254,,
20180618,0.7810201644897461,1.801608681678772,0.6287848353385925,,2.0165762901306152,1.5806647539138794,0.5669241547584534,0.700607419013977,0.4684068262577057,0.23981410264968872
20180619,,,0.649692714214325,,,,,,,
20180620,0.3873070478439331,2.2968802452087402,1.611594557762146,1.7350382804870605,2.705566644668579,1.0240180492401123,1.7115278244018555,0.6549911499023438,0.4166366159915924,0.22169992327690125
20180621,0.6412352919578552,4.152008533477783,1.371413230895996,2.6979870796203613,4.9684553146362305,0.8684665560722351,0.8873484134674072,0.6120945811271667,0.38466474413871765,0.6458221077919006
20180622,0.5662807822227478,3.7555348873138428,0.7649003863334656,,,1.4770283699035645,,0.762854814529419,0.9385285973548889,0.39892882108688354
20180623,0.5708799958229065,3.0823960304260254,0.5784094333648682,7.133730411529541,,,0.6135538816452026,0.5593178868293762,0.2580118179321289,0.1261083036661148
20180624,0.6278176307678223,2.1222410202026367,0.4677417278289795,1.705789566040039,2.8080406188964844,0.8369643092155457,,0.5607073903083801,0.16599269211292267,
20180625,0.5977487564086914,0.7234755754470825,0.5302528738975525,1.8143478631973267,3.591244697570801,0.5215465426445007,,,0.12061182409524918,0.20082147419452667
20180626,0.7388694286346436,0.8620421886444092,0.5982276797294617,1.317137598991394,1.0366415977478027,0.6517794132232666,0.5909824371337891,0.5839322805404663,0.4053015410900116,0.35737597942352295
20180627,0.5413717031478882,5.633950233459473,0.7011865377426147,,9.154180526733398,0.8533756136894226,2.126585006713867,0.7214592695236206,0.7048053741455078,0.2780306935310364
20180628,0.5833198428153992,,,,,,,,,
20180629,0.35206979513168335,1.0120863914489746,0.4302263855934143,,,0.6704826354980469,,0.9853267669677734,,0.4167071580886841
20180630,0.3326779305934906,1.6563764810562134,0.45675668120384216,1.2764719724655151,3.123591661453247,0.7779784202575684,1.135819673538208,0.5669838786125183,0.32599544525146484,0.20976746082305908
20180701,0.601632297039032,2.153120994567871,0.6601323485374451,1.5451397895812988,2.487614393234253,0.8260084390640259,0.7388865351676941,0.5985586643218994,0.22533760964870453,0.5485215783119202
20180702,0.4223023056983948,5.232120037078857,0.7809607982635498,,,1.0998331308364868,,0.6619489789009094,,0.8021551966667175
20180703,0.5118632912635803,2.427744150161743,0.6337339878082275,1.6487219333648682,4.353684902191162,1.0357266664505005,1.182895302772522,0.624849796295166,,
20180704,0.256975919008255,0.6334046721458435,0.40698951482772827,,,0.7195337414741516,,0.5368438363075256,0.20832274854183197,1.4865981340408325
20180705,0.34201252460479736,,0.26689279079437256,,,,,,0.19814157485961914,
20180706,0.3056705892086029,0.6747307777404785,0.41219788789749146,,0.926266610622406,0.556544303894043,0.6039860844612122,0.4730796813964844,0.19458800554275513,0.30112120509147644
20180707,0.26424962282180786,,,0.9955118298530579,2.416935920715332,,,,,0.4645127058029175
20180708,0.6653147339820862,2.2955100536346436,0.39222174882888794,,,,,,0.14690357446670532,
20180709,0.6423099040985107,2.4704859256744385,0.49073317646980286,,,,,,0.11952226608991623,0.23110643029212952
20180710,0.5244156122207642,2.0893545150756836,0.5787250995635986,1.8508344888687134,3.564249277114868,0.6093854904174805,0.8514377474784851,0.5454236268997192,0.32248347997665405,0.32623177766799927
20180711,0.47607365250587463,1.3838732242584229,0.5353990793228149,1.0167399644851685,2.7187180519104004,0.6083252429962158,0.7857298851013184,0.5548622012138367,0.18956729769706726,0.2599168121814728
20180712,0.6456752419471741,,0.4150485396385193,,1.0106256008148193,0.4414764642715454,,0.5918301939964294,0.33052706718444824,0.29863157868385315
20180713,0.5159258842468262,3.4761791229248047,0.6849983334541321,2.30057430267334,4.290075302124023,0.6942465901374817,0.9262693524360657,0.6438643336296082,0.5033583045005798,0.36556699872016907
20180714,0.4662162959575653,2.5049047470092773,0.5491503477096558,2.0777673721313477,4.386186599731445,0.9095420241355896,0.882447361946106,0.608252763748169,0.40279167890548706,0.7227572798728943
20180715,0.3375096917152405,2.8363029956817627,,,,,,0.7422122955322266,0.4168855845928192,0.4359026849269867
20180716,0.5233713388442993,1.8686549663543701,0.5443294048309326,1.4525129795074463,3.385324478149414,0.7025522589683533,0.7559615969657898,0.7494179010391235,0.3135329782962799,0.28524142503738403
20180717,0.41563645005226135,0.7060371041297913,0.6846717000007629,,,,0.9166747331619263,0.6084303855895996,,1.6574658155441284
20180718,0.6331358551979065,3.2103335857391357,0.7720802426338196,2.4151735305786133,2.955648422241211,1.1487621068954468,1.4074411392211914,0.7513697743415833,0.6160807013511658,1.1846339702606201
20180719,,,,,,,,,,
20180720,0.46863508224487305,1.695789098739624,0.5584603548049927,1.241331696510315,2.0498206615448,0.694854736328125,1.0296423435211182,0.5483975410461426,0.30762991309165955,0.3290986716747284
20180721,0.6202843189239502,1.5179749727249146,0.6185570955276489,,0.6507974863052368,0.5602778792381287,0.8756160140037537,0.5993822813034058,0.16078157722949982,0.5822004675865173
20180722,0.28103137016296387,3.8795058727264404,,,3.333935260772705,,,0.6428279876708984,0.4222263991832733,0.47419124841690063
20180723,0.6422800421714783,0.794017493724823,0.6327930092811584,,,,,,,0.9126042127609253
20180724,0.5625201463699341,3.221329927444458,0.549970269203186,1.049491286277771,,0.8309444785118103,0.7473500370979309,,0.215335875749588,
20180725,0.46106329560279846,2.3502871990203857,0.41538485884666443,,,0.5484331250190735,,0.5113103985786438,0.33361080288887024,0.32544708251953125
20180726,0.5225232243537903,,0.6431688666343689,1.1613638401031494,2.4625086784362793,0.6388759016990662,0.6146242022514343,0.5635031461715698,0.4041346311569214,0.43982386589050293
20180727,0.517996609210968,0.5335187315940857,0.5560805797576904,1.1336032152175903,3.5444352626800537,0.636668860912323,0.5807785987854004,0.4858158528804779,0.3883742094039917,0.49397769570350647
20180728,0.4725533425807953,1.014182448387146,0.45361828804016113,,6.1034979820251465,0.3523842692375183,,0.320809930562973,0.5452926158905029,0.6279579997062683
20180729,0.35045698285102844,1.9368997812271118,0.3621532917022705,,,0.3400932550430298,0.3701540231704712,0.4437643587589264,0.2476014345884323,
20180730,0.5643367767333984,2.467940092086792,0.6162328720092773,2.0776565074920654,2.32008957862854,,0.9117576479911804,0.6081172823905945,0.14856137335300446,
20180731,0.45022404193878174,2.640118360519409,0.5259712934494019,1.5847551822662354,3.223132610321045,0.600689709186554,0.6881043314933777,0.43228715658187866,0.242995023727417,0.36545050144195557
20180801,0.5662673711776733,2.7312331199645996,0.5402597784996033,1.0895678997039795,1.1529959440231323,0.3993494510650635,0.5480549931526184,0.46292343735694885,0.38981765508651733,0.4849192798137665
20180802,,,,,,,,,,1.0506223440170288
20180803,0.4629768133163452,1.653978705406189,0.5816489458084106,,,0.6056073307991028,0.45709776878356934,0.5390843152999878,0.1739300638437271,
20180804,0.4518677592277527,,,,,0.8251450061798096,0.6371331214904785,,,
20180805,0.19253718852996826,2.3192360401153564,,,,,,,,0.6362600326538086
20180806,0.34069323539733887,0.8880535960197449,0.5886075496673584,,1.9073857069015503,0.6135959029197693,1.1057149171829224,0.7821046113967896,0.27609914541244507,0.3172549903392792
20180807,,,,,,,,,,0.36864855885505676
20180808,0.4513699412345886,1.793415904045105,,,,,0.3831585645675659,0.3775342106819153,0.1290869116783142,0.17474651336669922
20180809,0.46213018894195557,2.704258918762207,0.6179280877113342,1.2975590229034424,,,,0.5318045020103455,,0.417919397354126
20180810,0.3755221366882324,,,,,,,,,3.370965003967285
20180811,0.33241379261016846,1.3925244808197021,0.5290548801422119,1.004544973373413,2.13301944732666,0.4984416961669922,0.7090426683425903,0.38319575786590576,0.19746331870555878,0.3467062711715698
20180812,0.2771831452846527,1.9442590475082397,0.46439364552497864,,,0.5181355476379395,0.4267503321170807,0.40464985370635986,0.22877968847751617,0.35452815890312195
20180813,0.8762961626052856,1.7904083728790283,0.46081480383872986,,,,,0.4538210332393646,0.24907143414020538,
20180814,0.47990328073501587,2.7533512115478516,0.6440595388412476,1.7768988609313965,3.039808988571167,0.890881359577179,0.6989052891731262,0.6139141917228699,0.445370078086853,0.5657053589820862
20180815,0.2772742509841919,0.7516105771064758,0.3467935025691986,,,0.41512244939804077,,0.44249194860458374,0.274093896150589,0.24066029489040375
20180816,0.33862659335136414,0.9590389728546143,0.4691080152988434,0.7976177334785461,,0.3929056227207184,,0.4637012779712677,0.23022425174713135,0.34447142481803894
20180817,0.4934181272983551,2.4299776554107666,0.509094774723053,1.5541226863861084,2.9365429878234863,0.6278344392776489,0.7815116047859192,0.46085095405578613,0.45409613847732544,0.45143356919288635
20180818,0.2742648720741272,1.3503926992416382,0.40280577540397644,1.2376896142959595,,0.44040167331695557,,0.4922514855861664,0.1695849746465683,0.6110063195228577
20180819,0.4061964750289917,2.233734369277954,,,,,,,0.20879466831684113,0.36436647176742554
20180820,0.64530348777771,1.9741294384002686,0.4454624652862549,,,,,,0.2470775842666626,
20180821,0.5252848863601685,2.1719119548797607,0.5819345116615295,2.452793598175049,4.3314995765686035,1.0918290615081787,0.87650066614151,0.38402798771858215,0.23175276815891266,0.3230416178703308
20180822,0.4655918478965759,2.689641237258911,1.034946322441101,1.739099144935608,6.136754512786865,0.6986703872680664,0.6721597909927368,0.5079517364501953,0.38419198989868164,0.40683433413505554
20180823,0.2868116796016693,,,,,,,,0.3622075319290161,0.6277414560317993
20180824,0.46919935941696167,2.1692168712615967,0.4589253067970276,1.2272660732269287,4.456480026245117,0.5549879670143127,0.6010359525680542,0.4408889412879944,0.3834945261478424,0.5992875099182129
20180825,0.446116179227829,3.017308473587036,0.5150018930435181,1.8765013217926025,6.722869396209717,0.7881646156311035,0.5835594534873962,0.4219241440296173,0.4423900246620178,0.7871397137641907
20180826,0.5844601988792419,3.6080410480499268,0.43825939297676086,2.0843124389648438,4.652871608734131,0.4388830065727234,0.3531050682067871,,,0.564601719379425
20180827,0.2532932460308075,2.8362221717834473,0.4456388056278229,1.4154987335205078,2.0594370365142822,0.7273352742195129,0.42685598134994507,0.3859727382659912,0.29864978790283203,0.4351801872253418
20180828,0.3771398961544037,2.493858575820923,0.4790188670158386,1.7579551935195923,7.804269313812256,0.6648024320602417,0.6288936138153076,0.3997623026371002,0.3623904585838318,0.28694015741348267
20180829,,,,,6.109431743621826,0.9864161014556885,1.0194547176361084,0.45726847648620605,0.4030150771141052,0.5147119760513306
20180830,0.2960747182369232,,,,,,,,,
20180831,0.6272368431091309,0.3527849018573761,0.33196476101875305,1.1830387115478516,2.142052412033081,0.5162136554718018,1.089033603668213,0.39007410407066345,0.3296034038066864,0.2770308256149292
20180901,0.2967158555984497,1.4228142499923706,0.3272300958633423,,,0.48949089646339417,,0.3477010428905487,0.3556567132472992,0.26968204975128174
20180902,0.3438025712966919,1.6214702129364014,0.38613322377204895,1.7067447900772095,2.1724026203155518,0.7020307183265686,0.48774975538253784,0.324706107378006,0.21649809181690216,0.25768011808395386
20180903,0.27860182523727417,1.380979061126709,0.3297227919101715,,,0.5207023024559021,,0.36625686287879944,0.1610563099384308,0.24312756955623627
20180904,0.3895004987716675,2.3163819313049316,0.45171546936035156,2.2791614532470703,4.0450334548950195,0.8816204071044922,0.7877943515777588,0.4593120217323303,0.34306806325912476,0.35578787326812744
20180905,0.4402915835380554,,,,,,,,,0.34261825680732727
20180906,0.34761717915534973,1.5979878902435303,0.40279218554496765,1.6959381103515625,2.7670748233795166,0.5827697515487671,0.5309004187583923,0.37377944588661194,0.2699110507965088,0.27462756633758545
20180907,0.28785258531570435,1.4976757764816284,0.34175875782966614,0.8087528347969055,3.701423168182373,0.35658782720565796,0.5629537105560303,0.39052262902259827,0.3538193106651306,0.32272011041641235
20180908,0.3591517210006714,2.392274856567383,0.43681269884109497,1.9575380086898804,6.700412750244141,0.5133992433547974,0.5061287879943848,0.4264558255672455,0.1227155402302742,0.34475865960121155
20180909,,1.0515379905700684,,,,,,,,0.21338105201721191
20180910,0.3907696008682251,0.926216721534729,0.36288708448410034,1.2219241857528687,,0.4599030017852783,0.38415223360061646,0.40284109115600586,0.4935981333255768,
20180911,0.1884428709745407,0.5550240874290466,0.3108997941017151,,,,,,,0.634997546672821
20180912,0.33511772751808167,1.3954235315322876,0.3831535875797272,,1.5125408172607422,0.30707699060440063,0.6792460680007935,0.4346228539943695,0.3478771150112152,0.40558871626853943
20180913,0.32823649048805237,1.8796244859695435,0.4148624539375305,1.441898226737976,4.414725303649902,0.729668378829956,0.8225959539413452,0.46326571702957153,0.35265254974365234,0.5209512710571289
20180914,0.315849244594574,1.4165390729904175,0.37774068117141724,0.9787061810493469,2.9183547496795654,0.5462276339530945,0.6317917108535767,0.38879653811454773,0.2638240158557892,0.5750537514686584
20180915,0.3197202682495117,2.042126178741455,0.4486128091812134,,2.244206190109253,0.6369702816009521,0.7408062815666199,0.5613614320755005,0.3117392361164093,0.25480785965919495
20180916,0.7023794651031494,1.9407703876495361,0.5674992799758911,,1.6839667558670044,,0.9902966618537903,0.49692776799201965,0.29200682044029236,0.38421177864074707
20180917,0.42229941487312317,1.6595029830932617,0.5269011855125427,1.395287036895752,2.2036821842193604,0.8005619049072266,0.8796888589859009,0.5276541709899902,0.35004106163978577,0.4118218421936035
20180918,0.2830857038497925,0.4203699827194214,0.3425021469593048,,,0.5127657055854797,0.3829363286495209,0.3940293788909912,0.20122191309928894,0.3538128733634949
20180919,0.19158442318439484,1.6235207319259644,0.32953447103500366,,,0.42083483934402466,0.33004409074783325,0.3963700830936432,0.23327425122261047,0.36994776129722595
20180920,0.4656095504760742,1.6883275508880615,0.3573397994041443,,,,,,,0.4265677332878113
20180921,0.39961257576942444,2.0401673316955566,0.42148590087890625,1.4179562330245972,2.904381275177002,0.9884621500968933,0.7483077049255371,0.36742356419563293,,0.8714843392372131
20180922,0.39019402861595154,2.037750482559204,0.5141802430152893,1.9711947441101074,4.717775344848633,0.8283933997154236,0.5630422830581665,0.36511126160621643,0.274604856967926,0.34996679425239563
20180923,0.45931318402290344,,0.3253950774669647,,,0.7591584920883179,,0.38918086886405945,0.27164384722709656,0.3135005831718445
20180924,0.3743346333503723,1.6523990631103516,0.3649753928184509,1.2323188781738281,2.8631439208984375,0.7078980207443237,,0.4596245288848877,0.22069057822227478,0.42332136631011963
20180925,0.44064655900001526,2.812697410583496,0.4340086877346039,1.4366631507873535,3.5813443660736084,0.537126898765564,0.6479330062866211,0.41657915711402893,0.3500087857246399,0.28544101119041443
20180926,0.3687196373939514,1.2665441036224365,0.3706616759300232,1.4972466230392456,3.3342461585998535,0.42086556553840637,0.4138084650039673,0.42898356914520264,0.38576385378837585,0.6649633049964905
20180927,0.34671106934547424,2.5736801624298096,0.39092451333999634,0.7781863212585449,5.026845932006836,0.35806477069854736,0.4374403655529022,0.2652682960033417,0.29471585154533386,0.6114240288734436
20180928,0.2606864869594574,0.7862672805786133,0.28438305854797363,,,0.5151060819625854,0.39204010367393494,0.30788686871528625,0.2726370692253113,0.2820037007331848
20180929,0.3294315040111542,2.0015134811401367,0.3247654438018799,1.6407604217529297,3.700549840927124,0.6270743012428284,0.6740317344665527,0.2955237030982971,0.2613885998725891,0.2480335682630539
20180930,0.44669437408447266,1.6640912294387817,0.3519476056098938,0.9787055253982544,5.0866522789001465,0.5227333307266235,0.5617297291755676,0.35040283203125,0.3362681567668915,0.5761076211929321
20181001,,,,,,,,,,0.5397628545761108
20181002,0.41680461168289185,3.7162208557128906,0.6014752984046936,2.8968665599823,5.565425395965576,1.2828892469406128,1.0851688385009766,0.2475913017988205,0.3523715138435364,0.4431392550468445
20181003,,2.187598705291748,0.18450017273426056,,,0.15037651360034943,,0.2496492862701416,0.2615543603897095,0.3506406247615814
20181004,0.520157516002655,,,,,,,0.18011142313480377,0.23680971562862396,0.28933438658714294
20181005,0.2795620858669281,1.8893418312072754,0.40272194147109985,1.6382745504379272,3.194340229034424,0.5391172766685486,0.6325667500495911,0.41115880012512207,0.37454789876937866,0.4388880133628845
20181006,0.42457595467567444,0.6142004132270813,0.3209034502506256,,,,,,,0.3928956389427185
20181008,,,1.1797261238098145,,,,,0.32748323678970337,,0.32830822467803955
20181009,0.1101706326007843,,,,,,,,,0.19960594177246094
20181010,0.561289370059967,1.5343878269195557,0.31057873368263245,,,,,0.45442214608192444,0.2955809235572815,0.3081918954849243
20181011,0.35254743695259094,1.2946770191192627,0.45481058955192566,1.8669912815093994,1.7559752464294434,0.599983811378479,0.5557081699371338,0.41881608963012695,0.3136199712753296,0.38753247261047363
20181012,0.31308385729789734,1.1321417093276978,0.39610037207603455,2.308659315109253,,0.7563998699188232,,0.34925252199172974,0.3280261754989624,0.42776644229888916
20181013,0.397051066160202,1.8624539375305176,0.6042371392250061,1.8276008367538452,1.826704978942871,0.461588591337204,0.5545578598976135,0.29699191451072693,0.33203446865081787,0.44519829750061035
20181014,0.19126705825328827,,,,,,,,,0.2820098400115967
20181015,0.20757070183753967,,0.3549136519432068,,,,,,,
20181016,0.5199180841445923,,,,,,,,0.15660329163074493,0.2852737307548523
20181017,0.7072170972824097,1.6128556728363037,0.34201836585998535,,,,,,,0.11425267159938812
20181018,0.4141205847263336,1.637869119644165,0.4655018448829651,2.628419876098633,3.6005349159240723,0.8822399377822876,0.8124374747276306,0.3401544988155365,0.17712217569351196,
20181019,,2.0459537506103516,,,,,,,,0.4321753680706024
20181020,0.3625735640525818,,0.27734053134918213,,,,,,0.5913851857185364,0.4817221462726593
20181021,0.2896791696548462,1.3838542699813843,0.3729477524757385,1.6844449043273926,3.587864398956299,0.5598669052124023,0.7371808886528015,0.28859442472457886,0.4216826558113098,0.44924911856651306
20181022,0.24089987576007843,1.8316892385482788,0.2720368504524231,,,0.4579430818557739,0.5239552855491638,0.31466543674468994,0.7953112125396729,0.7814179062843323
20181023,0.24254544079303741,0.6497529745101929,0.3061903417110443,,2.6325416564941406,0.700920045375824,0.6057612299919128,0.22785557806491852,0.5402371287345886,0.44092831015586853
20181024,0.42892199754714966,1.5841883420944214,0.4786514341831207,2.1933953762054443,3.8982491493225098,0.6689168810844421,0.6537678241729736,0.27288955450057983,0.5935224890708923,0.43970680236816406
20181025,0.22597220540046692,,,,,,,,0.8174527883529663,0.5318658947944641
20181026,0.32322731614112854,0.9464814066886902,0.37029778957366943,1.7633213996887207,1.2912441492080688,0.6750444769859314,0.5378069877624512,0.246045783162117,0.37796810269355774,0.5875833630561829
20181027,,,,,,,,0.2573806047439575,0.23299111425876617,0.20032966136932373
20181028,0.1935156285762787,0.7535533905029297,0.26614242792129517,,,,,0.1852382868528366,0.5080534219741821,0.45394423604011536
20181029,0.3904261589050293,1.765331506729126,0.3765629827976227,2.2908735275268555,3.049687623977661,0.7482327818870544,0.6143637299537659,0.25937724113464355,0.4143378734588623,0.46067729592323303
20181030,0.18850979208946228,2.8382837772369385,0.5667951107025146,2.64016056060791,3.5398948192596436,0.9195089340209961,0.7703957557678223,0.4205458164215088,0.4054672420024872,0.5666250586509705
20181031,0.2616596221923828,0.6727163195610046,0.21181759238243103,,,,0.3736729621887207,,,
20181101,1.3479093313217163,,,,,,,,,
20181102,0.24963827431201935,2.1572256088256836,0.3193611800670624,2.4031529426574707,6.921197891235352,0.7128883004188538,0.4741385579109192,0.21957021951675415,0.2183498740196228,0.2665552794933319
20181103,0.20103569328784943,,0.22742506861686707,,,,,0.15087297558784485,0.21960845589637756,0.26731619238853455
20181104,,,,,,,,,,0.5118117332458496
20181105,0.2947646379470825,,0.2024698257446289,,,,,,,0.14226149022579193
20181106,0.1467207819223404,0.7258589863777161,0.23234552145004272,,,,,,,
20181107,0.18921998143196106,0.9597428441047668,0.2924855649471283,,,0.4820137917995453,0.4427727460861206,0.23302260041236877,0.28130728006362915,0.19526053965091705
20181108,0.2522866427898407,1.471145749092102,0.38088464736938477,1.752170443534851,1.9645553827285767,,0.6936396360397339,0.2699444591999054,0.2913607954978943,0.2975168228149414
20181109,0.23599551618099213,1.780335545539856,0.3858896493911743,2.231884241104126,3.7502148151397705,0.7947536706924438,0.5480524897575378,0.2914625108242035,0.2511400580406189,0.2649387717247009
20181110,0.13763195276260376,,0.18329313397407532,,,,,0.16984978318214417,0.15712030231952667,0.3363553583621979
20181111,0.22979260981082916,1.419907569885254,0.3315911591053009,,,0.3510704040527344,,0.35919901728630066,0.2391066998243332,0.5119646787643433
20181112,,,,,,,,,,
20181113,0.13856768608093262,1.4587204456329346,0.34259462356567383,2.415987730026245,2.2926735877990723,0.5896269083023071,0.5256887674331665,0.4638736844062805,,0.14086534082889557
20181114,0.5783612728118896,1.7472890615463257,0.2717151939868927,,2.882158041000366,0.2071513533592224,0.5515405535697937,0.15926851332187653,0.176503524184227,0.2022748738527298
20181115,,,0.22422508895397186,,,,1.119339942932129,0.2679964601993561,0.36941635608673096,0.32773151993751526
20181116,0.2825991213321686,,0.12806746363639832,,,,,,,0.626838207244873
20181117,0.21285010874271393,1.2624133825302124,0.32216307520866394,,,0.4106694459915161,0.4369346499443054,0.21841663122177124,0.2678394317626953,0.31796795129776
20181118,0.16904550790786743,1.5593565702438354,0.4159824550151825,1.9954975843429565,2.6389224529266357,0.5203285813331604,0.45661336183547974,0.27980998158454895,0.28734147548675537,0.32148098945617676
20181119,0.1278367042541504,,0.18690183758735657,,,,,,0.21208462119102478,0.3824094235897064
20181120,,,,,2.1888856887817383,,0.3715480864048004,0.19636094570159912,0.22514435648918152,
20181121,,,,,,,,,,0.38959288597106934
20181122,0.23112766444683075,,0.39958932995796204,,,,,,,
20181123,0.2374807447195053,1.9232286214828491,0.43344181776046753,2.5946288108825684,3.292419672012329,0.7480918765068054,1.2364943027496338,0.40000948309898376,0.2768659293651581,
20181124,0.35398587584495544,,,,,,,,0.2781050503253937,0.17633168399333954
20181125,0.5702224373817444,2.1393141746520996,0.49810391664505005,2.304759979248047,3.4394121170043945,0.8078854084014893,1.0971356630325317,0.31381356716156006,0.2171754390001297,0.21090643107891083
20181126,,,,,,,,,,0.5237593650817871
20181127,0.20109039545059204,,0.1417803019285202,,,,,,,
20181128,0.28717583417892456,1.2529633045196533,0.3155936896800995,,,0.5483351945877075,,0.28681522607803345,0.18830372393131256,0.2680008113384247
20181129,0.33390745520591736,1.524423360824585,0.36949679255485535,2.234654426574707,2.104673385620117,0.6952041387557983,0.6632286906242371,0.3176414966583252,0.34990307688713074,0.21830622851848602
20181130,0.2633274495601654,1.6772373914718628,0.40816882252693176,2.147667407989502,2.8930909633636475,0.716249942779541,0.7201985716819763,0.2884224057197571,0.2796545624732971,0.2818751633167267
20181201,,,,,,,,,,0.31387409567832947
20181202,0.3276820778846741,,,,,,,,,
20181203,0.385734498500824,0.9501128792762756,0.3716099262237549,,2.5815060138702393,0.5508590340614319,0.6160178780555725,0.3939209282398224,,
20181204,0.21274323761463165,1.5473917722702026,0.3307388424873352,1.6144163608551025,2.206298828125,0.5639234781265259,0.5688976049423218,0.3439290225505829,0.2829008400440216,0.2424382120370865
20181205,0.3624081015586853,1.7664234638214111,0.4206787943840027,1.9339123964309692,4.176157474517822,0.7096123695373535,0.5984364748001099,0.33341968059539795,0.3083721101284027,0.3943850100040436
20181206,,2.1953673362731934,0.8242257237434387,2.127716541290283,4.004300117492676,0.6785399913787842,0.606378972530365,0.4013223648071289,0.34757542610168457,0.3370167016983032
20181207,,,,,,,,,,0.2926405370235443
20181208,0.15586672723293304,,,,,,,,,
20181209,0.14525645971298218,,0.2921852767467499,,,,,0.25445595383644104,0.2821442186832428,0.25922340154647827
20181210,0.22961992025375366,,0.30862486362457275,,,0.5318164229393005,,0.3096621036529541,0.2996511161327362,0.3580837845802307
20181211,1.3527390956878662,,0.31864213943481445,,,0.48637843132019043,,0.24874432384967804,0.34159529209136963,0.3270033299922943
20181212,,,,,,,,,,0.26580360531806946
20181213,0.09540548175573349,,,,,,,,,
20181214,,,,,,,,,,
20181215,0.16004133224487305,2.733821392059326,0.535876452922821,,2.766400098800659,0.9037041664123535,1.038209080696106,0.5487704277038574,,
20181216,0.7054790258407593,2.3765621185302734,0.5411243438720703,,,0.5210244059562683,0.4816363453865051,,0.4233309328556061,0.2672484219074249
20181217,,,,,,,,,,0.2810165584087372
20181218,,,,,,,,,,0.5641363263130188
20181219,0.2603406012058258,2.5519320964813232,0.4901587665081024,2.529966115951538,6.635961532592773,0.7180113792419434,0.7547770738601685,0.39113613963127136,0.32303813099861145,
20181220,0.25687476992607117,2.008775472640991,0.3707018196582794,2.316112995147705,3.029909133911133,0.5093968510627747,0.6909599900245667,0.3096846044063568,0.4729366600513458,0.10399790108203888
20181221,0.35209259390830994,2.0192959308624268,0.328014075756073,,3.388439893722534,0.49057018756866455,0.6488586664199829,0.26886463165283203,0.5691500902175903,0.23557056486606598
20181222,,2.8655054569244385,0.5813333988189697,2.6065945625305176,3.252570867538452,0.7245517373085022,0.8544234037399292,0.32189297676086426,0.7337799668312073,0.3165668845176697
20181223,0.31549933552742004,,0.3280262053012848,,,,,,,0.5442200303077698
20181224,0.18752285838127136,,0.39365506172180176,2.7137115001678467,3.707502603530884,0.6993986964225769,1.1607890129089355,0.25833049416542053,0.28429704904556274,
20181225,0.28796544671058655,2.259725332260132,0.367418497800827,3.17341685295105,3.212855100631714,0.8228011727333069,0.5974053740501404,0.2595081329345703,0.34410738945007324,0.13621306419372559
20181226,0.3352641761302948,2.057872772216797,0.4074033796787262,2.6245477199554443,2.665419101715088,0.801814615726471,0.6394228339195251,0.24954351782798767,0.3608514070510864,0.31745246052742004
20181227,,2.3865795135498047,0.658279299736023,,,0.775176465511322,0.48515868186950684,0.21731974184513092,,0.3563978672027588
20181228,,,,,,,,,,0.2994236946105957
20181229,0.24269996583461761,,0.2109363079071045,,,,,,0.3030700087547302,
20181230,0.3024444580078125,1.096328616142273,0.3763974905014038,,,0.5325980186462402,,0.2723664939403534,0.2793203890323639,0.18597200512886047
20181231,0.32303252816200256,1.7511142492294312,0.3661763072013855,2.772722005844116,2.660773992538452,0.7692012190818787,0.8167973756790161,0.25929123163223267,0.2613629996776581,0.25360289216041565
20190101,0.5370908379554749,1.778403878211975,0.451412558555603,2.681187629699707,3.6316118240356445,0.8149741888046265,0.8001272678375244,0.25790655612945557,0.2528596520423889,0.3155538737773895
20190102,,,,,,,,,0.7376136779785156,0.5003784894943237
20190103,0.3770986795425415,,0.3082020580768585,,,0.7310490608215332,0.6788918972015381,0.23845456540584564,,1.179726481437683
20190104,0.22428211569786072,,0.2948339283466339,,,,,,,
20190105,0.2326437532901764,1.8403849601745605,0.3800353705883026,,2.4644992351531982,0.5945250988006592,0.7765482664108276,0.31953689455986023,0.23819075524806976,0.17802360653877258
20190106,0.447211891412735,2.004937171936035,0.40108975768089294,2.550936698913574,3.470893383026123,0.8077009320259094,0.9668081402778625,0.2711011469364166,0.2313324213027954,0.2991299033164978
20190107,,,,,,,,0.303510844707489,0.16609592735767365,0.3278900980949402
20190108,0.12717486917972565,,,,,,,,,1.643957495689392
20190109,0.2563338279724121,1.997644066810608,0.41477710008621216,2.5323734283447266,3.477149248123169,0.8332744240760803,1.1092820167541504,0.3355475962162018,0.25506526231765747,
20190110,0.3112930357456207,2.1575143337249756,0.39497748017311096,3.409684658050537,3.8247270584106445,0.878555417060852,0.9051650166511536,0.2294437289237976,0.22453749179840088,1.0506808757781982
20190111,0.23306497931480408,1.6618341207504272,0.5026440024375916,,,,,0.2361801266670227,0.33816587924957275,0.28470513224601746
20190112,,2.799924373626709,0.7284854054450989,3.1049880981445312,3.4067442417144775,0.9408265948295593,1.0148663520812988,0.2804369330406189,0.3790038228034973,0.1782570779323578
20190113,0.17346642911434174,,,,,,,,,0.39579442143440247
20190114,0.6536719799041748,2.506000518798828,0.39551645517349243,2.9307785034179688,4.7910895347595215,0.8131952285766602,0.7816844582557678,0.4350425899028778,0.4060991108417511,
20190115,0.6115500926971436,0.9362152814865112,0.373869925737381,1.9053330421447754,3.4636597633361816,0.7190812826156616,0.8013142347335815,0.27895644307136536,0.6046690344810486,0.2187523990869522
20190116,,,0.39083588123321533,,,0.6303073763847351,,0.4351356327533722,0.23295797407627106,
20190117,,,,,,,,,0.22580236196517944,
20190118,,,,,,,,,,
20190119,0.14458416402339935,,0.24031734466552734,,,,,,,
20190120,0.22245554625988007,2.0542259216308594,0.3769376277923584,2.962752103805542,3.8842146396636963,0.5459503531455994,0.6516870260238647,0.25949591398239136,0.31085431575775146,0.4369674026966095
20190121,0.3106776475906372,2.0643975734710693,0.40425845980644226,3.483626127243042,4.095308780670166,0.8018961548805237,0.8902420401573181,0.49228501319885254,0.3561799228191376,1.8900216817855835
20190122,0.4249727129936218,1.0430941581726074,0.47876453399658203,2.5560965538024902,3.652372121810913,1.047305941581726,0.9083676934242249,0.46357905864715576,0.3393607437610626,0.3694853186607361
20190123,,3.068007469177246,0.9666630029678345,3.2133333683013916,5.013887405395508,1.125891089439392,0.8133622407913208,0.6239184737205505,0.5100533962249756,0.5372551679611206
20190124,0.17226165533065796,,,,,,,,,0.5849776864051819
20190125,0.10322593152523041,,,,,,,,,
20190126,0.13849344849586487,3.985787868499756,0.25403404235839844,1.86388099193573,2.653078079223633,0.6954731941223145,,0.22659863531589508,0.548327624797821,0.3509337306022644
20190127,0.33490437269210815,1.0286837816238403,0.3600955009460449,2.5465385913848877,2.453981637954712,0.6857740879058838,0.6463057994842529,0.16764868795871735,0.32829365134239197,0.25178834795951843
20190128,0.9322354197502136,2.3877007961273193,0.48922020196914673,3.2875401973724365,4.258635520935059,0.9227226972579956,0.7372936010360718,0.4518318772315979,0.33553898334503174,0.317347913980484
20190129,0.25528284907341003,,0.19503682851791382,,,,,,,0.2960662543773651
20190130,0.43752989172935486,2.4141340255737305,0.5031848549842834,4.083644866943359,6.806818962097168,0.9243642687797546,0.699277400970459,0.2801663875579834,0.21412688493728638,
20190131,0.36790770292282104,2.168347120285034,0.3870662748813629,2.501967191696167,4.350836753845215,0.6594160199165344,0.7024070620536804,0.24855686724185944,0.24009962379932404,0.18210898339748383
20190201,0.39114055037498474,2.3399510383605957,0.4826146960258484,2.7336583137512207,2.986506938934326,0.7824352979660034,0.9317760467529297,0.25269657373428345,0.32588621973991394,0.3270307183265686
20190202,0.5752339363098145,2.619965076446533,0.5662190914154053,2.9530537128448486,4.380283832550049,0.8035097718238831,0.743563711643219,0.443067342042923,0.34470343589782715,0.31445515155792236
20190203,,,,,,,,,,0.4371437430381775
20190204,0.4682981073856354,,0.24542422592639923,,,,,,,
20190205,,,0.5130065083503723,2.6859569549560547,3.7467572689056396,0.8395065665245056,0.9645410180091858,0.26171255111694336,0.5611079335212708,0.36891525983810425
20190206,0.40737634897232056,2.453909397125244,0.43502941727638245,2.995145559310913,3.0248465538024902,0.7467140555381775,0.6507390141487122,0.6742343902587891,0.30587005615234375,0.39508363604545593
20190207,0.4776078164577484,2.4156408309936523,0.4331529140472412,2.9581072330474854,3.214594841003418,0.8196567296981812,0.8061787486076355,0.2553524672985077,0.5263945460319519,0.3012135624885559
20190208,,,,,,,1.1178805828094482,0.18595948815345764,0.2725515067577362,0.3333376348018646
20190209,0.19043879210948944,,,,,,,,,0.40451836585998535
20190210,0.828127384185791,2.5276477336883545,0.4122854173183441,,2.74297833442688,,0.8610424399375916,0.2002180516719818,0.36443713307380676,0.06512047350406647
20190211,0.3518464267253876,2.8061771392822266,0.5209376811981201,,,,,,0.17821750044822693,0.15462282299995422
20190212,0.17068268358707428,,0.4545177221298218,2.8511204719543457,3.0911521911621094,0.6113501787185669,,0.2729123830795288,0.26276740431785583,0.1484529674053192
20190213,0.3039332926273346,2.2950432300567627,0.5612719058990479,2.8909406661987305,3.441861152648926,0.7179811000823975,0.9362505078315735,0.30970171093940735,0.3210528790950775,0.2837437093257904
20190214,0.4232417345046997,,0.612960159778595,,,,,0.6125574707984924,,0.4064176082611084
20190215,0.2665075361728668,1.8883631229400635,0.5365927815437317,2.499295949935913,3.880260944366455,0.746538519859314,0.8910430073738098,0.511580228805542,0.36015403270721436,0.302275151014328
20190216,0.3480301797389984,2.5321996212005615,0.4626452922821045,2.271125316619873,3.589651584625244,0.5974559187889099,0.721652626991272,0.36348432302474976,0.3831433355808258,0.49129942059516907
20190217,0.6508029103279114,4.893416881561279,0.635892927646637,2.765000343322754,5.389410018920898,,1.0425876379013062,,0.2699628174304962,0.21021650731563568
20190218,0.4064217507839203,3.1112124919891357,0.6207821369171143,,2.714559316635132,0.6903473138809204,0.8917991518974304,0.32897645235061646,0.2510010600090027,0.6147382855415344
20190219,0.18120411038398743,,,,,,,0.34435248374938965,0.39100170135498047,0.1798296421766281
20190220,0.5522273778915405,3.0876541137695312,0.6639652252197266,2.4788506031036377,3.6062748432159424,0.9635811448097229,0.9311348795890808,0.19252170622348785,0.1674988567829132,0.21914826333522797
20190221,0.33416444063186646,2.5884385108947754,0.512635350227356,2.8041110038757324,4.307954788208008,0.7174451351165771,0.8727389574050903,0.30857473611831665,0.5094502568244934,0.9427014589309692
20190222,0.35751447081565857,2.4764764308929443,0.5597617626190186,2.7156875133514404,3.334209442138672,0.7398647665977478,0.8323965072631836,0.3074735701084137,0.4066883325576782,0.7218468189239502
20190223,0.4475420117378235,2.437488079071045,0.5304980874061584,2.5806100368499756,3.2228381633758545,0.7748413681983948,0.8587437272071838,0.47148585319519043,0.3611457943916321,0.35137251019477844
20190224,0.49350106716156006,2.6284103393554688,0.5826579928398132,2.9674432277679443,4.38067102432251,0.8414085507392883,0.7964426279067993,0.504942774772644,0.3960610628128052,0.35656145215034485
20190225,0.9731841683387756,3.8078293800354004,0.5114457607269287,4.025598526000977,3.976447582244873,0.8924329876899719,0.8108958601951599,0.31261882185935974,0.6665211319923401,0.3693809509277344
20190226,0.6307694315910339,3.797987937927246,0.5165709257125854,3.2859046459198,7.1065802574157715,0.7739046216011047,0.8433322906494141,0.31192317605018616,1.1211671829223633,0.6206278204917908
20190227,0.7917276620864868,4.17573881149292,0.5139517188072205,4.978843688964844,6.795354843139648,0.9592780470848083,0.8903996348381042,0.3396979868412018,0.8953917026519775,0.34589090943336487
20190228,0.5492091178894043,3.1321544647216797,0.6504448652267456,,3.5813229084014893,0.9333956241607666,,0.3877444267272949,0.6324447989463806,0.2635311186313629
20190301,0.9529275894165039,4.325314998626709,0.7156692147254944,4.0039873123168945,8.057559967041016,1.171423316001892,0.966906726360321,0.6366132497787476,0.7278456091880798,0.5334609746932983
20190302,1.5378392934799194,2.278259515762329,0.7394186854362488,4.693976402282715,9.989631652832031,1.4557653665542603,1.4081647396087646,0.8719820380210876,0.7075144648551941,0.4539598226547241
20190303,0.2809540927410126,3.094986915588379,0.4308955669403076,,,0.41690143942832947,,0.35257625579833984,0.3409525156021118,0.3139914870262146
20190304,0.47481730580329895,,0.47095152735710144,,,,,0.3258308470249176,0.3333177864551544,0.29305413365364075
20190305,0.42628994584083557,2.462646722793579,0.4712245464324951,,,0.5325294137001038,0.56621253490448,0.14916037023067474,0.2879614233970642,0.16588658094406128
20190306,0.42106950283050537,2.6459953784942627,0.4982357919216156,,,0.8446102142333984,1.0924643278121948,0.20609821379184723,0.29552340507507324,0.23080380260944366
20190307,,3.205589771270752,0.9233649373054504,2.8879268169403076,,,,0.3478792905807495,0.40766996145248413,0.2699773609638214
20190308,,,,,,,,,,
20190309,1.1831477880477905,2.767693281173706,0.5856757760047913,3.034095525741577,5.774810314178467,0.9772965312004089,0.9703958034515381,0.2598579227924347,0.3211699426174164,0.27040064334869385
20190310,,,,,,,,0.1010003387928009,,
20190311,0.2295977622270584,2.5399816036224365,0.5986598134040833,,3.300567388534546,0.6556622385978699,,0.6305488348007202,0.14943824708461761,0.24768157303333282
20190312,0.58597731590271,2.47525691986084,0.6100291609764099,2.940317392349243,3.8808352947235107,0.9426958560943604,1.0807493925094604,0.42468294501304626,0.22320538759231567,0.21647727489471436
20190313,0.21609461307525635,2.533181667327881,1.8459144830703735,3.6552793979644775,6.552210807800293,0.924536406993866,0.9616394639015198,0.3163827657699585,0.34754812717437744,0.24714824557304382
20190314,0.3223412036895752,2.6499948501586914,0.6564532518386841,2.789006233215332,4.257385730743408,0.7756146192550659,1.0078998804092407,0.3305889964103699,0.30685731768608093,0.31830817461013794
20190315,0.36345893144607544,3.001882553100586,0.5665536522865295,3.2443840503692627,3.9485268592834473,0.8277817964553833,0.8707426190376282,0.31003710627555847,0.3787546455860138,0.23882006108760834
20190316,0.43300536274909973,2.200387954711914,0.6295931339263916,2.601344347000122,3.5424044132232666,0.8569195866584778,0.9171762466430664,0.49657896161079407,0.341403603553772,0.2730780243873596
20190317,0.7126623392105103,2.515536069869995,0.6990441083908081,2.5485801696777344,3.9147560596466064,0.8607673048973083,0.7712710499763489,0.4879182279109955,0.4268735945224762,0.3409085273742676
20190318,1.0061707496643066,4.8298563957214355,0.9464938044548035,,3.8738672733306885,,,0.4283013343811035,0.47778958082199097,0.3655567765235901
20190319,0.46392083168029785,2.1189332008361816,0.5954991579055786,2.088364601135254,2.8380625247955322,0.7238799333572388,0.694327712059021,1.4385604858398438,0.5693438649177551,1.1102784872055054
20190320,0.47272956371307373,2.294581890106201,0.5415274500846863,2.4070568084716797,4.858620643615723,0.6671106815338135,0.9676505327224731,0.5549867749214172,0.5452855229377747,
20190321,0.3675602376461029,4.3562211990356445,,,,,,,,
20190322,,2.7297215461730957,0.6790344715118408,3.0277719497680664,3.985745906829834,0.8977354168891907,0.8855188488960266,0.862582266330719,0.5687537789344788,0.46574729681015015
20190323,0.459653377532959,,0.6713219285011292,2.138011932373047,3.1772348880767822,0.8825913071632385,0.7829596400260925,0.3442087471485138,0.7443318963050842,0.5401944518089294
20190324,0.149408757686615,,0.16525958478450775,,,,,0.15018373727798462,0.2767598330974579,0.2714226245880127
20190325,0.2702338695526123,,0.35284724831581116,,,,,0.26388007402420044,0.2756122052669525,0.2095225304365158
20190326,0.3677791953086853,2.2533600330352783,0.4936617314815521,,2.9456443786621094,0.5771295428276062,1.4494026899337769,0.4124634265899658,0.3468930423259735,0.18441683053970337
20190327,0.48005759716033936,2.7234580516815186,0.8029805421829224,2.889744758605957,3.3996496200561523,1.016394019126892,1.6968777179718018,0.7611122727394104,0.5274990200996399,0.5213926434516907
20190328,0.5528279542922974,2.6403660774230957,0.7817277908325195,3.0476512908935547,4.290567874908447,1.3495508432388306,1.1684988737106323,0.46254900097846985,0.38821423053741455,0.471172034740448
20190329,2.0754854679107666,3.308966875076294,0.3543747365474701,,,,,0.3248037099838257,0.2159743458032608,
20190330,0.12100403010845184,,0.09867678582668304,,,,,0.27641212940216064,0.20964817702770233,0.3714125156402588
20190331,0.17168037593364716,,0.8117175698280334,,,0.6918582320213318,,,0.18169952929019928,0.1790819615125656
20190401,0.5646957159042358,2.2240889072418213,0.7073873281478882,2.161637783050537,2.4546542167663574,0.8045924305915833,1.0568684339523315,1.004795789718628,0.37933290004730225,0.264700710773468
20190402,0.517195999622345,2.4675822257995605,0.7477130889892578,2.4170546531677246,3.171395778656006,0.829267680644989,0.8723933696746826,0.8966884016990662,0.4536346197128296,0.46051883697509766
20190403,0.35385656356811523,3.2841053009033203,0.8043452501296997,,,,,,,0.24972733855247498
20190404,0.40728920698165894,2.150001049041748,0.8516228199005127,2.3279621601104736,4.664838790893555,0.8446015119552612,0.8143231272697449,0.5926648378372192,0.415191650390625,0.34528905153274536
20190405,0.40056589245796204,4.134439468383789,0.7173646092414856,,,,,,,
20190406,0.7861202359199524,2.1833925247192383,0.7206806540489197,2.5572903156280518,2.7882065773010254,0.944067120552063,1.0232083797454834,0.514479398727417,0.4678678810596466,0.3043968975543976
20190407,0.43794941902160645,2.6124587059020996,0.6773114204406738,2.735266923904419,3.2236032485961914,,0.9369945526123047,0.4007292687892914,0.2507265508174896,0.9959516525268555
20190408,0.35960566997528076,2.187274932861328,0.5964146256446838,,,0.5780117511749268,,0.6244505643844604,0.2130223512649536,0.25729843974113464
20190409,0.5807123184204102,2.363192558288574,0.721642255783081,,2.892319440841675,,,0.5785490870475769,0.4080808460712433,0.3328405022621155
20190410,0.46447134017944336,2.3097996711730957,0.3602868914604187,2.5261621475219727,3.3103559017181396,,,,,0.20027481019496918
20190411,0.43190997838974,2.333078145980835,0.7626800537109375,2.844484567642212,3.3167760372161865,1.0476577281951904,1.0339562892913818,0.6518486738204956,0.5061127543449402,0.1736326366662979
20190412,0.6123421788215637,2.1891160011291504,0.7782775163650513,2.6954684257507324,3.1752865314483643,1.017015814781189,0.8353196382522583,0.7243707180023193,0.45461034774780273,0.5977864265441895
20190413,0.17943497002124786,,,,,,,,0.44265639781951904,0.3347826600074768
20190414,0.5731390714645386,2.2558839321136475,0.762671709060669,2.6514382362365723,4.8712849617004395,0.8799153566360474,0.9305546283721924,0.59625643491745,0.5901170372962952,0.5254470705986023
20190415,0.28034141659736633,,,,,,,,,0.7572935223579407
20190416,0.4163554608821869,6.233822822570801,1.2473026514053345,5.105863094329834,6.990374565124512,1.7455289363861084,0.8836223483085632,0.6469649076461792,0.5601813793182373,0.4173843264579773
20190417,0.3304521441459656,,0.5983090996742249,,,,,0.6364792585372925,0.4658831059932709,
20190418,0.5197363495826721,2.648744821548462,0.851411759853363,2.273526191711426,4.715014457702637,1.1333189010620117,0.9597052931785583,1.4428623914718628,0.40869101881980896,
20190419,0.3824043571949005,3.0818052291870117,2.1374588012695312,,,1.5288687944412231,,,,0.5504631996154785
20190420,,,,,,,,,,0.4453278183937073
20190421,0.32578495144844055,0.9481675028800964,0.7061765789985657,,,0.7386739253997803,0.6806271076202393,0.48002204298973083,0.3469958007335663,
20190422,0.4365452527999878,1.8600448369979858,0.6359872817993164,2.2106995582580566,2.2014219760894775,1.0242832899093628,0.883558988571167,0.5924152731895447,0.36640501022338867,0.3495871424674988
20190423,0.6325024962425232,2.0189156532287598,0.7278308272361755,2.3741836547851562,3.0619680881500244,1.1390750408172607,0.8559091687202454,0.9500194787979126,0.4902390241622925,0.4324227273464203
20190424,0.2445838749408722,2.15053391456604,0.5581187009811401,2.2123682498931885,2.5332911014556885,0.7920820713043213,0.856353223323822,0.41978219151496887,0.2934137284755707,0.35173481702804565
20190425,0.5720443725585938,1.8441306352615356,0.589880108833313,2.283496141433716,2.6383047103881836,0.6522077918052673,0.7795267105102539,0.5370675325393677,0.4961678385734558,1.0700362920761108
20190426,0.3167964518070221,,,,,,,,0.21964462101459503,0.4582480192184448
20190427,0.6916593313217163,2.298067331314087,0.7973622679710388,2.3586068153381348,2.5808305740356445,1.0172666311264038,0.8601628541946411,0.6946117877960205,,
20190428,1.050134301185608,2.434976577758789,0.8191773295402527,2.3435957431793213,2.7150609493255615,1.262222409248352,,0.400471568107605,0.19646012783050537,0.21358533203601837
20190429,0.5973994731903076,2.299778938293457,0.7553956508636475,2.61126446723938,3.3908934593200684,1.063560128211975,0.8262017369270325,1.1152275800704956,0.7563400268554688,1.3776806592941284
20190430,,1.8074520826339722,0.7743892669677734,,,,,,,2.1282970905303955
20190501,,,,,,0.2900269031524658,,,0.24809692800045013,0.3817298412322998
20190502,0.3801327645778656,1.9670193195343018,,,,,,0.6022966504096985,0.3511292338371277,0.33179694414138794
20190503,0.41432368755340576,0.9075912237167358,0.5826614499092102,,,0.7006577253341675,,0.5267312526702881,0.44360342621803284,0.7590464353561401
20190504,0.4176502227783203,0.9175912737846375,0.5358749032020569,1.644545555114746,3.395341157913208,,1.0793278217315674,,0.5260833501815796,0.37975335121154785
20190505,0.5046126246452332,1.7667258977890015,0.458875447511673,,1.9180043935775757,,0.8183515071868896,0.890756368637085,0.2522001266479492,0.5174614787101746
20190506,0.5086586475372314,1.8185839653015137,0.7991352081298828,2.081777811050415,3.1197361946105957,1.0755802392959595,1.0588765144348145,0.8211692571640015,0.42719766497612,0.43332573771476746
20190507,0.4388427138328552,1.2680021524429321,0.6171585321426392,,,0.5567618608474731,,,,0.5673037171363831
20190508,0.18596412241458893,,0.20228277146816254,,,,,0.3339594006538391,0.23044466972351074,0.2734525799751282
20190509,0.357352614402771,,0.3808143138885498,,,,,,,0.4058593809604645
20190510,0.4336843490600586,2.38588285446167,0.7351005673408508,2.515083074569702,3.6947391033172607,1.045819640159607,1.3507758378982544,0.6208950877189636,0.3075861930847168,0.2673308849334717
20190511,0.415749728679657,1.1866847276687622,0.26008355617523193,,,,,,0.17911174893379211,0.21297535300254822
20190512,0.912290632724762,,,,,,,0.6077601313591003,0.2068357765674591,0.2500780522823334
20190513,0.5937243103981018,2.6069114208221436,0.93681401014328,2.5837907791137695,2.7204275131225586,1.257375955581665,1.1217553615570068,1.2176729440689087,,
20190514,0.625109851360321,2.455307960510254,0.718910276889801,2.4303619861602783,3.9771533012390137,0.9808474779129028,0.9638475775718689,0.9336081147193909,0.3081724941730499,0.282585084438324
20190515,0.6531021595001221,2.3030619621276855,0.6988381147384644,2.515118360519409,4.054039478302002,0.9053606986999512,1.0093629360198975,0.9348064064979553,0.2226749062538147,0.2438410222530365
20190516,0.5829817652702332,2.1301429271698,0.7173721194267273,2.065643548965454,4.303591728210449,0.9408537149429321,0.8509379029273987,0.8498809337615967,0.4629298150539398,0.5659670233726501
20190517,0.6876634955406189,2.5972113609313965,1.1852188110351562,1.9071449041366577,4.919566631317139,0.8319613337516785,0.9398182034492493,0.66965651512146,0.5008320808410645,0.6813483834266663
20190518,0.3506297469139099,,,,,,,,0.5102356672286987,0.5701829791069031
20190519,0.6852811574935913,1.893674612045288,0.5837376713752747,,,,,,,2.0231173038482666
20190520,0.5936819911003113,3.073261260986328,0.34068337082862854,,,,,0.5647998452186584,0.3331797122955322,0.3610498309135437
20190521,0.6325398683547974,2.8702495098114014,0.7176190614700317,2.5465950965881348,4.910678863525391,0.9675731062889099,0.9767407178878784,0.7270010113716125,0.48753517866134644,0.35228073596954346
20190522,0.618393063545227,2.4511756896972656,0.6712678074836731,2.078960418701172,6.476884841918945,0.8713913559913635,1.0063635110855103,0.7368346452713013,0.38962072134017944,0.6518428921699524
20190523,2.140050172805786,4.385561943054199,1.1397318840026855,3.1101560592651367,8.933051109313965,0.9623523354530334,1.8876681327819824,0.8477402329444885,0.7160333395004272,0.964729905128479
20190524,0.5971174240112305,2.9522433280944824,0.6671335101127625,2.6231064796447754,4.467467784881592,0.874220073223114,0.8163522481918335,0.5875014662742615,0.4885464906692505,
20190525,0.4332179129123688,,0.5116634964942932,,,0.5839107036590576,,0.5502841472625732,0.23455394804477692,0.27361050248146057
20190526,0.2362838238477707,,0.5052191019058228,,,0.5604922771453857,0.6877485513687134,0.5906477570533752,0.36223551630973816,0.43387341499328613
20190527,,,,,,,,0.397633820772171,0.2521181106567383,0.414526104927063
20190528,0.17140652239322662,0.6547151207923889,0.4935553967952728,,,,,0.5009787082672119,,0.3347315490245819
20190529,0.271549254655838,,0.6453970074653625,,3.055454730987549,,,0.684649646282196,0.33161476254463196,0.4417746365070343
20190530,0.47452905774116516,1.9327750205993652,0.5671408772468567,,,0.4580342769622803,0.5504446029663086,0.5209128260612488,,
20190531,0.9959797263145447,,0.39564093947410583,,,0.39063939452171326,,0.3946191668510437,0.13575677573680878,
20190601,0.5425299406051636,2.4575998783111572,0.14773793518543243,,2.407855749130249,,,,,0.5639341473579407
20190602,0.33643838763237,0.843250036239624,0.49058300256729126,,,0.3878750205039978,,0.5205041766166687,0.20888996124267578,0.14118418097496033
20190603,0.2357926219701767,,,,,,,0.33406251668930054,,0.2937649190425873
20190604,0.3475703299045563,0.9952405095100403,0.4907744228839874,,,,,,0.10706613212823868,0.5736794471740723
20190605,1.000812292098999,2.6899874210357666,0.7300176620483398,2.4072344303131104,3.093691110610962,,,0.5167137980461121,,
20190606,0.8110140562057495,2.293457269668579,0.7579121589660645,2.1078600883483887,2.9871280193328857,0.8791582584381104,1.000219464302063,0.7784581780433655,,0.3613755404949188
20190607,0.6577621102333069,2.4853248596191406,0.7788054943084717,2.1524558067321777,3.092581272125244,0.8589015603065491,1.1576619148254395,0.8468191623687744,,2.9176652431488037
20190608,1.3105943202972412,0.7890466451644897,1.3698159456253052,,,,,,0.4329158663749695,0.5168527364730835
20190609,,,,,,,,,,0.8323884010314941
20190610,0.6682593822479248,3.8757097721099854,0.7390151023864746,2.4786956310272217,4.587742805480957,0.8360337615013123,1.0375603437423706,0.6694260239601135,0.3581833839416504,0.32330191135406494
20190611,0.798112154006958,1.5008957386016846,0.8504683375358582,2.743091583251953,5.694397926330566,0.8317850232124329,1.0867198705673218,1.266111135482788,0.45056676864624023,0.5879235863685608
20190612,0.6046116352081299,1.0045744180679321,0.5998826026916504,0.7303789258003235,2.994495153427124,0.47471269965171814,0.6036748886108398,0.5489838123321533,0.3351719081401825,0.25891560316085815
20190613,1.0150412321090698,1.4692600965499878,0.7216405868530273,0.9753608703613281,3.5633654594421387,0.6042579412460327,0.4642598032951355,0.6001173257827759,0.3127559423446655,0.3286774754524231
20190614,0.5143835544586182,2.89554500579834,0.4938181936740875,0.8934841752052307,3.7968873977661133,0.49380335211753845,,0.44130560755729675,,0.1648274064064026
20190615,0.46521496772766113,,,,,,,,0.5964265465736389,
20190616,0.5310198068618774,2.0859415531158447,0.6682834625244141,2.672987937927246,4.631767272949219,0.6829679012298584,0.8163565993309021,0.8294031023979187,0.36123088002204895,0.47044065594673157
20190617,,,,,,,,,,0.7752307653427124
20190618,0.3635755181312561,0.8940934538841248,0.4244280159473419,1.6023519039154053,2.6417932510375977,0.6809000372886658,0.7942352294921875,0.49642056226730347,0.3274834156036377,0.2424689382314682
20190619,0.4950961768627167,3.0756239891052246,0.5639950037002563,,1.3008848428726196,,0.4535355269908905,0.6458470821380615,0.28624653816223145,0.29100823402404785
20190620,0.3552572727203369,,,,,,,0.6659403443336487,0.44602110981941223,
20190621,0.5124190449714661,1.4485572576522827,0.6516537666320801,1.6410142183303833,,0.7430261969566345,0.7391372323036194,0.7855462431907654,0.4055740535259247,0.3247942626476288
20190622,0.7357981204986572,3.3331449031829834,0.6637021899223328,3.0176732540130615,6.369973182678223,0.741726279258728,0.733217179775238,0.7464486956596375,0.3180769085884094,0.3171297013759613
20190623,0.5920540690422058,3.395817279815674,0.6927977800369263,3.375382423400879,9.161556243896484,0.7473800778388977,0.6662612557411194,0.6167433261871338,0.41217511892318726,0.4375556409358978
20190624,,,,,,,,,,0.6621399521827698
20190625,0.6498393416404724,3.74139142036438,0.8629305362701416,3.516120672225952,10.13903522491455,0.9358566999435425,0.7532446980476379,0.6759225726127625,0.5615765452384949,0.5482578873634338
20190626,0.6657049059867859,4.049489974975586,0.8256440162658691,5.241824150085449,7.450211048126221,0.8481786847114563,0.8112773895263672,0.6233738660812378,0.3993939161300659,0.3501589000225067
20190627,2.038348436355591,3.109267473220825,0.757165789604187,2.9101760387420654,8.496301651000977,0.7210509181022644,0.7530309557914734,0.6284545660018921,0.6130591630935669,0.6078222393989563
20190628,0.5624388456344604,3.876574754714966,,,,,0.5044876933097839,0.7253574132919312,0.5129416584968567,0.6636756658554077
20190629,0.49179789423942566,0.6287438869476318,0.4366201162338257,,,,,,,
20190630,0.7001562118530273,2.399538516998291,0.3007953464984894,,,,,0.22415506839752197,,0.49349552392959595
20190701,0.45586052536964417,,0.5456072092056274,,,,,0.708207368850708,0.356812447309494,
20190702,0.4915667772293091,2.214487075805664,0.4589357078075409,1.5003057718276978,3.5930378437042236,0.43372467160224915,0.6052591800689697,0.6042336225509644,0.23479816317558289,0.2858424782752991
20190703,0.5521495342254639,1.2874795198440552,0.5600982308387756,,,0.7692005038261414,0.7613800764083862,0.5258336663246155,0.19305016100406647,0.294846773147583
20190704,0.6748830676078796,2.402477502822876,0.7169150114059448,2.2156260013580322,4.563831806182861,0.7331638336181641,0.635671079158783,0.5318990349769592,0.41594231128692627,0.7454298138618469
20190705,0.9082896113395691,4.634443759918213,1.172802209854126,,,,,1.1572294235229492,0.580267071723938,0.47166505455970764
20190706,,,0.49747592210769653,,,,,0.670574963092804,0.4446210563182831,0.4147656261920929
20190707,0.5967015624046326,2.941202402114868,0.6194853186607361,3.19370698928833,5.600068092346191,0.7591100335121155,0.637667179107666,0.6048630475997925,0.26129093766212463,
20190708,0.5977154970169067,2.2967255115509033,0.5653452277183533,1.0167553424835205,4.196483135223389,0.6247132420539856,0.6644529700279236,0.5166653394699097,0.25600650906562805,0.285566121339798
20190709,0.5585753917694092,3.643751859664917,0.5609040260314941,3.751601457595825,11.836753845214844,0.5316492319107056,0.7584484815597534,0.4639395475387573,0.2509647607803345,0.32318946719169617
20190710,0.7535438537597656,4.351115703582764,,,,,,,,
20190711,0.463721364736557,0.46913400292396545,0.5133967399597168,1.2584103345870972,2.5378546714782715,0.7192028164863586,0.6623592972755432,0.5863363742828369,,
20190712,0.4118182063102722,0.9781399965286255,0.48344752192497253,,,0.5898792743682861,0.6360152959823608,0.4383470118045807,0.23255255818367004,0.3541721701622009
20190713,0.3566039800643921,1.405730962753296,0.638437032699585,1.2029683589935303,3.5308873653411865,0.8420373201370239,1.4062800407409668,0.5987150073051453,0.32545650005340576,0.294485479593277
20190714,0.32262709736824036,,0.3108019530773163,,,,,0.37565600872039795,,
20190715,0.17696934938430786,0.4150865375995636,0.24510569870471954,,,,,,,0.5136086940765381
20190716,0.37877947092056274,0.8221254944801331,0.530907928943634,,,,,0.47771579027175903,0.3808099627494812,
20190717,0.2346501350402832,,0.3481749892234802,,,0.46691960096359253,,0.5182154774665833,0.14477476477622986,0.1822969764471054
20190718,0.5787615180015564,3.0910940170288086,0.701988160610199,1.1895067691802979,1.691287875175476,0.48329341411590576,0.7259676456451416,0.6252197623252869,0.5610546469688416,
20190719,0.5319722890853882,2.7532944679260254,0.6211327314376831,2.6419942378997803,5.399217128753662,1.0286465883255005,1.0759133100509644,0.5697540640830994,0.2196161448955536,0.7837691307067871
20190720,0.4995424449443817,1.7053428888320923,0.6671884655952454,1.785812258720398,3.211939811706543,0.6438165903091431,1.0724817514419556,0.5753617286682129,0.3849189281463623,0.5635502338409424
20190721,0.5957080125808716,2.0905377864837646,0.652522623538971,2.121574878692627,3.614344596862793,0.863355815410614,0.8947461843490601,0.5070616006851196,0.33321109414100647,0.42842957377433777
20190722,0.6970018744468689,2.800515651702881,1.08058762550354,,3.5063669681549072,,,0.49681001901626587,,0.9476229548454285
20190723,0.8050393462181091,2.5807015895843506,0.6971302628517151,1.50601065158844,3.20973539352417,,,,0.16993491351604462,
20190724,0.40591245889663696,1.0282140970230103,0.4330107867717743,,,0.3353159427642822,,0.5312231183052063,0.2707732319831848,0.2644489109516144
20190725,,,,,,,,,,0.12961414456367493
20190726,0.42221832275390625,,0.28747686743736267,,,0.27391836047172546,0.21055100858211517,0.33850565552711487,0.2911127209663391,0.2817254066467285
20190727,0.8658981323242188,,,,,,,,0.21662019193172455,
20190728,,,,,,,,,0.3093873858451843,0.9065120816230774
20190729,0.3385518491268158,1.2075018882751465,0.5098822712898254,1.2580374479293823,4.066318035125732,0.7909628748893738,0.48968514800071716,0.5127993822097778,0.2701956629753113,0.26635029911994934
20190730,0.4088684916496277,1.9543237686157227,0.357404500246048,1.5016735792160034,3.941425085067749,0.25054386258125305,0.3099026679992676,0.47083166241645813,0.19034285843372345,0.2515386641025543
20190731,0.5133402943611145,0.7538028359413147,0.2756110429763794,,,,,,,0.6379677057266235
20190801,0.3903276026248932,0.6578273177146912,0.42495572566986084,,,,,0.4409075081348419,0.2584969997406006,0.23772911727428436
20190802,0.624987006187439,2.9036848545074463,0.3865702152252197,,,0.46248576045036316,,0.30897417664527893,,0.15629273653030396
20190803,0.6073410511016846,2.239279270172119,3.1045072078704834,,,,,,,0.28039297461509705
20190804,0.9119353294372559,3.726170301437378,0.5412005186080933,2.881074905395508,11.471500396728516,0.6895589828491211,0.7930919528007507,0.6623005270957947,0.4021390974521637,0.2570752203464508
20190805,0.6062018275260925,2.8536770343780518,0.6556306481361389,2.043567419052124,9.296629905700684,1.1118159294128418,0.7883918881416321,0.3625646233558655,0.30652254819869995,0.5328100323677063
20190806,0.5865329504013062,,0.5106728076934814,,,,,,,
20190807,0.2970777750015259,3.4129159450531006,,,,,,,0.2876615822315216,0.22776292264461517
20190808,0.3927405774593353,0.49125880002975464,0.3426018953323364,,,,,0.2760373651981354,0.21598218381404877,0.2762439250946045
20190809,0.37001192569732666,1.3819323778152466,0.519838809967041,,1.986816167831421,0.6362138986587524,2.2143568992614746,0.4814465343952179,0.2903195023536682,0.22599327564239502
20190810,0.4224418103694916,1.5688148736953735,0.6113116145133972,,3.2106478214263916,,,0.5000240206718445,0.2840130925178528,0.24938401579856873
20190811,0.25544631481170654,,0.1902243047952652,,,0.5064608454704285,,0.5268812775611877,0.1375323235988617,0.20148518681526184
20190812,0.5179631114006042,1.13267183303833,0.45927855372428894,,2.8730578422546387,0.639629602432251,,0.4720572233200073,0.2505970001220703,0.23948638141155243
20190813,0.5917454361915588,2.0635242462158203,0.566835343837738,1.2522697448730469,2.176116466522217,0.6151489615440369,0.5431250929832458,0.5021423697471619,0.26142418384552,0.16791293025016785
20190814,0.5874903202056885,2.1247165203094482,0.7063180208206177,1.686710238456726,4.147930145263672,0.6759876012802124,0.9850283265113831,0.5907782912254333,0.3728697896003723,0.27302801609039307
20190815,0.17462803423404694,1.5517821311950684,0.5493347644805908,,,0.43780794739723206,,0.5623273253440857,,
20190816,0.4632619619369507,0.7188334465026855,0.2863684892654419,,1.61439847946167,,,0.4639572501182556,0.24887864291667938,0.20875561237335205
20190817,0.5203084349632263,,,,,,,0.46791741251945496,0.4152848720550537,0.5503703355789185
20190818,0.35307157039642334,,,,,,,0.4547041654586792,,0.40734627842903137
20190819,0.33715662360191345,1.7910934686660767,0.46471282839775085,0.8003690838813782,2.5950779914855957,0.6660720109939575,1.2963262796401978,0.4413389265537262,0.23798729479312897,0.3580358922481537
20190820,0.28118208050727844,0.724071204662323,0.18347319960594177,,,,,0.34510764479637146,0.2326986938714981,
20190821,0.31151771545410156,1.0850764513015747,0.4369509518146515,,,0.5093408226966858,0.3929128348827362,0.4805598855018616,0.16581293940544128,0.46713125705718994
20190822,0.7134180068969727,1.6366008520126343,0.2539806067943573,,,,,,0.11954585462808609,0.32065045833587646
20190823,0.5565393567085266,2.7598960399627686,0.5578159093856812,2.9968461990356445,3.559627056121826,0.9330894351005554,0.8664279580116272,0.49857449531555176,0.5200845003128052,1.1401171684265137
20190824,0.40495240688323975,0.8887015581130981,0.363332599401474,,,0.5754832029342651,,0.39928075671195984,0.18402332067489624,0.4684642255306244
20190825,0.338083952665329,1.27761709690094,0.3360414206981659,1.5789477825164795,3.39389705657959,0.6257208585739136,0.4525050222873688,0.42745324969291687,0.2747298777103424,0.35032179951667786
20190826,0.388826459646225,1.0443477630615234,0.3447555601596832,1.2458988428115845,2.850053310394287,0.4819684326648712,0.5330743789672852,0.39571309089660645,0.21541686356067657,0.3399111032485962
20190827,0.5396736264228821,2.4549286365509033,0.3100660443305969,1.4040032625198364,3.6769399642944336,0.3299132287502289,0.41268616914749146,0.3980981409549713,0.29158490896224976,0.4083302617073059
20190828,0.3696400821208954,1.7480297088623047,0.2944030463695526,,,,,0.4388434886932373,0.2900882363319397,0.2963162660598755
20190829,0.5708132982254028,2.573523759841919,0.577362060546875,1.9752209186553955,5.8486433029174805,0.6595481038093567,0.5428124666213989,0.44927701354026794,0.439334899187088,0.776166558265686
20190830,0.5654029846191406,2.48442006111145,0.6773596405982971,2.050450325012207,6.63667631149292,0.6501612067222595,0.6498676538467407,0.4789157509803772,0.41238391399383545,0.6088660359382629
20190831,0.34002041816711426,,0.4656129777431488,,,0.5833137631416321,0.48041558265686035,0.46045517921447754,0.3089763820171356,0.8126981258392334
20190901,0.4800040125846863,1.8802932500839233,0.4145815670490265,1.1035339832305908,6.450308799743652,0.4234940707683563,0.45937860012054443,0.3974270224571228,0.24214127659797668,0.29515987634658813
20190902,0.4139324426651001,1.6188368797302246,0.3836252987384796,1.7267123460769653,4.16644287109375,,,,,0.6403928995132446
20190903,0.41957736015319824,2.653064012527466,0.5917021632194519,2.3343889713287354,7.757156848907471,0.4387826919555664,0.8584819436073303,0.3997797966003418,0.3363468050956726,0.6465034484863281
20190904,0.31789740920066833,3.86020565032959,0.3716456890106201,,,,,0.3011607229709625,0.280069500207901,0.4272589683532715
20190905,0.3283640742301941,2.2145657539367676,0.4793407618999481,0.9656581878662109,2.7932698726654053,0.5244002342224121,0.6538437008857727,0.3233351707458496,0.20187798142433167,0.4135100841522217
20190906,0.21001628041267395,1.3051429986953735,,,,,,,0.21574868261814117,0.179724782705307
20190907,0.5051501989364624,1.9017561674118042,0.2410220056772232,,,0.49449965357780457,,0.4095185399055481,0.1274619847536087,0.20837293565273285
20190908,0.4440338611602783,1.0889160633087158,0.47043299674987793,,3.6278412342071533,0.7370764017105103,0.9617052674293518,0.47783327102661133,0.26927995681762695,0.20280712842941284
20190909,0.5703498125076294,2.122152328491211,0.5939226150512695,1.6123862266540527,4.284231662750244,0.5282041430473328,0.9712056517601013,0.3803499937057495,0.3747548460960388,0.2885940670967102
20190910,0.47172948718070984,1.869856834411621,0.436441034078598,,6.017366409301758,0.6234846711158752,,,,0.5307579636573792
20190911,0.3646882474422455,1.6029720306396484,0.40258604288101196,1.4014606475830078,4.126524448394775,0.5954101085662842,0.5029636025428772,0.2850016951560974,,0.7122588157653809
20190912,0.45573657751083374,1.8750081062316895,0.33600085973739624,1.284362554550171,3.707462787628174,0.39007607102394104,0.4235628545284271,0.3521274924278259,0.15220263600349426,0.14325875043869019
20190913,0.4428580701351166,1.9302172660827637,0.42598381638526917,2.189610719680786,5.059609413146973,1.0604636669158936,0.4597632586956024,0.3263032138347626,0.2691546678543091,
20190914,0.8359250426292419,2.701200485229492,0.4546220898628235,2.434145927429199,7.493779182434082,0.6113473176956177,0.5718205571174622,0.3217085301876068,0.4580337107181549,0.6646473407745361
20190915,0.2612413167953491,1.123436689376831,0.29736971855163574,,,0.7157236337661743,,,0.2786685526371002,
20190916,0.3081795871257782,,0.28916409611701965,,,0.47909456491470337,0.2831536829471588,0.31239888072013855,0.3289283812046051,0.38103052973747253
20190917,0.4662412405014038,1.9801045656204224,0.4055471122264862,1.5429457426071167,4.36704158782959,0.5109784603118896,0.5439611673355103,0.3526183068752289,0.3146413564682007,0.5512681007385254
20190918,1.008995771408081,1.9675347805023193,0.5475531220436096,2.5628609657287598,4.130902290344238,0.682227611541748,0.5759610533714294,0.41528016328811646,0.48769208788871765,0.55284184217453
20190919,0.27228400111198425,,,,,,,,0.5235348343849182,1.8233245611190796
20190920,0.2837960124015808,,,,,,,,,0.5015316605567932
20190921,0.3212774097919464,1.9947749376296997,0.35283219814300537,0.8653932213783264,2.9607412815093994,0.4592592716217041,0.59589684009552,0.33467555046081543,0.32291609048843384,0.2971741557121277
20190922,0.30633243918418884,,0.17534105479717255,,,0.2954871654510498,,0.37481069564819336,,0.28956472873687744
20190923,0.39641013741493225,2.1694464683532715,0.27980318665504456,,,,0.6230962872505188,0.4113597869873047,0.2998024821281433,0.2758501470088959
20190924,0.5043407082557678,1.954951286315918,0.34521710872650146,,3.8582184314727783,0.22864344716072083,0.7650613784790039,0.3253115117549896,0.406983882188797,0.3799615502357483
20190925,0.4848214387893677,3.3882274627685547,0.4855221211910248,3.238738536834717,7.7020263671875,0.9608093500137329,0.5523813962936401,0.3027597665786743,0.41263291239738464,0.34299495816230774
20190926,0.5926963090896606,3.6623857021331787,0.5649373531341553,3.122373104095459,7.3288750648498535,0.9797785878181458,0.6094849705696106,0.30633822083473206,0.5853123068809509,0.6645663380622864
20190927,0.6018291711807251,1.8035573959350586,0.275356262922287,0.6715004444122314,,0.22144299745559692,0.2750813961029053,0.27779483795166016,0.574256420135498,0.3290388584136963
20190928,0.3866414427757263,0.7945806384086609,0.3655755817890167,,,,,0.5012171268463135,0.612065851688385,0.15525968372821808
20190929,0.36481794714927673,1.085869312286377,0.35996711254119873,1.6672263145446777,,,,,1.1957817077636719,0.4070079028606415
20190930,0.5596615672111511,2.113311529159546,0.5237787365913391,1.8581644296646118,5.143884658813477,0.7134197950363159,0.5673697590827942,0.31362372636795044,0.5551358461380005,0.3151394724845886
20191001,0.41057106852531433,2.276329755783081,0.5039635896682739,2.2088370323181152,6.44411039352417,0.7731693983078003,0.5835297107696533,0.3421056866645813,0.5915555953979492,0.605901300907135
20191002,0.4053874611854553,2.4098873138427734,0.42366766929626465,2.1075315475463867,7.09551477432251,0.5949004292488098,0.5511893033981323,0.3086286187171936,0.5525826811790466,0.40248095989227295
20191003,0.5074014663696289,2.788186550140381,0.5183171629905701,2.906182289123535,8.526461601257324,0.5064318776130676,0.446228563785553,0.2995522916316986,,1.5505255460739136
20191004,0.4332115948200226,3.6440932750701904,,,,,,,1.4990558624267578,
20191005,0.6944770216941833,,0.491018682718277,,,,,,,
20191007,0.19019193947315216,0.48607170581817627,0.19804218411445618,,,,,,0.26531675457954407,0.24941027164459229
20191008,0.2855563163757324,1.3024497032165527,0.2616755962371826,1.5908762216567993,2.653596878051758,0.4267648756504059,0.5714780688285828,0.28635522723197937,0.2740253806114197,0.3144521415233612
20191009,0.4270519018173218,1.7901623249053955,0.3657967746257782,2.030407428741455,4.30214262008667,0.5481628775596619,0.4370695650577545,0.37786775827407837,0.3219185769557953,0.2080232948064804
20191010,0.3697727620601654,1.7157303094863892,0.4448685646057129,1.8816848993301392,4.111318588256836,0.65616375207901,0.40486815571784973,0.31502005457878113,0.3768541216850281,0.29193946719169617
20191011,0.6134896874427795,1.9532650709152222,0.6885767579078674,1.821510672569275,4.29831075668335,0.6425532102584839,0.4992988109588623,0.3412542939186096,0.4617300033569336,0.4224071502685547
20191012,0.4950954020023346,2.2844460010528564,0.4018760919570923,,4.170906066894531,0.797703742980957,0.5327343344688416,0.343980073928833,0.6028628945350647,0.5268905162811279
20191013,0.22732964158058167,,,,,,,,,0.5080719590187073
20191014,0.3759273290634155,1.312848687171936,0.47989803552627563,1.0915398597717285,0.7785624265670776,0.2606193423271179,0.19765602052211761,0.22701318562030792,0.3820773661136627,0.2914542555809021
20191015,0.3983641564846039,,,,,,,,,0.5653056502342224
20191016,0.4299389123916626,1.9104788303375244,0.3633953332901001,2.397433042526245,3.8065176010131836,0.3671337068080902,0.45986443758010864,0.251931756734848,0.6454930901527405,0.393109530210495
20191017,0.5761733651161194,2.1048717498779297,0.5291406512260437,2.255246162414551,3.066359281539917,0.6820862293243408,0.822291910648346,0.33318549394607544,0.2913844585418701,0.2863308787345886
20191018,0.5420522689819336,,,,,,,,,0.2322390228509903
20191019,0.4755827784538269,1.4615288972854614,0.3594224750995636,,,0.37225469946861267,0.5774173736572266,0.5172432661056519,0.4384668469429016,0.2941574454307556
20191020,0.38573914766311646,1.9015120267868042,0.44483891129493713,3.0323538780212402,3.1759166717529297,0.7544012665748596,0.5394505858421326,0.39478662610054016,,
20191021,0.3045192062854767,,0.4478684663772583,,,0.33783960342407227,0.4024176001548767,0.37517091631889343,0.5271341800689697,1.1310749053955078
20191022,0.4018803834915161,2.2113020420074463,0.5232855677604675,2.282851219177246,4.098962783813477,0.6512459516525269,0.6025874614715576,0.5443322062492371,0.5812240839004517,0.4946995973587036
20191023,0.36209189891815186,2.1391146183013916,0.3465672433376312,,,,,0.427823543548584,0.56734699010849,0.48723652958869934
20191024,0.2079613208770752,2.7326483726501465,0.2709846496582031,1.6776156425476074,6.288984298706055,0.29729726910591125,0.45097434520721436,0.2192586064338684,0.4895658791065216,0.3390885889530182
20191025,0.20924077928066254,,0.2683756351470947,,,,,0.19385839998722076,0.5507714152336121,0.3400115668773651
20191026,0.3064614534378052,1.5032696723937988,0.40735629200935364,,,0.47764265537261963,0.8709304928779602,0.41112959384918213,0.5925312638282776,0.3055967092514038
20191027,0.31297987699508667,1.6363335847854614,0.36933112144470215,,,0.6943816542625427,,0.358824223279953,0.42111924290657043,0.29757827520370483
20191028,0.3203287124633789,3.462402582168579,0.6099391579627991,,,0.3132851719856262,0.5551050901412964,0.3314504623413086,0.5587536692619324,0.45905300974845886
20191029,0.33052587509155273,1.8253463506698608,0.3981209099292755,1.8365381956100464,3.5424389839172363,0.496872216463089,0.5856073498725891,0.24589137732982635,0.4409033954143524,0.42460981011390686
20191030,0.4614310562610626,2.573395252227783,0.4704015851020813,2.4827473163604736,7.4596171379089355,0.5705887079238892,0.5318607687950134,0.3282969892024994,0.4863470792770386,0.4960668981075287
20191031,,3.994863510131836,,1.925173044204712,,,,0.34923845529556274,0.6397919058799744,0.5195745825767517
20191101,,,,,,,,,,
20191102,,2.456411123275757,0.9299184083938599,,3.2645509243011475,0.5938993096351624,0.7880222201347351,0.28242483735084534,0.5882445573806763,0.3601823151111603
20191103,0.2559024393558502,,,,,,,,,0.22034835815429688
20191104,0.2802429497241974,1.2037104368209839,0.24095335602760315,,,0.31934452056884766,,0.19188034534454346,0.21476569771766663,
20191105,0.3642529249191284,2.5002005100250244,0.3633672297000885,1.8164745569229126,1.7128808498382568,0.5645899176597595,0.4350145161151886,0.296472430229187,,
20191106,0.26069721579551697,1.7656911611557007,0.3503660261631012,2.086599349975586,4.104954242706299,0.41266775131225586,0.5932722091674805,0.18883150815963745,,
20191107,,1.9712289571762085,,,,,,0.25046783685684204,,
20191108,0.23830033838748932,,,,,,,,,0.33681923151016235
20191109,0.3299144208431244,1.0877577066421509,0.4369698464870453,1.5261156558990479,2.5922741889953613,0.3792836666107178,0.8268133997917175,0.3547980487346649,,
20191110,0.3356528878211975,1.6556193828582764,0.447586327791214,2.0860695838928223,2.472820281982422,0.534385621547699,0.5314802527427673,0.39404451847076416,0.38905200362205505,0.15060444176197052
20191111,0.31005367636680603,0.8986008167266846,0.3493150770664215,,,,,0.2971136271953583,,0.3297717273235321
20191112,,1.93905770778656,0.45007896423339844,,2.7700603008270264,0.48144376277923584,0.6187116503715515,0.3748030960559845,0.3004343509674072,0.23073649406433105
20191113,,,,,,,,,,
20191114,0.5811083316802979,1.6043744087219238,0.4202978312969208,,,,,,,
20191115,0.6025290489196777,1.6603821516036987,0.42255109548568726,,,,,,0.17312318086624146,
20191116,0.5201936960220337,0.6954124569892883,0.4058627188205719,2.2008590698242188,2.1924805641174316,0.6195594668388367,0.5577271580696106,0.2647780179977417,,
20191117,0.41797614097595215,1.7164796590805054,0.3636697828769684,1.9455602169036865,,0.534246563911438,0.459330290555954,0.30112239718437195,0.2434425801038742,0.5407384037971497
20191118,,,,,,,,0.3137910068035126,0.3898465037345886,0.4559076726436615
20191119,0.7207401990890503,,0.3322013020515442,,,,,,,0.5952091217041016
20191120,0.3670538067817688,,0.4114677608013153,,,,,0.2057848572731018,0.15987049043178558,
20191121,0.21941342949867249,1.671761155128479,0.4482208490371704,,3.3221471309661865,0.681405246257782,0.5584442019462585,0.31002628803253174,0.3460288643836975,0.35075148940086365
20191122,0.34866979718208313,1.4993699789047241,0.3241322338581085,,,0.38479164242744446,0.29999083280563354,0.20929135382175446,0.2567135989665985,0.7134557962417603
20191123,,1.497429609298706,0.6607367992401123,1.9209015369415283,2.694983720779419,0.42818135023117065,0.27131447196006775,0.18375031650066376,0.2794777452945709,0.28176644444465637
20191124,0.39178821444511414,,0.26256582140922546,,,,,,,0.448227196931839
20191125,0.15532933175563812,,0.26806145906448364,,,,,,,
20191126,0.2729433476924896,1.0496758222579956,0.3095019459724426,1.2971720695495605,2.56249737739563,0.41974154114723206,0.3914254605770111,0.3276996314525604,0.24291618168354034,0.24047453701496124
20191127,0.43972793221473694,1.7081793546676636,0.38924384117126465,2.286095380783081,2.8397178649902344,0.5402190685272217,0.42302003502845764,0.24172528088092804,0.2755417823791504,0.48350995779037476
20191128,0.3488480746746063,0.8144644498825073,0.44553494453430176,,,0.6376734375953674,0.3687257766723633,0.2267117202281952,0.36459869146347046,0.6809301376342773
20191129,,,,,,,,,,
20191130,0.15493783354759216,,,,,,,,,
20191201,,,,,,,,,,
20191202,0.21805743873119354,2.2758233547210693,0.3759371340274811,,,0.2793152332305908,0.47462743520736694,0.28574618697166443,0.18634964525699615,0.19696775078773499
20191203,0.572784423828125,2.239098310470581,0.4727049469947815,2.329336166381836,2.806690216064453,0.6201549768447876,0.7464395761489868,0.3684817850589752,,
20191204,0.29132571816444397,,,,,,,,,0.36526063084602356
20191205,0.36258652806282043,,,,,,,,,
20191206,0.38408803939819336,1.0755726099014282,0.30144086480140686,1.89933180809021,,0.2586445212364197,0.28621119260787964,0.36744898557662964,,
20191207,0.3398800790309906,1.8137062788009644,0.3462205231189728,1.9450535774230957,3.0969860553741455,0.510383129119873,0.38008853793144226,0.2978237569332123,0.30690649151802063,0.8452379107475281
20191208,0.29144781827926636,1.5081496238708496,0.33170294761657715,,,0.3301357328891754,,0.25660911202430725,0.316960871219635,0.4235575497150421
20191209,,,,,,,,,,
20191210,0.1776919662952423,,,,,,,,,0.5130708813667297
20191211,0.393539160490036,0.9258966445922852,0.3462357223033905,,,0.4381207823753357,,0.40855708718299866,0.18661203980445862,
20191212,0.46677160263061523,1.2869083881378174,0.3507785201072693,2.179513692855835,2.472738265991211,0.5071337223052979,0.4063796103000641,0.22276654839515686,0.2067355215549469,0.18224608898162842
20191213,0.46560195088386536,1.4751644134521484,0.31432050466537476,,,0.30441194772720337,,0.3419981598854065,,
20191214,0.3082966208457947,1.78643798828125,0.4216960072517395,2.2743403911590576,2.816864252090454,0.5972634553909302,0.493773490190506,0.2601885497570038,,0.21479082107543945
20191215,0.17727449536323547,,,,,,,,,
20191216,0.20198625326156616,2.07889986038208,0.3313811421394348,2.232257843017578,5.022970199584961,0.44470617175102234,0.4501403272151947,0.25995489954948425,0.2487432211637497,0.4242417514324188
20191217,0.17814835906028748,1.665539264678955,0.3130491375923157,,,0.650425374507904,,0.22475719451904297,0.300015926361084,
20191218,0.3187069892883301,2.4462735652923584,0.31132006645202637,3.0218849182128906,5.3460588455200195,0.7384459376335144,0.42649465799331665,0.22953367233276367,0.3158630430698395,0.25934237241744995
20191219,0.4267787039279938,2.2952675819396973,0.40329253673553467,2.3892343044281006,3.531170129776001,0.6743208169937134,0.46068274974823,0.23965415358543396,0.3110511004924774,0.4413822889328003
20191220,,,,,,,,,,0.38439613580703735
20191221,,,,,,,,,,
20191222,,,,,,,,0.22688691318035126,0.31721338629722595,0.43178802728652954
20191223,,,,,,,,,,0.29656708240509033
20191224,1.2595512866973877,3.3518261909484863,0.3154052495956421,,,,,0.27843087911605835,0.4273626506328583,0.45508792996406555
20191225,,3.18496036529541,,3.3261489868164062,4.2674102783203125,,0.6580520868301392,0.2645512521266937,0.38685524463653564,0.3811635971069336
20191226,0.172546848654747,,,,,,,,,0.5142513513565063
20191227,0.2567151188850403,1.405730128288269,0.4131362736225128,2.821237087249756,4.536274433135986,0.41575151681900024,0.7909404039382935,0.2765448987483978,0.46953120827674866,
20191228,0.45296990871429443,3.3570618629455566,0.450926810503006,3.8314461708068848,4.7381744384765625,0.774042546749115,0.5651599168777466,0.2864895761013031,0.4425605535507202,0.342691034078598
20191229,0.39510518312454224,1.6398221254348755,0.39293089509010315,3.0316524505615234,4.58201789855957,0.7217561602592468,0.45478153228759766,0.27991965413093567,0.4484269320964813,0.3638426661491394
20191230,,,1.6470733880996704,,,0.7976849675178528,0.37039315700531006,0.40471896529197693,0.4502963125705719,0.5504218935966492
20191231,0.19901743531227112,,,,,,,,,0.3716946840286255
20200101,0.33484917879104614,2.0052061080932617,0.33213239908218384,1.8953843116760254,,0.55946946144104,0.36870405077934265,0.2500703036785126,,
20200102,0.337076336145401,2.4327991008758545,0.4046219289302826,2.718036651611328,4.592102527618408,0.5773761868476868,0.4853006601333618,0.24578553438186646,0.2788254916667938,0.2735796272754669
20200103,,2.1179728507995605,0.44451120495796204,4.972172260284424,6.107726573944092,1.1259863376617432,0.556407630443573,0.34524211287498474,0.34469425678253174,0.3001566529273987
20200104,,,,,,,,,,
20200105,,,,,,,,,,0.343341201543808
20200106,0.34849080443382263,,0.3740847408771515,,,,,,,
20200107,0.49480199813842773,2.3268749713897705,0.433984637260437,2.8355984687805176,4.126948356628418,0.5410717129707336,0.44751277565956116,0.37039121985435486,0.3424314856529236,0.3269752562046051
20200108,0.39096948504447937,0.9534522294998169,0.4244578182697296,1.880446195602417,1.620074987411499,0.5705746412277222,0.4705655872821808,0.37291744351387024,0.41033250093460083,0.32422852516174316
20200109,,,,,,,,0.29745131731033325,0.3631230592727661,0.6038233041763306
20200110,,,,,,,,,,
20200111,0.22043712437152863,,,,,,,,,0.4268040060997009
20200112,0.2948315739631653,2.3557281494140625,0.5004035234451294,2.8937625885009766,3.5114400386810303,0.5764093399047852,0.5284081697463989,0.3626517057418823,0.5133628249168396,
20200113,0.4409419894218445,2.4091176986694336,0.4113439917564392,3.363966226577759,2.963998794555664,0.6450349688529968,0.46924614906311035,0.3432890474796295,0.3914334177970886,0.3527224361896515
20200114,0.479634553194046,3.2973616123199463,0.5391615629196167,4.4771199226379395,6.543292045593262,0.8481817245483398,0.6202040314674377,0.46614694595336914,0.4365307092666626,
20200115,,2.5008065700531006,0.6393159031867981,2.9437074661254883,3.627946615219116,0.7169432044029236,0.6545605659484863,0.3359053432941437,0.41810357570648193,
20200116,,,,,,,,,,0.5372840166091919
20200117,0.4859214425086975,1.8309869766235352,0.2843111455440521,,,,,,,
20200118,0.6420590877532959,2.0271124839782715,0.44251149892807007,2.8332464694976807,4.312024116516113,0.5225469470024109,0.49512216448783875,0.3424472510814667,0.7412728071212769,
20200119,0.5882752537727356,1.432671070098877,0.2880716621875763,,,,,,,
20200120,0.6380711793899536,0.8452827334403992,0.3345806300640106,,,0.5614280700683594,,0.4567616879940033,0.8715582489967346,
20200121,0.2842305302619934,,,,,,,0.5040867328643799,0.7320900559425354,0.5667497515678406
20200122,,,,,,,,,,
20200123,0.2834707200527191,,,,,,,,0.6141091585159302,
20200124,0.49410557746887207,2.8445277214050293,0.4066636264324188,,,0.2642788290977478,,0.3073185980319977,0.2974628210067749,0.3205953538417816
20200125,0.619613528251648,2.8072292804718018,0.5093022584915161,3.062896966934204,4.303579807281494,0.5938767194747925,0.5460683107376099,0.2922332286834717,0.31811848282814026,0.8725209832191467
20200126,,3.5256905555725098,,2.7197494506835938,4.188991069793701,0.8096746802330017,0.6575629115104675,0.33052605390548706,0.34452810883522034,0.393816202878952
20200127,0.4035460948944092,,0.18830038607120514,,,,,,,
20200128,0.27011656761169434,2.2361884117126465,0.45481058955192566,1.8446917533874512,,0.7409066557884216,0.4278128743171692,0.27856913208961487,0.34737429022789,0.34687215089797974
20200129,0.3841612935066223,2.4967424869537354,0.40248987078666687,4.236509323120117,4.071961402893066,0.8661170601844788,0.5575395822525024,0.31767311692237854,0.5370326042175293,0.47978973388671875
20200130,0.30376148223876953,3.2195522785186768,0.4297890067100525,3.5769269466400146,6.793414115905762,0.7619552612304688,0.4983466863632202,0.34539851546287537,0.4255668520927429,0.4686335027217865
20200131,,2.8256943225860596,,,,,,,,0.34352290630340576
20200201,0.16375665366649628,,,,,,,,,
20200202,0.4015616774559021,2.0734081268310547,0.26980292797088623,,,0.38177868723869324,,0.26558297872543335,,
20200203,0.210576593875885,,0.320244163274765,,1.438124179840088,,,0.3101936876773834,0.44410276412963867,0.303989440202713
20200204,0.5208209156990051,2.812116861343384,0.5120251178741455,3.2563316822052,5.150390148162842,0.7477902173995972,0.7649602293968201,0.3925468623638153,0.6276934146881104,0.5907012224197388
20200205,1.046215295791626,2.523648500442505,0.5215989947319031,2.62298846244812,3.6852357387542725,0.6924832463264465,0.8189172744750977,0.42630061507225037,0.5650131702423096,1.2568881511688232
20200206,,,,,6.233526229858398,,,0.8750206232070923,0.6913260817527771,0.41953444480895996
20200207,0.3554670810699463,,0.3375040590763092,,,0.3824319541454315,,0.36994239687919617,,
20200208,0.9990465044975281,,,,,,,,,0.47487229108810425
20200209,0.41931718587875366,3.2630882263183594,0.5253213047981262,3.115370750427246,2.0493617057800293,0.7325858473777771,0.4919322729110718,0.3223266005516052,,
20200210,0.685151994228363,4.004455089569092,0.5658698678016663,4.180293083190918,6.2208075523376465,0.7436619997024536,0.7244695425033569,0.5072510242462158,0.8121911287307739,0.3552330732345581
20200211,,3.882136106491089,,2.871774435043335,4.29374885559082,,0.9125356674194336,,0.6572551131248474,
20200212,0.7067028284072876,,,,,,,,,0.3955875039100647
20200213,0.6720055341720581,3.0109376907348633,0.5102525353431702,2.6238486766815186,3.096604585647583,0.5756805539131165,0.834219753742218,0.4347619116306305,0.8313137292861938,0.8342159390449524
20200214,0.38721996545791626,,0.20917026698589325,,,,,,,
20200215,0.9223584532737732,2.3598432540893555,0.44068536162376404,,,,,,,0.2547302842140198
20200216,0.8936580419540405,2.36507511138916,0.5116503238677979,2.9093456268310547,3.72141432762146,0.5372741222381592,0.793502926826477,0.3840043544769287,0.6413615942001343,0.557161271572113
20200217,0.3941468298435211,2.3804779052734375,0.5769573450088501,,,0.478303998708725,0.6536605358123779,0.2677079141139984,0.5497221946716309,0.6315428018569946
20200218,0.5789408087730408,,0.4090109169483185,,,,,,,0.5370795726776123
20200219,0.7039334177970886,2.0721275806427,0.4781033396720886,,,0.48805633187294006,,0.3156905472278595,0.5363910794258118,
20200220,1.887934684753418,2.962977170944214,0.518661379814148,1.4749789237976074,,,0.8317992091178894,0.46777015924453735,0.8561750054359436,
20200221,0.7752877473831177,3.259169816970825,0.6157712340354919,2.637000799179077,4.703030586242676,0.9535425901412964,1.081856369972229,0.3823357820510864,0.49765652418136597,0.6440041661262512
20200222,0.3143596649169922,3.279480218887329,0.5871628522872925,2.7238609790802,4.312931060791016,0.8080163598060608,0.8860014081001282,0.42515817284584045,0.5475996732711792,0.5652081370353699
20200223,0.5328800082206726,2.9386279582977295,0.5694789886474609,2.9989161491394043,5.5182695388793945,0.7231026887893677,0.7990816235542297,0.448799192905426,0.5235050916671753,0.48078539967536926
20200224,0.6060840487480164,4.108415603637695,0.3954722583293915,,,0.5816500782966614,0.5555573105812073,0.33247047662734985,0.4630129635334015,
20200225,0.4573374092578888,2.37907338142395,0.4715483784675598,3.2861456871032715,4.156681537628174,0.71140056848526,0.664199948310852,0.3227499723434448,0.590061604976654,0.333049476146698
20200226,0.8360452651977539,2.8923897743225098,0.35117241740226746,2.1940114498138428,2.9374682903289795,0.5819296836853027,0.8865660429000854,0.30732452869415283,0.6453268527984619,0.6731770634651184
20200227,,3.3490285873413086,0.46069902181625366,2.892815589904785,4.392063617706299,,,,,0.23272447288036346
20200228,0.896389901638031,3.638591766357422,0.5770914554595947,3.4690258502960205,6.043593883514404,0.983231246471405,0.8506708145141602,0.28450608253479004,0.5705088973045349,0.2687046527862549
20200229,0.32603132724761963,2.7868216037750244,0.501708447933197,3.3286280632019043,6.1512579917907715,0.7090006470680237,0.8437166213989258,0.4098092317581177,0.508282482624054,0.8250540494918823
20200301,,,,,,,,,,3.7360973358154297
20200302,0.43243640661239624,2.4432427883148193,0.5626617074012756,2.739678382873535,3.021713972091675,,0.7248720526695251,0.4112609028816223,0.7286509275436401,0.34730562567710876
20200303,0.4590127766132355,,,,,,,,0.7712374925613403,0.2636595368385315
20200304,0.35599663853645325,2.592719793319702,0.5502362251281738,,,,,,0.3599983751773834,0.35442355275154114
20200305,0.3465799391269684,1.0491526126861572,0.3761672377586365,,,,,,0.2770305871963501,0.2602880895137787
20200306,0.722877025604248,2.581942319869995,0.5674903988838196,,0.7544697523117065,,0.44475576281547546,0.3303048014640808,0.330142617225647,0.23336480557918549
20200307,0.45303890109062195,3.484307289123535,0.5514624714851379,,,1.3032660484313965,0.8670163154602051,0.3758556842803955,1.3516508340835571,0.36526477336883545
20200308,0.83376544713974,2.791313648223877,0.6329215168952942,2.5828256607055664,3.537677049636841,0.8102921843528748,0.7201022505760193,0.43630659580230713,0.7720956206321716,0.5895249843597412
20200309,0.3234943747520447,2.731473922729492,0.8837314248085022,,,,,0.4913666546344757,1.0037455558776855,0.4508068263530731
20200310,0.5650386810302734,2.6654651165008545,0.5548076033592224,2.873912811279297,5.3223443031311035,0.7371758222579956,0.8556068539619446,0.609176516532898,0.8167484998703003,0.6087521910667419
20200311,0.4714515209197998,2.7183196544647217,0.47949737310409546,3.603416681289673,6.987196922302246,0.6359857320785522,0.5786668062210083,0.38971883058547974,0.7340083122253418,0.46806803345680237
20200312,0.6365997791290283,1.5202124118804932,0.43816107511520386,,,,,,5.1184163093566895,0.6449096202850342
20200313,0.8465918302536011,1.3603622913360596,0.4928959906101227,,,,,0.3424808084964752,0.5823847651481628,0.36151623725891113
20200314,1.097726583480835,2.9950225353240967,0.5841764211654663,3.0476293563842773,3.9488141536712646,,0.9806033968925476,0.5419477820396423,1.2470327615737915,0.4299291968345642
20200315,0.7553878426551819,2.756361961364746,0.6974056363105774,2.827610492706299,4.185840129852295,0.9094510674476624,0.9025213718414307,0.6262122988700867,1.8236474990844727,0.5155060887336731
20200316,1.0133335590362549,1.1063843965530396,0.5874453186988831,2.679614305496216,3.3464510440826416,0.5102568864822388,,0.4113346040248871,1.160986304283142,0.824341356754303
20200317,0.761684238910675,4.670891284942627,0.6908438801765442,,,,,,,
20200318,2.264378309249878,3.0252485275268555,,,,,,,,
20200319,0.6364535093307495,2.4209117889404297,0.6088331937789917,,,0.7445599436759949,0.5550510883331299,0.34246793389320374,,
20200320,0.6477348208427429,3.127509832382202,0.5119547247886658,1.8738312721252441,3.068343162536621,0.6867838501930237,0.6706875562667847,0.3832356035709381,0.5194947123527527,0.20464029908180237
20200321,,1.6554243564605713,0.7124324440956116,1.6201649904251099,2.2278482913970947,0.6072788834571838,,,,
20200322,0.6757485270500183,1.8695448637008667,0.4696537256240845,,2.4780521392822266,,,0.39357879757881165,0.4740072190761566,0.3591051995754242
20200323,,,,,,,,,0.6525416374206543,0.34305381774902344
20200324,0.4528076946735382,,0.531050443649292,,,,,0.4907614588737488,0.8031377196311951,
20200325,0.7097688913345337,2.588630437850952,0.7652373313903809,2.9817609786987305,4.60107946395874,0.9350989460945129,1.0937525033950806,0.44512882828712463,0.4576438367366791,0.33940309286117554
20200326,0.7798486948013306,2.539257764816284,0.6429221034049988,2.8690757751464844,4.127704620361328,0.84266597032547,0.8990680575370789,0.5328088402748108,0.6811444759368896,0.6684266924858093
20200327,1.474433183670044,1.8589210510253906,0.6181890368461609,2.3940482139587402,2.8544864654541016,0.7369534373283386,0.7587252855300903,0.42758119106292725,,0.5089122653007507
20200328,,3.5801167488098145,0.9353612065315247,5.285665512084961,5.556678771972656,,0.7359505891799927,0.5250887870788574,0.5637112259864807,0.4573119580745697
20200329,0.463156521320343,,0.5955805778503418,,,0.450011670589447,0.6519650220870972,0.518893301486969,0.6222450733184814,0.49154040217399597
20200330,0.5637313723564148,2.6463639736175537,0.5801960229873657,2.49776554107666,3.4857430458068848,0.5478674173355103,0.9233300685882568,0.32319164276123047,0.5145449638366699,0.6377362012863159
20200331,0.5410557985305786,3.0306951999664307,0.5423083305358887,3.3383407592773438,5.768762111663818,0.7317984104156494,0.8425828218460083,0.47681304812431335,0.5253850817680359,0.33744490146636963
20200401,0.40176546573638916,,0.5159156918525696,,,,,,0.2526983916759491,0.3582899868488312
20200402,,,0.9819057583808899,2.0715765953063965,3.9639952182769775,1.1868195533752441,0.8309794068336487,0.4090093970298767,0.8044698238372803,0.2736036479473114
20200403,0.22718963027000427,4.016349792480469,,,,,,,,0.7010762691497803
20200404,0.34274327754974365,2.1274497509002686,0.6044288277626038,,,0.7670778632164001,1.4814839363098145,0.3193734884262085,0.3011803925037384,0.40346774458885193
20200405,0.35222190618515015,,0.49100035429000854,,3.434826374053955,0.5469383001327515,0.6135869026184082,0.38438645005226135,0.3589775562286377,0.29222071170806885
20200406,,1.551763892173767,0.5228065848350525,,2.139976978302002,,0.7481818199157715,0.4907430410385132,0.2846073508262634,0.238970547914505
20200407,0.5424635410308838,,0.6563133001327515,1.1623101234436035,,,,0.4659149944782257,0.26156890392303467,
20200408,0.7054792046546936,2.4273107051849365,0.7365591526031494,2.8617336750030518,4.033819675445557,1.0374215841293335,1.6421396732330322,0.6112024784088135,0.5429701209068298,0.657383918762207
20200409,0.6956614851951599,2.3095247745513916,0.7481042146682739,2.5540926456451416,3.887568950653076,1.007328748703003,1.1934387683868408,0.5762679576873779,0.5628767013549805,0.7304917573928833
20200410,0.6755229234695435,,0.8437854051589966,,,,,,0.3453052043914795,0.889883816242218
20200411,0.5802791714668274,2.472364664077759,0.6314269304275513,,,0.8949997425079346,1.2092174291610718,0.5994220972061157,0.35780173540115356,0.44081050157546997
20200412,1.0268901586532593,,,2.9594008922576904,3.139403820037842,,,,,
20200413,0.599726676940918,,0.7667486071586609,4.307482719421387,5.17924690246582,0.9421156048774719,1.0246466398239136,0.6742392778396606,0.6552911996841431,0.9413387775421143
20200414,0.6389942169189453,2.678309917449951,0.8514924645423889,4.232204437255859,5.816949367523193,1.0424951314926147,1.0950936079025269,0.6786046028137207,0.8417418599128723,1.4619475603103638
20200415,,,,,,,,,,
20200416,0.3278167247772217,1.701884150505066,0.5964616537094116,2.189742088317871,,0.7654234170913696,0.6277457475662231,0.694685697555542,0.4719785749912262,0.46790626645088196
20200417,0.42459818720817566,1.2151679992675781,0.3695925772190094,,,,,0.35844630002975464,0.2418128103017807,0.2384384423494339
20200418,0.4933592975139618,3.9510085582733154,0.3921550214290619,,,0.45980459451675415,0.7557031512260437,0.7473760843276978,0.6129171252250671,
20200419,,,,,,,,,,0.6364120244979858
20200420,0.3950066864490509,,0.4563874304294586,,,0.7959530353546143,,0.4897351861000061,0.4384993612766266,0.5395817756652832
20200421,0.5299792885780334,2.8043811321258545,0.6609416604042053,3.2214062213897705,,0.8785664439201355,0.6252874732017517,0.6448292136192322,0.3841761350631714,0.6634085178375244
20200422,0.6246594190597534,2.250908613204956,0.6447528004646301,2.795813798904419,4.205994606018066,0.7195566892623901,0.8262349963188171,0.4571964144706726,,0.31940001249313354
20200423,0.5301509499549866,,0.5289820432662964,,,,,,,
20200424,0.527981698513031,2.4685816764831543,0.6802284121513367,2.8388359546661377,4.526051998138428,0.8493357300758362,0.9923657774925232,0.5640060305595398,0.3971579670906067,1.119646430015564
20200425,,,,,,,,,,1.3816369771957397
20200426,0.424774706363678,3.1451003551483154,0.6392337679862976,1.7563053369522095,2.255263090133667,0.8214806914329529,0.9467706084251404,0.9519152045249939,0.3464444875717163,0.37143030762672424
20200427,0.6243999004364014,2.067439079284668,0.6714977025985718,2.9275944232940674,4.510022163391113,0.9443802237510681,1.0563522577285767,0.60251384973526,0.12906616926193237,0.39290687441825867
20200428,0.37403857707977295,,,,,,,,,
20200429,0.6145439743995667,,,,,,,,0.5120109915733337,
20200430,0.4743877053260803,2.3514716625213623,0.48695650696754456,,,,,0.49814972281455994,,0.4182196855545044
20200501,0.45456549525260925,2.5270280838012695,0.618958055973053,2.0196683406829834,3.721668243408203,0.6361318230628967,,0.9911613464355469,0.32985517382621765,0.5506278872489929
20200502,0.26493093371391296,2.6043779850006104,0.4893595576286316,,,0.6130267381668091,0.8506181240081787,0.5369066596031189,,0.3590717911720276
20200503,0.3280339539051056,2.521077871322632,0.30956095457077026,,,,,,,0.13633465766906738
20200504,0.7380174398422241,3.3357434272766113,1.0370688438415527,4.4787445068359375,6.010626792907715,1.6171035766601562,1.2799134254455566,0.7970874905586243,0.3230774700641632,0.26464715600013733
20200505,0.7165732383728027,2.438776731491089,0.8664214611053467,3.0764756202697754,4.728507041931152,1.1417417526245117,1.0194387435913086,1.0450725555419922,,1.1597563028335571
20200506,0.7322030663490295,,0.9780887961387634,,,0.6252498030662537,,0.9549106359481812,1.0621795654296875,
20200507,0.2929835915565491,3.064892053604126,0.5680314898490906,1.8399429321289062,5.070484161376953,,1.1058036088943481,0.8643531799316406,0.4946466088294983,0.6154268383979797
20200508,0.7633724212646484,1.7353955507278442,0.7215049266815186,,2.802718162536621,0.5699236392974854,,0.630653440952301,0.4872218370437622,0.3699401915073395
20200509,0.557112455368042,2.354153633117676,0.9452813267707825,,,,,0.6731073260307312,0.5191074013710022,0.401415079832077
20200510,0.5668637156486511,2.201979875564575,0.697803795337677,,,0.7586397528648376,1.2326804399490356,0.6641492247581482,0.6000714302062988,0.5273966193199158
20200511,0.9221698045730591,3.325045347213745,1.1428953409194946,,,1.0962481498718262,1.119261384010315,0.7559302449226379,0.461310476064682,0.45485562086105347
20200512,0.8490111827850342,2.5266411304473877,0.635118842124939,2.7355966567993164,4.493697643280029,0.8862804770469666,1.2516433000564575,1.1251949071884155,0.950259804725647,0.9843515753746033
20200513,0.3579901158809662,2.0041441917419434,0.4619515836238861,1.5843414068222046,1.3164602518081665,0.5492857098579407,,0.5670871138572693,0.3206006586551666,0.45388221740722656
20200514,1.3610594272613525,3.1529269218444824,0.6343322992324829,,,,,0.3698793649673462,,
20200515,0.6277235150337219,4.083734035491943,0.9654980897903442,5.581651210784912,11.259878158569336,1.4473592042922974,1.600116491317749,0.6983564496040344,0.8600543737411499,7.709447860717773
20200516,0.6838303804397583,3.2440969944000244,0.7319162487983704,4.083096504211426,7.6550068855285645,1.0094579458236694,1.0358610153198242,0.6581931710243225,0.5465487837791443,1.2845280170440674
20200517,0.6853582262992859,2.7536253929138184,0.77871173620224,3.597956895828247,7.652651309967041,0.9599027037620544,1.2095547914505005,0.7793601751327515,0.5460297465324402,1.7998889684677124
20200518,0.6320823431015015,5.461338996887207,,,,,,,,1.3663941621780396
20200519,0.6586077809333801,4.523166656494141,1.3607052564620972,3.26177716255188,11.260866165161133,0.6855496764183044,1.9412833452224731,0.6670122742652893,0.42560672760009766,0.453772634267807
20200520,1.1068228483200073,,,,,,,,,1.9920076131820679
20200521,0.5990867018699646,1.3577896356582642,0.5879184603691101,,,,,,,
20200522,0.2283649444580078,,0.3354671001434326,,,,,,0.17935551702976227,0.22773277759552002
20200523,0.4326478838920593,1.825500249862671,0.406526654958725,,2.6361796855926514,0.5864315629005432,0.5958046913146973,0.7648930549621582,0.23818524181842804,0.18001146614551544
20200524,0.43742743134498596,,,,,,,0.5201900005340576,0.30852630734443665,0.350320041179657
20200525,,3.9813995361328125,,2.88268780708313,7.053311347961426,,2.075619697570801,,0.31440097093582153,1.749884009361267
20200526,0.2609632909297943,,,,,,,,0.5307723879814148,1.1544992923736572
20200527,0.3810698688030243,2.6263136863708496,0.5979487299919128,1.8465842008590698,2.9980392456054688,0.574864387512207,0.8417211771011353,0.5846713781356812,0.33381137251853943,0.6473471522331238
20200528,0.5874772071838379,2.3450043201446533,0.6144101619720459,1.1805462837219238,,0.5763913989067078,0.5944833755493164,0.6450363397598267,0.3797197639942169,0.310876727104187
20200529,0.6737306714057922,2.7365562915802,0.7839491367340088,2.9418275356292725,8.616780281066895,0.8593298196792603,1.0522080659866333,0.76003098487854,0.518298864364624,0.6315904259681702
20200530,0.42947399616241455,,,,,,,,0.5076978802680969,1.0166388750076294
20200531,1.2356880903244019,,,,,0.8246512413024902,,0.8496524095535278,,0.42809465527534485
20200601,0.4385618567466736,2.5443694591522217,0.5505509376525879,1.2090338468551636,1.9762794971466064,0.7468284964561462,1.1088833808898926,0.5513771176338196,0.29279640316963196,
20200602,0.26776421070098877,0.9128397107124329,0.40937262773513794,,2.7384560108184814,0.5357192754745483,,0.49284932017326355,,0.17914360761642456
20200603,,1.2486249208450317,,,,,,,0.45335566997528076,0.34222957491874695
20200604,0.8379053473472595,,,,5.351893424987793,0.9441068768501282,1.2390702962875366,0.7798057794570923,0.6913338303565979,1.218999981880188
20200605,1.3169503211975098,3.841644763946533,0.6497642993927002,4.862445831298828,8.865910530090332,0.7573674917221069,1.3793952465057373,0.8162847757339478,,1.5734575986862183
20200606,0.5488541126251221,0.553514838218689,0.29747772216796875,,2.603102445602417,,0.46610358357429504,0.7257495522499084,0.3706519603729248,
20200607,0.5034993290901184,2.344174861907959,0.33601269125938416,2.067594528198242,3.215867519378662,0.5899356603622437,,0.6938062310218811,0.37531936168670654,0.29176947474479675
20200608,0.892896294593811,3.7110397815704346,1.3230019807815552,3.153400421142578,8.732357025146484,0.9782049655914307,1.3342182636260986,0.7114718556404114,0.22114543616771698,0.2750028371810913
20200609,0.7530437111854553,,0.7600151300430298,,,,,0.7410663366317749,,1.1205655336380005
20200610,1.0591771602630615,3.243194341659546,1.054388165473938,2.701446056365967,4.214602470397949,0.9739266037940979,1.3789217472076416,0.7764728665351868,0.6342337131500244,0.9372973442077637
20200611,0.7061818242073059,,,,,,,1.1519455909729004,1.5620464086532593,1.2606159448623657
20200612,0.7716890573501587,5.068420886993408,0.9083396196365356,,,,,,0.6544051766395569,0.7830449342727661
20200613,0.5105133652687073,2.685765027999878,0.5520419478416443,,,,,,,
20200614,0.7379377484321594,1.0324958562850952,0.47681817412376404,,,0.256996214389801,,0.35424891114234924,0.34985658526420593,
20200615,0.6800920963287354,2.0623579025268555,0.5742365717887878,2.0492725372314453,4.9013519287109375,,0.6637705564498901,0.3113705515861511,,0.47469788789749146
20200616,0.5385803580284119,1.9019054174423218,0.39967116713523865,,,,,0.6152768135070801,,0.307550847530365
20200617,0.6884585618972778,3.1613903045654297,0.6818077564239502,3.4061338901519775,5.461639404296875,0.8995715379714966,0.6362019777297974,0.5512226819992065,0.2648641765117645,
20200618,1.0231887102127075,2.9790825843811035,0.9132769107818604,2.3147947788238525,,0.8185985684394836,2.193359613418579,,,0.5629246830940247
20200619,0.5592635869979858,1.314664602279663,0.5027875900268555,,,,,0.4423567056655884,,0.5779365301132202
20200620,0.3741452097892761,1.191798448562622,0.41610243916511536,,4.829133033752441,,,,,0.5076349973678589
20200621,0.5953449010848999,1.6416202783584595,0.6571310758590698,,,,,0.6472647786140442,0.671822726726532,0.289044052362442
20200622,0.49685540795326233,1.088800072669983,0.6905685067176819,1.7642573118209839,3.721104145050049,0.9555338621139526,0.5961149334907532,0.451950341463089,0.42507556080818176,
20200623,0.753211259841919,1.7867457866668701,0.48549723625183105,,2.31720232963562,0.644295871257782,0.7110851407051086,0.5842896103858948,0.23964346945285797,0.8003904223442078
20200624,0.673880398273468,2.258605718612671,0.7527512311935425,1.6453684568405151,1.6569584608078003,0.9646346569061279,0.7461531162261963,0.8411901593208313,0.2933656573295593,0.32153353095054626
20200625,0.6884332299232483,2.4188473224639893,0.5969541668891907,1.8443025350570679,3.133744478225708,0.6366950273513794,0.7109283804893494,0.5451725125312805,0.4429434835910797,0.2347918003797531
20200626,0.7749546766281128,1.5707924365997314,1.0072710514068604,,,,,,0.3585779070854187,0.350327730178833
20200627,0.7100152373313904,3.3995065689086914,0.9051719903945923,3.5349764823913574,7.163492679595947,1.2411105632781982,1.226167917251587,0.7208204865455627,0.7537326812744141,0.762789785861969
20200628,0.9869214296340942,4.62937068939209,0.9378510117530823,6.677083492279053,10.0018892288208,1.1869876384735107,1.1727899312973022,0.5924558043479919,0.5238680839538574,0.4843149483203888
20200629,0.6902785897254944,3.1725399494171143,0.7341152429580688,5.934753894805908,9.08388900756836,0.8057029843330383,0.7532975673675537,0.6060000658035278,0.4431033432483673,1.0631201267242432
20200630,0.5308822989463806,2.8223717212677,0.6298835277557373,2.536970853805542,7.974329948425293,0.7402490377426147,0.8982230424880981,0.612250804901123,0.5173109769821167,0.32269495725631714
20200701,,3.2109878063201904,0.6458438634872437,1.730042815208435,6.439593315124512,0.42133402824401855,1.3280640840530396,0.5664504766464233,0.3844969570636749,0.8013373017311096
20200702,0.5812655687332153,1.4896568059921265,0.7028072476387024,,,0.8795427680015564,0.7960785031318665,0.5802682638168335,,0.39688757061958313
20200703,0.49886301159858704,1.524627447128296,0.4433201253414154,,2.545348882675171,0.41651028394699097,0.6292383670806885,0.45607852935791016,0.35488080978393555,0.4378584921360016
20200704,0.8802152872085571,0.8268573880195618,0.41872015595436096,0.6682608127593994,1.8206732273101807,0.6315001845359802,0.7053046822547913,0.7284864783287048,0.2689967751502991,0.1815689504146576
20200705,1.5147900581359863,0.6041659116744995,0.24813205003738403,0.8684243559837341,2.8489761352539062,0.5109449625015259,0.8248634934425354,0.3847072124481201,,0.23312388360500336
20200706,0.697674036026001,2.32414174079895,0.43819716572761536,,,,,,0.13649824261665344,0.1542283445596695
20200707,0.6717557311058044,2.4417500495910645,0.9730942845344543,,,,,,0.1448439359664917,0.2732742726802826
20200708,0.6617650389671326,3.753537654876709,0.8418344855308533,3.2222280502319336,9.385160446166992,0.644232988357544,0.8710190653800964,0.5792492032051086,0.4330343008041382,0.5911909341812134
20200709,0.5951421856880188,2.2260615825653076,0.6872657537460327,3.226027011871338,7.811743259429932,,1.4361138343811035,0.7737032175064087,0.505730390548706,0.3327934145927429
20200710,0.3209648132324219,,0.6925289630889893,,,,,,,0.8994297385215759
20200711,0.38714778423309326,,0.624424159526825,2.5734517574310303,8.521242141723633,0.5825936794281006,,0.4953978657722473,0.2677285373210907,0.2972266674041748
20200712,0.6159957647323608,0.7728542685508728,0.7174047827720642,,,,,0.5200996398925781,0.36895355582237244,0.3017534613609314
20200713,0.540700376033783,2.9505391120910645,0.7316863536834717,,,1.0666959285736084,0.5441176891326904,0.6227350234985352,0.5516986846923828,0.484170526266098
20200714,0.6547133326530457,3.518186330795288,0.7436707615852356,7.3578572273254395,11.053731918334961,1.0375678539276123,,0.4814821779727936,0.44403713941574097,1.3130033016204834
20200715,0.5876184105873108,3.692354202270508,0.8723551034927368,5.635840892791748,11.118048667907715,0.9162164330482483,0.7666330337524414,0.5121133327484131,0.4661029875278473,0.5954528450965881
20200716,0.5050327777862549,3.785161256790161,0.514075756072998,3.328217029571533,11.799661636352539,0.9014853239059448,0.7412146925926208,0.48233067989349365,0.3806352913379669,0.33647188544273376
20200717,1.0332422256469727,2.7064342498779297,0.4423823952674866,1.602784514427185,5.0529255867004395,0.558001697063446,0.6656268239021301,0.40630337595939636,0.44989797472953796,0.30375054478645325
20200718,0.38898614048957825,,0.3846569061279297,,,,,,,
20200719,0.367446631193161,0.9637805223464966,0.4642975330352783,0.7959611415863037,0.5684966444969177,0.5903933644294739,0.650875449180603,0.3165832459926605,0.3804115355014801,0.23977717757225037
20200720,0.3395884037017822,1.6527765989303589,0.4376082718372345,1.3563783168792725,4.327291488647461,0.5290178060531616,0.7466773390769958,0.5169110298156738,0.2622280418872833,0.20803579688072205
20200721,0.40002715587615967,2.2245640754699707,0.3305127024650574,1.9661335945129395,5.601736545562744,0.2655034065246582,,0.32203999161720276,0.23590241372585297,0.20763862133026123
20200722,0.7476739883422852,2.369131088256836,0.2766529321670532,3.0719268321990967,,,,0.20889557898044586,,0.2535405457019806
20200723,0.5454503893852234,2.1358776092529297,0.7759857177734375,1.5069645643234253,6.008519649505615,0.910375714302063,0.8497466444969177,0.5723430514335632,0.6729918718338013,
20200724,0.5000967979431152,,,,,,0.5493835210800171,0.6462092399597168,0.44986629486083984,
20200725,0.46839091181755066,3.9439468383789062,0.737360954284668,4.268409252166748,9.980829238891602,0.9840276837348938,0.7042921185493469,0.4548904001712799,0.418067067861557,0.35045933723449707
20200726,,,,,,,,0.5341119766235352,1.0672246217727661,0.30282318592071533
20200727,0.37876492738723755,0.7438516020774841,0.3657861053943634,2.4118800163269043,7.319545269012451,0.5733885765075684,0.5193503499031067,0.4173451364040375,0.3578297793865204,0.2935895025730133
20200728,0.4965950846672058,2.17746639251709,,,,,,,,0.4738517105579376
20200729,0.6087254285812378,4.1512017250061035,0.5565281510353088,,,0.631165623664856,,0.4920941889286041,0.4456886053085327,0.9971854090690613
20200730,0.53104567527771,3.557380199432373,0.5421981811523438,5.150135040283203,7.792618751525879,0.522814929485321,0.41900116205215454,0.44506022334098816,0.3753761947154999,1.1865376234054565
20200731,0.564407467842102,3.0109617710113525,0.6958295106887817,3.4069137573242188,9.376312255859375,0.3577771782875061,0.6008751392364502,0.4110168218612671,,0.6421495676040649
20200801,0.3802404999732971,2.9323999881744385,0.4667915999889374,1.7072983980178833,9.564204216003418,0.601600706577301,0.7127264738082886,0.4374406933784485,0.531006395816803,0.5862815380096436
20200802,0.8992525339126587,3.6157474517822266,0.35758936405181885,0.7784361243247986,,0.37288522720336914,0.5617296099662781,0.37631720304489136,,0.6279674768447876
20200803,0.47586286067962646,2.744065761566162,0.4031112492084503,,,,,0.40986475348472595,0.22532521188259125,0.19053113460540771
20200804,0.5793539881706238,1.9889335632324219,0.5844610333442688,1.9939571619033813,6.264740467071533,0.8687402606010437,0.5640918016433716,0.3926222622394562,0.3152342140674591,0.3451952636241913
20200805,0.6340144872665405,,0.6569338440895081,1.5764918327331543,5.458122253417969,0.8100561499595642,0.5926930904388428,0.5265634655952454,0.26687315106391907,0.3786397874355316
20200806,,,0.3700011670589447,,,,,,0.24619655311107635,0.23856988549232483
20200807,,,,,,,,,,
20200808,0.449990838766098,,,,,,,,,
20200809,0.4493485391139984,1.172332525253296,0.49394690990448,,,,,0.29662802815437317,0.15422947704792023,0.9474741220474243
20200810,,6.822211742401123,,1.9701366424560547,3.9537405967712402,0.4561014473438263,0.5632407665252686,0.6543520092964172,0.3432976007461548,0.5294198393821716
20200811,0.5765725374221802,1.6097241640090942,0.3502323627471924,,,,,,,3.4483730792999268
20200812,0.26739412546157837,0.6880564093589783,0.37721070647239685,,,0.33854594826698303,0.2936960756778717,0.395283579826355,,0.6822412610054016
20200813,0.3399299085140228,,0.43152469396591187,,,,,0.2890405058860779,0.21088236570358276,0.25718510150909424
20200814,0.4411243796348572,1.0594406127929688,0.4749632179737091,1.565974473953247,5.250823020935059,0.45292994379997253,0.37011855840682983,0.4423748254776001,0.3453611731529236,0.6715191602706909
20200815,0.4538764953613281,1.5446873903274536,0.4159429669380188,1.4187012910842896,3.588447093963623,0.42100346088409424,0.443295955657959,0.47944945096969604,0.3145274221897125,0.3763352632522583
20200816,0.2809670567512512,,,,3.8171262741088867,0.3618287742137909,0.5191060304641724,0.38529300689697266,0.3193210959434509,0.3878287672996521
20200817,0.3830716609954834,0.558697521686554,0.33151885867118835,,,,,,,0.59474116563797
20200818,0.7809640765190125,0.5480958819389343,0.25961118936538696,,,0.41163092851638794,0.21015778183937073,0.294315904378891,0.24716995656490326,0.33894532918930054
20200819,0.38674211502075195,1.3678478002548218,0.49060213565826416,,,0.7655972242355347,0.9522523880004883,0.41809791326522827,0.3644728660583496,0.3178245425224304
20200820,0.38947793841362,0.9975948929786682,0.4268490672111511,,,0.36619284749031067,,0.4620305001735687,0.2889268100261688,0.33635061979293823
20200821,0.3395636975765228,1.6111645698547363,0.4232671856880188,,,0.5326032638549805,0.818156898021698,0.3784011900424957,0.3102228045463562,0.39233705401420593
20200822,0.3300829529762268,1.91694176197052,0.5120512247085571,,2.7219789028167725,0.48310786485671997,0.8760801553726196,0.5251540541648865,0.36084190011024475,0.31068432331085205
20200823,0.3147102892398834,0.9632495641708374,0.37704360485076904,,1.9114006757736206,0.5747135281562805,0.8475049734115601,0.4305589497089386,0.27700477838516235,0.379219114780426
20200824,0.4352959990501404,,0.4627113342285156,,,,,0.46826013922691345,0.32314667105674744,0.3121318817138672
20200825,0.5649960041046143,1.44356107711792,0.5663207173347473,2.7577297687530518,3.1779141426086426,0.8404093384742737,0.8744471669197083,0.4528476893901825,0.3158869743347168,0.30853602290153503
20200826,0.49424803256988525,0.9922351837158203,0.6468559503555298,3.336010456085205,5.280491352081299,1.362859845161438,0.9632713198661804,0.4525807499885559,0.4510400891304016,0.7644602656364441
20200827,0.4309954345226288,2.6326487064361572,0.5734393000602722,3.067917585372925,5.887762069702148,0.6369441747665405,0.6394248008728027,0.603495180606842,0.18109029531478882,0.6973048448562622
20200828,0.40302181243896484,2.4075725078582764,0.35899025201797485,3.2101986408233643,7.102332592010498,0.6292235255241394,0.5944986939430237,0.3556695878505707,0.3916547894477844,0.8559532165527344
20200829,0.4416235685348511,1.636681318283081,0.39011150598526,0.8407273888587952,2.791660785675049,0.42272111773490906,0.4695127606391907,0.39813849329948425,0.3594178855419159,1.1724406480789185
20200830,0.45991018414497375,,0.3320920467376709,,,0.36847689747810364,,0.49898526072502136,0.2605404257774353,
20200831,0.7095100283622742,2.005228042602539,0.3478299677371979,,2.089066505432129,0.2770407497882843,0.6721895933151245,0.4321292042732239,0.3387419879436493,0.5404294729232788
20200901,,,,,,,,,,0.9190554618835449
20200902,0.39228785037994385,1.9937158823013306,0.7528161406517029,1.7590532302856445,7.7003583908081055,0.5365223288536072,0.6052736639976501,0.5473992228507996,0.5276247262954712,1.7040249109268188
20200903,0.42788007855415344,,0.31963032484054565,,1.5827417373657227,0.28897467255592346,0.8153548240661621,,,0.44426968693733215
20200904,0.42251428961753845,2.636457681655884,0.32753512263298035,,2.3766684532165527,0.2794463038444519,,0.3483862280845642,,0.33451607823371887
20200905,0.4531504511833191,2.6100847721099854,0.4215870201587677,1.4274686574935913,5.650035381317139,0.5927160382270813,0.6298836469650269,0.37348970770835876,0.3499813973903656,0.4369882345199585
20200906,0.3882237672805786,2.949723720550537,0.4618307054042816,2.8082427978515625,10.70904541015625,0.7314642071723938,0.6805059909820557,0.40947815775871277,,0.8888735175132751
20200907,1.224151372909546,1.3815960884094238,0.37738361954689026,1.272533893585205,4.403271675109863,0.41987958550453186,1.1916296482086182,0.5131301283836365,0.4650103449821472,1.5414263010025024
20200908,,,,,,,,,0.32615721225738525,0.3947869539260864
20200909,0.44992995262145996,1.8313817977905273,0.4737441837787628,2.599693536758423,3.2275173664093018,0.7369657754898071,0.7517989277839661,0.387384295463562,0.47170037031173706,0.49411165714263916
20200910,0.5373056530952454,2.1093266010284424,0.3930618464946747,1.9458104372024536,8.340336799621582,0.9238513112068176,,0.4012851417064667,0.623656690120697,1.2220268249511719
20200911,0.7148793935775757,2.6520533561706543,,,,,,,,
20200912,,2.26216197013855,,,,,,,,
20200913,0.3847016394138336,1.659256935119629,0.390430212020874,1.4846880435943604,5.502701759338379,0.557488739490509,0.8400363922119141,0.4077853560447693,0.3657676875591278,0.7742354869842529
20200914,0.5918423533439636,1.9911082983016968,0.26933807134628296,,,,0.24299944937229156,,,0.5529797077178955
20200915,0.44961297512054443,2.2801859378814697,0.3771764039993286,1.5520251989364624,3.78296160697937,0.5586716532707214,0.46441203355789185,0.35992422699928284,0.4774470925331116,0.9253664016723633
20200916,,0.5341566801071167,,,,,,0.2884922921657562,,0.4747914969921112
20200917,,,,,,,,,,0.4568255543708801
20200918,0.34706035256385803,,0.3695915937423706,,,,,0.33446863293647766,0.3382070064544678,1.0977295637130737
20200919,0.33319810032844543,,0.23236508667469025,,,,,,0.24825537204742432,0.3338267505168915
20200920,0.2552478313446045,5.098848342895508,0.31530171632766724,,11.919710159301758,0.5304925441741943,0.6822425127029419,0.36528438329696655,0.4884468913078308,0.2690351903438568
20200921,0.2631549537181854,2.084946870803833,0.4666684567928314,,,0.5053210854530334,0.35505756735801697,0.4307893216609955,0.47981545329093933,1.0151201486587524
20200922,0.37338536977767944,0.9959800839424133,0.42977362871170044,,,0.33032098412513733,0.664796769618988,0.43901869654655457,0.4167252779006958,0.40974387526512146
20200923,0.2984470725059509,1.0182193517684937,0.4236504137516022,,,0.6181305050849915,0.8926953673362732,0.37230706214904785,0.23612231016159058,0.34017354249954224
20200924,0.27692511677742004,,,,,,,,,
20200925,0.4711751937866211,1.4900257587432861,0.38846561312675476,,,0.5316152572631836,0.46973177790641785,0.45305168628692627,0.37203317880630493,0.2287123203277588
20200926,0.4719979465007782,1.5245935916900635,0.37433895468711853,,,,,0.2836622893810272,0.2500898838043213,0.3006105124950409
20200927,0.4858520030975342,1.768815279006958,0.5091708898544312,3.059556484222412,4.19618558883667,0.6637842655181885,0.5208920240402222,0.3580109775066376,0.36422690749168396,0.8430771231651306
20200928,0.4670991599559784,1.8020142316818237,0.5377961993217468,3.1767728328704834,3.617955446243286,0.6055924296379089,0.5558093786239624,0.4790132939815521,0.38711532950401306,0.8289676904678345
20200929,,,,,,,,,,
20200930,0.2722683846950531,,0.21416065096855164,,,,,,,
20201001,0.4305821359157562,2.5180747509002686,0.44076815247535706,2.256964921951294,5.080399036407471,0.6925296783447266,0.7211023569107056,0.36106497049331665,0.48889902234077454,0.6186103820800781
20201002,0.3729209303855896,1.9404796361923218,0.5322699546813965,1.9663825035095215,5.898310661315918,0.760564923286438,0.7020869851112366,0.3208690881729126,0.3979658782482147,0.6562120914459229
20201003,0.2282024621963501,,0.39424413442611694,,,,,,,0.4629923403263092
20201005,0.4778304398059845,0.5804001092910767,0.1911609023809433,,,0.803848147392273,0.34841951727867126,0.3666362464427948,0.31214773654937744,0.42513754963874817
20201006,0.35425305366516113,1.3291631937026978,0.34903812408447266,2.576211452484131,2.442654848098755,0.6989502906799316,0.36679771542549133,0.4640600383281708,0.33395588397979736,0.2579667568206787
20201007,,,,,,,,,,
20201008,0.6269711852073669,1.6474956274032593,0.4209549129009247,,,0.30042192339897156,0.963737964630127,0.46413588523864746,0.34265077114105225,0.24466730654239655
20201009,0.40304315090179443,2.1290245056152344,0.5555769205093384,2.450598955154419,3.154599189758301,0.6294126510620117,0.6975900530815125,0.500676155090332,0.35726654529571533,
20201010,0.3154181241989136,1.8386359214782715,0.3731010854244232,2.157541513442993,3.4513115882873535,0.44426241517066956,0.6724520325660706,0.3064711391925812,0.30789822340011597,0.5352266430854797
20201011,0.30172690749168396,1.1903117895126343,0.4221116006374359,2.4481849670410156,3.1889939308166504,0.7355640530586243,0.3811652362346649,0.3754984736442566,0.42460814118385315,0.3982684314250946
20201012,0.27231335639953613,1.4768023490905762,0.46104535460472107,1.8764764070510864,,0.3556883633136749,0.49063757061958313,0.27183476090431213,0.4393503665924072,0.7088670134544373
20201013,0.7218523621559143,2.602642297744751,0.5216562747955322,3.399519681930542,6.39098596572876,0.7790708541870117,0.48410487174987793,0.4613041579723358,0.48454418778419495,0.9135773777961731
20201014,0.20515085756778717,,,,,,,1.1086827516555786,0.42836761474609375,1.0092710256576538
20201015,0.14357009530067444,,,,,,,,,
20201016,,,0.2478034496307373,,,,,,0.432038813829422,0.4950474202632904
20201017,0.5280899405479431,1.0485365390777588,0.2147103101015091,,1.8505723476409912,,,0.27726230025291443,0.3358062505722046,0.1981201022863388
20201018,0.5399304628372192,1.9316105842590332,0.3127400875091553,2.0128653049468994,3.305213451385498,0.24931110441684723,1.3271774053573608,0.3197636902332306,0.3406035006046295,0.4537977874279022
20201019,0.45279496908187866,2.235849618911743,0.5021221041679382,2.9225358963012695,6.0629377365112305,0.8077311515808105,0.7170227766036987,0.31981077790260315,0.4299018979072571,0.41042888164520264
20201020,,2.3348190784454346,1.181735873222351,,,,,,,0.46272698044776917
20201021,0.43173524737358093,2.291921615600586,0.2891461253166199,,,,,0.2324662059545517,0.7074465751647949,0.30613818764686584
20201022,,,,,,,,,,0.4592517614364624
20201023,0.2172365039587021,,,,,,,,,
20201024,,1.083071231842041,0.4690950810909271,,3.8924930095672607,0.2522200047969818,0.6623849272727966,0.3419927656650543,0.3904155194759369,0.39842528104782104
20201025,0.2266107052564621,,,,,,,,,0.41728755831718445
20201026,0.2415660321712494,0.6006191968917847,0.21258245408535004,,,,,0.40755364298820496,0.4770911931991577,
20201027,0.3896009027957916,1.4429738521575928,0.35063713788986206,,,0.37879130244255066,,0.4105738401412964,0.5285583734512329,
20201028,0.4635799527168274,1.6507803201675415,0.41094568371772766,2.197803497314453,4.131482124328613,0.4911816716194153,0.37922653555870056,0.3615703582763672,0.5772362351417542,0.7044683694839478
20201029,,1.6879289150238037,0.3354434669017792,1.5676456689834595,3.0048201084136963,0.3253951966762543,0.3117712736129761,0.2883687913417816,0.4247143864631653,0.28004616498947144
20201030,,,,,,,,,,0.4749232530593872
20201031,0.2945009768009186,1.3100727796554565,0.19730688631534576,,,,,,,
20201101,0.35239696502685547,1.6859331130981445,0.41367560625076294,2.5382447242736816,2.6697425842285156,0.36008140444755554,0.4139741063117981,0.3838738799095154,1.3540180921554565,1.8900411128997803
20201102,0.3531647324562073,1.567816138267517,0.37202689051628113,2.002560615539551,2.277991771697998,0.6104607582092285,0.4663879871368408,0.3206966817378998,1.0061956644058228,0.8201233148574829
20201103,0.15530312061309814,,,,,,,,,0.39333611726760864
20201104,,,,,,,,0.3024680018424988,0.7293707132339478,0.43378737568855286
20201105,0.3226313889026642,,0.2105940282344818,,,,,,,0.30411863327026367
20201106,0.42079582810401917,1.3186556100845337,0.2718227207660675,2.719510078430176,3.060189723968506,0.7781263589859009,0.47856852412223816,0.16130563616752625,0.29163146018981934,
20201107,0.29846495389938354,1.7169841527938843,0.41567960381507874,3.057105779647827,2.88785457611084,0.5877694487571716,0.3891412019729614,0.31585925817489624,0.6834458708763123,0.4085836708545685
20201108,0.30989396572113037,1.786875605583191,0.39043715596199036,2.7306361198425293,2.746828556060791,0.6367571353912354,0.4089132845401764,0.29411739110946655,0.7051501274108887,0.7304757237434387
20201109,,0.5655564665794373,0.6427122354507446,,,0.4152379035949707,,0.25556960701942444,0.47944125533103943,0.6719900965690613
20201110,0.15098702907562256,,,,,,,,,0.4070371389389038
20201111,0.30555078387260437,,,,,,,,0.4916929304599762,0.7438151240348816
20201112,0.38822001218795776,1.0548734664916992,,,,,,,0.19215679168701172,0.4052589535713196
20201113,0.4788629114627838,1.3168740272521973,0.24477297067642212,,,0.24800001084804535,,0.20055122673511505,0.2834823727607727,
20201114,0.5980006456375122,1.8261456489562988,0.4360797703266144,2.4607372283935547,5.038400173187256,0.5701513290405273,0.5346872210502625,0.2953442931175232,0.2497454285621643,0.2716909945011139
20201115,,,,,,,,,0.4730044901371002,0.4749564230442047
20201116,0.276643842458725,,0.2609716057777405,,,,,,,
20201117,0.2706860303878784,1.8742530345916748,0.3484407067298889,2.0661890506744385,4.1594767570495605,0.4679712951183319,0.4697872996330261,0.3040667176246643,0.39206942915916443,0.4676016867160797
20201118,,,0.13302519917488098,,3.207266092300415,,,,,0.5531904101371765
20201119,1.0092651844024658,2.2523555755615234,0.43866631388664246,2.3775031566619873,4.174675464630127,0.5518742203712463,0.4718891680240631,0.2623724639415741,0.5373753309249878,0.634440541267395
20201120,,,,,,,,0.36554500460624695,0.5149012804031372,0.4401835799217224
20201121,0.599555253982544,,,,,,,,,
20201122,,,,,,,,,,
20201123,0.23190012574195862,1.7592811584472656,0.34188324213027954,2.781792163848877,,0.5792158842086792,0.33663463592529297,0.3326825797557831,0.37370458245277405,0.2975741922855377
20201124,0.37099283933639526,1.7727810144424438,0.45709213614463806,2.2121880054473877,3.391531229019165,0.5604466199874878,0.4792773723602295,0.24406079947948456,0.3529452085494995,0.18275076150894165
20201125,,2.0679352283477783,0.5923611521720886,2.2049739360809326,4.144136428833008,0.5775913596153259,0.5451685786247253,0.30585116147994995,0.4769026041030884,0.48976144194602966
20201126,4.179418087005615,,,,,,,,,0.5628116726875305
20201127,0.2191849797964096,1.4035234451293945,0.34034818410873413,,,0.49933451414108276,0.1989709883928299,0.16596224904060364,,
20201128,,,,,,,,,,
20201129,0.32097968459129333,1.4804836511611938,0.32101717591285706,1.6097509860992432,2.6990580558776855,0.5058165192604065,0.6128526329994202,0.2228010594844818,0.2942788004875183,0.5054507851600647
20201130,,2.78336501121521,,2.6818931102752686,3.938330888748169,,0.7649737000465393,0.1889801323413849,,0.44885239005088806
20201201,,,,,,,,,,0.20494283735752106
20201202,0.3316439092159271,0.8545191287994385,0.3368357717990875,,,0.45132043957710266,,0.4042208790779114,,
20201203,0.295131117105484,2.03047251701355,0.3686709403991699,2.3000149726867676,2.8670108318328857,0.4836040437221527,0.5176545977592468,0.2991465628147125,0.3649653196334839,0.372058629989624
20201204,0.38933196663856506,1.520799160003662,0.3628728687763214,2.3573684692382812,2.3441977500915527,0.5540681481361389,0.5030329823493958,0.26896557211875916,0.38101375102996826,0.4534853398799896
20201205,,2.530043601989746,0.2495252788066864,,,,,0.30710339546203613,0.43291613459587097,0.5251853466033936
20201206,,,,,,,,,,0.26311954855918884
20201207,0.07320087403059006,,,,,,,,,
20201208,0.43173283338546753,1.66732919216156,0.5174047350883484,1.9311931133270264,2.779629707336426,0.5080133676528931,0.7360233664512634,0.42525002360343933,0.2776620090007782,
20201209,0.3362676799297333,1.6037590503692627,0.4095853865146637,2.230532169342041,1.9928241968154907,0.6137558817863464,0.5140909552574158,0.32960426807403564,0.3290748596191406,1.1364012956619263
20201210,0.29812678694725037,1.244075894355774,0.4971429407596588,1.8989697694778442,2.3923141956329346,0.49046775698661804,0.6823633313179016,0.3822128474712372,0.49627089500427246,0.4865252673625946
20201211,,,,,,,,0.3949400782585144,0.5503122806549072,0.5524992346763611
20201212,,,,,,,,,,0.7910205125808716
20201213,0.08862920850515366,,,,,,,,,
20201214,0.35377001762390137,0.5898815989494324,0.3698624074459076,,,,,0.32937926054000854,0.39255213737487793,0.3312584459781647
20201215,,2.7204060554504395,1.1860272884368896,2.7317593097686768,3.4070634841918945,,0.7131608724594116,,,0.13351565599441528
20201216,,2.2335102558135986,0.49233776330947876,2.5317440032958984,3.2217257022857666,0.5183067321777344,0.7184979915618896,0.30350735783576965,,
20201217,,,,,,,,,,0.416024774312973
20201218,0.3719189763069153,0.6585627794265747,0.36516711115837097,,,,,0.38162925839424133,,
20201219,0.2437884658575058,1.888737440109253,0.3491474688053131,2.5876986980438232,3.740746259689331,0.4876495599746704,0.5325149893760681,0.25397878885269165,0.31596043705940247,0.22202880680561066
20201220,0.20809048414230347,,0.33341193199157715,,,0.4270707666873932,0.5079938173294067,0.2606356143951416,0.44921162724494934,0.33200666308403015
20201221,0.3064354956150055,1.6829044818878174,0.3038630783557892,,2.394386053085327,0.3214797079563141,0.44064316153526306,0.17311914265155792,0.20072123408317566,
20201222,,,,,,,,,0.5972917675971985,0.2281246781349182
20201223,0.48512065410614014,,0.2146115005016327,,,,,,,
20201224,0.31540417671203613,1.5052931308746338,0.3175622820854187,2.2332043647766113,4.246651649475098,0.5492672920227051,0.4874875247478485,0.2016381025314331,0.3982202112674713,0.2620665431022644
20201225,0.31289196014404297,1.4816724061965942,0.3763389587402344,2.1089963912963867,2.8154683113098145,0.5968440175056458,0.45437878370285034,0.25632596015930176,0.3931097388267517,0.28795111179351807
20201226,0.3405371904373169,1.6749705076217651,0.4159198999404907,1.8735175132751465,2.6896426677703857,0.4887693226337433,0.4541221559047699,0.26686549186706543,0.3384532332420349,0.3756560981273651
20201227,,,,,,,,,,
20201228,0.17002497613430023,,,,,,,,,
20201229,0.24543295800685883,1.6657137870788574,0.31710854172706604,2.2961533069610596,2.6151907444000244,0.551335871219635,0.48398104310035706,0.2528630197048187,0.5616521239280701,
20201230,0.3903536796569824,0.9839615821838379,0.36085617542266846,2.0760722160339355,2.085052967071533,0.5740896463394165,0.4620046317577362,0.2173837125301361,0.5611751675605774,0.12639814615249634
20201231,0.24625450372695923,1.8878122568130493,0.40370437502861023,2.583004951477051,2.74587082862854,0.6085876822471619,0.5007621645927429,0.283822625875473,0.7704744338989258,0.15070603787899017
20210101,,2.461259365081787,0.38715559244155884,2.787433385848999,3.1455078125,0.3531172275543213,0.5466984510421753,0.2790184020996094,0.3836291432380676,0.2488987147808075
20210102,,,,,,,,,,
20210103,0.09478289633989334,,0.2547209858894348,,,,,,,
20210104,0.23567765951156616,1.9387211799621582,0.15188412368297577,,,,,,,
20210105,0.2840918004512787,2.0337085723876953,0.29711198806762695,2.950289726257324,2.638254165649414,,0.5721921920776367,0.27878785133361816,0.6432951092720032,
20210106,0.39783018827438354,2.1457676887512207,0.3773888051509857,2.751763343811035,3.277911901473999,0.4221053123474121,0.5623400211334229,0.31755056977272034,0.5134820938110352,0.16197077929973602
20210107,,,,,,,,,1.7314802408218384,0.3902856707572937
20210108,0.4794253408908844,0.8391967415809631,0.3628961741924286,,,,,,,0.6714948415756226
20210109,0.33304065465927124,1.4556081295013428,0.3567505478858948,1.8851728439331055,3.0106921195983887,0.4673035144805908,0.41939276456832886,0.2954206168651581,0.8620831370353699,0.35642749071121216
20210110,0.346432089805603,1.8136879205703735,0.3367696702480316,2.1067888736724854,3.350414514541626,0.46966081857681274,0.3494093418121338,0.22229045629501343,0.9685593247413635,0.3036627173423767
20210111,0.19232109189033508,,,,,,,,,
20210112,,2.4415953159332275,,2.065690279006958,2.9962475299835205,,0.5851759314537048,0.31061723828315735,0.9613147974014282,0.49829772114753723
20210113,0.16973669826984406,,,,,,,,,
20210114,0.28335040807724,2.0249311923980713,0.4708230793476105,2.1936135292053223,2.5219178199768066,0.49680015444755554,0.5433833003044128,0.30103498697280884,0.45523473620414734,
20210115,0.3203437626361847,2.097822666168213,0.3823399245738983,2.4938652515411377,2.785917282104492,0.39314237236976624,0.6934037804603577,0.27823466062545776,0.4483436048030853,0.1172889843583107
20210116,0.43146753311157227,2.074117660522461,0.4146190583705902,2.40942645072937,2.5722463130950928,0.5338461399078369,0.7087045907974243,,0.2461698055267334,0.14547772705554962
20210117,,1.9617334604263306,0.3632356822490692,2.418036460876465,2.894728899002075,0.346222847700119,0.5083687901496887,0.4153783917427063,0.381421834230423,0.6546879410743713
20210118,,,,,,,,,,0.650338888168335
20210119,0.4399715065956116,1.4312834739685059,0.4586777687072754,2.350381851196289,4.668985366821289,0.5649579167366028,0.6152236461639404,0.3266693949699402,0.2559123635292053,
20210120,0.3430883586406708,2.054314374923706,0.35392773151397705,2.3387105464935303,4.090161323547363,0.4541412591934204,0.8257291316986084,0.3225209414958954,0.3954198360443115,0.3292042315006256
20210121,0.31840771436691284,1.8428564071655273,0.3506338894367218,2.4850778579711914,2.8017492294311523,0.5123933553695679,0.5620396137237549,0.2944905161857605,0.35466066002845764,0.3790474534034729
20210122,0.6802220940589905,2.0814309120178223,0.4584478437900543,2.434729814529419,3.528160333633423,0.5822418928146362,0.6011970639228821,0.2565687894821167,0.40175753831863403,0.5772803425788879
20210123,,4.325945854187012,0.860626220703125,,,,0.4310838282108307,0.410491406917572,0.39767709374427795,0.3678334355354309
20210124,0.19114460051059723,,0.29812151193618774,,,,,,,
20210125,0.34016987681388855,,,,,,,,,
20210126,0.2873820960521698,0.512596845626831,0.2889302670955658,1.1175014972686768,1.6144315004348755,0.4198538064956665,0.41649577021598816,0.22827164828777313,0.31337204575538635,0.13435274362564087
20210127,0.3796195387840271,1.1417051553726196,0.4115199148654938,1.9850833415985107,2.5201449394226074,0.5481293797492981,0.6013899445533752,0.33632996678352356,0.4490368962287903,0.4720838963985443
20210128,,2.7565908432006836,,,,,,,,0.5467573404312134
20210129,0.18576228618621826,,,,,,,,,
20210130,0.20965276658535004,2.3757212162017822,0.42111217975616455,2.439077615737915,3.0999865531921387,0.3953573405742645,0.6440792083740234,0.2995339334011078,0.19973762333393097,
20210131,0.15214109420776367,,0.31524211168289185,,,,,0.2667038142681122,0.4775063097476959,0.3485519289970398
20210201,0.34686732292175293,2.1990151405334473,0.45778724551200867,2.5664381980895996,2.872079849243164,0.6503472924232483,0.6363716125488281,0.2861440181732178,0.4518895447254181,0.24818339943885803
20210202,,2.258878231048584,0.5968652963638306,2.649895668029785,3.3388895988464355,0.6870882511138916,0.6938024759292603,0.3191002309322357,0.6184328198432922,0.17023636400699615
20210203,,,,,,,,0.2767072916030884,0.7106323838233948,0.3767905533313751
20210204,0.12323139607906342,,,,,,,,,
20210205,0.20619866251945496,,0.4653349220752716,,,,,,,0.19989165663719177
20210206,0.18552589416503906,2.3423845767974854,0.3385053277015686,,,,,0.20444749295711517,0.4022093713283539,0.24225251376628876
20210207,1.057092308998108,1.9273039102554321,0.5109975934028625,,,,,0.27152690291404724,0.26906225085258484,0.17194998264312744
20210208,,3.596698522567749,,,,,,0.5120378732681274,,0.19610773026943207
20210209,0.5720635652542114,2.471771240234375,0.4743914008140564,,,0.5940354466438293,0.602911114692688,0.4369340240955353,0.7327421307563782,1.0554074048995972
20210210,0.4506693482398987,2.061357259750366,0.4644562602043152,2.1092917919158936,4.526116371154785,0.4999538064002991,0.6125311851501465,0.3580757677555084,0.4635601341724396,0.4189985692501068
20210211,0.1234295666217804,,,,,,,,,
20210212,0.5012690424919128,1.8168402910232544,0.48017722368240356,2.1155333518981934,2.8901779651641846,0.5931549072265625,0.6308481097221375,0.25294387340545654,0.3905600309371948,0.24292002618312836
20210213,,2.7580695152282715,0.5938597917556763,2.2708067893981934,3.2358758449554443,0.5759368538856506,0.6323153972625732,0.44385406374931335,0.4655628800392151,0.2523806691169739
20210214,0.7708571553230286,,0.3540247678756714,,,,,,,0.2666032910346985
20210215,0.26914265751838684,2.2810332775115967,0.49665671586990356,2.4113590717315674,3.6827924251556396,0.6528341770172119,0.7179104685783386,0.4166899621486664,0.6478811502456665,0.512731671333313
20210216,0.34220942854881287,1.5305044651031494,0.44335564970970154,,,0.5736485123634338,,0.25488153100013733,0.4100901782512665,0.41085901856422424
20210217,0.3869366943836212,2.1939809322357178,0.4432373046875,3.023314952850342,2.8902249336242676,0.6316624879837036,0.6276626586914062,0.2803308367729187,0.3193337917327881,0.35844823718070984
20210218,0.4703775644302368,2.4889376163482666,0.507853627204895,3.0212674140930176,4.299467086791992,0.7366626262664795,0.6818699240684509,0.31075519323349,0.3322319984436035,0.38166502118110657
20210219,0.17435725033283234,,,,,,,,,0.4533216059207916
20210220,0.3509211540222168,2.472242832183838,0.4393869638442993,1.9895660877227783,,0.6766645908355713,0.4858172833919525,0.2625725269317627,0.33521178364753723,0.30466559529304504
20210221,0.2927235960960388,0.9814844131469727,0.4117571711540222,2.1600613594055176,2.8354790210723877,0.6023901104927063,0.5797259211540222,0.11399348825216293,0.08502575755119324,0.2972675561904907
20210222,0.2796764671802521,1.895255208015442,0.3870701491832733,2.2901816368103027,2.9341182708740234,0.4341230094432831,0.7998781204223633,0.1984754204750061,0.18867918848991394,0.1631072759628296
20210223,0.4866988956928253,2.0309672355651855,0.4414195418357849,2.4132254123687744,3.350212335586548,0.4784090518951416,0.6109958291053772,0.26754388213157654,0.2564672827720642,0.32238709926605225
20210224,0.20849739015102386,2.2942285537719727,0.5285349488258362,2.166517496109009,,0.7613901495933533,0.4631052315235138,0.30303674936294556,0.3054691255092621,0.2874949276447296
20210225,0.4588586091995239,2.7942397594451904,0.564815104007721,2.3555095195770264,3.7174313068389893,0.43875956535339355,0.6677324175834656,,0.11490682512521744,1.2253572940826416
20210226,0.4308633804321289,2.6840996742248535,0.2187075912952423,,0.834318220615387,0.4420957863330841,0.47298315167427063,0.23595744371414185,0.8161404728889465,0.35732558369636536
20210227,0.4149491488933563,2.147493839263916,0.5587923526763916,3.2778897285461426,4.208873271942139,0.6756058931350708,0.6124132871627808,0.41771137714385986,0.47397708892822266,
20210228,0.4206487834453583,2.1912331581115723,0.5401472449302673,2.7705154418945312,3.1008059978485107,0.7395834922790527,0.5778394341468811,0.3098686933517456,0.5590819120407104,0.5744414925575256
20210301,,2.120438575744629,0.7590893507003784,2.40641713142395,2.8424665927886963,0.817268431186676,0.6512619853019714,0.43126171827316284,0.3360010087490082,0.18628746271133423
20210302,,,,,,,,0.36119991540908813,1.0461333990097046,0.177428737282753
20210303,0.4821648895740509,2.3881547451019287,0.5129544734954834,2.7569072246551514,3.1672449111938477,0.597087025642395,0.823782742023468,0.37093687057495117,1.5412921905517578,0.17677120864391327
20210304,0.4804643392562866,2.1664493083953857,0.4546799063682556,2.6979541778564453,2.3408963680267334,0.6662076711654663,0.5437584519386292,0.3531576097011566,1.1873348951339722,
20210305,0.8705402612686157,1.8886748552322388,0.4693933129310608,2.772960901260376,2.51812744140625,0.723002552986145,0.5344028472900391,0.3847774565219879,1.4450467824935913,
20210306,0.732369065284729,,0.4968997836112976,,,,,0.8008366227149963,1.2075450420379639,0.535205602645874
20210307,0.5089700818061829,,0.4955190420150757,,,,,0.3915180265903473,,1.058922290802002
20210308,0.4584178328514099,1.1304402351379395,0.44830283522605896,1.8530712127685547,2.2400128841400146,0.7021271586418152,0.6445187926292419,0.3709763288497925,0.920168399810791,0.22097255289554596
20210309,0.4558545649051666,2.3445513248443604,0.42854389548301697,2.024651527404785,2.374767541885376,0.5341113209724426,0.6239191889762878,0.33364489674568176,1.9503276348114014,0.5243581533432007
20210310,0.45462819933891296,,,,,,,0.608053982257843,2.009744644165039,1.0167315006256104
20210311,0.6437824964523315,2.440521478652954,0.7396221160888672,2.9535298347473145,3.255038022994995,0.6494377851486206,0.6565828323364258,0.48002889752388,0.9467588663101196,0.9159882664680481
20210312,0.991321325302124,2.6673107147216797,0.539128839969635,2.6681582927703857,3.4930508136749268,0.749004065990448,0.7122611999511719,0.48692113161087036,0.5340713262557983,0.4345979392528534
20210313,0.26184794306755066,,0.46408653259277344,,2.8752834796905518,0.42264869809150696,1.0922914743423462,0.3100014328956604,0.296382874250412,0.13475053012371063
20210314,0.41495200991630554,2.2954928874969482,0.4828801453113556,2.280346155166626,2.8852767944335938,0.7102001905441284,0.7370808124542236,0.321164608001709,0.42347580194473267,0.3700822591781616
20210315,0.39228373765945435,3.0756351947784424,0.49486181139945984,,,,,,,0.23349648714065552
20210316,0.416041761636734,2.0927207469940186,0.38159188628196716,2.2807884216308594,,0.7455114126205444,,0.2782919704914093,0.461342453956604,0.5647609233856201
20210317,0.45675042271614075,2.5803143978118896,0.5830936431884766,2.89367413520813,4.2814040184021,0.8317810297012329,0.9001988172531128,0.5542871952056885,0.3040355145931244,0.3840838670730591
20210318,0.37442517280578613,2.1859116554260254,0.502097487449646,2.7153282165527344,3.3730392456054688,0.7910685539245605,0.7642885446548462,0.2979429364204407,0.28317582607269287,0.2685561180114746
20210319,0.30925631523132324,0.897502064704895,0.42473870515823364,1.7027512788772583,,0.6254393458366394,0.5588239431381226,0.46389320492744446,0.29421913623809814,0.32971498370170593
20210320,0.37150266766548157,1.4709584712982178,0.44983452558517456,2.858154773712158,3.2098677158355713,0.8548281192779541,0.6195796132087708,0.2631112039089203,0.22771789133548737,0.22545410692691803
20210321,0.2887539565563202,1.2261857986450195,0.48981142044067383,2.5094501972198486,3.0948445796966553,0.8196828365325928,0.7001954913139343,0.3586626350879669,0.22514311969280243,
20210322,0.4459412693977356,1.882340669631958,0.44314199686050415,1.9467995166778564,3.2536356449127197,0.7491443753242493,1.0328155755996704,0.4857320785522461,0.35841861367225647,0.18270206451416016
20210323,0.46676039695739746,2.5066258907318115,0.5144560933113098,2.846621036529541,4.095276832580566,0.7844091653823853,0.8203750848770142,0.2805335223674774,0.30143266916275024,0.18301784992218018
20210324,0.7065877914428711,1.9290941953659058,0.48808419704437256,,2.6494557857513428,0.5272307991981506,0.5773834586143494,0.21987958252429962,0.29873064160346985,
20210325,0.36353984475135803,1.786571741104126,0.39403027296066284,,,0.3265824615955353,0.43398377299308777,0.1713356375694275,0.223087877035141,0.22957532107830048
20210326,0.33721405267715454,1.3557549715042114,0.3965960741043091,,,0.6712822914123535,,0.23693591356277466,0.26156818866729736,0.21059629321098328
20210327,0.3726229965686798,2.1248106956481934,0.4146762788295746,2.2332117557525635,2.914138078689575,0.5849891304969788,0.6360035538673401,0.21873833239078522,0.24121403694152832,0.33635398745536804
20210328,0.47017163038253784,2.6639370918273926,0.47514569759368896,3.056645154953003,4.251757621765137,0.8035868406295776,0.7772771716117859,0.2599371075630188,0.27511799335479736,0.34957215189933777
20210329,0.30643191933631897,2.1056864261627197,0.5001990795135498,2.7641260623931885,5.064996719360352,0.7542529106140137,0.7839483618736267,0.4903233051300049,0.28477293252944946,0.3983764946460724
20210330,0.3403134346008301,2.166699171066284,0.34666091203689575,,,,,0.3005750775337219,0.21919836103916168,0.3990062475204468
20210331,0.36287569999694824,2.4891276359558105,0.477285236120224,3.3437297344207764,4.804535865783691,0.7445345520973206,0.7471691370010376,0.4261034429073334,0.3536287546157837,0.3428189754486084
20210401,0.37962743639945984,2.3768043518066406,0.5171447992324829,3.237867832183838,4.228084564208984,0.81012362241745,0.8537408113479614,0.3674371540546417,0.29543617367744446,0.6555371284484863
20210402,0.410669207572937,2.3868391513824463,0.5453379154205322,3.1200199127197266,4.1870269775390625,0.7920528650283813,0.8560147285461426,0.5667077898979187,0.3642887473106384,0.5226808190345764
20210403,0.3398090898990631,2.214761257171631,0.45749104022979736,2.8610105514526367,4.325563430786133,0.7305235266685486,0.6858705282211304,0.5614036917686462,0.3001011610031128,0.3728555738925934
20210404,0.32755669951438904,1.9784101247787476,0.4164312779903412,2.840630054473877,5.15805721282959,0.6555156707763672,0.9020559191703796,1.1273226737976074,0.2620677351951599,0.7015867829322815
20210405,0.3426356911659241,3.3714888095855713,0.4882053732872009,3.113156318664551,3.5587947368621826,0.7985424399375916,0.6786249279975891,0.43894344568252563,0.40728503465652466,0.09491196274757385
20210406,0.40939220786094666,2.191063165664673,0.5110305547714233,3.4746828079223633,,0.8686690926551819,0.8935716152191162,0.42278411984443665,0.4608803987503052,0.3510996103286743
20210407,0.43767014145851135,2.3410515785217285,0.5391805171966553,2.8422229290008545,3.7388501167297363,0.8031676411628723,0.9752281308174133,0.39204150438308716,0.3541562855243683,0.3520564138889313
20210408,0.1597534865140915,4.262450218200684,0.8147201538085938,4.174773693084717,6.9746270179748535,1.0582407712936401,0.7876545786857605,0.6105304956436157,,
20210409,0.17714564502239227,0.6153444647789001,0.5492376089096069,,3.675283193588257,,0.9507406949996948,0.19572493433952332,0.1745586395263672,0.2346295863389969
20210410,0.23577098548412323,,0.16233427822589874,,,,,,,0.22153858840465546
20210411,0.5999822616577148,1.4475551843643188,0.16303549706935883,,,,,,0.14913985133171082,
20210412,0.6397281289100647,2.414576530456543,0.8291184306144714,2.581153631210327,3.6676361560821533,1.0476677417755127,1.0173180103302002,0.6393241882324219,0.4902070462703705,0.3522901237010956
20210413,,1.6337608098983765,,,,,,,,
20210414,0.29600968956947327,2.0327723026275635,0.5948135256767273,,2.938302993774414,0.7630361914634705,1.2608498334884644,0.4975845217704773,0.3585103452205658,0.305049329996109
20210415,0.3037121295928955,1.8224071264266968,0.4831635057926178,,1.831606149673462,0.625109076499939,0.7937703132629395,0.38929104804992676,0.2564537227153778,0.2625071108341217
20210416,0.4115368127822876,2.0553860664367676,0.598115086555481,2.539372444152832,2.6633665561676025,0.7683996558189392,0.7271575331687927,0.7412291765213013,0.4824856221675873,
20210417,0.5205244421958923,2.1575629711151123,0.7269189357757568,2.7782981395721436,,,0.6892250180244446,0.6662912368774414,0.24325108528137207,0.3560536503791809
20210418,0.6715772747993469,1.0176677703857422,0.481599360704422,,,0.4661003351211548,,0.6775490045547485,0.2920990586280823,0.23425202071666718
20210419,0.7446770071983337,2.0103065967559814,0.6752696633338928,,2.2670412063598633,0.424748957157135,,0.3392992615699768,0.18019261956214905,0.17715296149253845
20210420,0.28013649582862854,0.6002964973449707,0.4850826561450958,,,,,0.40845921635627747,0.39294368028640747,0.2554306387901306
20210421,0.19122709333896637,1.0520211458206177,0.5884836912155151,,,,,,0.12311340123414993,0.7071185111999512
20210422,0.30426687002182007,0.7639256119728088,0.36519187688827515,,,,,,0.20496249198913574,0.22860537469387054
20210423,0.28696149587631226,2.054687976837158,0.6893166899681091,,1.8157132863998413,0.6673956513404846,0.7243253588676453,0.6315112113952637,,0.33618971705436707
20210424,0.5494984984397888,2.3731884956359863,0.5659102201461792,2.2246835231781006,3.496454954147339,0.711977481842041,0.7759882807731628,1.4572691917419434,0.3809073865413666,0.37023162841796875
20210425,0.5060847401618958,1.8570098876953125,0.7384462952613831,2.055806875228882,3.2427003383636475,0.8380829095840454,0.7141813635826111,0.4117918014526367,0.4138230085372925,0.43017899990081787
20210426,0.44845062494277954,3.0668513774871826,0.6905786991119385,2.710235118865967,7.693295955657959,0.7659739255905151,0.866276204586029,0.4726719558238983,0.16106362640857697,0.27458688616752625
20210427,0.6261289715766907,2.4346580505371094,0.6580525040626526,2.778407573699951,4.631389617919922,0.8416516780853271,0.813994824886322,0.6847059726715088,0.5720046758651733,0.30073222517967224
20210428,0.4742331802845001,2.394192934036255,0.6725847125053406,2.711822032928467,4.016572952270508,0.8883920907974243,0.7998148798942566,0.5987176895141602,0.5026170611381531,0.47196343541145325
20210429,0.5103086233139038,2.4349451065063477,0.6678710579872131,2.7680392265319824,4.33268928527832,1.0234992504119873,0.7667644619941711,0.5985710024833679,0.62877357006073,0.778935968875885
20210430,0.2675420343875885,2.2559890747070312,0.6713292598724365,2.664217710494995,6.603497505187988,0.7773703932762146,0.8178856372833252,0.9294312596321106,0.4623205065727234,0.7171375751495361
20210501,0.2597876489162445,1.022904396057129,0.6573205590248108,,,,,0.49633288383483887,,
20210502,0.5112987756729126,2.7578110694885254,0.6033812761306763,4.056311130523682,3.9283692836761475,0.6207488775253296,0.6505168676376343,0.45788782835006714,0.28495994210243225,0.7986600995063782
20210503,0.35969066619873047,1.7179720401763916,0.5203496217727661,1.9338741302490234,2.55788516998291,0.9641693830490112,0.7271676659584045,0.4482695758342743,0.584845781326294,
20210504,1.2568016052246094,1.9226109981536865,0.7236820459365845,2.30232572555542,3.1259334087371826,0.7826920747756958,0.5652533769607544,1.6768970489501953,0.3972637951374054,0.4477922022342682
20210505,0.7712343335151672,2.19740891456604,,,,,,0.6782210469245911,,0.5401774048805237
20210506,0.32454100251197815,2.2013964653015137,0.9491457343101501,,,,,,,0.8225820064544678
20210507,,,,,,,,0.7794665694236755,0.40580371022224426,0.47550854086875916
20210508,0.4499783217906952,1.554205060005188,0.5372885465621948,,,0.494804322719574,,0.6412689089775085,0.4980907440185547,0.4913231432437897
20210509,0.4224737882614136,1.6844841241836548,0.5852160453796387,1.579367995262146,3.5472562313079834,0.707116961479187,0.624400794506073,0.7574394941329956,0.3900708258152008,0.7629706263542175
20210510,1.1050199270248413,1.5663347244262695,0.4780568778514862,1.4916659593582153,2.8234517574310303,0.49759745597839355,0.6478803753852844,,,0.437191367149353
20210511,0.18286898732185364,0.6828279495239258,0.4204394221305847,,,0.48286160826683044,,,0.2097281664609909,
20210512,0.931881844997406,2.5122148990631104,0.9530608654022217,2.0105841159820557,3.0757884979248047,0.759207546710968,0.8589747548103333,0.959848165512085,0.4414895176887512,1.2598758935928345
20210513,0.1883595734834671,,0.3629039525985718,,,0.6246411800384521,,0.5430770516395569,0.2706643342971802,0.25387081503868103
20210514,0.38016387820243835,,0.4032706022262573,,,0.6069084405899048,,0.4681592583656311,0.27336063981056213,0.48129963874816895
20210515,0.26071658730506897,0.9434394240379333,,,,,,,0.17862100899219513,0.6055981516838074
20210516,0.2886371910572052,1.0017915964126587,0.35888153314590454,,,0.4926501214504242,,0.5359575748443604,0.18741320073604584,0.3110486567020416
20210517,0.6727257966995239,2.9608259201049805,0.37741753458976746,1.1705336570739746,,,,0.4059518277645111,0.19352173805236816,0.3517656922340393
20210518,0.658683717250824,3.387479782104492,0.8468181490898132,9.52489185333252,,0.9353953003883362,1.3084877729415894,1.0107405185699463,0.6584603190422058,0.28900161385536194
20210519,0.601494550704956,1.6362465620040894,0.7292615175247192,2.9921576976776123,4.119574546813965,1.233302354812622,0.8046296238899231,0.804230272769928,,0.7169062495231628
20210520,0.47276604175567627,1.2349629402160645,0.6098734140396118,,,,,1.1743285655975342,0.47022372484207153,0.4759933650493622
20210521,0.4952159523963928,1.750468373298645,0.6257253885269165,3.0578761100769043,6.070938587188721,0.8369694948196411,0.9366880059242249,0.9737900495529175,0.4906459152698517,0.8099535703659058
20210522,0.964434027671814,2.4348645210266113,0.6642084717750549,3.567229747772217,5.563782691955566,0.7111982703208923,0.711138904094696,0.832676351070404,0.5190376043319702,0.7160888314247131
20210523,,,,,,,,,,1.1508440971374512
20210524,,,,,,,,,,
20210525,0.4588281810283661,1.0006732940673828,0.5380223393440247,,,0.8284131288528442,,0.8454931974411011,0.5973752737045288,0.2707386016845703
20210526,0.429954469203949,0.9364746809005737,0.36040017008781433,,,0.6064361929893494,0.9031005501747131,1.1115871667861938,0.4817591905593872,0.3058394491672516
20210527,0.6621368527412415,1.0607249736785889,0.32651838660240173,,,,,0.5482213497161865,0.22947321832180023,0.3054545819759369
20210528,0.8894952535629272,,,,,,,,0.14870966970920563,0.26839131116867065
20210529,0.7420928478240967,2.408271551132202,0.7869454026222229,3.326061964035034,3.9219589233398438,1.0297771692276,0.910516083240509,0.9404360055923462,0.8190394043922424,
20210530,0.8262488842010498,2.6788651943206787,0.6885777115821838,3.313044548034668,3.94891357421875,1.284409761428833,0.9790557622909546,0.8373511433601379,0.4472106993198395,1.2719852924346924
20210531,0.9596306085586548,,,,,,,,,1.3842731714248657
20210601,0.7513155937194824,2.4285261631011963,0.592869222164154,2.6585631370544434,,0.5873004794120789,0.5645360350608826,0.40036648511886597,,0.2862326502799988
20210602,0.6403486132621765,1.182856798171997,0.6150179505348206,1.0977591276168823,,,,0.8626891374588013,0.20051345229148865,1.051308035850525
20210603,0.2405945062637329,2.1874847412109375,0.5427811741828918,,,0.8780788779258728,,0.8125870227813721,1.0463688373565674,2.3275296688079834
20210604,0.42343392968177795,1.77224600315094,0.6246075630187988,2.234196424484253,4.727351188659668,1.1696453094482422,0.7650607824325562,0.7728738784790039,0.45710834860801697,
20210605,0.3848499357700348,2.0974628925323486,0.6795508861541748,2.136134147644043,3.0212700366973877,0.8740124702453613,0.5853469371795654,0.8461765050888062,0.2879825532436371,0.19750133156776428
20210606,0.5255604982376099,1.4457796812057495,0.537095844745636,1.0925356149673462,2.8169734477996826,0.7368975877761841,0.8116351962089539,0.8065221905708313,1.0596574544906616,1.57331383228302
20210607,0.4564538598060608,1.9420808553695679,,1.8837140798568726,3.022416353225708,,1.3298723697662354,1.0219286680221558,,0.46159619092941284
20210608,0.4303969144821167,3.7996976375579834,0.7859057784080505,,,,,,,0.5593957304954529
20210609,0.3925339877605438,1.872267246246338,0.5108097195625305,,,0.5352999567985535,0.6087656021118164,0.6025884747505188,,
20210610,0.2839718461036682,,0.7255723476409912,,,,,,0.43148961663246155,0.3087491989135742
20210611,0.7618342638015747,,,,,,,0.51917564868927,0.4060612618923187,0.4048605263233185
20210612,,,,,,,,0.501825749874115,0.2683766782283783,0.1690165251493454
20210613,0.46522170305252075,,1.80022132396698,,,0.9799937605857849,1.6466578245162964,0.7259281873703003,0.4616888165473938,0.5134789943695068
20210614,0.7104674577713013,1.1140936613082886,0.7211067080497742,,,,,,0.4044319987297058,0.2819393575191498
20210615,0.32129597663879395,,,,,,,,,
20210616,0.46962770819664,1.5273160934448242,0.640777587890625,1.8201841115951538,2.385241985321045,0.8537811636924744,0.8178168535232544,0.5476161241531372,0.23300603032112122,0.35298284888267517
20210617,0.5545701384544373,0.9444518685340881,0.4529898166656494,,,,,,0.40419629216194153,0.2792135775089264
20210618,0.6135506629943848,1.5555615425109863,0.5411974787712097,1.8202803134918213,2.665613889694214,0.8120149374008179,0.8906667828559875,0.5321471095085144,,0.2585430145263672
20210619,0.5525708794593811,1.576222538948059,0.7103329300880432,,,,,1.58412766456604,,0.4210259020328522
20210620,0.690418541431427,1.5202388763427734,0.6864109635353088,1.3860950469970703,2.4983737468719482,0.7253053188323975,0.9870418906211853,0.7382267117500305,0.46762600541114807,
20210621,0.7188047170639038,2.4004204273223877,0.8483709692955017,2.7350828647613525,6.1307759284973145,0.9359726905822754,0.8852614164352417,1.0757001638412476,0.45360681414604187,1.2511346340179443
20210622,,,,,,,,,,
20210623,2.7972376346588135,1.290165901184082,0.7880551815032959,,,0.7137287259101868,0.3252949118614197,0.5309566259384155,0.3165682852268219,0.15122127532958984
20210624,0.40013864636421204,2.656856060028076,0.8738216757774353,1.4398704767227173,4.621508598327637,0.794691801071167,,,,0.428517609834671
20210625,0.41986218094825745,3.105196714401245,0.5708879828453064,,,,0.443649023771286,0.9383651614189148,0.7480738162994385,
20210626,0.43034979701042175,1.836782455444336,0.6016632318496704,,,0.6209550499916077,,0.6182533502578735,,0.22276714444160461
20210627,0.4840792715549469,0.6802862286567688,0.6517629623413086,,,,,0.9349079728126526,0.5239754915237427,0.5900567770004272
20210628,0.7765403985977173,2.4111766815185547,1.0185768604278564,2.8558785915374756,3.3702802658081055,0.8034965395927429,0.8732762932777405,0.6237413287162781,0.363700807094574,0.9607023000717163
20210629,0.6631887555122375,4.038342475891113,1.0536327362060547,3.261070966720581,5.49530553817749,0.8537442684173584,1.5683302879333496,0.8209872841835022,,1.6081286668777466
20210630,0.35310831665992737,3.7504947185516357,0.7611948847770691,,3.872006416320801,,0.7019578218460083,0.7695352435112,0.7128304839134216,0.48994460701942444
20210701,0.418078750371933,2.2499682903289795,0.8100706338882446,3.5671257972717285,4.159641742706299,1.08524751663208,0.7972944378852844,0.7636432647705078,0.5703602433204651,0.31241223216056824
20210702,0.43562793731689453,1.5067335367202759,0.6116207838058472,2.3822457790374756,3.0063276290893555,0.7450191378593445,0.7668405771255493,0.4960957467556,0.3455907702445984,0.7654196619987488
20210703,0.40310806035995483,1.0663743019104004,0.48870766162872314,,,0.5025037527084351,0.44735780358314514,0.5048500895500183,0.26928576827049255,0.2449890524148941
20210704,0.654891848564148,1.0449494123458862,0.585996687412262,,3.388076066970825,0.5782780647277832,0.6470627784729004,0.6196818351745605,0.3266364634037018,0.2306613177061081
20210705,,,1.129611611366272,,,,,,,0.558538556098938
20210706,0.810355544090271,3.181520462036133,0.7188097238540649,5.075774192810059,7.514703273773193,0.5682346820831299,0.8711921572685242,0.6313637495040894,0.6670013666152954,0.22080016136169434
20210707,0.7883166670799255,2.759664297103882,0.8551569581031799,,11.524917602539062,0.7626432180404663,1.182293176651001,0.6901980638504028,0.33888712525367737,0.4179707467556
20210708,0.5765710473060608,,0.7036070227622986,,,0.8024291396141052,,0.8471425175666809,,0.9309307932853699
20210709,0.5415560603141785,1.3848694562911987,0.4907320737838745,,,,,0.6474658250808716,0.4382503926753998,0.5884425044059753
20210710,0.6314457654953003,,,,,,,0.8891323804855347,0.5787808895111084,0.7074196338653564
20210711,0.5331902503967285,2.414806365966797,0.8269066214561462,,,1.8233976364135742,,0.9030052423477173,0.5392921566963196,0.3879181146621704
20210712,0.3472398519515991,0.7947680354118347,0.4929613471031189,0.7851969599723816,0.9046267867088318,0.6127235889434814,0.3646228313446045,0.4167082905769348,0.2741192877292633,1.7336516380310059
20210713,0.28606030344963074,,,,,,,,1.7227985858917236,0.3524405062198639
20210714,0.4562373161315918,2.24031400680542,0.5796807408332825,2.331087350845337,6.939510345458984,0.8196010589599609,0.7910664081573486,0.5126482844352722,0.3339274525642395,
20210715,0.7358921766281128,6.2202348709106445,0.5391305685043335,,,,,,,0.42322325706481934
20210716,0.22449535131454468,,,,,,,,,
20210717,0.3507380485534668,2.227010488510132,0.6036156415939331,1.4399104118347168,4.021602153778076,1.0211018323898315,2.01347279548645,0.5331023931503296,0.25135061144828796,0.20663529634475708
20210718,0.4351876378059387,,,,,,,,,0.47340676188468933
20210719,0.5983029007911682,1.76678466796875,0.8745933771133423,1.9033586978912354,3.037209987640381,0.9630008935928345,0.9252535700798035,2.0066492557525635,0.8216003775596619,0.27951231598854065
20210720,0.5184032917022705,1.4770581722259521,0.6542576551437378,1.0246801376342773,,0.586600124835968,,0.5762895941734314,0.29000428318977356,0.257939875125885
20210721,,3.3165667057037354,0.7256990671157837,,,,,,0.28089040517807007,0.4155019223690033
20210722,0.49361494183540344,,,,,,,,,
20210723,0.18851238489151,1.5929107666015625,0.5444403886795044,0.6177201271057129,1.3368979692459106,0.5414707064628601,0.6920056939125061,0.4956261217594147,0.21024498343467712,0.23463070392608643
20210724,0.4414970278739929,,0.40227261185646057,,,,,,,0.4254886209964752
20210725,0.39502692222595215,1.5304453372955322,0.5780230760574341,,,,,,0.23453383147716522,0.3495803773403168
20210726,0.5071163177490234,2.5529985427856445,1.5427590608596802,3.0185956954956055,3.939552068710327,1.911952257156372,1.6945046186447144,,,
20210727,0.2969072759151459,1.9891700744628906,0.37241271138191223,,,,,,,
20210728,0.4506317377090454,1.573577642440796,0.7390595078468323,1.52530038356781,2.2560606002807617,0.9513264298439026,1.171359658241272,0.6826826930046082,0.4542667269706726,0.4662042558193207
20210729,0.541693389415741,2.0618715286254883,0.890869140625,1.7198829650878906,2.829073667526245,0.9597204923629761,1.8306511640548706,1.1766718626022339,0.46385514736175537,0.5839376449584961
20210730,0.46653109788894653,1.4185130596160889,0.5987567901611328,,,,,0.6381403803825378,0.169213205575943,0.391066312789917
20210731,,0.914313793182373,,,,,,,,0.7460024952888489
20210801,0.5480588674545288,1.9974058866500854,0.7944203615188599,,3.674368143081665,1.0529146194458008,1.088314175605774,0.6010053753852844,0.3125336468219757,0.8455290198326111
20210802,0.2696061432361603,0.5268550515174866,0.4606795310974121,,,,,0.6823466420173645,0.48292115330696106,0.7971335053443909
20210803,0.3446904420852661,1.5664657354354858,0.6337442398071289,1.1079596281051636,4.054844379425049,0.6840905547142029,1.1835789680480957,1.1143203973770142,0.33164891600608826,0.3304380476474762
20210804,0.3137519657611847,1.2856389284133911,0.5053355097770691,,,0.4502194821834564,0.27869707345962524,0.4164379835128784,0.20331600308418274,0.3985224664211273
20210805,0.36174094676971436,1.0371928215026855,0.23831894993782043,,,0.33402225375175476,0.29204830527305603,0.5151211619377136,0.44257864356040955,0.14859060943126678
20210806,0.3195934593677521,1.1325613260269165,0.39496976137161255,,,,,0.4972018897533417,0.19274066388607025,
20210807,0.3979683518409729,0.8160961866378784,0.33888083696365356,,2.2328193187713623,,0.6923196315765381,0.4126071035861969,0.28187838196754456,0.33890989422798157
20210808,0.530022382736206,2.078843593597412,0.8210893869400024,1.7209782600402832,2.4963977336883545,0.7182796597480774,0.6225266456604004,0.6116785407066345,0.4130055010318756,0.5031543374061584
20210809,0.6400071382522583,2.5899128913879395,0.6834048628807068,2.3319613933563232,7.322782039642334,0.6483094096183777,1.0720808506011963,0.5851112008094788,0.45756229758262634,0.47644099593162537
20210810,0.2580849528312683,1.9439456462860107,0.32446908950805664,,,,,0.46063464879989624,,2.2784836292266846
20210811,0.37288525700569153,1.521728754043579,0.6013585329055786,1.5416120290756226,3.4059460163116455,0.6096937656402588,0.49727362394332886,0.5485537052154541,0.284416139125824,
20210812,0.4135964512825012,1.9013978242874146,0.49289000034332275,1.296055555343628,,0.4206847846508026,0.3707159459590912,0.4669281244277954,0.28196632862091064,0.37339064478874207
20210813,0.3923625648021698,3.1533966064453125,0.5692457556724548,1.42610764503479,3.2071423530578613,0.6314406991004944,0.6681222319602966,0.5514073371887207,0.37009328603744507,1.183780550956726
20210814,0.36402010917663574,2.936685085296631,0.5723430514335632,1.2093316316604614,6.383627891540527,0.6089030504226685,0.7013320922851562,0.5213277339935303,0.3567199110984802,0.4703931510448456
20210815,0.3807232081890106,3.407633066177368,0.5191026329994202,3.010150909423828,9.980182647705078,0.6296378970146179,0.750265896320343,0.49509260058403015,0.5064771175384521,1.347324013710022
20210816,0.5350337028503418,2.322842836380005,0.681562066078186,,,0.3577486276626587,,0.43904855847358704,0.19027823209762573,0.4427599608898163
20210817,0.6598830819129944,2.136821985244751,0.4923093914985657,1.1738709211349487,,0.20160630345344543,0.48559725284576416,0.23519976437091827,0.4010453522205353,0.4447946548461914
20210818,0.48409149050712585,3.6112616062164307,0.655864417552948,2.211069107055664,9.07530403137207,0.6261997222900391,0.8421676158905029,0.49542155861854553,0.21453116834163666,0.15793649852275848
20210819,0.1872626096010208,2.0410430431365967,0.9389320611953735,3.762031078338623,10.773076057434082,0.7182833552360535,0.34470292925834656,0.5694509148597717,0.530969500541687,0.6555245518684387
20210820,0.25148090720176697,0.9414262175559998,0.4769558608531952,2.7722954750061035,3.691878318786621,0.4096054136753082,0.4989306926727295,0.3954203426837921,0.2933259606361389,0.5724175572395325
20210821,0.46548137068748474,2.8210928440093994,0.3141666352748871,1.0906020402908325,3.580550193786621,0.26029372215270996,1.1593607664108276,0.34461134672164917,0.30569449067115784,0.4310609996318817
20210822,0.5232104659080505,1.2341105937957764,0.3397100269794464,1.019575834274292,6.724218368530273,0.7215023636817932,,0.37034139037132263,0.317111998796463,0.8175944089889526
20210823,0.37512072920799255,1.6083735227584839,0.46045875549316406,2.0523617267608643,3.6536459922790527,0.4754621982574463,0.5368635654449463,0.34789222478866577,0.2727707624435425,0.3344085216522217
20210824,0.309616357088089,1.2842261791229248,0.47154125571250916,1.5823537111282349,3.144932270050049,0.6154177188873291,0.5326024293899536,0.5692909955978394,0.2664531171321869,0.401683509349823
20210825,0.3431616425514221,0.8743416666984558,0.36196425557136536,1.383294939994812,2.1226627826690674,0.560215413570404,0.2871808111667633,0.8826510906219482,0.335177481174469,0.47381120920181274
20210826,0.3282545804977417,1.076575517654419,0.3666568398475647,1.2928818464279175,,0.3281497061252594,0.2544305622577667,0.4765245020389557,,
20210827,0.5053417682647705,1.4979766607284546,0.5434412956237793,1.4086154699325562,2.4301602840423584,0.6577883362770081,0.5463973879814148,0.6366392374038696,0.37602725625038147,0.3136311173439026
20210828,0.8069682121276855,2.5046842098236084,,,,,,0.496745765209198,,1.4785754680633545
20210829,,,,,3.125004768371582,0.3870508670806885,0.7213950753211975,0.4690512418746948,0.2807297110557556,0.3941030204296112
20210830,0.48893603682518005,3.6258556842803955,0.5072835087776184,3.1377692222595215,9.193195343017578,0.8238537311553955,0.9052788615226746,0.6009464859962463,0.8317086696624756,0.7792235612869263
20210831,0.7067424058914185,3.1034200191497803,,,,,,,,
20210901,0.38684460520744324,2.408892869949341,0.3425619304180145,1.0344799757003784,2.842970371246338,0.5502489805221558,0.6865919828414917,0.40636441111564636,0.39823082089424133,0.3685891032218933
20210902,,,,,,,,,0.5827717781066895,1.0468940734863281
20210903,0.34194332361221313,0.8942927122116089,0.3423229157924652,2.1734683513641357,4.038011074066162,0.3714594841003418,0.5094522833824158,0.3387657403945923,0.27053046226501465,0.2822762727737427
20210904,0.4056878387928009,1.3030250072479248,0.33739566802978516,1.490554928779602,3.31711483001709,0.5353568196296692,0.41545504331588745,0.47668731212615967,0.3329920172691345,0.4407826364040375
20210905,0.19636502861976624,1.2900317907333374,0.2897961437702179,,,0.39712440967559814,0.5114165544509888,0.26225370168685913,0.22146077454090118,0.32908377051353455
20210906,0.4599275588989258,0.873882532119751,0.2573142647743225,,1.1539632081985474,0.21924035251140594,0.2569267749786377,0.34420663118362427,0.3303879499435425,0.6829032301902771
20210907,0.398630291223526,1.9125699996948242,0.4956492483615875,1.7389140129089355,3.6083412170410156,0.46177855134010315,0.3852350115776062,0.42073139548301697,0.23458616435527802,0.22737641632556915
20210908,0.43165427446365356,2.282397747039795,0.5445070266723633,2.613463878631592,8.21248722076416,0.9192060828208923,0.5241246223449707,0.4281211495399475,0.4130308926105499,0.9381611943244934
20210909,0.41779983043670654,2.2430574893951416,0.6641191840171814,2.5401928424835205,6.284285545349121,0.6944747567176819,0.5692997574806213,0.46390300989151,0.5417655110359192,3.016047477722168
20210910,0.3898320496082306,2.48105525970459,0.5132185816764832,2.1040828227996826,8.826789855957031,0.6063064932823181,0.5721282958984375,0.6007835268974304,,0.46188363432884216
20210911,0.2739790380001068,2.574014186859131,0.3235577940940857,,6.914020538330078,,,0.17238110303878784,0.2461477816104889,0.3490484058856964
20210912,0.23856908082962036,0.9169849753379822,0.3134273290634155,,,0.7046176791191101,0.3243311643600464,0.3339763879776001,0.13023687899112701,0.31020262837409973
20210913,0.4620097875595093,1.4789838790893555,0.35999560356140137,1.7977404594421387,2.570681095123291,0.6420422792434692,0.34080007672309875,0.45083630084991455,0.5179420113563538,0.6477978825569153
20210914,0.28994521498680115,1.9820462465286255,0.3972233533859253,2.6692731380462646,4.655951023101807,,,0.4424494504928589,0.23400767147541046,0.7209198474884033
20210915,0.5089389085769653,1.949146032333374,0.4139629304409027,2.300058603286743,4.30523157119751,0.48150479793548584,0.66801917552948,0.4864537715911865,0.2165670394897461,0.4514645040035248
20210916,0.3271884024143219,2.1795706748962402,0.425115704536438,2.293081760406494,7.633734703063965,0.5344739556312561,0.42347726225852966,0.4348713457584381,0.41809919476509094,0.674351692199707
20210917,0.3675544261932373,0.8775485157966614,0.2992016077041626,,5.37799072265625,0.2367101013660431,0.3992236256599426,0.44870680570602417,0.7306174039840698,0.3903602361679077
20210918,0.4150514304637909,1.826987624168396,0.3801434338092804,,2.373654842376709,0.3793941140174866,,0.41584447026252747,0.3943089544773102,0.3816823661327362
20210919,0.5785138607025146,2.7644243240356445,0.5147890448570251,2.030474901199341,4.508242130279541,1.090162754058838,0.43253442645072937,,,
20210920,0.15526114404201508,1.5502727031707764,0.3111400902271271,,,,,0.3510819971561432,0.28933337330818176,0.29299256205558777
20210921,0.3315122127532959,1.3806084394454956,0.5195327997207642,,,,,0.6564499139785767,0.2270100861787796,0.18965835869312286
20210922,0.6400037407875061,1.1821446418762207,0.25418516993522644,,,,,,,0.4839800298213959
20210923,0.35877788066864014,1.8691644668579102,0.4361865520477295,2.3871400356292725,4.3273749351501465,0.7687392234802246,0.5203374028205872,0.4783855974674225,0.7484638094902039,1.7963544130325317
20210924,0.33216968178749084,1.9161535501480103,0.41568639874458313,3.197009563446045,2.473020553588867,0.5700374841690063,0.6437526345252991,0.357217937707901,0.321917861700058,0.49034830927848816
20210925,0.3826432526111603,1.8895772695541382,0.374479204416275,1.3578355312347412,2.6356046199798584,0.7616636753082275,0.5010986328125,0.5135217308998108,0.3229983150959015,0.3730548620223999
20210926,0.2945936918258667,2.218766927719116,0.45673713088035583,1.9456757307052612,4.316356658935547,0.6720176935195923,0.7492428421974182,0.5147005915641785,0.366163432598114,0.8202824592590332
20210927,0.3004342317581177,,,,5.534341812133789,0.6198168992996216,0.5726539492607117,0.3742513954639435,0.35752710700035095,0.5685973167419434
20210928,0.4890366792678833,0.3729979991912842,0.36118602752685547,,,0.3564126789569855,,0.6059480309486389,,0.3967463970184326
20210929,0.20405317842960358,2.4465696811676025,0.31374648213386536,,,,,0.3573909103870392,,0.3527515232563019
20210930,0.3304726779460907,1.4939615726470947,0.104818195104599,,,,,,,
20211001,0.2884087860584259,0.9283050894737244,0.40431928634643555,,2.6748030185699463,0.2449071705341339,,0.3400794267654419,,1.2977499961853027
20211002,0.19912967085838318,2.4479470252990723,0.5945779085159302,1.9972434043884277,4.646843910217285,0.4802817404270172,0.7089935541152954,0.4268893003463745,0.15953335165977478,0.5871542692184448
20211004,0.3419237434864044,1.0777052640914917,0.3218320906162262,,,0.4719472825527191,0.7030658721923828,0.4633232057094574,0.5567089319229126,0.1918802559375763
20211005,0.48062628507614136,1.8397693634033203,0.5192097425460815,2.411910057067871,4.045568466186523,0.783738374710083,0.9484258890151978,0.45140641927719116,0.36843013763427734,0.33837682008743286
20211006,0.3390401601791382,2.3136937618255615,,,,,,,,
20211007,0.33745092153549194,1.1700003147125244,0.38873520493507385,1.9131461381912231,3.3934671878814697,0.45333221554756165,0.9241462349891663,0.3927055597305298,0.4558955132961273,0.31540849804878235
20211008,0.3879520893096924,1.876871109008789,0.3470821678638458,,,0.3600705862045288,0.7464596629142761,0.21977251768112183,0.35231149196624756,0.36874303221702576
20211009,0.22051382064819336,,0.26933106780052185,,,,,0.22845575213432312,0.28689882159233093,0.29649558663368225
20211010,0.31260883808135986,1.5693432092666626,0.3594534695148468,1.9582726955413818,3.002714157104492,0.6050094962120056,0.7452876567840576,0.3619692921638489,0.3689018487930298,0.5616480112075806
20211011,0.4092160761356354,1.8862513303756714,0.44748878479003906,2.026750087738037,3.723698139190674,0.7181591987609863,0.707689106464386,0.5190131664276123,0.36704814434051514,0.4591015875339508
20211012,0.25369831919670105,,0.382617324590683,,3.4292075634002686,0.3741547465324402,0.7805511355400085,0.7423920035362244,0.4453398287296295,0.6246825456619263
20211013,0.2176351249217987,0.7591386437416077,0.23702101409435272,,1.4237568378448486,0.26497238874435425,0.6599963307380676,0.2872386872768402,0.18966509401798248,0.23788322508335114
20211014,0.34308820962905884,1.2105902433395386,0.327861487865448,1.6205719709396362,2.3570950031280518,0.6634033918380737,0.5282375812530518,0.42761218547821045,0.6713050603866577,0.46475353837013245
20211015,0.2268383800983429,1.8590044975280762,0.3224157392978668,,,0.2646167576313019,0.39740774035453796,0.21645931899547577,0.1364515870809555,
20211016,0.5142838358879089,1.7686833143234253,0.2763507068157196,,2.847296714782715,,,0.20775671303272247,0.20180350542068481,0.44770580530166626
20211017,0.461387038230896,1.5742874145507812,0.7173277139663696,2.401074171066284,6.653572082519531,0.3916228115558624,0.46707406640052795,0.3285140097141266,0.35271453857421875,0.2500472664833069
20211018,0.3268563449382782,1.2138975858688354,0.3474952280521393,,,0.5905690789222717,0.4131893217563629,0.3490757346153259,0.38800910115242004,0.35982489585876465
20211019,0.32432305812835693,1.5881606340408325,0.3618192672729492,2.1654791831970215,4.174651622772217,0.5746535062789917,0.5345313549041748,0.35867905616760254,0.34539157152175903,0.4201682209968567
20211020,,,,,,,,,,2.551455497741699
20211021,0.38639378547668457,2.193848133087158,0.5540608167648315,2.919456958770752,6.4348626136779785,0.6496415734291077,0.6388090252876282,0.35604897141456604,0.3939863443374634,0.5075005292892456
20211022,,,0.19277197122573853,,,,,0.5285400152206421,,
20211023,0.2499365508556366,,0.26929202675819397,,,,,,,0.2900562286376953
20211024,0.2904951870441437,1.5724668502807617,0.2604045867919922,1.5222240686416626,1.3590242862701416,0.594823956489563,0.3324478566646576,0.3040168285369873,0.290647029876709,0.2962210774421692
20211025,0.3199312686920166,1.6276936531066895,0.44771915674209595,2.469442367553711,3.4751689434051514,0.8637523651123047,0.6077672839164734,0.3906444311141968,0.30321869254112244,0.4474276900291443
20211026,0.42607009410858154,1.7378185987472534,0.4487931430339813,2.3843019008636475,3.9491350650787354,0.8023504614830017,0.5760902166366577,0.3551870882511139,0.3461049199104309,0.9053651094436646
20211027,,2.4861209392547607,0.806710958480835,3.0155675411224365,5.203083038330078,0.7925094962120056,0.6256331205368042,0.3220944404602051,,0.4783764183521271
20211028,0.12472483515739441,,,,,,,,,
20211029,0.19407550990581512,0.7881971597671509,0.2633276879787445,1.5560238361358643,1.8933284282684326,0.4766123592853546,0.3358878791332245,0.17180369794368744,0.3017464578151703,
20211030,0.314464271068573,1.4051313400268555,0.270020067691803,,1.818247675895691,0.42629194259643555,0.45120546221733093,0.24790053069591522,0.25025245547294617,0.31597286462783813
20211031,0.36575236916542053,,0.38450121879577637,,,0.6735491156578064,0.3883405327796936,0.3400993347167969,0.30901873111724854,0.686078667640686
20211101,0.29573991894721985,1.2437628507614136,0.5014195442199707,3.0902719497680664,5.167733669281006,0.7223642468452454,0.5503972768783569,0.3462446630001068,0.3196788430213928,0.6389074325561523
20211102,,,,,,,,,,0.6435602307319641
20211103,0.250118613243103,,0.2906031310558319,,,,,,,
20211104,0.283291757106781,1.2868106365203857,0.3440708816051483,1.836413025856018,3.770587205886841,0.45481517910957336,0.3718855082988739,0.28093093633651733,0.27372920513153076,0.3121853768825531
20211105,0.14185312390327454,1.3417327404022217,0.20510493218898773,1.5489634275436401,2.607503652572632,0.7303539514541626,,0.22577457129955292,0.2881524860858917,0.4892241060733795
20211106,,1.0373849868774414,0.2943274974822998,,,,,,,
20211107,,,,,2.277477502822876,,0.7737352252006531,0.3510128855705261,0.29888221621513367,0.22306515276432037
20211108,0.1757369488477707,0.6177762150764465,0.2591036260128021,,,0.24296440184116364,,0.20215539634227753,,0.3029833734035492
20211109,0.10082702338695526,,,,,,,,,0.3099158704280853
20211110,0.2176864594221115,,0.3153756558895111,,,0.3021232783794403,0.2876853048801422,0.2861001193523407,0.26844942569732666,0.20384128391742706
20211111,,,,,,,,,,0.2036268264055252
20211112,,2.2933146953582764,,,,,,,,
20211113,0.17270570993423462,,,,,,,,,0.289521187543869
20211114,0.12048672884702682,,,,,,,,,
20211115,0.17087213695049286,0.6307674050331116,0.21588030457496643,,,,,0.2349293977022171,0.26386651396751404,0.24755674600601196
20211116,0.39104950428009033,1.5218896865844727,0.4339149296283722,2.0869743824005127,2.6127309799194336,0.535815954208374,0.4672980010509491,0.2879065275192261,0.30179914832115173,
20211117,0.3181091845035553,,0.42509666085243225,1.7770001888275146,1.7771228551864624,0.8292472958564758,0.3028029799461365,0.2946653962135315,0.4710983335971832,0.4178134500980377
20211118,,,,,,,,,,0.48797163367271423
20211119,,,,,,,,,,
20211120,0.2049490511417389,0.5083392262458801,0.29562246799468994,,,0.16172270476818085,,0.36153239011764526,0.23744268715381622,0.23370330035686493
20211121,0.3468295931816101,1.6026877164840698,0.36890193819999695,2.2375011444091797,1.9639545679092407,0.5166656374931335,0.43708616495132446,0.4331881105899811,0.33867546916007996,0.3093281090259552
20211122,,1.6136630773544312,0.5844275951385498,2.5973970890045166,2.676941156387329,0.3994786739349365,0.4638461470603943,0.5054065585136414,0.3334228992462158,0.21280114352703094
20211123,,,,,,,,,,
20211124,0.2007932811975479,,,,,,,,,0.3059934973716736
20211125,0.09528131783008575,,0.2883589267730713,,,,,,,
20211126,0.37969839572906494,,0.1474655717611313,,,,,0.45083436369895935,0.33088719844818115,0.17172661423683167
20211127,0.42423829436302185,1.8541895151138306,0.4025592803955078,2.376494884490967,2.421482801437378,0.6905385851860046,0.42390722036361694,0.46349671483039856,0.37680086493492126,0.3454696834087372
20211128,,2.0114502906799316,0.4300887882709503,2.2625792026519775,3.090031862258911,0.5863423943519592,0.46796292066574097,0.4851267337799072,0.3916698098182678,0.46116214990615845
20211129,0.27828580141067505,0.6619414687156677,0.30036062002182007,,,,,,,0.5438035726547241
20211130,0.11505343019962311,1.4836808443069458,0.43927690386772156,1.4185922145843506,2.374958038330078,0.3316115140914917,0.2835366427898407,0.43480411171913147,0.3346555233001709,0.3446306586265564
20211201,0.2521609365940094,1.5997741222381592,0.29378828406333923,1.7618792057037354,4.4004364013671875,0.4718623459339142,0.3030906021595001,0.24451325833797455,0.45149537920951843,0.23173025250434875
20211202,0.23198464512825012,1.8952457904815674,0.35430625081062317,1.860042691230774,2.477543830871582,0.40133020281791687,0.32909607887268066,0.3444375693798065,0.1327153891324997,0.14421376585960388
20211203,,0.6027072072029114,0.2837124168872833,,,0.18691636621952057,,0.23674984276294708,0.21764899790287018,0.24526023864746094
20211204,,,,,,,,,,0.14112260937690735
20211205,0.12149010598659515,,0.22950655221939087,,,,,,0.1578201800584793,
20211206,0.29457202553749084,1.2468231916427612,0.32513806223869324,1.5674444437026978,1.7066401243209839,0.414433091878891,0.3599485456943512,0.29927200078964233,0.21711024641990662,0.1831815242767334
20211207,0.29610228538513184,1.7035318613052368,0.2989441454410553,,,,,0.18748974800109863,0.17410078644752502,0.14663004875183105
20211208,0.4644380807876587,1.907092571258545,0.2883457541465759,2.292818546295166,2.074727773666382,0.2218475192785263,0.2738672196865082,0.20100098848342896,0.23627829551696777,0.16423733532428741
20211209,,,,,,,,,0.3115565776824951,0.23304589092731476
20211210,0.31227192282676697,,0.254255473613739,,,,,,,
20211211,0.3031117916107178,2.2198359966278076,0.21482160687446594,2.4113430976867676,3.2869856357574463,0.2874915599822998,0.39557433128356934,0.3619001507759094,0.26077955961227417,0.25751808285713196
20211212,0.20341351628303528,2.3946428298950195,0.2656470537185669,,2.2990100383758545,0.2196836918592453,0.37322646379470825,0.3238801062107086,0.26422905921936035,0.3635111153125763
20211213,0.2723813056945801,,0.2539192736148834,,,,,,0.08442433178424835,
20211214,,2.178373098373413,0.7954168319702148,2.1853997707366943,4.259142875671387,0.3266041576862335,0.4802100360393524,0.31439831852912903,0.3418418765068054,0.39540091156959534
20211215,0.16150207817554474,,,,,,,,,0.13818369805812836
20211216,0.1931275576353073,1.412886619567871,0.34033703804016113,2.0505456924438477,5.14034366607666,0.3773692846298218,0.38410016894340515,0.2836148142814636,0.31819668412208557,0.12464461475610733
20211217,,,,,,,,,,0.7725246548652649
20211218,0.3298216760158539,1.7070971727371216,0.40630486607551575,2.444810628890991,3.433431386947632,0.5442249178886414,0.3583359718322754,0.2550406754016876,0.20882248878479004,0.5946372151374817
20211219,,1.329055905342102,0.35264483094215393,,,,0.4593924582004547,0.18843111395835876,0.16946448385715485,0.1791720688343048
20211220,0.22220532596111298,,,,,,,,,0.6778526902198792
20211221,0.36870133876800537,0.697891354560852,0.27972492575645447,,,0.8447743654251099,0.2565794289112091,0.24621570110321045,,
20211222,0.2596035897731781,1.8259944915771484,0.34399741888046265,2.3907508850097656,3.7143259048461914,0.41488417983055115,0.3753795027732849,0.2939886450767517,0.3458386957645416,0.19809287786483765
20211223,0.43334051966667175,1.5582780838012695,0.37415817379951477,2.142199993133545,2.111564874649048,0.521878719329834,0.4152368903160095,0.3506810963153839,0.3261204659938812,0.37117651104927063
20211224,0.1661858707666397,1.9346741437911987,0.30996817350387573,2.163905382156372,2.7547366619110107,0.5176728367805481,0.23563998937606812,0.12720954418182373,,0.4675431549549103
20211225,,,,,,,,,0.13643257319927216,0.21117788553237915
20211226,0.2555695176124573,,,,,,,,,
20211227,0.33565935492515564,1.6691325902938843,0.4053759276866913,2.376008987426758,2.6215333938598633,0.23904772102832794,0.3619759976863861,0.33306482434272766,,
20211228,0.37356922030448914,1.744722843170166,0.40965160727500916,2.448343515396118,2.288679599761963,0.40179476141929626,0.3409672677516937,0.4261413514614105,0.34404629468917847,0.38421139121055603
20211229,0.4989262521266937,1.213181972503662,0.4174230396747589,1.9926530122756958,2.600282669067383,0.4752187728881836,0.31579968333244324,0.44342073798179626,0.3092615604400635,0.3618052005767822
20211230,,1.8685674667358398,0.7180018424987793,1.6494313478469849,2.9569427967071533,0.579922616481781,0.4498424828052521,0.45652395486831665,0.3074244260787964,0.34291568398475647
20211231,0.19446700811386108,,0.23059870302677155,,,,,,,0.4662209749221802
20220101,0.14952702820301056,,,,,,,,0.10182970762252808,
20220102,0.224214106798172,1.9032351970672607,0.32140761613845825,2.5444252490997314,3.3274290561676025,0.4816170632839203,0.3282434642314911,0.2010081261396408,0.40074723958969116,0.2340695559978485
20220103,0.3963334560394287,1.5891131162643433,0.3552275598049164,2.1078274250030518,2.385787010192871,0.5445869565010071,0.43667182326316833,0.20774374902248383,0.4404919743537903,0.43749746680259705
20220104,,2.1187338829040527,0.5416610836982727,2.094064950942993,1.1984483003616333,0.3266703486442566,0.434382826089859,0.2343890368938446,0.45145368576049805,
20220105,,,,,,,,,,1.6751177310943604
20220106,0.25560951232910156,,,,,,,,0.3197062313556671,
20220107,0.698678731918335,0.7730876803398132,0.17104755342006683,,,,,,,
20220108,0.36521413922309875,1.320178747177124,0.2749144434928894,2.119804620742798,1.649728775024414,0.3768548369407654,0.2659016251564026,0.3231506645679474,0.4393278658390045,0.1326533555984497
20220109,0.495532363653183,1.7894357442855835,0.39800530672073364,2.598836660385132,2.892404079437256,0.5572239756584167,0.5374364256858826,0.3789326548576355,0.39867496490478516,0.534507691860199
20220110,,,,,,,,,0.3398497700691223,0.5609256029129028
20220111,0.35113203525543213,1.8421155214309692,0.37580791115760803,,,0.48613440990448,,,,
20220112,2.0648720264434814,1.1906781196594238,0.2310890108346939,,,,,0.24721363186836243,,
20220113,,,,,,,,,,2.2870779037475586
20220114,0.6224548816680908,1.736183524131775,0.4259766638278961,2.2412445545196533,3.6588306427001953,0.4719386100769043,0.28171634674072266,0.22563090920448303,0.1832038015127182,0.2943989336490631
20220115,,3.1363027095794678,,3.226865530014038,4.056753635406494,0.20035652816295624,0.4999850392341614,0.2917242646217346,0.29977911710739136,0.23747555911540985
20220116,,,,,,,,,,0.5918459892272949
20220117,0.12625539302825928,,0.12132785469293594,,,,,0.12306755781173706,0.17862583696842194,
20220118,0.1655425876379013,,0.20875610411167145,,,,,0.1536889225244522,0.17146219313144684,0.18289901316165924
20220119,0.3909328579902649,1.8525253534317017,0.43933165073394775,2.3633530139923096,2.3565566539764404,0.5362265110015869,0.44775691628456116,0.3422514498233795,0.3194195032119751,0.3262577950954437
20220120,,1.6122245788574219,0.4860527813434601,2.6206555366516113,3.548494338989258,0.6120685935020447,0.5740170478820801,0.3440418541431427,0.31767597794532776,0.38144463300704956
20220121,0.4619654715061188,,,,,,,,,0.5403013825416565
20220122,0.16625289618968964,,,,,,,,0.28799328207969666,
20220123,0.3381247818470001,,,,,,,,,0.5365790128707886
20220124,0.37820547819137573,0.9097321033477783,0.2862052023410797,,,0.31961309909820557,,0.2856394052505493,,0.41257160902023315
20220125,0.27679455280303955,1.9174299240112305,0.2848367989063263,1.6991981267929077,,0.4451426863670349,0.3335120379924774,0.19522708654403687,0.34864526987075806,0.3648594617843628
20220126,,4.902016639709473,,,,,,0.3038475215435028,0.18530619144439697,0.44389769434928894
20220127,0.27169811725616455,1.9838135242462158,0.3236665427684784,,,,,0.2801576852798462,0.09800449758768082,0.232980415225029
20220128,0.22130969166755676,0.9011210203170776,0.31292465329170227,1.9910935163497925,3.4701976776123047,0.4589041471481323,0.3512500524520874,0.2420746237039566,0.3128972351551056,0.1233949065208435
20220129,0.2899864912033081,1.916214108467102,0.3403817117214203,2.31654953956604,3.530726671218872,0.542413055896759,0.377187579870224,0.1895216703414917,0.28937003016471863,0.06769122183322906
20220130,0.48585063219070435,1.8902586698532104,0.41386768221855164,2.5121171474456787,3.259476661682129,0.5481365323066711,0.6453245878219604,0.3131922781467438,0.40107402205467224,0.31672272086143494
20220131,,1.875095248222351,0.5645307898521423,2.5071632862091064,3.5973379611968994,0.5988804697990417,0.6016450524330139,0.3521188199520111,0.21308647096157074,0.47245049476623535
20220201,0.12365267425775528,,,,,,,,,0.7908526062965393
20220202,0.22619614005088806,3.111349105834961,0.41227957606315613,3.1976890563964844,3.1037189960479736,,0.7561161518096924,0.23755890130996704,0.3675871789455414,0.1792180985212326
20220203,0.38910385966300964,2.444460868835449,0.4088277220726013,3.5975351333618164,2.9802935123443604,0.2617989480495453,0.6305422782897949,0.25450292229652405,,0.13451801240444183
20220204,0.42355433106422424,2.9081244468688965,0.668498694896698,3.02177095413208,2.646638870239258,0.5896105766296387,0.5631725192070007,0.36003443598747253,0.4183061420917511,0.3975300192832947
20220205,1.063413143157959,2.50715970993042,0.44963887333869934,3.3167173862457275,2.739555597305298,0.6678357720375061,0.5129867196083069,0.33903178572654724,0.3728729784488678,0.3561922311782837
20220206,0.26692089438438416,,,,,,,,,0.5407664179801941
20220207,0.30603960156440735,1.3797287940979004,0.3365446627140045,2.3072025775909424,,0.5057750344276428,0.2992972731590271,0.30654725432395935,0.39144954085350037,0.6575982570648193
20220208,0.32615306973457336,,0.20800071954727173,,,,,,0.23225858807563782,0.46434032917022705
20220209,0.34795671701431274,1.9124305248260498,0.4055260419845581,1.386608362197876,1.874382734298706,0.3424193263053894,0.4673926532268524,0.18232972919940948,0.39179715514183044,0.2941848039627075
20220210,0.3760376274585724,2.3000707626342773,0.40889623761177063,3.301460027694702,3.800980567932129,0.9415115118026733,0.6563211679458618,0.24944955110549927,0.27039018273353577,0.3009393513202667
20220211,,,,,,,,,0.7963114380836487,0.29164162278175354
20220212,0.33816879987716675,2.8941071033477783,0.47710493206977844,2.843247175216675,,0.6465449929237366,0.5463284254074097,0.34253236651420593,0.30426162481307983,1.8283426761627197
20220213,0.14595498144626617,3.2636427879333496,,,,,,,,0.344345360994339
20220214,0.34264075756073,2.616236925125122,0.4271601140499115,2.7191779613494873,4.013303279876709,0.5476129651069641,0.4462088942527771,0.2778044044971466,0.3470592498779297,0.41574475169181824
20220215,,,,,,,,0.34489670395851135,0.3866378366947174,0.4891429543495178
20220216,,1.0176310539245605,0.35343000292778015,,,,0.22588421404361725,,0.14682546257972717,
20220217,0.11188805103302002,,0.1722153276205063,,,,,,,0.345111608505249
20220218,,2.6969854831695557,,,,,,,0.3504622280597687,0.16815373301506042
20220219,0.47367578744888306,2.8566343784332275,0.5565423369407654,4.153500080108643,4.308319091796875,0.8416069149971008,0.7534033060073853,0.38061171770095825,0.5960140228271484,0.37786802649497986
20220220,0.14859041571617126,,0.16715997457504272,,,,,0.16881488263607025,0.3308374583721161,0.13377094268798828
20220221,,2.829725503921509,0.35190850496292114,,,,,0.33049559593200684,0.3747272789478302,0.2317415028810501
20220222,0.38037675619125366,5.689334392547607,0.6638426780700684,,,0.658086895942688,0.5492545366287231,0.4209086000919342,0.4530555009841919,0.49074816703796387
20220223,0.35583463311195374,2.67154860496521,0.4909234642982483,2.9538826942443848,5.902286529541016,0.7104647159576416,1.053454041481018,0.3768555819988251,0.39736056327819824,0.3786109685897827
20220224,0.4685576856136322,2.214259386062622,0.5355950593948364,2.583900213241577,3.4617466926574707,0.6222307682037354,0.576525092124939,0.41158589720726013,0.4602110683917999,0.30867716670036316
20220225,0.3931613266468048,2.2178397178649902,0.5212154984474182,2.6251959800720215,2.6577811241149902,0.6558995246887207,0.6351560950279236,0.4175836145877838,0.5876259207725525,0.32909032702445984
20220226,0.5640763640403748,2.1463894844055176,0.4941423833370209,2.104384422302246,2.6273562908172607,0.5863175392150879,0.5889235138893127,0.4542839527130127,0.4327835440635681,0.5576575994491577
20220227,0.24326451122760773,3.860217571258545,0.472845196723938,,,,,0.318545401096344,1.2180535793304443,
20220228,0.4117153584957123,2.695007085800171,0.4235817790031433,2.0269486904144287,,,,,,0.689145565032959
20220301,0.39925137162208557,1.375537633895874,0.2427193820476532,1.6793639659881592,1.6172921657562256,0.4253315329551697,0.30574965476989746,,0.4115285575389862,
20220302,0.3828604817390442,2.1467039585113525,0.4598246216773987,2.6101279258728027,2.911611795425415,0.5496997833251953,0.6241372227668762,0.43283382058143616,0.34074950218200684,0.25643616914749146
20220303,,2.710057258605957,0.6426364779472351,3.001908302307129,3.88785457611084,0.6178016066551208,0.5733598470687866,0.4624567925930023,0.3703913688659668,0.5024347901344299
20220304,,,0.3942384123802185,,,0.6514125466346741,0.39391469955444336,0.31331029534339905,0.5407243967056274,
20220305,0.21485009789466858,,0.3804554343223572,,,0.49640291929244995,,0.1705636978149414,0.32394880056381226,0.19591963291168213
20220306,0.16669492423534393,2.4368481636047363,0.5124909281730652,2.8586928844451904,3.106462240219116,,1.0632579326629639,0.39202961325645447,0.7615258693695068,0.1187082827091217
20220307,0.505996584892273,2.123364210128784,0.5361434817314148,,2.3902339935302734,0.4805167615413666,,0.49144381284713745,0.5569400787353516,0.23631514608860016
20220308,0.4559093415737152,2.4479055404663086,0.36940521001815796,2.9826042652130127,3.128674268722534,0.33078500628471375,,0.5599539875984192,1.03638756275177,0.4097619950771332
20220309,0.6748166084289551,2.556853771209717,0.7315995097160339,3.052553653717041,3.3442182540893555,0.6242325305938721,0.8070269227027893,0.6556306481361389,0.6851934790611267,0.8130080103874207
20220310,0.589898943901062,4.178793430328369,0.6391311883926392,2.609013080596924,,0.7238420248031616,0.7637665271759033,0.9049128293991089,0.669257402420044,0.627876341342926
20220311,0.3896034061908722,1.9590009450912476,0.5081469416618347,2.930056095123291,2.9403183460235596,0.5411943197250366,0.6481055617332458,0.8306804895401001,0.7141051888465881,1.2334070205688477
20220312,0.36172208189964294,2.9169301986694336,0.5365514159202576,2.6792352199554443,3.250997304916382,0.5446833968162537,0.598853588104248,0.7224375009536743,0.6995243430137634,0.6319816708564758
20220313,0.5345901250839233,2.450195550918579,0.4655911922454834,3.2700815200805664,3.577610492706299,0.7597223520278931,0.4749828279018402,0.6321964263916016,1.024463176727295,0.5750206708908081
20220314,0.35308605432510376,2.43491792678833,0.5247690081596375,2.685744524002075,3.889542579650879,0.6208832859992981,0.5724411606788635,0.6220660209655762,1.9726005792617798,0.6930705308914185
20220315,0.40063950419425964,3.2335922718048096,0.5163039565086365,2.9275107383728027,4.965893268585205,0.7315924763679504,0.5399805903434753,0.5540765523910522,0.8564012050628662,0.4266810715198517
20220316,0.18215741217136383,,,,,,,,2.585465669631958,0.6031720042228699
20220317,0.31467047333717346,2.191568613052368,0.4565432369709015,2.5949106216430664,6.327365398406982,0.5326375365257263,0.49533116817474365,0.42420288920402527,0.5221720337867737,0.554078996181488
20220318,0.35892370343208313,2.439589738845825,0.5441768765449524,2.851774215698242,4.229639053344727,0.6680992841720581,0.5971474051475525,0.4374581575393677,0.4846390187740326,0.3334455192089081
20220319,0.4141312837600708,2.102011203765869,0.5715743899345398,2.814953088760376,3.5327987670898438,0.7732270956039429,0.7645858526229858,0.5535651445388794,0.43259769678115845,0.663661003112793
20220320,0.5459284782409668,2.629612445831299,0.5999206304550171,2.8824312686920166,3.8707776069641113,0.6131010055541992,0.996522068977356,0.5864236354827881,0.3466554284095764,0.3283429741859436
20220321,0.46965286135673523,2.671121120452881,0.5543168783187866,2.858065605163574,5.033933162689209,0.655663013458252,0.8496481776237488,0.5062177777290344,0.1646413505077362,0.9233579635620117
20220322,0.16712842881679535,,0.1475396752357483,,,,,,0.05775470286607742,
20220323,0.24484732747077942,,0.6253064274787903,,,,,,0.11898603290319443,0.29612740874290466
20220324,0.37916022539138794,2.098872423171997,0.43688884377479553,2.8169922828674316,2.6739535331726074,0.6755616664886475,0.8424099683761597,,0.12533234059810638,0.7461750507354736
20220325,0.6439192295074463,2.4344115257263184,0.4930042028427124,2.808758497238159,3.520887851715088,0.6345231533050537,1.125436544418335,0.579870879650116,0.1432056427001953,0.3713420033454895
20220326,0.4580100178718567,2.6670877933502197,0.6028285622596741,2.9666571617126465,5.5217976570129395,0.8112505078315735,1.1219663619995117,0.5278899073600769,0.3015819787979126,0.5412424206733704
20220327,0.5148220658302307,2.038137435913086,0.5340558886528015,2.4694838523864746,3.981144666671753,0.669917643070221,0.6948306560516357,0.3507642149925232,0.12717130780220032,0.5824810862541199
20220328,0.5465222597122192,3.966238498687744,0.5390855669975281,2.768948793411255,7.489423751831055,0.5463390946388245,0.6441655158996582,0.38527894020080566,0.23394961655139923,0.4529697597026825
20220329,0.520542323589325,2.6170260906219482,0.5523160099983215,2.07903790473938,3.4438936710357666,0.7638888359069824,0.584751307964325,0.4881289601325989,0.2410517930984497,0.18236814439296722
20220330,0.2621006369590759,2.156667947769165,0.526253879070282,2.5678117275238037,3.2078118324279785,0.7629533410072327,0.6437139511108398,0.33586418628692627,0.22986142337322235,0.2993118166923523
20220331,0.848113477230072,2.8051235675811768,0.7995997071266174,2.9224891662597656,3.829301357269287,,1.1614868640899658,0.6868226528167725,0.5565046072006226,0.6810407638549805
20220401,0.4859444499015808,2.5504775047302246,0.6600266695022583,2.8114676475524902,3.79146409034729,0.9238284230232239,1.3441025018692017,0.7265749573707581,0.4321537911891937,0.6278277039527893
20220402,0.4686770439147949,1.6234179735183716,0.4759487509727478,,,0.5202189087867737,,0.6335532665252686,,0.537158727645874
20220403,0.4547545909881592,2.0366289615631104,0.600473165512085,2.786322832107544,2.658736228942871,0.8542449474334717,0.8214825391769409,0.6831360459327698,0.2874680161476135,0.25842177867889404
20220404,0.5288731455802917,2.28890061378479,0.6167666912078857,2.995417594909668,3.526390314102173,0.8100200295448303,0.7446792125701904,0.6716047525405884,0.2929382026195526,0.2772942781448364
20220405,0.17620834708213806,3.3348402976989746,,,,,,,,
20220406,0.5139236450195312,2.041280746459961,0.6071429252624512,2.9094345569610596,3.4066755771636963,0.6463921070098877,0.7612711191177368,0.3391689360141754,0.6973551511764526,0.6588746905326843
20220407,0.551093578338623,1.6944265365600586,0.5202962756156921,2.731473207473755,2.5325450897216797,0.7071331739425659,0.9719690680503845,0.4759853184223175,0.5985555648803711,0.6999237537384033
20220408,0.4403231739997864,2.6973042488098145,0.6598114967346191,3.777935266494751,3.568026542663574,1.017640233039856,0.8876827955245972,0.6835905313491821,0.5673245191574097,0.7156339883804321
20220409,0.49926650524139404,2.2921388149261475,0.638607382774353,3.065631628036499,2.72957181930542,0.8421630859375,0.8357837796211243,0.5641920566558838,0.5170494318008423,0.4517492651939392
20220410,1.5314202308654785,2.74592924118042,0.4268215298652649,,,,,,,1.1461995840072632
20220411,1.395503282546997,3.943401336669922,,,,,,,0.5070301294326782,0.6233826279640198
20220412,,,,,,,,,0.47009390592575073,0.2923476994037628
20220413,0.49999985098838806,3.9821383953094482,0.852396547794342,3.720107078552246,5.628296375274658,0.8093761205673218,1.1794251203536987,0.661271333694458,0.4234485328197479,0.431456595659256
20220414,0.5319317579269409,,,,,,,,0.2445138841867447,0.43216103315353394
20220415,0.6219584345817566,3.0908384323120117,0.6755393743515015,2.8188400268554688,6.390105724334717,0.8855416774749756,0.6611111164093018,0.5397453308105469,0.20882289111614227,
20220416,0.516446053981781,2.5445516109466553,0.7570972442626953,2.9441511631011963,4.596032619476318,0.8897131085395813,0.8209242224693298,0.7750619649887085,0.6657612919807434,1.00019109249115
20220417,,,,,,,,,,
20220418,0.2201267033815384,,,,,,,,,
20220419,0.2663695216178894,2.086914300918579,0.695654571056366,,1.9001896381378174,0.9073764681816101,1.3916211128234863,0.52808678150177,0.6352015137672424,0.29692745208740234
20220420,0.25410589575767517,0.9788995385169983,0.5966615080833435,,,0.6984915733337402,,0.3615491986274719,0.23314039409160614,0.26711171865463257
20220421,0.3109808564186096,2.001772165298462,0.527321457862854,,1.443118691444397,1.0076392889022827,,0.3105209469795227,0.24777042865753174,0.24568942189216614
20220422,0.3117988705635071,2.573650598526001,0.4315539598464966,,,0.8726679086685181,,0.7987751960754395,,0.5961597561836243
20220423,0.48691990971565247,2.1764650344848633,0.6955593228340149,2.371790885925293,1.6198203563690186,0.8935627341270447,1.217400074005127,0.6301629543304443,0.5058664679527283,0.5503357648849487
20220424,0.7250844240188599,,0.9140440225601196,,,,0.8210965394973755,1.2980201244354248,0.3972585201263428,1.1321414709091187
20220425,0.3743591904640198,,0.7240912318229675,,,,,,0.5196686387062073,1.4650583267211914
20220426,0.48402315378189087,0.8780102133750916,0.6390998959541321,,,,,0.32090580463409424,0.23363247513771057,
20220427,,1.669459581375122,0.607670783996582,,0.5560949444770813,0.4633951187133789,0.4584566354751587,0.28729313611984253,0.18233072757720947,0.4038538634777069
20220428,0.5261213183403015,2.274275064468384,0.8382766842842102,2.219465970993042,5.577731132507324,0.7788631319999695,0.9124851822853088,0.7620147466659546,0.46029266715049744,0.4554162919521332
20220429,0.1640135496854782,,,,,,,,,
20220430,0.46515151858329773,2.4926822185516357,0.7361490726470947,,,,,0.8048473596572876,0.8404960036277771,0.48072224855422974
20220501,0.4011601209640503,2.5059306621551514,0.5905846357345581,2.012899160385132,2.9966139793395996,0.466238796710968,0.9103840589523315,0.46327170729637146,0.38713881373405457,0.36349359154701233
20220502,0.569327175617218,2.4343926906585693,0.6538378000259399,2.8445687294006348,3.886125087738037,0.4195649325847626,1.0248364210128784,0.4664345681667328,0.4273374080657959,0.295463502407074
20220503,0.5832688808441162,2.304511547088623,0.7162033319473267,2.563883066177368,4.564093112945557,0.9496972560882568,1.0747560262680054,0.6662655472755432,0.47339698672294617,0.6911777853965759
20220504,0.45771071314811707,,0.49340906739234924,,,0.641998827457428,0.6593979597091675,0.5419870018959045,0.30490657687187195,0.22225715219974518
20220505,0.2716742753982544,2.7798259258270264,0.651525616645813,2.5125656127929688,,1.1516296863555908,,,0.29586243629455566,0.7975931167602539
20220506,0.6117508411407471,1.7884873151779175,0.737385630607605,2.284989356994629,2.5535285472869873,0.8747295141220093,1.364543080329895,0.7802972197532654,0.25901755690574646,
20220507,0.46093806624412537,2.547821044921875,0.4307425022125244,,,0.4926581084728241,,0.36159372329711914,0.28293633460998535,0.28053799271583557
20220508,0.4621269404888153,2.046400547027588,0.5803672671318054,1.6080527305603027,,,0.49440982937812805,0.5979644060134888,0.28486189246177673,0.2792463004589081
20220509,0.5795331597328186,1.379158854484558,0.6916615962982178,2.2620654106140137,5.033616065979004,0.93892902135849,1.6509578227996826,0.6999707221984863,0.3943500220775604,0.4753464460372925
20220510,0.6745871305465698,4.663028717041016,0.9264596700668335,6.489808559417725,8.444663047790527,1.0403053760528564,1.315801978111267,1.0915911197662354,0.675575852394104,0.7539591789245605
20220511,0.7650525569915771,2.6178901195526123,0.7951266169548035,3.309758186340332,6.267205715179443,0.9321865439414978,0.9911080598831177,0.813757598400116,0.4673146903514862,
20220512,0.5757003426551819,1.5568866729736328,0.5006357431411743,1.14023756980896,0.9726948738098145,0.5699582099914551,,,0.30109283328056335,0.3446440100669861
20220513,,3.0397229194641113,,,,,,,0.4469607472419739,0.33582133054733276
20220514,0.6309812664985657,1.0805343389511108,0.6671604514122009,1.4734982252120972,3.940688371658325,0.5694150924682617,0.8649089336395264,0.6563596129417419,0.46220067143440247,0.31592777371406555
20220515,0.8175830245018005,4.054389476776123,0.5356091856956482,,,,,0.485349178314209,,0.4354320764541626
20220516,0.5335029363632202,1.8216495513916016,0.6553211808204651,,,0.9941042065620422,1.253875732421875,0.738884449005127,0.7593305706977844,0.3543851375579834
20220517,0.5985446572303772,2.9360125064849854,0.4900232255458832,1.460540533065796,,0.45618146657943726,,0.7855493426322937,0.42513760924339294,0.37371525168418884
20220518,0.478633314371109,1.974631905555725,0.6766293048858643,2.3920068740844727,3.8923726081848145,0.9141188263893127,1.1212621927261353,0.9243778586387634,0.39030423760414124,0.43386614322662354
20220519,0.5959717631340027,1.1321438550949097,0.754041314125061,1.474461555480957,,0.8584311604499817,0.6085906028747559,0.7611327171325684,0.2894832193851471,0.24916209280490875
20220520,0.9912635684013367,3.0220513343811035,0.9717135429382324,3.360327959060669,8.06218433380127,0.9167009592056274,0.7498623728752136,1.0723967552185059,1.0125799179077148,0.17141574621200562
20220521,0.6517665386199951,4.01077938079834,0.9806093573570251,4.587986946105957,7.227467060089111,1.1436638832092285,1.1922950744628906,1.1505694389343262,0.6936347484588623,1.2942875623703003
20220522,0.5055208206176758,2.0548319816589355,0.8596315979957581,2.6681699752807617,3.1541221141815186,0.982063353061676,1.0164674520492554,0.9316219687461853,0.46064576506614685,1.582126498222351
20220523,0.6502905488014221,1.7984241247177124,0.7373732924461365,2.348872661590576,3.3928048610687256,0.8911548852920532,0.7611235976219177,1.1168280839920044,0.49795275926589966,0.7482390403747559
20220524,,,,,,,,,0.44437146186828613,0.7346856594085693
20220525,0.3875788152217865,0.3649244010448456,0.43188878893852234,,,,,,,0.7490801215171814
20220526,0.42299699783325195,3.3847503662109375,0.736390233039856,,8.24065113067627,0.6425584554672241,1.044614315032959,0.9673853516578674,0.6838493943214417,0.2296910285949707
20220527,0.7545118927955627,1.7050018310546875,0.6323492527008057,,,,,,0.37441280484199524,0.35193437337875366
20220528,0.6112760305404663,1.5579655170440674,0.6112661957740784,1.5511572360992432,1.5748291015625,0.6020557880401611,0.7425157427787781,0.7911912202835083,0.2082119584083557,0.6078420877456665
20220529,,,0.7999908924102783,3.0898001194000244,5.168569087982178,0.6514481902122498,0.7147249579429626,0.7896614074707031,0.548362672328949,0.3865963816642761
20220530,,,0.568213701248169,,,0.7336642742156982,,0.45755550265312195,0.2560776174068451,0.18910682201385498
20220531,0.2707129716873169,,0.6705125570297241,,,,,,,
20220601,0.20131102204322815,,0.793579638004303,,,,,0.6620727777481079,0.29646965861320496,0.5913666486740112
20220602,0.6670729517936707,,,,,,,,,
20220603,0.378568559885025,1.2147935628890991,0.5174741148948669,,,0.49634021520614624,,0.35199084877967834,0.2140001654624939,0.44847947359085083
20220604,0.2580132782459259,2.0767266750335693,0.4670417010784149,,,,,0.4578593969345093,0.31337329745292664,0.2512111961841583
20220605,0.5775697231292725,,,,,,,,,0.2683774530887604
20220606,0.5097505450248718,2.39585542678833,0.8922714591026306,,2.9345436096191406,0.9843907356262207,1.5644270181655884,0.6640557050704956,,0.37399858236312866
20220607,0.41785043478012085,2.4181673526763916,0.7831385135650635,1.4516538381576538,,,,0.6263183951377869,0.3355780839920044,
20220608,0.4925582706928253,1.6882578134536743,0.5622788667678833,1.6388462781906128,,0.8665546774864197,0.9587671160697937,0.8315834999084473,0.30071619153022766,0.180240198969841
20220609,0.5593620538711548,0.6408680081367493,0.3901232182979584,,,,,0.8364353775978088,0.15833209455013275,0.23763775825500488
20220610,0.38957178592681885,,0.5174925327301025,,,0.6956103444099426,0.5963240265846252,,0.2400091141462326,0.23087555170059204
20220611,0.8251737952232361,2.255330801010132,0.8556047677993774,,,0.7105174660682678,,,,
20220612,0.5901638865470886,,,,,,,,0.16982465982437134,
20220613,0.9796990156173706,3.4486429691314697,1.0270226001739502,2.9882724285125732,4.172911643981934,0.876827597618103,0.9996676445007324,,0.25824421644210815,0.28562748432159424
20220614,0.9060421586036682,2.270533561706543,1.3153451681137085,1.8946692943572998,,0.8309038877487183,0.9424409866333008,1.0931296348571777,0.5695705413818359,0.5183447003364563
20220615,0.6426916718482971,1.0012685060501099,0.5953676104545593,,,0.6697070598602295,0.623356282711029,0.5231539607048035,0.3367012143135071,0.9475999474525452
20220616,0.840448796749115,1.7195576429367065,,,1.793049693107605,,,,,0.24916622042655945
20220617,0.7991379499435425,4.1505351066589355,0.9730985760688782,,,1.3176443576812744,,0.9144849181175232,0.7761591672897339,
20220618,2.8855695724487305,3.888807773590088,1.0318622589111328,2.88106632232666,8.226923942565918,1.0758527517318726,1.8408788442611694,0.9385049939155579,0.5454673767089844,0.6658656001091003
20220619,0.5913379788398743,,0.30342671275138855,,,,,,,
20220620,0.3807276785373688,1.6539777517318726,0.4757499098777771,,,,,0.25849321484565735,,0.4324086904525757
20220621,0.7564734816551208,2.44811749458313,,,,,,0.8013132810592651,0.36976704001426697,0.4310856759548187
20220622,1.3830223083496094,9.11445426940918,,,,,,,,
20220623,0.8526820540428162,5.195050239562988,1.0410523414611816,,,1.041664481163025,,,,
20220624,0.3012843132019043,,0.48359400033950806,,,0.6764488816261292,0.6939735412597656,0.6561754941940308,0.29706859588623047,0.7767540216445923
20220625,0.39305076003074646,2.4612250328063965,0.6166437268257141,1.3820785284042358,5.989288330078125,,0.5675314664840698,0.7033972144126892,0.2817542850971222,0.2596857249736786
20220626,0.5657119750976562,2.879575252532959,0.49544858932495117,,,0.523059606552124,0.33112236857414246,,0.27324429154396057,0.2924351692199707
20220627,1.024620532989502,4.824145317077637,2.09767746925354,,8.135594367980957,1.7282658815383911,1.3561526536941528,2.782848834991455,,0.3294408619403839
20220628,0.8437895178794861,4.4694623947143555,1.1822179555892944,3.6449220180511475,10.958197593688965,1.1942975521087646,1.7761870622634888,0.9954089522361755,0.7628723382949829,
20220629,0.43852388858795166,0.9780398011207581,0.520746648311615,0.8699823617935181,2.7416980266571045,0.5647457838058472,0.44291451573371887,0.49785810708999634,0.3281373977661133,
20220630,0.6089858412742615,1.879069447517395,0.6090327501296997,1.7069536447525024,2.310774326324463,0.9087477326393127,0.7644010186195374,0.9080283045768738,0.27262452244758606,3.0454018115997314
20220701,0.8185002207756042,0.5178694128990173,0.4159451723098755,,,,,0.2326209992170334,0.17354507744312286,0.21816156804561615
20220702,0.3553970456123352,2.9550704956054688,0.583173930644989,,,0.44847017526626587,,0.5816713571548462,0.261316180229187,0.22829237580299377
20220703,0.31646281480789185,6.348003387451172,0.42409005761146545,,,,,,,0.1449686586856842
20220704,0.4561198353767395,3.2354865074157715,1.0368820428848267,2.4139881134033203,6.808379173278809,1.0842655897140503,1.208873987197876,0.9142210483551025,0.34854260087013245,0.5863490104675293
20220705,0.7552285194396973,3.0310680866241455,0.8275284767150879,2.0887749195098877,5.579653739929199,0.975216805934906,1.5461158752441406,0.8149404525756836,0.37719622254371643,0.3411317467689514
20220706,0.2972347140312195,3.022085428237915,1.1271544694900513,2.1021552085876465,8.741079330444336,0.7982829213142395,1.0574750900268555,0.9372168183326721,0.40687820315361023,0.7630324363708496
20220707,0.198672816157341,,,,,,,0.7012609839439392,0.17496521770954132,0.29286426305770874
20220708,0.2207925170660019,,0.48883795738220215,,3.8956501483917236,0.6237602829933167,1.2781485319137573,0.8136881589889526,0.6272108554840088,
20220709,0.6114894151687622,1.3566269874572754,0.5743438005447388,,,,,0.6090267300605774,0.3563414216041565,0.269557923078537
20220710,0.6769163608551025,,0.6799765229225159,,,0.7168071866035461,1.1130505800247192,0.9792640209197998,0.45933547616004944,0.8073484897613525
20220711,0.5924405455589294,,0.26775097846984863,,,,,,0.15815633535385132,0.703574538230896
20220712,0.4046507775783539,0.8414592742919922,0.4851021468639374,,,,,0.39575472474098206,0.21294817328453064,0.24298210442066193
20220713,0.2674746513366699,2.900860071182251,0.4861944913864136,,6.275040149688721,1.2831937074661255,1.2957119941711426,0.7883304953575134,0.7562218904495239,0.23925922811031342
20220714,0.8032649159431458,4.391453266143799,0.47953149676322937,2.235311508178711,7.633752822875977,0.4917442202568054,,0.941775918006897,0.28827956318855286,0.22567684948444366
20220715,1.856935739517212,3.089252471923828,0.5150688290596008,,,,3.5941097736358643,,,
20220716,0.3990424871444702,2.422405481338501,0.3172667324542999,1.9404593706130981,,,,0.688909649848938,,0.409292608499527
20220717,0.3781258463859558,0.9038470983505249,0.568253755569458,,2.330723524093628,,,0.45327338576316833,0.3099899888038635,0.24426637589931488
20220718,0.5071718692779541,1.061326503753662,0.9771820306777954,1.551383376121521,2.4841983318328857,0.7255503535270691,,0.7439285516738892,0.2825144827365875,0.23909533023834229
20220719,0.5566555261611938,3.2544431686401367,,,,,,,,2.1051156520843506
20220720,0.9322521090507507,2.1165592670440674,1.0297846794128418,3.2129294872283936,8.259919166564941,1.027759313583374,1.110000729560852,0.9282129406929016,0.43016156554222107,0.6641753315925598
20220721,0.6869330406188965,1.894270658493042,0.963331937789917,2.495610475540161,8.249539375305176,0.8566285967826843,1.34568452835083,0.9558930397033691,0.39054498076438904,0.5920020937919617
20220722,,,,,,,,0.870705783367157,,
20220723,0.6129777431488037,2.7152836322784424,0.6069458723068237,1.7093521356582642,3.821674108505249,0.7656596302986145,0.974661648273468,0.8374120593070984,0.8020367622375488,
20220724,,,,,,,,,,0.7050148844718933
20220725,0.3822615444660187,1.3042439222335815,0.6376551985740662,1.0883105993270874,5.441944599151611,0.6803431510925293,1.2096009254455566,0.548821747303009,0.33381935954093933,
20220726,0.9620261192321777,2.057241201400757,0.2980935573577881,,2.7233686447143555,0.5547224879264832,0.5104331374168396,0.5544476509094238,0.5967705845832825,0.2363048642873764
20220727,0.49827075004577637,2.4442458152770996,0.9704763889312744,,,0.8084204196929932,0.5492734909057617,0.8355841636657715,0.42636993527412415,
20220728,0.5703194737434387,2.461948871612549,0.49412888288497925,,7.71530818939209,,,0.24548381567001343,0.21578533947467804,0.33947473764419556
20220729,0.5860641598701477,0.7234597206115723,0.7360286712646484,,,0.9968501329421997,0.9068543910980225,1.2340033054351807,0.6105028390884399,0.7323260307312012
20220730,,,,,,,,,,1.55122971534729
20220731,0.49559521675109863,1.170938491821289,0.5537634491920471,,,,,0.5266081094741821,,0.2240021824836731
20220801,0.5142251253128052,1.9164543151855469,0.8408891558647156,2.545369863510132,5.935390949249268,0.8361984491348267,0.860716700553894,0.5178058743476868,0.4285926818847656,0.28879308700561523
20220802,,,,,,,,,,0.34913748502731323
20220803,0.5681869983673096,2.408301830291748,1.507969856262207,,,0.7132624387741089,,0.9134091138839722,0.8615939021110535,0.5106935501098633
20220804,0.37929219007492065,2.382187843322754,0.6648442149162292,,,,,,,0.8547791838645935
20220805,0.4498833119869232,1.4471704959869385,0.6012340188026428,1.3794828653335571,4.001556396484375,0.7559623122215271,0.8480064868927002,0.7630397081375122,0.4531782865524292,0.2850840985774994
20220806,0.4472388029098511,1.078689455986023,0.6856608986854553,1.610453486442566,4.550801753997803,0.6170534491539001,1.1811579465866089,1.1776403188705444,0.518142819404602,0.2948918342590332
20220807,0.49780067801475525,1.3688623905181885,0.4970857501029968,,3.713517189025879,0.5610778331756592,0.8778030276298523,0.4527773857116699,0.3468015491962433,0.2803206145763397
20220808,0.7270359396934509,2.0302350521087646,0.46312958002090454,,,,,0.6424851417541504,0.3323313891887665,0.5164448022842407
20220809,,,0.6428936719894409,1.1237186193466187,,,0.40373751521110535,1.0065401792526245,0.43591395020484924,0.6151542067527771
20220810,0.3610675036907196,,,,,,,0.24881523847579956,,
20220811,0.29557496309280396,1.0110565423965454,0.4507962763309479,,,,,,1.0817095041275024,0.4585101306438446
20220812,0.455752968788147,1.3193049430847168,0.4698020815849304,0.6498802900314331,2.962244749069214,0.524641752243042,0.7145432233810425,0.3145458400249481,0.27964773774147034,0.1868632584810257
20220813,0.3547450006008148,1.5384494066238403,0.3706609010696411,,1.9000426530838013,0.5135401487350464,0.6956067681312561,0.48101866245269775,0.29166120290756226,0.5374911427497864
20220814,0.4241461157798767,,0.3104799687862396,,,0.3924857974052429,0.637290358543396,0.48009735345840454,0.6048792004585266,
20220815,0.37837380170822144,1.375714898109436,0.2816145122051239,,,,,0.5034854412078857,0.4182327389717102,0.2544095516204834
20220816,0.6664441227912903,1.6237540245056152,0.44599461555480957,2.405897855758667,4.919740676879883,0.6596212387084961,0.7668759226799011,0.7035216093063354,0.3275551199913025,0.9520551562309265
20220817,,,,,,,,,,
20220818,,,,,,,,,,0.24219191074371338
20220819,0.29709115624427795,1.9709149599075317,,,,,,,,0.9179039597511292
20220820,0.3942131996154785,1.654433250427246,0.44461241364479065,1.6698685884475708,3.6731722354888916,0.7757186889648438,0.9622756838798523,0.6248356103897095,0.7056663632392883,0.5297170877456665
20220821,0.4796431362628937,1.8249435424804688,0.6885111927986145,,,0.24513237178325653,,0.44343096017837524,,0.6591244339942932
20220822,0.1948956549167633,0.6831702589988708,,,,,,,,
20220823,0.228690966963768,1.5174434185028076,0.3525947034358978,0.911345362663269,3.3445885181427,0.4056277573108673,0.8049834966659546,0.4105874300003052,0.29191917181015015,0.3142216205596924
20220824,0.4559335708618164,1.2037626504898071,0.1934644877910614,,,,,,,
20220825,0.3081280291080475,1.23024582862854,0.40340062975883484,1.1018850803375244,4.363349914550781,0.4222967028617859,0.3886580765247345,0.5895556807518005,0.6081458926200867,0.48175686597824097
20220826,0.3345768451690674,0.5453589558601379,0.5120877027511597,0.9310106039047241,,0.5244526863098145,0.6116966605186462,0.47752147912979126,0.3656601905822754,0.19037465751171112
20220827,0.43380630016326904,2.094303607940674,0.8119477033615112,4.156113624572754,3.185696601867676,0.48100826144218445,0.7316270470619202,0.5401700139045715,0.43650317192077637,0.4831327497959137
20220828,0.5507436394691467,2.492647171020508,0.6953059434890747,2.320420265197754,7.365791320800781,0.5478363633155823,1.2281453609466553,0.6022716760635376,0.48092231154441833,0.5355740189552307
20220829,0.2163424789905548,1.7509452104568481,0.23470337688922882,,,,,,,0.38126304745674133
20220830,0.2933744788169861,1.1728861331939697,0.40326350927352905,,,0.9305477142333984,,0.4186677634716034,,
20220831,0.4440707862377167,1.9937187433242798,0.7205329537391663,1.3340877294540405,3.545205593109131,,0.7658358216285706,0.3670554757118225,0.2486647516489029,0.934904932975769
20220901,0.4636952877044678,2.4045236110687256,0.3514367938041687,,5.427188396453857,0.4638330638408661,0.7024133801460266,0.7949651479721069,0.2404300719499588,0.32430991530418396
20220902,0.29363951086997986,,0.302323579788208,,,0.32561877369880676,,0.7012242674827576,0.3140779137611389,0.4256346821784973
20220903,0.4201448857784271,1.6282626390457153,0.27466580271720886,0.8143851161003113,1.874719262123108,0.4773378074169159,,0.5059438943862915,0.3236827850341797,0.35576528310775757
20220904,0.5174984931945801,,,,,0.33903515338897705,0.17353951930999756,,0.14354942739009857,0.379116028547287
20220905,0.6345153450965881,,0.384208083152771,,,,,0.40666213631629944,,0.6514282822608948
20220906,0.6322466135025024,2.781898021697998,0.5928303599357605,2.7870752811431885,9.07790756225586,0.6510814428329468,0.759242057800293,0.6739321947097778,0.29749467968940735,0.6167317032814026
20220907,0.2527836263179779,0.23776736855506897,0.2791743278503418,,,0.3091128170490265,0.340485543012619,,0.3031556308269501,0.5154325366020203
20220908,0.19861379265785217,,,,,,,0.40834569931030273,0.34600311517715454,
20220909,0.3692036271095276,0.7735130786895752,,,,,,,0.21407155692577362,0.3137560188770294
20220910,0.5350362658500671,2.588810920715332,0.28018248081207275,,,,0.49314382672309875,0.42099741101264954,,
20220911,0.6097027659416199,2.436579942703247,0.345781534910202,,,0.36295589804649353,,0.5833017826080322,0.4911184012889862,0.2382408082485199
20220912,0.4409680962562561,2.3616068363189697,0.35115930438041687,2.3299601078033447,6.542270660400391,0.3800364136695862,1.1309003829956055,0.6738919615745544,0.44459691643714905,0.4109327495098114
20220913,0.3357900381088257,1.9273836612701416,0.638755202293396,,,0.39658278226852417,,0.572133481502533,0.30952125787734985,0.444985032081604
20220914,0.32891684770584106,,0.24428242444992065,,,,,,,0.9571002125740051
20220915,0.43009108304977417,,,,,,,,0.43671125173568726,0.3308298587799072
20220916,0.37472057342529297,1.1327532529830933,0.48272833228111267,,,0.46951764822006226,,0.5405951142311096,0.44380447268486023,0.31585490703582764
20220917,0.3379235565662384,,0.5232660174369812,,,0.48882898688316345,1.1001509428024292,0.8138607144355774,0.33333006501197815,0.24668313562870026
20220918,0.3647327423095703,2.08831787109375,0.6416228413581848,1.7166340351104736,3.1993532180786133,0.31498005986213684,0.40702059864997864,0.7389655113220215,0.22371385991573334,0.3535998463630676
20220919,0.30796411633491516,1.9489452838897705,0.45721396803855896,1.8209222555160522,3.3865673542022705,0.5708270072937012,1.3504424095153809,0.5547056198120117,0.2123904526233673,0.28451666235923767
20220920,,,,,,,,,,
20220921,0.4579677879810333,1.5939866304397583,0.47118106484413147,,,0.7379453182220459,,1.0612341165542603,0.7278651595115662,0.7969580888748169
20220922,0.5294956564903259,2.729400873184204,0.44638144969940186,1.2046540975570679,,0.46104878187179565,,,,1.3830339908599854
20220923,0.22204777598381042,0.688871443271637,,,,,,0.23507848381996155,0.35281768441200256,
20220924,0.40414130687713623,2.417123556137085,0.39869576692581177,1.8984590768814087,7.284159183502197,0.6210440993309021,0.8120105266571045,0.667754590511322,0.5299961566925049,0.5292602181434631
20220925,,,,,,,,,,0.7600482106208801
20220926,0.24601233005523682,2.0865535736083984,0.3323696255683899,1.2262765169143677,6.724753379821777,,0.9986793994903564,0.6664166450500488,0.6256582140922546,0.7322307229042053
20220927,0.36755064129829407,1.4142767190933228,0.2353750616312027,1.3671780824661255,2.697728157043457,,,0.6915783882141113,0.5682398080825806,0.44813135266304016
20220928,1.2358660697937012,2.8113958835601807,,1.9367302656173706,2.7910966873168945,,,2.01180100440979,0.6879218816757202,0.27692916989326477
20220929,0.5094349980354309,2.2078306674957275,0.2913629114627838,,,0.6313711404800415,0.3580743372440338,0.5755247473716736,0.5763483643531799,0.5452616810798645
20220930,0.31918615102767944,1.981270432472229,0.27560877799987793,1.440427303314209,1.741125464439392,0.49697646498680115,0.33893805742263794,0.6118611097335815,0.5388439893722534,0.40651971101760864
20221001,0.4266270101070404,1.455267071723938,0.35377001762390137,1.3070310354232788,2.2043814659118652,0.49065765738487244,0.4495290219783783,0.9283751845359802,0.9638916850090027,0.6264493465423584
20221003,,,,,,,,,,0.41391521692276
20221004,0.1211857944726944,,,,,,,,,
20221005,0.29861533641815186,0.9886706471443176,0.4841225743293762,,1.5804177522659302,0.2748508155345917,0.1596037745475769,,,
20221006,0.19206149876117706,,0.2858368158340454,,,0.3254240155220032,0.2218904197216034,0.4390765130519867,0.33865469694137573,0.32902470231056213
20221007,0.2580821216106415,2.6339001655578613,0.3289138376712799,,3.0678839683532715,,,0.365549236536026,0.49684077501296997,0.4141300320625305
20221008,0.452653706073761,1.6476951837539673,0.3476516008377075,,5.493971824645996,0.34605950117111206,0.605209231376648,0.5364034175872803,0.4834398925304413,0.5523266792297363
20221009,0.39635270833969116,2.7711758613586426,0.5492624044418335,4.799868106842041,10.31235408782959,0.265203595161438,0.3434655964374542,0.48768195509910583,0.48745962977409363,0.5131882429122925
20221010,,,0.20620012283325195,,,,,0.4610001742839813,0.5117605328559875,0.7044075131416321
20221011,0.37452131509780884,6.9541778564453125,,,,,,,,0.3783251643180847
20221012,0.22005172073841095,,,,,,,,0.7530440092086792,
20221013,0.2329436093568802,,0.3298369348049164,,0.9608003497123718,0.2578814625740051,0.31781402230262756,0.3949185907840729,0.44046473503112793,
20221014,,0.5322844386100769,0.25806641578674316,,3.4630563259124756,0.31618040800094604,0.4664390981197357,0.5187519788742065,0.42921897768974304,0.37034332752227783
20221015,0.28131550550460815,2.81665301322937,0.4289042353630066,,6.5853776931762695,0.24491573870182037,0.6684595942497253,0.44291967153549194,0.29092761874198914,0.29717037081718445
20221016,0.27323850989341736,1.6700243949890137,0.330129474401474,2.9240927696228027,8.677560806274414,0.4950292706489563,0.5123062133789062,0.4619898200035095,0.3669303357601166,0.7099549174308777
20221017,,,,,,,,0.8732115626335144,0.4963097870349884,0.738277792930603
20221018,0.14822277426719666,0.36819928884506226,0.1981194168329239,,,,,0.4100048542022705,0.48419225215911865,0.873763918876648
20221019,0.5605337619781494,0.9319747090339661,0.4097810685634613,,12.599271774291992,0.2524130940437317,,0.49053433537483215,0.504929780960083,1.3337584733963013
20221020,0.2076154500246048,,0.2458978146314621,,,,,0.6721976399421692,0.514065146446228,1.3664852380752563
20221021,0.37384283542633057,1.003987431526184,0.22711345553398132,,,,,,,0.245256245136261
20221022,0.3769325017929077,,0.2296164333820343,,,,,0.3266853094100952,0.24329158663749695,
20221023,0.1956205666065216,,,,,,,,,
20221024,0.3178263008594513,0.7307752966880798,0.1598401665687561,,,,,,,
20221025,,1.5364995002746582,0.2389468252658844,,,0.22693118453025818,0.2364646941423416,,,2.808276414871216
20221026,0.2391010820865631,,,,,,,,,0.3081218898296356
20221027,0.17254869639873505,2.4550976753234863,0.31124529242515564,,,0.2478647232055664,0.2555381953716278,0.16321390867233276,,
20221028,0.30870023369789124,1.9413812160491943,0.34791362285614014,,,0.3698798418045044,0.44157999753952026,0.36209696531295776,0.26079514622688293,0.2230362594127655
20221029,0.20868761837482452,1.760045051574707,0.33071595430374146,,,0.3721260130405426,0.2499607652425766,0.3012399971485138,0.3677740693092346,0.2805495858192444
20221030,,2.836646318435669,,2.2680492401123047,,0.45194533467292786,0.4607955813407898,0.6685081720352173,0.4778708219528198,
20221031,,,,,,,,,,
20221101,0.2084829956293106,,,,,,,,,
20221102,0.18510743975639343,1.7479664087295532,0.3273114264011383,,,,,,0.20759877562522888,
20221103,0.3486173152923584,1.2160917520523071,0.3387598991394043,1.8920246362686157,2.83439040184021,0.26803141832351685,0.5515281558036804,0.34911879897117615,0.2224789708852768,0.38333141803741455
20221104,0.4445834159851074,1.7256613969802856,0.4840914011001587,,3.1805875301361084,0.5590713024139404,0.4754575490951538,0.5843656063079834,0.23825253546237946,1.3226820230484009
20221105,0.21664951741695404,,,,,,,,0.5450846552848816,0.6791978478431702
20221106,0.24072343111038208,1.6255136728286743,0.31599482893943787,2.592569589614868,3.0731470584869385,0.45981213450431824,0.3372693359851837,0.5102545022964478,0.45491981506347656,1.4269723892211914
20221107,0.21591080725193024,2.366870641708374,0.2931138873100281,3.727475881576538,8.883624076843262,0.3711591958999634,0.3737635910511017,0.5700754523277283,0.3935944139957428,2.1360976696014404
20221108,0.3014979064464569,1.7879725694656372,0.44353634119033813,,4.994978904724121,,0.3221571147441864,0.5638530850410461,0.7430524230003357,1.0371475219726562
20221109,0.3704968988895416,,0.42642325162887573,1.7485730648040771,2.550532341003418,0.525822639465332,,,0.22744111716747284,0.8350991606712341
20221110,,4.223189353942871,,,6.243946552276611,,,,0.8444897532463074,0.35514360666275024
20221111,0.1378605216741562,,0.13951735198497772,,,,,,,
20221112,0.1881442815065384,,,,,,,,,
20221113,0.17370398342609406,1.4000065326690674,0.2689064145088196,,2.320744752883911,0.32406580448150635,0.4733983278274536,0.39803624153137207,0.3735688030719757,0.2595231831073761
20221114,0.15543973445892334,2.612504720687866,0.3480518162250519,,,,,0.2356153130531311,0.2373921275138855,0.22292526066303253
20221115,,2.4263670444488525,0.41043612360954285,,3.0773510932922363,0.462081640958786,0.5871576070785522,0.3727753460407257,0.33135664463043213,0.22240862250328064
20221116,0.5774828195571899,,,,,,,,,0.5581033825874329
20221117,0.23117326200008392,1.7144349813461304,0.4305090606212616,2.1909217834472656,6.189363956451416,0.6862858533859253,0.7459896206855774,0.7207674980163574,0.32387328147888184,0.2778516411781311
20221118,0.26756346225738525,1.5389680862426758,0.3936670422554016,,,,,,3.0089635848999023,1.511148452758789
20221119,0.22240497171878815,0.8350623846054077,0.2925995886325836,,,0.335498183965683,,0.20143400132656097,0.24886809289455414,3.7401230335235596
20221120,,1.556389331817627,0.9003729224205017,,,0.601764976978302,0.6047447323799133,0.2127048224210739,0.23391668498516083,0.24269047379493713
20221121,,,,,,,,,,0.584484875202179
20221122,0.5676167607307434,,,,,,,,,
20221123,0.33312833309173584,1.7515604496002197,0.3480605483055115,,2.5590341091156006,0.22414462268352509,0.8235281705856323,0.33433449268341064,0.1591736227273941,0.25990137457847595
20221124,0.39178648591041565,1.954779863357544,0.4215613603591919,2.1556003093719482,3.1737775802612305,0.5379789471626282,0.9321977496147156,0.7014257311820984,0.32736074924468994,0.3716789484024048
20221125,0.4524873197078705,2.190530776977539,0.423332542181015,2.1330389976501465,3.996799945831299,0.6407804489135742,0.9231393337249756,0.7047865390777588,0.32984891533851624,1.0842413902282715
20221126,,,,,,,,,,
20221127,0.1277024745941162,,,,,,,,,
20221128,0.1463431417942047,1.2659002542495728,,,,,,,,
20221129,0.492232084274292,2.1384811401367188,0.36745914816856384,1.5584588050842285,1.8880188465118408,0.6728243231773376,0.5881966352462769,0.25181636214256287,0.22414693236351013,0.38451313972473145
20221130,0.3736130893230438,2.025892972946167,0.4511560797691345,2.067674160003662,3.0857980251312256,0.6840813755989075,0.6967179775238037,0.33217713236808777,0.20644651353359222,0.3465101718902588
20221201,,2.0925490856170654,0.7915736436843872,2.148224353790283,3.8772144317626953,0.6882849931716919,0.8557679653167725,0.8087752461433411,0.388497918844223,0.5108053088188171
20221202,0.32417032122612,,,,,,,,,1.4020261764526367
20221203,0.24842649698257446,1.852367639541626,0.3574267327785492,1.8278813362121582,7.025793075561523,0.4476819336414337,1.134521245956421,0.861548900604248,0.3956201374530792,0.35438892245292664
20221204,,3.8416614532470703,0.14541421830654144,,,,,,,0.3783651292324066
20221205,0.198238804936409,1.1546145677566528,0.3554406464099884,1.433572769165039,2.863581895828247,0.5583179593086243,0.6365469098091125,0.9897312521934509,0.45418569445610046,
20221206,,,0.27666187286376953,,,0.5062131285667419,0.5939217805862427,0.39407309889793396,0.28076741099357605,0.7630966305732727
20221207,,,,,,,,,,0.49216166138648987
20221208,0.2529800236225128,0.6958141326904297,0.3651477098464966,,,,,,,
20221209,0.30947205424308777,1.9473938941955566,0.41754665970802307,,3.250863552093506,0.6330386996269226,0.7699142098426819,0.8441017270088196,0.36308032274246216,0.2659715712070465
20221210,0.2532646656036377,1.1057286262512207,0.3642166554927826,1.9100449085235596,2.800743579864502,0.611085832118988,0.6081499457359314,1.0864845514297485,,1.0061485767364502
20221211,0.18624521791934967,2.2209744453430176,0.2642843425273895,2.442656993865967,2.622147560119629,,,,,
20221212,,,,,,,,,,0.4695728123188019
20221213,0.15203513205051422,,,,,,,,,
20221214,0.3740549087524414,1.308558464050293,0.22232113778591156,,,,,,0.4048938453197479,
20221215,0.3122979402542114,1.8607220649719238,0.43175068497657776,2.401923418045044,2.6530046463012695,,0.5256300568580627,0.8447105884552002,,0.3019583523273468
20221216,0.35148438811302185,1.7632743120193481,0.4119790196418762,2.5437204837799072,2.7113308906555176,0.6339499950408936,0.5225096344947815,1.0833998918533325,0.38713517785072327,1.311926245689392
20221217,,2.2616381645202637,,2.249171257019043,2.9889943599700928,,0.6043367981910706,1.2273507118225098,0.4807005524635315,0.40257877111434937
20221218,,,,,,,,,,1.1007404327392578
20221219,0.31283479928970337,,,1.787339210510254,3.017465114593506,0.44320040941238403,0.5960805416107178,1.2311136722564697,0.4676956832408905,
20221220,0.27666205167770386,2.0507118701934814,0.30225470662117004,,,,,,,1.6800109148025513
20221221,0.39064809679985046,1.0021984577178955,0.4206383228302002,,1.9140843152999878,0.5205854773521423,0.5141634345054626,0.9604296684265137,0.41871732473373413,
20221222,,1.6583768129348755,0.5602405667304993,2.074988842010498,3.412877321243286,0.8343961238861084,0.4594862461090088,0.5886299014091492,0.19765037298202515,0.3625554144382477
20221223,,,,,,,,,,0.3434812128543854
20221224,0.3295265734195709,1.267212152481079,0.3628094792366028,2.7759313583374023,6.782627582550049,0.8434088230133057,,1.1026421785354614,0.47699353098869324,
20221225,0.25597089529037476,2.5132339000701904,0.404548317193985,2.5163650512695312,6.923340797424316,0.5425307154655457,0.42426741123199463,1.88577401638031,0.33849430084228516,1.0517528057098389
20221226,0.20201201736927032,1.8349385261535645,0.39868640899658203,2.314321994781494,2.559922218322754,0.6668799519538879,0.5319549441337585,1.3515361547470093,0.31906506419181824,0.47634652256965637
20221227,0.4550263583660126,2.014522075653076,0.4180636405944824,1.9327397346496582,2.465834617614746,0.29439786076545715,0.5072381496429443,1.1439850330352783,0.27916449308395386,0.37248125672340393
20221228,,,,,,,,,0.4306192398071289,0.16250374913215637
20221229,0.32669684290885925,,0.23399938642978668,,,,,,,
20221230,0.30952298641204834,1.3846204280853271,0.4038005769252777,2.2733824253082275,3.511683940887451,0.5827822089195251,0.49821144342422485,1.4931312799453735,0.32613062858581543,
20221231,0.30500224232673645,1.8186694383621216,0.39793089032173157,2.4470207691192627,2.682363510131836,0.6057075262069702,0.616222083568573,1.4589940309524536,0.3389296233654022,0.49779000878334045
20230101,0.3603147268295288,1.79145348072052,0.42185792326927185,2.272569179534912,3.8100576400756836,0.6956819295883179,0.4634690582752228,1.3258706331253052,0.3928336799144745,0.4509660303592682
20230102,,,,,,,,0.27560070157051086,0.41600164771080017,0.35909828543663025
20230103,0.08918634802103043,,,,,,,,,0.7437505722045898
20230104,0.4173825681209564,1.2409316301345825,0.501175045967102,,,0.49646154046058655,0.4855627119541168,,0.13255992531776428,
20230105,0.3386651277542114,1.7011271715164185,0.4207136034965515,2.648850917816162,2.942323923110962,0.6189237833023071,0.5407474637031555,0.8021223545074463,0.43178731203079224,0.22255659103393555
20230106,0.42660680413246155,1.6819417476654053,0.4826415777206421,2.4285941123962402,2.5871245861053467,0.8326951265335083,0.5244770050048828,1.3768630027770996,0.41022738814353943,0.8009188175201416
20230107,0.6179878115653992,1.9484363794326782,0.591137707233429,2.4778406620025635,3.1957337856292725,0.8997759819030762,0.6358523368835449,1.5132702589035034,0.4107512831687927,0.4625301957130432
20230108,,,,,,,,,,0.4577508866786957
20230109,0.4015078544616699,0.7321717739105225,0.3789623975753784,,,,,,,
20230110,0.2619912028312683,0.7817862033843994,0.6965548396110535,2.034614086151123,2.209517240524292,0.7386102676391602,0.4921203851699829,1.3426339626312256,1.1033275127410889,0.47158414125442505
20230111,0.3657945394515991,0.5271121263504028,0.49086907505989075,,,0.8165156841278076,0.46562057733535767,0.7910529375076294,0.5054423213005066,0.5353988409042358
20230112,0.7181706428527832,2.0249533653259277,0.5281465649604797,2.774237871170044,3.0813040733337402,0.8312148451805115,0.5556548237800598,1.1585863828659058,0.5102239847183228,0.587163507938385
20230113,,,,,,,,1.130732536315918,0.8408641219139099,0.7716043591499329
20230114,0.2589379847049713,,,,,,,,,0.7232352495193481
20230115,0.30696362257003784,,0.3975077271461487,,,,,0.871324896812439,0.8279818296432495,0.5900446772575378
20230116,0.38399583101272583,1.5589263439178467,0.5436296463012695,3.125746250152588,3.3985934257507324,0.8943799138069153,0.5729935765266418,1.4504839181900024,0.5636129975318909,0.5412612557411194
20230117,,,,,,,,,,0.5273109078407288
20230118,,,,,,,,0.3553827106952667,0.7203408479690552,0.22076058387756348
20230119,0.37528955936431885,,,,,,,,,0.24171148240566254
20230120,0.30503329634666443,,,,,,,,0.8734066486358643,0.104622982442379
20230121,0.4557914137840271,2.4381144046783447,0.5623289942741394,3.668830394744873,3.4158823490142822,1.0413269996643066,0.7972760200500488,1.3043464422225952,0.626985490322113,0.42999327182769775
20230122,0.5065094828605652,2.0154051780700684,0.5666080117225647,2.744582176208496,2.8294241428375244,0.9577462673187256,0.6171568036079407,1.079070806503296,0.45108678936958313,0.2667315900325775
20230123,,,0.16824662685394287,,,,,0.5857603549957275,0.2927302122116089,0.4790533483028412
20230124,0.1314944326877594,,,,,,,,,0.2195989042520523
20230125,0.4699386954307556,2.161212205886841,0.8625335693359375,2.105348825454712,,0.9747392535209656,0.5065767765045166,2.4952614307403564,0.30980193614959717,
20230126,0.38355156779289246,2.272043228149414,1.0054105520248413,2.913703203201294,4.137500762939453,1.0481715202331543,0.5742700695991516,1.187927484512329,0.4396573603153229,0.24046273529529572
20230127,0.5274397730827332,1.3829281330108643,0.5925249457359314,3.04677152633667,2.800605058670044,0.9537885189056396,0.6910222768783569,1.7304620742797852,0.4185880124568939,0.5835167765617371
20230128,,,,,,,,,,
20230129,,,,,,,,,0.46911153197288513,0.16427700221538544
20230130,0.4487058222293854,,0.7632197737693787,,,1.637896180152893,,0.4640495777130127,0.16206379234790802,0.15699562430381775
20230131,0.36130282282829285,2.1062638759613037,0.5615596771240234,2.7479891777038574,5.274612903594971,0.9052228331565857,0.6571771502494812,1.2763690948486328,0.2572058439254761,0.4880613088607788
20230201,0.1885170042514801,2.4244232177734375,0.3313280940055847,,,,,0.44344621896743774,0.3221104145050049,0.15917468070983887
20230202,0.21317997574806213,,0.4008173942565918,,,,,0.26073893904685974,0.2003183513879776,0.11909239739179611
20230203,,,,,,,,1.7404460906982422,0.47278645634651184,0.1805494874715805
20230204,1.3990187644958496,,0.6917886734008789,,,,,,,1.0960538387298584
20230205,0.3461752235889435,2.438627243041992,0.723190426826477,2.6875076293945312,2.8890726566314697,0.8726494312286377,0.7563034892082214,2.485159158706665,0.16415615379810333,0.19713622331619263
20230206,0.3658267855644226,2.865835189819336,0.7630114555358887,3.52313232421875,2.906712770462036,0.9947348237037659,0.6687315702438354,2.25437331199646,0.460893452167511,0.29047101736068726
20230207,0.40442588925361633,2.259359121322632,0.7012142539024353,2.579399585723877,2.472437858581543,0.9265947341918945,0.8339794874191284,1.29728364944458,0.37149304151535034,1.7804988622665405
20230208,0.7326096892356873,2.509214401245117,0.8519515991210938,,,1.1885755062103271,,1.4480582475662231,0.40159016847610474,0.33347854018211365
20230209,0.21281464397907257,,1.062108039855957,,,,0.9140012264251709,1.0067662000656128,0.986508309841156,0.5790177583694458
20230210,,2.316088914871216,0.5629706978797913,2.5474867820739746,3.0642528533935547,0.9232959747314453,0.6484401226043701,0.7999461889266968,0.4497581124305725,1.0860999822616577
20230211,0.31785058975219727,2.366617441177368,0.5361645817756653,2.8061182498931885,3.9522809982299805,0.9219911098480225,0.7121211290359497,1.2091875076293945,,1.3555327653884888
20230212,0.2197027951478958,1.6819289922714233,0.6602208018302917,2.9919209480285645,3.2304587364196777,1.1282724142074585,0.8343746662139893,1.0845743417739868,0.37838083505630493,0.1642267107963562
20230213,0.4940882921218872,2.0907437801361084,0.6000868082046509,2.5362513065338135,2.9555678367614746,1.0472303628921509,0.7293093204498291,1.0763663053512573,0.3466058671474457,0.19885538518428802
20230214,0.2762158215045929,2.3779819011688232,0.8622761368751526,,4.45859956741333,0.97495436668396,0.873098611831665,1.278003215789795,0.4132544696331024,0.42725124955177307
20230215,0.4736965298652649,2.7109858989715576,0.5346897840499878,2.9928791522979736,3.3792450428009033,0.9968363642692566,0.6328656673431396,0.39943766593933105,0.5045958757400513,0.26047492027282715
20230216,0.15494143962860107,3.1058669090270996,0.5920388102531433,,,,,0.6881415247917175,0.168096125125885,
20230217,0.401439368724823,2.59183406829834,0.5999985337257385,3.5225696563720703,5.1122918128967285,1.1013058423995972,0.5433359146118164,1.1277897357940674,0.1656365692615509,0.5942145586013794
20230218,0.39963018894195557,1.9988632202148438,0.5635113716125488,2.2569620609283447,3.2979238033294678,0.9265043139457703,0.6342034339904785,0.8638466596603394,0.3323901891708374,0.7261326909065247
20230219,0.2314808964729309,2.474990129470825,0.7399999499320984,2.6588308811187744,4.016823768615723,1.1022989749908447,0.6733865141868591,1.1715638637542725,0.27905362844467163,0.39910888671875
20230220,0.4342314600944519,1.4283274412155151,0.5654101371765137,,,1.6009753942489624,,,0.4722713232040405,0.5288949012756348
20230221,0.1757783144712448,2.95381236076355,0.6361441612243652,2.440514087677002,6.145795822143555,0.7359268665313721,0.6435309052467346,1.5571223497390747,0.2987093925476074,0.1931493580341339
20230222,0.4300636947154999,4.985208034515381,1.135295033454895,,,0.9974375367164612,,2.3272786140441895,0.4769064486026764,0.5251027941703796
20230223,0.31896060705184937,2.687363862991333,0.6839345693588257,3.4714810848236084,6.365694522857666,1.1734838485717773,0.7379668951034546,1.1185966730117798,0.40553900599479675,0.3667435646057129
20230224,,,0.3071553111076355,,,,0.42723923921585083,0.5103400945663452,0.18408149480819702,0.5971423983573914
20230225,0.34352293610572815,,,,,,,,,0.1149868369102478
20230226,0.45653513073921204,2.8297812938690186,0.5971147418022156,2.599045753479004,4.5732197761535645,1.1492090225219727,0.8646144270896912,0.5462348461151123,0.323688268661499,0.16389252245426178
20230227,0.40596792101860046,1.970359444618225,0.4929344952106476,,,,,0.3888152241706848,0.3343818783760071,
20230228,0.4064837396144867,,0.294075071811676,,,,,,,
20230301,0.638547420501709,2.0301268100738525,0.4890817403793335,2.5554792881011963,2.655395746231079,0.7854457497596741,0.8537080883979797,0.5960703492164612,0.19055688381195068,0.24378858506679535
20230302,0.38604432344436646,2.550964832305908,0.6293216347694397,2.761613368988037,2.8177943229675293,1.2227579355239868,0.7070311307907104,0.5929049253463745,0.27732589840888977,0.11888127028942108
20230303,0.38433870673179626,2.5279009342193604,0.762921929359436,2.7328693866729736,5.091114044189453,1.028847336769104,1.1204373836517334,1.0592517852783203,0.6261430382728577,0.7136416435241699
20230304,0.3754829466342926,1.9925872087478638,0.6145979762077332,2.251101016998291,3.2468018531799316,0.8501786589622498,0.7370544075965881,0.82142174243927,0.4578981399536133,
20230305,0.25547701120376587,,0.23497804999351501,,,,,,,0.20859114825725555
20230306,0.3269704580307007,2.4800150394439697,0.4687218964099884,,,0.5990946292877197,,0.43695297837257385,0.14031626284122467,0.1874024122953415
20230307,,3.213731050491333,,,,,,0.2727121412754059,,
20230308,0.22915592789649963,,0.5044960379600525,,,,,0.44668614864349365,0.36437273025512695,0.5071910619735718
20230309,0.28879401087760925,2.7630841732025146,0.6086270213127136,2.356527090072632,,0.8877917528152466,0.6575556993484497,0.26779574155807495,0.7433691024780273,0.3301306962966919
20230310,0.34982675313949585,2.688023328781128,0.6886666417121887,4.340403079986572,4.065820217132568,1.3031377792358398,0.9482519626617432,0.9265609979629517,0.6333178281784058,1.7247322797775269
20230311,0.2639535963535309,2.2683606147766113,0.7055050730705261,2.7919845581054688,3.1332859992980957,1.0939563512802124,1.1108636856079102,0.8600887060165405,0.3715161681175232,0.7430692315101624
20230312,0.603483259677887,2.3209779262542725,0.6929203867912292,2.759173631668091,3.328876495361328,1.1187679767608643,0.8932778239250183,0.7465717196464539,0.4134152829647064,0.22642795741558075
20230313,0.4457722008228302,2.215205430984497,0.5411922335624695,,,,,0.7991920113563538,0.7497785687446594,0.6237152218818665
20230314,0.4662155508995056,2.220059633255005,0.6058331727981567,2.644418478012085,4.292464256286621,0.9120771288871765,1.1060709953308105,0.994479775428772,0.14917828142642975,0.6234559416770935
20230315,0.2774357497692108,2.7483291625976562,0.784013032913208,2.866912364959717,5.597999095916748,0.8640307784080505,0.9261698126792908,0.7424665689468384,0.6652858853340149,
20230316,0.32914063334465027,2.2160449028015137,0.6268242597579956,3.0350987911224365,3.0568292140960693,1.0001115798950195,0.71720951795578,0.6842359900474548,0.4675556421279907,1.1360903978347778
20230317,0.43681976199150085,2.3935017585754395,0.6987541317939758,3.0214009284973145,4.065225601196289,1.0061098337173462,0.8558903336524963,0.8697983026504517,0.46015220880508423,0.5231598019599915
20230318,0.48704993724823,2.0931475162506104,0.7703990340232849,3.1354901790618896,5.595100402832031,1.207011103630066,0.8706510066986084,1.4548377990722656,0.12320511788129807,0.35630762577056885
20230319,0.6416118144989014,,,,,,0.48227232694625854,0.5092156529426575,1.0701366662979126,
20230320,0.3462879955768585,,0.2673089802265167,,,,,0.289376825094223,0.5460585951805115,0.9659616947174072
20230321,0.6403079628944397,2.062417984008789,0.7549066543579102,2.4201695919036865,2.8086862564086914,1.2419850826263428,,0.8552134037017822,0.4425997734069824,0.09917063266038895
20230322,0.7785347104072571,2.565025806427002,0.8304193019866943,2.9035961627960205,3.6981561183929443,1.1582890748977661,1.551178216934204,0.9624156355857849,0.4299837052822113,0.4638238847255707
20230323,0.3888765573501587,2.647725820541382,0.7626887559890747,2.969074010848999,3.6405868530273438,1.1933221817016602,1.04201078414917,0.7369588613510132,0.601677417755127,0.4560891091823578
20230324,0.29871857166290283,,0.5915842056274414,,,1.16892671585083,,0.9995034337043762,0.6105856895446777,0.4413415193557739
20230325,0.36544039845466614,2.080336332321167,0.5346461534500122,,,0.7266986966133118,,0.5644989609718323,1.0606173276901245,0.43978801369667053
20230326,,,,,,,,,,
20230327,0.4141133725643158,1.3023130893707275,0.5857008099555969,,1.4374721050262451,1.1208120584487915,0.9574029445648193,1.1018714904785156,0.390106737613678,
20230328,0.34446701407432556,1.3133999109268188,0.563427209854126,,1.385677456855774,,,0.6989105343818665,0.4989049434661865,0.28660207986831665
20230329,0.3288971781730652,2.3608131408691406,0.5997119545936584,2.6138954162597656,3.673140525817871,0.8731198906898499,,0.7185425758361816,0.37375327944755554,0.25409814715385437
20230330,0.1769477128982544,1.061517357826233,0.4676993787288666,,,,1.05263090133667,0.4658359885215759,0.5354265570640564,0.26448071002960205
20230331,0.262905478477478,0.9810968637466431,0.4064337909221649,,0.8929551243782043,0.7374067902565002,0.6013797521591187,0.2976827323436737,0.410006046295166,0.13288968801498413
20230401,0.4789140820503235,2.8826699256896973,0.39354461431503296,2.200254440307617,2.934628963470459,1.2046297788619995,,0.36212727427482605,0.5028864145278931,0.21096566319465637
20230402,0.6315105557441711,2.461756467819214,0.7468310594558716,2.772874116897583,4.616105079650879,1.0445075035095215,1.172884225845337,0.8005198836326599,0.3896515369415283,0.34060099720954895
20230403,0.4079197943210602,2.366093635559082,0.8350043296813965,2.802873373031616,4.386112213134766,1.0598526000976562,1.0895963907241821,0.8960816264152527,0.4793779253959656,0.5731810927391052
20230404,0.4433838129043579,2.3051531314849854,0.6586874723434448,2.593522787094116,4.4460248947143555,1.0733435153961182,1.3507733345031738,0.7867234349250793,0.4988176226615906,0.1727704256772995
20230405,,,0.3660658597946167,,3.0733249187469482,0.8403879404067993,1.2572475671768188,0.6353594064712524,0.36414262652397156,0.2715173661708832
20230406,0.6212192177772522,1.4788150787353516,1.1988924741744995,,,1.1170352697372437,,0.7052968740463257,0.9090278148651123,
20230407,0.2809528410434723,,0.7225484848022461,,,1.1099820137023926,0.9078288078308105,0.6423065662384033,0.18111170828342438,
20230408,0.8071464896202087,2.1741528511047363,0.3589487075805664,,,,,0.5374937057495117,0.3101881444454193,0.19645698368549347
20230409,0.48386821150779724,2.089770793914795,0.417157918214798,,,,,0.3818642795085907,0.2229958474636078,0.14713208377361298
20230410,0.30497461557388306,1.4977856874465942,0.5218814015388489,2.135005235671997,2.940662145614624,0.8742746114730835,1.1783170700073242,0.6446923613548279,0.3249622583389282,0.1727459877729416
20230411,0.3371279239654541,,,,,,,,,0.40696150064468384
20230412,0.4581686854362488,2.588707208633423,0.7381432056427002,,,1.3193697929382324,,0.49562034010887146,,0.25133341550827026
20230413,0.6565927267074585,2.279703378677368,0.8236464858055115,2.754647731781006,3.0332353115081787,2.2400765419006348,1.605768084526062,0.7358258366584778,0.28440192341804504,0.4834757447242737
20230414,,,,,,,,,,0.8152145743370056
20230415,0.15512311458587646,1.964732050895691,0.5091550350189209,,,,,0.4176972210407257,0.2980392575263977,0.12555336952209473
20230416,0.4536829888820648,1.7220185995101929,0.9643124938011169,,,0.7181720733642578,1.2771157026290894,0.9010533690452576,0.3347761034965515,0.3375677764415741
20230417,0.471705824136734,2.4873111248016357,0.8473743796348572,3.6127829551696777,5.023075580596924,0.7828056812286377,1.2533234357833862,1.3378182649612427,0.27640867233276367,0.3203003406524658
20230418,0.7871105074882507,2.3418519496917725,0.6856359243392944,2.579266309738159,3.016075372695923,1.004102110862732,0.8924385905265808,1.2857927083969116,1.3524854183197021,0.36255180835723877
20230419,0.4533426761627197,1.8432279825210571,0.6646429300308228,2.242892265319824,2.9775936603546143,0.7378225326538086,,1.5176540613174438,0.13542555272579193,0.5769721865653992
20230420,0.5676488876342773,3.2198262214660645,0.9144083261489868,,,1.7551393508911133,1.064285397529602,2.5189883708953857,0.6353781819343567,0.4291815459728241
20230421,0.6540879011154175,2.250234842300415,0.56217360496521,2.7110190391540527,5.058775424957275,0.7008381485939026,0.8552202582359314,0.6906279921531677,0.25067904591560364,0.24583840370178223
20230422,0.6382527351379395,3.039708137512207,0.8034910559654236,4.300207138061523,8.025659561157227,1.3651044368743896,1.12388014793396,1.2632036209106445,0.6101322174072266,0.13621872663497925
20230423,0.6507124304771423,2.496866464614868,0.8392695784568787,3.2339553833007812,5.608883380889893,1.207680344581604,1.2661367654800415,1.1268579959869385,0.447503924369812,0.7952111959457397
20230424,0.5967299342155457,2.504924774169922,0.7617859244346619,2.9653940200805664,5.738788604736328,1.0952212810516357,1.0920404195785522,0.9592412114143372,0.4288467466831207,0.8588774800300598
20230425,0.6746406555175781,3.4141299724578857,0.9839701652526855,,,0.9620542526245117,,,0.3378045856952667,0.6940900683403015
20230426,,2.282683849334717,0.7552419304847717,,,1.0201120376586914,,0.7408407926559448,,0.5938584804534912
20230427,0.47813913226127625,2.4926302433013916,0.600926399230957,2.70235013961792,4.775596618652344,0.8362072706222534,0.9264493584632874,0.7918979525566101,0.4344211220741272,0.28971970081329346
20230428,0.3345801830291748,,0.6966201663017273,,,2.0110554695129395,0.9448423981666565,0.5135160684585571,0.36748185753822327,0.35279372334480286
20230429,0.5519328713417053,1.8082878589630127,0.596336841583252,1.2991183996200562,3.6630496978759766,0.7392283082008362,0.9526979923248291,0.7875248789787292,0.7694481015205383,0.9287692308425903
20230430,0.3267909288406372,1.585955262184143,0.574994683265686,,,0.47739189863204956,,0.5140931606292725,0.25219637155532837,0.7946420907974243
20230501,0.5185225009918213,,0.6308310031890869,,,,,,,1.4132270812988281
20230502,0.5112698674201965,1.0238980054855347,0.873900294303894,,,0.5415995121002197,,0.8193960189819336,0.20981937646865845,0.9371321201324463
20230503,0.6748327612876892,,0.3603822886943817,,,,,0.6288574934005737,0.4850787818431854,0.35500243306159973
20230504,0.502159833908081,2.607401132583618,0.7378209829330444,,,,,0.43108949065208435,0.09535189718008041,0.20846058428287506
20230505,0.639245331287384,2.9918253421783447,,,,,,,0.16055451333522797,0.22323907911777496
20230506,0.38345298171043396,1.7664843797683716,0.7449615001678467,2.054863214492798,2.861487865447998,0.9642937779426575,1.0134648084640503,0.8059722185134888,0.27517980337142944,0.30962032079696655
20230507,0.6511628031730652,1.5398229360580444,0.7008447051048279,,,0.9146112203598022,0.657739520072937,0.6554938554763794,0.26171544194221497,0.34714940190315247
20230508,1.0506032705307007,2.153827428817749,0.5335273146629333,,2.32627010345459,,,0.8845033049583435,0.41339483857154846,0.25892743468284607
20230509,0.5493714809417725,1.493329644203186,0.48395147919654846,,,0.5354253053665161,,0.7810706496238708,0.1316787302494049,0.38572120666503906
20230510,0.6647034883499146,2.655381202697754,0.8577420115470886,3.0044267177581787,4.30123233795166,1.3215928077697754,1.289239764213562,0.5770841836929321,0.33089131116867065,0.20084935426712036
20230511,0.8992969393730164,2.28049635887146,0.5427910089492798,,,,,1.6955174207687378,0.7145999073982239,0.8565142750740051
20230512,0.4645090103149414,2.4608254432678223,0.6312697529792786,1.5899795293807983,,0.7817479372024536,,0.7473871111869812,0.4641813337802887,0.3335135877132416
20230513,0.6926219463348389,3.6006593704223633,0.947739839553833,4.1070237159729,,2.1780731678009033,1.3584505319595337,2.1397247314453125,0.8040494322776794,0.7025089263916016
20230514,0.602813720703125,4.029680252075195,0.8226756453514099,6.198431015014648,4.852569103240967,2.29109263420105,,1.322120189666748,0.5511382818222046,1.0279803276062012
20230515,0.7210390567779541,2.673576593399048,0.8246504068374634,3.339110851287842,5.36758279800415,1.2355798482894897,1.1203864812850952,1.0708863735198975,0.4869672656059265,1.1073176860809326
20230516,0.5723102688789368,1.7532098293304443,0.494239866733551,1.4670674800872803,2.4023451805114746,0.8848809599876404,0.5658798217773438,0.5973469614982605,0.2803295850753784,0.4976145923137665
20230517,0.28952595591545105,1.0507152080535889,0.5149549841880798,,,,0.6119268536567688,1.1819714307785034,0.5421311259269714,0.4265075623989105
20230518,0.46726253628730774,1.7503472566604614,0.7581816911697388,0.8062613606452942,,0.7361300587654114,0.4500153958797455,0.9443297386169434,0.7048179507255554,0.3943520486354828
20230519,0.36720767617225647,2.0569493770599365,0.6523009538650513,,,1.1825311183929443,,0.6746492981910706,0.6365228891372681,
20230520,0.48198145627975464,1.8446142673492432,0.5438671708106995,,,0.9653810262680054,0.792961597442627,0.7266241908073425,0.5586099624633789,2.610011577606201
20230521,0.19424180686473846,0.973150908946991,0.5437663793563843,1.4705513715744019,3.19802188873291,,,,,0.5199326276779175
20230522,0.23093289136886597,0.6257284283638,0.7219381928443909,,2.3293607234954834,0.804394543170929,0.8109010457992554,,,
20230523,0.8997911214828491,5.366279602050781,,,,,,,,
20230524,,,,,,,,,,0.4125758111476898
20230525,0.2895355224609375,,,2.00736665725708,3.6701037883758545,,0.5621083974838257,,,
20230526,0.2816498279571533,1.5227034091949463,0.41615524888038635,,2.5786051750183105,0.6020649075508118,0.9663718342781067,0.6540290117263794,0.29715898633003235,0.3228481709957123
20230527,0.29781195521354675,1.1420714855194092,0.4504872262477875,1.211257815361023,,0.571708083152771,0.624993085861206,0.9913536906242371,0.5475994944572449,0.3832394778728485
20230528,,,0.642038881778717,,,0.7340835332870483,0.6282833218574524,0.9447495341300964,0.2121703177690506,0.31684035062789917
20230529,0.4100838303565979,1.0215469598770142,0.6536304354667664,,,,0.606483519077301,,,
20230530,0.897256076335907,,,,,,,,,
20230531,1.3923752307891846,2.968977451324463,0.8904012441635132,,,0.8091288208961487,,1.316282033920288,0.48508450388908386,0.8106959462165833
20230601,0.5777860879898071,,,,,,,,,2.1047613620758057
20230602,0.6333743929862976,,0.4361174404621124,,,,,,,1.7068266868591309
20230603,0.6229158639907837,4.893002033233643,,,,,,1.5027953386306763,0.656354546546936,
20230604,,1.3027080297470093,,,,,,,,1.1503925323486328
20230605,0.457388699054718,1.5769133567810059,0.5402816534042358,,,,,0.4584432542324066,0.44134506583213806,0.3477761149406433
20230606,0.8142445683479309,2.761260747909546,0.9537152051925659,3.9029595851898193,10.276007652282715,1.2985069751739502,1.6955064535140991,1.1181302070617676,0.5322903394699097,0.4660227596759796
20230607,0.8559458255767822,2.8146121501922607,0.7871042490005493,2.3144445419311523,5.212887763977051,1.0016149282455444,0.656252920627594,0.8853710293769836,0.5548799633979797,0.2680681645870209
20230608,1.4113861322402954,3.1530120372772217,,,2.751965284347534,,,,,0.6267264485359192
20230609,0.4318334758281708,1.9032859802246094,0.7067330479621887,2.113323926925659,,,1.5181305408477783,0.744819164276123,,
20230610,0.46472853422164917,1.7562397718429565,0.7537965178489685,,3.0778229236602783,1.0984925031661987,,0.5889933109283447,0.31212031841278076,
20230611,0.7310361862182617,1.3664125204086304,0.9362205266952515,,,,0.7381497025489807,0.5326210260391235,0.4098510444164276,0.3973138928413391
20230612,0.5105652213096619,2.853159189224243,0.8240368366241455,2.624293565750122,6.036265850067139,,2.0710365772247314,2.001805305480957,0.5034236907958984,0.8824679255485535
20230613,0.3668033182621002,1.1572893857955933,0.6477963924407959,,,0.7406620383262634,1.0695666074752808,0.7791393995285034,0.4690958559513092,0.6554340124130249
20230614,1.0427042245864868,,1.4119161367416382,,,,,,,0.5958361625671387
20230615,0.7314104437828064,3.0850579738616943,0.6636731624603271,,,,,0.994642972946167,0.6284729838371277,0.2667616903781891
20230616,0.8900249600410461,3.1490039825439453,0.90638267993927,2.440624952316284,3.5210039615631104,1.2244763374328613,1.7420648336410522,0.9352378249168396,0.6735170483589172,0.4398233890533447
20230617,0.47166770696640015,3.050703287124634,0.4231700599193573,,,,,,0.22107723355293274,1.5385258197784424
20230618,0.41797569394111633,2.3656551837921143,0.5240862369537354,1.6216195821762085,3.554088592529297,1.1512477397918701,1.0471845865249634,0.6366533637046814,0.4103860855102539,0.9415400624275208
20230619,0.6119216680526733,,0.8701728582382202,,,0.9741696119308472,1.3092020750045776,1.128296136856079,0.694615364074707,0.37135857343673706
20230620,0.8275335431098938,,0.705143392086029,,,,,,,2.399036169052124
20230621,0.4008118212223053,,,,,,,,,
20230622,0.39744436740875244,1.4947797060012817,,,,,,,,
20230623,0.4331672787666321,1.5986099243164062,0.940327525138855,1.0776817798614502,2.310568332672119,0.8747354745864868,1.1302716732025146,0.6408783197402954,0.29891350865364075,0.3224492073059082
20230624,2.393209934234619,3.285454750061035,,,,,,,,0.41651350259780884
20230625,0.5930832624435425,1.8099572658538818,0.7227369546890259,1.5222666263580322,1.6643449068069458,0.8246560096740723,,1.529300332069397,,
20230626,0.2777703106403351,,1.7040296792984009,,,,,0.7308223843574524,0.3571808636188507,
20230627,0.33322611451148987,,,,,,,,0.32692497968673706,
20230628,0.5444814562797546,1.490218997001648,0.8664224743843079,1.8096715211868286,3.6063480377197266,1.131179690361023,0.9496806859970093,1.1975178718566895,0.24051490426063538,0.3292723596096039
20230629,0.47824326157569885,0.9843202233314514,0.6592977046966553,,,0.636491060256958,,0.6097591519355774,0.3717741370201111,0.16826659440994263
20230630,0.45901721715927124,1.2915629148483276,0.8408119082450867,,,,,0.2462727129459381,,0.17788511514663696
20230701,0.4080062508583069,1.5995466709136963,0.7040823101997375,2.158397912979126,4.2871599197387695,1.184605598449707,0.9118053913116455,0.9936029314994812,0.38318440318107605,
20230702,0.5144259333610535,,,,,,,,,
20230703,0.5256319046020508,,,,,,,,,
20230704,0.6973464488983154,2.2561862468719482,0.9662876725196838,1.291334629058838,2.7726259231567383,0.9301151037216187,0.63435298204422,0.8927916884422302,,
20230705,0.4038572907447815,3.3863844871520996,,,,,,1.9225950241088867,1.1180238723754883,0.3666325509548187
20230706,0.44686004519462585,1.0172162055969238,0.580777645111084,,,,,,,
20230707,0.9382311105728149,2.606285810470581,0.7702192664146423,1.790682077407837,3.009282112121582,0.9713327288627625,0.8994188904762268,1.087889313697815,0.32995033264160156,0.3984108865261078
20230708,0.3719291388988495,1.1151288747787476,0.68235182762146,1.044752836227417,2.99465274810791,0.8291714191436768,,0.6510396003723145,0.3095792233943939,0.3415002226829529
20230709,,1.13540780544281,,,,0.5078043341636658,,0.8243740797042847,,0.4628441333770752
20230710,0.6951675415039062,,0.49671798944473267,,1.5687847137451172,0.5883423089981079,0.4702792763710022,0.5643112659454346,0.29203394055366516,0.1987137496471405
20230711,0.5584409236907959,3.1602377891540527,0.8795273303985596,2.7692906856536865,4.421940326690674,0.992807924747467,1.2598296403884888,0.8705955743789673,0.21654009819030762,
20230712,0.6340885162353516,3.6559133529663086,0.9433456659317017,3.081845760345459,,,,1.3929487466812134,1.4007233381271362,
20230713,0.684955358505249,3.0728600025177,0.9595020413398743,2.4994850158691406,6.420633316040039,1.1368427276611328,1.1845834255218506,1.3284246921539307,,0.390364408493042
20230714,0.6642774343490601,2.5872225761413574,0.8272565603256226,1.6211971044540405,6.3973588943481445,0.9482652544975281,1.2663260698318481,0.9047931432723999,,0.6751610040664673
20230715,0.4159012734889984,0.49268123507499695,0.5915197730064392,,,0.62188321352005,,0.626207172870636,0.4312656819820404,0.25445809960365295
20230716,0.8795354962348938,3.2303035259246826,1.1681803464889526,2.5053038597106934,4.236036777496338,1.6036111116409302,1.7244036197662354,1.1577951908111572,,0.11598563939332962
20230717,0.6165443658828735,3.5438036918640137,0.881527304649353,2.632187843322754,6.7922515869140625,0.8734801411628723,1.3241573572158813,1.008591651916504,1.0591875314712524,1.1568669080734253
20230718,0.7098067402839661,2.009192943572998,0.7818366885185242,,,1.0291482210159302,0.8078238368034363,1.0969618558883667,0.39777451753616333,0.4494268298149109
20230719,0.6016377210617065,2.2650811672210693,0.7547919750213623,,,,2.167192220687866,1.1382555961608887,0.6553667783737183,0.627289354801178
20230720,0.4735291302204132,0.5567775964736938,0.5805426239967346,,1.5890040397644043,0.6405563354492188,0.8054563403129578,0.7748881578445435,0.33784908056259155,0.21659965813159943
20230721,0.38255101442337036,1.9629662036895752,0.5581942796707153,,3.4108359813690186,0.6197085976600647,0.871748149394989,0.6690729260444641,0.34929099678993225,0.45690685510635376
20230722,0.39397597312927246,,0.4969422519207001,,,,,,,0.5255520939826965
20230723,0.468160480260849,1.9896485805511475,,,,,,0.30557695031166077,0.2220875322818756,0.20820003747940063
20230724,0.32458823919296265,1.1656510829925537,0.4483829736709595,1.1416867971420288,1.4614453315734863,0.8412145376205444,0.46354353427886963,0.48180073499679565,0.12405716627836227,0.315888375043869
20230725,0.6376490592956543,2.429143190383911,0.6600290536880493,1.562420129776001,2.5019302368164062,0.8501383066177368,1.0272598266601562,,0.14988590776920319,
20230726,0.4894041419029236,2.0355420112609863,0.6751391887664795,2.071974992752075,4.1478071212768555,0.9249177575111389,1.3103574514389038,0.9694242477416992,0.5888000726699829,
20230727,0.3952353000640869,,0.6874767541885376,,,,,,,1.4913923740386963
20230728,0.3697918951511383,2.6851682662963867,0.46410492062568665,,,0.5721465349197388,,0.6220358610153198,0.32147112488746643,0.7504054307937622
20230729,0.6273764371871948,2.9788119792938232,0.8053197264671326,3.4228620529174805,7.287487030029297,0.9326511025428772,0.9094319343566895,0.826673686504364,0.43242695927619934,0.6039457321166992
20230730,0.45038408041000366,2.4492409229278564,0.5227924585342407,,2.6001129150390625,0.4281560480594635,,0.670166552066803,0.349712997674942,0.2913694679737091
20230731,0.27676329016685486,1.9080475568771362,,,,,,,0.20854932069778442,0.4170045852661133
20230801,0.45034971833229065,2.1457958221435547,0.7238370180130005,,2.930844783782959,0.6618133187294006,1.091536521911621,0.67766934633255,0.8684953451156616,0.4616865813732147
20230802,0.562340497970581,3.3919296264648438,0.7926397919654846,2.7439322471618652,7.47411584854126,0.9901468753814697,0.92789626121521,0.8331852555274963,0.5421881079673767,0.6183179020881653
20230803,,3.0651848316192627,0.9132347106933594,1.896267294883728,7.788389205932617,0.8041433691978455,1.0161776542663574,0.8743664622306824,0.673685610294342,1.8655638694763184
20230804,0.2466973066329956,1.3870065212249756,0.4944464862346649,,2.505837917327881,0.5963733196258545,0.44425898790359497,0.4216090738773346,0.32590991258621216,0.32403722405433655
20230805,0.5256853103637695,0.9298391342163086,0.38278132677078247,0.8965224027633667,0.6603149175643921,0.8535946607589722,0.35936710238456726,0.4782980978488922,0.2951570451259613,0.3465336263179779
20230806,0.7858116626739502,1.597044825553894,0.4349944591522217,,,,,,,0.36112964153289795
20230807,0.45683982968330383,1.4062007665634155,0.6681121587753296,1.8797558546066284,4.604511260986328,1.0599766969680786,1.326159954071045,0.8713274598121643,0.4535421133041382,0.34048381447792053
20230808,0.5653198957443237,3.025482177734375,0.7807416319847107,3.1939711570739746,9.0530424118042,1.016779899597168,1.117080807685852,0.8651319742202759,0.5624194741249084,0.9005455374717712
20230809,1.0038410425186157,1.8566005229949951,0.7987316846847534,1.8227720260620117,5.895219326019287,0.7892889380455017,0.8752810955047607,0.8897423148155212,0.48132723569869995,0.7168540954589844
20230810,1.6631639003753662,1.2243739366531372,0.3455922603607178,,,,0.5719227194786072,,0.19402478635311127,0.255971759557724
20230811,,2.0201475620269775,0.4287232458591461,,,,,,,
20230812,0.21130241453647614,3.8193488121032715,,,,,,,0.3839254379272461,0.37616848945617676
20230813,0.44370555877685547,,0.3404821753501892,,,0.35958635807037354,,0.509700357913971,0.5209841728210449,0.4398542642593384
20230814,0.3067481815814972,1.4990657567977905,0.5652914643287659,2.158304452896118,6.99905252456665,0.8204664587974548,0.5645679235458374,0.8812138438224792,0.43578678369522095,0.5722673535346985
20230815,0.47773706912994385,2.4386849403381348,0.6765225529670715,3.0388550758361816,10.4789457321167,0.7547784447669983,0.9729745388031006,0.8377894163131714,0.414358526468277,0.5928632616996765
20230816,0.31177961826324463,1.4715237617492676,0.34331172704696655,,,0.5049871802330017,0.7473632097244263,1.080125331878662,0.38807573914527893,0.6425044536590576
20230817,0.28335022926330566,,0.48872002959251404,,,,,,0.2477015256881714,0.21579210460186005
20230818,0.3218024671077728,,0.4104205071926117,,,0.5660251975059509,1.2670202255249023,0.6819876432418823,0.315344899892807,0.4985942542552948
20230819,0.3701062798500061,1.1317616701126099,0.4166087210178375,,,,,0.6817171573638916,,0.22214730083942413
20230820,0.3141918182373047,1.3811931610107422,0.35410192608833313,,,,0.5866249799728394,0.6197446584701538,0.20866982638835907,0.6896560192108154
20230821,0.2612091898918152,0.9282246828079224,0.36659446358680725,,,0.575069010257721,0.54820317029953,0.6153780817985535,0.34290629625320435,0.41573622822761536
20230822,0.6195707321166992,0.8804355263710022,0.5416167974472046,,2.182790517807007,0.7589079737663269,0.7744565606117249,0.6447890996932983,0.5274385213851929,0.24407221376895905
20230823,0.5324349999427795,1.8577574491500854,0.543441653251648,,,,,0.6626414060592651,0.7031149864196777,0.4055359363555908
20230824,0.5355468392372131,3.2192442417144775,0.673535168170929,3.747779130935669,7.970746040344238,1.0498462915420532,1.159679889678955,0.8133176565170288,0.529569685459137,0.6606289744377136
20230825,0.5945440530776978,2.7392780780792236,0.6548380255699158,4.206929683685303,7.810721397399902,0.8728747963905334,0.769065797328949,0.8414205312728882,0.5601903796195984,5.361836910247803
20230826,0.31353071331977844,2.1698033809661865,0.5517168641090393,3.9592604637145996,9.54407787322998,0.6869907379150391,0.6735581159591675,0.4360339343547821,0.43968135118484497,0.21166127920150757
20230827,0.485526978969574,1.7895088195800781,0.3943166732788086,,,,,0.5019767880439758,0.39564892649650574,0.5343930721282959
20230828,0.6297584772109985,2.20093035697937,0.5306517481803894,1.1790459156036377,2.9474551677703857,0.7427036166191101,0.6457437872886658,0.9233264923095703,,0.40974000096321106
20230829,0.20581650733947754,,0.40684154629707336,,,,,0.6370967030525208,,
20230830,0.2949643135070801,1.2749093770980835,0.44818317890167236,,,0.31119972467422485,0.46939295530319214,0.4288032352924347,0.33816972374916077,0.28629860281944275
20230831,0.22298280894756317,1.1347365379333496,0.32279565930366516,,2.2186386585235596,0.4661862850189209,0.4415813982486725,0.5298770070075989,0.24952580034732819,0.2941684424877167
20230901,0.31118348240852356,1.8843432664871216,0.15509651601314545,,,0.263155460357666,0.23889711499214172,0.2755299210548401,0.2422674298286438,0.2746623456478119
20230902,0.39556246995925903,1.4487957954406738,0.4334279000759125,1.486401915550232,1.3861215114593506,0.6679837703704834,0.5126104354858398,0.8394873142242432,0.6703945398330688,0.7101930379867554
20230903,0.2695922255516052,2.262495279312134,0.7305207252502441,2.3513264656066895,7.976998805999756,0.8345292806625366,0.652570366859436,0.6406399011611938,0.5649807453155518,0.6314967274665833
20230904,0.337883323431015,2.0816402435302734,0.5271749496459961,2.611143112182617,4.833541393280029,0.5201486945152283,0.67982417345047,0.5751721858978271,0.4875202178955078,0.31174802780151367
20230905,0.3844035565853119,2.2522428035736084,0.4682050347328186,1.4093272686004639,2.974836587905884,0.4922313392162323,0.7275915145874023,0.6848831176757812,0.4966445565223694,0.4209379553794861
20230906,0.3933968245983124,2.0449981689453125,0.44809257984161377,1.786845326423645,5.839739799499512,0.6914989948272705,0.717190682888031,0.6075707674026489,0.3901470899581909,0.4258287250995636
20230907,0.2982625365257263,,,,,,,,,
20230908,0.3880564570426941,2.3972582817077637,0.6583794355392456,,2.6987202167510986,0.5954958200454712,,0.5247998833656311,0.25594955682754517,
20230909,0.4755638539791107,2.062631845474243,0.47452250123023987,1.977881908416748,2.903275966644287,0.391070157289505,1.0811132192611694,0.4504597783088684,0.27662745118141174,0.4362083077430725
20230910,0.5013412237167358,2.017716407775879,0.6290890574455261,3.2944116592407227,4.013503551483154,0.9262225031852722,1.0174469947814941,0.8345913290977478,0.5658345222473145,0.5378982424736023
20230911,0.3821241855621338,1.7937018871307373,0.5503035187721252,2.6175034046173096,4.395930767059326,0.8024640083312988,1.0487205982208252,0.7817192077636719,0.5666590929031372,0.9068389534950256
20230912,0.4827224016189575,1.8460625410079956,0.41215330362319946,1.9159669876098633,3.34366774559021,0.6770066618919373,0.8588892221450806,0.7893710136413574,0.5776365995407104,0.5665833950042725
20230913,0.36354655027389526,1.9274958372116089,0.40228286385536194,1.4108479022979736,2.0502121448516846,0.710946261882782,0.7085147500038147,2.503610849380493,,
20230914,0.27534642815589905,,,,,,,,,
20230915,0.40930062532424927,2.446507453918457,0.5074273943901062,2.6005897521972656,5.969120979309082,0.9665159583091736,0.868571937084198,0.5860281586647034,0.6699984669685364,0.6428551077842712
20230916,0.2937580347061157,2.157792091369629,0.49777501821517944,2.624887704849243,6.819517612457275,0.6719403862953186,0.7268800735473633,0.5078645944595337,0.6051549315452576,0.566699206829071
20230917,,1.454170823097229,0.4031621813774109,2.3097898960113525,4.646000862121582,0.5793411731719971,0.43247538805007935,0.587283194065094,0.4911767244338989,0.5798264145851135
20230918,1.1186108589172363,1.7037845849990845,,,,,,,0.6435964703559875,0.39839982986450195
20230919,0.39049845933914185,2.160041570663452,0.4174177646636963,3.2110795974731445,5.32968807220459,0.8735350966453552,0.9026748538017273,0.4441433846950531,0.5441680550575256,0.3513682186603546
20230920,0.24911826848983765,1.3143715858459473,0.33094432950019836,,,0.6188481450080872,0.5811685919761658,0.2924883961677551,0.3511391282081604,0.254201203584671
20230921,0.3408510088920593,2.148731231689453,0.4162399172782898,2.522663116455078,3.406769037246704,0.8538504838943481,0.8612102270126343,0.5661883354187012,0.501185417175293,0.32687315344810486
20230922,0.33026552200317383,2.1316802501678467,0.3619261085987091,2.963914632797241,5.693554401397705,0.6995804905891418,0.9539649486541748,0.5768893957138062,0.4528515338897705,0.7381961345672607
20230923,0.33834826946258545,2.0213992595672607,0.3283803164958954,1.9748247861862183,4.778568267822266,0.5601735711097717,0.9973947405815125,0.588818371295929,0.4898476004600525,0.4942566752433777
20230924,1.8966701030731201,2.7478365898132324,0.4521709680557251,2.14416241645813,6.339118957519531,0.6816161274909973,0.9180627465248108,0.5532370805740356,0.5522263050079346,0.49432146549224854
20230925,0.5007511973381042,2.382628917694092,0.5563745498657227,2.640139579772949,5.830219268798828,0.7452370524406433,0.8721020221710205,0.5770089030265808,0.7691383361816406,0.6531850695610046
20230926,,2.5360360145568848,0.6364367604255676,2.3344666957855225,6.189473628997803,0.7329671382904053,0.7274931073188782,0.7399098873138428,0.6328432559967041,0.5052976608276367
20230927,0.3222541809082031,2.118180990219116,0.38736793398857117,2.02960467338562,6.128563404083252,0.7603924870491028,0.7656859755516052,0.44092926383018494,0.6498333811759949,0.4072911739349365
20230928,0.40111595392227173,1.4900621175765991,0.3609676659107208,2.4568397998809814,5.835391521453857,0.6159176826477051,0.8472267389297485,0.5263277292251587,0.5509245991706848,0.8379970192909241
20230929,0.3265901803970337,1.6222167015075684,0.38782835006713867,2.286090612411499,2.19046950340271,0.6404460072517395,0.5178812742233276,0.6210731863975525,0.8396438956260681,0.6225290298461914
20230930,0.6053255200386047,2.485511541366577,0.5077794194221497,3.4891819953918457,9.260952949523926,0.9561820030212402,0.9148958921432495,0.4911167323589325,0.5486980080604553,0.48501989245414734
20231002,0.26557186245918274,1.6315454244613647,0.4392520785331726,2.3622751235961914,5.58817720413208,0.7234780192375183,0.6900169253349304,0.42495447397232056,0.49875718355178833,0.5826883912086487
20231003,0.16826267540454865,,0.2492189258337021,,,,,,,0.1963479220867157
20231004,0.26791274547576904,1.7002887725830078,0.3048558235168457,,3.1026930809020996,0.5236448645591736,,0.34164297580718994,0.43374142050743103,0.3933687210083008
20231005,0.34479960799217224,1.880751609802246,0.2789962589740753,,,,,,,
20231006,0.4520643651485443,1.553354024887085,0.30197906494140625,2.2664871215820312,2.95054030418396,0.811004638671875,0.7979291081428528,0.5668753385543823,0.38102418184280396,0.35427919030189514
20231007,0.29660382866859436,2.222440242767334,0.5023889541625977,,,0.982204258441925,0.7635799050331116,0.8374390602111816,0.2635473310947418,0.2761526107788086
20231008,0.3010477125644684,2.1162805557250977,0.283181756734848,1.4133487939834595,,0.6341468095779419,,0.41588783264160156,0.3601042926311493,0.5571597814559937
20231009,0.3422742784023285,2.1800811290740967,0.4117339253425598,2.25116229057312,6.543871879577637,0.49063894152641296,0.5676301121711731,0.6139959096908569,0.3960861265659332,0.5451318025588989
20231010,0.33429795503616333,2.3719913959503174,0.4125669002532959,3.0782244205474854,5.820013523101807,0.743507444858551,0.48396071791648865,0.6626048684120178,0.4637922942638397,0.3433498740196228
20231011,0.19109560549259186,2.812270164489746,1.1181919574737549,,8.622336387634277,,2.236424446105957,0.8979977369308472,0.550548791885376,0.47501078248023987
20231012,0.1457400768995285,3.1784305572509766,,1.6072797775268555,3.4885175228118896,0.5083646178245544,0.7146228551864624,0.5203258991241455,0.3664635717868805,0.2742498815059662
20231013,0.9028279781341553,1.4470847845077515,0.31210997700691223,,,0.4525596797466278,0.6504031419754028,0.2042303830385208,,
20231014,0.5922134518623352,1.1812992095947266,0.20887431502342224,,,0.36567386984825134,0.3868143558502197,,0.2119530290365219,0.2777814567089081
20231015,0.195787250995636,2.181619882583618,0.31408819556236267,,,,,,,0.38462772965431213
20231016,0.731069803237915,1.998116135597229,0.5305224061012268,,3.1516425609588623,0.3558812439441681,0.7760410308837891,0.665821373462677,0.3048234283924103,0.33129480481147766
20231017,0.44541287422180176,2.121155023574829,0.4976331293582916,2.379163980484009,3.701612949371338,0.7436092495918274,0.6231463551521301,0.675876259803772,0.42576172947883606,0.5216236114501953
20231018,0.3610270023345947,2.469102144241333,0.4652366638183594,2.3697147369384766,2.713773727416992,0.7675485610961914,0.4598426818847656,0.6001216173171997,0.4216932952404022,0.49375253915786743
20231019,0.26052555441856384,2.0014379024505615,0.42222732305526733,2.4354958534240723,5.316522121429443,0.5506957769393921,0.3738138675689697,0.4030236601829529,0.2725431025028229,0.3573318421840668
20231020,,,,,,,,,,0.18791335821151733
20231021,0.19832547008991241,2.0097296237945557,0.3244410455226898,,2.5260353088378906,0.4184158146381378,0.3493475317955017,0.35963696241378784,0.3849610388278961,0.16837531328201294
20231022,0.4670697748661041,1.9248160123825073,0.4313538372516632,2.1845321655273438,2.91194486618042,0.7941975593566895,0.6551568508148193,0.565669596195221,,
20231023,,,,,,,,,0.369357705116272,0.3933333456516266
20231024,0.1740921437740326,,0.2483791708946228,,,,,,,
20231025,0.22586728632450104,,0.34763163328170776,,,,,0.3718671202659607,0.34717056155204773,0.2510389983654022
20231026,0.33554476499557495,1.5874086618423462,0.3524682819843292,2.059135675430298,2.659937620162964,0.5057791471481323,0.5072186589241028,0.8278659582138062,0.36396870017051697,0.2774246037006378
20231027,0.423545777797699,1.589891791343689,0.45138826966285706,2.0163068771362305,3.0861575603485107,0.6207220554351807,0.5204042196273804,0.6615005135536194,0.37754154205322266,0.4490529000759125
20231028,0.2633744180202484,,,,,,0.7584068775177002,1.536004662513733,0.37757524847984314,0.3869195282459259
20231029,0.5785512924194336,0.5154281258583069,0.3021605312824249,,,,,,,0.7554279565811157
20231030,0.20863233506679535,1.6358107328414917,0.3033329248428345,,,,,0.3359900414943695,0.24536502361297607,
20231031,0.3068457841873169,1.794357419013977,0.36329934000968933,2.451383113861084,2.8477118015289307,0.6273483037948608,0.5517510771751404,0.6272364854812622,0.2601437270641327,0.2792293131351471
20231101,0.36793452501296997,1.8467670679092407,0.39739134907722473,2.1431796550750732,2.540375232696533,0.612959623336792,0.5460579991340637,0.8483075499534607,0.426818311214447,0.3040952682495117
20231102,,1.6789780855178833,0.45719820261001587,,1.829163670539856,0.6988067626953125,0.4039193391799927,0.8569377660751343,0.49311563372612,
20231103,0.10576965659856796,,,,,,,,,0.2083093672990799
20231104,0.26740187406539917,0.901553213596344,0.3545415997505188,1.78014075756073,1.8234516382217407,0.45146113634109497,0.42799001932144165,0.7850493788719177,0.8218806982040405,
20231105,0.39316675066947937,2.2268755435943604,0.43053892254829407,2.4316563606262207,2.6246724128723145,0.5620772242546082,0.3804444670677185,0.5954747796058655,0.37929585576057434,0.38447505235671997
20231106,0.3710075318813324,2.3012239933013916,0.3528144955635071,2.5255439281463623,3.43707275390625,0.6288992166519165,0.48693856596946716,0.39089903235435486,0.326963871717453,0.3241463005542755
20231107,0.6963122487068176,1.728015422821045,0.42088499665260315,2.2343297004699707,3.138120174407959,0.5933096408843994,0.5735524892807007,0.484968900680542,0.4003233015537262,0.2530152201652527
20231108,,,,,,,,,,0.1850849837064743
20231109,0.29195114970207214,1.0651991367340088,0.30617257952690125,,,0.5507800579071045,,0.44399845600128174,0.3530283570289612,0.469646155834198
20231110,0.30046549439430237,,0.30999696254730225,,,,,,0.478156715631485,0.4645523726940155
20231111,0.3125835955142975,1.9764049053192139,0.32199588418006897,,,,,0.5390008687973022,0.5398216247558594,0.27293893694877625
20231112,0.3080585300922394,2.996274471282959,0.4225679934024811,,,0.48111671209335327,,,0.29989996552467346,0.2350616753101349
20231113,,,,,,,,,0.4578845202922821,0.4961712956428528
20231114,0.3756253719329834,,0.29145684838294983,,,,,,,
20231115,0.43779197335243225,1.9050402641296387,0.38078248500823975,2.2085962295532227,3.522646427154541,0.556315541267395,0.484976589679718,,,0.1403457373380661
20231116,0.2871139645576477,,0.335662305355072,2.3115053176879883,2.562800645828247,0.4935802221298218,0.4778599739074707,0.5263606905937195,0.41859662532806396,0.2599327564239502
20231117,0.3907128870487213,1.805063247680664,0.43434277176856995,2.4649739265441895,2.4791741371154785,0.6098559498786926,0.4912152886390686,0.6245611906051636,0.6994307041168213,0.4245084226131439
20231118,,0.8465799689292908,0.4807973802089691,,,0.6794890761375427,0.38022229075431824,0.5994094014167786,0.5725650787353516,0.4641173779964447
20231119,0.06326701492071152,,,,,,,,,0.21557891368865967
20231120,0.2090262621641159,,,,,,,,0.25800272822380066,
20231121,0.3883858323097229,1.6376162767410278,0.31801703572273254,2.265174150466919,2.677487373352051,0.3683774769306183,0.40872880816459656,0.3699658513069153,0.5760378837585449,0.15945959091186523
20231122,0.46467435359954834,0.876721203327179,0.38741257786750793,1.837619423866272,2.596844434738159,0.5719069242477417,0.5171836018562317,0.5208565592765808,1.079403042793274,0.4206898510456085
20231123,,,0.35483041405677795,,,,,0.2634800672531128,,0.2018119841814041
20231124,,,,,,,,,,0.25813186168670654
20231125,0.41376399993896484,,0.4365063011646271,,,,,,,
20231126,0.3492352068424225,1.4879393577575684,0.2394520491361618,2.696352958679199,,,,0.382049024105072,0.6182550191879272,
20231127,0.2968038320541382,,0.4338192641735077,2.238955497741699,2.183244466781616,0.6077182292938232,0.5369088649749756,0.4516246020793915,0.831433117389679,0.1334296613931656
20231128,0.3035985827445984,,0.39420053362846375,,,,,0.42594006657600403,0.8215824961662292,0.4514043629169464
20231129,,,,,,,,,,
20231130,0.6009519696235657,,,,,,,,,
20231201,0.4064962565898895,0.7527326941490173,0.3820173740386963,,,,,,,
20231202,0.37090402841567993,1.6512730121612549,0.4001835882663727,2.6285996437072754,2.7360706329345703,0.6189060807228088,,0.43683990836143494,1.3826098442077637,0.30309543013572693
20231203,0.6015080809593201,,0.38011837005615234,,1.756996512413025,0.3911450207233429,0.4855178892612457,0.46286541223526,1.3118088245391846,0.3556239902973175
20231204,,2.594099760055542,,2.652916193008423,3.6969122886657715,0.7048943638801575,0.6610336899757385,0.3881013095378876,0.9563080072402954,0.30125027894973755
20231205,,,,,,,,,,0.5506154298782349
20231206,,0.9892680644989014,0.26714450120925903,1.5350432395935059,,0.6113916635513306,,,0.33810630440711975,
20231207,,,,,,,,0.1657264083623886,0.39940348267555237,0.4200909435749054
20231208,,,,,,,,,,
20231209,,,,,,,,,,
20231210,,,,,,,,,,
20231211,0.194398432970047,,,,,,,,,
20231212,0.23971503973007202,1.8913391828536987,0.4712044298648834,,,,,,,
20231213,0.4263027310371399,1.2667180299758911,0.4593430161476135,,,0.5128312110900879,,0.45851200819015503,0.44387418031692505,0.21983268857002258
20231214,0.424368679523468,2.275637149810791,0.5032786130905151,2.6392335891723633,,0.6926290988922119,0.5862228274345398,0.3294489085674286,0.2176765501499176,0.13421064615249634
20231215,,,,,,,,,1.3398394584655762,0.29148927330970764
20231216,0.3445177376270294,,,,,,,,,
20231217,,2.029297113418579,0.3341807723045349,,,0.4579828679561615,,,,0.3213558495044708
20231218,0.2909435033798218,,,,,,,,0.21698005497455597,
20231219,0.44722285866737366,2.144991636276245,0.530021607875824,2.6470048427581787,3.4025940895080566,0.7203496098518372,0.7879512310028076,0.48672419786453247,0.48213669657707214,0.3699831962585449
20231220,,3.337291955947876,,,,,,0.6849144697189331,0.4950147271156311,0.23931659758090973
20231221,,,,,,,,,,0.5695705413818359
20231222,0.3240392208099365,1.3708997964859009,0.32869085669517517,,,,,0.5473929643630981,,
20231223,0.3318888247013092,1.839465618133545,0.45224079489707947,2.7454404830932617,3.768460512161255,0.6285095810890198,0.4436289668083191,0.7324913144111633,0.5428268313407898,0.36053866147994995
20231224,0.3560650646686554,1.7666504383087158,0.3299919664859772,,,0.5756529569625854,,0.6517993807792664,0.2515241801738739,0.24724136292934418
20231225,,2.578763484954834,0.21552400290966034,2.6765851974487305,,0.39444294571876526,,0.2889603078365326,0.12444371730089188,
20231226,0.19012443721294403,,,,,,,,,0.279593288898468
20231227,0.5776711106300354,1.1989376544952393,0.48088353872299194,,,0.49106720089912415,0.5365675091743469,,,
20231228,0.6693289875984192,1.0538173913955688,,,,,,,0.21592488884925842,0.1995914727449417
20231229,0.5831354260444641,2.3701348304748535,0.5692281723022461,2.959822177886963,3.2858011722564697,0.6145637631416321,0.5999353528022766,1.8855469226837158,1.0901784896850586,0.5414707064628601
20231230,0.9949290752410889,2.437326192855835,0.4725129008293152,2.835965394973755,3.235323667526245,0.2992793619632721,0.5441813468933105,1.2536201477050781,0.7205314636230469,0.25902310013771057
20231231,,,,,,,,,1.78533935546875,0.4359295964241028
20240101,0.76847904920578,,,,,,,,,
20240102,,1.8359298706054688,0.5118657350540161,2.8505544662475586,3.3356549739837646,0.53636234998703,0.5679172277450562,1.9981350898742676,2.2864983081817627,1.7102434635162354
20240103,,,,,,,,,1.5395336151123047,
20240104,1.3034471273422241,,0.5291078686714172,,,,,,1.5067490339279175,0.7205991148948669
20240105,,1.7750524282455444,0.727067232131958,2.122347831726074,2.6235482692718506,0.8303111791610718,0.6416457295417786,1.103947401046753,2.1894092559814453,0.570690929889679
20240106,0.7088954448699951,,,,,,,,,0.2121284008026123
20240107,,,0.2674119770526886,2.0612666606903076,3.523937940597534,0.4494817852973938,0.4257223904132843,,,0.21795789897441864
20240108,0.621522068977356,1.9925748109817505,0.45494794845581055,,2.272387742996216,,,0.5154625177383423,1.1175482273101807,
20240109,0.6775959730148315,1.7705962657928467,0.5463638305664062,2.579808473587036,3.328129768371582,0.5857918858528137,0.7334761619567871,0.47122353315353394,1.1425343751907349,0.5305171608924866
20240110,0.7949971556663513,1.9561059474945068,0.586482584476471,2.68534255027771,3.646226167678833,0.6512197852134705,0.765667200088501,0.6691086888313293,0.7627090811729431,0.902357280254364
20240111,0.14174002408981323,,,,,,,,,0.4869016408920288
20240112,0.47861701250076294,2.1605939865112305,0.48554572463035583,2.6934828758239746,5.41963005065918,0.6012440323829651,0.854884684085846,0.5137876868247986,0.27469709515571594,0.3706538677215576
20240113,,2.443948984146118,,,,,,,,
20240114,0.6624732613563538,1.6700729131698608,0.6167479753494263,2.6906325817108154,2.7247769832611084,0.5772580504417419,0.6008951663970947,0.8068145513534546,1.3596593141555786,0.3411806523799896
20240115,1.0310174226760864,1.1813210248947144,0.624355137348175,2.683533191680908,2.8254594802856445,0.6943055987358093,0.7960124015808105,0.7477178573608398,1.1127614974975586,0.4434688985347748
20240116,,,,,,,,,1.8922613859176636,0.3831195831298828
20240117,1.37399423122406,,,,,,,,,
20240118,0.8961879014968872,1.9277650117874146,0.5673472285270691,2.6545779705047607,4.204829692840576,0.6117416620254517,0.7116608023643494,0.6170575618743896,0.940277636051178,
20240119,0.9840710163116455,1.1097614765167236,0.6346023678779602,,,0.5515449643135071,,0.9435911178588867,2.4011824131011963,0.234298974275589
20240120,1.0707999467849731,1.841078281402588,0.5294132232666016,2.6710007190704346,3.4300076961517334,0.6965998411178589,0.5520517826080322,0.620215892791748,1.0602338314056396,0.2378382533788681
20240121,,,,,,,,0.7141311168670654,1.1048601865768433,0.39801865816116333
20240122,1.0997769832611084,,,,,,,,,
20240123,0.8228415846824646,1.8146518468856812,0.5321635007858276,2.0650241374969482,3.2512435913085938,0.5343055725097656,0.53168123960495,0.5111519694328308,1.8688212633132935,1.1434377431869507
20240124,0.187957301735878,,,,,,,0.6259459257125854,2.3125834465026855,0.48080921173095703
20240125,,,,,,,,,,
20240126,,2.595294952392578,0.5299967527389526,,2.2517058849334717,0.3424449563026428,0.7236639857292175,0.47392624616622925,0.5224692821502686,0.30215591192245483
20240127,0.34829825162887573,,,,,,,,,0.8133620619773865
20240128,0.6225951313972473,2.467402935028076,0.6026017665863037,3.475329875946045,7.805652618408203,0.7128002643585205,0.7792043685913086,0.5227161049842834,1.2312346696853638,2.6223342418670654
20240129,0.4158664345741272,2.492628335952759,0.48997607827186584,2.784675359725952,3.9533634185791016,0.5562078952789307,0.5501415133476257,0.4439640939235687,0.5870717763900757,0.44462358951568604
20240130,0.5662354826927185,1.9060478210449219,0.5355072617530823,2.6711812019348145,2.6969964504241943,0.6668341755867004,0.7118692398071289,0.496535062789917,0.6344524621963501,0.41821885108947754
20240131,1.0740149021148682,2.0376436710357666,0.589387834072113,2.7570974826812744,3.2695884704589844,0.7232193350791931,0.7793796062469482,0.5200586915016174,0.520696759223938,0.29227137565612793
20240201,0.1218290776014328,,,,,,,,,0.41922232508659363
20240202,0.8561602234840393,1.4347738027572632,0.541614830493927,,,0.7935440540313721,0.44723591208457947,0.5035008788108826,0.23283636569976807,
20240203,0.6272112131118774,1.6169641017913818,0.49054333567619324,2.605825185775757,3.4962151050567627,0.5899081826210022,0.5339996814727783,0.49548789858818054,1.1307458877563477,0.5258051156997681
20240204,,,,,,,,,,
20240205,0.8481333255767822,1.4975782632827759,0.4627618193626404,2.5723233222961426,3.285703659057617,0.4383757710456848,0.5301827788352966,0.4196940064430237,0.575204610824585,0.23521532118320465
20240206,,3.452821731567383,,2.4825093746185303,3.482863664627075,0.6781409978866577,0.6137347221374512,0.5343930721282959,0.5863999128341675,0.36971086263656616
20240207,1.1114646196365356,,0.5783672332763672,,,,,,,0.4904843270778656
20240208,1.1451412439346313,1.9227204322814941,0.527863085269928,2.5166778564453125,3.392479181289673,0.6117748618125916,0.7099071741104126,0.6015865802764893,0.5934039354324341,0.292817622423172
20240209,1.0708205699920654,2.146554946899414,0.5521360039710999,2.969454526901245,2.770192861557007,0.7028473019599915,0.5520275831222534,0.8931673169136047,0.6009038090705872,0.28480076789855957
20240210,1.0958815813064575,2.017098903656006,0.573749840259552,2.655014753341675,2.402580738067627,0.5637026429176331,0.6942028999328613,0.9948663711547852,0.9218475818634033,0.5087766647338867
20240211,1.4551259279251099,2.294938087463379,0.6317410469055176,,4.023562908172607,0.7659795880317688,0.54706871509552,1.093579649925232,0.647589385509491,0.3753962814807892
20240212,1.4635456800460815,,0.8888688683509827,,,,,2.025949239730835,0.962838888168335,0.5130441188812256
20240213,0.8406825065612793,1.8306537866592407,0.5113415122032166,2.3549461364746094,,0.6804822683334351,0.4937862455844879,0.5618172287940979,0.7837818264961243,
20240214,1.3978267908096313,2.103024959564209,0.6178193092346191,2.514540910720825,2.8362269401550293,0.6229026317596436,0.6373952031135559,0.8304972648620605,1.7982372045516968,0.37282004952430725
20240215,1.1813989877700806,1.9574862718582153,0.6248040199279785,2.7715022563934326,2.4890193939208984,0.6966797113418579,0.7423046827316284,0.7965317368507385,2.420313835144043,0.8651763796806335
20240216,1.9982420206069946,1.9486299753189087,0.6688232421875,2.73846435546875,3.113253116607666,0.7699848413467407,0.6747978925704956,0.8327054381370544,2.323141574859619,0.36747458577156067
20240217,1.8334306478500366,3.1231822967529297,0.7318722605705261,,2.932874917984009,,0.8637819886207581,1.4275981187820435,1.7917168140411377,0.8932160139083862
20240218,1.3550317287445068,2.8118014335632324,0.6423732042312622,2.772683620452881,,0.8288974761962891,0.840861439704895,1.244956135749817,5.274140357971191,0.7909035086631775
20240219,1.3719813823699951,0.9321051836013794,0.5461002588272095,,,0.5262337923049927,,1.2380732297897339,3.548032522201538,2.1423234939575195
20240220,1.1805083751678467,0.8020676970481873,0.5472574830055237,,,,,,,0.2280908077955246
20240221,1.0417404174804688,2.3709664344787598,0.6138618588447571,2.873504161834717,4.64341402053833,0.7883802652359009,0.6029122471809387,0.8991600871086121,1.8629279136657715,0.44524410367012024
20240222,,3.3182871341705322,0.6429793238639832,2.8197455406188965,,0.6042889356613159,,0.7621529698371887,0.6411895155906677,0.44498273730278015
20240223,1.1757593154907227,,0.6227283477783203,,,,,,,
20240224,0.9888482689857483,2.2333760261535645,0.6817516088485718,2.534679412841797,3.351236343383789,0.6985815763473511,0.9368434548377991,0.8703519105911255,2.748990058898926,1.375592589378357
20240225,0.9901737570762634,2.576016664505005,0.6138190627098083,2.9792728424072266,3.58176589012146,,0.64607173204422,,,0.508685290813446
20240226,1.0402154922485352,,0.2829360365867615,,,,,,0.8940767645835876,1.2931420803070068
20240227,1.5327805280685425,2.6302220821380615,0.7403244376182556,3.2439863681793213,4.437544345855713,0.8988021612167358,0.7861213088035583,0.9899349808692932,1.0923309326171875,0.5583321452140808
20240228,0.9037299752235413,,,,,,,,,0.39495137333869934
20240229,0.8870294094085693,2.661811590194702,0.555605411529541,,,0.8951240181922913,,0.6649264097213745,1.3050870895385742,0.531807541847229
20240301,,1.3035094738006592,,2.0213394165039062,2.7621238231658936,0.8636206984519958,0.8106682896614075,0.46291583776474,0.7614092826843262,0.4567597508430481
20240302,0.8597718477249146,1.733214020729065,0.6153262257575989,2.6705195903778076,,0.5143489241600037,,0.5567165017127991,0.9513601064682007,0.35041916370391846
20240303,1.5170912742614746,2.1769392490386963,0.7211564779281616,2.9736154079437256,3.4239821434020996,0.9071695804595947,0.7710942625999451,0.8287885189056396,0.6786072850227356,0.473244309425354
20240304,0.3552221655845642,,,,,,,0.7402644157409668,1.2711238861083984,0.6024649143218994
20240305,0.29271551966667175,4.547609329223633,0.5706709623336792,2.432640552520752,3.9233620166778564,0.7216894030570984,0.7480108737945557,0.8798920512199402,1.298203706741333,0.6192936897277832
20240306,1.2048672437667847,,0.6988611817359924,2.089808225631714,4.848464012145996,0.6345699429512024,0.5873566269874573,0.7287907600402832,1.5616565942764282,0.5884432792663574
20240307,0.7241291403770447,,0.9177305698394775,,,0.7165056467056274,0.745293140411377,0.9714512228965759,1.6634047031402588,0.6686418056488037
20240308,1.539739966392517,2.3273792266845703,0.7184029817581177,2.55730938911438,3.617232322692871,0.8502111434936523,0.7493396997451782,0.9038010835647583,1.4102474451065063,0.7467343807220459
20240309,1.4728515148162842,2.456885814666748,0.745710551738739,2.6988799571990967,3.1683638095855713,0.7860492467880249,0.6546052098274231,1.0032926797866821,1.868062973022461,0.6712636351585388
20240310,2.690150022506714,2.755220413208008,0.7200497388839722,2.9017574787139893,5.968295574188232,0.8374719023704529,0.832334041595459,0.9087017178535461,3.437178134918213,0.9111123085021973
20240311,1.9833588600158691,2.4351820945739746,0.5875849723815918,2.253622055053711,4.945363521575928,0.6857882738113403,0.6261925101280212,0.6809937357902527,3.8319060802459717,0.6370183825492859
20240312,2.8690221309661865,4.418994426727295,,,,,,,,
20240313,,,0.5852652192115784,,,,,,,0.6152809858322144
20240314,3.0253589153289795,3.6956722736358643,,,,,,,2.502600908279419,0.5329471826553345
20240315,1.4481205940246582,,0.8866820931434631,,,0.7297405004501343,0.7916251420974731,0.9285110235214233,2.797849655151367,0.6361987590789795
20240316,2.4108164310455322,,0.8055524230003357,2.3047077655792236,3.038024425506592,0.88026362657547,0.8649116158485413,0.8008277416229248,1.2043671607971191,0.6145572662353516
20240317,1.6270334720611572,2.5628390312194824,1.0035842657089233,2.3740930557250977,1.6647517681121826,0.7559476494789124,0.518173336982727,0.886085569858551,0.6458659768104553,0.49628132581710815
20240318,1.3605117797851562,2.3370108604431152,0.6204904913902283,2.5371665954589844,2.8964738845825195,0.8262841105461121,0.7106809020042419,0.8593683838844299,1.8782556056976318,0.5107285976409912
20240319,0.1605076938867569,,,,,,,,,0.5078045129776001
20240320,2.8296430110931396,3.8705172538757324,,,,,,,,
20240321,1.886333703994751,2.345449209213257,1.0587087869644165,2.5296943187713623,4.537899494171143,0.8625550270080566,1.0184314250946045,1.179372787475586,2.413654088973999,0.7222938537597656
20240322,1.9322136640548706,2.933962106704712,0.846981406211853,2.453418731689453,3.707294225692749,0.8180087804794312,0.9030128121376038,1.2787411212921143,1.9499399662017822,1.163607120513916
20240323,1.6525304317474365,2.393083333969116,0.9465066194534302,2.9285144805908203,2.834554433822632,0.8910205364227295,0.8123604655265808,1.555849552154541,2.0019421577453613,1.5469828844070435
20240324,2.472548484802246,2.3626537322998047,0.9605709910392761,2.8467721939086914,3.0928242206573486,0.9473168849945068,0.8254590630531311,1.092003583908081,,1.238686442375183
20240325,2.0403616428375244,2.4915542602539062,0.8835102319717407,2.975559949874878,3.7139222621917725,0.9088901877403259,0.8628280162811279,1.4276942014694214,0.10061778128147125,1.0255804061889648
20240326,1.9318903684616089,2.69518780708313,0.7430565357208252,2.7207765579223633,3.4899024963378906,0.9181904792785645,0.8905618786811829,1.0972079038619995,0.8156487345695496,0.512801468372345
20240327,2.2791736125946045,2.575305461883545,0.9926433563232422,2.9816172122955322,4.34991455078125,0.7760021090507507,0.7216677069664001,1.3644874095916748,0.5717731714248657,0.41827934980392456
20240328,1.7070958614349365,2.3881092071533203,0.9609912037849426,3.084982395172119,3.0434951782226562,0.8545325398445129,0.7582113742828369,1.4172769784927368,0.8738570213317871,0.3031366765499115
20240329,1.5993684530258179,2.4356634616851807,1.000450611114502,2.8491528034210205,3.587541103363037,0.8701152205467224,0.7001850605010986,1.3457143306732178,0.7734350562095642,0.629488468170166
20240330,1.6456373929977417,2.526038408279419,1.0479278564453125,,,0.9263852834701538,0.8462616205215454,1.421291470527649,0.9326920509338379,0.5829519033432007
20240331,2.158726215362549,1.9700804948806763,0.846011757850647,2.4597578048706055,2.9035699367523193,0.8015692830085754,0.646975040435791,1.1833771467208862,0.8177388906478882,0.7081779837608337
20240401,1.2059451341629028,,0.7299325466156006,,,,,,,
20240402,0.5542318820953369,,0.4837173819541931,,,,,0.3449127972126007,0.2727886140346527,0.2176777869462967
20240403,0.8999390602111816,1.6033848524093628,0.5985316634178162,,,0.7742633819580078,0.7016592025756836,1.1724507808685303,0.744366466999054,0.36304229497909546
20240404,0.9329923987388611,2.435649871826172,0.5699812769889832,3.00053334236145,2.9800233840942383,,0.6918453574180603,1.088787317276001,0.5829897522926331,0.22503851354122162
20240405,1.0226293802261353,1.865187406539917,0.7069330215454102,2.0883800983428955,2.5446057319641113,0.9121181964874268,0.8701683282852173,1.3167246580123901,0.9791610836982727,0.5454698801040649
20240406,1.2750855684280396,2.1016464233398438,0.754448652267456,1.95303475856781,1.9573731422424316,0.7786474823951721,0.5574671626091003,0.6328104138374329,0.49889808893203735,0.29016056656837463
20240407,0.7434753775596619,3.028609037399292,0.5272986888885498,2.3247504234313965,3.1162896156311035,,0.9416066408157349,0.539174497127533,0.5185199975967407,0.34181028604507446
20240408,0.4801389276981354,2.427675724029541,0.6035462021827698,,,,,,,
20240409,0.37200862169265747,1.6323894262313843,0.6537142395973206,,,,,0.624960720539093,0.7827687859535217,0.5310192108154297
20240410,1.1237832307815552,3.1912312507629395,0.28566861152648926,,,,,0.7962562441825867,,0.20771503448486328
20240411,1.1051591634750366,2.326195240020752,0.5168911218643188,,,,0.4318380653858185,0.20201937854290009,0.22787252068519592,0.24304836988449097
20240412,0.9554882645606995,1.9867106676101685,0.7411702871322632,2.6190171241760254,3.186192750930786,1.2041051387786865,0.8446856737136841,,0.6324548721313477,0.29870226979255676
20240413,1.1749510765075684,2.341806650161743,0.7770471572875977,2.579080104827881,3.261775493621826,0.9220256209373474,0.9764490127563477,0.7971040606498718,0.3371182084083557,0.36284857988357544
20240414,0.6517837643623352,2.6095895767211914,0.9914464950561523,3.122408866882324,3.5225162506103516,0.9539081454277039,1.1571589708328247,1.0083093643188477,0.5023871064186096,0.5524797439575195
20240415,1.0138757228851318,2.3169970512390137,0.732868492603302,2.5441763401031494,3.5252230167388916,0.7912935614585876,0.7358415722846985,0.8565491437911987,0.510077714920044,0.4122256338596344
20240416,0.7831315398216248,1.9739749431610107,0.7605941295623779,2.438567876815796,2.546992778778076,0.7921276688575745,0.6793176531791687,0.7480913996696472,,0.46395716071128845
20240417,0.8020423054695129,2.1670572757720947,1.074354648590088,1.5811066627502441,1.7816951274871826,0.9175541400909424,0.7224724292755127,0.8184990882873535,0.4907020628452301,0.24743978679180145
20240418,1.443713665008545,2.338193655014038,0.568561315536499,,,,,,,
20240419,1.4221528768539429,1.7281115055084229,0.769350528717041,1.9252703189849854,2.916297674179077,1.015684723854065,0.6263487935066223,0.9429592490196228,0.6310648322105408,0.47320812940597534
20240420,1.1915091276168823,1.9697365760803223,0.9922131896018982,2.1153106689453125,4.05342960357666,0.9278656840324402,0.9155943989753723,1.070213794708252,0.9975744485855103,1.400522232055664
20240421,0.8804001808166504,1.6502426862716675,0.9573811888694763,1.821722149848938,2.5944406986236572,0.8598853349685669,0.7859259247779846,1.2649980783462524,1.1277538537979126,1.9238916635513306
20240422,1.1067442893981934,2.103978157043457,1.2255935668945312,2.1859662532806396,3.632901430130005,0.8526571393013,0.7887654900550842,1.2070928812026978,0.7488111853599548,0.7336118221282959
20240423,0.3703138530254364,,,,,,,,,
20240424,1.3521208763122559,2.6929423809051514,0.5810353755950928,,,,,0.7860310077667236,0.5598194003105164,0.4371921718120575
20240425,0.928764820098877,1.7878626585006714,0.6314214468002319,2.2162349224090576,2.7812092304229736,0.5718087553977966,0.8494669198989868,0.589752197265625,0.3986636698246002,0.26245155930519104
20240426,1.5951931476593018,2.492806911468506,0.4942748248577118,,2.484821319580078,,,0.5841947197914124,0.33237552642822266,0.22971515357494354
20240427,1.341614842414856,2.2723817825317383,,,,,,0.7931472063064575,1.036068320274353,1.12910795211792
20240428,1.8142383098602295,3.0649256706237793,1.1390907764434814,5.3104939460754395,8.144898414611816,1.4587260484695435,1.0106756687164307,2.7013261318206787,1.3842188119888306,0.6961401700973511
20240429,0.9913669228553772,2.4232780933380127,0.6588448286056519,,,0.5932278037071228,,0.6691404581069946,0.5916730761528015,0.4922960102558136
20240430,1.0512185096740723,2.6199798583984375,0.6871783137321472,2.4495246410369873,3.338508129119873,1.2614002227783203,0.80766761302948,1.6360728740692139,0.25088590383529663,0.2922172248363495
20240501,0.9042806029319763,2.172600746154785,0.593207597732544,2.229867458343506,3.066375255584717,0.6460078954696655,0.8702498078346252,1.3322526216506958,0.362583726644516,0.8500068187713623
20240502,0.8162634372711182,1.384210228919983,0.7633597254753113,1.7771095037460327,1.043847918510437,0.8623274564743042,0.7797835469245911,1.1815561056137085,0.7454667687416077,0.6695932745933533
20240503,1.7993667125701904,4.169888496398926,1.192299246788025,2.824012279510498,5.371126651763916,1.3663238286972046,1.0886660814285278,3.5861895084381104,0.8814118504524231,0.5780749917030334
20240504,1.6357907056808472,2.2858614921569824,0.8726162910461426,2.1401028633117676,4.345128536224365,0.9893597364425659,0.8831248879432678,2.0883288383483887,0.8944867849349976,0.9657684564590454
20240505,1.2442257404327393,2.0299837589263916,0.949339747428894,2.4062492847442627,4.045485973358154,0.9431898593902588,0.769172191619873,1.3640897274017334,0.6879519820213318,0.5481007695198059
20240506,1.0765639543533325,2.073197603225708,0.900874137878418,2.0955183506011963,4.003375053405762,0.8735553026199341,0.8218281269073486,1.5818986892700195,0.9418756365776062,0.6302058696746826
20240507,1.401298999786377,1.897349238395691,0.7687753438949585,1.9622148275375366,4.03670072555542,0.7579666376113892,0.8674737215042114,1.4067585468292236,0.9794914722442627,0.7000486254692078
20240508,2.6453118324279785,1.8432824611663818,2.6526613235473633,1.549978256225586,1.3426927328109741,0.7952284216880798,0.7663202881813049,2.126295566558838,0.8209176063537598,0.8280868530273438
20240509,1.5490683317184448,3.225031614303589,1.1099492311477661,2.7401351928710938,6.887852668762207,0.9445784687995911,0.9864147305488586,1.6134878396987915,2.398043155670166,1.986559271812439
20240510,1.639411449432373,2.347010612487793,0.8984163999557495,2.3302247524261475,3.7364869117736816,0.9312601089477539,0.8443471789360046,1.3819044828414917,0.6291320323944092,0.41182708740234375
20240511,0.9330421686172485,2.9632651805877686,0.7351741194725037,3.0683772563934326,3.194988965988159,0.8461101651191711,0.7400760054588318,0.8014413714408875,0.4864084720611572,0.6545434594154358
20240512,1.4438456296920776,1.659250259399414,0.7750014066696167,1.8685239553451538,2.5908281803131104,0.8771796822547913,0.722653329372406,1.0540918111801147,0.4144147038459778,1.0224454402923584
20240513,1.2268149852752686,2.2904093265533447,0.8993668556213379,,,0.8389491438865662,1.2058961391448975,,,0.2608085870742798
20240514,3.9086010456085205,1.793655514717102,1.9598084688186646,5.127195835113525,10.694430351257324,2.4439923763275146,,3.1406631469726562,2.4766905307769775,0.3148806095123291
20240515,1.974328637123108,3.243009328842163,1.4581190347671509,,,,,,0.27768632769584656,2.691948652267456
20240516,1.365222454071045,3.692319869995117,0.9998613595962524,3.122469902038574,4.019570350646973,1.0420455932617188,1.2709810733795166,1.1033155918121338,0.6047860980033875,1.4283088445663452
20240517,2.0211880207061768,2.6138389110565186,0.7329435348510742,2.6600382328033447,4.60734224319458,0.804448127746582,0.6973637938499451,0.6814273595809937,0.5486645698547363,0.5224151015281677
20240518,2.602726697921753,3.2982168197631836,0.8285540342330933,1.5601328611373901,4.996344566345215,0.6042500734329224,0.7624107003211975,0.9194867610931396,1.354320764541626,0.859944760799408
20240519,1.7422411441802979,2.793170213699341,0.1489630788564682,,,,,0.48025596141815186,,0.24196995794773102
20240520,0.6013477444648743,0.7367116808891296,0.4057765603065491,,2.120183229446411,0.5493491291999817,0.6328943371772766,0.608403742313385,0.7616982460021973,0.4422506093978882
20240521,1.6172316074371338,2.210526704788208,0.599470853805542,,2.912389039993286,,0.4904341995716095,0.42522943019866943,0.736329972743988,0.31271931529045105
20240522,2.478529214859009,2.1117217540740967,1.0158236026763916,2.2355165481567383,4.748269081115723,0.956778347492218,0.90187668800354,1.3654451370239258,0.5076649188995361,0.3117322623729706
20240523,2.1205456256866455,0.8689798712730408,1.2545247077941895,,,,,1.1482807397842407,1.2429333925247192,0.4233022928237915
20240524,4.174561977386475,,,,,,,,,
20240525,1.2101877927780151,3.164825201034546,1.1161473989486694,3.3530547618865967,5.166098117828369,1.1226067543029785,1.085975170135498,1.8658149242401123,0.9114571809768677,1.914061427116394
20240526,1.2418782711029053,3.127206325531006,0.9468103647232056,3.1158478260040283,5.009383678436279,1.0782713890075684,0.840506911277771,1.4716628789901733,0.5652887225151062,1.0971688032150269
20240527,1.1172910928726196,2.7825236320495605,0.8712126016616821,2.817125082015991,4.2426557540893555,0.9914324879646301,0.872855007648468,1.4596365690231323,0.45690715312957764,1.0715137720108032
20240528,1.257629156112671,2.2182061672210693,0.8919554352760315,2.485926628112793,5.4070844650268555,1.1977734565734863,0.8054062724113464,1.5762903690338135,0.5535703897476196,1.0230450630187988
20240529,,1.1609117984771729,2.631347179412842,,,,,,,1.0694303512573242
20240530,1.4344006776809692,2.6770858764648438,0.7538933753967285,1.396188497543335,1.8152920007705688,0.9507910013198853,0.9345306158065796,2.2033891677856445,1.4385782480239868,
20240531,0.8189988136291504,,0.7322776913642883,,,,,1.2959563732147217,0.668666660785675,0.4132550358772278
20240601,0.9775198698043823,2.710855722427368,0.853625476360321,2.4597620964050293,3.076615333557129,1.081344723701477,0.8952171802520752,1.5577927827835083,0.5182530283927917,0.5087648630142212
20240602,,1.992161750793457,1.0404083728790283,2.141521453857422,4.130152225494385,0.9611600637435913,1.0780794620513916,1.8045719861984253,0.5384599566459656,0.28684744238853455
20240603,,,,,,,,,,0.521716833114624
20240604,0.858000636100769,,0.3983028829097748,,,,,,,0.3373635709285736
20240605,1.452890396118164,1.7519971132278442,0.6349372863769531,1.6768975257873535,3.4888827800750732,0.990074634552002,0.8746246695518494,1.3898824453353882,0.238910973072052,
20240606,0.44267040491104126,1.0495576858520508,0.41982993483543396,1.3660708665847778,2.2066895961761475,0.561032772064209,0.466826468706131,1.034623622894287,0.29294198751449585,1.0403906106948853
20240607,0.9645007252693176,1.77158522605896,0.8767614960670471,1.8439301252365112,2.2850964069366455,,,1.5414462089538574,0.8011906147003174,0.41812804341316223
20240608,1.278254508972168,,,,,,,,0.6245693564414978,0.27879711985588074
20240609,,3.1488146781921387,2.393570899963379,,,,,,0.3648774027824402,0.36961936950683594
20240610,2.939929962158203,,,,,,,,,
20240611,0.9283837080001831,2.3947207927703857,0.7496199607849121,2.028451442718506,3.3665671348571777,0.7777425050735474,0.7039504647254944,1.8212939500808716,0.6086295247077942,0.3408752679824829
20240612,,1.1800562143325806,1.1063603162765503,2.229665756225586,2.2042410373687744,,,,0.16000902652740479,0.13639052212238312
20240613,0.258783221244812,,,,,,,0.28536397218704224,0.43400120735168457,
20240614,0.8893105983734131,0.9953563213348389,0.6537950038909912,,,0.26965972781181335,,,,
20240615,1.0655336380004883,0.5788024663925171,0.7090566158294678,,,,,1.1301052570343018,1.7238523960113525,0.4187380075454712
20240616,1.1095548868179321,1.6483343839645386,0.8657481074333191,2.1257355213165283,4.5193891525268555,1.2416380643844604,1.1861157417297363,1.1091209650039673,0.46446555852890015,
20240617,0.22488729655742645,,,,,,,1.2902288436889648,0.7535356283187866,0.9610549211502075
20240618,0.44396185874938965,1.254622220993042,0.4882870316505432,,,,,0.7296261191368103,0.45138147473335266,0.5843421220779419
20240619,1.352792501449585,2.222421407699585,0.7259203195571899,,,,,0.9167177677154541,0.537855327129364,0.9726681709289551
20240620,0.7970775365829468,1.6361936330795288,1.187254548072815,,,2.0386109352111816,1.7233024835586548,5.068869590759277,0.4025173783302307,0.24035736918449402
20240621,0.7377105355262756,1.7245104312896729,0.6378995180130005,,2.939321279525757,,0.539738118648529,0.7226096391677856,0.46405285596847534,0.5233304500579834
20240622,1.0401321649551392,2.4628612995147705,0.6065027117729187,2.4768433570861816,2.9725635051727295,0.944400429725647,0.6597628593444824,1.2636250257492065,0.2579100728034973,
20240623,1.0045305490493774,,0.43026766180992126,,,,0.7862004041671753,,,0.9733728766441345
20240624,,1.462814450263977,0.5144273638725281,,2.32123064994812,,,0.4807920455932617,,0.3113393187522888
20240625,0.7742558717727661,,1.2472927570343018,,,,,,,0.6882288455963135
20240626,0.7669872641563416,3.680222511291504,0.5572083592414856,,,0.6757046580314636,,0.7229104042053223,0.6919410824775696,0.4005184769630432
20240627,1.3236956596374512,3.4768385887145996,1.0458953380584717,2.6238157749176025,3.5043582916259766,0.6648374199867249,,0.8747265338897705,0.6622156500816345,0.2707712948322296
20240628,,,,,,,,,,
20240629,0.3330075442790985,,0.31122714281082153,,,,,0.4180203378200531,0.470459520816803,0.2217201441526413
20240630,0.7225386500358582,0.7740844488143921,0.5299137234687805,,,0.2837863564491272,0.22356785833835602,0.4645555317401886,0.29852986335754395,0.2513373792171478
20240701,0.592815637588501,0.9944782853126526,0.5730118751525879,1.554664969444275,3.71797251701355,0.8764979839324951,,0.8916261196136475,0.5431656241416931,0.3904213011264801
20240702,0.6085740327835083,2.1527445316314697,0.7030925154685974,1.7732131481170654,4.287559986114502,0.7627400159835815,0.6910848617553711,0.8638842105865479,0.49046385288238525,0.20025216042995453
20240703,0.7043721675872803,1.9136216640472412,0.7825479507446289,1.8429882526397705,3.913530111312866,0.8459182977676392,0.8282010555267334,1.0811002254486084,0.4997462332248688,1.010249137878418
20240704,0.6786419749259949,1.6929974555969238,0.35244327783584595,,,,1.1017310619354248,1.0556650161743164,0.5099180340766907,0.24681517481803894
20240705,0.6229891180992126,2.3431875705718994,1.1864161491394043,1.9315991401672363,8.733917236328125,0.8937556147575378,1.1055830717086792,1.0685877799987793,0.5372268557548523,0.720798134803772
20240706,0.6012343168258667,2.9414098262786865,1.955376148223877,2.7440977096557617,8.404668807983398,1.474646806716919,2.252009391784668,1.898045539855957,0.6976041793823242,0.7536642551422119
20240707,0.4907808005809784,,0.24711179733276367,,,,,0.5354440808296204,0.42408493161201477,1.1809759140014648
20240708,0.5472770929336548,0.6073893904685974,0.6751282811164856,,,,,,,
20240709,1.230170488357544,2.5579776763916016,1.0073975324630737,1.3132431507110596,3.2602739334106445,0.7023900151252747,0.73252934217453,1.1993873119354248,0.6525337100028992,0.22710168361663818
20240710,,,,,,,0.7993372082710266,1.0469162464141846,0.6681948304176331,0.8581052422523499
20240711,0.8987256288528442,1.091628909111023,1.87517249584198,,,0.44165316224098206,,0.5123967528343201,,
20240712,0.6929939389228821,1.4626898765563965,0.8091432452201843,,1.9163631200790405,0.6546246409416199,0.5223920345306396,0.7876958847045898,0.4955599009990692,0.7342972755432129
20240713,0.6164004802703857,1.4552435874938965,0.5381032824516296,1.5807617902755737,3.191190242767334,,0.6563346982002258,0.90355384349823,0.5073950886726379,0.34435221552848816
20240714,0.6645117402076721,1.4441832304000854,0.5062828660011292,1.7129377126693726,4.019556045532227,0.4520743489265442,0.5411475896835327,0.8708134293556213,0.45097875595092773,0.4659922122955322
20240715,0.6646178364753723,1.2069796323776245,0.4312763810157776,,,0.47665849328041077,0.5474330186843872,0.71700519323349,0.3240557312965393,0.2584235370159149
20240716,1.3736401796340942,0.8348604440689087,0.45184850692749023,,,,0.31204739212989807,0.5474696755409241,,0.31703445315361023
20240717,0.8809571266174316,1.2736824750900269,0.6638868451118469,,,,,0.4631698429584503,0.5229973196983337,
20240718,,1.632581353187561,2.622466564178467,,,,,,,0.5152681469917297
20240719,0.7859994769096375,,0.3938339948654175,,,,,0.7250331044197083,,
20240720,0.7385434508323669,1.3109163045883179,0.6934790015220642,,2.550802230834961,0.7526199817657471,0.8856953978538513,0.7384482026100159,0.4365215301513672,0.47522908449172974
20240721,1.688891053199768,1.9498008489608765,0.778256893157959,,,0.6426602005958557,0.5633212327957153,,0.20836251974105835,0.20364589989185333
20240722,0.9390283823013306,2.6286544799804688,0.8769710063934326,,,,,,,0.4061565399169922
20240723,0.871489942073822,2.3947720527648926,0.9173990488052368,,,,,0.697973906993866,0.5043808817863464,1.399823546409607
20240724,,2.1975998878479004,,1.1642613410949707,1.9733965396881104,,1.091225028038025,1.2501893043518066,0.6808682084083557,0.32931119203567505
20240725,0.6084122657775879,1.922759771347046,0.6565269231796265,1.2462793588638306,1.6689940690994263,0.8415595293045044,0.951370120048523,0.8012118339538574,0.16268275678157806,0.7046465277671814
20240726,1.032101035118103,1.6667628288269043,0.9685944318771362,1.3206719160079956,2.7332186698913574,0.8700049519538879,1.181805968284607,0.9993674159049988,0.8056836724281311,0.8046746850013733
20240727,0.7378151416778564,1.430664300918579,1.010833978652954,0.7652148008346558,2.1757454872131348,0.7341790795326233,0.8291463851928711,0.6005671620368958,0.2970770299434662,0.23263531923294067
20240728,0.9224740862846375,1.5793342590332031,0.8452455997467041,1.6992117166519165,2.329317569732666,1.1573578119277954,0.9948623776435852,0.8031958937644958,0.4222792088985443,0.34909823536872864
20240729,0.8318653702735901,2.2080228328704834,1.249565839767456,2.2041356563568115,2.554893970489502,1.0789154767990112,0.8274754881858826,0.6745668053627014,,0.3081294596195221
20240730,0.8694835901260376,1.6730198860168457,1.0470914840698242,2.120056390762329,5.134986400604248,0.9162964820861816,0.9082134962081909,0.9853375554084778,0.5256524085998535,0.8560548424720764
20240731,0.9013434648513794,2.0705971717834473,0.8244740962982178,2.4219441413879395,7.485627174377441,0.870799720287323,1.185239315032959,1.0869650840759277,0.5643322467803955,0.9791681170463562
20240801,1.2038992643356323,2.8004953861236572,0.8318530321121216,2.4417455196380615,4.5172953605651855,0.7986042499542236,0.42986032366752625,1.1739765405654907,0.5223670601844788,0.9991655945777893
20240802,0.6674842834472656,,0.5664841532707214,,,,,,,
20240803,0.6315485239028931,2.9861676692962646,0.8795099258422852,1.9151250123977661,7.157804489135742,0.9994019865989685,1.0952428579330444,1.0858604907989502,0.5400331616401672,0.43352654576301575
20240804,,,,,,,,,,0.5404998660087585
20240805,0.5033345818519592,1.3374344110488892,0.5056118965148926,1.609694242477417,5.936393737792969,0.5916128158569336,0.7169778347015381,0.9802203178405762,0.392402321100235,0.6642469763755798
20240806,1.417689561843872,2.537904739379883,0.7509660720825195,1.4004671573638916,8.016019821166992,0.9307774305343628,0.9909103512763977,1.1793254613876343,0.6963537335395813,0.40626001358032227
20240807,2.0225989818573,1.8693931102752686,1.0780271291732788,1.4046721458435059,1.952946424484253,1.5865200757980347,1.0489475727081299,2.288651943206787,1.3368993997573853,0.6537237763404846
20240808,0.9080236554145813,0.7861549258232117,0.5772899985313416,,,1.0401537418365479,0.490961492061615,,,
20240809,0.7190443873405457,3.298567295074463,0.8388418555259705,3.4983789920806885,,1.0379329919815063,0.4757414758205414,2.0731608867645264,,
20240810,0.8315808176994324,1.931058406829834,0.8367297053337097,1.9546493291854858,7.826361179351807,0.834208607673645,0.8486167192459106,0.9696585536003113,0.41305962204933167,0.5453046560287476
20240811,0.9491305351257324,2.630676031112671,0.7529774904251099,1.8192299604415894,9.097465515136719,0.8059148788452148,0.8068966269493103,0.9978441596031189,0.6231003403663635,0.8549525737762451
20240812,1.3989543914794922,2.026536226272583,1.2655704021453857,,,0.4136306941509247,,0.6523386836051941,0.37665310502052307,0.7169870138168335
20240813,0.5351200699806213,2.460939884185791,,,,,,,,2.6921842098236084
20240814,,4.1131696701049805,0.9614059329032898,2.639526844024658,8.934365272521973,0.923241913318634,0.8351293802261353,1.0248544216156006,0.7817188501358032,0.8220701217651367
20240815,1.1882283687591553,1.3148880004882812,0.9310967922210693,,,,,1.1704747676849365,0.5007341504096985,0.9019203186035156
20240816,0.5608951449394226,0.7845854163169861,0.4448021948337555,,1.8490995168685913,0.29444536566734314,0.549264669418335,0.7174397110939026,0.49807974696159363,0.3440795838832855
20240817,0.6513345837593079,1.1580777168273926,0.259015291929245,,,,,0.8114256262779236,0.5384763479232788,0.41253259778022766
20240818,0.8996636867523193,1.77599036693573,0.7510169148445129,,,0.6797950863838196,0.6102450489997864,1.119608759880066,,0.34726524353027344
20240819,0.6229147911071777,,1.0589264631271362,,,,,,0.4968451261520386,0.6202102303504944
20240820,0.4513762295246124,0.8404399156570435,0.46867725253105164,,,0.3452824652194977,0.30608925223350525,0.41986504197120667,,
20240821,0.3000214695930481,,0.39019644260406494,,,0.41031157970428467,0.5790451169013977,0.7185675501823425,0.8092730045318604,0.36953017115592957
20240822,0.7590128779411316,2.8234217166900635,0.7055178284645081,1.2828048467636108,4.406332015991211,0.6146569848060608,0.9105057120323181,0.7967410087585449,0.5791422724723816,0.3026179075241089
20240823,0.8760042786598206,1.6148653030395508,0.7976686954498291,,,,,4.259858131408691,1.769899606704712,
20240824,0.29104098677635193,,0.7015212178230286,,,,,0.9126479625701904,0.72999507188797,0.7730436325073242
20240825,0.6857411861419678,1.4467816352844238,0.5161583423614502,1.8923512697219849,1.5481679439544678,,0.4176536500453949,0.5024659633636475,0.3121214210987091,2.140486240386963
20240826,0.6608493328094482,1.892208218574524,0.7356789112091064,,,0.46229544281959534,0.581656813621521,0.643245279788971,1.126055121421814,0.6681580543518066
20240827,0.7697985172271729,1.539107322692871,0.6632481813430786,1.2687084674835205,3.273794651031494,0.8839232325553894,1.0047428607940674,0.7425528764724731,1.1685446500778198,
20240828,1.7382272481918335,,0.7075873613357544,,,,,,,1.4814693927764893
20240829,0.8420847654342651,2.631113052368164,1.48762845993042,1.197896122932434,,1.0064361095428467,0.6307790875434875,,,0.3884807825088501
20240830,0.4768822193145752,2.107393980026245,0.6461467146873474,,,0.6596218347549438,0.5200237035751343,0.6702504754066467,0.49227020144462585,0.45049479603767395
20240831,0.6696636080741882,1.642471194267273,0.7073025107383728,1.826461911201477,2.9662954807281494,0.7377650141716003,1.538519263267517,0.6250471472740173,0.5335590839385986,0.5055763125419617
20240901,0.857719361782074,1.6704941987991333,0.6012406945228577,,,,,0.6456760764122009,0.3333809971809387,0.696358323097229
20240902,0.8881137371063232,0.9461793303489685,0.6162352561950684,,,,,,0.21938194334506989,1.1546239852905273
20240903,0.689522385597229,1.8180097341537476,0.9526150226593018,1.7111732959747314,3.2333908081054688,1.0941344499588013,1.2542093992233276,1.0810770988464355,0.7533620595932007,
20240904,0.2513071894645691,,,,,,,0.833490252494812,,
20240905,,,,,,1.1564022302627563,,,,
20240906,0.2582263946533203,,,,,,,,,
20240907,0.7707438468933105,2.116410255432129,0.7224786281585693,1.12159264087677,1.6546400785446167,0.576553225517273,1.0277024507522583,0.5642715096473694,0.37535643577575684,0.5888071656227112
20240908,0.9803146123886108,2.229595184326172,0.9640166759490967,,,,,0.6213127970695496,0.3159885108470917,
20240909,1.3040086030960083,2.5868752002716064,0.8305063843727112,,,0.8183172941207886,,0.782492995262146,0.519156277179718,0.512969434261322
20240910,0.6711829304695129,4.057581901550293,0.753345787525177,1.0657212734222412,7.542708396911621,0.6642727851867676,0.5445317625999451,0.9427797198295593,0.7220499515533447,
20240911,0.7199888825416565,1.8190510272979736,0.7156596779823303,1.532714605331421,4.065406322479248,0.783925473690033,0.9756704568862915,0.5590983033180237,0.31694748997688293,0.31732264161109924
20240912,0.7225152850151062,1.1787891387939453,0.5859037041664124,,,0.6088481545448303,0.4210643470287323,0.6571274995803833,0.2537107467651367,2.0417232513427734
20240913,0.9570331573486328,1.1531729698181152,0.9898714423179626,,,,,1.0856471061706543,,
20240914,1.05470609664917,,0.5068488717079163,,,0.8533198833465576,,0.8374200463294983,0.4890882670879364,0.5342073440551758
20240915,0.9115934371948242,2.318392753601074,0.998455822467804,2.2136600017547607,5.1804914474487305,0.8810345530509949,0.7391253709793091,1.3273818492889404,1.0670894384384155,1.0580322742462158
20240916,0.8312373161315918,2.2743706703186035,0.9633750915527344,1.9652881622314453,6.190168380737305,0.7487634420394897,0.6947007775306702,,,0.43154042959213257
20240917,0.601961076259613,2.00106143951416,0.778145968914032,1.8933511972427368,5.9438605308532715,0.6846235394477844,0.7790300250053406,0.9101816415786743,0.8218405246734619,1.1706697940826416
20240918,0.8075498938560486,1.5229408740997314,0.6399001479148865,1.8559269905090332,5.527081489562988,0.6323814988136292,0.7825669050216675,0.8220235109329224,0.6920429468154907,0.6409143805503845
20240919,0.43067213892936707,1.766733169555664,0.34090447425842285,,,,,0.9332319498062134,0.4738738238811493,0.297119677066803
20240920,0.5843467712402344,2.4465136528015137,0.6137747168540955,,2.1976990699768066,0.5183948874473572,0.5916787981987,0.6713974475860596,0.4100823700428009,0.4194958209991455
20240921,0.5252776145935059,1.6543818712234497,0.4489162862300873,,,0.41609835624694824,,0.7331162095069885,1.237079381942749,
20240922,0.7444671988487244,2.4030544757843018,0.615132749080658,2.1741771697998047,4.346639633178711,0.44722408056259155,0.6794421076774597,0.5505224466323853,0.4085412323474884,0.6122086048126221
20240923,,4.183698654174805,,,,,,,0.20704251527786255,
20240924,,,,,,,,,,
20240925,0.2606388330459595,,0.3928229808807373,,,,,0.44295749068260193,0.43118998408317566,0.28958189487457275
20240926,0.6509232521057129,2.178194284439087,0.7699975967407227,2.012422800064087,3.2719013690948486,0.8456864356994629,0.6987735033035278,0.8952943086624146,0.8129419684410095,0.34785565733909607
20240927,0.624862551689148,2.401775360107422,0.7342432737350464,1.9109834432601929,4.982636451721191,0.7529687285423279,0.7507040500640869,0.9210057258605957,0.6923769116401672,0.8601751327514648
20240928,,,,,,,,,,1.146667242050171
20240929,0.8246599435806274,1.464586615562439,0.6983685493469238,,,0.624555230140686,0.2786540389060974,0.6371135711669922,0.4461655616760254,0.3675023317337036
20240930,0.6367204189300537,1.808772087097168,0.5669083595275879,1.237725019454956,3.8336658477783203,0.3994976580142975,0.5521780848503113,0.8459776639938354,0.591253399848938,0.5271514058113098
20241001,0.7042621374130249,2.2282326221466064,0.544569194316864,2.5103015899658203,5.881807804107666,0.6762972474098206,0.6342264413833618,0.7005102038383484,0.6157655119895935,0.5350945591926575
20241002,0.7769981622695923,2.000018358230591,0.6904406547546387,2.6964709758758545,6.906612396240234,0.8070477843284607,0.8183189630508423,0.7325729131698608,0.67729252576828,0.8519039750099182
20241003,,,,,,,,,0.6195775866508484,0.640472412109375
20241004,0.4820167124271393,2.314509868621826,0.2773720324039459,,1.0540660619735718,,,,0.3459269404411316,0.3586733043193817
20241005,0.5734306573867798,,0.5523165464401245,,1.4024075269699097,0.4301764965057373,0.5193673968315125,0.45052289962768555,,
20241007,0.36541616916656494,2.178309440612793,0.5749436616897583,3.0680220127105713,4.791346549987793,0.31408047676086426,0.43254798650741577,0.31936100125312805,0.4953550398349762,0.45513835549354553
20241008,0.4549364745616913,2.1451728343963623,0.6209802031517029,1.5478285551071167,3.4552385807037354,0.6995841264724731,0.7158918976783752,0.6241409182548523,0.5741572380065918,0.44451001286506653
20241009,0.53238844871521,1.9052734375,0.4432992935180664,1.9042943716049194,5.9082770347595215,0.514780580997467,0.6033291816711426,0.5678263306617737,0.5643076300621033,0.6089746356010437
20241010,0.549766480922699,2.037116765975952,0.5191211700439453,2.54610013961792,3.426513433456421,0.8117479085922241,0.585960328578949,1.1268850564956665,0.7667216658592224,0.5910636186599731
20241011,0.2877451479434967,,0.5337939858436584,,,0.8869101405143738,0.541624128818512,0.6635656952857971,0.5300290584564209,0.4407886564731598
20241012,0.4127442240715027,,,,,1.1587435007095337,,1.0198956727981567,0.5956178903579712,0.7182679176330566
20241013,0.2605072557926178,,0.40486031770706177,,,,,,0.3606732189655304,
20241014,0.38001975417137146,1.03904128074646,0.36470723152160645,1.4449875354766846,4.145513534545898,0.5383314490318298,0.3848716914653778,0.5512673854827881,0.5751460194587708,0.7374321222305298
20241015,0.520647406578064,0.996167778968811,0.3633114993572235,,2.3088808059692383,0.39553117752075195,0.22960679233074188,0.4237305819988251,0.42398151755332947,0.5137878656387329
20241016,0.5036569237709045,2.08859920501709,0.4142029285430908,1.8853756189346313,5.556946277618408,0.9319750070571899,0.3566311299800873,0.3770449459552765,0.6290398240089417,0.5158035159111023
20241017,,0.9754957556724548,,2.6220240592956543,,,,,,
20241018,0.14099422097206116,,,,,,,0.3581048250198364,,
20241019,0.3959643840789795,1.1706856489181519,0.40304747223854065,2.423121929168701,4.020512580871582,0.709338366985321,0.4599689245223999,0.41808122396469116,0.40409600734710693,0.8292891383171082
20241020,0.3787399232387543,1.732776403427124,0.39093881845474243,1.3231366872787476,,0.5638493895530701,,0.2180141657590866,0.30021923780441284,0.4430456757545471
20241021,0.4811679720878601,0.9327300190925598,0.39218953251838684,,,,,0.4866466522216797,0.38715192675590515,0.5798764228820801
20241022,0.45038312673568726,,0.31207868456840515,,,,,0.6306045651435852,0.41454774141311646,0.3322710692882538
20241023,,2.10276198387146,0.6032975316047668,2.3750040531158447,3.913154125213623,0.28499850630760193,0.6139896512031555,,0.2230520099401474,0.39792370796203613
20241024,0.37713727355003357,,,,,,,,,0.5323139429092407
20241025,0.38414397835731506,1.6477251052856445,0.30722761154174805,,1.1186254024505615,0.5144417881965637,,0.45204079151153564,0.3608751595020294,0.44557884335517883
20241026,0.13121184706687927,,,,,,,,,0.6038804054260254
20241027,0.4388994872570038,1.8215227127075195,0.4368947148323059,2.001537561416626,3.5810554027557373,0.6829221248626709,0.413456529378891,0.3238953649997711,0.37288716435432434,0.33833765983581543
20241028,0.63297039270401,1.8311176300048828,0.527285635471344,1.926409125328064,4.070401191711426,0.6166645884513855,0.4400939345359802,0.5828754305839539,0.4209528863430023,0.5554946064949036
20241029,0.2235105335712433,,0.34557977318763733,,,,1.134041428565979,0.7693356871604919,0.46560341119766235,0.5510626435279846
20241030,0.2528643310070038,1.0057647228240967,0.33713608980178833,,,0.2734212577342987,,0.33182623982429504,0.3210248351097107,1.2936420440673828
20241031,0.46896710991859436,0.9891731142997742,0.34024137258529663,1.7871416807174683,2.5436208248138428,0.4457157552242279,0.314592182636261,0.37600862979888916,0.22494809329509735,0.24707627296447754
20241101,0.42654916644096375,1.3586761951446533,0.3999226689338684,2.0440237522125244,2.568876028060913,0.5878072381019592,0.41669726371765137,0.5299133658409119,0.33849385380744934,0.33456170558929443
20241102,,,,,,,,,,
20241103,,,,,2.1426031589508057,,0.6261801719665527,0.5771594643592834,0.41139844059944153,0.40839695930480957
20241104,0.31219401955604553,0.4566548764705658,0.3276425898075104,,,0.37748777866363525,,0.2670762836933136,,0.5454064011573792
20241105,0.3263949751853943,0.4050820767879486,0.2618471384048462,,,,,,0.17591971158981323,0.43072476983070374
20241106,0.8685938715934753,1.3874222040176392,0.3858897089958191,,,0.3810126781463623,0.26749473810195923,0.3772751986980438,0.25004321336746216,0.2324848175048828
20241107,0.3916083872318268,1.5439684391021729,0.3980432450771332,2.0071699619293213,2.2886593341827393,0.5347719788551331,0.45734718441963196,0.35982877016067505,0.26628831028938293,0.24682234227657318
20241108,,2.203277349472046,0.5912764668464661,2.0540199279785156,3.1502652168273926,0.5613424181938171,0.6125143766403198,0.44944921135902405,0.3243178427219391,0.2741304337978363
20241109,0.24863755702972412,,,,,,,,,
20241110,0.1849614381790161,1.284329891204834,0.3927558958530426,1.1763410568237305,,0.5086637735366821,0.3320038318634033,0.364958792924881,0.2316334843635559,0.4964202642440796
20241111,0.24717111885547638,,0.3858492374420166,,,,,0.5128619074821472,0.3126029968261719,0.2845630943775177
20241112,0.13007958233356476,1.1859314441680908,0.3964522182941437,1.0238499641418457,3.316899538040161,0.36467939615249634,0.36947110295295715,0.4906935393810272,0.4041410982608795,0.22267337143421173
20241113,0.5366661548614502,1.6714181900024414,0.3908860683441162,,2.377516031265259,0.5062843561172485,0.4879400432109833,0.4858799874782562,0.3963751792907715,0.3300229012966156
20241114,0.18084700405597687,,,,,,,,,0.5513020157814026
20241115,0.22964850068092346,2.000974416732788,0.3273927867412567,,,,,0.2179943025112152,0.3307662904262543,0.5937851071357727
20241116,,,,,,,,,,
20241117,0.3126196563243866,1.4616780281066895,0.35135501623153687,1.9687509536743164,2.7309787273406982,0.5493793487548828,0.5313688516616821,0.3977084457874298,0.3102585971355438,0.29317930340766907
20241118,0.9367450475692749,1.8072779178619385,0.5073573589324951,1.9923553466796875,2.592717409133911,0.7845426201820374,0.4650978744029999,0.4040062129497528,0.21525877714157104,0.35236504673957825
20241119,,,,,,,,1.1878037452697754,0.7903621792793274,0.9172330498695374
20241120,0.3916228115558624,,0.369673490524292,,,,,,,1.0305389165878296
20241121,0.2561550438404083,,,,,,,0.3124026656150818,0.4328932464122772,0.45817840099334717
20241122,,,,,,,,,,0.35537734627723694
20241123,0.09152789413928986,,,,,,,,,
20241124,,,,,,,,,,
20241125,0.3421924114227295,,,,,,,,,
20241126,0.10115130990743637,,,,,,,,0.39780426025390625,0.7993554472923279
20241127,0.2093338668346405,,0.21874286234378815,,,0.2904585003852844,0.26746776700019836,0.35148298740386963,0.24084553122520447,0.1533282995223999
20241128,0.483172208070755,1.5385775566101074,,,,,,,,0.3954886198043823
20241129,0.3517574965953827,1.612046480178833,0.4687241315841675,2.1152522563934326,3.611402988433838,0.6393646597862244,0.5657833218574524,0.49629074335098267,0.38466259837150574,0.6092596650123596
20241130,,,,,,,,,,
20241201,0.40975597500801086,1.6138304471969604,0.4268370270729065,,,,,0.3713080883026123,,
20241202,0.40482649207115173,,,,,,,,0.15790210664272308,0.29243412613868713
20241203,0.3131798207759857,1.6610527038574219,0.41681987047195435,2.2319414615631104,2.2758336067199707,0.5091578960418701,0.5393972396850586,0.3875943124294281,0.2496764063835144,0.23848602175712585
20241204,0.5427539348602295,2.0180118083953857,0.5242104530334473,2.3593192100524902,3.67228627204895,0.7016690969467163,0.5506729483604431,0.40476301312446594,0.28725600242614746,0.3112023174762726
20241205,,,,,,,,0.4820205271244049,0.2610432207584381,0.3096679449081421
20241206,0.25194621086120605,,0.26517659425735474,,,,,,,
20241207,0.22551308572292328,1.7993015050888062,0.3894609212875366,1.7693958282470703,2.7448036670684814,0.21096591651439667,0.1435149759054184,0.21678252518177032,0.11528994143009186,
20241208,0.13233157992362976,,0.3326229155063629,,,0.518945574760437,0.4127328097820282,0.3709273636341095,0.2906821668148041,0.525183379650116
20241209,0.24761323630809784,1.13679838180542,0.44574403762817383,2.2700233459472656,3.2237298488616943,0.6953533887863159,0.5598109364509583,0.3876945376396179,0.1664474606513977,0.36869069933891296
20241210,,,,2.2313358783721924,4.623010635375977,0.2876724600791931,0.6250039339065552,0.6050454378128052,0.30182650685310364,0.22829711437225342
20241211,0.15458443760871887,,,,,,,,,0.5234741568565369
20241212,0.2518070936203003,1.51784348487854,0.38721269369125366,1.9945001602172852,3.6684460639953613,0.5074446201324463,0.44769760966300964,0.40995296835899353,,
20241213,0.3945726752281189,1.7675604820251465,0.38809749484062195,2.553086042404175,3.435624361038208,0.6387942433357239,0.3820774555206299,0.4007830321788788,0.18753530085086823,0.468364953994751
20241214,,,,,,,,0.2825166583061218,,
20241215,,1.66654372215271,0.4794759452342987,,,0.21799339354038239,0.30480489134788513,0.4407406449317932,0.2592988908290863,0.2960447371006012
20241216,,,,,,,,,,0.21182183921337128
20241217,0.3429498076438904,,0.3466581404209137,,,,,,,
20241218,0.2983975112438202,2.124873161315918,0.45754387974739075,2.350398063659668,3.0655806064605713,0.680527925491333,0.4903755187988281,0.4355742633342743,0.2602921426296234,0.21772824227809906
20241219,0.4097228944301605,1.8936634063720703,0.4385020434856415,2.465036392211914,2.8862130641937256,0.7198053002357483,0.7741158604621887,0.4237046241760254,0.2612382173538208,0.3248336911201477
20241220,0.4215087890625,2.1575560569763184,0.482204794883728,2.4946725368499756,3.002835750579834,0.7181150317192078,0.5752498507499695,0.3191455602645874,0.19139279425144196,0.17802640795707703
20241221,,,,,,,,,,0.16421173512935638
20241222,0.1926150918006897,,,,,,,,,
20241223,0.35024401545524597,1.5521522760391235,0.3358193635940552,2.079512119293213,2.39117169380188,0.509429395198822,0.4273432195186615,0.3124285936355591,0.3852348327636719,
20241224,0.34545496106147766,1.6660311222076416,0.4075840711593628,2.7053439617156982,3.316052198410034,0.645623505115509,0.43864333629608154,0.42666998505592346,0.4924505650997162,0.4078124165534973
20241225,0.48753586411476135,1.8422532081604004,0.41614431142807007,2.406665086746216,3.9776229858398438,0.7083261609077454,0.44068849086761475,0.366598516702652,0.30824679136276245,0.2962319254875183
20241226,,,,,,,,,,
20241227,0.1762542873620987,,,,,,,,,0.9401798248291016
20241228,0.17557655274868011,0.6886830925941467,0.39298826456069946,,,0.3957621157169342,,0.30668947100639343,,
20241229,0.29136091470718384,2.1153347492218018,0.3713749051094055,2.666527032852173,3.4243013858795166,0.4836006462574005,0.4862889349460602,0.4078389108181,0.24933791160583496,0.22306184470653534
20241230,0.2571905553340912,1.3553234338760376,0.3229883015155792,,,,,0.22018954157829285,0.20576807856559753,
20241231,,1.9701385498046875,0.5361066460609436,2.542792558670044,3.640584707260132,0.78082275390625,0.5264361500740051,0.40570467710494995,0.2550453543663025,0.2977786660194397
20250101,,,,,,,,,,0.4775931239128113
20250102,0.3520174026489258,1.2396721839904785,0.4288949966430664,,,,,0.1828020215034485,0.1584535390138626,
20250103,0.17933611571788788,2.196348190307617,0.45502758026123047,2.658247709274292,3.506465196609497,0.5530597567558289,0.4924298822879791,0.48343250155448914,0.29080435633659363,0.28994524478912354
20250104,0.17775879800319672,,0.1747894287109375,,,,,,0.11559022963047028,
20250105,,,,,,,,,,
20250106,,,,,,,,,,0.17287996411323547
20250107,0.39073604345321655,,0.2583732604980469,,,,,,,
20250108,0.5588960647583008,1.9312013387680054,0.4531848728656769,2.059518575668335,2.761115789413452,0.8095204830169678,,0.3758668005466461,,0.22847582399845123
20250109,0.34281331300735474,1.8549606800079346,0.4235529899597168,2.627162456512451,3.1133229732513428,0.7439374923706055,0.399684339761734,0.42795103788375854,0.34643426537513733,
20250110,0.4049631953239441,1.8449643850326538,0.4716584086418152,2.381774425506592,3.4105350971221924,0.672120213508606,0.4213294982910156,0.4929893910884857,0.3433254361152649,0.20297248661518097
20250111,,2.7633774280548096,0.7510314583778381,1.6277490854263306,3.6461284160614014,0.4860685467720032,0.524734377861023,0.4578342139720917,0.40591001510620117,0.31632664799690247
20250112,0.22554641962051392,,0.3169387876987457,,,,,,,0.18333257734775543
20250113,0.23832082748413086,1.9236499071121216,0.4783608019351959,2.192807912826538,3.563401937484741,0.524368166923523,0.4359031021595001,0.36481621861457825,0.28615185618400574,0.19693118333816528
20250114,,2.6128857135772705,,3.0674703121185303,3.6526665687561035,,0.39623671770095825,0.3446093499660492,0.29126647114753723,0.3099558651447296
20250115,0.1895556002855301,2.247135877609253,0.4156748056411743,1.7219698429107666,2.296565532684326,0.2902871370315552,0.3742435872554779,0.2763615846633911,0.1814708560705185,0.15430019795894623
20250116,,2.370929479598999,0.4073580503463745,,2.316356658935547,0.5424886345863342,0.5432939529418945,0.2339041829109192,0.1789761781692505,0.254640132188797
20250117,0.704925537109375,,,,,,,,,0.4173862636089325
20250118,0.3102790117263794,2.5518715381622314,0.4728573262691498,3.478856086730957,6.560389518737793,0.6451234817504883,0.5718868374824524,0.41066592931747437,0.23717689514160156,
20250119,0.15756677091121674,,0.2878676652908325,,,,,,0.13457903265953064,0.20550009608268738
20250120,0.4174254536628723,1.1667536497116089,0.3976067304611206,,,,,0.26695314049720764,0.1869070678949356,0.16563822329044342
20250121,1.1504504680633545,2.0513482093811035,0.42451655864715576,2.543623447418213,2.6169633865356445,0.5938586592674255,0.7363296151161194,0.47393280267715454,0.306135892868042,0.4064957797527313
20250122,,,,,,,,,0.2758937180042267,0.27064624428749084
20250123,0.18579033017158508,,0.3269580900669098,,,,,,,
20250124,0.2927289605140686,1.979530692100525,0.44089773297309875,2.6232783794403076,4.551946640014648,0.6100897789001465,0.6538801193237305,0.4190804660320282,0.3918997347354889,0.23990781605243683
20250125,0.9943088889122009,1.9612796306610107,0.5467477440834045,2.653177261352539,3.56941294670105,0.4763539731502533,0.5079560875892639,0.36634671688079834,0.27960312366485596,0.5626690983772278
20250126,0.3380529284477234,1.991829752922058,0.5234732627868652,,,0.834618091583252,,0.33870598673820496,0.2649243474006653,0.42273324728012085
20250127,,,,,4.1705851554870605,0.32084500789642334,0.5957523584365845,0.328890860080719,0.20148763060569763,0.1767859309911728
20250128,0.2799883186817169,,,,,,,,,0.5789660811424255
20250129,0.3009207546710968,2.1853115558624268,0.47011080384254456,2.811673164367676,2.8883109092712402,0.6265503764152527,0.7145148515701294,0.29767194390296936,0.5263583660125732,0.11476226896047592
20250130,0.36472102999687195,2.2701900005340576,0.4882715940475464,2.970686435699463,2.641645908355713,0.653255820274353,0.5521059036254883,0.5923072099685669,0.2184664011001587,0.5103851556777954
20250131,0.389911949634552,2.28794527053833,0.4990040957927704,2.589665412902832,2.1828038692474365,0.6751376986503601,0.5622887015342712,0.48638609051704407,0.26434779167175293,0.28687384724617004
20250201,0.9018561244010925,2.4436709880828857,0.5335952043533325,2.6826062202453613,3.2212791442871094,0.7102806568145752,0.5853367447853088,0.523362934589386,0.28543874621391296,0.33120858669281006
20250202,0.28367576003074646,,,,,,,,,0.3687906265258789
20250203,0.5391451120376587,2.745664119720459,0.48247167468070984,3.790480852127075,7.047383785247803,0.7537279725074768,0.6297807693481445,0.4807199239730835,0.322971373796463,0.21383383870124817
20250204,0.5330833792686462,2.6236164569854736,0.4282070994377136,2.3117218017578125,,0.8123321533203125,0.49763786792755127,0.36550480127334595,0.4250989258289337,0.20701783895492554
20250205,0.41054120659828186,2.097526788711548,0.48451918363571167,3.111105442047119,2.8075788021087646,0.7888959050178528,0.7767196893692017,0.5446130037307739,0.40948575735092163,0.21929515898227692
20250206,0.5631720423698425,1.996548056602478,0.47722896933555603,2.8242409229278564,2.9377121925354004,0.7716212868690491,0.5847965478897095,0.5010905861854553,0.35614755749702454,0.3579595983028412
20250207,,,,,,,,,,0.17120811343193054
20250208,0.4316045641899109,,0.35435065627098083,,,,,,,
20250209,0.4368951618671417,2.022252321243286,0.4603627622127533,2.5425126552581787,2.6500144004821777,0.5628296732902527,0.6146785616874695,0.5153788924217224,0.2380741834640503,
20250210,0.37155675888061523,2.3244314193725586,0.5240105390548706,2.793213129043579,2.844907283782959,0.6666789650917053,0.5372152924537659,0.5831310749053955,0.5114516019821167,0.3191623389720917
20250211,0.44068124890327454,2.0784504413604736,0.48270952701568604,2.6253387928009033,3.4058749675750732,0.726085901260376,0.6118534803390503,0.5071043968200684,0.4313632547855377,0.4376814663410187
20250212,,3.0107522010803223,0.9433038830757141,3.3338491916656494,5.266018390655518,0.7635228037834167,0.6241832971572876,0.48389437794685364,0.49550309777259827,0.556820809841156
20250213,0.31018587946891785,,,,,,,,,
20250214,0.20683708786964417,2.036339044570923,0.44199326634407043,,1.9188597202301025,0.46387994289398193,0.5791165828704834,0.27964499592781067,0.38580742478370667,0.28893983364105225
20250215,0.4639572501182556,2.6503067016601562,0.42821618914604187,,,,,0.29770973324775696,0.3923068344593048,0.1896909922361374
20250216,0.42242276668548584,2.3304100036621094,0.570905327796936,2.791386604309082,2.972219467163086,0.8668744564056396,0.6872096061706543,0.4814152419567108,0.5026281476020813,0.3219025135040283
20250217,0.6338580250740051,2.525500774383545,0.6272162199020386,3.004896640777588,3.661269426345825,0.8138759136199951,0.8233811259269714,0.3880280554294586,0.3601037859916687,0.4823009967803955
20250218,0.23718859255313873,,,,,,,,,0.18302157521247864
20250219,0.5257768630981445,2.322437047958374,0.5089932680130005,2.844923973083496,3.074458599090576,0.5331391096115112,0.6868377327919006,,,
20250220,0.40924572944641113,2.459817409515381,0.5767128467559814,2.825862407684326,2.8905413150787354,0.6826426386833191,0.6656742691993713,0.5724450945854187,0.5457668304443359,0.4607082009315491
20250221,0.4207935035228729,1.8622344732284546,0.5260266065597534,2.7564375400543213,2.3942816257476807,0.8186691999435425,0.6455751657485962,0.5597226619720459,0.41084790229797363,0.6071820259094238
20250222,0.17979827523231506,,,,,,,,0.5119801759719849,0.32676807045936584
20250223,0.19579282402992249,,,,,,,0.7208199501037598,0.44240814447402954,0.46663084626197815
20250224,0.40921831130981445,1.8214675188064575,0.495957612991333,3.295840263366699,2.661583423614502,0.8413516283035278,0.6346238255500793,0.4580293297767639,0.5222382545471191,0.5987552404403687
20250225,0.32393887639045715,1.9556658267974854,0.539318859577179,2.2708890438079834,3.1107518672943115,0.7026392817497253,0.6447857022285461,0.5013481974601746,0.3833253085613251,0.43176835775375366
20250226,0.6764890551567078,2.1401753425598145,0.5965745449066162,2.9886364936828613,4.313485145568848,0.5211915969848633,0.6571641564369202,0.2682064175605774,0.3211055397987366,0.24738812446594238
20250227,0.8736651539802551,2.1112258434295654,,,,,,,,0.9275524020195007
20250228,0.2868202030658722,2.283423900604248,0.6004984974861145,2.68917179107666,3.81498122215271,1.0212448835372925,0.731242835521698,0.5117315649986267,0.28827574849128723,0.3363138437271118
20250301,0.3779142498970032,1.1978439092636108,0.6214526891708374,,,0.8715190291404724,0.5956735014915466,0.435666024684906,0.3107980787754059,0.6067103743553162
20250302,0.2400539070367813,2.2479746341705322,0.4111607074737549,2.667895555496216,3.2225735187530518,0.7221431732177734,0.6588615775108337,0.39559707045555115,0.32772934436798096,0.32181867957115173
20250303,0.3199012875556946,2.396268129348755,0.5972345471382141,2.6474123001098633,2.5833330154418945,0.8744055032730103,0.755614161491394,0.566946268081665,0.3398311138153076,0.41105347871780396
20250304,0.38144421577453613,2.0543532371520996,0.5876764059066772,2.6577532291412354,2.9127421379089355,0.9543001055717468,0.8158385753631592,0.5079394578933716,0.318068265914917,0.43291279673576355
20250305,0.8208250403404236,2.4345626831054688,0.5951371788978577,2.8700809478759766,3.3576958179473877,0.9909958839416504,0.8570221066474915,0.6151805520057678,0.6108483076095581,0.5790319442749023
20250306,0.533747673034668,3.065357208251953,,,5.027613639831543,,,2.053250551223755,1.1191444396972656,0.7009228467941284
20250307,0.4460127055644989,1.8703336715698242,0.5793116688728333,2.372068166732788,2.810716152191162,0.9381200671195984,0.789730966091156,0.6320000290870667,0.45199212431907654,0.4616365432739258
20250308,0.26768818497657776,,0.4991747736930847,,,0.7721232175827026,,0.5555957555770874,0.4853160083293915,0.42049142718315125
20250309,0.4192115068435669,2.3242299556732178,0.5589199066162109,2.7572736740112305,3.0487051010131836,0.8424699902534485,0.717858076095581,0.4728691875934601,1.0960735082626343,0.8405442833900452
20250310,0.3342060148715973,2.7425153255462646,0.6605092883110046,2.6852757930755615,4.966174125671387,0.8799688816070557,0.6298906803131104,0.5104643702507019,0.6114768385887146,0.5910003185272217
20250311,0.3530825972557068,,0.3270709812641144,,,,,0.19450463354587555,0.44561898708343506,0.9446135759353638
20250312,0.21573932468891144,2.4246790409088135,0.5477517247200012,2.855191469192505,5.12756872177124,0.9521605372428894,0.7245368957519531,0.451417475938797,0.47955167293548584,0.36767131090164185
20250313,0.3278151750564575,1.9675052165985107,0.5630968809127808,2.482274055480957,3.5766258239746094,0.8060540556907654,0.7406172752380371,0.4840106964111328,0.48660704493522644,0.45430004596710205
20250314,0.3509851396083832,2.363603115081787,0.5789607763290405,2.986325740814209,3.8520214557647705,1.0074856281280518,0.7410066723823547,0.702916145324707,0.4023172855377197,0.273501455783844
20250315,0.4745345413684845,2.6248483657836914,0.5932304859161377,,,0.5554129481315613,0.8301458358764648,0.48295336961746216,,
20250316,0.11513479799032211,,0.43860942125320435,,,,,0.37784165143966675,0.3013814389705658,0.22196504473686218
20250317,0.4574289917945862,2.9034793376922607,0.5499733686447144,2.69102144241333,3.4941229820251465,1.3577661514282227,1.171674132347107,0.7691906094551086,0.5934640765190125,0.36618244647979736
20250318,0.329684853553772,2.5878190994262695,0.7135990262031555,2.927198886871338,3.453547477722168,1.1358860731124878,1.093135952949524,0.7630903720855713,0.4253098666667938,0.5707894563674927
20250319,0.31522852182388306,3.0853111743927,0.7712734937667847,4.363283634185791,5.211089134216309,1.4302459955215454,1.1714527606964111,1.0216100215911865,0.4396262466907501,0.3617124557495117
20250320,0.8509981036186218,2.14943790435791,0.5350232720375061,,,,,,,
20250321,0.7655587792396545,2.234771728515625,0.7626166939735413,2.936258316040039,3.428687572479248,1.2477515935897827,1.1743971109390259,0.8434141278266907,0.43032726645469666,0.3199920952320099
20250322,0.2915625274181366,1.9131742715835571,0.6739044189453125,,,1.4809632301330566,,0.7583093047142029,0.33863261342048645,0.5449930429458618
20250323,0.4962378144264221,2.1546030044555664,0.740339457988739,2.505948543548584,4.676186561584473,1.2340562343597412,1.0953437089920044,1.594372034072876,,0.5698058009147644
20250324,0.4606333076953888,3.0252432823181152,0.7913137674331665,2.4395718574523926,3.823348045349121,1.253350019454956,1.2222799062728882,1.0282453298568726,0.35398921370506287,0.34521612524986267
20250325,0.4755341708660126,2.4246251583099365,0.7393437027931213,2.4373247623443604,2.7576138973236084,1.3961290121078491,0.9403494596481323,0.904143750667572,0.42501094937324524,0.4662679433822632
20250326,0.6236584782600403,2.175926923751831,1.0319807529449463,2.650752067565918,3.297619342803955,1.5522788763046265,1.298300862312317,0.9003560543060303,0.49861255288124084,0.2527090311050415
20250327,0.5294572114944458,2.0082123279571533,1.1173415184020996,2.6213741302490234,3.6465203762054443,1.7491363286972046,1.2600126266479492,1.0028419494628906,0.5790525078773499,0.5682182312011719
20250328,0.3663501739501953,1.9070240259170532,0.7294902801513672,2.3347644805908203,2.126903772354126,1.0915699005126953,0.8396527171134949,0.7433807253837585,0.43955764174461365,0.27504873275756836
20250329,0.6242717504501343,2.008622884750366,0.700928270816803,2.4528000354766846,2.496493101119995,1.1006276607513428,0.9453597664833069,,0.272455096244812,0.14467355608940125
20250330,0.6044330596923828,2.6385841369628906,0.7123118042945862,2.9847915172576904,3.2786917686462402,1.722703456878662,1.1517986059188843,0.7887774109840393,0.719767689704895,0.5198972225189209
20250331,0.5944770574569702,2.708460807800293,0.9547723531723022,2.9484429359436035,3.14595103263855,1.9032442569732666,,0.8952120542526245,0.5748550295829773,0.5523764491081238
20250401,0.5935797691345215,2.6508002281188965,1.1284558773040771,2.922544002532959,3.7199172973632812,1.8166993856430054,1.3639888763427734,0.8457239270210266,0.4945017993450165,0.5677191615104675
20250402,0.4203625023365021,2.459249973297119,0.9100821614265442,2.8847453594207764,3.7662370204925537,1.955338954925537,1.167014479637146,0.7559683918952942,0.6831403374671936,0.6452548503875732
20250403,0.22580190002918243,1.629142165184021,0.43546605110168457,,,,,0.5611143112182617,0.6059833765029907,0.4732469320297241
20250404,0.38476839661598206,2.2472918033599854,0.5514726638793945,,,,,0.4508211314678192,0.5306307077407837,0.21733582019805908
20250405,0.6930044889450073,2.0733063220977783,0.9798860549926758,2.723695993423462,2.5452146530151367,1.5074794292449951,1.2218717336654663,0.5923670530319214,0.9363647103309631,1.2055836915969849
20250406,0.5014849305152893,2.4875617027282715,0.7899635434150696,2.094273328781128,2.714771032333374,1.0934666395187378,1.0418027639389038,0.49271637201309204,0.4426285922527313,0.3361814022064209
20250407,0.3724391460418701,2.1134510040283203,0.6402884125709534,2.5627381801605225,3.0719640254974365,,,,0.3301333487033844,0.3267415165901184
20250408,0.34888601303100586,1.6859883069992065,0.8850728273391724,2.6848273277282715,4.192759990692139,1.506437063217163,1.1911405324935913,0.8741968870162964,0.28813567757606506,0.2769380211830139
20250409,0.5495976805686951,2.0412206649780273,1.6455999612808228,,,3.547577381134033,,1.868898868560791,,0.9511538147926331
20250410,0.3282310664653778,2.3496220111846924,1.3754960298538208,,,2.557095527648926,1.2781405448913574,0.9887520670890808,0.5461803078651428,0.7207852005958557
20250411,0.5625790357589722,2.687763214111328,1.2622771263122559,2.7340095043182373,4.4525322914123535,2.114436149597168,1.2497315406799316,0.9334506988525391,0.47611546516418457,0.5597742199897766
20250412,0.4055134654045105,2.5811188220977783,1.2837328910827637,3.0806970596313477,5.537569999694824,1.9311444759368896,1.0606286525726318,0.8096798062324524,0.5511989593505859,0.7682011127471924
20250413,0.3256159722805023,2.1290483474731445,0.940039873123169,2.4791524410247803,3.6412014961242676,1.6327732801437378,1.1452163457870483,0.8656908273696899,0.3357306122779846,
20250414,0.41846776008605957,2.4258623123168945,1.2197191715240479,2.7952680587768555,8.335578918457031,1.6615376472473145,0.9665673971176147,0.6808444261550903,0.48268547654151917,0.5976758003234863
20250415,0.2535936236381531,,1.647594928741455,,,,,,,0.654710590839386
20250416,0.5638640522956848,2.576852321624756,0.9551099538803101,2.4974021911621094,4.910750865936279,1.9449764490127563,1.2030882835388184,0.7976792454719543,0.4719688594341278,0.601220428943634
20250417,0.4901886582374573,2.8143720626831055,1.1798527240753174,,,4.055550575256348,,0.6111550331115723,,1.1956652402877808
20250418,0.22206313908100128,1.8396048545837402,1.2991191148757935,2.5734457969665527,3.8767566680908203,1.7275173664093018,0.8989416360855103,0.5046670436859131,0.44253385066986084,0.5292611718177795
20250419,0.11601824313402176,,,,,,,,,
20250420,0.2530375123023987,,,,,,,,,0.3651580810546875
20250421,,2.348752021789551,,,,,,,,0.43994879722595215
20250422,0.7097955942153931,2.2919185161590576,0.8975092172622681,2.6517693996429443,2.917682409286499,1.3081313371658325,1.0958290100097656,0.9215976595878601,0.20992685854434967,0.32093632221221924
20250423,0.5180495977401733,2.272308826446533,1.2023162841796875,2.3310039043426514,3.5962183475494385,1.8534159660339355,1.189817190170288,1.0799224376678467,0.48552417755126953,0.5841802954673767
20250424,0.5601963400840759,2.0314879417419434,2.5015575885772705,2.7169556617736816,3.6414601802825928,2.558213233947754,1.4094910621643066,1.0299311876296997,0.6794546842575073,0.48713505268096924
20250425,0.45377299189567566,,1.2752357721328735,,,,,,,
20250426,0.5701565742492676,2.2472434043884277,0.7272754907608032,2.0889248847961426,2.6191720962524414,2.0393433570861816,1.1078006029129028,1.2323007583618164,0.2889574468135834,0.3396378457546234
20250427,0.4963604807853699,4.1664605140686035,1.0757315158843994,2.5139050483703613,3.143120765686035,3.722167730331421,2.4932823181152344,0.7910889983177185,0.24145512282848358,0.35734790563583374
20250428,0.44977444410324097,1.8575687408447266,0.7259739637374878,3.1139063835144043,2.942009210586548,3.0244321823120117,1.228028416633606,0.8800628781318665,0.45975005626678467,0.272411584854126
20250429,0.32288050651550293,1.51422119140625,0.6936890482902527,,2.676523208618164,1.134624719619751,0.8362358808517456,0.7081172466278076,0.3754463195800781,0.5249489545822144
20250430,0.5100262761116028,3.592275619506836,0.7372536063194275,3.0829315185546875,4.395092964172363,0.8984907865524292,1.3645952939987183,1.2081375122070312,0.5435869097709656,0.8209903836250305
20250501,0.5470041632652283,3.241621494293213,1.5235912799835205,5.494007110595703,5.906136989593506,3.6551918983459473,1.6686829328536987,1.2480181455612183,0.5713751316070557,0.5324781537055969
20250502,0.9144687652587891,2.6290433406829834,1.6114985942840576,5.1467437744140625,5.601799011230469,4.099208354949951,1.69955313205719,1.1129000186920166,0.48378196358680725,0.7119042873382568
20250503,,4.1042680740356445,3.7454679012298584,3.1629059314727783,6.365135669708252,,2.039423704147339,1.2124171257019043,0.8434546589851379,0.5434775948524475
20250504,0.5612106919288635,2.8681089878082275,5.2517290115356445,4.461517810821533,7.175232410430908,3.683368444442749,1.927149772644043,1.0804754495620728,0.4380510449409485,0.6251877546310425
20250505,0.5437410473823547,2.4287679195404053,1.9284250736236572,4.083017826080322,6.168210029602051,3.3886797428131104,1.63875412940979,0.9760968089103699,0.5851126313209534,0.6869345903396606
20250506,0.4103267192840576,5.500293731689453,1.1391286849975586,,,,,1.0265593528747559,0.3298022150993347,0.6253364682197571
20250507,0.5796431303024292,1.3859188556671143,1.3294951915740967,,2.1623477935791016,1.3135366439819336,1.3663862943649292,0.9617660045623779,0.29767152667045593,0.543971836566925
20250508,0.8112510442733765,2.466275930404663,1.4655040502548218,4.146624565124512,4.003673076629639,2.861050844192505,1.2072300910949707,1.7894197702407837,,0.32524168491363525
20250509,0.5714002251625061,2.269327163696289,1.452576994895935,3.9206581115722656,5.6392011642456055,3.4444499015808105,1.1101651191711426,1.114496111869812,0.9244164228439331,0.9004594087600708
20250510,0.5679336190223694,2.1464126110076904,1.2923680543899536,3.326054811477661,5.086361408233643,2.4220798015594482,1.5239008665084839,1.0832419395446777,0.4480707049369812,0.6136171817779541
20250511,0.6298784017562866,3.269129753112793,2.5305399894714355,4.3010101318359375,6.9579033851623535,3.2043864727020264,1.398460865020752,1.3881911039352417,0.5919767618179321,1.302522897720337
20250512,0.6942993998527527,3.218555450439453,1.6082842350006104,6.23806619644165,7.075122356414795,4.678167819976807,1.42171049118042,1.3434356451034546,0.5888829827308655,0.8846240043640137
20250513,0.6568974256515503,3.0074410438537598,1.4445044994354248,6.417798042297363,5.966727256774902,6.282768249511719,1.230592131614685,1.159145712852478,0.6897473335266113,0.7145267128944397
20250514,0.5111970901489258,2.317138671875,0.552619218826294,,2.460742950439453,0.8417465090751648,0.8393760919570923,0.9015405774116516,0.4592815935611725,0.49524986743927
20250515,0.30925172567367554,2.266045093536377,0.454596608877182,1.051614761352539,,0.7458745837211609,,0.655185878276825,0.25791028141975403,0.23441879451274872
20250516,0.5603312849998474,1.6049151420593262,0.547370433807373,,,,,0.6460772156715393,0.24856257438659668,0.22259564697742462
20250517,0.3654536306858063,3.1551573276519775,0.9710636138916016,,,,,0.6485568881034851,0.29235321283340454,
20250518,0.5912331342697144,2.7779011726379395,0.6853729486465454,3.6501004695892334,2.9824347496032715,3.5659542083740234,,2.092031240463257,0.2009458690881729,0.5139968991279602
20250519,0.7624756693840027,2.6654274463653564,1.5831971168518066,5.447309970855713,4.220893859863281,4.593900680541992,1.356698751449585,1.153769850730896,0.8303015232086182,1.6144893169403076
20250520,0.6037150621414185,2.1509108543395996,1.2773754596710205,3.8971312046051025,5.2429962158203125,3.3904240131378174,1.1592856645584106,1.3099637031555176,0.4403710961341858,0.6365109086036682
20250521,0.3811854124069214,2.1263649463653564,0.8238699436187744,,,,,0.7934349775314331,0.4345777928829193,0.618391215801239
20250522,0.7096031904220581,3.3031046390533447,1.7285938262939453,18.61337661743164,12.394769668579102,5.972991943359375,1.9504190683364868,1.3433520793914795,0.6206371784210205,0.3159290552139282
20250523,0.8992718458175659,2.4788761138916016,0.8322737812995911,5.792153835296631,5.563443660736084,1.4686598777770996,1.0339210033416748,0.9819892048835754,0.4052344560623169,0.39845722913742065
20250524,0.565293550491333,3.1403729915618896,1.0316145420074463,6.52672815322876,4.515791893005371,5.57937479019165,1.219805359840393,1.1510947942733765,1.0647869110107422,0.9904862642288208
20250525,0.7830084562301636,2.573765993118286,1.4511091709136963,5.695982933044434,3.9203872680664062,5.413363456726074,1.189485788345337,1.254584789276123,0.513558566570282,0.5695826411247253
20250526,0.3937598466873169,1.2180204391479492,,,,,,,0.17571914196014404,1.0477147102355957
20250527,0.5999897122383118,2.2107553482055664,1.5718611478805542,3.075216770172119,3.120779037475586,2.6521999835968018,,,,0.5177599191665649
20250528,0.6625089645385742,,0.6745570302009583,,,,,,,
20250529,0.6970850825309753,2.4534332752227783,1.2638380527496338,6.5199761390686035,4.040035247802734,5.61831521987915,1.1985926628112793,1.1216696500778198,0.42939814925193787,0.6121835708618164
20250530,0.628547728061676,2.5074527263641357,1.1755554676055908,4.875704765319824,3.9288735389709473,3.551438093185425,1.0505988597869873,1.3188965320587158,1.5215554237365723,0.22908581793308258
20250531,0.6350722908973694,1.980764627456665,1.051179051399231,4.151478290557861,3.0261311531066895,2.869961977005005,1.1658200025558472,1.0773236751556396,0.6389082670211792,0.6897751688957214
20250601,,,2.681422710418701,,,4.902241230010986,1.1344871520996094,1.3438942432403564,0.44644173979759216,0.7704964876174927
20250602,0.6269336342811584,3.3862357139587402,1.2498266696929932,24.64919662475586,13.767581939697266,8.493014335632324,1.917258858680725,1.448309063911438,0.8262032866477966,
20250603,0.586911678314209,1.4225413799285889,0.672776460647583,,,1.7861113548278809,,0.7302776575088501,0.3196753263473511,0.38379237055778503
20250604,1.3727545738220215,2.807389736175537,1.41023588180542,11.209650993347168,5.442016124725342,4.925559997558594,1.3782545328140259,1.2558969259262085,0.7381044030189514,0.5184219479560852
20250605,,,,,,,,,,1.5757373571395874
20250606,,1.196529507637024,,,1.715001106262207,,1.1661967039108276,0.7642949819564819,0.4544309377670288,
20250607,0.5330118536949158,,1.2428505420684814,,,,,,,
20250608,0.48288628458976746,2.2181107997894287,0.9509299993515015,3.841989755630493,3.503507375717163,1.3189371824264526,1.7534797191619873,1.2344632148742676,0.4336744546890259,
20250609,0.48507627844810486,1.9878689050674438,1.0016423463821411,10.778306007385254,6.4359588623046875,2.40450382232666,1.5064367055892944,0.6674115061759949,0.2944786548614502,0.39823219180107117
20250610,0.597236156463623,1.6296476125717163,0.8732085227966309,,3.2333695888519287,0.9936484694480896,1.1731821298599243,0.8597292304039001,0.25829094648361206,0.4194715619087219
20250611,0.7703866362571716,,,,,,,1.0565378665924072,0.29083117842674255,0.5209954977035522
20250612,0.7182907462120056,1.755646824836731,1.8745455741882324,14.773504257202148,14.020647048950195,5.98056697845459,3.144805431365967,1.527085781097412,0.5686849355697632,0.5846247673034668
20250613,0.6922314167022705,2.9014081954956055,1.2411900758743286,14.130350112915039,7.917404651641846,6.095803260803223,2.3754005432128906,1.3381798267364502,1.1873236894607544,0.7111436724662781
20250614,0.6051406264305115,1.8189926147460938,0.8142238855361938,,,,,,,
20250615,0.8552900552749634,1.9418224096298218,0.8442739844322205,4.862058639526367,4.230015754699707,2.225186586380005,1.657958984375,0.903012752532959,0.3594667315483093,0.37858840823173523
20250616,0.303955614566803,1.3384840488433838,0.7224401831626892,2.7233662605285645,4.1343536376953125,0.46788936853408813,1.6029958724975586,0.6399112939834595,0.4956672787666321,0.3831523656845093
20250617,0.5631712675094604,0.5680024027824402,0.6263819336891174,,,0.7493143081665039,0.5840668082237244,0.7785705924034119,0.6776411533355713,0.43737703561782837
20250618,1.4941755533218384,,,,,,,,,
20250619,0.6708199381828308,,0.7993122339248657,,,,,1.2254832983016968,0.45867419242858887,0.5229877233505249
20250620,0.8533571362495422,3.1471428871154785,1.2163796424865723,16.859054565429688,7.722856044769287,4.617066860198975,1.8415976762771606,1.0614162683486938,0.47182244062423706,0.6538172960281372
20250621,0.7039332985877991,2.1158642768859863,0.9309037327766418,12.0047607421875,8.369495391845703,4.273770332336426,1.6925382614135742,0.9304152727127075,0.42759668827056885,0.6162334680557251
20250622,0.7845782041549683,2.4680838584899902,,6.432193756103516,4.9300079345703125,,,0.9476431012153625,0.43234744668006897,0.7027966380119324
20250623,,3.2113304138183594,0.432148814201355,,,6.744231224060059,10.99232006072998,1.2132017612457275,1.0620776414871216,0.5132652521133423
20250624,0.5027282238006592,0.8137315511703491,0.5546405911445618,,,0.676754355430603,,,0.3957546353340149,
20250625,0.41316312551498413,1.6647688150405884,0.7420188188552856,3.0747859477996826,3.8412508964538574,1.9686909914016724,1.9249275922775269,0.7579677104949951,0.35701805353164673,0.42035913467407227
20250626,0.5441581606864929,1.6659492254257202,0.6906404495239258,0.9032350182533264,1.635089635848999,0.5639145970344543,,0.49561938643455505,0.20897550880908966,0.33077412843704224
20250627,0.7557386159896851,1.0339374542236328,0.8780897855758667,2.6109554767608643,0.8906372785568237,1.495501160621643,0.5880190134048462,0.6875161528587341,0.46338391304016113,0.8700318932533264
20250628,0.7693831324577332,0.5829756855964661,0.8462402820587158,,,1.009334683418274,,0.6700130701065063,0.25363874435424805,0.9855685234069824
20250629,0.6314820647239685,1.6809145212173462,0.9954425096511841,13.358419418334961,7.037224769592285,4.345181941986084,1.894342064857483,1.6194522380828857,1.1317322254180908,0.8104251027107239
20250630,0.677408754825592,2.6006739139556885,0.930201530456543,14.828916549682617,7.432135105133057,4.539591312408447,4.285213947296143,1.0034656524658203,0.48890379071235657,0.34157708287239075
20250701,0.841585099697113,2.5024123191833496,0.9122440218925476,5.293845176696777,4.720798015594482,1.7797983884811401,1.0129896402359009,0.7194430232048035,0.44766753911972046,0.3516620695590973
20250702,0.9791378378868103,3.040055513381958,0.9484899640083313,7.705259323120117,6.637515068054199,2.0034232139587402,1.3513901233673096,0.7055658102035522,0.37392258644104004,0.2893163859844208
20250703,,,0.7829806208610535,,,5.796854019165039,18.16172981262207,0.9118764400482178,0.5521144270896912,0.447612464427948
20250704,0.5476658344268799,,,,,,,,,0.8043109774589539
20250705,0.48653900623321533,1.674316644668579,0.820259690284729,9.582221984863281,8.575078010559082,4.159115791320801,1.7554670572280884,0.6770069599151611,,
20250706,0.3273374140262604,1.4454094171524048,0.6710992455482483,5.0708184242248535,6.051753520965576,2.450200319290161,1.7111775875091553,0.7022839188575745,0.4207748472690582,0.5457148551940918
20250707,1.045266032218933,1.9252687692642212,1.0137830972671509,,,,,,0.39111682772636414,0.5430125594139099
20250708,0.2744424343109131,0.7049428224563599,0.746886134147644,,,,,0.48679110407829285,0.3475407660007477,
20250709,0.45809242129325867,,,,,,,,,
20250710,0.44667553901672363,2.083986759185791,0.8622053265571594,,,1.4027880430221558,,0.6795788407325745,,
20250711,0.6919615268707275,2.2764222621917725,1.123398780822754,,5.199109077453613,7.189093112945557,1.9557214975357056,0.4212184250354767,0.4656340181827545,0.28959420323371887
20250712,0.6832006573677063,3.5928099155426025,1.6351537704467773,12.640115737915039,2.3994576930999756,4.546932697296143,,0.8840188384056091,0.47167542576789856,0.3224973976612091
20250713,0.5738755464553833,,0.6337085962295532,,,0.579671323299408,,0.4100663661956787,,
20250714,,,,,,,0.989712119102478,0.3059137761592865,0.17312756180763245,0.3643927574157715
20250715,0.4654914438724518,2.4964137077331543,0.8655697107315063,,4.9085798263549805,1.6795544624328613,8.335347175598145,0.7309460043907166,1.1100406646728516,0.4511391520500183
20250716,0.8019396662712097,3.1643710136413574,1.2739368677139282,11.925909042358398,,3.346863031387329,9.112543106079102,0.7980326414108276,0.3362124264240265,0.6358247399330139
20250717,0.5948888659477234,3.4322657585144043,1.6407643556594849,11.67775821685791,8.568312644958496,4.1824188232421875,4.518996715545654,0.6759238839149475,0.40879979729652405,0.384688138961792
20250718,0.6594662070274353,2.712618827819824,0.81497722864151,22.435768127441406,19.449148178100586,2.7806451320648193,8.492781639099121,0.6857919096946716,0.4966284930706024,0.6630297899246216
20250719,0.5646584630012512,,0.6554343700408936,,,,,0.5346837639808655,0.43848562240600586,0.2867947220802307
20250720,0.7359296083450317,1.8885217905044556,0.8219225406646729,,,4.171881675720215,21.442304611206055,0.866628885269165,0.7307682037353516,0.4897391200065613
20250721,0.8054046630859375,,,,,,,0.7448242902755737,0.6131563782691956,0.7068772912025452
20250722,0.45073941349983215,1.5650343894958496,0.6883533000946045,3.569348096847534,3.5283923149108887,0.8401230573654175,1.4317775964736938,0.7465841770172119,,0.3917715847492218
20250723,0.5127912759780884,2.4149298667907715,0.8336963653564453,12.741689682006836,7.376495361328125,2.6088037490844727,4.406608581542969,0.6549057364463806,0.42259296774864197,0.2521715760231018
20250724,,,,,,,,0.6951292753219604,0.6707143187522888,0.5660021901130676
20250725,,,,,,,,,,
20250726,0.3725162744522095,2.9589896202087402,1.0797221660614014,,,,,,0.8086150288581848,
20250727,0.42019492387771606,2.388436794281006,0.5088080763816833,,,1.0180543661117554,0.7456096410751343,0.30095699429512024,0.24737538397312164,0.3654100298881531
20250728,0.7504352331161499,2.343651533126831,1.2402745485305786,,,2.080446481704712,1.8991334438323975,0.7459360361099243,0.33247655630111694,0.23869550228118896
20250729,0.2966041564941406,,0.48719894886016846,,,,,0.6003319025039673,0.25525641441345215,0.26690712571144104
20250730,0.5509418249130249,1.6184760332107544,0.7545160055160522,,,,1.2111058235168457,0.6061485409736633,0.3099648058414459,0.3683324456214905
20250731,0.5750433206558228,6.748188495635986,1.4652115106582642,,28.322444915771484,5.00680685043335,6.252647399902344,0.7185363173484802,0.6212809085845947,0.46897566318511963
20250801,0.5148594975471497,4.602243900299072,1.3363957405090332,17.967939376831055,14.525870323181152,4.486552715301514,,0.6079845428466797,0.1849679946899414,0.31903886795043945
20250802,0.8558464646339417,3.509279727935791,1.0355548858642578,9.927162170410156,8.805440902709961,1.8915401697158813,3.2117397785186768,0.6391953229904175,0.37165188789367676,0.4457305073738098
20250803,,2.5466554164886475,1.1530791521072388,24.209278106689453,25.913772583007812,3.242121458053589,14.969246864318848,0.8106482028961182,0.572195827960968,1.0197347402572632
20250804,,5.668691158294678,0.43613433837890625,,,,,,,0.45243024826049805
20250805,0.5211279392242432,5.0181684494018555,1.1236391067504883,,,6.981113910675049,28.721046447753906,0.7328894734382629,0.4962937533855438,0.4144541919231415
20250806,0.48424261808395386,2.332256555557251,0.5001805424690247,7.179833889007568,7.011519432067871,0.8443973064422607,2.432677745819092,0.5573385953903198,0.2602729797363281,0.368545264005661
20250807,0.29487335681915283,2.1546432971954346,0.4825719892978668,,9.198919296264648,2.9413278102874756,3.3108537197113037,0.5437565445899963,0.19861245155334473,0.2880053222179413
20250808,0.442030668258667,3.877129077911377,1.007114052772522,22.538402557373047,22.034385681152344,3.237004041671753,7.929378032684326,0.6809311509132385,0.308658242225647,0.24085907638072968
20250809,0.4396418631076813,,,,,,,,0.2799980342388153,0.7238233089447021
20250810,0.5184718370437622,2.381801128387451,0.7176766991615295,,19.868703842163086,4.316775321960449,6.538232326507568,0.8335717916488647,0.4840257167816162,0.6219103932380676
20250811,1.410998821258545,3.2448015213012695,0.7161023616790771,,,1.3092389106750488,2.9910354614257812,,,0.9999577403068542
20250812,0.48802486062049866,4.191701889038086,0.7867025136947632,21.769699096679688,18.825824737548828,3.897656202316284,3.896167516708374,0.7238131165504456,0.3871428668498993,0.2701270580291748
20250813,0.5896090865135193,4.108304977416992,0.8532467484474182,22.88426399230957,20.386133193969727,2.591660976409912,3.037339687347412,0.5473498106002808,0.39130285382270813,0.6748238205909729
20250814,0.9531300067901611,4.628996849060059,0.9086270928382874,22.27556800842285,,3.4580280780792236,,0.8590870499610901,0.4655250012874603,0.8873647451400757
20250815,0.5183017253875732,7.712871551513672,0.5495935678482056,,,0.8473151326179504,1.0054949522018433,0.4433247745037079,0.30187565088272095,0.18039384484291077
20250816,0.46462106704711914,1.6420403718948364,0.6153550148010254,,,2.691006898880005,4.787580490112305,0.5679230093955994,0.30808722972869873,0.6489529013633728
20250817,0.3685983121395111,1.445762038230896,0.5941475033760071,,,,9.54069709777832,0.593416690826416,0.32956916093826294,0.49035900831222534
20250818,0.4186505079269409,3.430194139480591,0.7587863802909851,14.083111763000488,7.462677001953125,2.8637094497680664,2.555009126663208,0.63941490650177,0.3395496606826782,0.34030064940452576
20250819,0.5631440281867981,3.8012118339538574,0.7695505023002625,19.080455780029297,21.95186424255371,3.0567708015441895,8.088081359863281,0.6017022132873535,0.40016475319862366,0.669383704662323
20250820,0.6017045378684998,5.119754314422607,0.8184981942176819,28.342117309570312,24.373722076416016,3.6271841526031494,11.135969161987305,0.5939874053001404,0.4082432687282562,0.6309214234352112
20250821,,,,,,,,,,0.6992020606994629
20250822,0.4415537118911743,4.006861686706543,0.7017456889152527,22.949613571166992,18.629850387573242,3.3306710720062256,1.8394871950149536,0.5094753503799438,0.38246122002601624,0.3271126449108124
20250823,0.4396001100540161,4.104496955871582,0.6587911248207092,21.201019287109375,21.62592887878418,1.807868242263794,,0.4244491755962372,0.38019782304763794,0.5583800077438354
20250824,,,,,,,,0.48675334453582764,0.39111143350601196,0.7074523568153381
20250825,0.2541172206401825,,,,,,,,,
20250826,0.3734630048274994,3.4730589389801025,0.8666521310806274,,16.749746322631836,12.237093925476074,,0.45790913701057434,0.39996856451034546,0.22803576290607452
20250827,0.35962003469467163,3.5842809677124023,0.6119598746299744,,9.573851585388184,2.0730247497558594,3.1867780685424805,0.6121003031730652,0.29077279567718506,0.2839917540550232
20250828,0.36397218704223633,2.3869237899780273,0.5640488862991333,13.340611457824707,,2.7653648853302,2.444847583770752,0.662937581539154,0.35573866963386536,0.3338679075241089
20250829,0.37675121426582336,2.321207284927368,0.4495854675769806,,,,,0.4525303542613983,0.2489987164735794,0.21498577296733856
20250830,0.18988053500652313,3.0356132984161377,0.3936521112918854,4.408512115478516,,1.126001000404358,1.1287657022476196,0.6099318861961365,0.3144882917404175,0.390913188457489
20250831,0.4756237268447876,0.8365234136581421,0.5175099968910217,,,,,0.45378053188323975,0.2182534635066986,0.2650741636753082
20250901,0.5027392506599426,4.223313331604004,0.5937297344207764,,,,,0.5651122331619263,0.4304797351360321,0.3637656569480896
20250902,0.5722979307174683,4.78084135055542,0.6488519906997681,,20.730283737182617,2.0359041690826416,9.583965301513672,,,0.5597313046455383
20250903,0.23641502857208252,,0.34129148721694946,,,2.664963722229004,1.275488018989563,0.48893365263938904,,
20250904,0.2798745930194855,2.93422532081604,0.4390711486339569,13.163459777832031,13.371498107910156,2.13537335395813,1.5634500980377197,0.42423897981643677,0.3240574896335602,0.33143627643585205
20250905,0.49191686511039734,3.656123638153076,0.4765373170375824,,,,,,0.2851925492286682,0.4545987844467163
20250906,,,,,,,,,,1.0707048177719116
20250907,0.5165666937828064,4.7214884757995605,0.6589913368225098,19.796733856201172,19.951948165893555,3.277177095413208,7.2210307121276855,0.6039487719535828,0.37806442379951477,0.3159582316875458
20250908,0.4988507032394409,3.490957260131836,0.6389492154121399,17.602800369262695,14.997499465942383,3.4152026176452637,3.0099477767944336,0.49458396434783936,0.3584805727005005,0.34266188740730286
20250909,0.2620205581188202,,0.24802638590335846,,,,,0.396620512008667,0.3114069998264313,0.41289812326431274
20250910,0.38605132699012756,1.715856909751892,0.33126261830329895,4.752473831176758,6.71380090713501,0.9101446866989136,1.2767027616500854,0.33427831530570984,0.23029519617557526,0.23232392966747284
20250911,0.37552011013031006,3.1001052856445312,0.49707356095314026,6.886819362640381,11.446711540222168,1.2173140048980713,1.148672342300415,0.49295613169670105,0.36221349239349365,0.3572196364402771
20250912,0.44762688875198364,3.062243938446045,0.427354097366333,,,0.8152331709861755,1.6409032344818115,0.42543017864227295,0.5547125339508057,0.1710807979106903
20250913,0.3512840270996094,4.457815170288086,0.6254734396934509,20.46465301513672,17.568883895874023,3.3252463340759277,4.621713638305664,0.4419816732406616,0.33569949865341187,0.30235254764556885
20250914,0.4591773450374603,3.3599207401275635,0.5415855646133423,18.326704025268555,15.847423553466797,1.9545477628707886,7.9144978523254395,0.46790412068367004,0.4467305839061737,0.5490182638168335
20250915,0.41907674074172974,,0.28173571825027466,12.504190444946289,10.504575729370117,2.2508723735809326,1.834210991859436,0.4680045545101166,,0.44051358103752136
20250916,0.34963279962539673,2.8657596111297607,0.42715317010879517,,,0.4308197498321533,1.110373854637146,0.3656279146671295,0.24267826974391937,0.26266902685165405
20250917,0.4038102328777313,4.302489757537842,0.4730292856693268,,11.1587553024292,1.4316108226776123,,0.4525683522224426,0.3843890428543091,0.4171612560749054
20250918,0.4612683653831482,3.1541712284088135,0.6105249524116516,17.449996948242188,21.4483699798584,2.8225936889648438,6.1729350090026855,0.5001248121261597,0.3357585370540619,0.5672207474708557
20250919,0.27520498633384705,2.124464273452759,0.4385821521282196,,6.785732746124268,0.446286141872406,1.450690746307373,0.3996393084526062,0.2488722950220108,0.4185575246810913
20250920,,1.7683786153793335,0.23231543600559235,,,,,0.24781474471092224,0.17905986309051514,0.3751205801963806
20250921,0.26805830001831055,0.9409779906272888,0.3016134798526764,,,0.4250846803188324,,0.3274625837802887,0.2338232398033142,0.1882828325033188
20250922,0.4355372488498688,3.5085179805755615,0.3679291307926178,19.12350845336914,18.30510711669922,1.167464017868042,3.4668467044830322,0.5815196633338928,0.4256717264652252,0.2737690806388855
20250923,0.5044506192207336,2.916464328765869,0.40073850750923157,,14.663483619689941,,,,,
20250924,0.5253603458404541,3.0609118938446045,0.3678675591945648,15.98717212677002,14.503629684448242,0.6881248950958252,4.067518711090088,0.5247299075126648,0.2198447436094284,0.4946744740009308
20250925,0.2910533547401428,,0.2870192229747772,,13.954845428466797,0.6953177452087402,2.7333366870880127,0.44590282440185547,,
20250926,0.2562620937824249,2.8818318843841553,0.5387487411499023,,,,,0.39552444219589233,0.18400119245052338,0.25095412135124207
20250927,0.35230591893196106,3.6368706226348877,0.19747020304203033,,,,6.474807262420654,0.5881220698356628,0.40021854639053345,0.23921476304531097
20250928,0.2815236449241638,2.380772113800049,0.4054456949234009,15.545722007751465,,1.3598651885986328,2.271437644958496,0.40426117181777954,0.3125416934490204,0.3605014681816101
20250929,0.13849835097789764,,,,,,,,,
20250930,0.2259093075990677,,,,,,3.3785018920898438,0.27914437651634216,0.29669418931007385,0.40555188059806824
