date,Ceduna-Port Lincoln,Spencer Gulf N,Spencer Gulf S,SVG - NW,SVG - NE,SVG - SW,SVG - SE,Victor Harbor,Victor Harbour-Mt Gambier,Mt Gambier-Port Fairy
20180104,,,,,,,,,,
20180105,19.57149314880371,22.2050838470459,20.032257080078125,21.91750144958496,22.069246292114258,20.238027572631836,20.676990509033203,18.969152450561523,17.762630462646484,17.691631317138672
20180106,,24.244844436645508,22.931730270385742,23.84175682067871,23.832162857055664,22.344308853149414,22.56877899169922,20.849149703979492,19.326128005981445,18.853172302246094
20180107,18.682300567626953,,,,,,,,,19.04483985900879
20180108,18.061622619628906,,19.980005264282227,,,,,,,18.35268211364746
20180109,18.54340362548828,22.21541976928711,19.873300552368164,21.892637252807617,22.082109451293945,20.283594131469727,20.86357307434082,19.022001266479492,17.809524536132812,18.15035057067871
20180110,18.282560348510742,21.51444435119629,19.185123443603516,,,19.8271427154541,20.434703826904297,18.76491928100586,17.771419525146484,18.70334243774414
20180111,19.361839294433594,22.612470626831055,20.810232162475586,22.0159854888916,22.148733139038086,21.01133155822754,21.317541122436523,19.198551177978516,18.222238540649414,18.367605209350586
20180112,,,,,,,,,,
20180113,18.93950843811035,21.912446975708008,20.220788955688477,,,,,,,
20180114,18.82709312438965,21.935054779052734,20.208831787109375,21.86583137512207,,20.392858505249023,21.060100555419922,19.6368350982666,17.96861457824707,17.843351364135742
20180115,19.005983352661133,21.939401626586914,19.9244441986084,21.14647674560547,21.251758575439453,20.394176483154297,21.073652267456055,19.10761833190918,18.09378433227539,
20180116,19.535621643066406,22.236167907714844,20.30441665649414,21.499998092651367,21.583581924438477,20.65033721923828,21.150320053100586,19.118974685668945,17.785860061645508,18.04045295715332
20180117,,,,,,,21.769176483154297,19.726642608642578,18.417253494262695,18.08574676513672
20180118,20.53121566772461,,,,,,,,,19.2255859375
20180119,21.22937774658203,24.601375579833984,22.408384323120117,24.1446590423584,24.370452880859375,23.167055130004883,23.685041427612305,21.652578353881836,19.494140625,
20180120,19.362390518188477,24.414447784423828,21.704959869384766,,,22.085399627685547,22.837953567504883,20.564571380615234,19.174997329711914,
20180121,19.97084617614746,24.35172462463379,21.25229835510254,,,21.456220626831055,,19.778512954711914,18.220518112182617,17.839582443237305
20180122,,,,,,,,19.301218032836914,17.911746978759766,20.282733917236328
20180123,19.333511352539062,,,,,,,,19.13080596923828,18.926267623901367
20180124,19.375621795654297,22.824281692504883,20.64947509765625,22.42697525024414,22.663414001464844,20.760717391967773,21.650571823120117,19.498319625854492,,21.05734634399414
20180125,19.390689849853516,,20.424114227294922,,,21.242464065551758,21.867401123046875,19.717987060546875,18.3405704498291,18.162521362304688
20180126,,23.863771438598633,,,,20.05437469482422,,,17.622026443481445,19.083526611328125
20180127,,,,,,,,,,
20180128,,,,,,,,,,21.587169647216797
20180129,,,,,,,,,,25.057939529418945
20180130,,,,,,,,,18.996170043945312,
20180131,,,,,,,,,,18.94988441467285
20180201,,,,,,,,17.965965270996094,16.051883697509766,19.542213439941406
20180202,,,,,,,,,16.089704513549805,19.615028381347656
20180203,,,,,,,,,,
20180204,18.768875122070312,22.064868927001953,20.234514236450195,21.134807586669922,21.527664184570312,20.48499870300293,21.18248176574707,18.384647369384766,17.32939338684082,
20180205,19.215959548950195,22.820497512817383,21.41008186340332,22.235910415649414,22.734302520751953,21.46845054626465,22.17547607421875,18.278064727783203,17.053430557250977,18.062149047851562
20180206,19.93669319152832,23.337997436523438,20.571369171142578,,,21.182159423828125,21.56223487854004,19.31761932373047,17.163021087646484,18.780517578125
20180207,,,21.40357208251953,,,21.772123336791992,22.224777221679688,19.76546287536621,18.498779296875,19.54258918762207
20180208,21.43870735168457,,,,,,,19.421428680419922,,19.984933853149414
20180209,20.889999389648438,,,,,,,,,
20180210,,25.57806396484375,,24.522457122802734,24.904272079467773,,23.622652053833008,20.46929359436035,18.951061248779297,19.00731086730957
20180211,19.242658615112305,23.12122344970703,20.863815307617188,,,20.999298095703125,21.74622344970703,19.01834487915039,17.676944732666016,19.390962600708008
20180212,,,21.504772186279297,,,21.1490478515625,21.799190521240234,20.08748435974121,,
20180213,,,,,,,,19.874725341796875,18.172101974487305,19.25092887878418
20180214,19.437414169311523,22.879013061523438,20.950321197509766,,,,,,,20.232784271240234
20180215,19.01991081237793,23.190637588500977,21.24146270751953,,,21.170000076293945,21.685440063476562,19.474063873291016,16.187164306640625,19.020301818847656
20180216,18.91443634033203,22.940738677978516,20.282670974731445,22.521072387695312,,,,18.785816192626953,17.307937622070312,18.445161819458008
20180217,20.041431427001953,22.955074310302734,21.014429092407227,22.63395881652832,22.584028244018555,21.003007888793945,21.709569931030273,19.369783401489258,17.329378128051758,18.570405960083008
20180218,,,21.137182235717773,,,22.180185317993164,22.805767059326172,19.22846221923828,17.54049301147461,18.6247501373291
20180219,18.945981979370117,,,,,,,,18.694604873657227,17.8841609954834
20180220,18.8730411529541,,20.632415771484375,,21.81901741027832,20.983394622802734,21.542314529418945,18.587446212768555,17.42473030090332,21.22051239013672
20180221,,,,,,,,,,18.7182674407959
20180222,,,,,,,,,,
20180225,,,,,,,,,,
20180226,19.03251075744629,23.092941284179688,20.671279907226562,22.335790634155273,22.408998489379883,21.253049850463867,21.865087509155273,18.729711532592773,16.416606903076172,17.287567138671875
20180227,19.864124298095703,22.980772018432617,21.086328506469727,22.39353370666504,22.536264419555664,21.432289123535156,21.9898738861084,19.24713897705078,17.42091178894043,18.743928909301758
20180228,19.841787338256836,23.37369155883789,21.255605697631836,,,21.444469451904297,22.071439743041992,19.49578285217285,,19.30586814880371
20180301,,,,,,,,,18.000444412231445,
20180302,19.00954246520996,,,,,,,,,19.054399490356445
20180303,19.334888458251953,22.351154327392578,20.665048599243164,,21.93338966369629,21.05341148376465,21.550039291381836,18.356740951538086,17.261260986328125,17.277278900146484
20180304,18.94460678100586,22.382314682006836,21.108118057250977,,,20.45659065246582,,18.919069290161133,17.614641189575195,18.016122817993164
20180305,19.811460494995117,22.873699188232422,20.57994842529297,,,,,,17.354007720947266,18.004213333129883
20180306,,,21.412343978881836,22.37055778503418,22.42608642578125,21.767623901367188,22.243976593017578,19.39685821533203,17.39116668701172,17.991390228271484
20180307,18.197093963623047,,,,,,,,,18.82538604736328
20180308,19.325063705444336,22.08924674987793,20.467222213745117,21.213619232177734,21.307159423828125,20.92961311340332,21.422441482543945,18.66059112548828,17.052663803100586,
20180309,19.458330154418945,22.598430633544922,20.723804473876953,21.76876449584961,22.010393142700195,21.40280532836914,21.817852020263672,19.15119171142578,17.352224349975586,17.896682739257812
20180310,20.332605361938477,22.85227394104004,21.099937438964844,21.944198608398438,22.17253303527832,21.4600830078125,21.77708625793457,19.194704055786133,17.668048858642578,18.580425262451172
20180311,,23.82919692993164,21.692216873168945,23.09549331665039,23.128332138061523,22.36212158203125,22.911209106445312,20.133222579956055,17.91653060913086,19.215646743774414
20180312,19.08974838256836,,,,,,,,,
20180313,,,,,,,,,,
20180314,,,,,,,,,,
20180315,19.035133361816406,21.88963508605957,20.702335357666016,21.226665496826172,20.492433547973633,,20.842580795288086,,,17.840471267700195
20180316,,22.5159912109375,21.126184463500977,21.536128997802734,21.512014389038086,21.01846694946289,21.54208755493164,18.30191993713379,16.960987091064453,17.90768051147461
20180317,,,,,,,,18.719079971313477,18.33371353149414,18.088821411132812
20180318,19.132410049438477,,21.011018753051758,,,,,,,
20180319,18.27898597717285,21.487049102783203,21.20115089416504,20.525657653808594,20.15615463256836,,,,,
20180320,17.996667861938477,20.8565616607666,19.614599227905273,,,,,18.58592987060547,16.904247283935547,17.51959800720215
20180321,18.235666275024414,21.33698844909668,19.822832107543945,20.18358039855957,20.110074996948242,20.525936126708984,20.679765701293945,17.764965057373047,17.03042221069336,18.189924240112305
20180322,18.189085006713867,,,,,21.314523696899414,21.19191551208496,18.697965621948242,16.940902709960938,17.21233367919922
20180323,18.89422607421875,,,,,,,,,18.020095825195312
20180324,19.765522003173828,22.19058609008789,21.601655960083008,21.46039390563965,21.83467674255371,,,,,
20180325,,,,,,,,,,
20180326,18.947973251342773,,19.163171768188477,20.357725143432617,,19.848390579223633,,18.188425064086914,16.794437408447266,17.504915237426758
20180327,,,,20.16107177734375,19.907716751098633,,,17.766071319580078,,17.667179107666016
20180328,,,,,,,,,18.021909713745117,17.332305908203125
20180329,18.489229202270508,20.210052490234375,20.126394271850586,,,,,,,
20180330,18.752811431884766,20.697988510131836,19.42173957824707,20.1929874420166,20.282062530517578,20.033428192138672,20.39687156677246,18.265636444091797,16.74030876159668,15.984935760498047
20180331,18.99735450744629,20.519447326660156,19.29178810119629,19.86795997619629,19.84136962890625,19.762588500976562,20.10590171813965,18.016244888305664,17.028297424316406,17.629667282104492
20180401,19.4249210357666,,18.911720275878906,,,,,17.96669578552246,17.125818252563477,16.81183433532715
20180402,,,,,,,,,18.094144821166992,17.076671600341797
20180403,18.685752868652344,,,,,,,,,18.25604820251465
20180404,18.662275314331055,20.43614959716797,18.85956573486328,19.742158889770508,19.52199935913086,19.49806022644043,19.791040420532227,17.421358108520508,17.216005325317383,
20180405,18.38002586364746,20.64122200012207,19.661653518676758,19.910341262817383,19.791715621948242,19.912870407104492,20.135488510131836,17.9942684173584,17.295900344848633,16.628585815429688
20180406,18.553936004638672,20.73438262939453,20.01993179321289,19.968801498413086,19.803024291992188,20.074003219604492,20.087547302246094,,16.823440551757812,16.1734619140625
20180407,,,19.630332946777344,20.34136199951172,,20.678571701049805,20.87590789794922,18.388845443725586,16.879301071166992,16.560932159423828
20180408,19.816722869873047,,,,,,,,,17.022239685058594
20180409,19.734310150146484,21.873933792114258,20.619041442871094,,,,,18.646331787109375,16.95215606689453,
20180410,19.631122589111328,21.75765609741211,20.964778900146484,21.3007755279541,21.39750099182129,21.27621078491211,21.465749740600586,,,17.071977615356445
20180411,19.782550811767578,21.5263671875,20.318273544311523,20.94184112548828,21.110626220703125,20.784231185913086,,18.776399612426758,,18.252912521362305
20180412,19.80992889404297,21.51030158996582,19.974628448486328,,,,,,,16.625354766845703
20180413,19.162464141845703,,,,,,,,17.91253662109375,17.05032730102539
20180414,19.060426712036133,,18.88472557067871,,,,,18.99187469482422,,
20180415,18.42880630493164,20.01412010192871,18.495319366455078,,,,,17.498397827148438,17.16080093383789,16.161861419677734
20180416,18.469947814941406,,18.698381423950195,19.308137893676758,,19.272798538208008,,18.11551284790039,,16.42612075805664
20180417,19.135692596435547,20.68788719177246,19.427654266357422,,,,,18.27185821533203,,16.8077392578125
20180418,,19.896324157714844,19.089914321899414,,,,,16.895776748657227,17.364208221435547,16.68070411682129
20180419,19.433086395263672,20.544729232788086,19.357866287231445,,,,,,,
20180420,19.79897689819336,20.888469696044922,19.791873931884766,,,,20.36659049987793,18.590660095214844,17.497499465942383,16.209867477416992
20180421,19.495563507080078,20.833288192749023,19.55582618713379,20.187822341918945,19.89671516418457,19.93561363220215,20.261037826538086,,17.252500534057617,16.978736877441406
20180422,19.736093521118164,20.798933029174805,19.566591262817383,19.87311553955078,19.70061492919922,19.65416717529297,19.797325134277344,18.28955841064453,17.260778427124023,16.512422561645508
20180423,19.273372650146484,,19.464048385620117,,20.43521499633789,,20.1436767578125,18.78778839111328,16.655332565307617,15.078720092773438
20180424,19.25470733642578,,,,,,,,,16.06671142578125
20180425,18.85069465637207,19.872228622436523,18.609960556030273,,19.078088760375977,18.89412498474121,19.20754623413086,17.562915802001953,16.81529998779297,
20180426,19.006135940551758,20.246217727661133,19.071430206298828,19.733245849609375,19.64789581298828,19.430395126342773,19.592056274414062,18.225095748901367,17.285905838012695,16.157155990600586
20180427,19.378442764282227,20.200807571411133,19.120479583740234,19.510337829589844,19.3403377532959,19.26307487487793,19.511707305908203,17.718597412109375,16.980239868164062,16.1436710357666
20180428,17.696210861206055,20.732929229736328,19.437726974487305,19.6896915435791,19.5596981048584,19.21388053894043,19.688507080078125,17.991647720336914,17.41921615600586,16.341859817504883
20180429,18.516603469848633,,,,,,,,17.97897720336914,16.644176483154297
20180430,19.028621673583984,20.353776931762695,19.32966423034668,19.464515686035156,19.393491744995117,19.514829635620117,19.853206634521484,18.456132888793945,17.278823852539062,16.02096176147461
20180501,19.07632064819336,19.982934951782227,19.28266716003418,19.50013542175293,19.429363250732422,19.581327438354492,19.840211868286133,18.3609619140625,17.939802169799805,16.692575454711914
20180502,19.084821701049805,19.62320899963379,18.644840240478516,,,,,17.43355941772461,17.077638626098633,
20180503,,,,,,,,,,16.582096099853516
20180504,,,,,,,,,,
20180505,18.529630661010742,18.847318649291992,18.565818786621094,,,,,,,16.803220748901367
20180506,18.21953773498535,18.7136287689209,18.05517578125,17.85099983215332,17.258380889892578,18.16407012939453,18.2539119720459,17.344839096069336,16.682044982910156,15.632135391235352
20180507,,,,,,,,,,
20180508,,18.33363914489746,17.814756393432617,17.621726989746094,17.26565170288086,18.217445373535156,18.250686645507812,17.36678695678711,16.66452980041504,15.68000602722168
20180509,,18.635841369628906,,18.0362491607666,,18.91038703918457,18.940673828125,17.267770767211914,16.669767379760742,15.967443466186523
20180510,18.10204315185547,,,,,,,,,16.4155216217041
20180511,18.173309326171875,17.699371337890625,17.79875373840332,,,17.869718551635742,,17.282608032226562,16.588293075561523,
20180512,17.064573287963867,17.300535202026367,17.023868560791016,,,,,,,15.71370792388916
20180513,18.0771541595459,16.882108688354492,17.239736557006836,,,,,,,15.635286331176758
20180514,,17.943803787231445,17.90174674987793,16.74622917175293,16.49347686767578,17.859254837036133,17.93642234802246,15.943583488464355,15.12205982208252,14.751038551330566
20180515,17.726661682128906,,,,,,,,,
20180516,17.323564529418945,16.804197311401367,17.92746353149414,15.891780853271484,15.860163688659668,17.26981544494629,17.485694885253906,,,
20180517,17.371891021728516,16.823341369628906,,,,,,,,14.418792724609375
20180518,,16.155105590820312,16.933826446533203,,,,,,15.753116607666016,14.64184856414795
20180519,18.72854232788086,16.650136947631836,17.20559310913086,15.5712308883667,,16.706422805786133,,16.233060836791992,15.689421653747559,15.167518615722656
20180520,,,,,,,,,,15.471379280090332
20180521,17.28567123413086,16.595632553100586,16.333507537841797,,,,,,,16.00275230407715
20180522,,,,,,,,,,
20180523,17.28251838684082,,,,,,,,,14.635960578918457
20180524,18.031810760498047,15.803731918334961,17.411659240722656,,,,,16.192596435546875,,
20180525,,,17.13789939880371,,,17.06368637084961,17.005586624145508,16.099641799926758,16.38710594177246,14.649872779846191
20180526,,,,,,,,14.85372543334961,16.64179229736328,15.892026901245117
20180527,,,,,,,,,,
20180528,17.81252098083496,15.971893310546875,16.817644119262695,15.157812118530273,15.168389320373535,16.19753074645996,16.425708770751953,15.786161422729492,15.92689037322998,15.4918851852417
20180529,18.016366958618164,16.102998733520508,16.65787696838379,15.09999942779541,15.06455135345459,16.042387008666992,16.19655418395996,15.673666000366211,15.664656639099121,
20180530,,16.232603073120117,16.878252029418945,15.591985702514648,15.041041374206543,16.361804962158203,16.71596336364746,16.156166076660156,16.09523582458496,14.857701301574707
20180531,17.722810745239258,,,,,,,,16.102325439453125,15.04687213897705
20180601,17.44053840637207,15.120640754699707,16.145431518554688,,,15.616188049316406,,16.02848243713379,14.935526847839355,15.72436809539795
20180602,,15.707180976867676,15.98080062866211,,,,,14.272964477539062,15.185258865356445,14.507009506225586
20180603,17.434167861938477,15.325279235839844,16.07025718688965,14.360000610351562,14.073508262634277,15.533397674560547,15.665491104125977,15.607853889465332,15.940461158752441,14.630863189697266
20180604,18.263471603393555,15.80897331237793,16.462574005126953,14.629802703857422,,15.748764991760254,15.680946350097656,15.710171699523926,15.536581039428711,14.871809005737305
20180605,,,,,,,,15.51852798461914,15.720870018005371,14.99716854095459
20180606,17.1450252532959,15.539178848266602,16.454513549804688,,,,,,,15.59310245513916
20180607,,,,,,,,,,13.954998970031738
20180608,,,,,,,,,15.962212562561035,14.219963073730469
20180609,17.725788116455078,14.763558387756348,17.005395889282227,,,,,15.62055492401123,15.622071266174316,15.07932186126709
20180610,,,,,,,15.999228477478027,16.088088989257812,16.236083984375,14.602497100830078
20180611,17.064422607421875,,,,,,,,16.428569793701172,15.425951957702637
20180612,17.125486373901367,14.94709587097168,15.532402992248535,,,15.159432411193848,,15.031098365783691,14.854623794555664,
20180613,,,,,,,,,,
20180614,17.49601173400879,14.654263496398926,15.999540328979492,14.026220321655273,13.704032897949219,14.86962890625,14.986902236938477,15.198197364807129,15.233527183532715,14.723883628845215
20180615,,,16.637290954589844,,,,15.338547706604004,16.233060836791992,15.333470344543457,14.370416641235352
20180616,16.963714599609375,,,,,,,,,14.600458145141602
20180617,16.434497833251953,13.973133087158203,14.790441513061523,13.52023696899414,,14.384284973144531,,16.094491958618164,,
20180618,16.410356521606445,14.232295036315918,14.540262222290039,,,,,14.650827407836914,15.69896125793457,
20180619,,13.903676986694336,14.146276473999023,,,,,,14.243475914001465,14.278709411621094
20180620,,,,,,,,,,
20180621,,,,,,,,14.741064071655273,15.554461479187012,13.137824058532715
20180622,16.075653076171875,13.752830505371094,14.87236499786377,,,,,,,13.57287883758545
20180623,16.13962745666504,13.664031028747559,14.749850273132324,12.96777057647705,12.838662147521973,13.940881729125977,14.094897270202637,14.434576034545898,12.621943473815918,
20180624,15.98824691772461,13.516220092773438,14.30789852142334,,12.464215278625488,13.926161766052246,13.848518371582031,14.771666526794434,15.173239707946777,
20180625,16.87366485595703,13.725062370300293,14.975317001342773,,13.27037525177002,14.164522171020508,13.890646934509277,,,14.520344734191895
20180626,,,,,,,,14.98298454284668,14.453749656677246,14.124983787536621
20180627,16.2004337310791,,,,,,,,,
20180628,15.927821159362793,13.347551345825195,14.374861717224121,11.959635734558105,12.368462562561035,13.458940505981445,13.772916793823242,14.5748929977417,15.417858123779297,13.77144718170166
20180629,16.490938186645508,,,,,,,,,13.308103561401367
20180630,16.6419677734375,13.046555519104004,14.502015113830566,12.301053047180176,11.991586685180664,13.548797607421875,13.491925239562988,13.879955291748047,14.770732879638672,14.249083518981934
20180701,15.602712631225586,13.73746109008789,14.370763778686523,12.914602279663086,12.589395523071289,13.956963539123535,13.795191764831543,14.252339363098145,14.710188865661621,14.178505897521973
20180702,17.053312301635742,,,,,,,,15.92957592010498,14.483121871948242
20180703,,,13.8601655960083,,,,,,,
20180704,14.91213607788086,13.303031921386719,13.40280532836914,,,,,,,
20180705,16.742525100708008,,15.753546714782715,,,,,,14.71337890625,14.356114387512207
20180706,16.37412452697754,12.876500129699707,14.833815574645996,12.340655326843262,11.808813095092773,13.293414115905762,,,14.818678855895996,13.897748947143555
20180707,,,,,,,,,14.862060546875,14.20790958404541
20180708,,,,,,,,,,14.14147663116455
20180709,15.147998809814453,,,,,,,,13.035979270935059,
20180710,15.870179176330566,12.558282852172852,13.398064613342285,11.785568237304688,11.772244453430176,,,,,15.014699935913086
20180711,16.521095275878906,12.666891098022461,14.254120826721191,12.052665710449219,11.980833053588867,13.05469036102295,12.845653533935547,14.132699966430664,,13.575407028198242
20180712,,,14.904881477355957,,,,,14.321616172790527,14.707140922546387,13.97244930267334
20180713,15.882493019104004,,,,,,,,,14.963098526000977
20180714,16.580915451049805,12.709334373474121,14.516961097717285,12.181985855102539,12.13132381439209,13.1546049118042,12.956666946411133,13.961408615112305,14.347784042358398,
20180715,15.883225440979004,12.487858772277832,14.136552810668945,11.952600479125977,11.903788566589355,12.946447372436523,12.66134262084961,13.873557090759277,14.27205753326416,14.401813507080078
20180716,16.398494720458984,12.541427612304688,14.684537887573242,,,,,14.309953689575195,13.73590087890625,
20180717,,,15.14328670501709,12.915192604064941,12.626572608947754,13.709827423095703,13.256299018859863,14.343501091003418,14.444706916809082,14.243997573852539
20180718,15.696651458740234,,,,,,,,15.356528282165527,14.151461601257324
20180719,15.430255889892578,12.454935073852539,13.350104331970215,,,12.927960395812988,,13.404841423034668,,14.207944869995117
20180720,15.421891212463379,12.20820426940918,13.993082046508789,11.894999504089355,11.57522201538086,13.133562088012695,12.207327842712402,13.735431671142578,14.362570762634277,14.579809188842773
20180721,15.951960563659668,,,,,,,11.90021800994873,14.052874565124512,13.538495063781738
20180722,16.61931800842285,12.76198673248291,14.825325012207031,12.107697486877441,11.859129905700684,13.021642684936523,13.06176471710205,14.35234546661377,14.26768970489502,
20180723,,,,,,,,,,13.375528335571289
20180724,15.485071182250977,11.929072380065918,13.495662689208984,,,,,,,13.992507934570312
20180725,15.410839080810547,11.906991004943848,14.816960334777832,,,,,13.676514625549316,14.02499008178711,14.485587120056152
20180726,15.390605926513672,,,,,,,,,10.059476852416992
20180727,16.481107711791992,,15.112174987792969,,,13.430071830749512,,14.36449146270752,14.17850399017334,13.916077613830566
20180728,,,,,,,,14.627169609069824,14.790872573852539,13.574348449707031
20180729,15.811394691467285,,,,,,,,,
20180730,15.196650505065918,12.302623748779297,13.108916282653809,,,,,,13.310416221618652,
20180731,15.197819709777832,12.362530708312988,13.843465805053711,12.198055267333984,12.196561813354492,12.901432991027832,12.656222343444824,13.652478218078613,13.63195514678955,13.854987144470215
20180801,15.871114730834961,12.419837951660156,13.926126480102539,12.132622718811035,,12.42324447631836,12.2884521484375,13.7988920211792,13.548221588134766,13.856907844543457
20180802,14.668234825134277,,15.26157283782959,13.1726655960083,13.214852333068848,13.7326021194458,13.467318534851074,14.293910026550293,13.593351364135742,13.087578773498535
20180803,15.774293899536133,,,,,,,,,
20180804,14.739029884338379,,,,,,,,,13.782726287841797
20180805,,12.576043128967285,,12.443437576293945,,,,12.383260726928711,,
20180806,15.234999656677246,12.054570198059082,12.486945152282715,11.9092378616333,,12.168998718261719,,14.835821151733398,,13.935870170593262
20180807,15.274382591247559,12.421041488647461,13.927311897277832,,11.762410163879395,12.982967376708984,12.501276016235352,13.868925094604492,13.49400806427002,14.12977123260498
20180808,,,,,,,,,,14.008611679077148
20180809,15.15009880065918,11.910264015197754,12.754545211791992,,,,,,,12.871512413024902
20180810,14.66695499420166,12.853638648986816,14.223775863647461,12.67957878112793,,12.949474334716797,,14.221197128295898,13.833221435546875,14.351339340209961
20180811,15.018533706665039,12.13399887084961,13.6665620803833,,,12.068281173706055,,13.829010963439941,13.532861709594727,
20180812,15.168560028076172,12.114713668823242,13.450509071350098,11.826578140258789,11.656899452209473,12.774250030517578,12.198478698730469,13.47877025604248,13.210358619689941,13.424683570861816
20180813,,,,,,,,,13.617315292358398,12.837334632873535
20180814,15.447386741638184,,,,,,,,,13.552498817443848
20180815,14.467790603637695,12.791772842407227,,,,,,14.810134887695312,13.87685775756836,
20180816,14.928449630737305,12.223612785339355,13.628255844116211,,12.02869987487793,12.733301162719727,12.453158378601074,13.499180793762207,13.439085006713867,13.24421501159668
20180817,15.406136512756348,12.271382331848145,13.45002555847168,12.049407005310059,12.000205039978027,12.531472206115723,12.362195014953613,13.521891593933105,13.442039489746094,12.365110397338867
20180818,,12.978090286254883,14.082879066467285,,,13.340768814086914,,14.280670166015625,13.862886428833008,13.714385986328125
20180819,15.399642944335938,,,,,,,,14.43748664855957,13.970409393310547
20180820,14.516168594360352,12.029091835021973,,,,,,,,12.823208808898926
20180821,14.895841598510742,12.392354011535645,12.889410018920898,,,,,13.268182754516602,13.215387344360352,13.71815299987793
20180822,15.41335391998291,12.540085792541504,13.780981063842773,12.156118392944336,12.119565963745117,12.786751747131348,12.445122718811035,13.42470932006836,13.24485969543457,13.269556045532227
20180823,,,,,,,,12.952921867370605,13.773554801940918,13.266449928283691
20180824,,,,,,,,13.677732467651367,14.537489891052246,13.408048629760742
20180825,15.2850980758667,12.855369567871094,14.13962173461914,,,,,,,13.39340591430664
20180826,14.471014022827148,12.833436965942383,13.965702056884766,12.626315116882324,12.61020565032959,12.963407516479492,12.70504093170166,13.803417205810547,12.910760879516602,
20180827,14.671361923217773,12.468000411987305,13.040093421936035,12.285080909729004,12.320511817932129,,,,13.202847480773926,13.347904205322266
20180828,15.405274391174316,12.932968139648438,13.9136962890625,12.03474235534668,12.172433853149414,12.829508781433105,12.444451332092285,12.940614700317383,13.505209922790527,12.99142837524414
20180829,14.712129592895508,,13.7411470413208,,,,,,13.603198051452637,13.081655502319336
20180830,,,,,,,,,,11.823525428771973
20180831,14.231393814086914,12.658191680908203,13.516294479370117,,,,,,,
20180901,14.698225975036621,,13.498863220214844,,,12.860869407653809,,13.400588035583496,13.402363777160645,13.59811019897461
20180902,15.178584098815918,,13.912545204162598,,,,,13.965479850769043,13.28667163848877,13.025763511657715
20180903,,13.647374153137207,14.11674690246582,13.296974182128906,13.280410766601562,13.344305992126465,13.03233814239502,13.501276016235352,13.201152801513672,12.8573637008667
20180904,14.996559143066406,,,,,,,,14.05944538116455,13.058663368225098
20180905,,13.586165428161621,13.790340423583984,13.549593925476074,13.549681663513184,13.540226936340332,13.345900535583496,14.442662239074707,,13.547375679016113
20180906,14.65888786315918,,14.228312492370605,,,,,12.384613990783691,13.361689567565918,
20180907,14.821614265441895,12.86352825164795,13.598379135131836,12.624772071838379,12.651501655578613,12.778264045715332,12.518462181091309,13.258550643920898,13.254348754882812,13.198034286499023
20180908,14.96103572845459,13.448882102966309,14.207240104675293,,,13.22926139831543,12.975640296936035,13.559207916259766,13.219831466674805,13.027787208557129
20180909,13.635520935058594,,13.917993545532227,,,,,13.749476432800293,13.47602653503418,12.64021110534668
20180910,15.215030670166016,12.853700637817383,13.615854263305664,,,,,,,13.231281280517578
20180911,15.510794639587402,14.132535934448242,14.536850929260254,13.95942211151123,14.22159481048584,13.925276756286621,13.784527778625488,14.218843460083008,13.819255828857422,13.380057334899902
20180912,14.849889755249023,13.29927921295166,13.615234375,12.982630729675293,13.231666564941406,13.014178276062012,12.90553092956543,13.363658905029297,13.30074405670166,13.14610767364502
20180913,15.228611946105957,13.615945816040039,13.892170906066895,13.199012756347656,13.296110153198242,13.076471328735352,12.926009178161621,13.15364933013916,12.936666488647461,12.350720405578613
20180914,,,,,,,,14.103507041931152,13.954374313354492,13.346782684326172
20180915,15.047924995422363,,,,,,,,,13.546780586242676
20180916,14.9057035446167,13.578888893127441,13.912181854248047,13.329078674316406,13.257755279541016,13.124041557312012,13.0,13.733233451843262,13.557015419006348,
20180917,14.929614067077637,13.704451560974121,13.898124694824219,13.365684509277344,13.462794303894043,13.237722396850586,13.203893661499023,13.607979774475098,,
20180918,15.208855628967285,13.842360496520996,13.797669410705566,13.405388832092285,13.515959739685059,13.235055923461914,13.234762191772461,13.574050903320312,13.723876953125,13.418773651123047
20180919,,14.186736106872559,14.276754379272461,13.692398071289062,13.681232452392578,13.576691627502441,13.454187393188477,13.69069766998291,13.329412460327148,12.542454719543457
20180920,14.593674659729004,,,,,,,,13.86071491241455,13.019815444946289
20180921,14.935179710388184,13.525543212890625,14.172345161437988,12.876716613769531,13.12448501586914,,12.844545364379883,,,13.324338912963867
20180922,15.202760696411133,14.321163177490234,14.310781478881836,13.773218154907227,14.16257095336914,13.672329902648926,13.696832656860352,13.82170581817627,13.581106185913086,
20180923,14.966608047485352,14.3395414352417,13.862373352050781,13.355229377746582,13.73399829864502,13.19196891784668,13.371180534362793,13.688809394836426,13.088349342346191,
20180924,15.001564979553223,14.786837577819824,14.589498519897461,14.271450996398926,14.401972770690918,13.78015422821045,13.700047492980957,13.3493013381958,13.035833358764648,12.947640419006348
20180925,,,,,,,,,13.695265769958496,12.766085624694824
20180926,15.64060115814209,14.184721946716309,14.344796180725098,,,,,,,13.034503936767578
20180927,,14.702763557434082,14.131721496582031,14.129597663879395,14.510066032409668,13.758383750915527,13.691532135009766,13.490046501159668,13.299287796020508,13.103570938110352
20180928,14.692955017089844,14.244784355163574,13.972800254821777,14.343415260314941,14.499998092651367,,,13.393816947937012,13.2348051071167,12.3338041305542
20180929,15.286910057067871,14.665297508239746,14.236432075500488,14.190762519836426,,13.549314498901367,13.430886268615723,13.471270561218262,13.21857738494873,12.797285079956055
20180930,14.83620548248291,,,,,,,14.082559585571289,,12.817184448242188
20181001,14.957794189453125,,13.72700023651123,,,13.933510780334473,,13.478797912597656,13.358838081359863,12.770236015319824
20181002,15.186657905578613,15.274331092834473,14.509228706359863,,,,,14.469202041625977,,
20181003,14.261000633239746,15.144968032836914,14.224324226379395,,,13.84911823272705,13.816978454589844,13.592182159423828,13.301681518554688,12.974112510681152
20181004,,14.96622371673584,,,,,,13.58592700958252,,
20181005,,15.817631721496582,15.105400085449219,,,,,,13.26136589050293,12.943763732910156
20181006,,,,,,,,13.562189102172852,14.119844436645508,13.359328269958496
20181008,14.79396915435791,15.68186092376709,14.756712913513184,,16.04599952697754,,14.596717834472656,14.222458839416504,13.543184280395508,13.44633960723877
20181009,,,,,,,,,,
20181010,,,,,,,,,,12.510065078735352
20181011,,,,,,,,,14.1371488571167,13.216606140136719
20181012,14.980901718139648,14.517537117004395,14.185357093811035,,,,,,13.574817657470703,13.70958423614502
20181013,15.357664108276367,15.984940528869629,14.787775039672852,15.713909149169922,15.965578079223633,14.574915885925293,14.460144996643066,14.269012451171875,13.417574882507324,12.900461196899414
20181014,15.281156539916992,,,,,,,13.242500305175781,13.337312698364258,13.321172714233398
20181015,16.75999641418457,,,,,,,,,
20181016,,,,,,,15.005269050598145,14.543232917785645,13.977943420410156,
20181017,,,,,,,,,,13.634306907653809
20181018,15.999030113220215,15.390694618225098,15.172941207885742,,,,,,,
20181019,14.943305015563965,15.505988121032715,,,,,,,13.732853889465332,13.224919319152832
20181020,15.492936134338379,16.046192169189453,14.871522903442383,15.520405769348145,15.526636123657227,14.433467864990234,14.565529823303223,14.100104331970215,13.407927513122559,13.329362869262695
20181021,,17.26654624938965,15.633374214172363,16.41253662109375,16.571352005004883,15.308051109313965,15.344338417053223,14.637773513793945,13.849394798278809,13.76388168334961
20181022,16.449901580810547,,,,,,,14.766626358032227,14.039328575134277,14.099295616149902
20181023,15.461166381835938,16.23305320739746,15.231413841247559,16.10634994506836,16.42659568786621,14.869726181030273,14.889091491699219,14.443117141723633,,14.588332176208496
20181024,15.07795524597168,16.12545394897461,14.332206726074219,16.081945419311523,16.368305206298828,15.253029823303223,15.350955963134766,14.696298599243164,13.835711479187012,13.413232803344727
20181025,15.87228775024414,16.873329162597656,15.346266746520996,,,14.956531524658203,14.94446849822998,14.698220252990723,13.993094444274902,14.133220672607422
20181026,15.942782402038574,16.698278427124023,15.866394996643066,16.90618324279785,16.850425720214844,15.468305587768555,15.50634765625,14.828810691833496,13.846216201782227,13.673273086547852
20181027,,,,,,,,,14.256080627441406,13.396419525146484
20181028,,,,,,,,,13.038010597229004,14.453679084777832
20181029,15.751640319824219,17.288333892822266,15.533251762390137,16.927932739257812,16.84901237487793,15.526554107666016,15.637974739074707,15.002823829650879,14.665258407592773,
20181030,16.10547637939453,17.222352981567383,15.877833366394043,17.04189109802246,17.12449073791504,15.746771812438965,15.869874954223633,15.091407775878906,14.239114761352539,14.127592086791992
20181031,16.423858642578125,17.93611717224121,16.32413673400879,17.59006690979004,17.78061866760254,15.874970436096191,15.903660774230957,15.438421249389648,13.583144187927246,13.175655364990234
20181101,,,,,,,,15.118483543395996,,14.552457809448242
20181102,16.99396324157715,,,,,,,,,14.668106079101562
20181103,16.356504440307617,17.87409019470215,,,,,,15.108505249023438,14.364148139953613,
20181104,,,15.23108196258545,,,,,15.187161445617676,,
20181105,,,,,,,,,,
20181106,,,,,,,,,,12.756072044372559
20181107,16.73038101196289,,,,,,,,14.771278381347656,14.079777717590332
20181108,16.22187042236328,18.17169952392578,16.534000396728516,18.242605209350586,,16.597126007080078,16.298437118530273,15.904170036315918,,14.834973335266113
20181109,16.35055923461914,18.549346923828125,16.410659790039062,,,,,,14.630833625793457,
20181110,16.895381927490234,18.440879821777344,16.61379051208496,18.29413414001465,18.55062484741211,16.685474395751953,17.015748977661133,15.62378215789795,14.691427230834961,13.997862815856934
20181111,16.701265335083008,19.18425941467285,17.244874954223633,18.842599868774414,18.964710235595703,17.117053985595703,17.384347915649414,16.126144409179688,15.41252326965332,14.331148147583008
20181112,,,,,,,,,,13.470418930053711
20181113,,,,,,,,,,
20181114,16.152278900146484,,,,,,,,,
20181115,16.846813201904297,19.66289520263672,16.62909698486328,,,16.494274139404297,17.16067123413086,16.174726486206055,14.824660301208496,14.045357704162598
20181116,17.08308219909668,19.32414436340332,17.052467346191406,19.102266311645508,18.93631935119629,16.989917755126953,17.149906158447266,16.273910522460938,15.053558349609375,14.644173622131348
20181117,17.74370765686035,,19.088088989257812,19.975830078125,19.95241928100586,18.2270450592041,18.182861328125,16.813322067260742,15.448760986328125,14.346710205078125
20181118,17.30156898498535,,,,,,,,,15.178171157836914
20181119,,20.46172332763672,18.49868392944336,20.367067337036133,20.568931579589844,18.800987243652344,18.96658706665039,17.644031524658203,16.66146469116211,14.927999496459961
20181120,16.20903968811035,,,,,,,,,14.443331718444824
20181121,17.04620933532715,19.107694625854492,17.512544631958008,19.003572463989258,19.141847610473633,16.953432083129883,17.181612014770508,16.105798721313477,14.903945922851562,14.609060287475586
20181122,,19.35992431640625,17.194368362426758,19.083845138549805,,,,,,14.207046508789062
20181123,16.408870697021484,,,,,,,,15.395920753479004,14.510876655578613
20181124,15.720154762268066,18.725553512573242,17.080249786376953,18.470312118530273,18.231033325195312,17.116031646728516,17.278846740722656,16.376476287841797,,
20181125,16.124670028686523,17.64739990234375,16.529586791992188,,,16.84032440185547,17.065162658691406,,,
20181126,16.135732650756836,17.31609535217285,16.319190979003906,,,,,,,15.1651029586792
20181127,,,,,,,,,,14.487869262695312
20181128,,,,,,,,,15.493110656738281,15.045976638793945
20181129,16.58754539489746,17.700546264648438,16.46342658996582,,,,,,,
20181130,16.86290740966797,18.4990234375,16.926042556762695,18.029611587524414,18.087738037109375,17.14966583251953,17.345577239990234,16.25011444091797,15.277347564697266,
20181201,16.93621253967285,19.08041000366211,18.11527442932129,18.79229736328125,18.925731658935547,17.823659896850586,17.958703994750977,16.825109481811523,15.420126914978027,14.854700088500977
20181202,17.173337936401367,18.819171905517578,17.13127899169922,18.2145938873291,,17.192873001098633,17.158090591430664,16.192869186401367,15.028177261352539,
20181203,,,,,,,,,14.934366226196289,14.590619087219238
20181204,16.90444564819336,,,,,,,,,14.77355670928955
20181205,17.830442428588867,19.686586380004883,17.87006378173828,19.064220428466797,19.17763900756836,17.782976150512695,17.953632354736328,16.670503616333008,15.238390922546387,
20181206,17.950288772583008,20.22733497619629,18.424081802368164,19.89460563659668,20.03434181213379,18.607175827026367,18.912519454956055,17.718544006347656,16.444433212280273,15.557482719421387
20181207,,,,,,,,,16.84372329711914,16.694246292114258
20181208,,21.457000732421875,,,,,,,,16.09833335876465
20181209,16.836755752563477,,,,,,,,16.77660369873047,15.922152519226074
20181210,16.519533157348633,,17.320377349853516,19.091609954833984,,17.6021728515625,18.139617919921875,16.882497787475586,,17.520387649536133
20181211,17.376680374145508,20.351028442382812,18.049074172973633,19.885229110717773,20.049137115478516,18.283855438232422,18.60729217529297,17.120615005493164,16.115821838378906,15.521368980407715
20181212,16.164688110351562,,17.892431259155273,20.115739822387695,20.77345085144043,18.3170166015625,19.171161651611328,17.558454513549805,16.537181854248047,15.834303855895996
20181213,17.7233829498291,,17.27552604675293,20.4205379486084,,,,,,
20181214,,,,,,,,,,
20181215,,,15.20859432220459,,,,,,,
20181216,15.137957572937012,,,,,,,,14.833168029785156,15.022479057312012
20181217,18.281652450561523,19.910625457763672,18.240816116333008,,,,,14.094489097595215,13.717635154724121,16.368614196777344
20181218,,20.921714782714844,,20.12787628173828,20.629037857055664,,18.934467315673828,17.107040405273438,16.600353240966797,
20181219,,,,,,,,,15.310184478759766,16.388202667236328
20181220,,,,,,,,,,17.847787857055664
20181221,16.637134552001953,20.557226181030273,,,,,,17.105485916137695,,17.240375518798828
20181222,17.016502380371094,20.236785888671875,17.783748626708984,,,18.13287925720215,18.70216178894043,17.013025283813477,15.378263473510742,15.578680038452148
20181223,17.767099380493164,20.281375885009766,18.286354064941406,20.015066146850586,20.04217529296875,18.585582733154297,18.881990432739258,17.43894386291504,15.671717643737793,17.013418197631836
20181224,,21.505205154418945,19.731142044067383,20.84480094909668,21.031986236572266,19.72608184814453,19.823972702026367,18.347360610961914,16.471147537231445,16.914443969726562
20181225,18.779895782470703,,,,,,,,,18.170652389526367
20181226,18.247371673583984,21.374713897705078,19.1479434967041,21.408918380737305,21.911928176879883,19.643604278564453,20.345243453979492,18.05730628967285,,18.397367477416992
20181227,18.56498908996582,21.91762351989746,19.780345916748047,21.97916603088379,22.620229721069336,20.40065574645996,20.939224243164062,19.22062873840332,16.856477737426758,17.103689193725586
20181228,17.07012367248535,,19.06923484802246,,,,,18.87838363647461,16.867647171020508,
20181229,,,,,,,,,,
20181230,,,,,,,,,17.237058639526367,
20181231,18.037208557128906,21.117252349853516,19.17206573486328,,,,,,,17.844512939453125
20190101,18.317913055419922,22.04444122314453,19.44883155822754,21.925195693969727,22.18209457397461,19.792055130004883,20.484960556030273,18.582340240478516,16.729055404663086,16.905858993530273
20190102,18.502643585205078,21.84702491760254,19.356590270996094,21.780460357666016,22.117237091064453,19.681459426879883,20.454620361328125,18.37523651123047,17.052623748779297,17.377931594848633
20190103,19.202964782714844,22.575092315673828,20.069028854370117,21.968971252441406,22.3149356842041,20.03130340576172,20.63070297241211,18.83934211730957,17.11408233642578,17.971742630004883
20190104,,,,,,,,20.492488861083984,18.620372772216797,18.59770965576172
20190105,18.19389533996582,,,,,,,,,18.30074119567871
20190106,18.34236717224121,22.050161361694336,19.56354522705078,,,19.192272186279297,20.03525161743164,17.933122634887695,16.166086196899414,
20190107,18.31060218811035,21.805784225463867,18.968547821044922,21.809391021728516,21.855072021484375,19.641618728637695,20.23110580444336,17.430734634399414,16.39101791381836,
20190108,18.685791015625,22.094432830810547,19.67292022705078,21.75800132751465,,19.34749984741211,,17.724681854248047,17.205615997314453,17.356775283813477
20190109,,22.65393829345703,20.33182716369629,21.953977584838867,,20.173845291137695,21.524002075195312,18.85096549987793,17.492591857910156,17.44815444946289
20190110,,,,,,,,18.07141876220703,16.06102180480957,18.586149215698242
20190111,18.815820693969727,21.710205078125,19.645170211791992,21.64616584777832,21.682615280151367,20.00896453857422,20.606199264526367,18.86517906188965,,19.028179168701172
20190112,18.701549530029297,22.741106033325195,19.947246551513672,22.367050170898438,22.80900001525879,20.502498626708984,21.35170555114746,19.23631477355957,17.456798553466797,
20190113,18.83011817932129,22.304149627685547,19.91324806213379,22.083850860595703,22.190446853637695,20.29620933532715,20.97287368774414,18.80957794189453,16.79007911682129,18.564231872558594
20190114,20.44109344482422,22.88953971862793,20.727012634277344,22.322038650512695,22.486417770385742,20.676084518432617,21.237342834472656,19.121610641479492,17.649906158447266,18.481327056884766
20190115,,,,,,,,,,
20190116,,,,,,,,,,20.38381576538086
20190117,,,,,,,,,,
20190118,17.913820266723633,,19.302955627441406,,,,,19.533967971801758,18.232847213745117,18.2071590423584
20190119,19.019128799438477,,19.747573852539062,,,20.411285400390625,20.815202713012695,18.873361587524414,17.618640899658203,18.50737190246582
20190120,19.29718780517578,,20.06208038330078,,,,,19.707082748413086,18.047210693359375,18.192424774169922
20190121,19.514570236206055,,20.534820556640625,,,,,,,
20190122,19.858558654785156,22.771696090698242,20.830690383911133,22.741859436035156,23.45687484741211,21.341054916381836,22.137815475463867,19.825172424316406,17.404741287231445,
20190123,20.429250717163086,24.017370223999023,21.49962615966797,23.81378173828125,24.5118408203125,21.972734451293945,22.70477294921875,20.072221755981445,17.96904182434082,
20190124,21.218721389770508,24.519277572631836,21.99127960205078,24.041446685791016,24.631805419921875,22.054611206054688,22.596477508544922,20.5753116607666,18.359285354614258,18.61874771118164
20190125,,,,26.589359283447266,,,,21.08327865600586,,20.661968231201172
20190126,19.411500930786133,,,,,,,,19.173593521118164,18.809160232543945
20190127,19.521121978759766,,20.51739501953125,,,20.97715187072754,,19.875534057617188,,19.090497970581055
20190128,19.481103897094727,23.29783058166504,20.777536392211914,23.156415939331055,23.601537704467773,21.038785934448242,21.810251235961914,19.744022369384766,17.86975860595703,18.104137420654297
20190129,20.28287696838379,23.438222885131836,21.165468215942383,23.570066452026367,23.948715209960938,21.554719924926758,22.068042755126953,20.113012313842773,18.44188690185547,18.855464935302734
20190130,20.759563446044922,24.147932052612305,22.016164779663086,24.089933395385742,24.441822052001953,22.045970916748047,22.670551300048828,20.762554168701172,18.830242156982422,19.443180084228516
20190131,,,,,,,,,19.16208267211914,19.411643981933594
20190201,19.283674240112305,22.52994155883789,20.718050003051758,,,,,,,20.1732234954834
20190202,19.57498550415039,22.994646072387695,21.0515193939209,23.0412654876709,23.27312469482422,21.638832092285156,22.358470916748047,19.90935707092285,17.884992599487305,18.022789001464844
20190203,20.13710594177246,23.697269439697266,21.460386276245117,23.23894691467285,23.43666648864746,22.041229248046875,22.592214584350586,20.122350692749023,18.441003799438477,19.346742630004883
20190204,20.717592239379883,23.967836380004883,22.096847534179688,23.704999923706055,23.742088317871094,,22.60703468322754,18.811599731445312,17.78647232055664,19.975603103637695
20190205,,24.32707405090332,22.385786056518555,23.70045280456543,23.524152755737305,21.86687660217285,22.630041122436523,19.74089813232422,17.260900497436523,19.202695846557617
20190206,18.53564453125,,,,,,,,,20.282958984375
20190207,18.40047264099121,23.103050231933594,20.613990783691406,22.38240623474121,22.68256378173828,21.006969451904297,21.579259872436523,19.804941177368164,,
20190208,,,,,,,,,,18.67230224609375
20190209,19.856828689575195,23.512907028198242,,,,,,,,20.248611450195312
20190210,,,21.668825149536133,22.76192855834961,,21.80824851989746,,19.17696189880371,17.690397262573242,18.329736709594727
20190211,19.281509399414062,,,,,,,19.393922805786133,,18.82338523864746
20190212,19.295644760131836,22.480819702148438,21.29410171508789,21.723114013671875,21.876667022705078,21.249034881591797,21.807954788208008,,,20.082321166992188
20190213,18.92799949645996,,19.907392501831055,21.910400390625,,20.647716522216797,,19.244197845458984,17.323749542236328,17.788888931274414
20190214,18.901792526245117,21.967927932739258,20.21912384033203,20.957000732421875,,20.264509201049805,,19.251087188720703,,19.630521774291992
20190215,19.830793380737305,22.38568115234375,20.790056228637695,21.529163360595703,21.399267196655273,21.019140243530273,21.42626190185547,18.933732986450195,16.841278076171875,16.704591751098633
20190216,,21.58405113220215,,,,,,,17.991243362426758,18.478321075439453
20190217,20.506330490112305,22.94517707824707,22.28400993347168,,,,,,16.20706558227539,18.798494338989258
20190218,,,,,,,,,17.542043685913086,
20190219,18.948400497436523,21.796627044677734,20.288509368896484,21.647624969482422,,,,18.70442008972168,17.297367095947266,18.06778335571289
20190220,19.431928634643555,22.50428581237793,20.430145263671875,,,20.818553924560547,,19.209150314331055,17.658077239990234,19.258846282958984
20190221,,,21.40972137451172,,,,21.812166213989258,19.137737274169922,17.664255142211914,17.707563400268555
20190222,19.120973587036133,,,,,,,,,
20190223,19.57672882080078,22.514081954956055,20.68368148803711,21.8808650970459,21.876087188720703,21.176082611083984,21.53794288635254,18.874462127685547,17.003507614135742,
20190224,19.764514923095703,22.633926391601562,20.910253524780273,22.169599533081055,22.21608543395996,21.38852882385254,21.741321563720703,19.363540649414062,17.636451721191406,17.974084854125977
20190225,20.656286239624023,22.817657470703125,21.305377960205078,22.513765335083008,22.66326332092285,21.628637313842773,21.877460479736328,19.742938995361328,18.257349014282227,18.49176597595215
20190226,,23.900360107421875,21.782772064208984,23.65688705444336,23.515079498291016,22.582815170288086,22.73688507080078,20.644296646118164,18.29277992248535,19.406309127807617
20190227,20.37075424194336,,,,,,,,18.60991668701172,18.415586471557617
20190228,20.51325035095215,24.068212509155273,22.219335556030273,23.78000259399414,,22.431406021118164,22.79926872253418,20.45341682434082,,19.507944107055664
20190301,20.631757736206055,24.298694610595703,22.099960327148438,24.077228546142578,24.7432861328125,22.689016342163086,23.381460189819336,20.473506927490234,18.776321411132812,18.771488189697266
20190302,20.848485946655273,24.405038833618164,22.24853515625,24.169483184814453,24.700197219848633,22.617816925048828,23.458105087280273,20.814855575561523,18.80239486694336,19.777128219604492
20190303,,24.821744918823242,23.18191909790039,24.30354881286621,24.879932403564453,22.381210327148438,24.035118103027344,20.992658615112305,,19.864910125732422
20190304,,,,,,,,20.094165802001953,18.216495513916016,18.177330017089844
20190305,18.410985946655273,21.78865623474121,21.15530776977539,,,,,,,18.888784408569336
20190306,18.389999389648438,,19.255508422851562,,,,,18.972644805908203,17.8962345123291,17.706785202026367
20190307,18.620229721069336,23.005407333374023,20.306488037109375,,,20.73699951171875,,19.235307693481445,17.30540657043457,18.494497299194336
20190308,19.63010597229004,23.04798126220703,20.939170837402344,22.070228576660156,21.963401794433594,20.46877670288086,21.5814208984375,19.54924964904785,,
20190309,19.899070739746094,,21.601850509643555,22.75170135498047,,21.648632049560547,22.181894302368164,19.568626403808594,17.287569046020508,17.277921676635742
20190310,20.01033592224121,,21.114124298095703,,,,,17.86248016357422,16.89238166809082,17.315153121948242
20190311,,,19.686817169189453,21.82345962524414,21.866525650024414,21.2364444732666,21.33057975769043,19.192533493041992,,19.792390823364258
20190312,18.413244247436523,23.012035369873047,,,,,,,17.047975540161133,17.68252944946289
20190313,19.644657135009766,22.61913299560547,20.844633102416992,,,,21.47304344177246,18.964149475097656,17.05350112915039,17.560476303100586
20190314,,23.190935134887695,21.163753509521484,22.194061279296875,22.048885345458984,21.582555770874023,22.04987907409668,19.529186248779297,17.353973388671875,17.464258193969727
20190315,19.039722442626953,,,,,,,,,17.832420349121094
20190316,19.14655113220215,21.565502166748047,20.061250686645508,20.90838050842285,20.95416831970215,20.57834243774414,21.194578170776367,18.666156768798828,,17.6377010345459
20190317,19.321407318115234,22.19922637939453,20.560590744018555,21.574602127075195,21.554582595825195,21.089601516723633,21.574382781982422,19.040769577026367,17.669694900512695,17.690113067626953
20190318,19.1240177154541,22.263856887817383,20.441072463989258,21.62295913696289,21.748533248901367,21.009803771972656,21.441116333007812,18.818458557128906,17.81912612915039,18.14738655090332
20190319,19.503602981567383,,21.04142189025879,21.80121612548828,,21.246427536010742,,19.427358627319336,18.04546546936035,17.817129135131836
20190320,,,20.741619110107422,,,,,19.30810546875,18.16373634338379,16.72189712524414
20190321,18.81999969482422,,19.26219940185547,,,,,,,19.762115478515625
20190322,19.13812828063965,22.030555725097656,20.17167854309082,21.396718978881836,21.73271369934082,20.48780059814453,21.442337036132812,18.979705810546875,,
20190323,19.20121192932129,,20.291770935058594,,,20.99941062927246,,19.403602600097656,17.680639266967773,18.985191345214844
20190324,19.85858726501465,,18.862272262573242,,,,,,16.78902816772461,17.661151885986328
20190325,,23.533292770385742,,,,,,19.936494827270508,17.06711196899414,18.18280601501465
20190326,18.74669647216797,,,,,,,,,17.683902740478516
20190327,18.55393409729004,21.30792808532715,19.374235153198242,20.448814392089844,20.257923126220703,20.025333404541016,20.67290687561035,18.3895320892334,16.9351863861084,
20190328,19.054067611694336,21.433319091796875,19.98543357849121,20.918333053588867,20.74109649658203,20.612876892089844,21.144378662109375,18.947246551513672,17.24582862854004,16.975032806396484
20190329,19.593900680541992,,19.98241424560547,,,20.85790252685547,,19.490203857421875,17.633604049682617,17.3553466796875
20190330,18.716508865356445,,20.36956787109375,21.02841567993164,,20.878808975219727,,19.128599166870117,16.912933349609375,16.64636993408203
20190331,18.304744720458984,,,,,,,,,16.96099090576172
20190401,18.473018646240234,20.40627098083496,19.76046371459961,,,,,,,
20190402,19.08148956298828,20.656625747680664,19.83153533935547,19.90277099609375,19.870624542236328,19.941402435302734,20.48252296447754,18.0675106048584,16.143226623535156,16.375682830810547
20190403,19.22513771057129,20.759164810180664,20.254772186279297,19.91153335571289,20.01164436340332,20.252304077148438,20.644084930419922,18.74788475036621,16.734060287475586,17.01321792602539
20190404,19.722637176513672,,19.648374557495117,,,,,18.337541580200195,17.189136505126953,16.684524536132812
20190405,19.276445388793945,,19.564613342285156,,,,,18.79408836364746,17.062423706054688,16.91914939880371
20190406,18.660058975219727,,19.528718948364258,,,,,,,16.840055465698242
20190407,18.532846450805664,20.31974220275879,19.230680465698242,19.49310874938965,19.266952514648438,19.562381744384766,19.82466697692871,18.480884552001953,17.413747787475586,
20190408,18.904024124145508,20.629640579223633,19.839757919311523,19.70859146118164,19.647253036499023,,,18.337448120117188,16.33207130432129,16.99323272705078
20190409,19.46602439880371,20.70325469970703,19.29020881652832,19.671289443969727,19.552297592163086,,,18.094112396240234,16.43764305114746,16.426525115966797
20190410,,,19.819677352905273,,,,,19.03077507019043,16.541147232055664,16.31901741027832
20190411,18.858999252319336,,,,,,,,,16.525217056274414
20190412,19.232988357543945,20.159164428710938,19.467824935913086,19.232465744018555,19.071531295776367,19.851476669311523,20.09836196899414,18.507247924804688,16.934919357299805,
20190413,,,,,,,,,,
20190414,19.5684757232666,,18.55706024169922,,,,,,16.080955505371094,16.446613311767578
20190415,16.921489715576172,18.956912994384766,18.971153259277344,,18.637636184692383,19.02620506286621,19.726282119750977,18.68426513671875,16.865053176879883,16.64828872680664
20190416,18.505775451660156,,,,,,,,17.841201782226562,17.235553741455078
20190417,19.040128707885742,,,,,,,,,17.3471622467041
20190418,18.120698928833008,19.336400985717773,18.845731735229492,,18.48124885559082,,18.83382797241211,,16.23369789123535,16.46962547302246
20190419,17.774490356445312,19.699190139770508,18.828636169433594,18.783864974975586,18.61753273010254,19.267261505126953,19.4667911529541,18.037195205688477,16.98567008972168,16.5081844329834
20190420,19.44671630859375,20.510181427001953,19.874879837036133,,,19.796655654907227,19.63465118408203,18.491676330566406,16.736103057861328,16.900054931640625
20190421,,,,,,,,,,17.006175994873047
20190422,19.114931106567383,,18.68701934814453,,,,,,,16.955886840820312
20190423,18.256729125976562,19.058523178100586,18.79521942138672,18.29373550415039,18.05366325378418,19.296890258789062,19.215991973876953,17.842044830322266,16.11141586303711,
20190424,18.343252182006836,18.868024826049805,18.336116790771484,18.121164321899414,17.899656295776367,18.923521041870117,18.763782501220703,17.119258880615234,16.779184341430664,15.458054542541504
20190425,19.28400421142578,18.858686447143555,18.43026351928711,,,18.80099868774414,18.98394012451172,17.727083206176758,16.525846481323242,16.45726203918457
20190426,,,,,,,,,,
20190427,17.816720962524414,,,,,,,,,16.589454650878906
20190428,18.261369705200195,18.334016799926758,,17.594255447387695,17.27758026123047,,,,,
20190429,18.312143325805664,18.184907913208008,18.072206497192383,,,,,17.210363388061523,16.894821166992188,16.0161075592041
20190430,,,,,,,,,16.27932357788086,15.890280723571777
20190501,,,,,,,,,,
20190502,17.674570083618164,,,,,,,,17.411109924316406,16.313175201416016
20190503,17.988462448120117,17.716346740722656,17.886266708374023,17.171234130859375,16.910175323486328,17.998584747314453,18.05437469482422,17.307600021362305,,16.88628578186035
20190504,17.525089263916016,17.338489532470703,17.439542770385742,16.67099952697754,,18.15163230895996,18.18239974975586,17.712501525878906,16.260711669921875,15.626713752746582
20190505,17.9069881439209,17.04676055908203,17.492076873779297,,,,,,16.396665573120117,15.470209121704102
20190506,18.83762550354004,17.632431030273438,17.95954704284668,17.005632400512695,16.55264663696289,18.154008865356445,17.878280639648438,16.50646209716797,15.258869171142578,15.957810401916504
20190507,,,,,,,,,16.96898651123047,16.060447692871094
20190508,17.93557357788086,17.54378890991211,17.852834701538086,,,,,,,
20190509,16.95022964477539,16.849468231201172,,,,,,,,
20190510,17.64859390258789,16.107210159301758,16.857046127319336,15.650672912597656,15.457385063171387,16.510934829711914,16.986618041992188,16.5784854888916,15.734053611755371,14.85621452331543
20190511,18.11924934387207,16.37195587158203,17.01987648010254,15.266886711120605,,16.185758590698242,,16.69894790649414,15.649513244628906,15.189977645874023
20190512,,,,,,,17.62140655517578,16.94977569580078,15.957931518554688,15.23531436920166
20190513,17.130945205688477,,,,,,,,14.087032318115234,15.260213851928711
20190514,17.71596336364746,16.182090759277344,16.96714210510254,15.577799797058105,15.440693855285645,16.619382858276367,16.69672203063965,16.1857852935791,15.427017211914062,
20190515,17.608287811279297,16.220293045043945,16.952939987182617,15.596665382385254,15.489391326904297,16.539745330810547,16.707040786743164,16.342863082885742,15.333650588989258,14.600784301757812
20190516,18.108856201171875,16.236690521240234,17.03203010559082,15.659409523010254,15.48952865600586,16.619693756103516,16.726381301879883,16.274078369140625,15.705848693847656,15.67330551147461
20190517,17.689096450805664,16.817604064941406,17.694236755371094,16.32626724243164,16.186214447021484,17.35879135131836,17.38191795349121,16.841644287109375,16.055429458618164,15.642861366271973
20190518,18.043285369873047,,,,,,,16.37632179260254,16.494108200073242,15.46069622039795
20190519,18.104293823242188,16.805376052856445,17.326824188232422,,,,,,,15.575157165527344
20190520,17.304935455322266,16.403045654296875,16.7278995513916,15.84277057647705,15.734587669372559,16.572982788085938,16.863582611083984,16.37030601501465,16.308799743652344,14.771244049072266
20190521,17.462875366210938,,16.05467987060547,,,,,,,15.22381591796875
20190522,17.890621185302734,16.819541931152344,17.24676513671875,15.944602966308594,15.778263092041016,16.739944458007812,16.6719913482666,16.510581970214844,16.135948181152344,15.620802879333496
20190523,16.638784408569336,,,,,,,,16.86157989501953,15.68869400024414
20190524,18.005949020385742,,,,,,,,,14.952386856079102
20190525,17.364242553710938,16.409664154052734,16.759679794311523,16.029726028442383,15.928938865661621,16.586015701293945,16.59210968017578,16.00572395324707,16.065994262695312,15.14296817779541
20190526,17.238483428955078,16.16193389892578,16.604618072509766,15.696985244750977,15.449614524841309,16.44993782043457,16.464561462402344,16.229860305786133,16.222854614257812,15.617410659790039
20190527,17.731082916259766,,16.70114517211914,15.737835884094238,,16.38141632080078,16.45403289794922,16.093307495117188,15.50614070892334,15.097149848937988
20190528,,,,,,,,16.718252182006836,16.316852569580078,15.51390266418457
20190529,17.36855125427246,,,,,,,,,15.758743286132812
20190530,17.180559158325195,15.19616985321045,16.2139835357666,,,16.05466651916504,15.979695320129395,16.048269271850586,15.471575736999512,
20190531,16.053958892822266,14.848422050476074,,,,,,,,14.400396347045898
20190601,16.917814254760742,14.675468444824219,15.236454010009766,,,,,,12.434490203857422,
20190602,17.642881393432617,15.709352493286133,16.314434051513672,,,,,16.107500076293945,14.648100852966309,15.10256290435791
20190603,,,,,,,,,16.040447235107422,15.371047019958496
20190604,,14.860966682434082,15.405802726745605,,,,,15.495623588562012,,15.12990665435791
20190605,16.311260223388672,14.38557243347168,,,,,,,15.518509864807129,
20190606,16.619970321655273,14.252866744995117,15.145483016967773,,,,,,,14.150776863098145
20190607,17.420690536499023,14.866098403930664,16.125226974487305,14.008001327514648,13.840652465820312,15.329638481140137,15.288877487182617,15.164000511169434,15.336053848266602,
20190608,17.143062591552734,,,,,,,15.497796058654785,16.209779739379883,14.966732025146484
20190609,,,,,,,,,,14.5878324508667
20190610,16.564477920532227,,15.553333282470703,,,,,,,
20190611,16.827966690063477,14.31139850616455,15.634453773498535,13.84333324432373,13.537633895874023,14.989208221435547,15.024105072021484,15.27205753326416,15.261497497558594,14.72048568725586
20190612,,,,,,,,,,
20190613,,,15.73750114440918,,,15.16093635559082,15.485221862792969,15.366456031799316,15.302538871765137,14.376253128051758
20190614,16.578886032104492,,,,,,,,,15.074043273925781
20190615,16.6273250579834,14.009342193603516,15.819875717163086,,,,,14.811271667480469,14.165257453918457,
20190616,16.74610710144043,14.20831298828125,15.181605339050293,,,,,,,
20190617,16.980512619018555,13.734213829040527,14.630887985229492,,,,13.730525016784668,14.243206024169922,14.865327835083008,14.798482894897461
20190618,,14.707812309265137,15.87759017944336,14.175286293029785,14.276442527770996,15.062041282653809,15.003678321838379,15.151193618774414,14.91242504119873,
20190619,16.494123458862305,,,,,,,,15.433635711669922,14.589905738830566
20190620,16.09117317199707,13.728946685791016,14.470221519470215,,,,,14.886144638061523,,14.701273918151855
20190621,15.927651405334473,,14.837141990661621,,,14.337259292602539,14.127967834472656,14.412046432495117,14.865120887756348,14.862642288208008
20190622,16.135887145996094,,15.155055046081543,13.226284980773926,12.967405319213867,14.025446891784668,13.960165977478027,14.369665145874023,14.440387725830078,14.263297080993652
20190623,16.875263214111328,13.868471145629883,15.3038969039917,12.990737915039062,12.644194602966309,14.241537094116211,14.096611022949219,14.3914213180542,14.516314506530762,13.972909927368164
20190624,15.783355712890625,,16.027379989624023,,,14.445545196533203,,15.241084098815918,15.637207984924316,14.438606262207031
20190625,15.97199535369873,,,,,,,,,13.347217559814453
20190626,16.182960510253906,13.401230812072754,14.87324047088623,12.875066757202148,12.54188346862793,14.011423110961914,13.95908260345459,14.421627044677734,14.825302124023438,14.275418281555176
20190627,16.1551570892334,13.332021713256836,14.713452339172363,12.814932823181152,12.378132820129395,13.882682800292969,13.92628002166748,14.549076080322266,14.792877197265625,14.29171085357666
20190628,15.831811904907227,13.519681930541992,15.714492797851562,,,,,,,14.02060604095459
20190629,,,,,,,,15.109546661376953,14.999610900878906,14.38796615600586
20190630,14.827749252319336,,,,,,,,,14.602457046508789
20190701,14.475239753723145,12.734309196472168,14.485973358154297,12.826666831970215,12.472681045532227,13.7910737991333,13.615619659423828,14.045299530029297,14.066102981567383,
20190702,15.579337120056152,13.010705947875977,14.073979377746582,12.522464752197266,12.254926681518555,13.82143783569336,13.08666706085205,13.826994895935059,14.422975540161133,13.599891662597656
20190703,15.947364807128906,12.628167152404785,14.16156005859375,12.235344886779785,11.925089836120605,,13.021666526794434,,14.212323188781738,14.223686218261719
20190704,,13.58069133758545,15.154165267944336,13.162727355957031,12.764837265014648,14.074044227600098,13.812560081481934,,14.586101531982422,14.235305786132812
20190705,15.817048072814941,,,,,,,,15.598819732666016,14.400733947753906
20190706,15.511631965637207,12.885791778564453,13.151208877563477,12.308828353881836,11.98472785949707,,13.117499351501465,14.710602760314941,,14.170526504516602
20190707,15.487255096435547,,,,,,,,,14.4534912109375
20190708,15.761862754821777,13.03664493560791,14.31916332244873,12.647872924804688,12.43398380279541,13.393196105957031,13.431042671203613,14.002581596374512,14.428183555603027,14.270598411560059
20190709,16.365270614624023,13.503499984741211,14.827567100524902,12.945262908935547,12.78027057647705,13.66624927520752,13.309221267700195,14.470871925354004,14.444587707519531,13.738886833190918
20190710,,,,,,,,14.2672119140625,15.050819396972656,14.112052917480469
20190711,15.153395652770996,12.675856590270996,14.166703224182129,,,,,,,13.8164644241333
20190712,15.115625381469727,13.09431266784668,13.563575744628906,12.71048355102539,,13.326093673706055,,13.98078441619873,,
20190713,15.40419864654541,12.864189147949219,14.14280891418457,12.473088264465332,12.364529609680176,13.215993881225586,12.987431526184082,13.897432327270508,13.973015785217285,13.773375511169434
20190714,15.436470031738281,12.830865859985352,13.4840087890625,12.16010856628418,,,,14.426142692565918,13.91181468963623,13.25415325164795
20190715,,,,,,,,,14.143367767333984,13.631875991821289
20190716,13.521854400634766,,,,,,,,,13.733000755310059
20190717,13.890198707580566,10.722257614135742,,,,,,14.4033784866333,,
20190718,14.978902816772461,12.929393768310547,14.073802947998047,,,,,13.923192024230957,,13.564363479614258
20190719,15.579166412353516,12.996005058288574,14.0125093460083,12.593223571777344,12.581597328186035,13.31396770477295,13.002413749694824,13.596867561340332,14.1306791305542,13.61465835571289
20190720,,,14.730731964111328,,13.44734001159668,14.153828620910645,13.733470916748047,14.616774559020996,14.329560279846191,10.755735397338867
20190721,15.251428604125977,,,,,,,,15.047469139099121,13.381382942199707
20190722,14.772309303283691,12.974602699279785,14.244219779968262,12.609526634216309,12.467041969299316,13.361412048339844,13.138031959533691,14.23336124420166,,14.172754287719727
20190723,14.890996932983398,12.724970817565918,13.567760467529297,12.495340347290039,,,,13.666584968566895,13.952474594116211,
20190724,15.056740760803223,12.562349319458008,13.718384742736816,,,12.949714660644531,12.707306861877441,13.548935890197754,13.386743545532227,13.408321380615234
20190725,13.209047317504883,13.457151412963867,14.237854957580566,12.852752685546875,12.864398956298828,13.530312538146973,,13.984521865844727,13.739389419555664,12.663015365600586
20190726,,,,,,,,,,
20190727,13.599206924438477,11.495780944824219,,,,,,13.282916069030762,,13.613434791564941
20190728,14.490767478942871,13.12551212310791,13.796732902526855,,,,,,13.66739559173584,13.010176658630371
20190729,14.728212356567383,,13.824822425842285,,,,,,13.950968742370605,13.288666725158691
20190730,15.50821304321289,13.158638954162598,14.093306541442871,12.724605560302734,12.73013687133789,13.16122817993164,12.948817253112793,13.589216232299805,13.705988883972168,13.36733341217041
20190731,,,,,,,,,13.67065143585205,12.48291015625
20190801,14.99237060546875,,,,,,,,,13.644227981567383
20190802,15.156100273132324,13.048099517822266,13.368331909179688,,,,,13.403570175170898,,
20190803,14.603063583374023,12.863035202026367,13.035226821899414,,,,,,,
20190804,15.61854362487793,12.129464149475098,12.606110572814941,,,,,,,11.351509094238281
20190805,,13.4269380569458,14.442327499389648,13.415440559387207,13.225372314453125,13.837485313415527,13.47675609588623,14.388489723205566,13.651529312133789,
20190806,15.02474594116211,,,,,,,,13.861892700195312,13.860733032226562
20190807,13.899468421936035,12.50399112701416,,,,,,,,
20190808,14.765361785888672,12.789865493774414,13.595807075500488,12.724857330322266,,13.091686248779297,12.838265419006348,13.683385848999023,13.52856159210205,13.20458698272705
20190809,14.894850730895996,12.737093925476074,13.626214027404785,,,12.818272590637207,12.648273468017578,13.435782432556152,13.286234855651855,13.103437423706055
20190810,15.363204956054688,12.914703369140625,14.01743221282959,12.470390319824219,12.179469108581543,12.847468376159668,12.737685203552246,13.556891441345215,13.350937843322754,12.794489860534668
20190811,,,,,,,,,13.340073585510254,12.670465469360352
20190812,14.53587818145752,12.364727973937988,12.881543159484863,,,,,,,13.278736114501953
20190813,14.130233764648438,12.227616310119629,12.792156219482422,11.824867248535156,11.709999084472656,12.25291633605957,12.25935173034668,13.116483688354492,12.882007598876953,12.263593673706055
20190814,14.748603820800781,12.485413551330566,13.525574684143066,12.08388900756836,11.962089538574219,12.694574356079102,12.479838371276855,13.29755973815918,13.116029739379883,12.490154266357422
20190815,14.350119590759277,12.798614501953125,13.869441032409668,12.281132698059082,12.122608184814453,12.796786308288574,12.600598335266113,12.725550651550293,12.369264602661133,12.683838844299316
20190816,,,,,,,,14.019083023071289,13.631438255310059,12.361382484436035
20190817,14.429991722106934,,,,,,,,,13.291666984558105
20190818,14.39295768737793,12.524882316589355,13.759491920471191,,,,,11.839869499206543,,
20190819,14.360211372375488,12.296380043029785,13.152292251586914,11.791638374328613,11.64052677154541,12.491917610168457,12.25783634185791,13.289437294006348,13.033026695251465,12.814910888671875
20190820,14.711906433105469,12.312122344970703,13.18981647491455,11.956774711608887,,12.26378345489502,12.12244701385498,12.8641939163208,12.925033569335938,12.754593849182129
20190821,,13.182831764221191,13.578060150146484,12.64229679107666,12.499360084533691,12.952437400817871,,13.294189453125,12.495922088623047,12.416491508483887
20190822,13.449878692626953,,,,,,,,13.800580978393555,12.818482398986816
20190823,14.631339073181152,12.692805290222168,13.510316848754883,12.21860122680664,12.27750015258789,12.714577674865723,12.391144752502441,12.745256423950195,,
20190824,14.68402099609375,13.05813217163086,13.521753311157227,12.799666404724121,12.814779281616211,13.084044456481934,12.791559219360352,13.532739639282227,13.343722343444824,12.844457626342773
20190825,14.454773902893066,12.486144065856934,13.372389793395996,12.149519920349121,12.130119323730469,12.436234474182129,12.289403915405273,13.020000457763672,12.948911666870117,12.458561897277832
20190826,14.354284286499023,12.825616836547852,13.146589279174805,12.215150833129883,12.094432830810547,12.30186653137207,12.10362434387207,13.068113327026367,12.945767402648926,12.509462356567383
20190827,,,,,,,,13.289631843566895,13.44821834564209,12.40002155303955
20190828,14.397903442382812,12.470425605773926,13.067895889282227,,,,,,11.99328899383545,12.730928421020508
20190829,,,,,,,,,,
20190830,14.585875511169434,12.820908546447754,13.514741897583008,12.513040542602539,12.49284553527832,12.730284690856934,12.576803207397461,13.170731544494629,13.1595458984375,12.074105262756348
20190831,14.415438652038574,13.170741081237793,13.828726768493652,12.758986473083496,12.701416969299316,12.95639705657959,12.807096481323242,13.339829444885254,13.231242179870605,12.714133262634277
20190901,,,,,,,,,13.424110412597656,11.101807594299316
20190902,14.690499305725098,,,,,,,,,12.906149864196777
20190903,14.609097480773926,13.262809753417969,13.465373992919922,12.777791976928711,12.89206600189209,12.766279220581055,12.62356948852539,12.936187744140625,12.744451522827148,
20190904,,,,,,,,,13.249451637268066,12.402853965759277
20190905,15.026083946228027,13.759968757629395,13.775135040283203,12.765137672424316,,12.852166175842285,,13.409256935119629,13.139692306518555,12.638910293579102
20190906,,14.1043119430542,13.800644874572754,13.41148567199707,13.483014106750488,13.141864776611328,12.951621055603027,13.256444931030273,,12.605340003967285
20190907,14.183704376220703,,,,,,,,13.54687213897705,12.875837326049805
20190908,14.518558502197266,13.726530075073242,14.164166450500488,,,,,13.592864036560059,,12.818659782409668
20190909,14.255725860595703,13.282658576965332,13.342885971069336,12.900799751281738,12.888082504272461,12.796625137329102,12.644492149353027,12.95229434967041,12.940418243408203,12.545947074890137
20190910,14.589929580688477,13.285806655883789,13.436040878295898,12.773932456970215,12.708014488220215,12.569791793823242,12.467212677001953,12.642175674438477,12.892350196838379,12.370674133300781
20190911,,14.104775428771973,14.274835586547852,13.392105102539062,13.417959213256836,13.307861328125,13.192301750183105,13.511431694030762,13.099104881286621,12.475786209106445
20190912,,,,,,,,,,11.448616027832031
20190913,14.58009147644043,13.278585433959961,13.11916732788086,,,,,,,
20190914,15.115713119506836,14.307852745056152,14.17582893371582,13.602777481079102,13.707807540893555,13.325427055358887,13.199957847595215,13.510966300964355,12.725503921508789,12.046562194824219
20190915,15.363401412963867,14.751065254211426,14.410085678100586,,,,,13.548455238342285,,
20190916,14.689273834228516,15.230688095092773,14.12354850769043,,,,,,12.744558334350586,12.481765747070312
20190917,,,,,,,,13.761431694030762,13.092883110046387,12.316819190979004
20190918,14.844928741455078,,,,,,,,,12.813616752624512
20190919,14.773858070373535,,13.621688842773438,14.313117027282715,14.15383529663086,13.742094993591309,13.944998741149902,13.965441703796387,13.342540740966797,12.518242835998535
20190920,,,,,,,,,,
20190921,14.796853065490723,13.853729248046875,13.68028450012207,,,13.110186576843262,,13.163017272949219,,
20190922,,14.634520530700684,14.3251371383667,14.160811424255371,14.03887939453125,13.6329927444458,13.621261596679688,13.778332710266113,12.875388145446777,12.404166221618652
20190923,14.434541702270508,,,,,,,,13.515192031860352,12.74927043914795
20190924,14.456310272216797,13.877983093261719,13.668620109558105,13.507162094116211,13.634998321533203,13.04110050201416,12.83944320678711,13.302165985107422,,13.159161567687988
20190925,14.391310691833496,14.218944549560547,13.943414688110352,13.731207847595215,13.940899848937988,13.418773651123047,13.4606294631958,13.479695320129395,13.016690254211426,12.354918479919434
20190926,15.072175979614258,14.39745044708252,14.128937721252441,14.00679874420166,14.22830867767334,13.578994750976562,13.671040534973145,13.65491008758545,13.11827278137207,12.323663711547852
20190927,14.969480514526367,15.219646453857422,14.809165000915527,14.896376609802246,,14.290542602539062,14.184601783752441,13.577364921569824,13.437292098999023,12.383909225463867
20190928,,,,,,,,,13.435681343078613,12.442079544067383
20190929,14.541580200195312,13.839207649230957,13.565020561218262,,,,,,,
20190930,14.684840202331543,14.418553352355957,13.990983963012695,14.11410903930664,,13.433253288269043,13.380534172058105,13.448843002319336,13.419999122619629,
20191001,15.092766761779785,14.96718692779541,14.3600492477417,14.618354797363281,14.723955154418945,13.865851402282715,13.964960098266602,13.876091003417969,13.321578025817871,12.766341209411621
20191002,15.576581001281738,15.867242813110352,15.191801071166992,,,14.55085277557373,14.339090347290039,14.371150970458984,,12.75545597076416
20191003,,14.370821952819824,14.532856941223145,,,,,,,13.26915454864502
20191004,,,,,,,,,11.876389503479004,13.001476287841797
20191005,15.968993186950684,,,,,,,,,
20191007,15.083504676818848,,14.000760078430176,,,,,,12.457109451293945,
20191008,,16.99348258972168,15.089986801147461,,,14.695235252380371,14.573934555053711,14.128752708435059,12.897783279418945,12.36241340637207
20191009,15.152874946594238,,,,,,,,13.309772491455078,12.669271469116211
20191010,15.11386489868164,15.705499649047852,14.533628463745117,15.21351432800293,15.189552307128906,13.962528228759766,13.990630149841309,13.860963821411133,,13.184374809265137
20191011,15.079439163208008,16.027877807617188,14.742172241210938,15.555944442749023,15.561986923217773,14.255918502807617,14.372396469116211,13.673967361450195,13.213217735290527,12.218507766723633
20191012,15.477449417114258,16.167436599731445,14.714470863342285,15.623748779296875,15.701804161071777,14.202752113342285,14.449056625366211,13.984140396118164,13.189241409301758,12.434772491455078
20191013,,,,,,,,,,12.42699146270752
20191014,,,,,,,,14.71451187133789,13.88594913482666,13.04474925994873
20191015,15.236019134521484,15.45950984954834,14.67141342163086,,,,,,,13.470263481140137
20191016,14.880486488342285,16.73346710205078,,,,,,,,
20191017,14.862018585205078,16.119918823242188,14.531534194946289,15.757856369018555,15.865769386291504,14.348698616027832,14.371809959411621,14.053696632385254,13.239818572998047,12.90976333618164
20191018,14.801301956176758,16.19373321533203,14.699856758117676,15.926709175109863,15.92249870300293,14.68619155883789,14.764070510864258,14.143549919128418,13.794150352478027,
20191019,,,,,,,15.144078254699707,14.729752540588379,13.45053768157959,12.70274829864502
20191020,15.431438446044922,,,,,,,,,13.381583213806152
20191021,14.8155517578125,16.209945678710938,15.013691902160645,15.967364311218262,16.013877868652344,14.832921028137207,15.021322250366211,14.345807075500488,13.706294059753418,
20191022,15.652363777160645,16.381046295166016,15.299568176269531,,16.77972984313965,15.157438278198242,15.362388610839844,14.83772087097168,13.872438430786133,12.383028984069824
20191023,16.349376678466797,17.315664291381836,16.06565284729004,17.050987243652344,17.310928344726562,15.922887802124023,16.0350399017334,15.455534934997559,14.19094181060791,13.569229125976562
20191024,,19.161067962646484,17.727027893066406,18.538785934448242,18.548749923706055,17.284128189086914,17.17516326904297,16.576656341552734,15.103321075439453,14.01053237915039
20191025,15.460911750793457,,,,,,,,,13.707107543945312
20191026,15.27950668334961,17.413497924804688,15.231810569763184,,,14.898491859436035,15.401618957519531,14.653050422668457,,13.449860572814941
20191027,15.269941329956055,16.856964111328125,14.907499313354492,,,,,14.825175285339355,,
20191028,15.828258514404297,17.214426040649414,15.261746406555176,16.602153778076172,16.93216323852539,15.02500057220459,15.623933792114258,14.627113342285156,14.069125175476074,13.035669326782227
20191029,16.129533767700195,17.95121192932129,16.37770652770996,17.32337760925293,17.758262634277344,16.076499938964844,16.357181549072266,14.728155136108398,13.698253631591797,13.286527633666992
20191030,15.15563678741455,,15.061511039733887,,,,,15.346281051635742,15.334306716918945,13.951717376708984
20191031,16.699539184570312,,17.115381240844727,,,,,16.46561050415039,14.803269386291504,14.371481895446777
20191101,,,,,,,,,,14.32848834991455
20191102,15.594719886779785,,15.117422103881836,,,,,,,
20191103,16.219820022583008,,15.847129821777344,,,,,,14.967449188232422,13.768159866333008
20191104,,,,18.934677124023438,19.760133743286133,17.43357276916504,17.401485443115234,16.603622436523438,,13.871438026428223
20191105,15.891107559204102,,,,,,,,,13.957560539245605
20191106,16.323955535888672,18.912256240844727,16.217185974121094,17.417787551879883,17.658048629760742,15.688639640808105,16.220285415649414,15.40906810760498,13.179163932800293,
20191107,,18.67693519592285,15.955307006835938,,,16.041749954223633,,14.973546028137207,14.313529968261719,13.007441520690918
20191108,16.221275329589844,,16.11531639099121,,,16.030330657958984,,15.130200386047363,13.680999755859375,12.916582107543945
20191109,,18.6905574798584,16.5613956451416,18.217222213745117,,16.37821388244629,,15.564485549926758,13.892099380493164,12.847344398498535
20191110,16.038902282714844,,,,,,,,,
20191111,16.900590896606445,18.40130615234375,16.9121036529541,17.967754364013672,18.002315521240234,16.760700225830078,,15.290285110473633,,13.354455947875977
20191112,15.743218421936035,,16.058345794677734,17.825166702270508,,,,15.32722282409668,13.8341646194458,12.877549171447754
20191113,15.934731483459473,18.410669326782227,15.653580665588379,,,15.798209190368652,16.25102996826172,15.090094566345215,13.68146800994873,13.172605514526367
20191114,,18.148021697998047,,,,,,15.142142295837402,13.974250793457031,12.503633499145508
20191115,16.845054626464844,,16.566469192504883,,,,,,14.15938949584961,13.13217830657959
20191116,16.879249572753906,17.979022979736328,16.62928581237793,,,,,,,14.00413703918457
20191117,16.326066970825195,18.04117774963379,15.322905540466309,,,,,13.570666313171387,13.023807525634766,
20191118,16.658235549926758,18.2940731048584,16.50647735595703,17.77609634399414,17.77718162536621,16.512073516845703,16.816879272460938,15.242216110229492,14.101203918457031,12.818875312805176
20191119,,19.124372482299805,17.29863739013672,18.648052215576172,18.842172622680664,17.184526443481445,17.674880981445312,16.45503807067871,14.007406234741211,13.946266174316406
20191120,15.994009971618652,,,,,,,16.695419311523438,14.675716400146484,13.345245361328125
20191121,,,,,,,,,14.056604385375977,14.205497741699219
20191122,16.307695388793945,19.335081100463867,16.981884002685547,,,16.860708236694336,17.458593368530273,16.013235092163086,14.363574981689453,
20191123,16.44608497619629,19.68277359008789,16.48507308959961,18.679466247558594,,17.086458206176758,17.683917999267578,15.690332412719727,14.490485191345215,14.291362762451172
20191124,17.382953643798828,19.086442947387695,16.896318435668945,18.7852783203125,19.177223205566406,17.061277389526367,17.683048248291016,16.06674575805664,14.437407493591309,14.090983390808105
20191125,,20.613515853881836,17.49974250793457,20.07819366455078,20.36404037475586,18.40732765197754,18.822683334350586,16.98310661315918,15.05230712890625,14.150062561035156
20191126,16.718719482421875,,,,,,,,14.542333602905273,13.782878875732422
20191127,16.981069564819336,19.074861526489258,17.041807174682617,18.68763542175293,18.824365615844727,17.0977840423584,17.34716033935547,15.975207328796387,,15.211882591247559
20191128,16.541933059692383,19.017662048339844,17.07692527770996,18.99534034729004,19.05318832397461,17.118980407714844,17.78693199157715,16.178503036499023,15.688875198364258,14.7140474319458
20191129,17.22726058959961,19.196823120117188,16.93952751159668,,,16.721174240112305,17.094886779785156,15.906172752380371,14.627572059631348,14.24690055847168
20191130,17.582788467407227,19.01734733581543,17.3951416015625,18.963268280029297,18.67407989501953,17.348060607910156,17.747791290283203,16.123123168945312,14.424433708190918,13.927179336547852
20191201,,17.900588989257812,,,,,,,,
20191202,,,,,,,,,,14.476665496826172
20191203,16.617700576782227,,,,,,,,,
20191204,17.497947692871094,18.582687377929688,17.87267303466797,,,,,,14.00131607055664,13.822643280029297
20191205,17.729297637939453,19.1531982421875,17.706600189208984,18.782697677612305,18.758045196533203,17.628238677978516,18.049842834472656,16.527944564819336,,15.840482711791992
20191206,,,,,,,,,,
20191207,17.464488983154297,,,,,,,,12.015698432922363,13.466035842895508
20191208,17.421152114868164,20.28431510925293,18.05712127685547,19.84160041809082,19.924245834350586,18.440893173217773,18.781030654907227,16.70799446105957,14.245689392089844,13.54194164276123
20191209,,19.95383071899414,,20.27940559387207,20.418834686279297,18.45330047607422,19.12550926208496,,,15.255480766296387
20191210,,,,,,,,,,
20191211,,20.9511775970459,18.7049503326416,19.877227783203125,19.844493865966797,18.295440673828125,18.60577964782715,17.044153213500977,15.046972274780273,14.172024726867676
20191212,,,,,,,,,,
20191213,18.12971305847168,20.28928565979004,,,,,,,,13.818619728088379
20191214,17.326751708984375,19.776681900024414,18.195707321166992,,,,,,,
20191215,17.801677703857422,20.089839935302734,17.563932418823242,19.521068572998047,19.662498474121094,17.649860382080078,17.969999313354492,15.828516006469727,,
20191216,,21.243961334228516,19.338340759277344,20.605518341064453,20.814245223999023,19.53238868713379,19.857929229736328,17.64470863342285,15.445561408996582,13.927523612976074
20191217,17.41228675842285,,18.75252914428711,,,19.699438095092773,19.52561378479004,18.079748153686523,15.59257984161377,15.371664047241211
20191218,20.087724685668945,21.774202346801758,20.184999465942383,,,,,,,16.438095092773438
20191219,19.193016052246094,22.21764373779297,20.40948486328125,22.738862991333008,23.19196891784668,20.723722457885742,21.47233772277832,19.24677848815918,17.446739196777344,
20191220,20.090116500854492,23.179508209228516,20.612356185913086,22.780000686645508,23.545982360839844,21.00765609741211,21.937519073486328,19.498764038085938,17.33243751525879,16.342561721801758
20191221,18.110897064208984,21.58211898803711,19.382122039794922,21.85202407836914,22.33976936340332,19.707332611083984,20.029691696166992,18.043453216552734,16.114221572875977,15.06639575958252
20191222,,,,,21.044557571411133,19.67500114440918,,17.958864212036133,16.977792739868164,14.97336196899414
20191223,17.983875274658203,,,,,,,,16.222131729125977,15.803544044494629
20191224,18.656755447387695,21.749298095703125,19.23625946044922,21.666067123413086,21.836196899414062,19.500139236450195,20.31264305114746,18.073518753051758,16.005599975585938,
20191225,18.42087745666504,21.02132225036621,19.415483474731445,21.627363204956055,21.829660415649414,19.52197265625,20.23778533935547,18.154117584228516,16.264751434326172,15.458318710327148
20191226,18.167964935302734,22.27117347717285,19.20550537109375,21.638025283813477,21.988971710205078,19.41456413269043,20.213960647583008,18.1414852142334,16.262258529663086,16.12746238708496
20191227,19.5151424407959,,19.695180892944336,,,19.45229721069336,,18.485244750976562,16.16355323791504,15.939779281616211
20191228,19.605932235717773,,,,,,,,,
20191229,19.499605178833008,23.74028968811035,20.336551666259766,23.042272567749023,23.60808563232422,20.417251586914062,21.50787353515625,18.953519821166992,,19.78089714050293
20191230,20.238080978393555,24.91889762878418,21.024438858032227,23.921985626220703,24.314167022705078,21.689565658569336,22.666868209838867,20.322227478027344,18.753454208374023,17.98905372619629
20191231,18.763580322265625,22.94441795349121,19.138471603393555,,,19.65656852722168,20.301250457763672,18.42422866821289,16.114938735961914,16.469635009765625
20200101,19.00640869140625,22.8756103515625,19.84807586669922,22.43680191040039,22.55074691772461,19.816715240478516,20.45653533935547,18.425954818725586,16.406585693359375,16.492507934570312
20200102,,,,,,,,20.142210006713867,17.34189224243164,16.819135665893555
20200103,19.607667922973633,,19.858543395996094,,,,,,16.73855209350586,17.8491153717041
20200104,,21.47484016418457,,,21.154422760009766,,20.02674102783203,18.793670654296875,18.314809799194336,17.580175399780273
20200105,18.52728271484375,,,,,,,,,
20200106,18.925832748413086,,18.949525833129883,,,19.26739501953125,19.554794311523438,18.21869468688965,16.376752853393555,16.146060943603516
20200107,,23.53473663330078,,,,,,18.946680068969727,17.069915771484375,16.6789493560791
20200108,18.92641258239746,,,,,,,,15.931103706359863,16.39840316772461
20200109,19.5200252532959,22.357934951782227,20.597963333129883,22.3359317779541,22.71392059326172,20.85344123840332,21.22782325744629,19.301071166992188,17.188945770263672,17.269865036010742
20200110,,22.83934783935547,,,,,20.642066955566406,,,16.615142822265625
20200111,18.77954864501953,21.589868545532227,19.398929595947266,,,19.7270450592041,20.174396514892578,18.513992309570312,16.355867385864258,16.738250732421875
20200112,,22.958585739135742,20.793771743774414,22.20305633544922,22.26462745666504,20.57530975341797,20.838973999023438,19.184677124023438,,
20200113,19.06707191467285,,,,,,,,17.68254852294922,17.22000503540039
20200114,18.53775978088379,22.613187789916992,19.916385650634766,22.713815689086914,22.892183303833008,20.734121322631836,20.945194244384766,18.709505081176758,,19.72764778137207
20200115,19.153064727783203,22.794599533081055,19.648916244506836,,,19.90361976623535,,18.7921199798584,17.340259552001953,16.008508682250977
20200116,18.638545989990234,22.70691680908203,18.922523498535156,,,,,17.948238372802734,16.572975158691406,16.120454788208008
20200117,18.65372657775879,22.597837448120117,20.62578582763672,,21.784738540649414,20.12455177307129,20.78764533996582,18.19447898864746,16.366161346435547,16.339025497436523
20200118,,21.359153747558594,19.800640106201172,,,20.42787742614746,20.984697341918945,18.402379989624023,16.765451431274414,16.62111473083496
20200119,18.63623046875,,,,,,,,,18.206472396850586
20200120,17.87041664123535,21.657840728759766,19.753578186035156,,,,,,,
20200121,18.415769577026367,21.24832534790039,19.192781448364258,19.870452880859375,,,,,15.5185546875,16.30211067199707
20200122,19.775419235229492,22.413677215576172,20.579999923706055,21.732542037963867,21.449520111083984,19.952207565307617,20.92158317565918,,,17.33810806274414
20200123,17.722389221191406,,,,,,,,,
20200124,17.73862075805664,,,,,,,,,17.036500930786133
20200125,18.52162742614746,21.168846130371094,19.279024124145508,20.138242721557617,20.083667755126953,19.564525604248047,19.957780838012695,17.91617774963379,15.932289123535156,
20200126,18.74808120727539,21.755773544311523,18.301315307617188,,,,20.190767288208008,17.72965431213379,16.11174964904785,17.969478607177734
20200127,19.421329498291016,21.804183959960938,19.546480178833008,20.9636173248291,21.166778564453125,20.108732223510742,20.351787567138672,18.2926082611084,16.764387130737305,16.66598892211914
20200128,,22.747150421142578,21.039884567260742,21.840591430664062,22.028451919555664,20.80150604248047,21.071775436401367,19.183650970458984,16.966899871826172,16.196544647216797
20200129,,22.85819435119629,,,,,,,,17.493244171142578
20200130,20.4028377532959,23.137887954711914,21.203176498413086,22.539932250976562,22.88734245300293,21.62299346923828,22.013113021850586,20.464862823486328,,20.713193893432617
20200131,,,,,,,,,19.089157104492188,18.70438575744629
20200201,19.66788101196289,,18.58683204650879,,,,,,,
20200202,20.36092185974121,22.886619567871094,20.857563018798828,22.552265167236328,22.721981048583984,21.129011154174805,21.510082244873047,19.658103942871094,17.72649574279785,17.397266387939453
20200203,,,,,,,,,18.137083053588867,18.285444259643555
20200204,19.611839294433594,21.596973419189453,19.294898986816406,,,,,,,17.700538635253906
20200205,19.05129051208496,22.05693244934082,19.9541015625,21.199359893798828,21.15732765197754,20.30036163330078,20.801773071289062,18.474079132080078,17.238941192626953,
20200206,18.958723068237305,21.933250427246094,19.971912384033203,21.271148681640625,21.274364471435547,20.202913284301758,20.741230010986328,18.409326553344727,16.861249923706055,17.026296615600586
20200207,19.390501022338867,21.49555015563965,19.995437622070312,19.945186614990234,20.270639419555664,19.14130973815918,19.34325408935547,18.242345809936523,,15.91869068145752
20200208,,23.515348434448242,21.790142059326172,22.638914108276367,22.769424438476562,21.354766845703125,21.85576820373535,19.34787368774414,17.797161102294922,18.067638397216797
20200209,19.738798141479492,,,,,,,,,17.289661407470703
20200210,20.076629638671875,22.73994255065918,20.71373748779297,22.189422607421875,22.673246383666992,21.077219009399414,21.719167709350586,19.598417282104492,17.446369171142578,
20200211,19.752744674682617,23.200851440429688,20.651443481445312,22.551578521728516,22.93616485595703,21.187150955200195,21.64529037475586,19.526674270629883,18.092247009277344,17.765357971191406
20200212,19.904815673828125,,,,,,,,,17.277267456054688
20200213,,23.906124114990234,,,,,,19.26215362548828,,18.26226806640625
20200214,18.11235237121582,,,,24.29918670654297,,22.55640411376953,,17.454936981201172,17.37676429748535
20200215,20.07415199279785,22.327274322509766,,,,,,,,18.86241912841797
20200216,19.101335525512695,22.878177642822266,19.663196563720703,,,20.74452018737793,21.33742332458496,,,
20200217,19.60857391357422,22.911062240600586,20.581958770751953,22.076200485229492,22.100574493408203,20.68769645690918,21.31858253479004,19.513973236083984,16.98186683654785,17.15091896057129
20200218,,23.252742767333984,20.916852951049805,22.39291763305664,22.557498931884766,20.891319274902344,,19.302934646606445,,17.49032211303711
20200219,,,,,,,,,16.77214241027832,16.864139556884766
20200220,17.52776336669922,,18.88124656677246,,,,,,,
20200221,17.967716217041016,21.77067756652832,19.53111457824707,,20.891111373901367,,20.889116287231445,,16.81145668029785,16.52273178100586
20200222,18.495073318481445,21.58325958251953,19.624982833862305,20.646400451660156,20.723474502563477,20.126073837280273,20.750324249267578,18.519052505493164,16.1417179107666,16.81049919128418
20200223,19.24661636352539,21.901134490966797,20.304500579833984,20.83578872680664,20.86465835571289,20.385251998901367,20.899675369262695,18.555362701416016,16.271089553833008,16.99349021911621
20200224,,,,,,,,,,16.753206253051758
20200225,19.202943801879883,,,,,,,,17.504047393798828,17.6904354095459
20200226,18.695880889892578,22.419923782348633,19.998437881469727,21.494564056396484,,20.91240692138672,,18.36433982849121,16.766338348388672,
20200227,18.633399963378906,22.28272247314453,20.067201614379883,,,20.092958450317383,20.60849952697754,19.292526245117188,16.41448211669922,17.567365646362305
20200228,19.261266708374023,,,,,,,,,
20200229,19.017974853515625,22.276559829711914,19.47612762451172,,,,,,,18.042957305908203
20200301,19.638221740722656,21.878080368041992,,21.859302520751953,21.672874450683594,,,18.099119186401367,,18.0867919921875
20200302,18.994659423828125,,,,,,,,,
20200303,17.82319450378418,,,,21.346193313598633,,20.592105865478516,17.351909637451172,16.344648361206055,
20200304,18.07508087158203,,,,,,,,15.88891315460205,16.661582946777344
20200305,19.077360153198242,21.448217391967773,19.961563110351562,,20.319774627685547,19.548105239868164,20.319616317749023,18.05609703063965,,
20200306,18.273160934448242,,,,,,,,,
20200307,18.086589813232422,20.764434814453125,19.434846878051758,,,,,17.378902435302734,,17.43321418762207
20200308,17.293046951293945,21.154890060424805,19.382457733154297,19.886953353881836,20.270662307739258,20.082443237304688,20.57541275024414,17.895111083984375,15.200577735900879,15.713512420654297
20200309,17.099842071533203,20.96484375,18.770328521728516,19.87032127380371,20.017356872558594,19.918594360351562,20.247764587402344,17.53983497619629,15.135589599609375,16.766223907470703
20200310,18.270601272583008,21.196382522583008,19.529821395874023,,,19.01361656188965,,17.120933532714844,14.659276008605957,16.806001663208008
20200311,18.75993537902832,,,,,,,18.351646423339844,16.67291831970215,16.794321060180664
20200312,19.885345458984375,,,,,,,15.874494552612305,,17.95115852355957
20200313,18.687265396118164,21.851106643676758,20.33875846862793,,,18.93401527404785,19.83341407775879,18.134017944335938,16.32566261291504,
20200314,17.519498825073242,21.526565551757812,18.584228515625,20.107173919677734,20.15457534790039,19.589847564697266,20.054203033447266,17.20693016052246,15.054800033569336,16.900482177734375
20200315,16.313257217407227,20.622997283935547,19.395294189453125,19.314777374267578,19.59947395324707,19.3179988861084,19.83500099182129,17.080028533935547,13.654173851013184,16.722930908203125
20200316,18.96864128112793,21.38184356689453,19.9082088470459,20.03986167907715,20.104705810546875,19.997655868530273,20.42622184753418,17.503456115722656,15.107539176940918,16.357009887695312
20200317,19.30289649963379,,,,,,,,16.5235538482666,17.104631423950195
20200318,18.970252990722656,21.911163330078125,20.6523380279541,21.16619110107422,21.332738876342773,,21.386877059936523,,,18.325510025024414
20200319,18.673437118530273,22.1217098236084,19.38323211669922,21.205509185791016,21.40912437438965,20.90859031677246,21.516273498535156,18.656784057617188,16.52910804748535,
20200320,18.55084800720215,20.947721481323242,19.19337272644043,19.991592407226562,20.22878646850586,19.512073516845703,20.047588348388672,17.447040557861328,15.728720664978027,16.73033905029297
20200321,17.078706741333008,20.758403778076172,19.14871597290039,,20.390625,,20.287763595581055,,,16.998794555664062
20200322,,,18.01877784729004,,,,20.583419799804688,17.259641647338867,16.092100143432617,16.383563995361328
20200323,,,,,,,,16.187461853027344,15.435546875,17.38368034362793
20200324,,,,,,,,,,
20200325,17.319324493408203,19.540149688720703,18.313751220703125,18.92784309387207,19.049148559570312,18.94842529296875,19.352951049804688,16.810348510742188,14.054078102111816,
20200326,17.818078994750977,20.24298095703125,18.691146850585938,19.076866149902344,19.06217384338379,19.070363998413086,19.500478744506836,16.598196029663086,14.898338317871094,16.113924026489258
20200327,,19.946184158325195,19.178922653198242,,,19.23904037475586,19.863025665283203,16.93532943725586,15.91676139831543,16.39864158630371
20200328,17.889328002929688,,,,,,,,,16.945158004760742
20200329,,,,,,,,,,17.04433250427246
20200330,18.141183853149414,19.831058502197266,18.5341854095459,,19.096763610839844,,,17.26488494873047,15.79914665222168,16.230348587036133
20200331,18.342681884765625,20.022724151611328,18.514904022216797,19.254667282104492,19.2604923248291,18.908416748046875,19.274456024169922,17.11947250366211,15.682928085327148,16.621871948242188
20200401,,,18.534786224365234,19.49456214904785,18.998558044433594,18.945146560668945,18.836273193359375,17.519771575927734,16.066120147705078,16.34157371520996
20200402,18.11735725402832,,,,,,,,,
20200403,18.6019287109375,,19.03753089904785,,,,,,,16.098722457885742
20200404,17.911340713500977,20.113941192626953,18.43212890625,19.41885757446289,19.298904418945312,,,17.32062339782715,15.967048645019531,
20200405,17.94814109802246,19.539390563964844,17.91282081604004,18.900226593017578,,18.848724365234375,19.05404281616211,17.46992301940918,15.02255916595459,16.674409866333008
20200406,18.269025802612305,19.62694549560547,18.024911880493164,18.775625228881836,18.244903564453125,18.485681533813477,18.853092193603516,17.007539749145508,15.424710273742676,16.001279830932617
20200407,,,,,,,,,15.519999504089355,
20200408,17.355363845825195,19.095170974731445,17.904428482055664,,,,,,,
20200409,17.65964698791504,19.365814208984375,17.979585647583008,18.649871826171875,18.347999572753906,18.4561824798584,18.837167739868164,16.726423263549805,15.208845138549805,14.86279296875
20200410,18.00975799560547,19.21754264831543,18.023120880126953,18.779176712036133,18.524141311645508,18.644235610961914,18.776288986206055,17.06721305847168,15.849411010742188,16.04582405090332
20200411,18.687870025634766,19.546022415161133,18.34592056274414,,,18.50358772277832,,16.658714294433594,15.697229385375977,15.606353759765625
20200412,,,,,,,,,,15.88377857208252
20200413,17.99338150024414,,,,,,,,,
20200414,18.433834075927734,19.923391342163086,18.9045352935791,19.123716354370117,18.91561508178711,19.404315948486328,19.47381019592285,17.534826278686523,16.010164260864258,
20200415,18.818147659301758,19.673173904418945,18.090747833251953,,,,,,,
20200416,18.352523803710938,18.89270782470703,17.66436195373535,,,18.147933959960938,18.491060256958008,17.00949478149414,15.772908210754395,15.440964698791504
20200417,,19.644582748413086,18.832868576049805,18.763174057006836,18.60310935974121,18.85399055480957,18.93897247314453,17.24932861328125,15.849292755126953,15.50566291809082
20200418,17.439838409423828,,,,,,,,,15.710882186889648
20200419,17.802467346191406,18.35845947265625,17.34174919128418,17.828767776489258,17.63284683227539,17.655061721801758,18.021846771240234,16.48869514465332,,16.045574188232422
20200420,17.823501586914062,,,,,,,16.904451370239258,15.9395112991333,
20200421,17.95447540283203,18.466447830200195,18.04549217224121,17.741689682006836,17.689998626708984,,,16.854400634765625,15.91329574584961,15.368656158447266
20200422,18.542158126831055,19.15543556213379,18.091033935546875,18.156269073486328,18.08540916442871,18.24449920654297,18.48503875732422,17.06694793701172,15.535022735595703,15.222989082336426
20200423,17.153600692749023,19.15838050842285,17.50860023498535,,,,,17.107934951782227,15.700383186340332,15.259706497192383
20200424,17.937158584594727,17.933963775634766,17.25581932067871,,,,,,,15.955829620361328
20200425,18.48767852783203,,,,,,,,,15.255987167358398
20200426,18.155353546142578,,17.124065399169922,,,,,16.50486183166504,15.54662036895752,
20200427,18.175086975097656,18.759105682373047,17.75349998474121,,,17.86456871032715,,17.18462562561035,15.567635536193848,15.446704864501953
20200428,,,17.311845779418945,,,,17.76785659790039,17.22068214416504,16.344898223876953,15.413646697998047
20200429,18.407949447631836,,,,,,,,,15.433332443237305
20200430,17.953340530395508,18.304460525512695,17.250947952270508,,,17.456087112426758,,16.988245010375977,16.007396697998047,
20200501,17.42003059387207,17.943613052368164,17.075641632080078,17.11295509338379,,,,,,
20200502,17.817293167114258,17.348026275634766,16.68206024169922,16.476282119750977,16.210176467895508,16.673503875732422,,16.22393798828125,,
20200503,,17.87947654724121,18.06943702697754,,,,,,,14.729846000671387
20200504,17.50189208984375,,,,,,,,,14.739279747009277
20200505,17.85003089904785,17.409421920776367,17.166826248168945,16.3857421875,16.23046112060547,17.111988067626953,17.286752700805664,16.30767822265625,,15.0343599319458
20200506,17.42375946044922,17.586767196655273,17.40178680419922,16.84182357788086,16.7978572845459,17.534969329833984,17.701250076293945,16.67388916015625,15.710549354553223,
20200507,17.06285858154297,,,,,,,,,15.493447303771973
20200508,17.73261070251465,17.27873992919922,17.31406593322754,16.201194763183594,15.54411792755127,16.7238826751709,16.97842788696289,16.3009090423584,15.263748168945312,14.647701263427734
20200509,,,,,,,,,15.36255931854248,
20200510,17.622108459472656,17.074811935424805,16.835596084594727,,,,,,,15.071130752563477
20200511,16.98931121826172,16.530012130737305,16.761356353759766,15.819133758544922,15.488264083862305,16.720722198486328,16.773136138916016,16.260602951049805,15.50049114227295,
20200512,17.249385833740234,,16.657522201538086,16.104053497314453,,16.233827590942383,,16.23550033569336,16.14331817626953,13.999274253845215
20200513,17.880043029785156,16.232221603393555,16.557785034179688,15.617683410644531,,16.350727081298828,16.502220153808594,15.88779067993164,15.126917839050293,14.937703132629395
20200514,,,,,,,,16.499853134155273,,13.54484748840332
20200515,17.4458065032959,,,,,,,,,13.91653823852539
20200516,17.55565071105957,16.182987213134766,16.636343002319336,15.423851013183594,15.154701232910156,16.347797393798828,16.488248825073242,16.08285903930664,15.872357368469238,
20200517,17.232891082763672,15.870294570922852,16.374168395996094,15.155406951904297,14.936056137084961,16.104324340820312,16.316917419433594,15.959550857543945,15.880550384521484,14.499518394470215
20200518,16.110225677490234,15.541962623596191,15.455706596374512,15.165677070617676,14.533381462097168,15.682755470275879,15.805821418762207,15.540751457214355,15.489349365234375,14.878424644470215
20200519,17.647113800048828,16.376667022705078,16.908554077148438,,,,,15.632111549377441,,
20200520,17.38697624206543,,,,,,,,,
20200521,16.925540924072266,15.160599708557129,15.908309936523438,14.722319602966309,14.3618745803833,15.451172828674316,15.98112964630127,15.944599151611328,,
20200522,,,,,,,,,,
20200523,16.94841194152832,15.160480499267578,15.391009330749512,,,14.70317268371582,,14.802000045776367,14.583613395690918,13.999557495117188
20200524,,,,,,,,15.37962532043457,15.034473419189453,14.036718368530273
20200525,,,,,,,,15.818572044372559,15.663622856140137,14.010871887207031
20200526,17.24171257019043,,16.098186492919922,,,,,,,15.066393852233887
20200527,16.613433837890625,14.671991348266602,15.569043159484863,13.588773727416992,,14.958797454833984,,15.508481979370117,15.582286834716797,
20200528,16.716468811035156,14.661418914794922,15.407074928283691,,,,,14.78539752960205,14.986031532287598,14.342000007629395
20200529,17.483850479125977,14.890172958374023,15.898507118225098,13.892690658569336,13.840539932250977,,15.211880683898926,15.051810264587402,15.333233833312988,14.485878944396973
20200530,,,,,,,,15.991147994995117,15.965522766113281,14.746342658996582
20200531,16.804643630981445,,,,,,,,,15.360276222229004
20200601,16.582996368408203,14.313011169433594,15.345124244689941,13.734827041625977,13.122366905212402,14.904176712036133,14.797014236450195,15.301775932312012,15.395307540893555,14.799445152282715
20200602,16.222360610961914,14.096710205078125,15.144768714904785,13.888611793518066,13.568513870239258,14.128726959228516,,14.691258430480957,14.640100479125977,14.504393577575684
20200603,,12.997367858886719,,,,,,,,14.291516304016113
20200604,,14.923283576965332,15.17159366607666,14.243733406066895,13.994637489318848,15.099349021911621,15.035951614379883,14.711191177368164,15.15584659576416,14.197895050048828
20200605,16.134822845458984,,,,,,,,,14.1270170211792
20200606,16.35909652709961,13.830151557922363,,,,,,14.471446990966797,,14.280594825744629
20200607,16.064577102661133,13.780613899230957,15.340765953063965,13.405077934265137,12.88273811340332,,13.997740745544434,,,
20200608,15.830891609191895,13.624513626098633,15.234688758850098,13.3436918258667,12.734621047973633,,13.71224594116211,14.416899681091309,15.036999702453613,13.60897445678711
20200609,,14.176859855651855,14.955779075622559,12.992432594299316,12.901354789733887,,,14.388739585876465,14.157391548156738,14.076196670532227
20200610,,,,,,,,14.475479125976562,15.651534080505371,14.39450454711914
20200611,16.302852630615234,13.983415603637695,14.315567970275879,,,,,,15.45319652557373,13.801201820373535
20200612,16.533769607543945,12.899672508239746,14.894696235656738,,,13.35486125946045,,14.526535034179688,15.149534225463867,14.457016944885254
20200613,,,,,,,,,,14.505195617675781
20200614,16.359804153442383,13.475031852722168,14.639123916625977,12.94460391998291,12.136056900024414,13.811729431152344,13.811251640319824,14.324828147888184,14.723936080932617,14.225736618041992
20200615,,,,,,,,15.205089569091797,15.449552536010742,
20200616,15.664237976074219,,,,,,,,,13.720586776733398
20200617,16.053783416748047,13.308893203735352,14.769813537597656,12.942461013793945,13.012187004089355,,,,14.091172218322754,14.070514678955078
20200618,16.487070083618164,13.760393142700195,14.969669342041016,13.502696990966797,13.439653396606445,14.3826265335083,14.371291160583496,14.902875900268555,15.568668365478516,13.941275596618652
20200619,17.248825073242188,13.734082221984863,15.147178649902344,13.299341201782227,13.193767547607422,14.159096717834473,14.107080459594727,13.927544593811035,13.533781051635742,14.307903289794922
20200620,,14.16186809539795,15.454201698303223,13.52840518951416,13.482869148254395,14.364184379577637,14.170952796936035,14.702432632446289,14.988183975219727,
20200621,15.515012741088867,,,,,,,,15.47646713256836,13.752303123474121
20200622,16.03050994873047,12.704943656921387,14.565814018249512,,,13.43791675567627,,15.32682991027832,,14.154570579528809
20200623,16.037269592285156,12.940582275390625,13.686619758605957,,,,13.370428085327148,13.876790046691895,14.482216835021973,13.232674598693848
20200624,16.2972469329834,13.444889068603516,14.156479835510254,,,12.342300415039062,,13.083455085754395,13.433850288391113,14.196940422058105
20200625,16.997098922729492,13.72514533996582,15.03718090057373,13.139599800109863,13.093169212341309,14.008360862731934,13.803265571594238,14.47440242767334,14.88216781616211,14.419942855834961
20200626,,,,,,,,,15.633678436279297,14.158101081848145
20200627,16.248308181762695,13.388453483581543,14.978631973266602,,,,,,,13.484830856323242
20200628,16.2105655670166,13.4130277633667,15.074252128601074,12.988200187683105,12.746053695678711,13.919523239135742,13.723617553710938,14.740944862365723,15.327643394470215,14.985102653503418
20200629,16.048166275024414,13.265758514404297,14.81116008758545,12.85853385925293,12.683355331420898,13.762808799743652,13.572275161743164,14.583221435546875,14.983880043029785,13.80286979675293
20200630,,13.149412155151367,14.081666946411133,,,,,13.319672584533691,14.790627479553223,14.004591941833496
20200701,,,,,,,,14.984992027282715,15.17921257019043,14.113547325134277
20200702,15.742433547973633,,,,,,,,,
20200703,15.324129104614258,12.762150764465332,13.963160514831543,12.418200492858887,12.048644065856934,13.272377014160156,13.02187442779541,14.02236270904541,14.417802810668945,
20200704,14.693952560424805,,14.08625602722168,12.177373886108398,,,,13.306048393249512,,13.379141807556152
20200705,15.21973705291748,,,,,,,,,13.286080360412598
20200706,,13.365289688110352,14.391406059265137,,,,,,14.754124641418457,13.555131912231445
20200707,15.46660041809082,,,,,,,,,14.012812614440918
20200708,15.897834777832031,12.796388626098633,14.165289878845215,12.29595947265625,12.08991813659668,13.081201553344727,12.834375381469727,14.255083084106445,,13.717977523803711
20200709,15.57685375213623,12.926896095275879,14.5590238571167,12.561427116394043,12.420805931091309,13.334460258483887,13.1302490234375,14.150717735290527,13.516624450683594,13.603370666503906
20200710,15.074334144592285,,,,,,,12.337438583374023,14.263333320617676,13.801786422729492
20200711,15.412325859069824,12.60561752319336,14.786959648132324,12.231714248657227,11.866389274597168,12.969620704650879,12.59302043914795,14.355137825012207,13.999765396118164,12.079378128051758
20200712,,,,,,,,,14.57938003540039,14.178289413452148
20200713,15.04922103881836,12.330029487609863,13.79235553741455,,,,,,,13.867633819580078
20200714,15.521785736083984,12.294970512390137,14.326661109924316,,11.805159568786621,13.129425048828125,12.833223342895508,13.860654830932617,14.362019538879395,13.754356384277344
20200715,15.591069221496582,12.656025886535645,14.286149978637695,12.418076515197754,12.114423751831055,13.215709686279297,12.850528717041016,14.093268394470215,14.518328666687012,13.974888801574707
20200716,16.1090087890625,12.7998628616333,14.428411483764648,12.474803924560547,12.234862327575684,13.179944038391113,12.866299629211426,13.929215431213379,14.183587074279785,13.352087020874023
20200717,,,,,,,,14.618992805480957,14.81338882446289,13.695452690124512
20200718,,,,,,,,,,
20200719,14.835930824279785,12.571918487548828,14.03043270111084,12.281147956848145,11.871932983398438,12.998420715332031,12.587839126586914,13.861754417419434,13.948271751403809,
20200720,15.083459854125977,,13.919784545898438,,,12.94078540802002,12.637688636779785,14.040871620178223,13.925567626953125,13.419801712036133
20200721,15.329244613647461,12.317120552062988,13.939126968383789,12.039551734924316,11.819657325744629,12.780558586120605,12.46821403503418,13.335798263549805,13.644883155822754,13.442380905151367
20200722,,13.163304328918457,14.605677604675293,,,,,14.042314529418945,14.209165573120117,13.800212860107422
20200723,14.961590766906738,,,,,,,,,13.030195236206055
20200724,15.612833023071289,12.83759880065918,14.359589576721191,12.40315055847168,12.155713081359863,13.126618385314941,12.738362312316895,14.263398170471191,14.64022445678711,13.973265647888184
20200725,14.87201976776123,12.40538215637207,14.06706428527832,,12.015759468078613,,12.8509521484375,14.200526237487793,14.866116523742676,14.061997413635254
20200726,15.139427185058594,12.57242488861084,14.147855758666992,12.163599967956543,11.98058795928955,13.06416130065918,12.692374229431152,13.942306518554688,14.381876945495605,13.725131034851074
20200727,16.128873825073242,13.172582626342773,14.469917297363281,,,13.237119674682617,12.862570762634277,14.212837219238281,14.343169212341309,
20200728,15.559225082397461,,,,,,,,14.625676155090332,13.41476058959961
20200729,15.10117244720459,12.52128791809082,13.529029846191406,,,,,,,
20200730,14.996716499328613,12.483318328857422,14.04726791381836,12.108226776123047,11.813240051269531,12.584051132202148,,13.944400787353516,13.94290542602539,13.659939765930176
20200731,15.389519691467285,12.649989128112793,13.806501388549805,12.197712898254395,12.2871732711792,12.430298805236816,11.942963600158691,12.861903190612793,12.99146842956543,12.080242156982422
20200801,15.966660499572754,12.948158264160156,14.678192138671875,,,,,13.78125,14.066182136535645,12.801989555358887
20200802,,,,,,,,14.166032791137695,14.284497261047363,12.786548614501953
20200803,,,,,,,,,13.462869644165039,13.0726900100708
20200804,14.92802906036377,12.791655540466309,13.517904281616211,12.783952713012695,12.482380867004395,12.83491039276123,,13.434693336486816,14.255290031433105,
20200805,14.633895874023438,12.301065444946289,13.466556549072266,12.345405578613281,12.22304630279541,12.764814376831055,12.524267196655273,13.346582412719727,13.939041137695312,13.430212020874023
20200806,13.617984771728516,,,,,,,11.665431022644043,13.116103172302246,13.318574905395508
20200807,13.807323455810547,,,,,,,,,11.753985404968262
20200808,14.343071937561035,,,,,,,,,
20200809,14.343674659729004,,13.70701789855957,,11.056817054748535,,,13.769463539123535,,12.941374778747559
20200810,14.772026062011719,12.113412857055664,12.915651321411133,,,12.62711238861084,12.352882385253906,13.221717834472656,13.933960914611816,12.97803783416748
20200811,14.129096031188965,,,,,,,,,12.510623931884766
20200812,14.744138717651367,,13.80606746673584,,,,,13.295689582824707,13.764307975769043,
20200813,,,,,,,,13.6654634475708,14.02220344543457,13.38865852355957
20200814,14.54329776763916,12.332289695739746,13.264374732971191,,,,,,,13.66208553314209
20200815,14.605883598327637,12.401908874511719,13.549220085144043,12.032501220703125,12.256999015808105,12.461981773376465,12.269241333007812,12.940756797790527,13.35539722442627,12.824183464050293
20200816,14.646397590637207,12.479765892028809,13.563838958740234,12.246721267700195,12.378520011901855,12.741539001464844,12.517051696777344,13.385993957519531,13.566547393798828,13.29562759399414
20200817,15.565330505371094,12.896744728088379,14.093461036682129,,,,,13.646052360534668,13.177899360656738,12.855572700500488
20200818,,,,,,13.353936195373535,,13.981851577758789,13.93601131439209,13.458826065063477
20200819,14.17822551727295,,,,,,,,,13.329545021057129
20200820,14.380431175231934,12.425464630126953,13.512796401977539,12.115350723266602,12.060202598571777,12.836576461791992,12.402311325073242,13.173064231872559,13.407572746276855,
20200821,14.413625717163086,12.369505882263184,13.031482696533203,,,12.74370002746582,,13.447428703308105,13.433130264282227,13.197487831115723
20200822,14.710183143615723,12.238311767578125,13.36294174194336,11.907327651977539,11.666618347167969,12.680851936340332,12.209432601928711,13.065494537353516,13.097372055053711,12.739590644836426
20200823,14.334088325500488,12.796249389648438,13.788567543029785,12.43952751159668,12.278276443481445,12.890176773071289,12.607232093811035,13.308937072753906,13.154674530029297,12.748326301574707
20200824,14.909302711486816,,,,,,,,13.755308151245117,12.847713470458984
20200825,14.51357650756836,12.198832511901855,13.361160278320312,11.85506820678711,11.713939666748047,12.435812950134277,12.201207160949707,13.347738265991211,,12.623607635498047
20200826,14.374008178710938,12.564713478088379,13.53104305267334,12.19205379486084,12.20514965057373,12.759321212768555,12.539026260375977,13.228192329406738,13.041813850402832,
20200827,14.829803466796875,12.719438552856445,13.614444732666016,12.46054744720459,12.4760160446167,12.82925033569336,12.612476348876953,13.365957260131836,12.944437026977539,12.8427734375
20200828,,13.186945915222168,13.62856674194336,12.812894821166992,12.841029167175293,13.141167640686035,12.765162467956543,13.285271644592285,13.196329116821289,12.431241035461426
20200829,,,,,,,,,13.913405418395996,12.800640106201172
20200830,14.240358352661133,,13.797162055969238,,,,,,,12.921976089477539
20200831,,13.166762351989746,,,,,,13.156526565551758,13.208144187927246,13.098713874816895
20200901,14.75247859954834,12.879040718078613,12.779621124267578,,,11.864147186279297,,11.92453384399414,11.98669719696045,12.036863327026367
20200902,15.034035682678223,,,,,,12.813983917236328,13.147333145141602,13.022643089294434,
20200903,,,,,,,,13.910345077514648,13.387324333190918,12.839024543762207
20200904,13.735663414001465,11.886617660522461,,,,,,12.516291618347168,,12.952291488647461
20200905,14.577163696289062,13.475985527038574,13.769789695739746,12.898453712463379,13.142894744873047,12.934749603271484,12.715143203735352,13.35131549835205,12.827041625976562,
20200906,14.250528335571289,13.71118450164795,13.993617057800293,13.377038955688477,13.744338035583496,13.576600074768066,13.363292694091797,13.776159286499023,13.465991020202637,12.579648971557617
20200907,15.581805229187012,14.273470878601074,14.301797866821289,13.929471969604492,14.190361976623535,13.848994255065918,13.73049545288086,13.98459529876709,13.596875190734863,13.07237720489502
20200908,,,13.951428413391113,,,,,,,
20200909,14.522356986999512,,,,,,,,13.717475891113281,12.749513626098633
20200910,15.07663345336914,14.013360977172852,14.299295425415039,13.838446617126465,14.07826042175293,13.701848983764648,13.601542472839355,13.851764678955078,,13.264409065246582
20200911,15.580751419067383,15.598508834838867,,,,,,13.766922950744629,14.007534980773926,12.413552284240723
20200912,15.33753490447998,14.703736305236816,13.894240379333496,,,,,,,
20200913,14.940986633300781,14.367349624633789,14.58494758605957,13.99899959564209,13.65538501739502,13.754182815551758,13.652742385864258,13.507796287536621,13.203744888305664,12.802906036376953
20200914,,,,,,,,,13.753826141357422,13.021162986755371
20200915,14.655613899230957,14.047195434570312,14.119385719299316,,,,,,,13.082710266113281
20200916,15.336075782775879,14.963314056396484,14.67104434967041,,,,,,,12.027152061462402
20200917,,,,,,,,,,
20200918,14.941852569580078,,14.404117584228516,,,,,,,12.449501991271973
20200919,,,,,,,,,14.051263809204102,12.324877738952637
20200920,14.967408180236816,,,,,,,,,13.867977142333984
20200921,14.446200370788574,15.443475723266602,14.457159042358398,15.170001029968262,15.563013076782227,13.979609489440918,14.014914512634277,13.861021041870117,13.18344497680664,
20200922,14.81257152557373,14.902740478515625,14.28400993347168,15.17423152923584,15.451175689697266,13.736466407775879,13.840222358703613,13.803723335266113,13.288357734680176,13.08086109161377
20200923,15.143725395202637,15.068119049072266,14.280715942382812,14.704257011413574,14.88156795501709,13.788991928100586,14.140416145324707,13.767433166503906,13.107999801635742,12.577727317810059
20200924,,15.682490348815918,14.986199378967285,,,,,14.133515357971191,13.423888206481934,12.760743141174316
20200925,15.112306594848633,,,,,,,,,
20200926,14.699505805969238,14.543980598449707,13.965483665466309,14.0942964553833,,13.516179084777832,13.639191627502441,13.852356910705566,,
20200927,14.765630722045898,14.527316093444824,14.0929536819458,,,13.70353889465332,13.775070190429688,13.697154998779297,13.031562805175781,12.522830963134766
20200928,15.283942222595215,14.695072174072266,14.197770118713379,14.262930870056152,14.195874214172363,13.851164817810059,13.959959030151367,13.594098091125488,13.261905670166016,12.91916561126709
20200929,14.080312728881836,,,,,,,12.927295684814453,12.804267883300781,12.664412498474121
20200930,,,,,,,,14.383076667785645,13.676820755004883,
20201001,14.881217956542969,13.99533462524414,14.219067573547363,,,,,,,13.21764850616455
20201002,15.616833686828613,15.663540840148926,15.036713600158691,15.268444061279297,15.300762176513672,14.670798301696777,14.709884643554688,14.512672424316406,13.567971229553223,12.863239288330078
20201003,15.936686515808105,16.012332916259766,15.33681583404541,,15.870474815368652,15.06978702545166,15.152331352233887,15.147965431213379,14.464781761169434,13.953685760498047
20201005,,16.1895694732666,,,,,,,,
20201006,15.06583023071289,,,,,,,,,13.345974922180176
20201007,14.547710418701172,,,,,,,13.807337760925293,13.905984878540039,
20201008,14.668106079101562,14.82985782623291,,,,,,,,
20201009,15.282367706298828,14.75273609161377,14.277026176452637,,,,,,,
20201010,,,14.95673942565918,15.598362922668457,15.625411033630371,14.897558212280273,15.067193984985352,14.597914695739746,13.65744400024414,12.700958251953125
20201011,15.575016975402832,,13.965394973754883,,,,,14.022777557373047,13.925735473632812,12.868210792541504
20201012,15.41771125793457,15.311823844909668,15.022540092468262,,,,,15.08631706237793,,13.379440307617188
20201013,16.925424575805664,16.815601348876953,14.931343078613281,,,14.872777938842773,15.28732967376709,,,
20201014,16.12984275817871,16.465524673461914,15.532005310058594,16.203550338745117,16.460546493530273,15.025641441345215,15.42575454711914,14.760445594787598,13.738998413085938,13.019118309020996
20201015,16.113683700561523,17.265230178833008,,,,,,,,
20201016,,,,,,,,,13.970978736877441,13.285882949829102
20201017,,,,,,,,,,
20201018,14.94733715057373,16.91018295288086,15.402366638183594,,,,,,12.822604179382324,
20201019,15.333296775817871,16.24732208251953,14.891700744628906,15.991985321044922,15.970296859741211,14.671021461486816,14.923306465148926,14.460124969482422,,13.777030944824219
20201020,15.037983894348145,15.897802352905273,14.837982177734375,15.721816062927246,15.70267391204834,14.09524154663086,14.46141529083252,14.378562927246094,13.568613052368164,13.181394577026367
20201021,,,,,,,,14.970426559448242,13.748787879943848,13.003564834594727
20201022,,,,,,,,13.32507610321045,13.554444313049316,13.7117338180542
20201023,,,,,,,,,,
20201024,14.797484397888184,,14.900212287902832,,,,,14.214410781860352,13.220779418945312,12.988388061523438
20201025,15.285500526428223,,14.877120971679688,,,,,14.112836837768555,13.179486274719238,13.20987606048584
20201026,,17.332914352416992,15.257857322692871,,,,,14.442367553710938,13.319315910339355,12.97330093383789
20201027,14.993646621704102,,,,,,,,13.729331016540527,13.044081687927246
20201028,15.45829963684082,16.351482391357422,15.125819206237793,15.707971572875977,15.812196731567383,14.763849258422852,14.881722450256348,14.345218658447266,,13.621269226074219
20201029,15.93363094329834,16.834165573120117,16.30056381225586,,16.935832977294922,15.728902816772461,15.876317977905273,15.221006393432617,,13.069611549377441
20201030,15.761995315551758,15.979843139648438,14.775312423706055,,,,,,12.825693130493164,12.965588569641113
20201031,,17.35000228881836,15.08883285522461,,,,,14.402803421020508,13.71833324432373,13.506744384765625
20201101,,,,,,,,,,
20201102,16.211057662963867,16.826351165771484,15.861026763916016,,,,,,13.356409072875977,13.321763038635254
20201103,16.752290725708008,17.844301223754883,16.81609535217285,17.79532814025879,17.900522232055664,16.9273624420166,17.060644149780273,16.35214614868164,13.527213096618652,13.32169246673584
20201104,15.254842758178711,,,,,,,,11.867986679077148,
20201105,15.657418251037598,17.646089553833008,15.752772331237793,,,15.733827590942383,15.682112693786621,14.893528938293457,13.673972129821777,13.686296463012695
20201106,,17.689998626708984,,,,,,,,
20201107,15.752095222473145,,,,,,,,,14.215216636657715
20201108,15.514812469482422,17.311716079711914,15.710897445678711,16.897836685180664,17.04720687866211,15.694222450256348,15.905853271484375,14.797123908996582,13.819869041442871,
20201109,15.163909912109375,17.96607208251953,16.51602554321289,17.892738342285156,17.992380142211914,16.44333267211914,16.431533813476562,15.375139236450195,14.329180717468262,13.943424224853516
20201110,16.83243179321289,18.611583709716797,16.99175262451172,18.303600311279297,18.44347381591797,17.11691665649414,17.24134063720703,16.20815086364746,15.097394943237305,15.031840324401855
20201111,,18.549776077270508,16.74837875366211,17.962434768676758,18.311708450317383,16.603469848632812,16.64306640625,15.8263578414917,14.676291465759277,14.997769355773926
20201112,,,,,,,,,,14.89329719543457
20201113,15.97872257232666,18.58249855041504,15.841405868530273,,,,,,,
20201114,15.986146926879883,19.0638370513916,15.712593078613281,,,16.05632972717285,,15.74010944366455,14.289024353027344,14.005398750305176
20201115,16.842130661010742,19.067630767822266,17.46932029724121,18.55596351623535,19.0833740234375,17.0993709564209,17.435081481933594,16.47809410095215,14.622092247009277,14.664551734924316
20201116,16.566448211669922,19.076154708862305,16.862552642822266,18.46105194091797,18.957054138183594,16.895402908325195,17.111942291259766,15.945854187011719,14.962597846984863,14.278005599975586
20201117,,,,,,,,,14.604072570800781,14.184082984924316
20201118,16.21973991394043,18.233549118041992,16.527612686157227,,,,,15.665035247802734,14.247736930847168,14.821451187133789
20201119,16.69069480895996,,,,,,,16.80018424987793,15.35918140411377,15.3326997756958
20201120,16.810222625732422,19.861915588378906,16.1959228515625,,19.853824615478516,,17.76552963256836,16.459686279296875,,14.898289680480957
20201121,16.098125457763672,,,,,,,,,14.65838623046875
20201122,,,,,,,,18.018884658813477,17.195280075073242,16.57575035095215
20201123,,,,,,,,,,
20201124,16.631258010864258,20.293596267700195,16.943050384521484,,,,,14.967082023620605,,
20201125,17.442415237426758,19.97500991821289,17.683029174804688,19.745744705200195,20.195810317993164,17.905027389526367,18.423030853271484,17.038623809814453,15.875749588012695,15.336773872375488
20201126,18.305137634277344,20.61869239807129,18.475601196289062,20.449153900146484,20.893667221069336,18.43297576904297,19.063690185546875,17.39202117919922,15.869813919067383,15.822993278503418
20201127,16.93436622619629,20.553871154785156,17.8681697845459,20.887094497680664,22.228076934814453,17.562475204467773,19.369422912597656,16.52780532836914,15.383875846862793,15.178912162780762
20201128,,,,,,,,,,
20201129,17.098712921142578,19.74064826965332,17.184289932250977,20.489070892333984,,17.60576820373535,17.760160446166992,16.519620895385742,,
20201130,17.418651580810547,20.8120059967041,17.98482894897461,20.27971839904785,20.80626678466797,18.079181671142578,18.707435607910156,17.35099983215332,15.889939308166504,14.783243179321289
20201201,,,,,,,,,,
20201202,,21.27297019958496,17.97554588317871,20.623910903930664,,18.186504364013672,,16.75969123840332,15.361700057983398,14.995603561401367
20201203,,,,,,,,,15.666336059570312,15.108015060424805
20201204,17.8847599029541,20.087005615234375,17.83027458190918,,,,,,,16.174543380737305
20201205,,,,,,,,,,
20201206,16.99744415283203,20.948383331298828,18.151123046875,,20.068788528442383,17.788570404052734,18.77166748046875,16.934099197387695,15.35359001159668,15.229674339294434
20201207,17.346208572387695,20.942790985107422,17.24049949645996,19.90984344482422,,17.564998626708984,,17.043577194213867,15.312895774841309,14.796578407287598
20201208,,,,,,,,17.05978012084961,15.713265419006348,14.906763076782227
20201209,17.37203598022461,,,,,,,,,16.159210205078125
20201210,16.42914581298828,20.351720809936523,16.790119171142578,,,17.783309936523438,18.410566329956055,17.349918365478516,,
20201211,15.579315185546875,19.742292404174805,16.74650764465332,,18.833023071289062,17.460845947265625,18.25090980529785,16.74054527282715,16.367372512817383,14.69504165649414
20201212,,,,,,,,,14.62396240234375,15.399563789367676
20201213,,,,,,,,,,
20201214,21.035417556762695,,,,,,,,16.509807586669922,16.32185173034668
20201215,17.652549743652344,20.86701011657715,18.804656982421875,20.785953521728516,21.35740852355957,19.460906982421875,19.96538543701172,17.709182739257812,,17.192598342895508
20201216,16.931846618652344,,,,,,,,,
20201217,17.16845703125,,17.440982818603516,,,,,,,17.042316436767578
20201218,17.445955276489258,21.01983070373535,18.131511688232422,,,18.18906593322754,,16.75027847290039,15.617500305175781,
20201219,,,18.831405639648438,,,,,17.824068069458008,15.884668350219727,15.681554794311523
20201220,17.11273765563965,,17.77892303466797,,,,,,,16.38470458984375
20201221,16.978042602539062,,,,,,,,,15.200215339660645
20201222,17.114648818969727,20.52943992614746,18.53472900390625,19.789709091186523,19.938236236572266,18.4222354888916,18.893972396850586,17.055347442626953,15.44347858428955,14.873172760009766
20201223,17.562744140625,20.573341369628906,18.24027442932129,,20.010780334472656,18.30988311767578,19.006458282470703,17.470138549804688,,15.680261611938477
20201224,,,,,20.73790168762207,,19.70994758605957,17.553613662719727,15.97134780883789,15.190098762512207
20201225,17.213449478149414,,,,,,,16.948999404907227,,16.13926887512207
20201226,17.879173278808594,21.132532119750977,18.785215377807617,20.471908569335938,20.800642013549805,18.96474266052246,19.523029327392578,17.582122802734375,15.598544120788574,
20201227,17.85129737854004,,18.3822021484375,,,,,,,
20201228,17.353412628173828,20.95450782775879,18.2974796295166,,,,,17.025646209716797,15.125638008117676,15.66932201385498
20201229,,21.33113670349121,19.681163787841797,,,18.80706024169922,19.28533172607422,17.483123779296875,16.411558151245117,15.772013664245605
20201230,17.426908493041992,,,,,,,,,15.949776649475098
20201231,17.59327507019043,20.154895782470703,18.5036678314209,19.669801712036133,19.735280990600586,,19.140766143798828,,,16.813669204711914
20210101,17.400571823120117,20.92868995666504,18.48858070373535,20.421756744384766,20.618560791015625,19.10768699645996,19.609209060668945,17.73204803466797,15.83411979675293,15.52612018585205
20210102,17.708642959594727,20.94580078125,18.074220657348633,,,,,,,15.772115707397461
20210103,,21.256855010986328,,,,,,17.648839950561523,16.10883331298828,16.610124588012695
20210104,,,,,,,,16.73542022705078,15.513925552368164,15.494094848632812
20210105,17.536666870117188,,,,,,,,,
20210106,17.811199188232422,20.88397216796875,,,,,,,,
20210107,16.940156936645508,20.476102828979492,18.142038345336914,19.42333221435547,19.647123336791992,18.793750762939453,19.293556213378906,17.2949275970459,14.483176231384277,16.308212280273438
20210108,17.25884437561035,20.709497451782227,18.776914596557617,19.949237823486328,20.162567138671875,19.06108856201172,19.662919998168945,17.50287437438965,15.686527252197266,16.546070098876953
20210109,,,,,,,,19.1178035736084,16.57880401611328,16.801679611206055
20210110,17.90028190612793,,,,,,,,,17.57723045349121
20210111,19.380279541015625,22.59210968017578,21.174577713012695,21.547103881835938,,20.63261604309082,,18.581241607666016,16.897411346435547,
20210112,17.70730209350586,21.80533218383789,18.28348731994629,,,,,,,17.270233154296875
20210113,18.092876434326172,21.38178062438965,19.13150405883789,,,18.989477157592773,19.76710319519043,17.798873901367188,15.640299797058105,16.952098846435547
20210114,,22.14822769165039,20.142316818237305,21.49669075012207,21.84121322631836,19.766050338745117,20.43523597717285,18.170879364013672,15.753910064697266,16.82133674621582
20210115,17.514175415039062,,,,,,,,,17.605417251586914
20210116,,,,,,,,,,18.692964553833008
20210117,16.97418212890625,21.07386016845703,,,,,,17.15827178955078,15.809799194335938,16.01923370361328
20210118,17.47536849975586,20.946969985961914,19.712276458740234,,,,,,,
20210119,,21.46465492248535,,,20.563547134399414,,,16.173799514770508,14.833683013916016,16.24484634399414
20210120,,,19.89421844482422,,,,,,16.69659423828125,16.406766891479492
20210121,18.175689697265625,21.21711540222168,19.45505714416504,,,,,,,17.20600700378418
20210122,18.755739212036133,22.403993606567383,20.092926025390625,21.7708683013916,22.082677841186523,20.40452766418457,21.128719329833984,18.881202697753906,15.50297737121582,15.976219177246094
20210123,18.700336456298828,21.979557037353516,19.965116500854492,21.5765323638916,21.960203170776367,20.157976150512695,20.88282012939453,18.742467880249023,16.51706886291504,16.52199935913086
20210124,,,,,,,,19.932384490966797,16.272607803344727,17.721345901489258
20210125,,,,,,,,,,19.07061004638672
20210126,18.33451271057129,,,,,,,,,
20210127,18.246131896972656,21.864707946777344,19.77427864074707,20.902631759643555,21.466232299804688,19.34083366394043,20.21087646484375,17.771198272705078,15.996380805969238,
20210128,18.23598861694336,21.59276580810547,20.79036521911621,,,,,,15.579854011535645,16.1187801361084
20210129,18.953393936157227,21.745452880859375,19.336036682128906,21.186325073242188,21.64472198486328,19.961145401000977,20.56427001953125,,,
20210130,,23.28693199157715,,,,,,,16.28977394104004,16.460556030273438
20210131,17.588659286499023,22.10877227783203,,,,,,,17.33968162536621,16.931636810302734
20210201,,,,,,,,,,18.767080307006836
20210202,17.869396209716797,21.973058700561523,19.323118209838867,,,19.763898849487305,20.635339736938477,17.852672576904297,16.249252319335938,16.544313430786133
20210203,17.772642135620117,21.766441345214844,19.408315658569336,20.9836483001709,20.911174774169922,19.899934768676758,20.5332088470459,17.721250534057617,15.794693946838379,16.77717399597168
20210204,,,,,,,,,,16.92320442199707
20210205,,,,,,,,,,
20210206,,,,,,,,,,18.289318084716797
20210207,17.467424392700195,,,,,,,,,
20210208,17.87244415283203,21.243606567382812,19.410850524902344,20.27756690979004,20.287601470947266,19.762731552124023,20.27983856201172,17.95908546447754,16.635053634643555,
20210209,18.384281158447266,21.548419952392578,20.182334899902344,20.526168823242188,20.563945770263672,20.072002410888672,,17.697572708129883,15.721348762512207,16.9317684173584
20210210,,,,,,,,18.565893173217773,17.118223190307617,17.13810157775879
20210211,,,,,,,,,,18.105138778686523
20210212,18.05082130432129,21.007835388183594,18.541622161865234,20.27870750427246,,19.67871856689453,,17.839981079101562,16.34490966796875,
20210213,17.971776962280273,21.50749969482422,18.336034774780273,20.629854202270508,,19.92160415649414,20.047334671020508,17.930849075317383,16.06244659423828,16.759084701538086
20210214,18.452220916748047,21.567035675048828,18.989269256591797,20.673198699951172,20.737783432006836,19.852745056152344,20.153717041015625,17.80303192138672,16.702781677246094,
20210215,,22.253149032592773,20.556516647338867,21.321578979492188,21.377708435058594,20.394384384155273,20.72286033630371,18.533077239990234,17.14400291442871,16.338172912597656
20210216,19.215227127075195,,,,,,,,16.355295181274414,17.754207611083984
20210217,19.590164184570312,,20.352556228637695,22.185482025146484,22.532499313354492,21.62120819091797,21.811542510986328,19.4412784576416,,
20210218,20.192001342773438,23.068811416625977,21.409080505371094,22.658985137939453,23.007278442382812,21.533811569213867,21.895240783691406,20.14280128479004,18.57303810119629,17.650632858276367
20210219,20.23967742919922,23.023300170898438,21.168725967407227,22.668865203857422,22.893766403198242,21.486242294311523,21.668344497680664,19.762531280517578,18.283985137939453,18.322649002075195
20210220,20.5972900390625,22.349254608154297,19.8084774017334,,,20.503332138061523,,19.008790969848633,17.015195846557617,17.807506561279297
20210221,,,,,23.310142517089844,,,,18.51624870300293,17.410612106323242
20210222,18.931968688964844,,20.086977005004883,,,,,,,18.534692764282227
20210223,18.4693660736084,22.37834358215332,19.58702278137207,,,,,18.667985916137695,17.216556549072266,17.04160499572754
20210224,18.10108184814453,21.792869567871094,20.05450439453125,,,,,,16.96939468383789,17.009511947631836
20210225,18.72128677368164,21.624414443969727,19.57410430908203,20.740276336669922,20.768333435058594,19.822391510009766,19.945085525512695,17.93216323852539,16.446287155151367,17.36357879638672
20210226,18.09003448486328,22.234651565551758,20.11199378967285,21.51453399658203,21.4917049407959,,,19.58509635925293,17.38810157775879,17.40458869934082
20210227,17.81279945373535,,19.706117630004883,,,,,,17.07048797607422,17.961746215820312
20210228,18.383405685424805,21.818273544311523,20.224292755126953,21.00882339477539,21.304166793823242,20.60926055908203,21.11945343017578,18.70026206970215,16.100299835205078,
20210301,17.591434478759766,21.61919403076172,18.673877716064453,,,,,17.456045150756836,16.633214950561523,17.40262794494629
20210302,,20.869863510131836,19.401559829711914,20.08067512512207,20.323429107666016,20.039098739624023,20.256208419799805,18.270736694335938,16.082735061645508,17.499006271362305
20210303,,,19.402816772460938,,,20.153987884521484,20.592559814453125,18.21317481994629,15.38219165802002,
20210304,17.29557228088379,,,,,,,,,
20210305,17.64845085144043,21.391542434692383,19.739076614379883,,,,,,,
20210306,17.11811065673828,20.55458641052246,18.902952194213867,20.031173706054688,19.736513137817383,19.55211639404297,,17.585582733154297,15.030793190002441,
20210307,18.95067024230957,,,,,,,,,15.951427459716797
20210308,17.796371459960938,22.076093673706055,18.80036735534668,,,19.58584213256836,19.932395935058594,17.91765785217285,14.313898086547852,
20210309,,,,,,,,17.838993072509766,16.779132843017578,16.696313858032227
20210310,,,,,,,,,,17.627042770385742
20210311,17.663969039916992,20.65090560913086,18.998329162597656,19.612533569335938,19.953054428100586,,19.90484046936035,18.16176986694336,,16.608510971069336
20210312,18.524160385131836,21.320446014404297,19.499107360839844,20.351001739501953,20.733768463134766,19.855449676513672,20.285743713378906,18.056453704833984,16.305644989013672,17.088483810424805
20210313,,22.274293899536133,,,,,,,,
20210314,,,,,,,20.529077529907227,17.979829788208008,16.25497055053711,16.625219345092773
20210315,17.366960525512695,,,,,,,,,16.628921508789062
20210316,17.480026245117188,20.283931732177734,19.026412963867188,19.361852645874023,19.779315948486328,19.247343063354492,19.550168991088867,17.937501907348633,15.332801818847656,
20210317,17.801603317260742,20.512493133544922,19.0086669921875,19.871774673461914,19.996986389160156,19.537681579589844,19.938541412353516,17.801494598388672,16.5548152923584,16.99703025817871
20210318,18.56559181213379,20.846166610717773,19.277267456054688,20.27642822265625,20.543310165405273,19.753536224365234,20.152759552001953,18.377681732177734,16.87310028076172,17.250328063964844
20210319,21.244356155395508,21.910526275634766,20.584552764892578,21.205907821655273,21.43894386291504,20.564193725585938,20.84149932861328,18.75345802307129,17.098526000976562,17.273653030395508
20210320,18.90199089050293,,,,,,,,17.7437686920166,17.439964294433594
20210321,18.675020217895508,21.422916412353516,20.04312515258789,21.240922927856445,21.460065841674805,20.48406982421875,20.72879409790039,19.366220474243164,,
20210322,18.610044479370117,21.045316696166992,19.66851806640625,,21.042856216430664,20.202198028564453,20.515262603759766,18.573326110839844,16.648035049438477,
20210323,19.00113296508789,21.40756607055664,19.730321884155273,21.180458068847656,21.433610916137695,20.22415542602539,20.513154983520508,,17.08454704284668,16.546754837036133
20210324,19.232219696044922,21.89427947998047,19.911392211914062,,,20.094999313354492,,,16.32803726196289,
20210325,,,,,,,,18.73603057861328,17.701011657714844,16.7254695892334
20210326,18.275880813598633,,,,,,,,,17.627473831176758
20210327,18.57086944580078,21.005516052246094,19.148887634277344,20.508214950561523,,19.74249839782715,,18.798925399780273,17.333511352539062,17.19709587097168
20210328,18.566009521484375,20.829151153564453,19.425029754638672,20.318578720092773,,19.636098861694336,19.962688446044922,18.307819366455078,16.683313369750977,16.570331573486328
20210329,19.217941284179688,21.04576301574707,19.489463806152344,20.413917541503906,20.238327026367188,19.649593353271484,19.605812072753906,18.071489334106445,17.054584503173828,16.846010208129883
20210330,,,,,,,,18.84341812133789,17.42381477355957,16.740432739257812
20210331,19.13471031188965,,,,,,,18.645282745361328,17.447372436523438,17.10417938232422
20210401,19.30277442932129,21.27911949157715,19.90346908569336,20.65686798095703,20.764787673950195,20.250900268554688,20.456653594970703,18.711299896240234,17.772003173828125,
20210402,19.30696678161621,21.29325294494629,19.96505355834961,20.90736961364746,20.976451873779297,20.4053897857666,20.630041122436523,19.064830780029297,18.051637649536133,17.413436889648438
20210403,19.832731246948242,21.461559295654297,20.026172637939453,20.944801330566406,21.043264389038086,20.353965759277344,20.65115737915039,19.12168312072754,18.03221321105957,17.855545043945312
20210404,,22.37198829650879,21.145917892456055,21.823747634887695,21.808839797973633,21.123027801513672,21.336973190307617,19.525774002075195,18.298358917236328,17.6929874420166
20210405,19.034095764160156,,,,,,,,,
20210406,19.310182571411133,21.62450408935547,19.86658477783203,21.135540008544922,20.93907356262207,20.225370407104492,20.621639251708984,18.23845863342285,,
20210407,19.292343139648438,21.583654403686523,19.9698543548584,21.18920135498047,20.99772834777832,20.42926597595215,20.6626033782959,18.704975128173828,17.91861343383789,
20210408,18.860872268676758,21.48676109313965,19.879405975341797,21.122961044311523,21.066804885864258,20.378156661987305,20.695941925048828,19.00458526611328,18.042457580566406,17.526641845703125
20210409,,,,,,,,18.369577407836914,17.433692932128906,16.93346405029297
20210410,,,,,,,,,,16.791759490966797
20210411,19.072858810424805,,,,,,,,,17.248037338256836
20210412,17.105117797851562,19.554367065429688,18.373403549194336,19.156776428222656,18.998069763183594,,19.046464920043945,17.104019165039062,16.820661544799805,
20210413,18.446651458740234,,,,,,,,,15.790017127990723
20210414,18.93085479736328,20.115602493286133,19.1044921875,,,19.090312957763672,19.430700302124023,17.583908081054688,16.641366958618164,16.40045738220215
20210415,,,,,,,,,16.655601501464844,16.205078125
20210416,18.187288284301758,,,,,,,,,16.5889835357666
20210417,18.393842697143555,19.17842674255371,18.72321319580078,,,19.048097610473633,19.257978439331055,18.096925735473633,,
20210418,18.06600570678711,19.123945236206055,18.52255630493164,,,19.071165084838867,,17.645875930786133,17.011489868164062,16.16790771484375
20210419,18.61283302307129,18.932214736938477,19.082874298095703,18.306970596313477,,,18.909053802490234,,16.665210723876953,16.352130889892578
20210420,19.345474243164062,19.993135452270508,19.42489242553711,19.123729705810547,18.861513137817383,19.28825569152832,19.5,17.75564956665039,17.066455841064453,16.165061950683594
20210421,17.680410385131836,,,,,,,,17.336811065673828,16.16799545288086
20210422,18.001205444335938,,18.742252349853516,,,18.155961990356445,18.747058868408203,,,16.442520141601562
20210423,17.867252349853516,18.762359619140625,17.985267639160156,,,,,16.873186111450195,16.348772048950195,16.60285758972168
20210424,18.15016746520996,18.352617263793945,18.02288246154785,,,18.132497787475586,,17.171772003173828,16.306283950805664,15.723726272583008
20210425,18.964866638183594,19.155012130737305,18.750852584838867,18.101612091064453,17.9333553314209,18.31155014038086,18.636632919311523,17.34984016418457,16.02113914489746,15.831003189086914
20210426,,,,,,,,17.09939956665039,,15.764431953430176
20210427,18.572919845581055,18.424901962280273,18.268579483032227,,,,,,,15.959695816040039
20210428,18.643287658691406,18.826658248901367,18.403715133666992,,,,,16.324460983276367,16.254236221313477,
20210429,18.576547622680664,18.828353881835938,18.34892463684082,18.050674438476562,17.811641693115234,18.488975524902344,18.686851501464844,17.437936782836914,16.95305061340332,16.087873458862305
20210430,19.205509185791016,19.088441848754883,18.676374435424805,18.095264434814453,17.888521194458008,18.569137573242188,18.620080947875977,17.474090576171875,16.621042251586914,15.891594886779785
20210501,,,,,,,,,,15.812112808227539
20210502,17.943506240844727,,,,,,,,,16.122760772705078
20210503,17.95348358154297,,,,,,,,16.254520416259766,
20210504,17.91185188293457,18.269771575927734,18.121429443359375,,,18.45671844482422,18.611740112304688,17.396249771118164,16.858470916748047,16.433395385742188
20210505,18.14978790283203,17.72139549255371,17.036209106445312,,,,,16.577308654785156,15.929518699645996,15.661249160766602
20210506,,,,,,,,,16.443281173706055,15.735092163085938
20210507,18.217435836791992,,,,,,,17.152738571166992,16.934463500976562,15.567270278930664
20210508,17.551666259765625,,,,,,18.12263298034668,17.317935943603516,,15.34134578704834
20210509,17.9064998626709,17.84476089477539,17.696857452392578,17.35951042175293,17.155296325683594,17.51654815673828,17.807750701904297,16.946395874023438,16.514522552490234,15.963367462158203
20210510,17.960386276245117,,,,,,,,,15.379430770874023
20210511,,,,,,,,,,
20210512,,,,,,,,,16.499088287353516,15.291778564453125
20210513,17.789154052734375,,17.571571350097656,,,,,,,15.846261978149414
20210514,17.401430130004883,17.267541885375977,17.3933048248291,16.465137481689453,16.14639663696289,,17.194425582885742,16.761707305908203,16.229782104492188,16.036361694335938
20210515,17.73780059814453,17.25583267211914,17.04014778137207,16.129179000854492,15.864544868469238,16.95090675354004,17.052499771118164,16.33435821533203,15.956033706665039,16.10091781616211
20210516,18.858482360839844,,17.17941665649414,,,,,,15.127635955810547,15.183619499206543
20210517,,,,,,,,,15.640417098999023,15.24680233001709
20210518,17.472414016723633,,,,,,,,,15.769708633422852
20210519,18.00749969482422,15.404877662658691,16.431499481201172,,,,,15.799297332763672,16.041118621826172,
20210520,,,,,,,,,,15.019999504089355
20210521,18.213071823120117,16.608320236206055,17.169187545776367,15.771418571472168,15.375821113586426,16.701704025268555,16.817096710205078,16.087646484375,16.118175506591797,15.426624298095703
20210522,,,17.512046813964844,,,17.610313415527344,17.7360782623291,16.711055755615234,16.480918884277344,15.461505889892578
20210523,,16.514192581176758,16.582073211669922,15.926976203918457,15.13743782043457,16.903684616088867,16.707767486572266,15.27224349975586,16.166038513183594,15.641654968261719
20210524,,,,,,,,,,13.562976837158203
20210525,16.888946533203125,,,,,,,,,
20210526,17.34477424621582,16.000791549682617,16.597230911254883,,14.763181686401367,16.13457679748535,16.037660598754883,15.964364051818848,15.737930297851562,14.77992057800293
20210527,17.689054489135742,16.424802780151367,17.019882202148438,15.57058334350586,15.108109474182129,16.450084686279297,16.43032455444336,15.95421028137207,15.753232955932617,15.007648468017578
20210528,17.050418853759766,15.58741569519043,16.18195152282715,,,,,16.556848526000977,16.414148330688477,15.136665344238281
20210529,17.096702575683594,16.20162010192871,16.331640243530273,,,,,,,
20210530,17.369142532348633,16.099777221679688,16.80127716064453,15.49182415008545,15.149218559265137,16.427444458007812,16.479290008544922,15.993185043334961,16.348237991333008,16.22919464111328
20210531,,,,,,16.040393829345703,15.85720443725586,15.504104614257812,15.89720630645752,15.576337814331055
20210601,18.257484436035156,15.96580982208252,16.417783737182617,,,,,,,
20210602,,,,,,,,,16.04178237915039,13.476887702941895
20210603,16.250232696533203,,,,,,,,17.32903480529785,15.90147876739502
20210604,16.6951961517334,15.169522285461426,15.993208885192871,14.045000076293945,14.05081558227539,15.240283012390137,15.689891815185547,,14.488028526306152,
20210605,16.13021469116211,15.385222434997559,16.010032653808594,14.587200164794922,14.329999923706055,15.678479194641113,15.81889820098877,14.915742874145508,,14.359916687011719
20210606,17.391204833984375,15.20753002166748,15.82347297668457,,,15.171926498413086,15.218071937561035,14.488945960998535,15.740385055541992,14.99904727935791
20210607,17.836606979370117,16.107280731201172,16.794572830200195,15.057165145874023,14.91234302520752,16.197999954223633,,15.989458084106445,15.855517387390137,14.800116539001465
20210608,17.147499084472656,,,,,,,,,
20210609,16.669706344604492,14.684977531433105,15.897086143493652,,13.855131149291992,14.996126174926758,15.20661449432373,15.934391975402832,,14.674375534057617
20210610,16.005939483642578,14.653999328613281,16.562803268432617,,,,,,,
20210611,16.237125396728516,,15.79666519165039,,,15.242109298706055,,14.625128746032715,14.977938652038574,14.366313934326172
20210612,16.750530242919922,15.015917778015137,,,,,,15.24780559539795,15.73452377319336,15.28103256225586
20210613,,,,,,,,14.773253440856934,,13.927796363830566
20210614,16.967443466186523,,16.222492218017578,,,,,,,14.179286003112793
20210615,16.498666763305664,14.297062873840332,15.226739883422852,13.644149780273438,,15.065193176269531,15.32141399383545,15.226211547851562,,
20210616,16.691783905029297,13.890220642089844,15.128205299377441,,,,,,,
20210617,17.028282165527344,14.099872589111328,15.596667289733887,,,15.037541389465332,14.547346115112305,14.498764991760254,15.161524772644043,14.478045463562012
20210618,,14.690311431884766,,,,,,,15.658781051635742,14.400992393493652
20210619,16.632568359375,,,,,,,,,14.779414176940918
20210620,16.124706268310547,14.034332275390625,15.273493766784668,,,14.195000648498535,13.998570442199707,14.941009521484375,14.693157196044922,
20210621,16.194168090820312,13.804755210876465,15.080717086791992,13.599933624267578,13.48891830444336,14.383522033691406,14.356039047241211,14.773505210876465,15.449687004089355,15.294580459594727
20210622,,,,,,,,,,14.01089096069336
20210623,,,,,,,,,,
20210624,16.075868606567383,,,,,,,,16.62237548828125,15.025552749633789
20210625,15.89029598236084,13.379656791687012,14.75968074798584,13.171226501464844,12.706709861755371,13.86644458770752,13.779206275939941,14.977129936218262,,
20210626,15.538311004638672,13.18990421295166,14.741666793823242,12.973427772521973,12.875542640686035,,13.95207405090332,14.808110237121582,15.215516090393066,15.19119644165039
20210627,16.165040969848633,13.250389099121094,14.45822811126709,,,13.45328140258789,,,14.70748519897461,14.727145195007324
20210628,16.17670440673828,13.715448379516602,14.980374336242676,13.019609451293945,12.905389785766602,13.961627006530762,13.86398983001709,15.037446022033691,15.180802345275879,14.62275218963623
20210629,,,,,,,,15.639453887939453,15.562224388122559,14.551729202270508
20210630,16.342632293701172,13.807921409606934,15.03805160522461,,,,,,,14.822783470153809
20210701,15.798558235168457,12.953619003295898,14.434929847717285,,,13.694920539855957,,14.972835540771484,14.727649688720703,
20210702,14.878951072692871,13.195565223693848,13.604860305786133,13.01838207244873,12.839999198913574,,,,,13.166298866271973
20210703,15.923683166503906,12.987276077270508,14.341710090637207,12.544364929199219,12.435901641845703,13.454262733459473,13.535908699035645,14.338591575622559,13.977999687194824,15.103927612304688
20210704,,,15.059202194213867,,,14.266804695129395,,14.643224716186523,14.621286392211914,13.137396812438965
20210705,,,,,,,,,,14.1578950881958
20210706,15.49228286743164,12.556666374206543,14.419663429260254,,,,,,14.826531410217285,
20210707,15.638965606689453,12.981727600097656,14.647650718688965,12.738765716552734,12.743999481201172,13.496417999267578,13.513877868652344,13.801095008850098,14.775421142578125,15.544178009033203
20210708,16.18335723876953,12.559412002563477,12.649188041687012,11.692428588867188,,12.406804084777832,,14.08466625213623,14.592997550964355,14.611966133117676
20210709,15.607738494873047,13.294952392578125,14.385584831237793,12.888666152954102,13.001199722290039,13.668216705322266,13.411616325378418,14.504374504089355,14.88860034942627,13.830107688903809
20210710,15.200553894042969,,,,,,,,15.80867862701416,14.397351264953613
20210711,15.480842590332031,12.984169006347656,14.565166473388672,12.514922142028809,,13.252479553222656,,13.94350528717041,,13.817719459533691
20210712,15.352594375610352,12.639355659484863,14.266727447509766,12.287622451782227,12.196308135986328,13.137483596801758,12.982867240905762,14.16128921508789,14.021388053894043,15.074527740478516
20210713,16.043521881103516,,,,,,,14.290183067321777,,14.029559135437012
20210714,16.2193546295166,13.33654499053955,14.535070419311523,12.072168350219727,,13.384775161743164,,14.343564987182617,,
20210715,,,,,,,,14.912972450256348,15.101573944091797,14.686233520507812
20210716,14.948807716369629,12.888725280761719,13.855847358703613,,,,,,,
20210717,15.258635520935059,12.560660362243652,14.024852752685547,,,13.161983489990234,13.00175666809082,14.139439582824707,,
20210718,15.324645042419434,12.30357837677002,13.442937850952148,12.189607620239258,11.847797393798828,12.942455291748047,12.863975524902344,14.437821388244629,14.131333351135254,14.152312278747559
20210719,15.934582710266113,12.277277946472168,13.831978797912598,12.121270179748535,11.634732246398926,,,14.513288497924805,14.209576606750488,
20210720,,,13.271598815917969,11.989341735839844,12.6353120803833,,,13.650284767150879,14.671249389648438,13.74914836883545
20210721,,,,,,,,,,14.294515609741211
20210722,14.292719841003418,,,,,,,,,13.492898941040039
20210723,14.721403121948242,11.3297700881958,13.264993667602539,,,,,13.03499984741211,13.620233535766602,
20210724,15.425451278686523,12.235949516296387,13.28822135925293,,11.39716625213623,,12.616666793823242,13.402754783630371,11.597947120666504,13.88127326965332
20210725,,12.543078422546387,13.798691749572754,,,13.232809066772461,,13.920904159545898,13.816509246826172,14.113604545593262
20210726,14.738763809204102,,,,,,,,13.43224048614502,12.803153038024902
20210727,15.544200897216797,12.257734298706055,13.952101707458496,11.923027038574219,11.652905464172363,12.991947174072266,12.525958061218262,14.185135841369629,,
20210728,14.84969711303711,12.188370704650879,13.323887825012207,12.018125534057617,12.077282905578613,12.610697746276855,12.721923828125,13.602548599243164,13.366730690002441,
20210729,15.108322143554688,11.95158863067627,13.366959571838379,11.829731941223145,11.713025093078613,12.564416885375977,12.149430274963379,13.336875915527344,13.466279029846191,13.135438919067383
20210730,15.79651927947998,,14.433849334716797,12.380701065063477,12.21926212310791,13.049088478088379,12.605182647705078,13.884172439575195,14.052579879760742,13.685284614562988
20210731,,,,,,,,,14.339277267456055,14.06045913696289
20210801,14.889737129211426,12.170289039611816,13.986767768859863,,,,,,,13.541288375854492
20210802,15.153647422790527,12.551405906677246,13.814358711242676,12.111644744873047,12.033400535583496,12.78065299987793,12.55153751373291,13.43801498413086,13.787243843078613,13.778797149658203
20210803,14.777382850646973,12.03206729888916,13.095938682556152,11.615896224975586,11.302828788757324,12.796563148498535,,13.339286804199219,13.149675369262695,13.654708862304688
20210804,15.289952278137207,12.143218040466309,13.251212120056152,11.734435081481934,11.55902099609375,12.523458480834961,12.23170280456543,13.151941299438477,13.39976978302002,13.647034645080566
20210805,,,14.242777824401855,,,13.085000038146973,,13.835556030273438,13.52485466003418,13.24269962310791
20210806,14.51166820526123,,,,,,,,,13.878315925598145
20210807,14.751354217529297,,13.807230949401855,,,13.024672508239746,,13.33576774597168,13.293265342712402,
20210808,15.01413631439209,12.445714950561523,13.427436828613281,12.08022403717041,12.300966262817383,12.836750984191895,12.795714378356934,13.28947639465332,13.834553718566895,13.401156425476074
20210809,15.777512550354004,12.610250473022461,14.02812385559082,12.374571800231934,12.61875057220459,,12.710365295410156,14.171667098999023,14.067826271057129,13.600948333740234
20210810,,13.501423835754395,14.091401100158691,13.10913372039795,13.222915649414062,13.598447799682617,13.390277862548828,14.343212127685547,14.317658424377441,13.45334529876709
20210811,,,,,,,,,,
20210812,14.734119415283203,12.115204811096191,13.093381881713867,11.733332633972168,11.643440246582031,12.213043212890625,11.99355697631836,13.396653175354004,,13.780311584472656
20210813,14.698081970214844,12.480347633361816,13.237990379333496,12.31776237487793,,12.563411712646484,12.428499221801758,13.478440284729004,13.519831657409668,13.483464241027832
20210814,15.091351509094238,12.62778091430664,13.730382919311523,12.365788459777832,12.623125076293945,12.87933349609375,12.715320587158203,13.612394332885742,13.721651077270508,13.146371841430664
20210815,15.676352500915527,13.147567749023438,14.644293785095215,,,13.500168800354004,,13.789178848266602,13.432551383972168,13.287294387817383
20210816,,,,,,,,13.641818046569824,14.355695724487305,13.454263687133789
20210817,14.198652267456055,,13.71506404876709,,,,,,,13.971935272216797
20210818,15.085915565490723,12.983919143676758,,,12.549263954162598,,,,,
20210819,15.303945541381836,13.130633354187012,13.996970176696777,13.057607650756836,13.274452209472656,13.417378425598145,13.151815414428711,13.842305183410645,14.177992820739746,13.439075469970703
20210820,15.432510375976562,13.319208145141602,14.435985565185547,,,,,14.148123741149902,14.27838134765625,12.521171569824219
20210821,,,14.54053020477295,,,14.087702751159668,13.715312004089355,14.32680606842041,14.08348274230957,13.452908515930176
20210822,15.142826080322266,,,,,,,,,13.796062469482422
20210823,14.879450798034668,13.107147216796875,13.67786693572998,,,,,13.8856840133667,,
20210824,14.782147407531738,13.080033302307129,13.748597145080566,,13.1458740234375,13.070103645324707,12.983292579650879,13.687358856201172,13.541864395141602,13.712287902832031
20210825,15.058235168457031,12.883881568908691,13.547077178955078,12.61544418334961,,12.7594633102417,12.679054260253906,13.44721508026123,13.414104461669922,13.047736167907715
20210826,15.054072380065918,13.531603813171387,14.354971885681152,13.264123916625977,13.245741844177246,13.377653121948242,13.219091415405273,13.318315505981445,,
20210827,15.145353317260742,,,,,,,,14.089417457580566,12.856449127197266
20210828,14.776022911071777,12.837023735046387,,12.463507652282715,12.250615119934082,,12.305333137512207,,,13.210256576538086
20210829,14.622539520263672,12.964298248291016,13.741658210754395,,,12.981341361999512,12.746480941772461,13.528955459594727,13.226436614990234,
20210830,14.94747257232666,,13.852499008178711,,,,,,12.92199993133545,11.860464096069336
20210831,15.063947677612305,13.739120483398438,13.778731346130371,,,,,,,11.468192100524902
20210901,14.01729679107666,13.149094581604004,13.700764656066895,12.417754173278809,12.472661018371582,13.20605182647705,12.437857627868652,13.734878540039062,13.709549903869629,13.202210426330566
20210902,15.970234870910645,14.379903793334961,15.2313814163208,,,,,,,13.98796558380127
20210903,14.986668586730957,,,,,,,,,
20210904,14.665017127990723,13.548040390014648,13.735726356506348,13.371088027954102,13.559761047363281,13.266242027282715,13.145909309387207,13.561113357543945,13.273283004760742,13.442750930786133
20210905,15.261566162109375,13.635366439819336,14.03682804107666,13.436370849609375,13.461861610412598,13.347908020019531,13.150157928466797,13.652569770812988,13.297049522399902,13.159427642822266
20210906,,,14.395899772644043,,,13.79465103149414,,14.123230934143066,13.614026069641113,13.091217041015625
20210907,14.52663803100586,,,,,,,,,13.676708221435547
20210908,15.199553489685059,14.002612113952637,14.349090576171875,13.73599910736084,13.95447826385498,13.67857551574707,13.607125282287598,13.898870468139648,13.778231620788574,
20210909,15.316926002502441,14.432188034057617,14.66962718963623,13.993071556091309,14.079374313354492,13.872446060180664,14.010457992553711,14.218713760375977,13.269386291503906,12.837200164794922
20210910,15.741130828857422,14.422191619873047,14.645134925842285,14.208198547363281,14.438572883605957,14.003138542175293,13.954511642456055,13.920172691345215,13.407735824584961,12.93764591217041
20210911,,15.856714248657227,,15.10438346862793,15.340211868286133,14.76992130279541,14.669913291931152,15.242018699645996,,13.850024223327637
20210912,15.078836441040039,,,,,,,,14.062745094299316,13.427127838134766
20210913,14.860389709472656,13.906205177307129,14.01246166229248,13.439090728759766,,13.352158546447754,13.182696342468262,13.863741874694824,,13.562403678894043
20210914,14.550600051879883,13.922184944152832,13.926674842834473,,,13.491785049438477,13.585930824279785,13.652390480041504,,13.165685653686523
20210915,14.868722915649414,13.934004783630371,14.078845024108887,13.561699867248535,13.68950080871582,13.437932014465332,13.428236961364746,13.693488121032715,13.161219596862793,13.014599800109863
20210916,15.202352523803711,14.720620155334473,14.690939903259277,14.119142532348633,14.11637020111084,13.819972038269043,13.734548568725586,13.970056533813477,13.911064147949219,12.959266662597656
20210917,,,,,,,,,14.76660442352295,13.194013595581055
20210918,14.88975715637207,13.578021049499512,13.973434448242188,,,,,,,13.26147174835205
20210919,15.034504890441895,14.71009635925293,14.371471405029297,14.409736633300781,14.62458324432373,13.911080360412598,13.904607772827148,13.957969665527344,,
20210920,14.655670166015625,15.298498153686523,14.211858749389648,,,,,13.93270492553711,13.276948928833008,13.100893020629883
20210921,15.125529289245605,14.30836009979248,14.26309871673584,13.95301342010498,13.961308479309082,13.648477554321289,13.553179740905762,13.722273826599121,13.12928295135498,13.129493713378906
20210922,,,,,,,,,13.05845832824707,13.013484001159668
20210923,15.028840065002441,,,,,,,,,13.307242393493652
20210924,15.167449951171875,15.025504112243652,14.572319030761719,14.479795455932617,14.61253833770752,13.979467391967773,13.987600326538086,13.796305656433105,13.549015998840332,
20210925,14.657066345214844,15.317949295043945,14.108696937561035,14.172162055969238,,13.713455200195312,13.526046752929688,13.87559700012207,13.342782974243164,13.22629165649414
20210926,15.304991722106934,14.657303810119629,14.1742525100708,14.105742454528809,14.23039722442627,13.703278541564941,13.745826721191406,13.612080574035645,13.478604316711426,12.737518310546875
20210927,,14.74131965637207,14.305356979370117,14.849745750427246,,14.463221549987793,14.255760192871094,14.305747032165527,13.466910362243652,12.98669147491455
20210928,15.08570384979248,,,,,,,,13.20133113861084,13.05123519897461
20210929,14.80272388458252,14.832120895385742,14.43931770324707,,,13.939362525939941,13.746251106262207,14.02346134185791,,
20210930,14.878519058227539,15.204955101013184,14.4176025390625,14.262178421020508,14.684032440185547,,,,,
20211001,15.374258041381836,14.830184936523438,,,,,,,,
20211002,14.304222106933594,15.481212615966797,,,,,,,,13.047117233276367
20211004,15.084213256835938,14.744100570678711,14.45136833190918,,,,,,,13.744487762451172
20211005,14.927451133728027,15.427886962890625,14.480481147766113,14.54590129852295,14.683248519897461,13.992575645446777,,13.906159400939941,13.197375297546387,
20211006,15.562213897705078,15.770286560058594,14.924043655395508,,15.635428428649902,14.644796371459961,14.49242115020752,14.486695289611816,13.545845985412598,13.200285911560059
20211007,15.484048843383789,15.892658233642578,14.75076675415039,15.022811889648438,,14.269189834594727,14.187915802001953,14.047884941101074,13.338170051574707,13.148181915283203
20211008,14.87003231048584,15.233623504638672,14.558328628540039,14.621212005615234,14.780348777770996,,,14.539005279541016,13.446969032287598,12.899277687072754
20211009,15.357622146606445,,,,,,,13.561600685119629,13.096683502197266,13.713421821594238
20211010,15.116510391235352,,14.600668907165527,,,14.161062240600586,13.903499603271484,14.047174453735352,13.247559547424316,12.935635566711426
20211011,15.221724510192871,15.557479858398438,14.678899765014648,,15.122894287109375,14.272950172424316,14.538469314575195,14.106383323669434,13.501422882080078,13.30848217010498
20211012,14.316923141479492,15.628923416137695,13.59661865234375,15.049134254455566,14.981310844421387,14.231000900268555,14.361459732055664,13.882818222045898,13.334176063537598,13.482458114624023
20211013,,,,,,,,14.219573020935059,13.574958801269531,13.304024696350098
20211014,14.796836853027344,,,,,,,,13.499954223632812,
20211015,14.602956771850586,,14.548868179321289,,,,,13.58728313446045,,14.061949729919434
20211016,,,,,,,,,13.003291130065918,
20211017,15.368490219116211,15.663829803466797,14.374465942382812,,,14.212806701660156,14.413809776306152,,,13.23218822479248
20211018,,16.307815551757812,,,,,,13.576576232910156,,12.886319160461426
20211019,,,,,,,,14.87704086303711,14.035151481628418,13.251110076904297
20211020,13.816014289855957,,,,,,,,12.442039489746094,13.877920150756836
20211021,15.257678031921387,16.126535415649414,15.09827995300293,16.163461685180664,,15.050225257873535,,14.731338500976562,13.34810733795166,
20211022,15.811071395874023,16.578062057495117,15.558475494384766,16.288288116455078,16.535608291625977,15.167950630187988,15.243205070495605,14.7131986618042,13.991637229919434,13.920942306518555
20211023,15.856344223022461,16.481748580932617,15.290840148925781,16.425867080688477,16.485069274902344,14.892190933227539,15.094839096069336,14.624469757080078,13.42834758758545,13.284577369689941
20211024,,,,17.216920852661133,17.112018585205078,15.8401517868042,15.90610408782959,15.222906112670898,14.192819595336914,13.396021842956543
20211025,15.324589729309082,,,,,,,,,13.327714920043945
20211026,15.18458080291748,17.08938217163086,15.66633129119873,16.962533950805664,16.907501220703125,15.596248626708984,15.679343223571777,15.041167259216309,14.260648727416992,
20211027,17.3559627532959,18.083057403564453,15.901233673095703,,,,,15.47831916809082,14.727278709411621,13.89261531829834
20211028,15.970081329345703,17.218786239624023,15.48409366607666,16.932083129882812,17.175485610961914,15.353926658630371,15.79178524017334,14.36598014831543,13.284343719482422,14.014774322509766
20211029,,17.546175003051758,16.203760147094727,,,,,14.447429656982422,,11.582830429077148
20211030,15.50110912322998,,,,,,,,14.257644653320312,13.707979202270508
20211031,15.856852531433105,16.874309539794922,15.707110404968262,16.757259368896484,16.88460922241211,15.48624038696289,15.68285846710205,14.964488983154297,,14.341591835021973
20211101,16.034324645996094,17.24925994873047,16.103784561157227,17.3548641204834,17.496538162231445,16.13204574584961,16.287521362304688,15.359206199645996,14.126935005187988,13.431581497192383
20211102,15.973312377929688,17.741228103637695,16.1960391998291,17.473400115966797,17.705684661865234,16.215999603271484,16.173677444458008,15.634872436523438,14.546764373779297,14.047041893005371
20211103,,,,,,,,,,
20211104,,,,,,,,,14.748613357543945,14.006360054016113
20211105,16.810531616210938,16.888269424438477,16.010730743408203,,,,,,,14.45534896850586
20211106,16.630306243896484,,,,,,,,,13.854844093322754
20211107,,,,,,,,,14.346305847167969,13.936145782470703
20211108,16.60502815246582,18.419618606567383,16.50063133239746,,,,,,14.308748245239258,13.992498397827148
20211109,,18.51543617248535,,,,,,16.247892379760742,14.833879470825195,14.402703285217285
20211110,15.883392333984375,,,,,,,,,14.64456844329834
20211111,,,15.245463371276855,,,,,,14.436249732971191,
20211112,15.315437316894531,,,,,,,,,
20211113,15.82865047454834,16.677410125732422,15.327897071838379,,,,15.477039337158203,14.923877716064453,13.948193550109863,
20211114,,17.702680587768555,16.203216552734375,,16.989742279052734,,,15.525932312011719,14.455533981323242,14.289372444152832
20211115,,,,,,,,,,13.846485137939453
20211116,16.195470809936523,,,,,,,,,14.309452056884766
20211117,,16.756547927856445,15.893486022949219,,,,15.959393501281738,15.046948432922363,14.116623878479004,
20211118,16.56705665588379,17.484954833984375,16.795448303222656,17.29726219177246,,,,15.82537841796875,,15.022326469421387
20211119,15.89448356628418,,,,,,,14.566728591918945,14.136725425720215,13.592649459838867
20211120,,,,,,,,,14.347743034362793,14.001119613647461
20211121,16.550718307495117,,,,,,,,,14.503491401672363
20211122,,,,,,14.137761116027832,14.319648742675781,14.66797924041748,14.183627128601074,13.412623405456543
20211123,,,,,,,,,,
20211124,16.070140838623047,,,,,,,,13.991094589233398,14.259871482849121
20211125,,,17.117307662963867,,,16.167396545410156,,15.946599006652832,15.041518211364746,
20211126,15.513124465942383,,,,,,,,,14.514883995056152
20211127,16.916711807250977,17.27080535888672,16.215370178222656,16.806501388549805,16.897380828857422,15.769743919372559,16.162628173828125,14.834991455078125,14.088896751403809,
20211128,15.934179306030273,17.8859920501709,16.338455200195312,17.434267044067383,17.655683517456055,16.445388793945312,16.725814819335938,15.585728645324707,14.422323226928711,14.173761367797852
20211129,16.71186637878418,18.325511932373047,16.73259735107422,17.79289436340332,18.122055053710938,16.722749710083008,16.93056869506836,15.91811752319336,14.757156372070312,14.68989086151123
20211130,,20.27145767211914,17.536054611206055,19.1395320892334,19.31949806213379,17.82703971862793,18.074541091918945,16.810131072998047,15.47586727142334,15.19166374206543
20211201,15.803343772888184,,,,,,,,,16.099708557128906
20211202,17.52153205871582,19.662214279174805,16.153106689453125,,,16.459060668945312,17.180532455444336,,,17.318748474121094
20211203,16.39354705810547,18.70618438720703,16.66946029663086,,,,,16.031999588012695,15.198338508605957,14.682127952575684
20211204,16.182559967041016,19.02219581604004,17.203201293945312,18.603591918945312,18.936614990234375,17.059913635253906,17.442914962768555,16.198759078979492,15.368348121643066,16.063072204589844
20211205,15.869186401367188,19.52204132080078,16.60758399963379,18.97267723083496,19.214860916137695,17.259624481201172,17.802587509155273,16.572965621948242,15.55361557006836,14.912713050842285
20211206,,,,,,,,16.31279182434082,15.766112327575684,15.524932861328125
20211207,16.75000762939453,,15.862266540527344,,,,,,,16.014556884765625
20211208,16.51087760925293,19.381757736206055,16.77325439453125,,,,,16.397640228271484,15.44521713256836,15.21313190460205
20211209,16.665693283081055,19.101377487182617,16.86807632446289,,,,,16.59058380126953,15.18840217590332,15.038182258605957
20211210,16.489999771118164,18.888324737548828,17.475858688354492,,18.45591163635254,17.063373565673828,17.53020477294922,16.083892822265625,,15.307032585144043
20211211,,,17.4632568359375,,,,,16.645849227905273,15.190594673156738,15.554945945739746
20211212,17.482025146484375,,,,,,,,14.79899787902832,15.90385627746582
20211213,16.3719539642334,20.833602905273438,17.81501007080078,20.444570541381836,,18.52648162841797,19.473600387573242,18.012601852416992,16.30791473388672,
20211214,16.32556915283203,18.79621124267578,17.202808380126953,18.774553298950195,18.942113876342773,17.304855346679688,17.718538284301758,16.34404945373535,15.27338695526123,14.995469093322754
20211215,17.353302001953125,,,,,,,,,15.855072975158691
20211216,,21.006607055664062,18.870100021362305,20.0674991607666,20.272199630737305,18.41822052001953,18.772619247436523,17.317167282104492,15.798628807067871,15.755399703979492
20211217,17.630474090576172,,,,,,,,16.800230026245117,16.408203125
20211218,17.298809051513672,,17.988143920898438,20.47341537475586,,18.499971389770508,19.50954246520996,17.48163604736328,,
20211219,17.46673583984375,19.695701599121094,18.967531204223633,20.327659606933594,20.859619140625,,,,,16.157800674438477
20211220,17.163320541381836,20.207250595092773,17.85891342163086,19.921600341796875,20.146137237548828,18.10347557067871,18.624267578125,16.999099731445312,15.764596939086914,15.870930671691895
20211221,17.891786575317383,20.773374557495117,18.537097930908203,20.344375610351562,20.608535766601562,18.435930252075195,18.923025131225586,17.530868530273438,,15.868668556213379
20211222,,,,,,,,,,15.761739730834961
20211223,17.96971893310547,20.13188362121582,18.180850982666016,,,,,,,16.100072860717773
20211224,17.6612548828125,20.829166412353516,18.60204315185547,21.348587036132812,21.55992889404297,19.546701431274414,20.070262908935547,17.65207290649414,16.311981201171875,15.306229591369629
20211225,16.9453067779541,,18.99139404296875,,,,19.278289794921875,,,16.3188419342041
20211226,18.21448516845703,21.243932723999023,19.798616409301758,,20.81999969482422,,19.552358627319336,,,
20211227,,20.481529235839844,19.71632194519043,,,,,17.047550201416016,16.204771041870117,15.736106872558594
20211228,17.129413604736328,,,,,,,,,16.690593719482422
20211229,17.155336380004883,20.530712127685547,18.33757781982422,19.879365921020508,20.24651527404785,18.376304626464844,19.14373207092285,16.67010498046875,14.82946491241455,
20211230,17.38660430908203,21.21177101135254,18.49983024597168,20.58012580871582,21.256298065185547,18.87972068786621,19.76540756225586,17.20136833190918,15.675996780395508,15.927225112915039
20211231,18.258560180664062,21.636703491210938,19.51326560974121,21.229036331176758,21.790069580078125,19.50088882446289,20.40299415588379,18.36056900024414,17.049163818359375,17.40418243408203
20220101,,,,,,,,19.3584041595459,17.188434600830078,17.568248748779297
20220102,19.896211624145508,,,,,,,,,17.335569381713867
20220103,17.95867347717285,21.350248336791992,19.199735641479492,21.27745819091797,21.943462371826172,18.81793212890625,19.875545501708984,17.8564395904541,,18.82065773010254
20220104,17.586380004882812,22.160709381103516,19.79882049560547,,21.8435001373291,,,17.238447189331055,17.133100509643555,
20220105,17.52153968811035,21.523651123046875,18.512622833251953,,,18.932083129882812,19.68295669555664,17.394384384155273,,15.856561660766602
20220106,17.92449951171875,21.18490219116211,,,,,,,,17.378019332885742
20220107,,,,,,,,,,17.131799697875977
20220108,17.81364631652832,,16.239185333251953,,,,,,,
20220109,17.591323852539062,21.01831817626953,19.195026397705078,20.143619537353516,20.320890426635742,18.78522491455078,19.319429397583008,16.553983688354492,15.287538528442383,
20220110,18.33746910095215,21.957956314086914,20.021495819091797,21.372163772583008,21.843164443969727,20.043182373046875,20.65943145751953,18.25496482849121,16.642915725708008,17.16488265991211
20220111,18.914527893066406,22.442731857299805,19.962148666381836,21.871736526489258,22.043657302856445,19.928945541381836,21.18195152282715,18.621259689331055,,16.227741241455078
20220112,,,,,23.737329483032227,,,19.6802921295166,17.90634536743164,17.225109100341797
20220113,,,,,,,,,,18.281661987304688
20220114,,,,,,,,,16.151371002197266,
20220115,18.582489013671875,22.21923065185547,19.495342254638672,,,19.69548225402832,20.368061065673828,,,17.82729148864746
20220116,18.52241325378418,,18.908296585083008,,,19.797222137451172,20.06403923034668,18.52745819091797,16.95530128479004,17.034053802490234
20220117,18.626367568969727,,,,,,,,,
20220118,,,,,,,,,,17.531654357910156
20220119,17.86490821838379,21.459339141845703,19.033212661743164,21.46906852722168,21.7662296295166,19.757442474365234,20.49334144592285,17.97791862487793,,18.845460891723633
20220120,18.04840087890625,21.539382934570312,19.709901809692383,21.855741500854492,22.053403854370117,20.238666534423828,21.108139038085938,18.70361328125,16.569368362426758,16.460622787475586
20220121,,,,,,20.413782119750977,21.082275390625,18.65728187561035,16.63372039794922,17.564634323120117
20220122,,,,,,,,17.92085838317871,16.785951614379883,17.695280075073242
20220123,,,,,,,,,16.932998657226562,18.144426345825195
20220124,18.660524368286133,,,,,,,,,17.184999465942383
20220125,18.882888793945312,,20.452463150024414,,,,,20.016990661621094,18.97693634033203,18.664133071899414
20220126,19.907655715942383,23.030391693115234,20.812175750732422,22.875591278076172,23.06601905822754,21.115222930908203,21.62059783935547,20.26740837097168,19.357009887695312,18.76136589050293
20220127,20.643756866455078,24.03411865234375,21.464344024658203,23.787214279174805,24.229389190673828,21.88835334777832,22.422998428344727,20.484275817871094,18.430526733398438,18.635799407958984
20220128,,24.235885620117188,22.7955322265625,,,22.72397232055664,,20.406972885131836,18.695941925048828,19.396240234375
20220129,19.035409927368164,,,,,,,,19.36576271057129,18.83349609375
20220130,19.191633224487305,23.279874801635742,19.98158836364746,22.680387496948242,22.736478805541992,20.567472457885742,21.062057495117188,18.639610290527344,17.09833526611328,19.41787338256836
20220131,19.11248016357422,23.381139755249023,20.618133544921875,23.601896286010742,23.828716278076172,21.14966583251953,21.646446228027344,19.962646484375,,18.282642364501953
20220201,19.233266830444336,,20.481555938720703,,,20.836349487304688,21.24127769470215,19.397062301635742,17.832372665405273,18.946969985961914
20220202,,24.3172550201416,21.042016983032227,,,,,18.79957389831543,16.91100311279297,17.28166961669922
20220203,18.327590942382812,,,,,,,,,18.178926467895508
20220204,18.158803939819336,22.093332290649414,20.181520462036133,21.580001831054688,21.52051544189453,,21.21724510192871,,,19.17404556274414
20220205,18.10970687866211,22.675291061401367,20.609193801879883,,,20.689868927001953,21.418874740600586,17.860261917114258,15.94288158416748,17.07931137084961
20220206,18.788402557373047,22.505718231201172,20.27187728881836,21.973665237426758,21.96788787841797,20.602588653564453,20.94613265991211,18.929738998413086,16.245681762695312,17.650711059570312
20220207,20.744157791137695,23.325321197509766,20.997800827026367,22.654077529907227,22.589012145996094,21.26263999938965,21.584854125976562,18.94412612915039,16.39681053161621,17.775997161865234
20220208,,,,,,,,20.554834365844727,17.880006790161133,17.9987735748291
20220209,19.0590763092041,21.78907585144043,20.422216415405273,,,,,,,19.075834274291992
20220210,18.890958786010742,23.03803253173828,19.650394439697266,,,19.907567977905273,,19.083070755004883,17.096420288085938,
20220211,18.887664794921875,22.431455612182617,19.899511337280273,,21.89411163330078,20.346435546875,21.184123992919922,18.538497924804688,16.691957473754883,17.70440101623535
20220212,19.25587272644043,22.67473602294922,20.635480880737305,22.06670570373535,22.021013259887695,20.983360290527344,21.371049880981445,18.74927520751953,16.169605255126953,18.139379501342773
20220213,,22.73983383178711,20.951353073120117,,,20.962060928344727,,18.971731185913086,17.005950927734375,18.084285736083984
20220214,18.87644386291504,,,,,,,,,18.960725784301758
20220215,18.592369079589844,,20.936147689819336,,,21.156818389892578,21.657869338989258,18.41135597229004,15.750751495361328,
20220216,18.491472244262695,,,,,,,,,19.06343650817871
20220217,,,,,,,,,,
20220218,,23.15839958190918,21.64179039001465,22.171279907226562,,21.150897979736328,,,,20.878765106201172
20220219,17.805208206176758,,,,,,,,,18.39813995361328
20220220,,,,,,,20.73796844482422,,,18.84577178955078
20220221,18.594682693481445,21.724632263183594,19.768585205078125,,,19.918598175048828,,18.28510093688965,17.02101707458496,17.54030418395996
20220222,18.360177993774414,21.473447799682617,19.671100616455078,20.736265182495117,20.80947494506836,20.013521194458008,20.741832733154297,17.959108352661133,16.269289016723633,
20220223,19.795095443725586,22.035503387451172,20.376914978027344,21.144676208496094,21.155132293701172,20.52349853515625,21.064878463745117,18.355546951293945,16.82291030883789,17.729530334472656
20220224,,,,,,,,,17.692155838012695,18.284807205200195
20220225,17.817398071289062,20.734052658081055,19.17976188659668,,,,,,,19.25877571105957
20220226,18.04513168334961,21.952194213867188,19.71140480041504,21.127103805541992,21.552825927734375,20.095415115356445,20.984878540039062,17.60857391357422,15.566765785217285,
20220227,19.97616958618164,22.218883514404297,,,,,,16.900434494018555,16.381431579589844,17.664241790771484
20220228,19.196210861206055,,,,21.87187385559082,20.45133399963379,21.32352638244629,18.082521438598633,16.85614776611328,17.678102493286133
20220301,,23.045761108398438,21.642621994018555,21.98922348022461,22.453643798828125,20.756694793701172,,,,
20220302,18.45049476623535,,,,,,,,,18.2363338470459
20220303,19.80133056640625,22.843982696533203,21.138107299804688,21.980798721313477,,20.69223403930664,,18.7528133392334,18.808780670166016,
20220304,18.272836685180664,23.43626594543457,,,,,,,,18.232799530029297
20220305,18.134679794311523,22.41817855834961,19.889673233032227,21.619997024536133,,20.113265991210938,21.018938064575195,18.1599178314209,16.702333450317383,17.39917755126953
20220306,,22.915573120117188,21.20305824279785,,,,,18.563013076782227,15.786932945251465,
20220307,,,,,,,,,18.124582290649414,18.1905460357666
20220308,18.230907440185547,22.011899948120117,,,,,,,,19.2767391204834
20220309,17.23140525817871,21.310625076293945,19.497079849243164,,20.695646286010742,,20.743623733520508,17.105144500732422,15.306493759155273,16.669034957885742
20220310,17.693647384643555,21.056577682495117,19.16535186767578,19.987499237060547,20.188928604125977,19.76051139831543,20.5922908782959,17.162822723388672,14.424925804138184,17.80044937133789
20220311,18.02936363220215,21.758689880371094,20.271160125732422,20.450395584106445,20.5532169342041,20.22468376159668,20.9173526763916,17.339786529541016,15.337728500366211,17.578964233398438
20220312,,,,,,,,,17.32145881652832,16.997968673706055
20220313,19.138160705566406,21.634681701660156,20.156099319458008,,,,,,,18.70792007446289
20220314,18.43332290649414,,21.04743003845215,,,,,,14.65872859954834,17.410184860229492
20220315,19.161867141723633,,,,,,,,17.022048950195312,17.94919204711914
20220316,18.643938064575195,22.025257110595703,20.5070743560791,20.824600219726562,21.302379608154297,20.21533203125,21.23196792602539,18.87775421142578,17.72957420349121,17.854154586791992
20220317,18.93940544128418,,20.258729934692383,22.3936824798584,22.34617042541504,21.257204055786133,21.65265464782715,18.93916893005371,17.655363082885742,
20220318,17.925189971923828,,,,,,,,,18.703046798706055
20220319,18.851041793823242,21.983802795410156,19.585905075073242,20.960731506347656,21.13506507873535,19.962055206298828,20.572927474975586,17.552547454833984,15.860063552856445,20.81651496887207
20220320,18.613386154174805,22.394874572753906,19.973865509033203,21.79402732849121,22.218589782714844,20.269161224365234,21.067108154296875,18.01495361328125,16.008594512939453,17.607465744018555
20220321,18.973752975463867,22.661911010742188,19.767650604248047,21.87782859802246,22.185970306396484,20.579971313476562,21.252601623535156,17.828399658203125,16.243120193481445,17.75459098815918
20220322,,22.94999885559082,21.12794303894043,,,20.93836784362793,21.702733993530273,17.708040237426758,15.775429725646973,17.575639724731445
20220323,17.73622703552246,21.523557662963867,,,,,,,18.06231117248535,17.962440490722656
20220324,18.33837127685547,22.017885208129883,19.644332885742188,,,20.03348159790039,,,,19.879545211791992
20220325,17.920305252075195,21.74785041809082,19.64716911315918,21.19386863708496,21.047088623046875,,,,16.111083984375,16.14457130432129
20220326,18.598154067993164,21.290727615356445,19.37089729309082,20.370933532714844,20.391551971435547,19.896526336669922,20.55175018310547,17.41582679748535,15.979154586791992,17.875568389892578
20220327,18.95321273803711,21.540773391723633,20.034286499023438,20.8157901763916,20.84723663330078,20.2397518157959,20.783292770385742,17.823850631713867,16.99968719482422,17.703689575195312
20220328,,,,,,,,,,
20220329,18.134485244750977,20.39022445678711,19.007448196411133,,,,,,,18.722270965576172
20220330,17.729507446289062,20.659862518310547,20.497446060180664,,20.90727996826172,,21.06833267211914,,,
20220331,17.93446159362793,21.112058639526367,,,,,,,,17.79704475402832
20220401,18.19698143005371,20.80107307434082,19.041316986083984,19.889129638671875,20.02671241760254,20.167499542236328,20.186662673950195,16.790536880493164,15.154447555541992,16.911407470703125
20220402,,,,,,20.368213653564453,20.716032028198242,17.556520462036133,16.692373275756836,17.225875854492188
20220403,17.78585433959961,,,,,,,,,17.826021194458008
20220404,17.89956283569336,20.277881622314453,19.129791259765625,19.45594596862793,19.524166107177734,19.31120491027832,20.037206649780273,16.237548828125,15.057056427001953,
20220405,17.292499542236328,20.355567932128906,19.420392990112305,19.452228546142578,19.576831817626953,19.588417053222656,20.06691551208496,16.844255447387695,15.597606658935547,
20220406,17.86713409423828,20.057981491088867,17.68814468383789,,,,,16.260469436645508,,
20220407,,20.60580062866211,19.19932746887207,19.476476669311523,19.51007080078125,19.500492095947266,19.916414260864258,16.670711517333984,15.937018394470215,16.589305877685547
20220408,17.469961166381836,,,,,,,,17.246498107910156,16.871896743774414
20220409,18.084930419921875,19.581871032714844,18.452945709228516,18.82929229736328,18.934999465942383,18.832292556762695,19.351696014404297,16.839584350585938,,17.869735717773438
20220410,18.01517105102539,20.41832733154297,18.417407989501953,19.66404151916504,19.796249389648438,19.354999542236328,20.043169021606445,16.950439453125,16.74187660217285,16.667339324951172
20220411,17.837949752807617,20.650928497314453,,,,,,,,
20220412,,20.957721710205078,20.27602767944336,,,,,15.474753379821777,16.030685424804688,
20220413,,,,,,,,,17.219398498535156,16.444087982177734
20220414,,,,,,,,,,16.84347152709961
20220415,17.893360137939453,,19.445789337158203,,,,,,,16.994735717773438
20220416,18.24147605895996,20.33345603942871,18.597360610961914,19.09019660949707,19.23209571838379,18.82402229309082,19.444997787475586,16.763568878173828,16.76148796081543,16.392000198364258
20220417,18.9531192779541,20.855432510375977,18.655475616455078,19.593799591064453,19.663135528564453,19.022830963134766,19.5828914642334,15.986788749694824,15.638506889343262,16.149524688720703
20220418,,,,,,,,,,
20220419,17.695648193359375,,,,,,,,,
20220420,17.673818588256836,19.50164794921875,18.67390251159668,18.445798873901367,18.396419525146484,18.339691162109375,18.629846572875977,15.906441688537598,16.257118225097656,
20220421,17.594512939453125,19.332542419433594,,,,,,16.35025405883789,16.618215560913086,16.596689224243164
20220422,18.13271141052246,19.40274429321289,17.68789291381836,,,,,,,
20220423,,19.998149871826172,18.9374942779541,18.75279426574707,18.827102661132812,18.910627365112305,19.295812606811523,17.04374122619629,16.28470230102539,16.177074432373047
20220424,17.54822540283203,,,,,,,,16.87200164794922,16.208024978637695
20220425,18.389720916748047,18.963682174682617,18.226192474365234,,,,,16.536357879638672,16.648820877075195,17.05911636352539
20220426,17.19242286682129,,18.10401153564453,,,,,15.87328815460205,16.582603454589844,15.510603904724121
20220427,17.975170135498047,18.680545806884766,18.21215057373047,17.73188591003418,17.539222717285156,17.794139862060547,18.21500015258789,14.76441764831543,16.536724090576172,
20220428,,,,,,,,,,15.608766555786133
20220429,,,,,,,,,17.18404769897461,16.57204818725586
20220430,17.6279296875,18.591062545776367,17.385154724121094,,,,,,,16.712499618530273
20220501,17.658472061157227,19.023096084594727,17.874053955078125,17.95029640197754,17.79323387145996,17.864551544189453,18.51156234741211,16.054248809814453,15.842116355895996,16.12908935546875
20220502,17.8222713470459,18.788467407226562,17.6675968170166,,,17.72879409790039,,16.344335556030273,16.357255935668945,16.125896453857422
20220503,18.13154411315918,19.201274871826172,18.152671813964844,18.170196533203125,18.158309936523438,18.1253604888916,18.5959529876709,16.39768409729004,16.36888885498047,16.222362518310547
20220504,,19.811975479125977,,,,,,,16.842111587524414,16.074556350708008
20220505,17.647850036621094,,,,,,,,,16.22388458251953
20220506,17.820663452148438,18.021875381469727,17.072391510009766,17.235271453857422,,17.521377563476562,,15.908509254455566,15.70789909362793,
20220507,17.15949249267578,17.916303634643555,17.381946563720703,16.55771255493164,,17.26421546936035,18.03472137451172,15.325993537902832,15.98770523071289,
20220508,17.699237823486328,17.59342384338379,17.3029727935791,,,,,,16.425125122070312,15.779603958129883
20220509,17.84949493408203,18.3751220703125,17.24166488647461,16.76072883605957,15.801054000854492,17.316848754882812,17.703433990478516,15.813921928405762,14.685731887817383,15.41301441192627
20220510,17.676837921142578,,,,,,,15.542818069458008,16.689924240112305,15.611732482910156
20220511,17.544090270996094,17.360702514648438,17.152647018432617,16.172054290771484,16.002655029296875,16.850812911987305,17.243614196777344,15.663468360900879,16.09778594970703,15.690045356750488
20220512,17.07461929321289,17.3621768951416,17.16217613220215,16.5657958984375,16.480409622192383,16.979394912719727,17.3304500579834,15.700546264648438,15.974860191345215,15.994668006896973
20220513,16.492395401000977,,16.457050323486328,,,,,,,15.000293731689453
20220514,,,,,,,,,,
20220515,,,,,,,,,16.595947265625,15.863968849182129
20220516,17.627460479736328,17.46076011657715,17.19150161743164,,,,,,,15.974764823913574
20220517,17.231353759765625,17.47966957092285,16.939943313598633,,,16.501001358032227,17.019559860229492,15.68616008758545,15.698410987854004,15.979035377502441
20220518,17.18840980529785,17.039081573486328,16.744874954223633,16.295543670654297,16.049373626708984,16.589374542236328,16.88227081298828,15.642799377441406,15.75786304473877,15.634603500366211
20220519,17.76312828063965,17.224416732788086,17.100095748901367,16.233089447021484,16.01394271850586,16.742387771606445,16.97214126586914,15.355964660644531,15.568694114685059,15.385592460632324
20220520,,17.687999725341797,17.09209632873535,16.897071838378906,16.834091186523438,17.628875732421875,17.589826583862305,15.867988586425781,15.844393730163574,
20220521,17.351552963256836,,,,,,,15.491397857666016,15.511324882507324,14.91560173034668
20220522,16.99843978881836,16.406368255615234,16.578378677368164,15.2954683303833,15.193132400512695,16.22996711730957,16.57267951965332,15.096100807189941,15.082806587219238,
20220523,16.909637451171875,16.576961517333984,16.402202606201172,15.805194854736328,15.74118709564209,16.70557403564453,16.90216064453125,15.280661582946777,15.655292510986328,15.131205558776855
20220524,,15.892348289489746,16.36226463317871,14.8871431350708,14.920000076293945,15.963586807250977,16.571874618530273,15.222600936889648,15.701702117919922,15.314273834228516
20220525,,,,,,,,,,14.581767082214355
20220526,16.634307861328125,,,,,,,,16.2825984954834,15.85179615020752
20220527,16.908201217651367,15.993636131286621,16.09010887145996,15.243444442749023,15.111525535583496,15.780668258666992,16.101511001586914,15.247133255004883,,15.682727813720703
20220528,16.728240966796875,16.404876708984375,16.513395309448242,,,16.412498474121094,16.70794105529785,15.172377586364746,15.082442283630371,15.623542785644531
20220529,17.146591186523438,16.020214080810547,16.19987678527832,15.463655471801758,15.433188438415527,15.807550430297852,16.209936141967773,15.178342819213867,15.14241886138916,14.61266803741455
20220530,,,,,,,,,,14.555753707885742
20220531,,,,,,,,15.479032516479492,15.131711959838867,14.912336349487305
20220601,16.72281265258789,16.04444122314453,16.334444046020508,,,,,,,15.19942569732666
20220602,,,,,,,,,,15.251388549804688
20220603,16.687528610229492,,15.651615142822266,,,,,,,
20220604,17.363937377929688,15.255075454711914,15.922554016113281,14.267857551574707,13.90390396118164,15.976304054260254,15.534185409545898,14.692217826843262,14.969017028808594,15.001809120178223
20220605,,,,,,,,,15.876678466796875,
20220606,16.721393585205078,,,,,,,,,14.376914978027344
20220607,16.275402069091797,14.468371391296387,15.291610717773438,14.045267105102539,13.721297264099121,14.85119915008545,,14.693201065063477,15.637202262878418,
20220608,16.212459564208984,14.16248607635498,15.100568771362305,13.766857147216797,,14.59786319732666,14.883788108825684,14.573864936828613,,14.509676933288574
20220609,16.730083465576172,,,,,,,,,14.334864616394043
20220610,,,15.834821701049805,,,15.14128589630127,15.35418701171875,14.767804145812988,14.498418807983398,14.096837997436523
20220611,,,,,,,,,,
20220612,15.750015258789062,,,,,,,,,14.416234016418457
20220613,16.020984649658203,14.144185066223145,,,,,,13.778912544250488,14.467458724975586,13.903489112854004
20220614,16.187326431274414,13.784608840942383,14.80186653137207,,,,,14.281110763549805,,13.531067848205566
20220615,16.84307289123535,14.28554916381836,15.357504844665527,13.697704315185547,13.898917198181152,14.36428451538086,14.64745044708252,15.038046836853027,14.942334175109863,14.131176948547363
20220616,,,,,,,,14.185227394104004,14.746185302734375,13.912575721740723
20220617,16.24867057800293,,,,,,,,,14.2410249710083
20220618,16.372583389282227,14.244603157043457,15.232965469360352,13.75,13.56439208984375,14.517416954040527,14.6047945022583,14.535771369934082,14.605072021484375,13.837238311767578
20220619,,,,,,,,,,14.060662269592285
20220620,16.73300552368164,,16.203079223632812,,,,,,,
20220621,15.992683410644531,14.081539154052734,,,,14.913553237915039,15.017048835754395,14.90712833404541,15.04875659942627,14.10870361328125
20220622,15.873255729675293,,,,,,,,,14.482501029968262
20220623,16.59620475769043,14.019264221191406,14.569461822509766,,,,,,13.994148254394531,12.941827774047852
20220624,15.81331729888916,13.566507339477539,15.64950180053711,,,,,,14.874602317810059,13.960463523864746
20220625,16.59764289855957,14.092781066894531,14.800128936767578,13.367445945739746,13.054781913757324,13.745988845825195,,14.240705490112305,15.016310691833496,14.039132118225098
20220626,,14.445613861083984,15.57839298248291,14.152541160583496,,14.609065055847168,14.807250022888184,14.766862869262695,14.77232551574707,13.686692237854004
20220627,15.990330696105957,,,,,,,,,14.239723205566406
20220628,16.578447341918945,14.326749801635742,15.082802772521973,13.852465629577637,13.657564163208008,14.188297271728516,14.372629165649414,15.140351295471191,,13.253077507019043
20220629,15.870160102844238,13.815617561340332,14.875411033630371,,13.581305503845215,13.969264030456543,13.877623558044434,14.753418922424316,15.046354293823242,14.781473159790039
20220630,15.981791496276855,13.239113807678223,14.495243072509766,12.988676071166992,12.770515441894531,13.519104957580566,13.568243980407715,14.126405715942383,14.49492359161377,13.163290977478027
20220701,16.57164764404297,13.80978775024414,15.295141220092773,13.36838436126709,12.984125137329102,13.893714904785156,13.945050239562988,13.861927032470703,,11.749456405639648
20220702,,,,,,,,14.809063911437988,15.64819622039795,14.102428436279297
20220703,15.828463554382324,,14.079167366027832,,,,,,,13.68130874633789
20220704,15.058934211730957,12.038896560668945,,,,,,13.050439834594727,14.666723251342773,13.917119026184082
20220705,15.702652931213379,13.159486770629883,14.523309707641602,12.719797134399414,12.48986530303955,13.568255424499512,13.586719512939453,13.772560119628906,14.471707344055176,13.901397705078125
20220706,16.323335647583008,13.189598083496094,14.56196117401123,12.643946647644043,12.496986389160156,13.612821578979492,13.616720199584961,13.904278755187988,14.78768539428711,13.688708305358887
20220707,,,,,,14.35523796081543,,14.099053382873535,15.167236328125,14.112543106079102
20220708,,,,,,,,,,13.962340354919434
20220709,15.951469421386719,12.707406044006348,14.11426830291748,,,13.397027015686035,,12.759465217590332,14.906399726867676,
20220710,15.673310279846191,12.973109245300293,13.820930480957031,12.660467147827148,12.523819923400879,13.483284950256348,13.576292037963867,13.679167747497559,14.58885669708252,13.91901683807373
20220711,16.54662322998047,12.852227210998535,,,,,,,,
20220712,16.29633331298828,13.53833293914795,14.557534217834473,12.65036392211914,,13.482791900634766,13.413506507873535,13.942925453186035,14.580253601074219,14.150656700134277
20220713,15.578514099121094,,,,,,,,15.330833435058594,13.767050743103027
20220714,15.194975852966309,12.050692558288574,13.969440460205078,11.695967674255371,,12.265316009521484,,,,13.481282234191895
20220715,15.581918716430664,13.054084777832031,14.287225723266602,12.457982063293457,12.442998886108398,13.169175148010254,13.244067192077637,13.621604919433594,14.66235065460205,13.640765190124512
20220716,15.720223426818848,12.76066780090332,13.573017120361328,12.008454322814941,,,,,,
20220717,16.461217880249023,12.97225284576416,14.269848823547363,12.349332809448242,,12.94047737121582,13.102120399475098,13.382790565490723,13.984709739685059,13.66729736328125
20220718,,,,,,,,13.758221626281738,14.878654479980469,13.137052536010742
20220719,14.836468696594238,12.76887035369873,,,,,,,,14.34999942779541
20220720,14.350472450256348,,,,,,,,14.604377746582031,14.236627578735352
20220721,15.13329792022705,12.190388679504395,13.80223560333252,11.810562133789062,,12.727141380310059,12.68706226348877,13.024117469787598,14.36623477935791,13.492178916931152
20220722,,,,,,,,,,13.444345474243164
20220723,,,,,,,,,,
20220724,15.308663368225098,,,,,,,,,14.111505508422852
20220725,14.913015365600586,12.669147491455078,14.195361137390137,,,,,,,13.16252613067627
20220726,15.096306800842285,12.509547233581543,13.677170753479004,11.92662525177002,11.961740493774414,12.696887016296387,12.670178413391113,13.176390647888184,13.917364120483398,12.533584594726562
20220727,14.964078903198242,12.363911628723145,12.838461875915527,11.740378379821777,11.860757827758789,,,12.72662353515625,13.32155990600586,13.416557312011719
20220728,15.679672241210938,12.497400283813477,14.876288414001465,12.042661666870117,11.900609970092773,12.638952255249023,12.827702522277832,13.67363452911377,14.092672348022461,13.411230087280273
20220729,15.324456214904785,,13.562000274658203,,,,,,14.693603515625,13.628361701965332
20220730,,,12.472418785095215,,,,12.700833320617676,13.78489875793457,,13.249231338500977
20220731,15.315112113952637,,,,,,,,,
20220801,15.154605865478516,12.251412391662598,13.468475341796875,11.783355712890625,11.613080978393555,12.348548889160156,12.352555274963379,13.107884407043457,13.185568809509277,13.42788314819336
20220802,15.17978572845459,12.91658878326416,13.645454406738281,12.282816886901855,12.144247055053711,12.953378677368164,12.914602279663086,13.474556922912598,13.671097755432129,13.22697925567627
20220803,,,,,,,,,14.244810104370117,
20220804,14.783858299255371,12.229111671447754,13.440322875976562,,,,,,,13.430376052856445
20220805,14.560688018798828,12.261491775512695,13.491903305053711,,,11.891804695129395,,13.30871295928955,13.478816032409668,13.180680274963379
20220806,14.68674087524414,12.161959648132324,13.28152084350586,11.808948516845703,11.788190841674805,12.42096996307373,,13.370744705200195,13.456388473510742,12.822200775146484
20220807,15.317633628845215,12.335719108581543,13.536490440368652,11.932744026184082,11.67838191986084,12.430032730102539,12.184112548828125,13.445428848266602,13.804778099060059,13.222052574157715
20220808,,,,,,,,14.040334701538086,13.914946556091309,13.362016677856445
20220809,15.084084510803223,,,,,,,,,13.555537223815918
20220810,,,,,,,,,,12.63687801361084
20220811,14.432520866394043,12.411111831665039,12.81208324432373,,,12.493413925170898,,13.614022254943848,,12.907666206359863
20220812,14.998865127563477,12.17015552520752,12.975699424743652,,11.656615257263184,12.180289268493652,12.06194019317627,12.268413543701172,13.656000137329102,12.46689510345459
20220813,,12.974596977233887,13.760321617126465,12.40424919128418,12.378589630126953,,,14.105993270874023,13.583271026611328,13.435358047485352
20220814,14.364526748657227,,,,,,,,14.947182655334473,13.308611869812012
20220815,14.389660835266113,,14.480512619018555,,,,,,,
20220816,14.63943862915039,12.335601806640625,13.513716697692871,12.152928352355957,12.36533260345459,12.83625602722168,12.53406047821045,13.482331275939941,13.358316421508789,13.239398002624512
20220817,,,,,,,,,,
20220818,15.490823745727539,12.840893745422363,,,,,,,,
20220819,,,,,,,,13.65396499633789,14.087580680847168,13.553817749023438
20220820,14.47551441192627,12.078017234802246,12.795272827148438,,,,,,,13.79139518737793
20220821,14.49410343170166,,13.50432014465332,12.369000434875488,12.534422874450684,13.004854202270508,12.597149848937988,13.60097885131836,13.673219680786133,13.641103744506836
20220822,14.86856460571289,12.873551368713379,13.548686981201172,12.625519752502441,12.88105583190918,12.980971336364746,12.691341400146484,13.783735275268555,,
20220823,15.226675987243652,12.650969505310059,13.580450057983398,12.322465896606445,12.497979164123535,12.756654739379883,12.500797271728516,13.531196594238281,13.431568145751953,13.314960479736328
20220824,,,13.968147277832031,,,13.38522720336914,13.130784034729004,13.976592063903809,13.947547912597656,13.064538955688477
20220825,14.641345977783203,,,,,,,,,13.259919166564941
20220826,14.32699966430664,12.472911834716797,12.95766830444336,12.0562162399292,12.104188919067383,,,12.501189231872559,,
20220827,14.683744430541992,,,,,,,13.269523620605469,13.682235717773438,12.009858131408691
20220828,15.330798149108887,13.216191291809082,13.894837379455566,12.922828674316406,13.087153434753418,13.270026206970215,13.017621040344238,13.708823204040527,13.673564910888672,13.483213424682617
20220829,,,,,13.446855545043945,13.722822189331055,13.550444602966309,14.121298789978027,14.189964294433594,13.26723861694336
20220830,14.445880889892578,,,,,,,,,
20220831,14.056242942810059,12.894819259643555,13.204964637756348,12.27429485321045,,12.652911186218262,12.383484840393066,13.4077730178833,,13.32768726348877
20220901,14.453607559204102,12.951920509338379,13.150131225585938,,,,12.417997360229492,13.557327270507812,13.381811141967773,13.013899803161621
20220902,14.634279251098633,13.05417537689209,13.385421752929688,,,12.838818550109863,12.634642601013184,13.430547714233398,13.45572566986084,13.08891773223877
20220903,,13.538681030273438,14.021429061889648,13.038786888122559,13.136338233947754,13.07227611541748,12.890604972839355,13.353788375854492,13.247577667236328,12.94335651397705
20220904,,,,,,,,13.640382766723633,13.747668266296387,12.952690124511719
20220905,,,,,,,,,,13.518221855163574
20220906,14.696091651916504,13.286993026733398,13.500178337097168,,12.312499046325684,12.68083381652832,,,,11.76207447052002
20220907,,,13.89677619934082,,,13.121898651123047,13.051369667053223,13.557927131652832,13.649346351623535,13.020332336425781
20220908,14.915124893188477,13.184652328491211,13.764480590820312,,,,,,,12.955495834350586
20220909,,,,,,13.706982612609863,,14.347176551818848,13.460431098937988,12.894487380981445
20220910,14.604248046875,,,,,,,,,13.945884704589844
20220911,14.304080963134766,13.321348190307617,13.019499778747559,,,,,,,
20220912,14.256240844726562,13.474496841430664,13.081319808959961,13.053215026855469,13.190875053405762,12.693280220031738,12.484885215759277,,13.116796493530273,12.864712715148926
20220913,14.947154998779297,13.7348051071167,13.751683235168457,13.278486251831055,13.439167022705078,13.050249099731445,12.956991195678711,13.236785888671875,13.018924713134766,12.962138175964355
20220914,,,14.166999816894531,,14.132832527160645,13.96210765838623,13.901813507080078,14.032007217407227,13.458159446716309,13.044767379760742
20220915,14.617959976196289,,,,,,,,13.958255767822266,13.569733619689941
20220916,14.575199127197266,13.266874313354492,13.612895965576172,,12.708815574645996,,,13.418636322021484,,13.00483226776123
20220917,14.326834678649902,13.700181007385254,13.701943397521973,13.234271049499512,,,,13.45059585571289,13.277247428894043,12.472272872924805
20220918,14.66684627532959,,,,,,,13.720515251159668,12.785805702209473,12.846487045288086
20220919,14.203978538513184,13.996505737304688,13.947524070739746,13.717161178588867,13.969860076904297,,,12.645101547241211,13.210987091064453,12.93399429321289
20220920,,,,,,,,,13.964339256286621,13.2588472366333
20220921,14.606260299682617,,13.444452285766602,,,,,,,
20220922,14.4391450881958,,,,,,,12.709391593933105,13.143552780151367,12.538908958435059
20220923,14.886659622192383,14.337672233581543,13.769415855407715,,,,,13.471981048583984,,13.00201416015625
20220924,15.103982925415039,14.509820938110352,14.1260347366333,13.917072296142578,14.109203338623047,13.482583999633789,13.400525093078613,13.5122709274292,13.25093936920166,13.094881057739258
20220925,,,14.049208641052246,,,,,13.477730751037598,13.184931755065918,12.857551574707031
20220926,14.37320327758789,,,,,,,,,13.382399559020996
20220927,14.85256576538086,14.801457405090332,13.954524040222168,14.07514476776123,13.813782691955566,13.449531555175781,13.070222854614258,13.386713027954102,13.06299877166748,
20220928,14.862545013427734,14.697713851928711,,,,,,13.500303268432617,13.525588989257812,12.829272270202637
20220929,15.264388084411621,14.523126602172852,13.974103927612305,13.675832748413086,13.973489761352539,,13.521784782409668,,13.137660026550293,13.091581344604492
20220930,,14.797086715698242,14.436667442321777,,,,,13.788935661315918,13.49232292175293,13.10037612915039
20221001,14.335583686828613,,,,,,,,14.208993911743164,13.499178886413574
20221003,,,14.385523796081543,,,14.415861129760742,,14.816153526306152,14.401248931884766,12.318225860595703
20221004,,,,,,,,,,12.904834747314453
20221005,15.64012622833252,,15.008137702941895,,,,,,,12.453644752502441
20221006,,,,,,,,,,
20221007,14.888694763183594,14.346678733825684,14.197627067565918,,,,,,,13.71780014038086
20221008,14.863870620727539,15.191258430480957,14.510624885559082,15.373981475830078,,14.174010276794434,13.951773643493652,14.159839630126953,13.553244590759277,13.049933433532715
20221009,14.794958114624023,15.535014152526855,14.359272956848145,15.465727806091309,15.256302833557129,13.880897521972656,14.112710952758789,14.155401229858398,13.728780746459961,13.088903427124023
20221010,13.497220993041992,15.810230255126953,14.499505996704102,15.649088859558105,15.931758880615234,14.5600004196167,14.422379493713379,14.403444290161133,13.59953498840332,13.065987586975098
20221011,,,,,,,,,,12.64946174621582
20221012,14.85107135772705,,,,,,,,,
20221013,14.971075057983398,,,,,,,,,
20221014,14.898195266723633,15.563127517700195,14.566282272338867,15.685527801513672,15.601051330566406,14.403571128845215,14.4168119430542,14.207122802734375,13.744366645812988,13.11888599395752
20221015,15.729999542236328,15.723929405212402,14.731234550476074,,,,,14.281743049621582,13.829479217529297,13.462249755859375
20221016,15.277347564697266,,14.960771560668945,15.495833396911621,,14.939520835876465,14.869876861572266,14.683634757995605,13.95167350769043,13.066469192504883
20221017,15.428184509277344,,15.51249885559082,,,,,14.914999961853027,14.643406867980957,13.625547409057617
20221018,,,,,,,,,13.885614395141602,13.846850395202637
20221019,15.214821815490723,,15.158608436584473,,15.992700576782227,15.163044929504395,15.195244789123535,15.010035514831543,14.425970077514648,13.728303909301758
20221020,15.891474723815918,15.61719799041748,15.233658790588379,,,14.744929313659668,,14.787402153015137,14.917865753173828,14.37134838104248
20221021,16.124755859375,16.386127471923828,15.751601219177246,,,,,15.109651565551758,14.302641868591309,14.154703140258789
20221022,,,,,,,,,14.808945655822754,
20221023,15.097702980041504,,,,,,,,,
20221024,15.681434631347656,,,,,,,,,
20221025,15.262584686279297,,14.097912788391113,,,12.324142456054688,,12.703819274902344,,
20221026,16.171100616455078,,,,,,,14.659472465515137,11.794059753417969,11.808889389038086
20221027,,,,,,,,,,
20221028,15.328725814819336,,,,,,,,,14.255226135253906
20221029,15.542864799499512,17.8920841217041,15.273116111755371,,,,,15.032432556152344,13.985508918762207,
20221030,14.6561279296875,,,,,,,,13.854497909545898,13.293499946594238
20221031,,17.054304122924805,15.524065971374512,,,,,14.793635368347168,14.08728313446045,14.16557788848877
20221101,,,,,,,,15.179229736328125,13.831562042236328,13.391188621520996
20221102,15.706198692321777,,,,,,,,14.483506202697754,13.807190895080566
20221103,15.577532768249512,16.199411392211914,15.432184219360352,15.746930122375488,,14.983709335327148,,,,14.118695259094238
20221104,15.562621116638184,16.47294044494629,15.553436279296875,15.971874237060547,15.759687423706055,15.270262718200684,15.385809898376465,14.521903991699219,14.286602020263672,
20221105,15.733013153076172,16.465213775634766,15.36145305633545,16.245330810546875,16.118986129760742,15.472837448120117,15.553790092468262,14.858515739440918,14.127277374267578,13.510061264038086
20221106,16.51337432861328,17.805465698242188,16.422794342041016,,16.645484924316406,16.134553909301758,16.228635787963867,15.722646713256836,14.777421951293945,13.971539497375488
20221107,16.275177001953125,,,,,,,,15.490133285522461,14.837775230407715
20221108,16.98770523071289,17.586523056030273,16.388761520385742,,,,,,,16.026304244995117
20221109,17.530107498168945,18.44795036315918,17.322105407714844,,,,,17.2711181640625,15.878905296325684,14.919913291931152
20221110,,17.92621612548828,16.730867385864258,,,16.648332595825195,16.936603546142578,16.21734619140625,15.3882417678833,15.348896026611328
20221111,17.026180267333984,,16.747039794921875,18.550128936767578,18.07833480834961,,,16.396284103393555,14.20743465423584,13.798324584960938
20221112,,,,,,,,,,
20221113,15.458967208862305,,,,,,,,,14.951406478881836
20221114,,,,,,,,15.061949729919434,14.883874893188477,
20221115,15.454648971557617,,16.104339599609375,,,15.995833396911621,16.33977508544922,15.760348320007324,14.623583793640137,14.330821990966797
20221116,17.657350540161133,,16.865161895751953,,,,,,14.623016357421875,14.22878646850586
20221117,,18.993139266967773,17.22111701965332,18.34087562561035,,16.628496170043945,17.020206451416016,15.954310417175293,14.942280769348145,13.991443634033203
20221118,,17.38556671142578,15.540136337280273,,,,,15.733562469482422,15.582252502441406,14.682522773742676
20221119,16.902015686035156,,,,,,,,,
20221120,15.918514251708984,18.373727798461914,16.453100204467773,,,,16.744571685791016,15.750882148742676,14.806894302368164,14.491584777832031
20221121,16.045913696289062,17.969430923461914,16.093969345092773,16.889999389648438,17.028139114379883,16.245492935180664,16.405202865600586,15.49973201751709,14.411099433898926,14.669034957885742
20221122,,18.989686965942383,,,,,,15.230416297912598,14.486659049987793,13.985685348510742
20221123,,,,,,,,16.11857032775879,15.48224925994873,13.841358184814453
20221124,16.345169067382812,,15.654397964477539,,,,,,,14.519328117370605
20221125,17.07707405090332,18.650310516357422,17.06842613220215,17.814998626708984,17.835508346557617,16.95752716064453,17.19065284729004,16.281538009643555,14.747775077819824,13.669999122619629
20221126,,19.22281265258789,16.911617279052734,,,,,16.141677856445312,,14.125347137451172
20221127,16.55504035949707,,,,,,,,13.67285442352295,14.604413032531738
20221128,,,,,,,,16.42155647277832,14.78563117980957,14.000020027160645
20221129,16.64824676513672,,,,,,,,,14.577692031860352
20221130,17.150146484375,18.86028289794922,16.66250991821289,,,,,,,13.660856246948242
20221201,17.101320266723633,18.71767234802246,17.494537353515625,17.946521759033203,17.867799758911133,,17.64228630065918,15.968182563781738,15.178495407104492,
20221202,17.43405532836914,19.046369552612305,17.200881958007812,18.270856857299805,18.49256706237793,17.18402862548828,17.443927764892578,16.376420974731445,15.522582054138184,14.952046394348145
20221203,,20.419607162475586,18.681865692138672,19.390064239501953,19.754594802856445,18.19879913330078,18.36777114868164,17.330018997192383,15.894539833068848,15.287565231323242
20221204,18.863847732543945,,,,,,,,17.7009220123291,16.81151580810547
20221205,17.470706939697266,,,,,,,,,
20221206,17.199243545532227,18.919248580932617,17.68340301513672,19.49223518371582,,,,16.73476219177246,16.203758239746094,
20221207,16.709728240966797,,16.810108184814453,,,16.943389892578125,,16.456787109375,15.09830093383789,15.116232872009277
20221208,17.6295166015625,20.031307220458984,17.678768157958984,,,17.460912704467773,17.89147186279297,16.567731857299805,15.29338550567627,14.830089569091797
20221209,,,,,,,,14.41852855682373,15.089451789855957,14.856300354003906
20221210,18.523408889770508,20.100914001464844,17.998138427734375,,,,,,,15.592805862426758
20221211,17.85857582092285,20.89798927307129,18.243558883666992,,,,,,,
20221212,16.936872482299805,19.587247848510742,17.1473445892334,19.196983337402344,19.17255210876465,17.038982391357422,,16.386714935302734,15.05417251586914,
20221213,17.21428108215332,19.641042709350586,17.008544921875,,18.921031951904297,,,16.509891510009766,14.866504669189453,14.576915740966797
20221214,,,,,,,,16.722753524780273,15.576435089111328,14.33767318725586
20221215,17.18785858154297,,,,,,,,,14.892315864562988
20221216,17.42579460144043,18.8549747467041,17.6802921295166,17.8429012298584,17.834409713745117,17.22113800048828,17.42015266418457,,,
20221217,16.869373321533203,19.13972282409668,17.2307071685791,18.280532836914062,18.2885684967041,17.256423950195312,17.59893226623535,15.98679256439209,15.188300132751465,14.52017879486084
20221218,15.45255184173584,,16.404518127441406,,,17.110694885253906,17.2735595703125,16.219558715820312,15.008934020996094,15.014549255371094
20221219,,,,,19.751087188720703,18.43742561340332,18.714218139648438,17.161619186401367,15.210989952087402,15.065727233886719
20221220,17.144699096679688,,,,,,,,16.168155670166016,15.56525993347168
20221221,17.8745059967041,,19.009214401245117,,,,,,,15.647384643554688
20221222,,19.835676193237305,18.08753776550293,19.49420738220215,19.556184768676758,18.153053283691406,18.65403175354004,17.468929290771484,15.632614135742188,
20221223,17.665573120117188,19.101171493530273,18.490156173706055,,19.4616641998291,,18.421382904052734,,,15.783220291137695
20221224,18.643592834472656,20.6900691986084,18.543771743774414,20.012168884277344,20.11554527282715,18.729936599731445,18.661378860473633,16.992183685302734,15.887967109680176,
20221225,,,,,,,,,16.69362449645996,16.040632247924805
20221226,18.64136505126953,20.906524658203125,18.790616989135742,,,,,,,17.870656967163086
20221227,20.87702178955078,23.263614654541016,20.702911376953125,22.80906105041504,23.30280113220215,21.119775772094727,21.879098892211914,20.678117752075195,17.587461471557617,17.190080642700195
20221228,17.830215454101562,,18.016000747680664,,,,,,,20.302364349365234
20221229,18.294300079345703,21.421737670898438,18.711753845214844,,,18.641517639160156,19.25252914428711,17.671140670776367,16.18157958984375,16.29364013671875
20221230,,,,,,,19.793804168701172,18.485633850097656,16.726062774658203,16.428272247314453
20221231,17.600780487060547,,,,,,,,,17.10478973388672
20230101,18.17283058166504,21.550039291381836,19.084856033325195,21.13249969482422,21.339868545532227,19.003000259399414,19.502944946289062,18.048660278320312,16.53390884399414,
20230102,18.59157371520996,21.94195556640625,19.57213592529297,21.61756706237793,21.95760154724121,19.455202102661133,20.218843460083008,19.68268394470215,17.25078582763672,19.604690551757812
20230103,18.93400001525879,22.012094497680664,,,,,,17.423437118530273,16.847850799560547,16.864107131958008
20230104,,22.548593521118164,20.023277282714844,,,,,18.50050926208496,,16.49207305908203
20230105,17.741748809814453,,,,,,,,,16.659746170043945
20230106,17.688987731933594,20.568674087524414,18.522972106933594,20.183618545532227,20.012462615966797,18.512693405151367,19.316041946411133,17.42493438720703,,17.871082305908203
20230107,18.040111541748047,21.457359313964844,19.33428382873535,20.991580963134766,21.036195755004883,19.29058837890625,19.9680233001709,18.278663635253906,16.239089965820312,16.119579315185547
20230108,18.657447814941406,21.95562171936035,19.994518280029297,21.66779136657715,21.55978012084961,20.154693603515625,20.614761352539062,19.191450119018555,17.04151725769043,17.216533660888672
20230109,18.96559715270996,21.842187881469727,20.023853302001953,22.10643768310547,22.383142471313477,19.903331756591797,20.559566497802734,18.56635856628418,16.66521644592285,17.723783493041992
20230110,,,,,,,,,18.07181739807129,17.159351348876953
20230111,18.124099731445312,21.889514923095703,19.27579689025879,,,,,,,18.42369842529297
20230112,18.403701782226562,22.851789474487305,19.85977554321289,22.56903076171875,22.942808151245117,19.90045738220215,20.993690490722656,18.11660385131836,16.527711868286133,16.905174255371094
20230113,18.493486404418945,22.81888198852539,19.911828994750977,22.544052124023438,23.03408432006836,20.153213500976562,21.079591751098633,18.706012725830078,15.804144859313965,17.579620361328125
20230114,19.793155670166016,23.51791000366211,21.13687515258789,22.90526008605957,23.554931640625,20.904600143432617,21.71108627319336,19.775869369506836,17.40572738647461,18.21617317199707
20230115,,,,,,,,18.461410522460938,16.677837371826172,17.58059310913086
20230116,18.087629318237305,,,,,,,,,17.818828582763672
20230117,19.021108627319336,24.05190658569336,21.36915397644043,23.013534545898438,23.36322784423828,20.324438095092773,21.772912979125977,17.870342254638672,16.922832489013672,
20230118,18.287097930908203,,,,,,,,,
20230119,18.51325225830078,22.774097442626953,,,,,,,,17.408273696899414
20230120,17.051000595092773,22.777915954589844,20.299304962158203,21.63022804260254,21.828201293945312,19.887239456176758,20.673660278320312,17.616533279418945,15.898749351501465,
20230121,17.209569931030273,,,,,,,,,17.38467025756836
20230122,17.173301696777344,21.177892684936523,18.917465209960938,20.081562042236328,20.467649459838867,18.66603660583496,19.54013442993164,17.0498104095459,,18.928377151489258
20230123,17.287742614746094,21.599767684936523,19.41858673095703,20.889127731323242,21.439559936523438,19.435142517089844,20.34054183959961,17.360685348510742,15.365926742553711,16.364837646484375
20230124,17.07986068725586,21.67083740234375,19.232013702392578,20.914932250976562,21.516029357910156,19.388259887695312,20.313861846923828,17.852222442626953,15.479389190673828,17.768571853637695
20230125,20.1024112701416,22.650236129760742,20.130523681640625,21.492433547973633,22.05561637878418,19.94066619873047,20.80939483642578,17.477384567260742,15.695893287658691,17.876157760620117
20230126,,,,,,,,18.128761291503906,17.59300422668457,18.04719352722168
20230127,18.639366149902344,21.368423461914062,19.656051635742188,,,,,,,19.06406593322754
20230128,,,,,,,,,17.909671783447266,18.68008041381836
20230129,17.710681915283203,,,,,,,,17.1734619140625,
20230130,18.896501541137695,,19.690935134887695,20.39725685119629,,19.643814086914062,20.345726013183594,17.606721878051758,16.75551986694336,17.63593864440918
20230131,,23.447811126708984,,22.287967681884766,22.54690170288086,20.847057342529297,21.410367965698242,18.298294067382812,17.215137481689453,17.97408676147461
20230201,17.620635986328125,,,,,,,,,18.718374252319336
20230202,18.172292709350586,,20.34737205505371,,,20.51818084716797,,18.64829444885254,17.31192970275879,
20230203,17.689664840698242,22.219999313354492,18.33106803894043,,,19.223464965820312,,17.353883743286133,15.884416580200195,17.284130096435547
20230204,17.60999870300293,21.202268600463867,18.927797317504883,20.00716209411621,,19.454387664794922,19.877363204956055,16.99265480041504,15.881758689880371,16.74800682067871
20230205,,21.739194869995117,19.881317138671875,,20.173904418945312,,20.446935653686523,,16.789913177490234,16.921463012695312
20230206,18.045076370239258,,,,,,,,,17.621620178222656
20230207,18.155010223388672,20.991558074951172,19.12596893310547,20.062562942504883,20.186641693115234,19.366943359375,19.990251541137695,16.72752571105957,,
20230208,18.554553985595703,21.75969886779785,19.661802291870117,20.949800491333008,21.213258743286133,20.028547286987305,20.67091941833496,17.857044219970703,15.672595024108887,
20230209,19.082298278808594,22.1694393157959,20.327316284179688,21.53634262084961,,,,17.69118881225586,16.58844566345215,17.409042358398438
20230210,,22.828672409057617,20.99221420288086,21.88335418701172,22.01692008972168,20.70650291442871,21.305801391601562,18.797264099121094,16.761699676513672,17.443248748779297
20230211,,,,,,,,,17.902000427246094,17.933074951171875
20230212,18.317846298217773,20.875120162963867,18.291521072387695,,,,,,,
20230213,18.313636779785156,22.085445404052734,19.901893615722656,21.48874855041504,21.514291763305664,19.922727584838867,20.738134384155273,18.014358520507812,16.83724021911621,
20230214,18.35009002685547,21.66997528076172,19.119857788085938,20.938379287719727,21.0518741607666,19.746994018554688,20.458209991455078,17.85799789428711,16.70765495300293,17.20840072631836
20230215,19.258663177490234,22.201385498046875,20.18246078491211,21.44857406616211,21.577465057373047,20.26586151123047,20.76673126220703,18.271297454833984,16.526554107666016,17.0936336517334
20230216,,,,,,,,20.472530364990234,17.285871505737305,17.941078186035156
20230217,18.925601959228516,,,,,,,,,18.65602684020996
20230218,19.041770935058594,22.583728790283203,20.111780166625977,21.809864044189453,22.07499885559082,20.474712371826172,21.022502899169922,19.008068084716797,17.385509490966797,
20230219,19.152984619140625,22.40583610534668,20.139820098876953,22.003999710083008,22.098886489868164,20.58838653564453,21.11656951904297,19.064420700073242,17.796829223632812,17.71434211730957
20230220,20.02130699157715,22.61825180053711,20.44302749633789,22.214481353759766,22.258562088012695,20.734832763671875,21.144670486450195,19.385303497314453,17.696880340576172,17.80126190185547
20230221,19.511272430419922,23.793058395385742,21.08884620666504,23.188486099243164,23.239330291748047,21.534175872802734,22.03165054321289,20.409332275390625,17.583965301513672,17.55455780029297
20230222,20.55166244506836,,,,,,,,17.624948501586914,18.105253219604492
20230223,20.58595848083496,24.535606384277344,21.64004135131836,23.993244171142578,24.269275665283203,22.196638107299805,22.773563385009766,20.669357299804688,,18.121816635131836
20230224,20.595882415771484,24.70142936706543,22.189735412597656,24.223011016845703,24.370634078979492,22.15605354309082,22.2435359954834,20.294517517089844,18.542844772338867,18.45768165588379
20230225,19.235116958618164,,,,,,,,,18.818628311157227
20230226,19.671363830566406,23.4865779876709,20.863975524902344,,22.8730411529541,21.1201114654541,21.69224739074707,19.21402359008789,17.512107849121094,17.912105560302734
20230227,,,,,,,,19.455286026000977,18.073381423950195,17.721752166748047
20230228,19.247953414916992,,,,,,,18.627134323120117,17.876718521118164,
20230301,,22.229442596435547,19.4637451171875,,,,,18.47248077392578,17.032833099365234,17.112279891967773
20230302,18.57109260559082,22.045270919799805,20.296287536621094,,,,,18.204544067382812,,18.539358139038086
20230303,19.347232818603516,22.065284729003906,20.903194427490234,,20.99764060974121,20.184167861938477,20.84103012084961,18.366052627563477,17.434133529663086,17.9434814453125
20230304,,,,,,,,19.4259090423584,17.760086059570312,17.69866943359375
20230305,19.636938095092773,,,,,,,,,18.492218017578125
20230306,18.889741897583008,21.75963592529297,19.744035720825195,20.89440155029297,20.959348678588867,20.18324089050293,20.635051727294922,18.445436477661133,17.010099411010742,
20230307,18.687606811523438,21.625072479248047,19.83345603942871,20.611270904541016,20.735797882080078,20.001487731933594,20.74270248413086,18.300424575805664,17.09372329711914,17.26981544494629
20230308,18.89639663696289,21.294843673706055,19.643083572387695,,20.521364212036133,19.746795654296875,,,16.529014587402344,16.85235023498535
20230309,,,19.68882179260254,20.514266967773438,,20.136335372924805,20.64693260192871,18.562166213989258,16.909687042236328,16.910369873046875
20230310,18.3233699798584,,,,,,,,,16.614587783813477
20230311,19.071481704711914,22.048954010009766,18.802907943725586,,,,,17.8718204498291,,
20230312,18.582000732421875,21.504764556884766,19.248136520385742,20.172657012939453,,19.3554744720459,,18.04989242553711,16.815521240234375,16.089426040649414
20230313,18.683216094970703,21.150217056274414,19.098936080932617,20.264799118041992,20.067461013793945,19.878360748291016,20.2670841217041,18.1216983795166,16.97208023071289,
20230314,19.152692794799805,21.987659454345703,20.24782943725586,20.92914390563965,20.799375534057617,20.451677322387695,20.747913360595703,18.43501091003418,17.003843307495117,16.55422592163086
20230315,19.16157341003418,,,,,,,,17.271944046020508,17.424144744873047
20230316,19.100109100341797,20.49660873413086,18.81964874267578,,,,,,,18.573955535888672
20230317,19.597179412841797,21.683456420898438,20.324905395507812,20.76227378845215,20.808887481689453,19.84235191345215,,17.282155990600586,16.928895950317383,16.87145233154297
20230318,19.5858211517334,22.553604125976562,20.796464920043945,22.159198760986328,22.337984085083008,21.214916229248047,21.774803161621094,20.12286376953125,18.534725189208984,18.129606246948242
20230319,,,18.954387664794922,,,,,,,
20230320,,,,,,,,,17.548065185546875,16.890520095825195
20230321,17.869626998901367,,,,,,,,,
20230322,18.03606414794922,21.32134246826172,19.320480346679688,20.60041618347168,20.552915573120117,19.87291145324707,20.36691665649414,17.816375732421875,16.660236358642578,
20230323,18.4909610748291,21.422637939453125,19.186946868896484,,,19.59133529663086,19.733585357666016,18.038650512695312,17.07849884033203,16.656869888305664
20230324,18.285165786743164,21.500038146972656,20.353519439697266,20.656709671020508,,,,,17.23613739013672,16.369422912597656
20230325,18.90972137451172,21.399917602539062,19.432010650634766,20.058155059814453,19.750362396240234,,19.8978214263916,17.210853576660156,16.869102478027344,16.976699829101562
20230326,,,,,,,,,,
20230327,17.447290420532227,,,,,,,,,
20230328,18.844585418701172,20.91023063659668,18.815677642822266,19.66509246826172,19.71500015258789,19.255624771118164,19.61814308166504,17.67721939086914,16.018062591552734,15.612703323364258
20230329,18.754121780395508,21.00232696533203,18.784236907958984,19.808034896850586,,19.29353904724121,19.861398696899414,17.89130210876465,16.275043487548828,16.330759048461914
20230330,19.34210205078125,21.55354881286621,20.005722045898438,20.27208137512207,,19.871084213256836,20.24738311767578,17.912845611572266,16.794404983520508,16.889726638793945
20230331,,,,,,,,18.79617691040039,17.074642181396484,16.733247756958008
20230401,18.24310874938965,,19.578550338745117,,,,,,,17.212190628051758
20230402,18.425127029418945,20.748201370239258,19.12462043762207,19.66669464111328,19.662290573120117,19.650630950927734,20.048851013183594,17.57401466369629,16.677480697631836,16.120424270629883
20230403,17.850202560424805,20.464754104614258,19.45797348022461,19.325946807861328,19.385427474975586,19.33977508544922,19.810894012451172,17.58925437927246,16.494468688964844,16.26082992553711
20230404,19.3485164642334,20.677701950073242,19.434661865234375,19.431838989257812,19.413766860961914,19.45349884033203,19.84288215637207,17.819917678833008,16.595298767089844,16.38039779663086
20230405,,,,,,,,18.600183486938477,16.972787857055664,16.55908203125
20230406,18.6646785736084,,,,,,,,16.329748153686523,16.964942932128906
20230407,18.588523864746094,20.4616756439209,19.0684814453125,19.489641189575195,19.536426544189453,,19.751096725463867,17.79561424255371,,
20230408,18.541065216064453,19.769458770751953,18.91444969177246,19.15746307373047,19.0107421875,19.07518196105957,19.465530395507812,17.92381477355957,,16.352285385131836
20230409,18.826833724975586,19.734737396240234,18.570846557617188,18.88083267211914,,18.73796844482422,,17.67494773864746,,16.408550262451172
20230410,,20.559444427490234,19.278587341308594,19.320377349853516,19.12865447998047,,19.46515655517578,17.731624603271484,16.540307998657227,16.05278778076172
20230411,19.229459762573242,,18.992496490478516,,,,19.938438415527344,17.787948608398438,16.183513641357422,16.408573150634766
20230412,18.408143997192383,18.88271141052246,18.314241409301758,17.656370162963867,18.035634994506836,18.10049819946289,18.68526840209961,17.639076232910156,,17.0163516998291
20230413,18.283103942871094,19.478900909423828,,,,,,,16.503381729125977,15.667131423950195
20230414,18.83815574645996,19.41974639892578,18.80381202697754,18.379478454589844,18.144041061401367,18.79680633544922,19.037416458129883,17.390417098999023,16.72343635559082,16.193378448486328
20230415,,,,,,,,,,
20230416,,,,,,,,18.309843063354492,16.997201919555664,
20230417,18.42625617980957,18.80541229248047,18.313045501708984,,,,,,,16.417789459228516
20230418,18.473711013793945,18.777307510375977,18.235271453857422,17.89655113220215,17.630474090576172,18.264554977416992,18.53314208984375,17.340612411499023,16.437744140625,
20230419,18.236665725708008,18.873027801513672,18.04967498779297,17.98439598083496,17.96337127685547,18.20394515991211,18.427032470703125,17.36900520324707,16.99079704284668,16.32633399963379
20230420,,18.785785675048828,,,,,,17.051414489746094,16.131248474121094,16.11762046813965
20230421,,19.678293228149414,18.824512481689453,,18.600000381469727,18.99144744873047,19.066387176513672,17.82541847229004,16.88970947265625,15.727715492248535
20230422,17.956911087036133,,,,,,,,,16.008758544921875
20230423,18.45967674255371,18.549365997314453,18.24346923828125,17.76298713684082,17.582468032836914,18.172582626342773,18.33163833618164,17.016693115234375,16.577634811401367,
20230424,18.608915328979492,18.924379348754883,18.53662872314453,18.237133026123047,18.10770606994629,18.62800407409668,18.789709091186523,17.74228286743164,17.2899227142334,16.151390075683594
20230425,18.266300201416016,18.76259422302246,17.951444625854492,,17.544090270996094,,18.101806640625,17.488615036010742,17.182994842529297,16.677135467529297
20230426,,,,,,,,17.580211639404297,17.366601943969727,16.514673233032227
20230427,18.39720344543457,,,,,,,,,16.343061447143555
20230428,18.179765701293945,,18.15742301940918,,,,,,16.416418075561523,17.287343978881836
20230429,18.18929100036621,18.724403381347656,17.944326400756836,18.0960750579834,17.90303611755371,18.33107566833496,18.46500015258789,17.42181968688965,16.99334144592285,16.277002334594727
20230430,18.252437591552734,18.3366756439209,17.71895408630371,,17.246585845947266,17.95792579650879,,17.106199264526367,16.84768295288086,16.33850860595703
20230501,,,,,,,,,16.952404022216797,16.090681076049805
20230502,,,,,,,,17.963041305541992,17.239164352416992,16.313173294067383
20230503,18.153406143188477,18.139686584472656,17.80105972290039,,,,,,,
20230504,17.964399337768555,,17.076942443847656,,,,,16.898923873901367,16.871931076049805,
20230505,17.935503005981445,17.845712661743164,17.665950775146484,,,17.649555206298828,,17.123071670532227,16.6756534576416,15.850253105163574
20230506,18.600261688232422,17.98407554626465,17.594575881958008,,16.68783950805664,17.510499954223633,,,16.619842529296875,15.563478469848633
20230507,,,17.88802146911621,,,18.180133819580078,17.978199005126953,17.34601402282715,16.75152015686035,15.99122428894043
20230508,18.013277053833008,,,,,,,,,16.220176696777344
20230509,17.63615608215332,17.121417999267578,17.089900970458984,,,16.991487503051758,,16.702280044555664,16.161081314086914,
20230510,17.7522029876709,17.097171783447266,17.4029541015625,,15.289499282836914,,,16.45698356628418,16.49704360961914,15.975032806396484
20230511,18.502710342407227,17.15437889099121,17.432998657226562,16.184078216552734,16.011356353759766,17.18338966369629,17.278331756591797,16.456464767456055,16.253177642822266,15.395112991333008
20230512,,17.7116641998291,17.77281951904297,,,17.028499603271484,,,15.798815727233887,14.54940414428711
20230513,17.748411178588867,,,,,,,,16.95398712158203,15.896795272827148
20230514,17.890592575073242,16.856218338012695,17.049854278564453,15.819463729858398,15.744736671447754,17.085573196411133,16.94200897216797,16.47153663635254,,16.0836124420166
20230515,17.892738342285156,,17.173580169677734,16.351350784301758,16.216341018676758,17.059236526489258,17.128177642822266,16.56317138671875,16.494083404541016,16.253934860229492
20230516,17.888099670410156,16.941133499145508,17.061054229736328,16.218069076538086,16.182619094848633,16.84381675720215,17.078269958496094,16.151586532592773,16.3253231048584,15.61394214630127
20230517,18.60914421081543,17.314340591430664,17.020910263061523,,,,,16.061216354370117,15.72291088104248,15.461801528930664
20230518,,,,,,,,16.539688110351562,16.436267852783203,15.8377046585083
20230519,17.533143997192383,16.18350601196289,16.64152717590332,,,,,,,15.664708137512207
20230520,17.574451446533203,16.505428314208984,16.77967643737793,,,,,16.2783260345459,15.673160552978516,
20230521,17.361501693725586,16.137691497802734,16.57773780822754,,,,,15.808032989501953,15.509758949279785,15.42714786529541
20230522,18.0111083984375,16.478378295898438,16.59552764892578,,,,,,,15.140667915344238
20230523,,16.74869155883789,,,,,,,,15.028773307800293
20230524,18.046602249145508,,,,,,,,,15.421995162963867
20230525,17.290897369384766,,,,,,,,,
20230526,17.388784408569336,15.715497016906738,16.27918243408203,15.124382972717285,14.591025352478027,16.088058471679688,16.22825050354004,16.054882049560547,15.755186080932617,15.570160865783691
20230527,17.673370361328125,15.50265121459961,16.211082458496094,,,15.807123184204102,15.93708324432373,15.708507537841797,15.658360481262207,15.819679260253906
20230528,17.88291358947754,,17.35346794128418,,,,,,,
20230529,17.347864151000977,15.438970565795898,14.970279693603516,,,,,,17.332317352294922,15.224444389343262
20230530,17.622875213623047,15.244555473327637,15.310113906860352,,,15.138041496276855,,,,15.097686767578125
20230531,17.782434463500977,,,,,,,,,
20230601,17.421459197998047,15.8475923538208,16.253469467163086,15.533819198608398,15.467835426330566,15.701934814453125,16.004934310913086,15.44234561920166,15.401479721069336,15.582427024841309
20230602,,16.18822479248047,16.565324783325195,,,,,,,
20230603,,,,,,,,,16.95973014831543,
20230604,,,,,,,,,,15.62513542175293
20230605,16.698131561279297,15.607016563415527,15.733489036560059,15.262856483459473,15.164655685424805,,15.130698204040527,15.20605754852295,14.101611137390137,15.409284591674805
20230606,17.5828800201416,15.78614616394043,16.52234649658203,,,,,15.886240005493164,15.454771995544434,
20230607,17.902326583862305,,16.549175262451172,,,16.244352340698242,15.90613079071045,15.751692771911621,15.750917434692383,15.442023277282715
20230608,,,16.206384658813477,,,,,16.393131256103516,15.926247596740723,15.847488403320312
20230609,,,,,,,,,,15.92446517944336
20230610,17.059701919555664,15.362847328186035,16.257015228271484,14.97366714477539,14.76624870300293,15.431686401367188,15.518771171569824,15.87960433959961,15.186702728271484,
20230611,17.337047576904297,15.353034019470215,16.092599868774414,14.879132270812988,14.690763473510742,15.4865083694458,15.544751167297363,15.649659156799316,15.449331283569336,15.206853866577148
20230612,17.576799392700195,15.134696006774902,16.25166130065918,14.836907386779785,14.597128868103027,15.433664321899414,15.4747314453125,15.791654586791992,14.820876121520996,
20230613,,15.986557960510254,16.366497039794922,,,,,14.80694580078125,,14.792970657348633
20230614,16.556339263916016,,,,,,,,15.84827995300293,15.81623649597168
20230616,17.066165924072266,15.025922775268555,16.111955642700195,14.68136978149414,14.541691780090332,15.414403915405273,15.337457656860352,15.724052429199219,15.418095588684082,15.508896827697754
20230617,17.30506134033203,14.766798973083496,15.853854179382324,14.442972183227539,14.21919059753418,15.088444709777832,15.009033203125,15.35114574432373,15.345734596252441,
20230618,17.255191802978516,14.69239330291748,16.04627799987793,14.220467567443848,13.949918746948242,14.92996597290039,14.849041938781738,15.427431106567383,15.049720764160156,15.495009422302246
20230619,,,,,,,,,14.756823539733887,15.306952476501465
20230620,17.240930557250977,,,,,,,,,15.127660751342773
20230621,,14.08165454864502,15.208805084228516,,,,,,15.382144927978516,
20230622,17.1016845703125,,,,,,,,,
20230623,17.164794921875,13.799792289733887,15.3048734664917,,,13.90233325958252,,14.554753303527832,12.69033432006836,
20230624,,,,,,,,15.14201545715332,15.213912010192871,15.097315788269043
20230625,16.530593872070312,,,,,,,,,14.293685913085938
20230626,16.03493309020996,12.878169059753418,14.535289764404297,12.845233917236328,12.098666191101074,14.170271873474121,,14.821626663208008,13.8117094039917,
20230627,,,,,,,,,,14.085909843444824
20230628,16.631324768066406,,15.75927734375,,,,,,15.44448184967041,15.039464950561523
20230629,,13.630611419677734,15.770681381225586,12.759771347045898,12.313291549682617,14.455056190490723,14.140999794006348,15.041598320007324,14.335025787353516,12.533276557922363
20230630,15.889915466308594,,,,,,,,15.420557022094727,15.274428367614746
20230701,15.833196640014648,12.540663719177246,14.580390930175781,,,,,14.827208518981934,,15.0470609664917
20230702,15.875213623046875,,14.665632247924805,,,13.698766708374023,13.704864501953125,14.052037239074707,13.636757850646973,
20230703,15.78714370727539,,,,,,,,,
20230704,,13.088025093078613,14.711395263671875,,,13.64771842956543,,15.372175216674805,,
20230705,,,,,,,,14.419595718383789,15.052080154418945,14.885421752929688
20230706,16.21619415283203,,14.785338401794434,,,,,,,14.413676261901855
20230707,15.727304458618164,12.666805267333984,14.277050971984863,12.390848159790039,12.13206672668457,13.556642532348633,13.31654167175293,14.499543190002441,14.567220687866211,14.651537895202637
20230708,15.840149879455566,12.306583404541016,14.463196754455566,,,,,14.211749076843262,15.008642196655273,14.377436637878418
20230709,16.32231903076172,12.880162239074707,14.527868270874023,12.52578067779541,12.3569974899292,13.499271392822266,13.136999130249023,14.102660179138184,14.157135009765625,14.453004837036133
20230710,,,,,,,,,,
20230711,15.775189399719238,,,,,,,,,15.199353218078613
20230712,16.046735763549805,12.850531578063965,14.651769638061523,12.956226348876953,12.778399467468262,13.62558650970459,13.373801231384277,14.550570487976074,14.306509971618652,13.923685073852539
20230713,16.01089859008789,12.802040100097656,13.188504219055176,12.86139965057373,12.707571029663086,13.490737915039062,13.32271957397461,13.306081771850586,14.18277359008789,14.86049747467041
20230714,16.579565048217773,12.813522338867188,,,,,,,,
20230715,,,14.676207542419434,13.26640510559082,13.162637710571289,,13.115166664123535,14.557927131652832,,
20230716,12.624807357788086,,,,,,,,,12.566537857055664
20230717,15.545622825622559,12.602750778198242,14.213266372680664,12.46493148803711,12.432579040527344,13.291958808898926,13.087541580200195,14.296595573425293,,14.64738655090332
20230718,15.69178295135498,12.747143745422363,13.644696235656738,12.601875305175781,12.513195991516113,13.537413597106934,13.21094036102295,14.004926681518555,15.179183006286621,14.565607070922852
20230719,15.86927318572998,12.704569816589355,14.388340950012207,12.445472717285156,12.318537712097168,13.394380569458008,13.089791297912598,14.004903793334961,14.27292537689209,13.596305847167969
20230720,,13.238045692443848,13.833697319030762,12.776351928710938,12.403827667236328,13.613813400268555,13.239883422851562,14.160014152526855,14.688941955566406,
20230721,,,,,,,,14.017867088317871,14.958698272705078,14.168516159057617
20230722,15.652546882629395,,14.658361434936523,,,,,,,14.166312217712402
20230723,15.306431770324707,12.429031372070312,13.744776725769043,12.057973861694336,11.649415016174316,12.883875846862793,12.675091743469238,13.658432006835938,13.888636589050293,
20230724,15.228302001953125,12.423123359680176,13.709269523620605,11.996182441711426,,,12.053170204162598,13.380104064941406,13.320192337036133,13.829011917114258
20230725,15.708901405334473,12.492746353149414,14.102889060974121,,,,,13.833285331726074,14.256117820739746,
20230726,,,,,,,,14.522958755493164,13.63863468170166,13.458191871643066
20230727,15.93883228302002,,,,,,,,,14.56320571899414
20230728,15.280655860900879,12.880393028259277,14.13351058959961,12.419249534606934,12.189523696899414,13.173187255859375,12.961579322814941,13.742361068725586,14.027081489562988,
20230729,15.405115127563477,12.801987648010254,14.004179000854492,12.530128479003906,12.522066116333008,13.219444274902344,13.066080093383789,14.011237144470215,14.042872428894043,13.970261573791504
20230730,15.907835006713867,12.989925384521484,14.28994083404541,12.676118850708008,12.745959281921387,13.284749031066895,13.164194107055664,13.956415176391602,13.707674026489258,14.020942687988281
20230731,,13.521377563476562,14.408401489257812,,,,,13.905550956726074,13.932069778442383,13.62907600402832
20230801,14.77113151550293,,,,,,,,14.924537658691406,14.204591751098633
20230802,15.6177396774292,13.03929328918457,14.16851806640625,12.454246520996094,12.61312484741211,13.051278114318848,12.831426620483398,14.008515357971191,,14.417804718017578
20230803,15.591472625732422,,14.782768249511719,12.776982307434082,13.149882316589355,13.379937171936035,13.359801292419434,14.808869361877441,14.413322448730469,14.232073783874512
20230804,15.568743705749512,13.043749809265137,13.396445274353027,,,,,,,
20230805,15.832618713378906,13.439505577087402,14.953425407409668,,,13.174910545349121,13.210196495056152,,14.096029281616211,12.802613258361816
20230806,,,,,,,,13.345882415771484,13.533605575561523,13.211533546447754
20230807,15.083540916442871,13.123777389526367,13.938658714294434,,,,,,,14.067083358764648
20230808,15.336993217468262,13.08598804473877,14.175007820129395,12.875800132751465,12.865704536437988,13.262289047241211,13.224420547485352,13.571168899536133,13.925747871398926,13.527233123779297
20230809,15.489328384399414,13.19820499420166,14.42051887512207,13.082296371459961,12.97659683227539,13.445795059204102,13.368942260742188,14.088703155517578,14.376656532287598,13.373111724853516
20230810,15.6958589553833,13.195725440979004,14.176712036132812,12.83923053741455,12.718621253967285,13.233719825744629,13.117669105529785,13.604203224182129,13.8725004196167,13.895069122314453
20230811,,,,,,,,14.204054832458496,14.079042434692383,13.724416732788086
20230812,,,,,,,,,,
20230813,14.701918601989746,,13.310149192810059,,,,,,13.406256675720215,
20230814,14.986371040344238,13.078851699829102,14.001357078552246,12.676249504089355,,12.86655330657959,,13.47813892364502,13.763850212097168,13.47008228302002
20230815,15.464651107788086,13.22093391418457,14.11600112915039,12.92140007019043,12.896596908569336,13.135056495666504,13.042520523071289,13.618293762207031,13.837882041931152,13.744305610656738
20230816,,13.944999694824219,14.845959663391113,13.62574291229248,13.526805877685547,13.793571472167969,13.616854667663574,14.13614559173584,14.214865684509277,13.73802661895752
20230817,15.257556915283203,,,,,,,,14.256474494934082,13.590974807739258
20230818,14.946903228759766,12.976768493652344,13.750877380371094,,,12.888763427734375,,13.707679748535156,,
20230819,14.807462692260742,13.118430137634277,13.517293930053711,,12.52187442779541,12.671387672424316,12.52395248413086,12.932307243347168,13.108550071716309,
20230820,14.572200775146484,13.249954223632812,12.200566291809082,10.803149223327637,,10.58006763458252,,11.371176719665527,,13.650771141052246
20230821,15.090795516967773,13.748156547546387,14.42557430267334,13.345403671264648,,13.404794692993164,13.34723949432373,13.531575202941895,13.37480640411377,13.118453025817871
20230822,,,,,,,,,,12.816444396972656
20230823,15.049397468566895,13.253836631774902,13.6260404586792,,,,,,,13.568140029907227
20230824,15.237749099731445,13.820913314819336,14.090882301330566,13.291800498962402,13.279999732971191,13.238749504089355,13.106279373168945,13.550681114196777,13.374913215637207,12.74271297454834
20230825,15.260828971862793,13.877586364746094,14.094578742980957,,,13.197622299194336,13.045467376708984,13.94576358795166,14.118951797485352,13.950288772583008
20230826,15.375802040100098,14.271328926086426,14.350775718688965,13.812631607055664,13.75520133972168,13.546666145324707,13.442143440246582,13.40955638885498,13.382488250732422,
20230827,,,,,,,13.932631492614746,,,13.118132591247559
20230828,15.809165954589844,,,,,,,,13.429949760437012,13.595946311950684
20230829,15.891899108886719,14.723653793334961,14.808807373046875,,,,,,,
20230830,14.974810600280762,,14.241663932800293,,,,,,13.776277542114258,12.020807266235352
20230831,15.247958183288574,13.766735076904297,13.872489929199219,13.628571510314941,13.692893981933594,13.159459114074707,12.983065605163574,13.513947486877441,13.655682563781738,13.008872985839844
20230901,,14.850489616394043,14.369674682617188,,,,,13.632499694824219,13.868767738342285,13.45014476776123
20230902,14.318612098693848,,14.186095237731934,,,,,,14.406051635742188,12.970906257629395
20230903,15.77708625793457,14.408773422241211,14.798477172851562,13.893649101257324,14.0807466506958,13.575590133666992,13.553628921508789,14.302300453186035,,14.168195724487305
20230904,14.979780197143555,15.071090698242188,14.68716049194336,,,,,,,14.120234489440918
20230905,15.264678955078125,14.6419095993042,14.339451789855957,,,,,13.911852836608887,13.764213562011719,13.424428939819336
20230906,15.634578704833984,14.96810531616211,15.01990795135498,14.492037773132324,14.614864349365234,14.053221702575684,13.977974891662598,14.058443069458008,13.855586051940918,13.524189949035645
20230907,,,,,,,,,,13.531776428222656
20230908,15.095949172973633,13.470239639282227,13.903181076049805,,,,,,,13.839735984802246
20230909,14.545710563659668,13.932140350341797,14.000886917114258,13.604896545410156,13.126935958862305,13.385040283203125,13.365155220031738,13.703880310058594,13.68172836303711,
20230910,14.820669174194336,13.881072044372559,13.777289390563965,13.217412948608398,13.183028221130371,13.155035972595215,13.342540740966797,13.316377639770508,13.38833999633789,13.169944763183594
20230911,15.383979797363281,14.024444580078125,13.604174613952637,12.667287826538086,13.023028373718262,12.859454154968262,12.648049354553223,12.82390022277832,13.299481391906738,13.1218900680542
20230912,,,14.7990140914917,,,14.48189926147461,,14.236804008483887,14.22257137298584,13.159912109375
20230913,15.700716018676758,,,,,,,13.877534866333008,13.508150100708008,13.263341903686523
20230914,14.789230346679688,,15.01950740814209,,,,,14.436768531799316,,13.901209831237793
20230915,15.237595558166504,15.155512809753418,14.8870267868042,,,14.226112365722656,14.093255996704102,14.136094093322754,14.056021690368652,13.55335521697998
20230916,15.951714515686035,15.207072257995605,15.118846893310547,14.843226432800293,15.104572296142578,14.55602741241455,14.584554672241211,14.702437400817871,14.275434494018555,13.879722595214844
20230917,,16.824886322021484,15.463760375976562,15.73219108581543,15.858938217163086,15.131667137145996,15.2196626663208,14.976004600524902,14.298543930053711,13.662263870239258
20230918,15.512025833129883,,,,,,,,,
20230919,15.236286163330078,15.488375663757324,15.062385559082031,,,,,,,12.276570320129395
20230920,15.318167686462402,15.991655349731445,15.002920150756836,15.448678970336914,15.481921195983887,,,,13.81983470916748,12.963553428649902
20230921,15.437318801879883,15.622960090637207,14.831915855407715,15.858333587646484,,14.363558769226074,14.336307525634766,14.255627632141113,13.797774314880371,13.606771469116211
20230922,15.761906623840332,16.303329467773438,15.575228691101074,15.765134811401367,15.87861156463623,14.82180404663086,14.885528564453125,14.608978271484375,14.073393821716309,13.456062316894531
20230923,,,,,,,,14.816617965698242,13.37231159210205,13.460769653320312
20230924,16.00726890563965,15.672611236572266,15.442512512207031,,,,,,,14.318094253540039
20230925,14.994912147521973,16.641359329223633,14.80022144317627,16.16737174987793,16.44831085205078,14.923619270324707,15.038240432739258,14.457855224609375,13.855634689331055,
20230926,15.605879783630371,16.12251091003418,15.276384353637695,15.94283676147461,16.082244873046875,14.784491539001465,14.973170280456543,14.29421329498291,14.341287612915039,13.898311614990234
20230927,16.165870666503906,16.260990142822266,15.229890823364258,15.805728912353516,15.787307739257812,14.520262718200684,14.760889053344727,,,13.341718673706055
20230928,,,,,,,16.06624984741211,15.456036567687988,14.396566390991211,
20230929,15.907876014709473,,,,,,,,,14.377253532409668
20230930,16.41415786743164,17.079345703125,16.329524993896484,16.919605255126953,17.074060440063477,15.963221549987793,16.05983543395996,15.907928466796875,15.147926330566406,
20231002,16.315876007080078,17.05136489868164,15.889141082763672,16.872865676879883,16.92624855041504,15.452889442443848,15.59061050415039,15.198870658874512,14.345888137817383,13.988215446472168
20231003,,17.372661590576172,16.274431228637695,,,,,15.739294052124023,14.168848037719727,
20231004,15.697149276733398,,,,,,,,14.65652084350586,14.063568115234375
20231005,15.457513809204102,16.291858673095703,15.520573616027832,,,15.757205963134766,,,,14.479001998901367
20231006,15.61731243133545,16.333499908447266,15.013198852539062,,,,,14.959120750427246,13.971144676208496,13.761228561401367
20231007,15.894623756408691,16.758852005004883,15.253299713134766,15.825603485107422,16.08920669555664,15.009050369262695,15.256999969482422,14.77560043334961,14.360121726989746,14.018855094909668
20231008,15.926858901977539,17.061004638671875,15.988487243652344,16.443464279174805,16.42828369140625,15.415861129760742,15.546558380126953,14.873106956481934,14.399998664855957,13.61878490447998
20231009,,,,,,,,15.184423446655273,14.871477127075195,14.300085067749023
20231010,15.946063041687012,16.1082706451416,15.53420639038086,,,,,,,14.319524765014648
20231011,16.410694122314453,17.523590087890625,16.47075653076172,17.09715461730957,17.35653305053711,16.06100082397461,16.179920196533203,15.507818222045898,14.795488357543945,14.233166694641113
20231012,15.64976978302002,16.925739288330078,15.60614013671875,,,,,14.899930000305176,13.691230773925781,14.480562210083008
20231013,,17.49506187438965,16.27690315246582,,,,,,,
20231014,,,,,,,,,,14.059111595153809
20231015,15.189706802368164,,,,,,,,,14.141412734985352
20231016,15.683023452758789,16.566343307495117,15.513425827026367,16.535938262939453,,15.034366607666016,15.207572937011719,14.979010581970215,,
20231017,15.801224708557129,17.120676040649414,15.782541275024414,16.499116897583008,16.548383712768555,,15.884856224060059,15.01698112487793,13.929800033569336,13.549281120300293
20231018,16.331632614135742,17.16800308227539,16.00532341003418,16.644935607910156,16.61471939086914,15.72058391571045,15.854513168334961,15.114672660827637,14.426718711853027,14.173484802246094
20231019,16.384971618652344,18.420303344726562,16.24331283569336,17.618467330932617,17.674434661865234,16.64072608947754,16.683738708496094,16.00908088684082,14.786276817321777,14.507330894470215
20231020,,,,,,,,,,15.263320922851562
20231021,15.187740325927734,,,,,,,,,
20231022,15.863799095153809,,15.997493743896484,17.449621200561523,,15.855500221252441,,14.928424835205078,14.387566566467285,
20231023,16.119068145751953,17.267967224121094,15.890454292297363,17.040069580078125,16.988460540771484,15.614275932312012,15.918416023254395,15.023550033569336,14.110574722290039,
20231024,16.092573165893555,17.274080276489258,16.304777145385742,16.940805435180664,16.50984001159668,16.25165367126465,,15.767253875732422,15.224217414855957,14.433878898620605
20231025,,,,,,,,,14.419811248779297,13.945272445678711
20231026,,,,,,,,,,14.432541847229004
20231027,15.601686477661133,16.882997512817383,15.457350730895996,16.353540420532227,16.302858352661133,15.692675590515137,16.004344940185547,15.049253463745117,14.790265083312988,
20231028,15.091079711914062,17.004981994628906,,,,,,15.142733573913574,14.99543571472168,14.38796615600586
20231029,16.45808219909668,,15.821165084838867,15.8350830078125,15.869998931884766,15.76329517364502,15.825813293457031,14.981077194213867,13.962440490722656,13.784283638000488
20231030,,,,,,,,15.567625045776367,14.27686595916748,13.471332550048828
20231031,15.731916427612305,,,,,,,,,14.179242134094238
20231101,15.997516632080078,17.268354415893555,15.879834175109863,,16.58953857421875,15.742250442504883,15.899381637573242,14.998638153076172,14.390229225158691,
20231102,15.220935821533203,17.118457794189453,15.904312133789062,,,15.636343002319336,16.402856826782227,14.92200756072998,14.611479759216309,
20231103,16.574405670166016,17.442893981933594,16.099802017211914,17.029211044311523,16.992361068725586,16.1192684173584,16.23577117919922,15.03596019744873,14.794782638549805,
20231104,,18.433324813842773,17.257965087890625,17.912031173706055,17.71648406982422,16.53959846496582,16.822895050048828,15.683131217956543,,13.465187072753906
20231105,15.69435977935791,,,,,,,,,14.281296730041504
20231106,16.197078704833984,17.68977928161621,16.296506881713867,17.196487426757812,17.334625244140625,16.262332916259766,16.442644119262695,15.183045387268066,,14.472140312194824
20231107,16.273460388183594,18.323190689086914,16.3930606842041,17.825878143310547,18.07343101501465,16.406023025512695,16.839956283569336,15.666985511779785,,14.20123291015625
20231108,15.961495399475098,18.28762435913086,16.45705795288086,17.924936294555664,18.154558181762695,16.440500259399414,16.900665283203125,15.945919036865234,15.121476173400879,14.955942153930664
20231109,17.375207901000977,18.94443130493164,17.03912925720215,18.236379623413086,18.573902130126953,16.67505645751953,17.1198787689209,,,14.815665245056152
20231110,16.12772560119629,,16.703542709350586,,,,,16.11138916015625,14.979964256286621,15.192656517028809
20231111,15.79591178894043,17.93062400817871,16.503803253173828,,,,,,,16.725231170654297
20231112,16.3066463470459,18.95029640197754,17.284395217895508,18.90074920654297,19.142196655273438,17.094274520874023,17.432132720947266,,14.135998725891113,
20231113,16.039047241210938,18.66969108581543,16.479660034179688,,,,,,14.128888130187988,14.549537658691406
20231114,16.66328239440918,,,,,,,,,
20231115,,,,,18.97888946533203,,,,,13.84741497039795
20231116,15.388628005981445,,,,,,,,,14.416852951049805
20231117,16.194595336914062,18.539772033691406,16.985595703125,17.630210876464844,17.81355857849121,16.216373443603516,16.75374984741211,15.432060241699219,14.98580265045166,
20231118,15.222345352172852,18.52547836303711,16.637619018554688,18.051265716552734,18.229782104492188,16.60978126525879,17.161420822143555,15.597557067871094,14.45518684387207,
20231119,16.421815872192383,18.16952133178711,16.796266555786133,,,16.69536590576172,16.852041244506836,16.08795928955078,15.426619529724121,16.00471305847168
20231120,,,,,19.308000564575195,,,,,13.790165901184082
20231121,,,,,,,,,,14.547345161437988
20231122,16.69828987121582,18.51165008544922,16.375967025756836,,,,,,,15.598770141601562
20231123,16.298311233520508,18.311077117919922,16.34100341796875,,,16.647212982177734,17.289670944213867,15.245485305786133,13.762663841247559,
20231124,16.298933029174805,,,,,,,,,
20231125,16.48209571838379,19.308725357055664,16.68270492553711,,18.824838638305664,,,,,15.691390037536621
20231126,,,,,,,,,15.478017807006836,
20231127,16.15293312072754,17.536903381347656,15.493142127990723,,,,,,,
20231128,15.448827743530273,,,,,,,,13.431038856506348,
20231129,15.735726356506348,,16.584909439086914,,,16.114999771118164,,15.132807731628418,14.682395935058594,
20231130,15.901145935058594,20.169099807739258,16.80228614807129,18.073406219482422,18.6556453704834,16.76266860961914,17.503522872924805,15.549180030822754,13.358853340148926,14.130697250366211
20231201,,18.782777786254883,15.82950210571289,19.03042984008789,19.738998413085938,16.892215728759766,17.75707244873047,15.777522087097168,14.267843246459961,14.330113410949707
20231202,15.569708824157715,,,,,,,,,13.87935733795166
20231203,16.392810821533203,19.416473388671875,17.22974967956543,18.433868408203125,18.781986236572266,16.971927642822266,17.58305549621582,15.245759010314941,13.401097297668457,
20231204,17.00532341003418,20.395618438720703,17.97675132751465,19.838821411132812,20.338485717773438,18.11077880859375,18.736167907714844,16.63159942626953,14.175963401794434,14.972637176513672
20231205,,21.257539749145508,,,,,,,,16.168123245239258
20231206,15.627288818359375,,17.734233856201172,,20.87807846069336,18.135589599609375,19.0344295501709,16.80453872680664,14.572455406188965,15.143782615661621
20231207,,,,,,,,,,14.577211380004883
20231208,19.446800231933594,20.968425750732422,20.268718719482422,,,19.727832794189453,,17.61568260192871,,
20231209,,,,,,,,,,
20231210,16.374364852905273,,,,,,,,,
20231211,,,,,,,,,,
20231212,,,,,,,,,,
20231213,16.541372299194336,,17.75676727294922,,,,,,,19.291051864624023
20231214,13.552945137023926,19.9981689453125,,,,,,14.935998916625977,14.60856819152832,
20231215,16.38107681274414,19.745758056640625,16.775564193725586,,19.340625762939453,17.12655258178711,,15.439886093139648,14.180984497070312,15.687521934509277
20231216,17.02254867553711,19.948930740356445,17.796913146972656,19.23440933227539,19.678302764892578,17.74628257751465,18.65399932861328,15.599353790283203,14.176461219787598,15.52101993560791
20231217,,20.89468765258789,,,20.96319580078125,,19.44342803955078,16.541872024536133,14.94555377960205,15.822893142700195
20231218,16.58390998840332,,,,,,,,,
20231219,16.58824348449707,19.835445404052734,17.168628692626953,,,17.754552841186523,,15.694527626037598,14.633667945861816,
20231220,16.560667037963867,20.108198165893555,17.612459182739258,19.225675582885742,19.57499885559082,17.851917266845703,18.56187629699707,16.252527236938477,14.931260108947754,15.71672248840332
20231221,16.832246780395508,20.093341827392578,17.14644432067871,18.801616668701172,19.24724769592285,,18.414997100830078,15.616409301757812,13.761384010314941,16.20566749572754
20231222,15.5289945602417,20.92293357849121,17.40142250061035,,19.48456573486328,,18.53668212890625,15.800436973571777,14.276305198669434,16.048263549804688
20231223,16.370582580566406,,,,,,,,16.15761947631836,16.4199161529541
20231224,16.212411880493164,20.24917221069336,17.120874404907227,19.135854721069336,19.903200149536133,17.720378875732422,18.5872859954834,15.852485656738281,,17.93113136291504
20231225,16.127500534057617,20.31027603149414,17.257226943969727,,,,,15.619807243347168,,
20231226,16.57052230834961,,,,,,,14.30435848236084,12.326998710632324,
20231227,16.878332138061523,,,,,,,15.085000038146973,14.206034660339355,15.763434410095215
20231228,,,,,,,,,,15.953943252563477
20231229,16.281076431274414,19.671770095825195,17.538297653198242,,,,,,,17.317934036254883
20231230,17.279115676879883,20.62328338623047,,,,,,,,
20231231,16.159603118896484,20.27077865600586,17.50214385986328,,19.239675521850586,17.706602096557617,18.454465866088867,15.538238525390625,13.922042846679688,16.171293258666992
20240101,15.579873085021973,20.63663101196289,18.105215072631836,19.502431869506836,19.82342529296875,18.317222595214844,18.842666625976562,15.416529655456543,,16.715652465820312
20240102,16.22951889038086,20.394922256469727,18.896549224853516,,,,,,,
20240103,,,,,,,,,,17.44650650024414
20240104,,,,,,,,,,
20240105,16.92076873779297,21.15071678161621,18.335264205932617,,,18.454084396362305,19.280248641967773,16.01495361328125,13.724770545959473,16.898433685302734
20240106,,,,,,,,15.916280746459961,13.552074432373047,16.926118850708008
20240107,,,,,,,,,,
20240108,16.809738159179688,,,,,,,,,
20240109,16.905675888061523,20.908353805541992,,,20.263952255249023,17.68701934814453,18.69702911376953,15.627372741699219,,
20240110,17.386463165283203,21.664535522460938,18.344398498535156,20.844552993774414,21.54109001159668,18.5643253326416,19.75025177001953,16.089374542236328,15.739273071289062,16.682205200195312
20240111,17.888723373413086,21.68105697631836,18.83189582824707,20.893287658691406,21.650720596313477,18.866506576538086,19.781328201293945,16.855737686157227,15.741849899291992,17.341707229614258
20240112,18.878944396972656,22.635684967041016,19.806529998779297,21.672725677490234,22.466096878051758,19.541610717773438,20.400897979736328,17.95660972595215,16.941946029663086,17.892366409301758
20240113,16.885257720947266,,19.156455993652344,,,,,16.92656707763672,14.893107414245605,18.258623123168945
20240114,17.69322967529297,,,,,,,,14.164412498474121,17.728515625
20240115,17.17311668395996,22.92888832092285,19.25090789794922,22.20807647705078,22.80756950378418,19.455583572387695,20.52423858642578,16.13445281982422,14.298955917358398,16.17928123474121
20240116,17.212432861328125,,20.29643440246582,22.33865737915039,23.329477310180664,20.321563720703125,21.1798095703125,18.496837615966797,17.12078094482422,17.943485260009766
20240117,18.93581199645996,,19.09468650817871,,,18.5646915435791,,16.184816360473633,12.846546173095703,
20240118,,,,,,,,16.600099563598633,15.870361328125,17.353286743164062
20240119,16.549020767211914,,,,,,,,,
20240120,17.47066879272461,23.373794555664062,19.988916397094727,22.3714656829834,22.818933486938477,20.429153442382812,21.35048484802246,17.83438491821289,,
20240121,16.557689666748047,22.929412841796875,18.388750076293945,21.689315795898438,22.2847900390625,19.053390502929688,20.45142364501953,16.812063217163086,15.554496765136719,17.168724060058594
20240122,17.414764404296875,22.613121032714844,19.386709213256836,21.649076461791992,22.008493423461914,19.561389923095703,20.276622772216797,16.909685134887695,15.010183334350586,
20240123,,,21.24828338623047,22.50668716430664,22.969406127929688,20.70552635192871,21.252214431762695,17.74721908569336,16.791725158691406,16.406147003173828
20240124,18.260957717895508,,,,,,,,,18.53878402709961
20240125,18.404747009277344,25.215065002441406,,,,,,,,18.06591796875
20240126,17.52667808532715,22.37386703491211,19.024499893188477,22.05830955505371,22.0776309967041,,,16.990137100219727,16.871294021606445,17.083045959472656
20240127,17.455982208251953,22.53829574584961,19.093971252441406,21.09078025817871,,19.559436798095703,20.06801414489746,17.168807983398438,15.930304527282715,17.622657775878906
20240128,,22.865617752075195,20.28736686706543,,,,,,16.383346557617188,16.414310455322266
20240129,,,,,,,,,18.05335807800293,17.682531356811523
20240130,18.08885383605957,21.463546752929688,18.99285125732422,,,,,,,18.252277374267578
20240131,17.721446990966797,22.790647506713867,19.292879104614258,,,19.69481086730957,20.555940628051758,17.829496383666992,16.62810707092285,17.104015350341797
20240201,17.91322135925293,22.581125259399414,19.782196044921875,,21.791921615600586,20.137481689453125,20.940227508544922,17.987722396850586,17.009851455688477,18.445749282836914
20240202,18.747556686401367,22.6453857421875,,,,,,,16.92408561706543,17.752744674682617
20240203,,,,,,,,18.73485565185547,18.085954666137695,17.744892120361328
20240204,19.050485610961914,,,,,,,,,18.694591522216797
20240205,18.708173751831055,23.435155868530273,,,,,,18.845590591430664,17.753263473510742,
20240206,17.56853675842285,22.602575302124023,19.353103637695312,,,19.758708953857422,21.034421920776367,18.180788040161133,17.30642318725586,17.891632080078125
20240207,18.432575225830078,22.245141983032227,19.763586044311523,21.571399688720703,21.641555786132812,19.989316940307617,20.61966896057129,18.251117706298828,17.309337615966797,17.87017822265625
20240208,,22.839054107666016,21.163190841674805,22.12263298034668,22.107807159423828,20.723804473876953,21.220247268676758,18.5737247467041,17.546464920043945,18.159746170043945
20240209,17.70382308959961,,,,,,,,18.92530059814453,18.225326538085938
20240210,17.278728485107422,22.426055908203125,20.164846420288086,21.777828216552734,22.032278060913086,20.458202362060547,21.142038345336914,18.624990463256836,,18.979097366333008
20240211,18.278207778930664,22.935659408569336,20.419187545776367,22.269256591796875,22.627277374267578,20.683992385864258,21.479917526245117,17.95629119873047,17.392417907714844,17.771930694580078
20240212,18.72189712524414,22.942720413208008,20.221174240112305,22.23626708984375,22.76878547668457,20.63574981689453,21.478322982788086,18.17845916748047,16.170482635498047,19.07011604309082
20240213,,23.652217864990234,21.15326690673828,22.838022232055664,23.58639907836914,21.56267547607422,22.070362091064453,18.443622589111328,17.909963607788086,19.12552261352539
20240214,,,,,,,,,18.272741317749023,18.012304306030273
20240215,17.251659393310547,21.50617027282715,18.993005752563477,,,,,,,19.24850845336914
20240216,17.306108474731445,22.308393478393555,19.744394302368164,21.775659561157227,21.981462478637695,19.81362533569336,20.760164260864258,17.83059310913086,15.96632194519043,16.892616271972656
20240217,17.489118576049805,22.35478973388672,19.674041748046875,21.4792537689209,21.664657592773438,20.17469024658203,20.924413681030273,17.886280059814453,17.238739013671875,18.380659103393555
20240218,19.66709327697754,23.00835609436035,20.81708526611328,22.415786743164062,22.74506950378418,20.5299072265625,21.550527572631836,17.85527992248535,16.042625427246094,17.641250610351562
20240219,17.917558670043945,,20.542287826538086,,,,,18.541175842285156,16.36882781982422,
20240220,18.143686294555664,,,,,,,,,
20240221,19.343730926513672,23.0048828125,20.48880386352539,22.735788345336914,23.21012306213379,20.79694366455078,22.030534744262695,18.598567962646484,17.54108428955078,
20240222,19.09437370300293,23.90026092529297,21.12397003173828,23.470258712768555,24.02593421936035,21.498323440551758,22.87742042541504,19.764297485351562,17.495759963989258,20.63846778869629
20240223,18.332021713256836,23.120149612426758,19.59186363220215,22.616596221923828,,20.061588287353516,21.43833351135254,17.640499114990234,15.70472240447998,
20240224,,23.632427215576172,,,,,,,,
20240225,18.385112762451172,,,,,,,17.36701011657715,16.395389556884766,18.480937957763672
20240226,18.134864807128906,23.615474700927734,18.155736923217773,,,,,,,17.56174087524414
20240227,18.358558654785156,23.115018844604492,20.088117599487305,22.209585189819336,22.185834884643555,20.467758178710938,21.325321197509766,18.023483276367188,16.641199111938477,17.21108627319336
20240228,19.6169490814209,23.92799949645996,20.883100509643555,,,,,,,19.911710739135742
20240229,20.52395248413086,23.85183334350586,20.346202850341797,,,20.320552825927734,21.674598693847656,18.408214569091797,17.328062057495117,19.328960418701172
20240301,,,,,,,,,18.432113647460938,18.215906143188477
20240302,18.81502342224121,,,,,,,,17.869943618774414,18.561582565307617
20240303,17.726581573486328,22.68522834777832,19.99930191040039,22.02836036682129,21.94912338256836,20.285783767700195,21.389192581176758,17.624788284301758,15.897693634033203,
20240304,16.399391174316406,22.52762222290039,19.80567741394043,21.66930389404297,21.840883255004883,20.247934341430664,21.29995346069336,17.919099807739258,15.336862564086914,18.796144485473633
20240305,19.674602508544922,22.807395935058594,20.40873908996582,21.94671058654785,22.097604751586914,20.653026580810547,21.38302230834961,17.91124153137207,16.89606285095215,18.00011444091797
20240306,18.336057662963867,23.689167022705078,19.145923614501953,21.06338882446289,,20.391427993774414,,18.842803955078125,17.44485092163086,18.26876449584961
20240307,,22.556055068969727,,,,,,,,19.458810806274414
20240308,18.75692367553711,,19.555667877197266,,,,,17.7873592376709,16.327045440673828,
20240309,19.494186401367188,23.99357795715332,21.015756607055664,22.921117782592773,23.541841506958008,21.2901668548584,22.31281089782715,19.08935546875,18.172338485717773,17.889524459838867
20240310,19.942201614379883,24.194955825805664,21.605424880981445,23.343599319458008,23.90656089782715,21.740135192871094,22.92420196533203,19.61346435546875,18.930614471435547,20.39908790588379
20240311,,24.677078247070312,21.452272415161133,,,21.433805465698242,22.856250762939453,19.938720703125,16.571184158325195,18.381237030029297
20240312,19.471271514892578,,,,,,,,,20.195804595947266
20240313,,,,,,,,,,19.049400329589844
20240314,,,,,,,,,15.915812492370605,
20240315,17.077939987182617,,19.267698287963867,,,20.383636474609375,21.20024299621582,17.25761604309082,13.734145164489746,18.432466506958008
20240316,19.613632202148438,23.97661590576172,20.5146427154541,22.831491470336914,23.123699188232422,20.95583724975586,21.8721981048584,17.631515502929688,17.351200103759766,18.025959014892578
20240317,,,,,,,,,18.4749698638916,18.277034759521484
20240318,17.84695816040039,22.17470359802246,20.09677505493164,,,,,,,19.654996871948242
20240319,16.773000717163086,,19.98324203491211,23.0557861328125,23.2008113861084,21.039833068847656,21.88416862487793,18.595333099365234,17.65975570678711,
20240320,16.908050537109375,22.739999771118164,18.851795196533203,,,20.106998443603516,,17.39006805419922,16.10401153564453,17.971860885620117
20240321,16.92322540283203,22.770891189575195,19.339847564697266,21.708599090576172,22.121902465820312,20.568166732788086,21.57605743408203,17.143096923828125,16.312545776367188,18.00691032409668
20240322,,,,,,21.719032287597656,22.385414123535156,17.779010772705078,16.871618270874023,17.73179054260254
20240323,15.486406326293945,,16.652748107910156,,,,,,,18.45579719543457
20240324,14.615952491760254,21.586933135986328,19.30321502685547,,20.809917449951172,,20.971824645996094,16.019248962402344,14.248577117919922,
20240325,15.688104629516602,21.408132553100586,17.997432708740234,19.600936889648438,20.581130981445312,18.96552085876465,20.682659149169922,16.708288192749023,,
20240326,17.224061965942383,21.41809844970703,18.491254806518555,20.132143020629883,20.387725830078125,19.57537078857422,20.692472457885742,15.845582962036133,13.115242958068848,18.322839736938477
20240327,,,,,,,,,17.629655838012695,17.4224853515625
20240328,16.19258689880371,20.670536041259766,17.732385635375977,,,,,,,18.59318733215332
20240329,16.917720794677734,21.572662353515625,18.9697265625,20.502777099609375,20.724044799804688,20.211715698242188,20.789186477661133,16.347137451171875,15.714816093444824,15.465275764465332
20240330,16.899492263793945,21.52503204345703,18.963003158569336,20.52223014831543,20.684621810913086,20.214096069335938,20.814903259277344,16.988754272460938,16.721601486206055,17.671171188354492
20240331,20.160362243652344,21.78288459777832,19.637235641479492,20.953550338745117,21.12225341796875,20.45661163330078,21.006248474121094,17.30952262878418,16.712892532348633,17.435396194458008
20240401,,,,,,,,,15.916929244995117,17.449289321899414
20240402,16.028907775878906,20.797264099121094,17.44453239440918,,,,,,,
20240403,16.2614803314209,20.861291885375977,17.440229415893555,20.379199981689453,,19.723678588867188,,16.596454620361328,16.378938674926758,
20240404,16.312108993530273,20.529342651367188,18.61321258544922,,,,,15.822303771972656,14.95300579071045,16.74534797668457
20240405,,20.763641357421875,18.045106887817383,19.791065216064453,19.92243194580078,19.653945922851562,20.342031478881836,16.339405059814453,14.815337181091309,17.716249465942383
20240406,,,,,,,,16.334312438964844,15.869080543518066,15.90841293334961
20240407,14.766996383666992,,18.708581924438477,,,,,,,
20240408,16.418262481689453,19.968734741210938,18.322803497314453,,,,,16.084890365600586,14.57470417022705,
20240409,15.943851470947266,19.634883880615234,17.646455764770508,,,18.468807220458984,19.7108097076416,15.871837615966797,15.427980422973633,17.159149169921875
20240410,17.12090301513672,19.407121658325195,15.77966594696045,,,,,15.92392349243164,15.116992950439453,16.950227737426758
20240411,,,,,,,,15.871857643127441,,17.170639038085938
20240412,15.181662559509277,,,,,,,,,17.149267196655273
20240413,15.631775856018066,18.874940872192383,17.424827575683594,17.5766658782959,,18.205976486206055,,15.239048957824707,14.987518310546875,
20240414,16.34713363647461,19.039487838745117,17.304622650146484,18.186918258666992,18.179393768310547,18.542049407958984,19.097415924072266,15.565556526184082,14.974617004394531,16.34796142578125
20240415,16.731182098388672,18.99143409729004,17.36018943786621,18.21236801147461,18.097497940063477,18.652740478515625,19.279767990112305,15.421177864074707,15.318663597106934,16.856225967407227
20240416,,19.628131866455078,18.6142520904541,19.132835388183594,18.976119995117188,19.241233825683594,19.62846565246582,16.264005661010742,14.868648529052734,16.725915908813477
20240417,16.304933547973633,,,,,,,,,
20240418,15.437826156616211,18.326486587524414,18.11008644104004,,,,,,,17.854595184326172
20240419,15.234723091125488,,15.230865478515625,,,,,15.761401176452637,16.13142967224121,16.28113555908203
20240420,15.968927383422852,18.49490737915039,18.30716896057129,17.993711471557617,17.948890686035156,18.55388069152832,18.890422821044922,15.848669052124023,14.91958236694336,17.33891487121582
20240421,17.585546493530273,18.703880310058594,17.465974807739258,17.987302780151367,17.911945343017578,18.444889068603516,18.986007690429688,15.584671974182129,14.341510772705078,
20240422,,,,,,,,,16.570415496826172,16.380237579345703
20240423,16.774126052856445,,16.549087524414062,,,,,16.033803939819336,15.015218734741211,16.725238800048828
20240424,15.816778182983398,,16.747211456298828,17.488361358642578,,18.036874771118164,18.668771743774414,15.672516822814941,15.619283676147461,
20240425,16.654850006103516,,16.10015106201172,,,17.518877029418945,18.221817016601562,15.31002426147461,15.037918090820312,16.07209014892578
20240426,16.81644058227539,17.515399932861328,,,,,,14.567635536193848,14.81403923034668,15.640850067138672
20240427,,18.21406364440918,,,,18.818939208984375,18.999277114868164,16.044635772705078,15.857988357543945,16.284210205078125
20240428,16.734766006469727,,,,,,,,,16.21258544921875
20240429,16.15542984008789,18.013216018676758,17.449138641357422,,,,,,15.213756561279297,
20240430,15.204174995422363,17.155078887939453,16.76167869567871,,,17.92081069946289,18.194746017456055,15.077625274658203,14.089117050170898,
20240501,15.566035270690918,17.17457389831543,16.849506378173828,16.359193801879883,16.308692932128906,,17.593677520751953,14.883360862731934,14.798725128173828,16.021604537963867
20240502,,17.667476654052734,17.400352478027344,16.99323081970215,17.031400680541992,17.661100387573242,17.994461059570312,15.239904403686523,14.478559494018555,16.180652618408203
20240503,15.37727165222168,,,,,,,,16.29428482055664,16.08063507080078
20240504,16.00687599182129,16.485153198242188,16.256961822509766,15.787191390991211,15.75113582611084,16.54735565185547,16.936983108520508,14.703927040100098,,16.375581741333008
20240505,16.23114585876465,17.002431869506836,16.567668914794922,16.492433547973633,16.50171661376953,17.06802749633789,17.527000427246094,14.868563652038574,14.777145385742188,15.314998626708984
20240506,16.285301208496094,16.79254150390625,16.298372268676758,16.40907859802246,16.46280860900879,16.912609100341797,17.392915725708008,14.782312393188477,14.470948219299316,15.736879348754883
20240507,17.15487289428711,17.420230865478516,16.810691833496094,16.70772933959961,16.675477981567383,17.222667694091797,17.555442810058594,14.974761962890625,14.554473876953125,15.943596839904785
20240508,,,,,,,,,15.153434753417969,15.72888469696045
20240509,16.16371726989746,17.339488983154297,16.04372787475586,,,,,14.736183166503906,15.189899444580078,16.605810165405273
20240510,15.968246459960938,16.720813751220703,16.432857513427734,16.4196720123291,16.42801284790039,17.20323944091797,17.553089141845703,14.784497261047363,14.644201278686523,15.107205390930176
20240511,16.108810424804688,16.659954071044922,16.121505737304688,16.31214141845703,16.337425231933594,16.684885025024414,17.088531494140625,14.54059886932373,14.552851676940918,15.130939483642578
20240512,16.98863410949707,16.832799911499023,16.437681198120117,16.548398971557617,16.400074005126953,16.705415725708008,16.904403686523438,14.435298919677734,14.705240249633789,15.598431587219238
20240513,15.502165794372559,17.16588020324707,15.760624885559082,16.58234405517578,16.34408187866211,17.257322311401367,17.632522583007812,15.181658744812012,15.286684036254883,15.501270294189453
20240514,15.093537330627441,15.666304588317871,15.510824203491211,,,,,,,
20240515,,,,,,,,,14.214628219604492,15.312114715576172
20240516,16.177980422973633,,14.696090698242188,,,,,13.858588218688965,14.828466415405273,14.947416305541992
20240517,17.043060302734375,16.879281997680664,16.362863540649414,16.616840362548828,16.161781311035156,16.68796157836914,16.92632293701172,13.854731559753418,15.047760963439941,15.127779006958008
20240518,,17.400360107421875,16.785396575927734,,16.7631893157959,17.320152282714844,17.397733688354492,15.02591323852539,14.618112564086914,15.321611404418945
20240519,15.11404037475586,,,,,,,,,
20240520,14.838650703430176,15.88426685333252,15.679251670837402,,,,,14.492499351501465,,16.228103637695312
20240521,14.935050964355469,16.032705307006836,15.397686958312988,15.732878684997559,15.86754035949707,,,13.586864471435547,,14.76763916015625
20240522,14.728537559509277,15.93380355834961,15.074085235595703,15.51642894744873,15.524117469787598,15.920310974121094,16.30765151977539,13.738140106201172,14.185627937316895,15.161423683166504
20240523,,,15.287331581115723,,,15.120587348937988,,,14.184587478637695,14.023629188537598
20240524,,,15.154411315917969,,,,,,,14.536011695861816
20240525,16.412433624267578,16.28958511352539,15.706289291381836,,,,,,,14.879565238952637
20240526,16.37236976623535,15.953279495239258,15.953600883483887,15.381908416748047,15.123115539550781,16.213491439819336,16.542123794555664,14.515494346618652,15.034728050231934,14.679403305053711
20240527,16.298419952392578,15.836581230163574,15.664929389953613,15.268198013305664,14.968591690063477,15.8638916015625,16.25068473815918,14.35008430480957,15.022737503051758,15.138551712036133
20240528,17.429964065551758,16.090051651000977,16.091615676879883,15.485466957092285,15.095136642456055,16.157278060913086,16.336318969726562,14.538195610046387,15.181292533874512,15.267716407775879
20240529,16.647207260131836,16.491249084472656,15.618727684020996,15.959444046020508,,16.108680725097656,16.79534339904785,14.403470039367676,14.337031364440918,15.157195091247559
20240530,,,,,,,,,,14.976295471191406
20240531,15.808671951293945,15.446004867553711,15.564699172973633,14.883732795715332,14.671249389648438,15.316823959350586,15.75516128540039,13.7974271774292,14.142683982849121,
20240601,15.944242477416992,15.174450874328613,15.233808517456055,14.710673332214355,14.594191551208496,15.373424530029297,15.587587356567383,13.996485710144043,14.481404304504395,14.453392028808594
20240602,15.823009490966797,15.315629959106445,15.534284591674805,14.795198440551758,14.450702667236328,15.416485786437988,15.542025566101074,13.97374439239502,14.377304077148438,14.791933059692383
20240603,,,,,,,,13.374013900756836,13.875664710998535,14.444796562194824
20240604,16.656478881835938,,,,,,,,,14.583287239074707
20240605,14.991827011108398,14.744132041931152,14.856268882751465,,,,15.058507919311523,14.299345016479492,,12.863035202026367
20240606,15.482965469360352,14.650073051452637,14.65092945098877,,,,,13.333833694458008,14.214568138122559,14.201992988586426
20240607,15.455224990844727,14.570225715637207,15.017342567443848,,,,,13.862492561340332,14.329686164855957,14.541730880737305
20240608,14.70479679107666,14.953685760498047,,,,,,,,14.625920295715332
20240609,,,,,,,,,15.738532066345215,14.386913299560547
20240610,,,,,,,,,14.40989875793457,15.001579284667969
20240611,,,,,,,,,,
20240612,15.719697952270508,14.62276554107666,15.321916580200195,14.345293045043945,13.973379135131836,14.998456954956055,,13.894923210144043,13.756433486938477,14.226807594299316
20240613,,,,,,,,,,13.80179500579834
20240614,,,,,,,,,15.360105514526367,14.26646900177002
20240615,15.306844711303711,,,,,,,,,14.207715034484863
20240616,15.592191696166992,14.533905029296875,15.302444458007812,14.053667068481445,13.811250686645508,14.715422630310059,14.81295108795166,13.698107719421387,13.899152755737305,
20240617,15.786975860595703,14.484980583190918,14.888359069824219,,,15.142650604248047,14.987375259399414,13.718582153320312,13.970200538635254,13.754424095153809
20240618,,,,,,,,12.73749828338623,14.773843765258789,14.191774368286133
20240619,16.000333786010742,15.169412612915039,15.361276626586914,14.29512882232666,14.238723754882812,15.140002250671387,,14.314385414123535,14.997259140014648,14.312597274780273
20240620,14.731358528137207,,,,,,,,,14.446043014526367
20240621,14.955816268920898,13.727415084838867,14.694165229797363,,,14.076204299926758,14.300361633300781,13.506867408752441,,14.831098556518555
20240622,15.217398643493652,14.043680191040039,14.95041275024414,13.719846725463867,13.55141544342041,14.594561576843262,14.313307762145996,13.042769432067871,13.814443588256836,14.296801567077637
20240623,15.515921592712402,13.598135948181152,13.85878849029541,12.87214183807373,13.214753150939941,13.988934516906738,14.14209270477295,13.29517936706543,14.486309051513672,14.48914623260498
20240624,,13.918822288513184,15.752384185791016,13.670623779296875,13.375872611999512,14.65524959564209,14.358060836791992,13.28124713897705,14.538298606872559,12.265714645385742
20240625,,,13.322834014892578,,,,,13.604604721069336,14.618169784545898,13.85049819946289
20240626,15.124168395996094,13.558635711669922,14.311516761779785,,,,,,,14.440135955810547
20240627,,,,,,,,,,
20240628,,13.648954391479492,14.10057544708252,13.272093772888184,12.704458236694336,14.204292297363281,14.101370811462402,13.289603233337402,12.532470703125,13.610855102539062
20240629,,,,,,,,,,
20240630,,,14.602998733520508,,,,14.448974609375,13.794342994689941,13.570697784423828,13.769630432128906
20240701,14.911467552185059,,,,,,,,,14.462394714355469
20240702,14.850729942321777,12.826258659362793,14.097392082214355,12.672917366027832,,13.443465232849121,13.479813575744629,12.912717819213867,12.730023384094238,
20240703,14.304070472717285,12.926178932189941,13.675673484802246,12.510200500488281,12.287615776062012,13.49125862121582,13.515874862670898,12.69879150390625,13.92961597442627,13.036919593811035
20240704,14.970724105834961,12.888750076293945,13.524785995483398,12.410356521606445,12.037460327148438,13.584999084472656,13.410218238830566,13.048685073852539,14.254504203796387,13.702491760253906
20240705,,13.87216567993164,14.48819637298584,13.438872337341309,13.281999588012695,13.972981452941895,14.054624557495117,13.440717697143555,14.223916053771973,13.368073463439941
20240706,14.369928359985352,,,,,,,,14.83214282989502,12.558424949645996
20240707,13.338030815124512,,,,,,,13.808907508850098,,14.451192855834961
20240708,13.169591903686523,,,,,,,11.245124816894531,11.318790435791016,13.999177932739258
20240709,15.176264762878418,12.807464599609375,13.964849472045898,12.234999656677246,12.038765907287598,13.151155471801758,13.238192558288574,12.830327987670898,13.821383476257324,14.032771110534668
20240710,15.580450057983398,13.165606498718262,14.403059959411621,12.579999923706055,12.278385162353516,13.295483589172363,13.250955581665039,12.027779579162598,13.35726547241211,13.987798690795898
20240711,,,,,,,,,,
20240712,14.869607925415039,12.529647827148438,13.665321350097656,,,,,,,13.911493301391602
20240713,14.92187786102295,12.85608196258545,13.880572319030762,12.606945037841797,12.444025039672852,13.05710220336914,13.084425926208496,13.218928337097168,13.796059608459473,14.275520324707031
20240714,15.036059379577637,12.712577819824219,13.461398124694824,12.415862083435059,12.256203651428223,12.955204963684082,13.01732063293457,12.89210033416748,13.505575180053711,13.550232887268066
20240715,15.27515983581543,12.868510246276855,13.755632400512695,12.370965957641602,,12.960155487060547,12.898730278015137,12.846916198730469,13.850253105163574,13.535323143005371
20240716,,,,,,,,,,12.767548561096191
20240717,14.828095436096191,,,,,,,,,12.80980110168457
20240718,14.223136901855469,12.53157901763916,13.844905853271484,12.382915496826172,,,,12.248274803161621,12.4368896484375,
20240719,16.11543846130371,,,,,,,,,
20240720,15.092937469482422,12.254703521728516,13.51068115234375,11.868508338928223,11.419262886047363,12.518671989440918,,12.617921829223633,13.563161849975586,
20240721,,13.072325706481934,14.217631340026855,12.584062576293945,12.499821662902832,13.29253101348877,13.166342735290527,13.263721466064453,13.146734237670898,12.97653865814209
20240722,14.634861946105957,,,,,,,,,13.684700012207031
20240723,15.083741188049316,12.697942733764648,13.571436882019043,12.065256118774414,12.08238410949707,,12.72213363647461,14.162187576293945,,12.6773042678833
20240724,,,,,,,,,,13.231054306030273
20240725,14.885167121887207,12.527549743652344,13.825221061706543,,,,,14.108682632446289,12.867692947387695,
20240726,14.735981941223145,12.998495101928711,13.989988327026367,12.389349937438965,12.41364574432373,12.995397567749023,12.814123153686523,13.247132301330566,13.33402156829834,13.272603988647461
20240727,,,,,,,,,,12.241116523742676
20240728,14.331012725830078,12.27746295928955,13.23393726348877,,,,,,,13.544198989868164
20240729,13.64216423034668,12.648569107055664,13.084991455078125,12.19243049621582,11.915536880493164,12.685261726379395,12.639166831970215,13.222835540771484,13.338973045349121,13.356274604797363
20240730,14.993130683898926,12.450249671936035,13.479546546936035,12.05580997467041,11.85459041595459,12.68146800994873,12.717656135559082,12.66626262664795,13.006103515625,12.576081275939941
20240731,14.858024597167969,12.662079811096191,13.7650728225708,12.120665550231934,12.035843849182129,12.834333419799805,12.727499961853027,13.07359504699707,13.728265762329102,13.339242935180664
20240801,,,,,,,,13.285162925720215,13.909173011779785,13.207197189331055
20240802,,,,,,,,13.301724433898926,14.567752838134766,13.563194274902344
20240803,14.2661714553833,11.781974792480469,12.975714683532715,,,12.341263771057129,12.218999862670898,12.622159004211426,12.261703491210938,12.727744102478027
20240804,,,,,,,,,13.588640213012695,13.27413272857666
20240805,15.392715454101562,11.871861457824707,13.719599723815918,,,,,,12.698843955993652,
20240806,14.514368057250977,12.594488143920898,13.326947212219238,12.2095947265625,11.770809173583984,11.573663711547852,11.610806465148926,11.48379135131836,12.492362976074219,13.037145614624023
20240807,14.737737655639648,11.506834983825684,11.841500282287598,11.353822708129883,,,,12.465792655944824,13.761674880981445,11.950067520141602
20240808,14.834365844726562,12.832880020141602,13.07674503326416,,,12.797903060913086,,,,12.918135643005371
20240809,14.214903831481934,11.403602600097656,12.371346473693848,,,,11.190834999084473,11.674962043762207,13.259455680847168,13.364106178283691
20240810,14.876913070678711,12.57572078704834,13.374217987060547,12.0246000289917,11.852028846740723,12.379520416259766,12.329667091369629,12.865867614746094,13.697986602783203,13.61674976348877
20240811,15.328216552734375,13.146181106567383,14.055700302124023,12.636907577514648,12.486917495727539,12.936363220214844,12.83646297454834,13.126484870910645,13.58214282989502,13.315686225891113
20240812,,,,,,,,12.127275466918945,13.897967338562012,13.457720756530762
20240813,13.127031326293945,13.033173561096191,13.373802185058594,,,,,,,13.284910202026367
20240814,14.930736541748047,13.421601295471191,14.0178804397583,13.13172721862793,13.075067520141602,13.146828651428223,13.058184623718262,13.415721893310547,14.076764106750488,
20240815,14.609939575195312,13.698782920837402,13.749067306518555,13.227389335632324,13.486665725708008,13.102545738220215,,,,12.984450340270996
20240816,15.005064964294434,13.500798225402832,13.849035263061523,,,,,14.390579223632812,,
20240817,,,,,,13.886289596557617,13.598665237426758,14.03715991973877,13.591487884521484,13.369192123413086
20240818,14.296197891235352,,,,,,,,,12.966466903686523
20240819,,13.91170597076416,13.740689277648926,13.464471817016602,13.462027549743652,13.40855598449707,13.211905479431152,13.32663345336914,13.04340648651123,
20240820,14.39803695678711,13.589546203613281,,,,,,13.351755142211914,,
20240821,15.037993431091309,13.364492416381836,13.837079048156738,,,12.899843215942383,,13.028295516967773,13.429078102111816,13.47012996673584
20240822,,14.04118824005127,14.742600440979004,13.828207015991211,14.064811706542969,13.57371997833252,13.371849060058594,13.891034126281738,13.48057746887207,13.826608657836914
20240823,15.371535301208496,,,,,,,,,12.775066375732422
20240824,15.184029579162598,13.632447242736816,14.020650863647461,13.16175365447998,13.387266159057617,13.103193283081055,12.837812423706055,13.670647621154785,,13.672735214233398
20240825,15.140107154846191,15.145455360412598,14.620274543762207,14.216362953186035,,14.202836036682129,14.078999519348145,14.533287048339844,14.54916000366211,13.990299224853516
20240826,15.042990684509277,13.909794807434082,14.056647300720215,,13.733802795410156,,13.452418327331543,13.181673049926758,13.709477424621582,13.760659217834473
20240827,15.247715950012207,,15.506324768066406,,,,,,14.222549438476562,
20240828,,,,,,,,,14.388455390930176,13.822287559509277
20240829,15.093118667602539,13.600000381469727,13.948201179504395,,,,,,,12.063231468200684
20240830,15.251299858093262,,14.394062042236328,,,,,14.432036399841309,13.747299194335938,12.889616012573242
20240831,15.002763748168945,14.365097045898438,14.195577621459961,13.814199447631836,14.114407539367676,13.517642974853516,,13.781698226928711,13.508922576904297,13.00146484375
20240901,15.4559326171875,14.76400375366211,14.383872985839844,13.97351360321045,14.178202629089355,13.703420639038086,,13.807518005371094,14.241331100463867,13.370610237121582
20240902,,,,,,,,14.249483108520508,13.917247772216797,13.610660552978516
20240903,15.09218978881836,,,,,,,,,13.729799270629883
20240904,15.554849624633789,15.041337966918945,14.975852012634277,14.580068588256836,14.600146293640137,14.422602653503418,14.373589515686035,14.48875904083252,14.391995429992676,13.260661125183105
20240905,15.076926231384277,14.480521202087402,14.664265632629395,,,14.460954666137695,,14.444700241088867,13.907750129699707,
20240906,,,,,,,,,,
20240907,,15.411499977111816,14.780915260314941,14.420269012451172,14.461576461791992,14.30722713470459,14.20689582824707,14.406789779663086,14.052018165588379,13.397684097290039
20240908,15.135802268981934,,,,,,,,14.550263404846191,13.579066276550293
20240909,14.772375106811523,13.877565383911133,,,,,,,,14.220681190490723
20240910,14.588876724243164,14.646988868713379,13.839747428894043,13.866785049438477,,,13.412946701049805,,13.678765296936035,12.879912376403809
20240911,15.346866607666016,14.345065116882324,14.3549222946167,14.082785606384277,14.256904602050781,14.074663162231445,13.990079879760742,13.88663387298584,13.35708236694336,13.494738578796387
20240912,,,,,,,,,,
20240913,,,,,,,,,,
20240914,,,,,,,,,,
20240915,14.595876693725586,14.71456241607666,14.431568145751953,14.247271537780762,14.354926109313965,13.969221115112305,13.946951866149902,13.660436630249023,13.889744758605957,
20240917,15.711159706115723,14.561716079711914,14.36785888671875,13.892932891845703,13.965858459472656,13.844325065612793,13.823616981506348,13.77071475982666,,
20240918,,,,,,,,14.538973808288574,14.546844482421875,12.819025993347168
20240919,14.812943458557129,,,,,,,,,13.847061157226562
20240920,14.960123062133789,14.280899047851562,14.122188568115234,13.834229469299316,13.812154769897461,13.61422348022461,13.633383750915527,13.787479400634766,13.6504545211792,
20240922,15.35315990447998,14.84494686126709,14.417436599731445,,,13.975058555603027,,13.920769691467285,13.694174766540527,12.961674690246582
20240923,14.449166297912598,15.712458610534668,15.197486877441406,15.038806915283203,15.275434494018555,14.778169631958008,14.613037109375,14.565557479858398,13.783397674560547,13.296365737915039
20240924,,,,,,,,,,
20240925,14.801848411560059,14.521051406860352,14.440135955810547,,,,,,,
20240926,,,,,,,,,,
20240927,15.428967475891113,15.029033660888672,14.600388526916504,14.454797744750977,14.628808975219727,14.196656227111816,14.208207130432129,14.062602043151855,14.13357162475586,13.507315635681152
20240928,15.16903305053711,15.618175506591797,14.92318058013916,15.080657958984375,15.232754707336426,14.733323097229004,14.738515853881836,14.481136322021484,14.128077507019043,13.508934020996094
20240929,,,,,,,,,,
20240930,14.822793006896973,14.267041206359863,13.975899696350098,,,,,,,13.800847053527832
20241001,15.08202838897705,15.268478393554688,14.634952545166016,14.737348556518555,15.109572410583496,14.20920467376709,14.328492164611816,14.189236640930176,13.722524642944336,12.988659858703613
20241002,15.513944625854492,15.532258033752441,14.95433521270752,15.178512573242188,15.427926063537598,14.640920639038086,14.691451072692871,14.430880546569824,13.95654296875,13.568642616271973
20241003,15.344731330871582,16.117326736450195,15.178604125976562,15.738131523132324,15.96619701385498,15.004610061645508,15.034340858459473,14.676788330078125,14.330967903137207,13.73999309539795
20241004,,,,,,,,,,
20241005,,,,,,,,,,
20241007,15.568026542663574,16.186298370361328,15.225126266479492,15.75229263305664,16.417287826538086,15.00442123413086,14.824241638183594,,12.899516105651855,13.053528785705566
20241008,15.838573455810547,16.55158805847168,15.258456230163574,16.26091957092285,16.355819702148438,14.39273452758789,14.92807674407959,14.532965660095215,13.889183044433594,13.620588302612305
20241009,,,15.927903175354004,16.689577102661133,16.952167510986328,15.663033485412598,15.801910400390625,15.152788162231445,14.341323852539062,13.659408569335938
20241010,15.496049880981445,,,,,,,,15.331600189208984,14.314311981201172
20241011,15.098030090332031,,15.046487808227539,,,14.62399959564209,14.676071166992188,,,14.124155044555664
20241012,14.548548698425293,15.877367973327637,15.176143646240234,,15.63702392578125,15.138225555419922,15.327207565307617,14.781155586242676,13.9511137008667,
20241013,,,,,,,,13.90183162689209,13.81814956665039,14.08271598815918
20241014,16.592090606689453,17.0067195892334,16.195552825927734,16.74856948852539,,15.787433624267578,15.532326698303223,14.790948867797852,14.0211181640625,13.833540916442871
20241015,,,,,,,,,,13.819721221923828
20241016,15.632341384887695,15.730283737182617,16.391023635864258,,,,,,14.055802345275879,14.522890090942383
20241017,,17.50358772277832,17.10517120361328,18.000333786010742,18.481666564941406,16.571664810180664,17.187063217163086,16.192100524902344,15.466780662536621,13.769357681274414
20241018,,,,,,,,,,
20241019,16.483566284179688,17.530858993530273,16.148632049560547,17.249189376831055,16.892902374267578,15.872415542602539,15.695189476013184,15.126733779907227,14.490487098693848,13.522673606872559
20241020,16.013702392578125,,16.46535301208496,,,,,15.963102340698242,15.251058578491211,13.751700401306152
20241021,16.406688690185547,,,,,15.244029998779297,,15.241630554199219,,14.94166374206543
20241022,16.397451400756836,19.406471252441406,16.565155029296875,18.321762084960938,18.501176834106445,16.808671951293945,17.60954475402832,16.003742218017578,14.776432991027832,14.78872013092041
20241023,15.674254417419434,,,,,,,,,
20241024,16.592973709106445,17.909570693969727,16.21034812927246,17.704998016357422,17.555713653564453,15.7863130569458,16.23326873779297,15.24771785736084,14.371572494506836,14.140727043151855
20241025,,18.925216674804688,16.939167022705078,,,16.492219924926758,16.475324630737305,15.192501068115234,14.31584358215332,13.839428901672363
20241026,16.80242347717285,,,,,,,14.975085258483887,15.132905006408691,14.438977241516113
20241027,16.201765060424805,18.504682540893555,16.286392211914062,17.87162208557129,,16.362804412841797,16.41716957092285,15.495180130004883,,
20241028,16.553722381591797,18.630300521850586,16.239965438842773,,,,,15.43593692779541,14.450490951538086,13.885547637939453
20241029,16.584991455078125,18.095020294189453,16.497455596923828,17.969331741333008,17.999141693115234,16.443016052246094,16.56073760986328,15.682960510253906,15.324872970581055,14.962656021118164
20241030,17.36162567138672,18.868589401245117,17.264141082763672,18.56785774230957,18.57952117919922,16.945222854614258,16.988054275512695,16.07186508178711,15.652924537658691,
20241031,,,,,,,,,14.421917915344238,13.415493965148926
20241101,16.717058181762695,17.859081268310547,16.53995704650879,,,,,,,
20241102,15.895505905151367,19.32488250732422,,,18.519081115722656,,16.815624237060547,15.796753883361816,14.088190078735352,14.021563529968262
20241103,,,,,,,,,,
20241104,,,,,,,,,,
20241105,,,,,,,,,,
20241106,,,,,,,,,,
20241107,,,,,,,,,,
20241108,,,,,,,,,,
20241109,,,,,,,,,,
20241110,,,,,,,,,,
20241111,,,,,,,,,,
20241112,,,,,,,,,,
20241113,,,,,,,,,,
20241114,,,,,,,,,,
20241115,,,,,,,,,,
20241116,,,,,,,,,,
20241117,,,,,,,,,,
20241118,,,,,,,,,,
20241119,,,,,,,,,,
20241120,17.60830307006836,19.804988861083984,17.833192825317383,19.247173309326172,19.199642181396484,17.729108810424805,17.93988037109375,16.626813888549805,15.899136543273926,
20241121,17.016435623168945,20.665145874023438,17.918167114257812,,20.396209716796875,18.401683807373047,18.706945419311523,16.83637046813965,15.475016593933105,14.967434883117676
20241122,18.15281867980957,,,,,,,17.226398468017578,15.282709121704102,15.944336891174316
20241123,,,,,,,,,,
20241124,,,16.22879981994629,,,,,,,
20241125,17.979703903198242,,17.24098014831543,,,,,,,
20241126,17.100000381469727,21.115657806396484,19.09402847290039,,,18.66507339477539,19.33096694946289,17.83062744140625,16.21508026123047,15.844551086425781
20241127,17.339550018310547,,,,,,,,18.4848575592041,
20241128,17.260623931884766,,,,,,,,,16.947301864624023
20241129,17.21642303466797,20.84502410888672,,,,17.32416534423828,18.5964412689209,16.78339385986328,15.931346893310547,15.540695190429688
20241130,17.422645568847656,21.116214752197266,16.85420799255371,,,,,,,14.641470909118652
20241201,17.96036148071289,20.85478973388672,18.594829559326172,20.331562042236328,,18.843669891357422,,17.48313331604004,,15.826366424560547
20241202,17.580331802368164,,17.834760665893555,,,,,19.150976181030273,16.909992218017578,16.345539093017578
20241203,17.878087997436523,20.329837799072266,18.763761520385742,,,,,,,
20241204,17.985820770263672,20.964576721191406,18.587364196777344,20.944202423095703,21.30643653869629,19.046422958374023,19.79727554321289,17.954721450805664,16.125062942504883,14.852086067199707
20241205,18.724197387695312,21.711544036865234,19.289268493652344,21.448999404907227,21.79901123046875,19.684860229492188,20.300039291381836,18.753002166748047,17.196996688842773,16.471532821655273
20241206,,,,,,,,,,17.86148452758789
20241207,,,,,24.312273025512695,,,,17.661466598510742,18.94609832763672
20241208,18.256624221801758,,,,,,,,,16.98480224609375
20241209,17.895511627197266,,,,,,,,,
20241210,18.240530014038086,21.421234130859375,18.970869064331055,21.597368240356445,21.80157470703125,19.473634719848633,20.04108428955078,19.003772735595703,,15.775203704833984
20241211,18.802827835083008,21.856821060180664,19.167438507080078,20.84734344482422,21.370967864990234,19.506147384643555,20.008861541748047,,16.657405853271484,17.75244140625
20241212,,22.57701301574707,20.268550872802734,21.92524528503418,22.166301727294922,20.06419563293457,20.39689826965332,19.657499313354492,,14.231139183044434
20241213,18.192668914794922,,,,,,,,16.8404541015625,15.8735933303833
20241214,18.271644592285156,21.030622482299805,19.518381118774414,21.13206672668457,21.28491973876953,19.667924880981445,19.87230110168457,18.543882369995117,,16.658254623413086
20241215,18.653972625732422,22.256568908691406,19.648258209228516,22.038000106811523,22.346269607543945,20.305171966552734,20.57642936706543,19.254600524902344,17.330270767211914,16.025259017944336
20241216,21.3769474029541,23.625795364379883,20.271392822265625,,,,,20.661178588867188,19.057144165039062,18.826324462890625
20241217,19.455158233642578,22.690799713134766,20.15355682373047,22.484737396240234,22.751264572143555,20.489471435546875,20.781230926513672,19.396772384643555,17.368459701538086,16.49180030822754
20241218,,,,,,,,,17.76215362548828,16.48906898498535
20241219,18.864614486694336,21.32394027709961,19.246973037719727,,,,,,,17.910486221313477
20241220,19.303186416625977,22.450956344604492,20.402101516723633,22.511316299438477,22.6395206451416,20.914194107055664,21.087308883666992,19.769941329956055,17.947919845581055,16.574167251586914
20241221,18.57723045349121,22.247562408447266,19.86412239074707,,,,,,17.239818572998047,16.570161819458008
20241222,18.89368438720703,22.502832412719727,20.404346466064453,,22.086809158325195,20.548383712768555,20.627334594726562,18.669946670532227,17.094022750854492,17.82666778564453
20241223,,22.2283878326416,,,,,,19.360366821289062,17.581052780151367,16.611650466918945
20241224,18.422929763793945,,,,,,,,,
20241225,19.286548614501953,22.282676696777344,20.47734832763672,22.068843841552734,21.877771377563477,20.926834106445312,20.91362190246582,19.32303810119629,17.355741500854492,
20241226,19.458539962768555,,21.749454498291016,,,,,20.356800079345703,18.154796600341797,18.93941307067871
20241227,18.95392417907715,21.785804748535156,19.537851333618164,21.24974250793457,20.983707427978516,20.048080444335938,20.29807472229004,18.660432815551758,16.802989959716797,16.575782775878906
20241228,19.486854553222656,,20.229448318481445,21.65281105041504,21.774063110351562,20.486621856689453,20.89646339416504,19.082433700561523,16.17951202392578,16.978734970092773
20241229,18.677204132080078,,,,,,,,17.831884384155273,17.0745906829834
20241230,18.811676025390625,21.689857482910156,19.41777229309082,21.095651626586914,21.04267692565918,19.89496612548828,20.150121688842773,18.033281326293945,16.63235092163086,17.514142990112305
20241231,19.434043884277344,22.240978240966797,20.148799896240234,21.856666564941406,21.835773468017578,20.675846099853516,20.804704666137695,19.1816349029541,17.227787017822266,16.13970947265625
20250101,19.496854782104492,22.271896362304688,19.859233856201172,21.798810958862305,21.845855712890625,20.449443817138672,20.67537498474121,19.303762435913086,17.67866325378418,17.570980072021484
20250102,19.6825008392334,22.68446159362793,20.46452522277832,,21.90326499938965,20.398483276367188,20.895082473754883,19.249298095703125,17.461286544799805,17.090856552124023
20250103,,,,,,,,,18.006975173950195,17.33331871032715
20250104,,22.40986442565918,21.343544006347656,,,,,,18.256093978881836,18.2759952545166
20250105,19.735666275024414,23.464078903198242,21.2335205078125,23.080886840820312,,22.40222930908203,22.21722984313965,20.606966018676758,18.464458465576172,17.812637329101562
20250106,18.9755859375,,18.49591827392578,,,,,,,
20250107,19.31098175048828,22.21452522277832,20.14331817626953,21.59947395324707,21.503786087036133,20.549604415893555,20.7094783782959,18.995290756225586,17.45914649963379,17.109600067138672
20250108,,,,,,,21.43889617919922,19.708101272583008,17.853071212768555,17.514734268188477
20250109,19.85210418701172,,,,,,,,,17.2325382232666
20250110,19.710721969604492,23.021352767944336,20.98328399658203,22.436067581176758,22.4138126373291,21.23525047302246,21.455039978027344,19.523296356201172,17.54762077331543,
20250111,19.17490005493164,22.968687057495117,21.147268295288086,22.49639892578125,22.69573211669922,21.262908935546875,21.650697708129883,19.737852096557617,18.227649688720703,18.601409912109375
20250112,20.23499298095703,23.34345817565918,21.464378356933594,,,,,,,19.53982162475586
20250113,,,22.185998916625977,23.542308807373047,23.812122344970703,22.096820831298828,22.377422332763672,20.23980712890625,18.686328887939453,18.451738357543945
20250114,19.478944778442383,,,,,,,,,
20250115,19.576236724853516,,20.050140380859375,,,,,,,19.961090087890625
20250116,19.303102493286133,23.389562606811523,20.075429916381836,23.246599197387695,,21.25123405456543,,20.012924194335938,18.339223861694336,17.83793067932129
20250117,19.714536666870117,22.721633911132812,20.37574577331543,,,20.444650650024414,21.41241455078125,19.46610450744629,18.043777465820312,18.131759643554688
20250118,20.805856704711914,23.50821876525879,21.570945739746094,23.140329360961914,23.127567291259766,21.748693466186523,22.090160369873047,20.32932472229004,18.389453887939453,18.184980392456055
20250119,20.97662925720215,,21.660053253173828,,,,,20.837793350219727,19.066463470458984,18.364206314086914
20250120,20.84788703918457,23.504486083984375,,,,,,19.89740753173828,,19.976045608520508
20250121,19.874053955078125,24.126113891601562,21.47191047668457,23.619426727294922,24.11678123474121,21.66254425048828,22.493467330932617,20.25640106201172,18.696407318115234,
20250122,19.93531608581543,23.590551376342773,21.2396183013916,23.587697982788086,23.720455169677734,21.618619918823242,22.48908233642578,21.099061965942383,18.20253562927246,18.426069259643555
20250123,,,,,,,,,,
20250124,,,,,,,,,,
20250125,20.775489807128906,,,,,,,,,18.515592575073242
20250126,21.745952606201172,24.219928741455078,22.791271209716797,23.469730377197266,23.3801326751709,22.47519302368164,22.548297882080078,20.354528427124023,,20.346704483032227
20250127,20.592618942260742,24.169538497924805,22.089502334594727,24.038482666015625,23.91265106201172,22.44139289855957,23.068832397460938,21.150257110595703,19.342796325683594,19.20792579650879
20250128,20.38248062133789,23.756975173950195,20.6071834564209,,,,,19.857250213623047,18.01300621032715,18.241836547851562
20250129,,24.0299015045166,22.05715560913086,,23.128307342529297,22.18122673034668,22.48695945739746,20.5091495513916,18.524803161621094,17.809192657470703
20250130,,,,,,,,,,
20250131,19.75984001159668,22.2831974029541,20.82021141052246,21.7442569732666,21.597909927368164,21.040603637695312,21.521217346191406,20.06843376159668,,19.03895378112793
20250201,19.779605865478516,22.826356887817383,21.041637420654297,22.058334350585938,21.98333168029785,21.346582412719727,21.80299949645996,19.807687759399414,18.41000747680664,18.267353057861328
20250202,20.559865951538086,23.392593383789062,21.247394561767578,22.869327545166016,22.918733596801758,22.21396255493164,22.499252319335938,20.404176712036133,18.87723159790039,19.074031829833984
20250203,21.39588165283203,24.176307678222656,22.25836753845215,23.54768180847168,23.704166412353516,22.34480094909668,22.771141052246094,21.06880760192871,,18.5939998626709
20250204,,,,,,,,,20.175434112548828,19.639097213745117
20250205,19.45074462890625,22.16266632080078,20.39689064025879,,,,,,,19.12135887145996
20250206,19.849105834960938,23.46653175354004,21.29953956604004,22.980201721191406,23.196338653564453,21.80605697631836,22.435739517211914,20.06421661376953,17.62222671508789,
20250207,19.82970428466797,23.98474884033203,20.994205474853516,23.352975845336914,23.621030807495117,21.64209747314453,22.646808624267578,19.84902572631836,18.728572845458984,19.249574661254883
20250208,19.80190086364746,23.675508499145508,21.01691246032715,22.945938110351562,22.964515686035156,21.61417579650879,22.214279174804688,19.690637588500977,17.742013931274414,
20250209,,,22.19014549255371,,,22.00493812561035,22.28986930847168,19.419824600219727,,17.925167083740234
20250210,19.140785217285156,,,,,,,,,18.44816017150879
20250211,20.325668334960938,24.053966522216797,22.097496032714844,23.273649215698242,23.710674285888672,22.412763595581055,23.017593383789062,20.357439041137695,18.76413345336914,21.35912322998047
20250212,20.905244827270508,24.75519561767578,23.012800216674805,23.992826461791992,24.35931396484375,23.134302139282227,23.604360580444336,21.01502799987793,19.031198501586914,18.544483184814453
20250213,20.985931396484375,,,,,,,20.6063175201416,18.153165817260742,19.300716400146484
20250214,19.743078231811523,,22.297649383544922,,,22.132551193237305,22.4458065032959,20.25467872619629,18.325780868530273,18.449848175048828
20250215,19.869552612304688,,,,,,,,,19.027387619018555
20250216,18.992691040039062,23.535221099853516,21.074398040771484,,,,,20.53693389892578,,19.229036331176758
20250217,19.94236183166504,23.008970260620117,21.26543617248535,22.01693344116211,22.395416259765625,21.789304733276367,22.243938446044922,19.621917724609375,17.553977966308594,16.956506729125977
20250218,20.184127807617188,,20.97034454345703,22.039997100830078,22.439340591430664,21.49393081665039,22.137052536010742,19.266990661621094,17.65570068359375,17.776721954345703
20250219,20.321584701538086,22.94585418701172,22.032018661499023,,22.062654495239258,,,18.874303817749023,18.051759719848633,
20250220,,,,,,,,19.23223304748535,,17.54776382446289
20250221,19.5075740814209,21.91583251953125,20.46124839782715,,,,,,,18.6641845703125
20250222,20.009639739990234,23.246675491333008,21.659038543701172,,,22.56744384765625,22.41607093811035,20.28807830810547,18.216562271118164,18.20697784423828
20250223,19.11115074157715,22.08819007873535,20.175111770629883,21.556793212890625,,20.920900344848633,21.375831604003906,19.022968292236328,17.578855514526367,
20250224,19.598899841308594,22.36004066467285,21.12323570251465,21.6375675201416,,21.009798049926758,21.45711326599121,18.933666229248047,17.20271110534668,18.329193115234375
20250225,,23.20359230041504,21.52744483947754,22.534997940063477,22.6358642578125,21.872652053833008,22.379680633544922,20.029865264892578,18.00212860107422,18.007505416870117
20250226,20.40379524230957,,,,,,,20.37210464477539,18.51653289794922,18.77642822265625
20250227,19.698904037475586,23.224313735961914,21.809621810913086,22.703582763671875,22.293331146240234,,,,,
20250228,20.339374542236328,,,,,,,18.77243423461914,18.326141357421875,17.306276321411133
20250301,19.528039932250977,23.075607299804688,21.001571655273438,22.64171028137207,23.016080856323242,21.55182456970215,22.03223419189453,19.711484909057617,18.197307586669922,18.243698120117188
20250302,,23.522645950317383,22.033994674682617,,23.04045295715332,22.14362144470215,22.464866638183594,21.171695709228516,,
20250303,19.68084716796875,,,,,,,,,
20250304,,,,,,,,,,
20250305,,,,,,,,,,
20250306,20.09575080871582,,19.18384552001953,,,,,,,
20250307,,,,,,,,,,
20250308,,,,,,,,,,
20250309,,,,,,,,,,
20250310,,,,,,,,,,
20250311,,,,,,,,,,
20250312,,,,,,,,,,
20250314,,,,,,,,,,
20250315,,,,,,,,,,
20250316,,,,,,,,,,
20250317,,,,,,,,,,
20250318,,,,,,,,,,
20250319,,,,,,,,,,
20250320,,,,,,,,,,
20250321,,,,,,,,,,
20250322,,,,,,,,,,
20250323,19.236888885498047,21.754629135131836,21.019895553588867,21.032684326171875,21.289852142333984,20.9936580657959,21.36122703552246,18.664045333862305,17.33306121826172,17.8416805267334
20250324,19.27398681640625,,20.386667251586914,21.6452693939209,,21.19062042236328,21.629865646362305,19.011035919189453,17.9256649017334,17.835285186767578
20250325,19.08839988708496,22.037153244018555,20.27643585205078,21.542598724365234,21.76067352294922,20.99797248840332,21.539670944213867,19.07201385498047,18.005210876464844,18.181447982788086
20250326,19.24273109436035,22.047134399414062,20.585153579711914,21.45512580871582,21.580398559570312,20.93172264099121,21.299436569213867,18.687063217163086,17.30837059020996,17.731075286865234
20250327,19.538827896118164,21.993831634521484,20.585248947143555,21.505664825439453,21.815134048461914,20.902156829833984,21.49309730529785,18.91986083984375,17.20234489440918,
20250328,19.402151107788086,22.03135871887207,20.691274642944336,21.540449142456055,21.97020721435547,21.084915161132812,21.545196533203125,18.96940040588379,17.49457359313965,18.423675537109375
20250329,19.376317977905273,22.172119140625,20.799671173095703,,,,,18.790163040161133,17.545368194580078,18.453310012817383
20250330,18.716976165771484,,,,,,,,,
20250331,18.114498138427734,21.05416488647461,19.48061752319336,20.26448631286621,20.52687644958496,20.1200008392334,20.81731414794922,18.078922271728516,15.665923118591309,17.29401206970215
20250401,18.643836975097656,21.549251556396484,19.843963623046875,20.4523983001709,20.84392547607422,20.27572250366211,20.88454818725586,18.152883529663086,15.990314483642578,17.346904754638672
20250402,18.939678192138672,21.442649841308594,20.038236618041992,20.467971801757812,20.633548736572266,20.318464279174805,20.815576553344727,18.103666305541992,16.418025970458984,17.088809967041016
20250403,,,,,,,,,,
20250404,,,,,,,,,,
20250405,,,,,,,,,,
20250406,,,,,,,,,,
20250407,,,,,,,,,,
20250408,,,,,,,,,,
20250409,,,,,,,,,,
20250410,,,,,,,,,,
20250411,18.443187713623047,,19.01207733154297,,,19.428592681884766,,17.809200286865234,16.48957061767578,16.45687484741211
20250412,,,,,,,,,,
20250413,,,,,,,,,,
20250414,,,,,,,,,,
20250415,,,,,,,,,,
20250416,19.08951759338379,,,,,,,17.939603805541992,17.630508422851562,
20250417,,,,,,,,,,
20250418,,,,,,,,,,
20250419,,,,,,,,,,
20250420,18.938528060913086,20.815637588500977,,20.419090270996094,,,20.42444610595703,18.45396614074707,17.178495407104492,16.860639572143555
20250421,18.011951446533203,,19.71749496459961,,,,,,,16.97277069091797
20250422,,,,,,,,,16.803037643432617,16.56790542602539
20250423,18.991683959960938,19.946046829223633,19.48430633544922,19.164875030517578,19.153099060058594,,19.775522232055664,17.545669555664062,17.089935302734375,16.900907516479492
20250424,18.886184692382812,19.823766708374023,19.153898239135742,19.209121704101562,19.193069458007812,19.60202980041504,19.997766494750977,18.160655975341797,17.29109764099121,16.972991943359375
20250425,,,,,,,,,16.781339645385742,15.751487731933594
20250426,,,,,,,,,15.288331985473633,
20250427,18.52138328552246,,,,,,,,,16.996339797973633
20250428,16.921754837036133,,,,,,,,,15.010000228881836
20250429,18.122299194335938,,,,,,,,16.906095504760742,
20250430,18.645631790161133,19.277830123901367,18.693815231323242,18.683673858642578,18.584583282470703,,,17.08644676208496,17.151674270629883,16.69406509399414
20250501,18.42327880859375,19.21381378173828,18.847095489501953,18.47957420349121,18.255300521850586,19.204998016357422,19.16644287109375,17.214567184448242,16.839523315429688,16.93246078491211
20250502,18.8022518157959,18.981155395507812,18.649188995361328,18.22357940673828,17.988969802856445,18.8931827545166,19.223554611206055,17.566884994506836,17.05486488342285,16.77617073059082
20250503,18.16117286682129,17.820024490356445,17.348331451416016,17.22071647644043,17.87206268310547,18.637500762939453,19.114789962768555,16.647632598876953,,15.725077629089355
20250504,,,,,,,,,,
20250505,18.543764114379883,19.088130950927734,18.966636657714844,18.402647018432617,18.562206268310547,18.99471664428711,19.163131713867188,18.001346588134766,17.2884464263916,16.900907516479492
20250506,18.40606689453125,,,,,,,,,
20250507,18.27907943725586,18.442951202392578,18.151926040649414,,,18.33246612548828,18.601272583007812,17.44607925415039,16.770336151123047,16.661453247070312
20250508,,,,,,,,,,
20250509,18.589052200317383,18.577421188354492,18.585023880004883,17.872865676879883,17.71584701538086,,,16.876174926757812,16.411081314086914,
20250510,,,,,,,,,,
20250511,,,,,,,,,,
20250512,,,,,,,,,,
20250513,,,,,,,,,,
20250514,,,,,,,,,,
20250515,,,,,,,,,,
20250516,,,,,,,,,,
20250517,,,,,,,,,,
20250518,,,,,,,,,,
20250519,,,,,,,,,,
20250520,,,,,,,,,,
20250521,,,,,,,,,,
20250522,,,,,,,,,,
20250523,,,,,,,,,,
20250524,,,,,,,,,,
20250525,,,,,,,,,,
20250526,17.246244430541992,16.57859230041504,17.141704559326172,,,,,15.480417251586914,,15.809849739074707
20250528,17.96759796142578,,,,,,,,,
20250529,,,,,,,,,15.93813419342041,15.777437210083008
20250530,17.66616439819336,15.963748931884766,16.997325897216797,15.405465126037598,15.016026496887207,16.621761322021484,16.74995994567871,15.804858207702637,15.186664581298828,
20250531,17.823871612548828,16.171323776245117,17.009065628051758,15.377666473388672,15.043355941772461,16.51348304748535,16.611186981201172,15.6300630569458,15.567283630371094,15.336211204528809
20250601,17.600189208984375,15.556831359863281,17.138153076171875,15.46109390258789,,16.472999572753906,16.347553253173828,16.457658767700195,16.949838638305664,16.13686180114746
20250602,,,,,,,,,15.356612205505371,14.176277160644531
20250603,17.28376007080078,15.227725982666016,16.01988983154297,14.654862403869629,14.856249809265137,15.58031940460205,16.028076171875,,,
20250604,16.997041702270508,15.670099258422852,16.56060028076172,14.864180564880371,14.662812232971191,16.15567970275879,15.846027374267578,16.292613983154297,16.100927352905273,15.500234603881836
20250605,,,,,,,,15.140591621398926,16.300580978393555,14.854268074035645
20250606,16.941436767578125,,,,,,,,,
20250607,,14.67324161529541,,,,,,,15.193835258483887,
20250608,,,16.097307205200195,,,15.305397987365723,15.410383224487305,15.288627624511719,,
20250609,16.498804092407227,,,,,,,14.252142906188965,14.84142780303955,
20250610,17.00503921508789,14.009095191955566,15.49360466003418,13.86629867553711,,,,15.097345352172852,15.998117446899414,14.980602264404297
20250611,16.7646541595459,13.66589069366455,14.964299201965332,,,,,14.645442962646484,16.14891242980957,15.497241973876953
20250612,15.272056579589844,,14.741555213928223,13.718408584594727,13.606738090515137,14.903375625610352,14.869638442993164,14.57369613647461,15.42159366607666,14.721569061279297
20250613,15.596016883850098,13.822318077087402,14.727724075317383,13.725322723388672,,,,14.696989059448242,15.985289573669434,15.215059280395508
20250614,,12.737071990966797,13.989386558532715,,,,,13.53176498413086,14.862627983093262,15.025317192077637
20250615,16.227699279785156,13.631402969360352,15.1575927734375,13.508939743041992,13.160744667053223,14.499114990234375,14.583455085754395,14.809176445007324,,13.5332612991333
20250616,16.58283233642578,13.81860065460205,15.233328819274902,13.612244606018066,,14.643476486206055,14.519026756286621,15.31326961517334,15.03724479675293,
20250617,16.57413101196289,,14.81556510925293,13.524300575256348,,,,14.321401596069336,15.0413818359375,15.36323356628418
20250618,15.74609661102295,13.53166675567627,14.915708541870117,,,14.706390380859375,,15.169281959533691,16.276954650878906,14.385741233825684
20250619,15.43506908416748,,,,,,,,,12.985512733459473
20250620,16.413026809692383,13.693857192993164,15.416542053222656,13.43301773071289,13.72281265258789,13.946179389953613,14.291531562805176,15.14197063446045,15.210786819458008,14.15023136138916
20250621,17.173986434936523,13.755160331726074,15.514663696289062,13.307762145996094,13.068716049194336,14.517121315002441,14.457643508911133,15.201568603515625,16.021108627319336,13.46474838256836
20250622,17.07146453857422,13.775666236877441,15.81480598449707,,,14.599015235900879,14.473957061767578,15.310432434082031,16.336557388305664,15.109930038452148
20250623,15.38174819946289,13.658644676208496,14.398992538452148,13.169519424438477,13.137128829956055,14.221427917480469,14.346540451049805,14.352314949035645,15.849891662597656,14.81629753112793
20250624,,13.185826301574707,,,,,,,,14.589587211608887
20250625,15.918736457824707,,,,,,,,,
20250626,15.970545768737793,,14.904420852661133,,,,,14.400794982910156,,
20250627,15.464737892150879,13.382981300354004,14.866291046142578,13.16434097290039,,,,14.716324806213379,14.287567138671875,14.274288177490234
20250628,16.064769744873047,12.998103141784668,15.309481620788574,,,,,14.144444465637207,14.734999656677246,14.682567596435547
20250629,16.026926040649414,12.652724266052246,14.472537994384766,,,,,,,13.605236053466797
20250630,15.207720756530762,12.500791549682617,14.081314086914062,12.810487747192383,12.665444374084473,13.297250747680664,13.047819137573242,,,13.883749008178711
20250701,15.814523696899414,13.065943717956543,14.212335586547852,12.6910400390625,12.802557945251465,13.688033103942871,13.32441234588623,14.757180213928223,,
20250702,16.390228271484375,13.07798957824707,14.284093856811523,12.602499008178711,12.756488800048828,13.631793022155762,13.367914199829102,13.450325965881348,,13.403631210327148
20250703,,,,,,,,,,
20250704,14.927353858947754,,,,,,,,,
20250705,,,,,,,,,,
20250706,15.78486442565918,,14.457269668579102,,,13.228428840637207,,13.87258243560791,13.848770141601562,
20250707,,,,,,,,,,
20250708,,,,,,,,,,
20250709,14.99410343170166,,,,,,,,,
20250710,,,,,,,,,,
20250711,,,,,,,,,,
20250712,,,,,,,,,,
20250713,,,,,,,,,,
20250714,,,,,,,,,,
20250715,,,,,,,,,,
20250716,,,,,,,,,,
20250717,,,,,,,,,,
20250718,,,,,,,,,,
20250719,,,,,,,,,,
20250720,,,,,,,,,,
20250721,,,,,,,,,,
20250722,,,,,,,,,,
20250723,,,,,,,,,,
20250724,,,,,,,,,,
20250725,,,,,,,,,,
20250726,,,,,,,,,,
20250727,,,,,,,,,,
20250728,15.181854248046875,11.870745658874512,13.38791275024414,,,,,13.05453109741211,,10.79517936706543
20250729,15.255328178405762,,,,,,,,14.343125343322754,13.857562065124512
20250730,14.45024299621582,12.10766887664795,13.222808837890625,11.730270385742188,11.622387886047363,12.310553550720215,12.292970657348633,13.365392684936523,14.198921203613281,13.944599151611328
20250731,13.844406127929688,11.746894836425781,12.605779647827148,11.928227424621582,11.624608993530273,12.632731437683105,12.440139770507812,13.5287446975708,14.156760215759277,13.764164924621582
20250801,14.785706520080566,11.678658485412598,13.237384796142578,11.708307266235352,11.546250343322754,12.582612037658691,12.351923942565918,13.4545259475708,13.838648796081543,13.656209945678711
20250802,14.94093132019043,11.998794555664062,13.306654930114746,,,12.636199951171875,,13.26341724395752,13.75403118133545,10.137811660766602
20250803,14.000027656555176,10.27400016784668,,,,,,13.623754501342773,13.540809631347656,13.153321266174316
20250804,,,,,,,,,,13.254048347473145
20250805,14.700568199157715,11.802179336547852,13.205610275268555,,11.584853172302246,12.493613243103027,12.257607460021973,13.461118698120117,13.339714050292969,14.074911117553711
20250806,14.631410598754883,11.695229530334473,12.556400299072266,11.531771659851074,11.397530555725098,12.08896255493164,11.970196723937988,12.753108024597168,14.123308181762695,12.944991111755371
20250807,14.035480499267578,11.76147747039795,13.153077125549316,,11.813273429870605,12.109577178955078,12.08193302154541,12.834375381469727,11.5907564163208,13.874374389648438
20250808,,,,,,,,,,
20250809,14.898653984069824,12.005784034729004,13.028236389160156,11.858378410339355,11.824075698852539,12.572870254516602,12.269712448120117,13.770284652709961,14.509166717529297,11.831445693969727
20250810,15.204564094543457,11.914490699768066,13.129743576049805,,,,,,,13.984148979187012
20250811,,,,,,,,,,
20250812,,,,,,,,,,
20250813,,,,,,,,,,
20250814,15.36512565612793,12.861906051635742,14.075506210327148,12.681381225585938,13.02683162689209,13.281983375549316,13.060976028442383,14.036114692687988,14.276638984680176,13.57086181640625
20250815,,,,,,,,,,
20250816,,,,,,,,,,
20250817,14.738945007324219,,12.785186767578125,,,,,13.252429008483887,,12.238628387451172
20250819,14.648482322692871,12.785578727722168,13.783482551574707,12.665921211242676,12.595072746276855,12.901277542114258,12.682600975036621,13.065452575683594,12.664247512817383,13.434642791748047
20250820,,,,,,,,,,
20250821,,13.057188034057617,12.903894424438477,12.897602081298828,12.802130699157715,13.070085525512695,13.014302253723145,13.837965965270996,13.641602516174316,13.895401954650879
20250822,15.299738883972168,,,,,,,,,12.763386726379395
20250823,14.843611717224121,12.708854675292969,13.279929161071777,12.695591926574707,12.645773887634277,12.929159164428711,12.792499542236328,13.414223670959473,13.588356018066406,13.327715873718262
20250824,,,,,,,,,,
20250825,,,12.433066368103027,,,,,,,12.847322463989258
20250826,14.929776191711426,,,,,12.917081832885742,,13.333605766296387,14.120624542236328,13.934779167175293
20250827,14.510493278503418,13.031172752380371,12.882973670959473,,,,,,,13.717689514160156
20250828,14.681661605834961,12.855058670043945,12.899797439575195,,,,,12.38292121887207,,
20250829,14.842689514160156,12.794803619384766,13.679569244384766,,,,,13.251250267028809,12.34394359588623,11.256169319152832
20250830,14.562758445739746,12.526631355285645,13.354331016540527,12.411190032958984,,12.66815185546875,12.51772689819336,13.394487380981445,13.427621841430664,13.476137161254883
20250831,13.833335876464844,12.434341430664062,12.993922233581543,12.239477157592773,12.05964183807373,12.42543888092041,12.320388793945312,13.192710876464844,13.628951072692871,13.379900932312012
20250901,13.294883728027344,12.17158031463623,11.656858444213867,,,11.108779907226562,11.339146614074707,11.683289527893066,12.413277626037598,12.902620315551758
20250902,14.561031341552734,12.868709564208984,13.310994148254395,12.405674934387207,12.359066009521484,12.687849044799805,12.206438064575195,12.806879043579102,13.310112953186035,13.1791353225708
20250903,14.538779258728027,13.146900177001953,13.261947631835938,12.614592552185059,12.935090065002441,11.587855339050293,11.988776206970215,13.566139221191406,13.888952255249023,13.621251106262207
20250904,14.837369918823242,13.173555374145508,13.641980171203613,12.702933311462402,12.704046249389648,12.979522705078125,12.702446937561035,13.034832954406738,13.371660232543945,13.40566349029541
20250906,15.237727165222168,13.104535102844238,13.988940238952637,13.36585521697998,13.288466453552246,13.306428909301758,13.16257381439209,13.73161792755127,13.353219985961914,13.292076110839844
20250907,15.31360912322998,14.480419158935547,13.643218040466309,,,13.700179100036621,,14.040351867675781,14.250158309936523,
20250908,14.921309471130371,13.73880672454834,13.915593147277832,13.445591926574707,13.557876586914062,13.288687705993652,13.20554256439209,13.466416358947754,13.332932472229004,13.236985206604004
20250909,15.199435234069824,13.780793190002441,14.171747207641602,13.19873332977295,13.3997802734375,13.233993530273438,13.04764461517334,13.575681686401367,13.516231536865234,12.820406913757324
20250910,14.778319358825684,,,,,,,13.572793006896973,13.602853775024414,13.133240699768066
20250911,14.76700496673584,13.548766136169434,13.674907684326172,13.396998405456543,,13.078332901000977,12.96341609954834,13.40875244140625,13.459052085876465,13.327587127685547
20250912,14.771251678466797,13.505894660949707,13.839105606079102,13.385000228881836,13.545645713806152,13.139217376708984,12.959545135498047,13.33459186553955,13.617252349853516,13.13667106628418
20250913,14.914435386657715,13.779831886291504,13.908448219299316,13.464041709899902,13.628381729125977,13.288125038146973,13.179695129394531,13.527015686035156,13.501643180847168,12.673897743225098
20250914,15.424806594848633,14.166738510131836,14.375772476196289,14.060600280761719,14.14030647277832,13.736993789672852,13.676310539245605,14.00892162322998,14.059895515441895,13.419784545898438
20250915,15.452459335327148,14.8457612991333,14.61890697479248,,,13.956558227539062,,14.223397254943848,14.335953712463379,13.75908088684082
20250916,15.106569290161133,,14.59542179107666,,,,,13.956494331359863,13.455739974975586,13.16601276397705
20250917,14.886663436889648,14.011794090270996,14.005376815795898,13.811594009399414,14.094627380371094,13.480111122131348,13.458066940307617,13.714712142944336,13.614699363708496,13.167598724365234
20250918,15.283058166503906,14.544736862182617,14.533398628234863,14.31240177154541,14.544097900390625,13.922276496887207,13.7595853805542,13.859682083129883,13.704163551330566,13.444941520690918
20250919,15.196868896484375,14.587671279907227,14.518928527832031,14.348333358764648,14.941048622131348,13.91389274597168,,14.129530906677246,13.832763671875,13.349557876586914
20250920,15.010000228881836,14.726541519165039,14.528470039367676,14.16883373260498,,13.716195106506348,13.626315116882324,13.870232582092285,13.522756576538086,13.126437187194824
20250922,15.115985870361328,14.733213424682617,14.343423843383789,,,,,,13.456432342529297,13.158270835876465
20250923,15.234018325805664,14.513249397277832,14.125516891479492,13.99537467956543,14.243051528930664,13.681411743164062,13.673866271972656,,,12.747747421264648
20250924,14.971328735351562,,,,,,,,,
20250925,13.950506210327148,,,,,,,,,
20250926,,,,,,,,,,
20250927,,,,,,,,,,
20250928,,,,,,,,,,
20250929,,,,,,,,,,
20250930,15.44432258605957,14.80622386932373,14.640888214111328,14.840636253356934,,14.146745681762695,14.261857032775879,14.116249084472656,12.591174125671387,
20251001,15.311701774597168,15.254094123840332,14.690238952636719,14.899999618530273,15.46500015258789,14.451080322265625,14.826216697692871,14.25994873046875,13.659926414489746,13.123696327209473
20251002,15.322368621826172,15.008340835571289,14.655372619628906,,,14.304118156433105,,,13.527000427246094,13.170984268188477
20251003,15.499963760375977,15.070943832397461,14.63826847076416,,,,,,13.54675006866455,13.0542573928833
20251004,15.962732315063477,16.01862335205078,15.329309463500977,15.554801940917969,15.687739372253418,14.95777702331543,14.873442649841309,14.527073860168457,13.93492603302002,13.012801170349121
20251006,,,,,,,,,,
20251007,15.271469116210938,,14.984073638916016,,,,,,13.542686462402344,13.20364761352539
20251008,15.464861869812012,15.864436149597168,14.927528381347656,,15.550946235656738,14.376937866210938,,14.27440071105957,13.389876365661621,13.311028480529785
20251009,15.37420654296875,15.804243087768555,14.891355514526367,15.407933235168457,15.83730411529541,14.49649715423584,14.64802360534668,14.20147705078125,13.561698913574219,13.232924461364746
20251010,15.538664817810059,16.174121856689453,15.030713081359863,15.571369171142578,15.881574630737305,14.46505355834961,14.708589553833008,14.258259773254395,13.476264953613281,13.341646194458008
20251011,15.988239288330078,16.30280303955078,15.258954048156738,15.693665504455566,16.035287857055664,14.787809371948242,15.064382553100586,14.458515167236328,13.63734245300293,13.285611152648926
20251012,15.872781753540039,16.140687942504883,15.22214126586914,,,,,13.836175918579102,13.483367919921875,12.960942268371582
20251013,15.811650276184082,17.227344512939453,15.331138610839844,16.264999389648438,,14.972650527954102,,14.182567596435547,13.815877914428711,13.347410202026367
20251014,15.777124404907227,16.262727737426758,15.144516944885254,15.774999618530273,16.20048713684082,14.84377670288086,15.063629150390625,14.499232292175293,13.294693946838379,13.416748046875
20251015,16.211971282958984,16.954387664794922,15.81182861328125,16.57793426513672,16.883846282958984,15.577853202819824,15.856736183166504,14.731453895568848,13.960551261901855,13.54339599609375
20251016,16.903289794921875,17.698055267333984,16.40309715270996,17.3364200592041,17.636367797851562,16.23754119873047,16.616008758544922,15.615690231323242,14.793473243713379,13.833891868591309
20251017,15.734965324401855,17.850969314575195,15.509551048278809,,,,,14.34333324432373,13.172199249267578,13.298439979553223
20251018,16.139720916748047,17.04297637939453,15.776593208312988,16.61362075805664,,15.299736022949219,,14.261078834533691,13.803991317749023,13.416376113891602
20251019,17.63094139099121,18.75766372680664,17.252878189086914,18.401409149169922,18.55869483947754,16.91977882385254,17.160249710083008,16.304794311523438,14.933341979980469,14.081624031066895
20251020,16.916275024414062,17.82587242126465,,,18.326826095581055,,16.699764251708984,,,13.088187217712402
20251021,,,,,,,,,13.38847827911377,13.308424949645996
20251022,16.11857795715332,16.622180938720703,16.065629959106445,,,,,15.382843017578125,,
20251023,,17.412466049194336,16.115745544433594,16.740833282470703,16.97914695739746,,,14.723549842834473,13.780077934265137,
20251024,16.011579513549805,17.443540573120117,15.88441276550293,,16.89437484741211,15.562101364135742,15.862536430358887,15.024089813232422,13.90721321105957,13.36336612701416
20251025,,,,,,,,15.322847366333008,14.753805160522461,13.698928833007812
20251026,16.21140480041504,,15.87270736694336,,,,,15.44614315032959,14.155235290527344,
20251027,15.961379051208496,17.938589096069336,15.800092697143555,,,15.523285865783691,16.181665420532227,15.194562911987305,,13.457498550415039
20251028,16.23052406311035,,15.671365737915039,16.547561645507812,16.889856338500977,15.494807243347168,15.646942138671875,14.833600044250488,15.024389266967773,13.620214462280273
20251029,16.256589889526367,17.578571319580078,15.97641658782959,17.001798629760742,17.04423713684082,15.838876724243164,16.19346809387207,15.004157066345215,14.366222381591797,13.733250617980957
20251030,16.01313018798828,17.89661407470703,16.20208168029785,17.359067916870117,17.5428409576416,16.0679988861084,16.39528465270996,15.362452507019043,14.38772964477539,13.594974517822266
20251031,16.00562286376953,17.509441375732422,16.04795265197754,,,,,,13.972371101379395,
20251101,17.02106285095215,18.272197723388672,16.26681137084961,17.648801803588867,17.84021759033203,16.123977661132812,16.607263565063477,,14.431086540222168,13.701866149902344
20251102,17.063398361206055,,,,,,,,15.244312286376953,14.696744918823242
