date,GAB,Ceduna W,Ceduna E,Pt Lincoln W,Pt Lincoln E,Spencer Gulf N,Spencer Gulf C,Spencer Gulf S,SVG - NW,SVG - NE,SVG - SW,SVG - SE,KI - W,KI - E,Victor - W,Victor - E,Lk Alex,Victor Harbour-Mt Gambier,Mt Gambier,Pt Fairy
20120102,,,,,,,,,,,,,,,,,,,,
20120103,,,0.15194667875766754,0.21887211501598358,0.24179542064666748,,0.1943923383951187,0.25493839383125305,,,0.45682021975517273,0.2344323992729187,0.21588167548179626,0.4156414866447449,0.29493966698646545,,,0.1315225213766098,,
20120104,0.27473196387290955,0.7225074172019958,0.5458918213844299,0.33852148056030273,0.37514105439186096,1.5691980123519897,0.3934812545776367,0.6401177048683167,1.5210665464401245,2.054216146469116,0.47269660234451294,0.48645347356796265,0.17927533388137817,0.3099740445613861,0.28407877683639526,0.2581908404827118,,0.2796461582183838,0.13923121988773346,
20120105,0.22511699795722961,0.41514211893081665,0.34733980894088745,0.3490079939365387,0.4631713926792145,1.6833553314208984,0.45524489879608154,0.4808151125907898,2.3214147090911865,2.8629140853881836,0.5759292244911194,0.45544755458831787,0.1832125186920166,0.3920401632785797,,,,0.22639665007591248,0.13050641119480133,
20120106,,,0.6167737245559692,0.4530787765979767,,1.1837027072906494,0.3536718487739563,,,,0.22647391259670258,0.49166229367256165,,,,,,,,0.24153734743595123
20120107,,,,,,,,,,,,,,,,,,,,
20120108,,0.12283644825220108,,,,,,,,,,,,,,,,,,
20120109,,,,,,,,,,,,,,,,,,,,
20120110,,,,0.31578579545021057,0.35489022731781006,,,0.4813651144504547,,,,,,,,,,,,
20120111,,1.3886914253234863,0.7015998363494873,0.42293259501457214,0.3769626021385193,2.329608678817749,0.5950849056243896,0.4854549467563629,2.344600200653076,3.0922820568084717,0.9887155294418335,0.7457650899887085,0.22004592418670654,0.3267057240009308,0.5402594804763794,0.4538348317146301,,0.34493502974510193,0.1419493556022644,0.1549563705921173
20120112,,,,,,2.4452359676361084,,,2.724985361099243,3.215264320373535,0.5281647443771362,0.6014889478683472,,,0.5327702760696411,0.4653032720088959,,0.6491642594337463,,1.0925135612487793
20120113,0.29741084575653076,0.987557590007782,,,,,,,,,,,,,,,,,,0.41412612795829773
20120114,0.36215004324913025,0.3400026857852936,0.6669085621833801,0.5938801169395447,0.2892630100250244,1.9148417711257935,0.7690803408622742,0.5985621213912964,2.4162070751190186,3.24771785736084,0.6129781007766724,0.7002905011177063,0.2588096559047699,0.6274088621139526,0.6064133048057556,0.5068626999855042,,,,
20120115,0.4122486114501953,0.8551289439201355,0.641434371471405,0.41485294699668884,0.39876818656921387,2.4880895614624023,0.6263734698295593,0.5738521218299866,3.239107131958008,3.7265372276306152,0.7374958395957947,0.6346637606620789,0.30810001492500305,0.5516586303710938,0.6239912509918213,0.4759356677532196,,0.4108560085296631,0.3270626664161682,1.7842621803283691
20120116,0.302447110414505,0.8958361148834229,0.8182384371757507,0.530914843082428,0.46268320083618164,2.266500949859619,0.5608972907066345,0.5086771845817566,2.771517276763916,3.085631847381592,0.6605411767959595,0.7411118745803833,0.25907984375953674,0.45035186409950256,0.5143222212791443,0.40509486198425293,,0.37520405650138855,0.21479010581970215,2.9157843589782715
20120117,,,,,,,,,,,,,0.14593391120433807,,,,,,,
20120118,0.2423541396856308,,,,,,,,,,,,,,,,,,0.2043931782245636,0.7621906399726868
20120119,0.27486592531204224,0.8319358229637146,0.35162755846977234,0.443850040435791,0.4356476366519928,1.6784801483154297,0.5804993510246277,0.5301531553268433,2.681960105895996,,1.0369408130645752,,0.23377923667430878,0.5633916258811951,,,,,,
20120120,,0.4201448857784271,0.36584025621414185,0.397123783826828,0.4234452247619629,0.6868888139724731,0.4539068639278412,0.5866628289222717,1.4295110702514648,1.751587986946106,0.5636366605758667,0.5754597783088684,0.22834576666355133,0.5672492980957031,0.4390113353729248,0.39534997940063477,,0.6669073700904846,,0.42892396450042725
20120121,0.28439396619796753,0.38919469714164734,0.328464150428772,0.6092047095298767,0.6176204681396484,1.3593841791152954,0.4452992081642151,0.5334271788597107,2.3828179836273193,2.6461539268493652,0.6959875226020813,0.5913106799125671,0.2596510052680969,0.4968358874320984,0.5289298295974731,0.4423852562904358,,0.6479502320289612,0.23118409514427185,0.23921896517276764
20120122,,,1.129321813583374,0.5874753594398499,0.5432794094085693,1.7970019578933716,0.588216245174408,0.5752540230751038,2.223451852798462,3.1346511840820312,0.7170180082321167,0.640924334526062,0.27619823813438416,0.6445782780647278,0.518737256526947,0.41506463289260864,,0.3982010781764984,0.24514569342136383,1.3112820386886597
20120123,0.22630128264427185,,,,,1.4634697437286377,0.36052191257476807,0.2687433660030365,,,,0.5234241485595703,,,0.42522409558296204,0.3413122296333313,,0.4244326651096344,0.24489590525627136,1.0067551136016846
20120124,0.2856602966785431,0.7707548141479492,0.44406771659851074,0.5073745846748352,0.4758802056312561,1.7623603343963623,0.3511824905872345,0.43467268347740173,1.8627327680587769,,0.6559308767318726,0.293874591588974,0.24332523345947266,0.6331348419189453,,,,,,0.7390109300613403
20120125,,0.6740908622741699,0.5269017219543457,0.4778958559036255,0.3151199519634247,1.5521652698516846,0.4682905077934265,0.4189406931400299,2.1270689964294434,3.0974793434143066,0.4339810311794281,0.5563719868659973,0.18855895102024078,,,0.30748340487480164,,0.6357243061065674,0.28990495204925537,
20120126,0.3046834468841553,0.7598880529403687,0.5449832081794739,0.5438140034675598,0.7359268069267273,2.3300583362579346,0.5346292853355408,0.607849657535553,2.641124725341797,3.159407138824463,0.7566525936126709,0.5903834104537964,0.3217673599720001,0.4869462251663208,0.4444997012615204,0.42997172474861145,,0.7398753762245178,,1.8781156539916992
20120127,,0.9358097910881042,0.8096107840538025,0.7416964769363403,0.6506091952323914,1.675933599472046,0.5523641705513,0.6264999508857727,2.6156435012817383,3.1891679763793945,0.7865422368049622,0.6791875958442688,0.30038246512413025,0.747029185295105,0.4428652226924896,0.46151912212371826,,0.4759116768836975,0.27937978506088257,1.4239246845245361
20120128,,,,,,1.664883017539978,0.41914162039756775,0.5851706862449646,2.5536718368530273,,0.7497813105583191,0.4141937792301178,,0.4530870020389557,0.397147536277771,0.3005904257297516,,0.37708932161331177,0.289445698261261,1.200698971748352
20120129,0.16441227495670319,0.34404653310775757,0.45640644431114197,0.40308678150177,0.38392046093940735,1.6720999479293823,0.2827742397785187,0.4074791371822357,1.989820957183838,,0.8639965057373047,,0.2626309096813202,,,,,,0.20289769768714905,0.6402699947357178
20120130,,,0.14885586500167847,0.22373461723327637,,1.120818018913269,0.5402522087097168,0.33268803358078003,,,,,0.1326531171798706,,,,,,,
20120131,0.39557865262031555,0.8006344437599182,0.5699642300605774,0.310228556394577,,2.3410749435424805,0.47316938638687134,,2.7933435440063477,3.067993402481079,,0.8103058338165283,,,0.5653544068336487,0.5471521615982056,,0.55784672498703,0.44467824697494507,0.20059195160865784
20120201,0.34858229756355286,0.765174925327301,0.48847946524620056,0.6498401165008545,0.49350884556770325,1.606689214706421,0.4429111182689667,0.2902493476867676,,,0.4862819015979767,,0.2542639374732971,0.30418550968170166,0.3978736400604248,0.5932091474533081,,0.5722435116767883,0.43465036153793335,0.8324803709983826
20120202,,,,,0.478010892868042,2.063397169113159,0.5894854068756104,0.5785228610038757,2.8389012813568115,3.648226737976074,0.7474741339683533,0.6580954194068909,0.3694476783275604,0.5988460779190063,0.5765617489814758,0.6620054244995117,,0.8142390251159668,0.35266947746276855,0.7087952494621277
20120203,,,,,,,,,,,,,,,,,,,,
20120204,,,,,,,,0.5094105005264282,,,,,0.2667691707611084,0.41643115878105164,,,,,,0.42999008297920227
20120205,0.30737847089767456,0.5342921018600464,0.7214353084564209,0.5506018400192261,,,,,,,,,,,,0.48253074288368225,,0.5383482575416565,0.097458116710186,
20120206,0.32087019085884094,0.8619113564491272,0.8203341960906982,0.2939191460609436,0.31959736347198486,1.9221657514572144,0.5809986591339111,0.4705098569393158,,,0.5306872129440308,,0.3003873825073242,0.3833563029766083,0.495979368686676,0.5550718307495117,,0.5280172824859619,0.31999853253364563,0.3385299742221832
20120207,,,0.6888862252235413,0.5477274656295776,0.6016110181808472,2.235208511352539,0.4440855085849762,0.22542522847652435,,2.0189435482025146,,,,,,,,0.6485090851783752,0.23430310189723969,0.32498598098754883
20120208,0.1823676973581314,0.18282362818717957,,,,,,,,,,,,,,0.6855551600456238,,0.43883517384529114,0.21240836381912231,0.4035210907459259
20120209,0.0905502587556839,0.4564758241176605,0.3969767987728119,,,,,,,,,,,,0.3733958303928375,,,,,1.9454145431518555
20120210,0.2387598305940628,0.6816332340240479,0.45254653692245483,0.35546424984931946,0.31543731689453125,,,0.22771836817264557,,,,,0.14984044432640076,,,0.5012036561965942,,0.43533074855804443,0.1960839033126831,
20120211,,,,,,,,,,,,,,,,,,,,
20120212,0.33920228481292725,0.7909356951713562,0.8063737750053406,0.5300441980361938,0.459447979927063,2.3142001628875732,0.5394226312637329,0.6058731079101562,2.6944069862365723,3.097810983657837,0.7938394546508789,0.7606377601623535,0.2688000202178955,0.4492442011833191,0.5013569593429565,0.6093164682388306,,0.4669521152973175,0.30004093050956726,0.9839510917663574
20120213,0.3176328241825104,,,,0.37681517004966736,2.779036521911621,0.7356370687484741,0.7290313243865967,2.892261266708374,3.436112642288208,0.8788888454437256,0.6886078715324402,0.32803651690483093,0.6860272288322449,0.5038332939147949,0.589836835861206,,0.326226145029068,0.2957994043827057,0.4242953360080719
20120214,,,,,,,,,,,,,,,,,,,,
20120215,0.27095991373062134,0.27789583802223206,,,,,,,,,,,,,0.34068965911865234,,,0.27932271361351013,,1.3351811170578003
20120216,0.24616113305091858,0.7208095192909241,0.5004483461380005,0.33376699686050415,0.5094107389450073,4.482200622558594,0.4768972396850586,0.42705875635147095,10.019092559814453,,1.0620898008346558,,0.25685858726501465,0.44428521394729614,,,,0.3814678490161896,,
20120217,0.3067658543586731,0.931749701499939,0.6285439729690552,0.5767326354980469,0.40371784567832947,2.6529998779296875,0.46865394711494446,0.7224122881889343,2.3907580375671387,2.4683728218078613,0.6916192173957825,0.7508199214935303,0.2689739167690277,0.535254180431366,0.3786354660987854,0.3685516119003296,,0.5640032291412354,0.23470845818519592,0.8850664496421814
20120218,,,,,,,,,,,,,,,,,,,,
20120219,,,,,,,,,,,,,,,,,,0.5289813280105591,0.21770665049552917,0.9757500290870667
20120220,0.2489994615316391,0.7142693400382996,0.6061645150184631,0.29595884680747986,0.27291610836982727,2.6238741874694824,0.6175256371498108,0.43637245893478394,2.1035797595977783,3.4274816513061523,0.6323912143707275,0.7796855568885803,,,0.3645380735397339,0.46183377504348755,,0.5500546097755432,,
20120221,0.274426132440567,0.25121521949768066,0.3275660276412964,0.7289761900901794,0.4664705693721771,0.6852425932884216,0.4535842835903168,0.5727242231369019,,,,,0.23517568409442902,0.3862515687942505,0.3703472316265106,0.43594279885292053,,0.6119295954704285,,0.22146989405155182
20120222,0.3098825514316559,0.8542847037315369,0.7324685454368591,0.38507288694381714,0.6347076296806335,2.288151979446411,0.5083863139152527,0.5453194379806519,2.2899131774902344,3.2310128211975098,0.6859363317489624,0.6167542338371277,0.3118460476398468,0.5240269303321838,0.3863084614276886,0.5163002014160156,,0.3058999478816986,0.2341819852590561,0.7217676639556885
20120223,0.39374926686286926,0.9148513674736023,0.9196841716766357,0.7371059060096741,0.5735158920288086,2.2976505756378174,0.5497159957885742,0.6185497045516968,2.6167349815368652,4.149486541748047,0.7390884757041931,0.7438682317733765,0.3387901484966278,0.7491763234138489,0.4837532043457031,0.5146238803863525,,0.46800923347473145,0.27164244651794434,0.7607852816581726
20120224,0.35289040207862854,0.3047133684158325,0.26199930906295776,,,3.016942262649536,,,3.095961093902588,5.155182838439941,0.8808587193489075,0.7531235814094543,,0.503750741481781,0.45776811242103577,0.47035565972328186,,0.4486313462257385,0.30833548307418823,0.9282915592193604
20120225,0.17572307586669922,0.9733774065971375,0.4502840042114258,0.42110851407051086,0.4820978343486786,1.946970820426941,0.37440726161003113,0.5144711136817932,2.2085652351379395,2.6141836643218994,0.5527852773666382,0.6647816300392151,0.2819756865501404,0.5082522630691528,0.31222572922706604,0.3991471827030182,,0.350053995847702,0.2643299400806427,0.6914541125297546
20120226,,,,,,,,,,,,,,,,,,,0.13360810279846191,0.8094317317008972
20120227,,,,0.19444741308689117,0.3270352780818939,1.566275954246521,0.5454447269439697,,,,,,0.2691308856010437,0.30264994502067566,,,,0.16020354628562927,0.16870984435081482,
20120228,,0.25247249007225037,0.3195750117301941,0.5143608450889587,0.34180378913879395,,,0.6247375011444092,,,,,0.31470435857772827,0.4096427261829376,0.34457090497016907,0.3454118072986603,,0.4401914179325104,0.2062118500471115,0.2329864799976349
20120229,,,,,,,,,,,,,,,,,,,,
20120301,,0.31627193093299866,,0.27236929535865784,,1.3317636251449585,,,,,,,,,,,,,,
20120302,0.4539061188697815,,,,,1.9872610569000244,0.3986528813838959,,2.223816394805908,2.005495548248291,0.6468909382820129,0.6297645568847656,,0.6483802199363708,0.6576179265975952,0.3736587464809418,,0.29547253251075745,0.3836331069469452,1.60746169090271
20120303,0.48642197251319885,0.7809830904006958,0.5045803189277649,0.7027050256729126,0.4700740873813629,,0.39344605803489685,0.4988662302494049,,,,,0.46591678261756897,0.5266294479370117,0.47848615050315857,0.41980305314064026,,,,
20120304,0.4538857936859131,1.14156174659729,0.7595922946929932,0.48902392387390137,0.4443443715572357,2.9256112575531006,0.51878821849823,0.5814266800880432,2.4447131156921387,3.2734861373901367,0.7119583487510681,1.0437809228897095,0.2618842124938965,0.5960820317268372,0.5219714641571045,0.7070203423500061,,0.5111266374588013,0.6044479608535767,0.9168850779533386
20120305,0.32397764921188354,,0.6784018278121948,0.6772921085357666,0.6503481864929199,2.749577045440674,0.7203364968299866,0.4916080832481384,2.7292909622192383,3.890218496322632,0.9593110084533691,0.937129557132721,0.3092447519302368,,0.33358675241470337,0.3822971284389496,,0.3069629967212677,0.2505052387714386,0.5176812410354614
20120306,0.5835366249084473,1.0311713218688965,0.9135385751724243,0.5647072196006775,0.5554047226905823,,,0.4135493040084839,,,,,0.2434002161026001,,,,,0.7297431826591492,0.42619749903678894,0.6072329878807068
20120307,0.6359583139419556,1.0446393489837646,0.6981980204582214,0.7750879526138306,0.5421175956726074,2.1624207496643066,0.535783588886261,0.6939629912376404,2.6563942432403564,4.865822792053223,0.8187569975852966,0.9771946668624878,0.5268261432647705,0.7321106195449829,0.7308589816093445,0.7174767851829529,,0.9474321603775024,0.584649384021759,0.8294296860694885
20120308,0.52069491147995,1.0530956983566284,0.808749794960022,0.7398766279220581,0.6900718808174133,4.33547830581665,0.4022001028060913,0.8196612000465393,3.387875556945801,7.069493293762207,0.7798399329185486,1.2100831270217896,0.5363027453422546,0.806788444519043,0.7176482081413269,0.7065247297286987,,0.6947497725486755,0.5187135338783264,0.38087862730026245
20120309,0.42307108640670776,0.9987473487854004,0.8368508815765381,0.5361173152923584,0.9012283682823181,3.0639328956604004,0.4877191185951233,0.6146312952041626,3.991050958633423,6.321535110473633,0.9162404537200928,0.8214856386184692,0.3513580858707428,0.5563509464263916,0.46021977066993713,0.5547754168510437,,0.5638856291770935,0.8372669816017151,0.997236430644989
20120310,,,,,,,,,,,,,,,,,,,,
20120311,0.26046937704086304,0.23113343119621277,0.3188536465167999,0.27791306376457214,0.5125544667243958,1.5005342960357666,0.657246470451355,0.7331438064575195,3.3174819946289062,5.960773468017578,1.0284898281097412,1.1275200843811035,0.38740918040275574,0.7523197531700134,0.3544437289237976,0.7237194180488586,,0.9296860694885254,0.46849891543388367,
20120312,0.449849933385849,0.7525231242179871,0.592472493648529,0.563032329082489,0.5962978005409241,2.688713550567627,0.562921404838562,0.7095961570739746,2.801759719848633,5.305100917816162,0.8807398080825806,1.1397712230682373,0.3860830068588257,0.6693906188011169,0.6832311749458313,0.6906313300132751,,0.5113689303398132,0.38920795917510986,1.1949290037155151
20120313,,,,,,2.542632818222046,0.4821784496307373,,2.9938886165618896,5.720056533813477,0.6045989990234375,1.282047152519226,,0.6080054640769958,0.5522249937057495,0.5864666700363159,,0.3776630461215973,0.3237345814704895,0.4045286476612091
20120314,0.33323052525520325,0.5407378673553467,0.5325855612754822,0.3128599524497986,,,,,,,,,,,,,,,,
20120315,0.3425033390522003,0.8341714143753052,0.8819717764854431,0.2503434717655182,0.5783802270889282,3.5299479961395264,0.4734669327735901,,,,,,0.19316749274730682,,0.4289512634277344,0.5156402587890625,,0.5140958428382874,0.2694513499736786,
20120316,0.43532177805900574,0.8870264291763306,0.9039760828018188,0.5510561466217041,0.6193984150886536,2.293718099594116,0.6183122396469116,0.8146847486495972,2.5443620681762695,3.8040931224823,0.7403044104576111,0.8960142135620117,0.3305022418498993,0.767662525177002,0.4914929270744324,0.4315626323223114,,0.4194856286048889,0.21429644525051117,0.30390870571136475
20120317,0.47968703508377075,0.8405778408050537,0.633495032787323,0.5424824953079224,0.6918582916259766,2.811401128768921,0.7109631896018982,0.7489374279975891,3.1676688194274902,5.387784957885742,1.1066064834594727,1.179720401763916,0.3341692388057709,0.7969657182693481,0.5159777402877808,0.5450384020805359,,0.5592826008796692,0.2042175680398941,0.6393076777458191
20120318,0.6358779072761536,0.5084372162818909,0.8353404998779297,,0.41530388593673706,2.8568639755249023,0.7522808909416199,0.676216721534729,2.487677812576294,3.879798412322998,0.772634744644165,1.1691666841506958,0.36165058612823486,0.6674808859825134,0.5607463717460632,0.5068387985229492,,0.4928460419178009,0.2554163336753845,0.8108084797859192
20120319,0.5495032668113708,1.1180773973464966,0.27824607491493225,0.42570751905441284,0.641939640045166,5.401487350463867,0.7764668464660645,0.9659758806228638,5.620636463165283,10.189192771911621,1.1813416481018066,0.9091938734054565,0.40998780727386475,0.9017051458358765,0.6007010340690613,0.5322412848472595,,0.486197829246521,0.2608567476272583,0.9406733512878418
20120320,0.6905216574668884,1.1060640811920166,0.4396122395992279,,,2.837390422821045,,,3.097278594970703,3.9874656200408936,,0.850653350353241,,,0.6023730635643005,0.5071906447410583,,0.6568979620933533,0.27534162998199463,2.1480190753936768
20120321,0.33727148175239563,0.5495052933692932,0.48967015743255615,0.3061077892780304,0.4494282901287079,1.9612009525299072,0.6891016364097595,0.48239073157310486,2.1454007625579834,3.5685224533081055,0.8817455172538757,1.1776477098464966,0.26269885897636414,0.6312461495399475,0.46665892004966736,0.547315776348114,,0.5673419833183289,0.20937243103981018,0.9021041989326477
20120322,0.3246921896934509,0.6268059015274048,0.7462192177772522,0.22454802691936493,0.17320837080478668,1.1341437101364136,0.3857147693634033,0.3649021089076996,,,,,0.1687486320734024,0.3270689845085144,0.23635181784629822,,,0.12439920008182526,0.14111566543579102,0.244755357503891
20120323,,,,,,,,0.3731917440891266,,,,,,,,,,0.17130325734615326,0.22419129312038422,0.6300657987594604
20120324,0.47853341698646545,0.6898757219314575,0.9045617580413818,0.31938081979751587,0.3616620898246765,0.8206746578216553,0.5801244378089905,0.6966860890388489,,,0.5447070598602295,0.6794658303260803,0.3031018376350403,0.6065055131912231,0.6490908861160278,0.4854332208633423,,0.13716252148151398,,
20120326,,,,,,,,,,,,,,,,,,,,
20120327,0.5334281921386719,,0.22087840735912323,,,,,,,,,,0.2869811952114105,,,,,,0.2284490317106247,1.1800124645233154
20120328,,,,,,,,,,,,,0.303740531206131,0.9788305759429932,0.8331078886985779,0.7594337463378906,,0.5433032512664795,0.31652113795280457,1.198897123336792
20120329,0.5324752926826477,1.2846838235855103,0.6358577013015747,0.2934660017490387,0.5920674800872803,3.089078187942505,0.7483739256858826,0.6766189336776733,2.194166898727417,10.17504596710205,0.944913387298584,1.2279738187789917,0.2927407920360565,0.692172646522522,0.7519937753677368,0.6468673348426819,,0.59547358751297,0.3008033037185669,0.5051422119140625
20120330,0.3942496180534363,0.34910863637924194,,,,7.966536045074463,,,,,,,,,,,,0.8674992322921753,0.26220065355300903,0.6555684804916382
20120331,0.49408531188964844,0.7725980877876282,0.6459171175956726,0.29458603262901306,0.520676851272583,3.7405285835266113,0.6233484148979187,0.5394772887229919,4.958625316619873,5.82818078994751,0.6397160887718201,1.0589874982833862,,0.5087575316429138,0.6001473665237427,0.5714331269264221,,0.6349604725837708,0.2896139919757843,0.5003077387809753
20120401,0.49538153409957886,0.4536638557910919,0.6268281936645508,0.4145869314670563,0.6138503551483154,3.246793508529663,0.6479629874229431,0.5393210649490356,3.864267587661743,8.118043899536133,,0.7863195538520813,0.22528588771820068,0.6739912033081055,0.6853077411651611,0.6675273776054382,,0.5849094986915588,0.2820514738559723,0.38660573959350586
20120402,0.5097416639328003,0.7201962471008301,0.6017323732376099,0.46763405203819275,0.8063420057296753,2.7903318405151367,0.8440309166908264,0.938381552696228,3.276942729949951,6.996281623840332,1.6559970378875732,1.1957356929779053,,,,,,,0.28702279925346375,
20120403,0.4870956838130951,0.35240525007247925,0.7399101853370667,0.35273492336273193,0.4461289644241333,2.9623138904571533,0.598154604434967,0.5080512166023254,,,0.3863027095794678,0.6758526563644409,0.21516850590705872,0.44036129117012024,0.3888982832431793,0.47732973098754883,,0.4006369113922119,0.25141915678977966,0.38118302822113037
20120404,0.3820021152496338,0.824790358543396,0.32025808095932007,0.38712313771247864,0.5883171558380127,,0.5748685002326965,0.5672754645347595,,,,,0.296487957239151,0.7823444604873657,0.47101351618766785,0.7978149652481079,,0.5259488821029663,0.24289238452911377,1.0106301307678223
20120405,0.3081734776496887,,0.4100069999694824,0.42066413164138794,0.5731212496757507,2.3583619594573975,0.6472910642623901,0.7279472351074219,,,,,0.29945945739746094,0.7894876003265381,0.5405893325805664,0.5085117220878601,,0.5298507213592529,0.25125783681869507,2.060901641845703
20120406,0.45074889063835144,0.8132533431053162,0.7397176027297974,0.35527142882347107,0.45166125893592834,2.7757489681243896,0.7842997312545776,1.0638866424560547,2.1602349281311035,2.9033539295196533,0.871230959892273,2.1540350914001465,0.2510935366153717,0.646068274974823,0.4090782403945923,0.30469056963920593,,0.10927707701921463,0.21134606003761292,0.34047141671180725
20120407,0.33616602420806885,,3.1581363677978516,,,2.8395986557006836,,0.5974748730659485,,,,,,,,,,,0.3695211112499237,0.4714602828025818
20120408,0.5178864002227783,0.3108591139316559,0.3423161804676056,0.3568585515022278,0.5187931656837463,1.9447253942489624,0.6572011113166809,0.6513790488243103,,2.0803260803222656,0.8959572315216064,1.180928349494934,0.23582203686237335,0.542993426322937,0.6719436645507812,1.1886191368103027,,0.3301747441291809,0.23534657061100006,0.6982578635215759
20120409,0.6173897981643677,1.1724666357040405,0.9137067198753357,0.48882290720939636,0.307087242603302,2.7103285789489746,,,,,,,,,,,,,0.32433900237083435,0.604957640171051
20120410,0.6635079979896545,1.2209841012954712,0.929446816444397,0.6895960569381714,0.3735727071762085,2.6094226837158203,0.8882413506507874,0.6428250074386597,2.8715522289276123,3.821382999420166,1.4130678176879883,1.2953201532363892,0.33041420578956604,,,,,,,
20120411,0.6364549398422241,1.2268000841140747,0.978084146976471,0.7106038331985474,0.8698167204856873,2.6849827766418457,0.843876302242279,1.05448317527771,2.6590194702148438,4.249794006347656,1.1935110092163086,1.1953579187393188,0.35555171966552734,1.1135200262069702,1.2192825078964233,1.0326108932495117,,0.7633911371231079,0.6355449557304382,0.34208163619041443
20120412,0.598554253578186,1.2043123245239258,0.9086382985115051,0.6157646775245667,0.7882305979728699,2.5035197734832764,0.9114933013916016,0.9552068114280701,2.87172269821167,5.095587730407715,1.184435486793518,1.2311041355133057,0.36284199357032776,0.9778112173080444,1.1376914978027344,1.0157371759414673,,0.6266405582427979,0.44627538323402405,1.173270583152771
20120413,0.6691190004348755,1.2695144414901733,0.7717942595481873,0.7308382391929626,0.7724050283432007,3.2052433490753174,0.8008666038513184,0.9167147874832153,1.8630081415176392,5.379639625549316,0.9682247042655945,1.4479076862335205,0.35634106397628784,0.8641226887702942,0.9856659173965454,1.0183225870132446,,0.7623139023780823,0.4812237620353699,1.2363499402999878
20120414,0.8076490163803101,1.8698433637619019,1.4694018363952637,1.328104853630066,,5.07254695892334,0.590043306350708,0.7877293229103088,3.9160208702087402,12.227029800415039,0.9425449371337891,1.9260509014129639,0.32804930210113525,0.6315901279449463,0.8851469159126282,0.7927888631820679,,0.805720865726471,0.5466901659965515,1.0808131694793701
20120415,0.5186182856559753,1.3514173030853271,0.8315315842628479,0.6692092418670654,0.8383687138557434,6.142965316772461,1.2041970491409302,1.15597403049469,,23.448698043823242,2.1197996139526367,,0.35502538084983826,0.6421054601669312,0.852339506149292,,,,0.47040054202079773,1.4609283208847046
20120416,0.6187166571617126,1.1103402376174927,1.0206913948059082,0.5517550110816956,0.6121518611907959,4.577773571014404,0.7438387870788574,0.7864271998405457,4.284538269042969,8.990618705749512,1.1296700239181519,1.0752145051956177,0.3115324079990387,0.7041439414024353,0.8159977197647095,0.6609715819358826,,0.670953631401062,0.665769100189209,2.257481813430786
20120417,0.4950833320617676,1.211991310119629,1.1538702249526978,0.3008462190628052,0.5569407343864441,4.78659725189209,0.9298340082168579,0.6341875791549683,3.4971108436584473,7.190232753753662,1.0389543771743774,0.954790472984314,0.31378522515296936,0.8052524328231812,0.8257942795753479,0.7153677940368652,,0.6294854879379272,0.5354816317558289,1.9642642736434937
20120418,0.5996527075767517,,0.524422824382782,0.4758474826812744,0.47245270013809204,3.507915735244751,0.6823393702507019,0.6875165104866028,2.639592170715332,6.094376564025879,0.8619791269302368,0.902099609375,0.32800135016441345,0.7974259853363037,0.7919343709945679,0.7477685809135437,,0.6385794281959534,0.518111526966095,1.0085886716842651
20120419,0.6135302782058716,0.2889084219932556,,,,5.763177394866943,0.5821441411972046,,,,,,0.3523898124694824,,,0.7898609042167664,,0.7553735971450806,0.3674231171607971,
20120420,,,,0.4326879680156708,,6.291659832000732,1.4438321590423584,1.7628599405288696,5.401124000549316,18.673377990722656,1.3511734008789062,1.759989857673645,0.5203202962875366,3.5444746017456055,0.8495029211044312,,,1.4948387145996094,,0.4433648884296417
20120421,0.4221888780593872,0.27853259444236755,,,,,,,,,,,,,,,,,,
20120422,0.5356820225715637,0.8688386678695679,0.7730122208595276,0.49954846501350403,0.39600080251693726,1.8044376373291016,0.7238576412200928,0.5846591591835022,1.8326795101165771,2.3563618659973145,0.6928477883338928,1.072845458984375,0.2655424177646637,0.5195956826210022,0.5823439359664917,0.7352360486984253,,0.4994402229785919,0.30355387926101685,0.45126357674598694
20120423,0.43344616889953613,0.9115681052207947,0.3200593888759613,0.2672966420650482,0.35577407479286194,0.9072319865226746,0.5107200145721436,0.6497349739074707,,,0.4756402373313904,,0.2815927267074585,0.5427090525627136,0.5140261054039001,0.5699917078018188,,0.22587984800338745,0.26897987723350525,
20120424,,,0.16828863322734833,,,1.389151930809021,,,,,,,,,,,,,0.3263930678367615,0.29889339208602905
20120425,0.46049293875694275,,,,0.2395397424697876,0.7115300297737122,,,,,0.5190438628196716,,,0.41247981786727905,,,,,,
20120426,0.4916950464248657,1.3885669708251953,,,,4.077591419219971,,,,,,,,,,,,,0.23527152836322784,
20120427,0.5846295952796936,1.2372972965240479,1.1304082870483398,0.640744149684906,0.5918067097663879,3.4148659706115723,0.7211633324623108,0.6793686151504517,2.504322052001953,4.5519819259643555,1.1319496631622314,0.6762793064117432,0.4083063006401062,0.6142323017120361,0.9570946097373962,0.7006106376647949,,0.6539035439491272,0.36537736654281616,0.6431238651275635
20120428,0.7454970479011536,1.5731401443481445,0.683630108833313,0.602298378944397,0.6132344603538513,3.136319398880005,0.7247534990310669,0.6250995993614197,2.796844244003296,4.7173027992248535,1.1457514762878418,0.9193639755249023,0.40127691626548767,0.6044931411743164,0.9844193458557129,0.7604106068611145,,1.0213223695755005,0.23983502388000488,0.7342280149459839
20120429,,,,,0.47684818506240845,3.0778656005859375,0.5332297682762146,,,,,,,,,,,0.9960129261016846,0.44011667370796204,0.8978477716445923
20120430,0.5268664360046387,1.1451029777526855,,,0.6838219165802002,,,0.6057742834091187,,,0.6626747250556946,0.6965855956077576,,0.761211097240448,,,,,0.6408538222312927,0.634021520614624
20120501,0.4644184708595276,,0.3874730169773102,,,,,,,,,,,,,,,,,
20120502,0.4416692554950714,1.0926433801651,0.8416205644607544,0.2835025489330292,0.18537530303001404,4.295101165771484,,,,,,,0.21510396897792816,0.4207688271999359,,,,0.527600109577179,0.2933693826198578,0.8545551896095276
20120503,0.7762451171875,1.4168072938919067,0.8078214526176453,0.2755972445011139,0.5205211043357849,2.4778099060058594,0.5705148577690125,0.6026703715324402,1.923357605934143,4.718042850494385,0.9611952304840088,,0.26337379217147827,0.5111376643180847,0.7747665643692017,0.8448125123977661,,0.46846529841423035,0.3440239131450653,
20120504,0.8082104921340942,1.660496711730957,0.8765231966972351,0.5328202247619629,,2.063551902770996,1.129081130027771,0.5612661242485046,,,,,0.6253954768180847,0.5492061972618103,,1.1666522026062012,,0.6039606332778931,0.24945847690105438,0.4164353907108307
20120505,,,,,0.4715711772441864,1.978110909461975,0.4995638430118561,0.40129411220550537,,1.892880916595459,,0.4575642943382263,,,,0.5416486263275146,,0.327116459608078,0.24211065471172333,
20120506,0.7965869903564453,,,,,,,,,,,,,,,,,,,
20120507,0.5739700794219971,1.1369682550430298,0.9261767864227295,0.4191603362560272,0.8264704346656799,3.3860087394714355,0.8280206322669983,0.7271475195884705,1.9390536546707153,5.68242883682251,1.0621764659881592,1.053911566734314,0.3794540464878082,1.042485237121582,1.0646768808364868,1.2022817134857178,,0.5367723703384399,,
20120508,0.5869826674461365,1.238541603088379,1.1773467063903809,0.8398906588554382,0.7578963041305542,2.697098970413208,0.7823972105979919,0.7112587690353394,,,0.926415205001831,,0.3819831907749176,0.7724288702011108,1.2665073871612549,1.229141116142273,,0.6253482103347778,0.644946277141571,2.1091721057891846
20120509,0.5787032842636108,1.0056511163711548,0.8145714402198792,0.6840206980705261,0.6954066157341003,2.628112316131592,0.6857175230979919,0.546946108341217,2.660382032394409,5.6082844734191895,0.9647365212440491,0.8501471877098083,0.34623783826828003,0.894507646560669,0.7281564474105835,0.6756414771080017,,0.6856240034103394,0.2806118130683899,0.4355464279651642
20120510,0.7814882397651672,0.9968172311782837,0.8992269039154053,0.7679459452629089,0.5010744333267212,2.3839080333709717,0.7293252348899841,0.7543715238571167,2.574979543685913,8.382791519165039,0.8086815476417542,1.0300114154815674,0.3220125436782837,0.7417111992835999,1.1139549016952515,0.8656907081604004,,0.5157356858253479,0.4325600564479828,1.7543718814849854
20120511,0.5794653296470642,0.5949897170066833,0.6259060502052307,,,2.3471968173980713,0.6628026366233826,,,,0.8892336487770081,0.7399562001228333,,0.8896694183349609,,,,0.4687846899032593,0.33720868825912476,1.2039997577667236
20120512,0.5205458998680115,0.8722946643829346,0.6758859753608704,0.5247074365615845,0.5139548778533936,1.8832876682281494,0.8970796465873718,0.8657922148704529,4.015895843505859,4.4585981369018555,1.144168496131897,0.7711432576179504,0.4409242272377014,,0.7900310754776001,,,0.2408340871334076,0.2621518671512604,
20120513,0.6436600685119629,1.4616347551345825,1.9635308980941772,0.5363257527351379,0.7008045315742493,1.7329623699188232,0.5085998773574829,,,,,,,0.2670529782772064,,,,0.17289531230926514,0.31664425134658813,0.566648006439209
20120514,0.6716177463531494,1.2765377759933472,1.006937026977539,,,4.305231094360352,,,,,,,0.17925198376178741,,,,,0.20357061922550201,0.2498747706413269,0.5658369064331055
20120515,0.8287250399589539,1.2313333749771118,0.8721669316291809,0.663172721862793,0.9127385020256042,2.9203548431396484,0.9046912789344788,1.4485348463058472,2.796416759490967,5.395993709564209,1.252679705619812,1.134680986404419,,0.44850394129753113,,0.9157640933990479,,0.4326098561286926,0.29943761229515076,0.9283817410469055
20120516,3.0792510509490967,,,,0.9172689318656921,4.763058662414551,1.5894269943237305,1.8750710487365723,5.015809535980225,,,,,0.8708091378211975,2.039961099624634,1.5917348861694336,,0.701119601726532,0.3559463918209076,
20120517,0.6602125763893127,0.6822124123573303,,,,,,,,,,,,,,,,,,1.6464426517486572
20120518,0.8284871578216553,1.498989224433899,1.0338668823242188,0.6276142597198486,0.6883184909820557,,0.8330170512199402,1.0802356004714966,,,1.043461561203003,0.9024286866188049,0.6336056590080261,1.4152899980545044,1.1564929485321045,1.6374439001083374,,0.5145449638366699,0.512116551399231,0.8163855075836182
20120519,0.500552773475647,1.0843579769134521,0.6568571329116821,0.5166906714439392,0.5180962085723877,2.320774793624878,0.5192016363143921,0.4679770767688751,2.2849910259246826,4.275620937347412,1.0643985271453857,0.5844958424568176,0.29586517810821533,0.5765112638473511,0.7761357426643372,0.6636233329772949,,0.2766318619251251,0.34221237897872925,0.37307918071746826
20120520,0.6031087040901184,0.8580441474914551,1.1875245571136475,0.2951338291168213,,2.424774408340454,0.8037018775939941,0.9845125675201416,2.929032325744629,6.471839904785156,0.8601295351982117,1.0652039051055908,,0.3758023679256439,3.1214420795440674,1.1346800327301025,,0.3812837302684784,0.20134007930755615,0.8316960334777832
20120521,0.8414353132247925,0.9761947989463806,0.8112830519676208,0.5366054177284241,0.46417999267578125,1.672900915145874,0.8467112183570862,0.663162112236023,1.6240051984786987,7.719700813293457,0.9969305396080017,,0.2762090563774109,0.5766288042068481,1.0333253145217896,1.2837672233581543,,0.519004225730896,0.4982759952545166,0.8581863045692444
20120522,0.6740006804466248,1.6683590412139893,,0.5304462313652039,0.5854954719543457,3.0200459957122803,0.5344245433807373,0.47490546107292175,2.248304605484009,7.584489822387695,0.5725537538528442,0.9254855513572693,0.3508647680282593,0.5327853560447693,0.7942275404930115,0.6416903734207153,,0.3347935676574707,,
20120523,0.5095849633216858,,,,,,,,,,,,,,,,,0.8501838445663452,0.47530239820480347,0.8530037999153137
20120524,0.6225899457931519,1.0142613649368286,1.178234338760376,0.6246845126152039,0.5389711260795593,,0.7644250988960266,0.5593527555465698,,,,,0.32375913858413696,0.5304909944534302,,,,0.24694430828094482,0.24654588103294373,
20120525,0.5636570453643799,0.6091391444206238,1.1205331087112427,0.6008991599082947,0.41027575731277466,1.8491766452789307,0.5745754837989807,0.47879886627197266,,,0.4110649824142456,,0.2713279724121094,0.48280078172683716,,,,0.1755329966545105,0.24810791015625,
20120526,0.5988960862159729,0.9384840130805969,0.8095269203186035,0.5014534592628479,0.49479711055755615,1.3244885206222534,0.8202322125434875,0.5176936984062195,1.4496355056762695,2.247062921524048,1.0800772905349731,1.2212764024734497,,,,,,,0.28842008113861084,
20120527,0.32550451159477234,,0.610346257686615,0.6390318274497986,0.8584006428718567,3.429190158843994,0.8363991379737854,0.6784358024597168,1.401134729385376,,0.8435742259025574,0.7972652912139893,,,,,,,,
20120528,0.6503753066062927,1.0982598066329956,1.7583563327789307,0.42066097259521484,0.28289705514907837,4.080921173095703,,,,,0.7474064826965332,,0.2581275403499603,,2.0774755477905273,,,0.9962822198867798,,
20120529,0.6371030211448669,,,0.32762566208839417,0.336969792842865,3.7342398166656494,,,,,,,0.2553396224975586,0.46718910336494446,0.5643680691719055,0.6966908574104309,,0.17029570043087006,0.16977335512638092,0.5806311368942261
20120530,0.6490452885627747,1.3034088611602783,1.1511725187301636,1.0083250999450684,0.5753952860832214,2.5969178676605225,0.8652985692024231,0.9926474094390869,2.839203357696533,4.7894606590271,1.1277071237564087,0.9824445247650146,0.4238453209400177,0.5128684043884277,,,,0.2809649407863617,0.24401654303073883,0.2575083374977112
20120531,0.7942048907279968,1.2343347072601318,0.9267804622650146,0.6795055866241455,0.8773119449615479,2.659517288208008,0.9231171607971191,1.095033049583435,3.047274351119995,6.753769874572754,1.0608047246932983,1.1019158363342285,0.4564918875694275,1.077876091003418,2.028898000717163,1.0310221910476685,,0.6514921188354492,0.436365008354187,1.8529844284057617
20120601,0.7862201929092407,1.0890100002288818,0.8050346970558167,1.1201062202453613,0.9505125284194946,,,,,,,,0.5346477627754211,0.6709413528442383,,1.159990668296814,,0.6207883954048157,0.4817386269569397,1.535879135131836
20120602,0.45221784710884094,,0.5443950295448303,1.0237069129943848,0.7920335531234741,5.046504020690918,1.7295563220977783,0.841458261013031,11.82958984375,16.284687042236328,3.227884531021118,2.5461134910583496,0.397848516702652,1.6289448738098145,4.267111778259277,1.240364670753479,,,,5.444015979766846
20120603,0.4559735357761383,1.1986020803451538,0.7368300557136536,0.4863264262676239,0.5819107890129089,1.7764555215835571,0.5320315957069397,0.46824777126312256,1.6824191808700562,3.0954251289367676,0.3874843120574951,0.5623822212219238,0.26626816391944885,0.673554003238678,1.577916145324707,0.8734700083732605,,,,
20120604,0.4431919753551483,0.565285325050354,0.6138550043106079,0.4284156262874603,0.4185258746147156,2.6477138996124268,,,,,,,,,,,,,,
20120605,0.3511994183063507,,0.4068446755409241,0.21656471490859985,0.3516850173473358,,0.4509929418563843,0.26528874039649963,,,,,0.1965847611427307,0.7305835485458374,,,,,0.25961828231811523,0.2803073823451996
20120606,0.8384407758712769,0.9373166561126709,,0.22510357201099396,0.1934138536453247,2.0721309185028076,0.6564328074455261,0.4250653088092804,,,0.816281259059906,0.7683507800102234,,,,,,,,
20120607,0.8259878754615784,1.3466311693191528,1.1646987199783325,0.7281399965286255,0.5267925262451172,5.3499064445495605,1.435551404953003,1.1139025688171387,4.689581394195557,6.4042768478393555,1.4493147134780884,2.9108030796051025,0.44829708337783813,1.7241135835647583,2.802783727645874,0.9843626618385315,,,,
20120608,0.8371928334236145,1.2774938344955444,0.9439212679862976,0.6757446527481079,0.6540367007255554,3.0253446102142334,1.064146637916565,1.054284930229187,2.8792803287506104,3.8361241817474365,1.2316704988479614,1.1069899797439575,0.403830349445343,1.2366845607757568,,,,,,
20120609,0.6443130373954773,1.1807224750518799,1.0708050727844238,0.6836652755737305,1.2068908214569092,2.8198182582855225,0.6555020213127136,,,,,,,,,,,0.237839937210083,0.31229788064956665,
20120610,0.7312973737716675,1.2500882148742676,0.9185730218887329,0.7492111921310425,0.8290935754776001,3.0907466411590576,0.8803662061691284,0.8925549983978271,2.971522808074951,5.361316204071045,1.0533910989761353,1.0465909242630005,0.3144066631793976,0.8473272919654846,2.0682060718536377,0.8334597945213318,,0.20921631157398224,0.31704577803611755,0.33776968717575073
20120611,,,,,,6.532566547393799,1.7637825012207031,1.4141960144042969,3.1305389404296875,,1.1337321996688843,,0.6248921155929565,1.1112700700759888,3.144463300704956,0.7362368106842041,,0.5570757389068604,0.40624311566352844,1.7755699157714844
20120612,0.5807970762252808,,1.087235450744629,,3.760113477706909,1.6007366180419922,1.9268864393234253,2.913825750350952,,,0.8522739410400391,,2.066464424133301,2.581155776977539,1.5089092254638672,,,,0.4292122721672058,2.5859789848327637
20120613,0.47191140055656433,,,,,,,,,,,,,,,,,,,
20120614,0.5145336985588074,0.7178272604942322,0.9398331046104431,0.5696810483932495,0.40847769379615784,1.9519253969192505,,0.6978141665458679,,,0.8466478586196899,0.886397123336792,0.26177361607551575,0.5672469735145569,0.8965203762054443,1.283277988433838,,,1.3039681911468506,
20120615,0.7129965424537659,1.0355101823806763,1.1177573204040527,0.6201776266098022,0.5509594082832336,1.9325015544891357,0.7944745421409607,0.7996114492416382,1.6221845149993896,3.317775249481201,0.6469193696975708,0.652330756187439,0.31489327549934387,0.5270208716392517,0.9117695093154907,1.0217483043670654,,0.2965165078639984,0.30026108026504517,2.000887870788574
20120616,0.5796313881874084,0.9519847631454468,0.9478731155395508,0.7074267268180847,0.5108941197395325,2.5125985145568848,0.5989258289337158,0.5321037173271179,2.0337719917297363,4.120154857635498,0.46892327070236206,,0.372231662273407,0.797562301158905,0.8354347348213196,1.0014679431915283,,0.522310197353363,0.2623402178287506,0.570467472076416
20120617,0.6849285364151001,0.9984479546546936,1.182297706604004,0.3268682360649109,0.2764841318130493,0.940165638923645,0.7764766216278076,0.3702223002910614,1.2405600547790527,2.627033233642578,0.30144181847572327,,0.318162739276886,0.5976763963699341,0.9679337739944458,0.7716960310935974,,0.2632531225681305,0.19322878122329712,0.3859817385673523
20120618,0.6705127954483032,1.0379986763000488,0.6799809336662292,0.5249477624893188,0.605437695980072,2.105363607406616,0.5805740356445312,0.6637652516365051,2.484058380126953,1.7029345035552979,1.5654529333114624,0.5788735747337341,0.3985440731048584,0.5670145153999329,1.044979453086853,1.1920533180236816,,,,0.5654128789901733
20120619,0.6488405466079712,1.0017023086547852,0.8209698796272278,0.642528772354126,0.8161657452583313,5.085839748382568,0.6648258566856384,0.7527539730072021,,,1.2691737413406372,0.46744516491889954,0.35417214035987854,0.7565590143203735,0.7404877543449402,0.7221959233283997,,0.3476185202598572,,
20120620,,,,,,2.9722683429718018,,,,,,,,,,,,,,
20120621,,0.6220353245735168,,,,,,,,,,,,,,,,,,
20120622,,,,,,,,,,,,,,,,,,,,
20120623,0.566685140132904,0.9422315359115601,0.7859677672386169,0.29808276891708374,0.5422375798225403,2.613954782485962,0.7558980584144592,0.31381988525390625,,,,,0.27377134561538696,0.6587338447570801,0.6794676780700684,,,0.7405472993850708,0.13375434279441833,0.22577543556690216
20120624,0.8773723244667053,,0.5687856674194336,0.3556360900402069,0.44825243949890137,1.3355292081832886,0.5917730927467346,0.5439897775650024,,,,,0.28382036089897156,0.7877858281135559,0.9463582634925842,0.8384708762168884,,0.7309684753417969,,0.7428349256515503
20120625,0.5526329874992371,0.6979833841323853,0.7055246829986572,,0.4299617409706116,2.4816701412200928,0.5518838763237,0.586349368095398,,,0.962131142616272,,0.38664329051971436,0.9892823696136475,1.183284044265747,1.1192967891693115,,0.2891615927219391,0.20024165511131287,
20120626,,1.235188603401184,0.7721087336540222,0.4404720366001129,0.7968881726264954,2.3577263355255127,0.46863415837287903,0.8126369118690491,1.9689408540725708,3.153186798095703,0.9491835236549377,1.0439257621765137,0.3004228174686432,0.47788599133491516,1.4499852657318115,1.1040518283843994,,0.22660106420516968,0.24440254271030426,0.40340739488601685
20120627,1.2144182920455933,1.1638822555541992,1.03642737865448,0.6943715214729309,0.5869604349136353,3.1464102268218994,0.5474805235862732,0.729602575302124,3.8727729320526123,12.198637008666992,0.9176278710365295,2.0140085220336914,0.5320974588394165,0.7924118638038635,,,,0.6004272699356079,0.37095293402671814,2.438786745071411
20120628,0.6465712785720825,1.0277155637741089,0.6470431685447693,0.439423143863678,1.4519731998443604,2.839855670928955,0.7110092043876648,,,,,,,,0.957500159740448,1.5608389377593994,,,,
20120629,0.415269136428833,,0.4328007698059082,0.4721072316169739,0.48511767387390137,1.0802210569381714,0.425944983959198,0.32536259293556213,,,1.2536519765853882,0.5067362785339355,0.27603721618652344,0.5485388040542603,1.0722620487213135,1.1897375583648682,,,,
20120630,0.4769112169742584,1.1139360666275024,0.9701644778251648,0.5924991965293884,0.2944760322570801,2.004415512084961,0.473966121673584,0.4996975064277649,,,,1.702793836593628,0.24840131402015686,,1.3738114833831787,1.0807607173919678,,1.004932165145874,0.31901270151138306,
20120701,0.46433842182159424,0.6691398024559021,0.6044089198112488,0.3826579749584198,0.43139833211898804,1.4764536619186401,0.5999477505683899,0.4648386538028717,0.8086762428283691,2.8118934631347656,0.49414360523223877,0.8658715486526489,0.2560926377773285,0.6627141833305359,0.5449087023735046,0.8747274279594421,,0.37229764461517334,0.23120597004890442,0.37722283601760864
20120702,0.5914828181266785,,,,0.5377164483070374,1.5814099311828613,0.6314682364463806,0.5051157474517822,1.8479368686676025,3.827754020690918,0.5829671025276184,0.469993531703949,0.30697450041770935,0.546562671661377,0.6150375008583069,1.213800072669983,,0.47971636056900024,0.16362036764621735,0.4272618293762207
20120703,0.630101203918457,1.4889299869537354,1.1148278713226318,0.581900954246521,0.5344893336296082,1.1512479782104492,0.3747963011264801,0.35542571544647217,,,,,0.3028208613395691,,,,,0.21724797785282135,0.2555599808692932,1.6319851875305176
20120704,0.5336681008338928,1.0504387617111206,0.7425880432128906,0.4559604227542877,0.5846704840660095,1.7871630191802979,0.505021870136261,0.5427625775337219,6.449648380279541,8.939184188842773,0.9157320857048035,,0.4491666853427887,0.641961395740509,,1.1222716569900513,,0.7876523733139038,0.2738666832447052,0.49874192476272583
20120705,0.47157275676727295,0.8697486519813538,0.8270020484924316,0.29174405336380005,0.6794340014457703,2.048264741897583,0.5042939782142639,0.7389909625053406,1.9112144708633423,,1.0919511318206787,0.7970657348632812,0.42515140771865845,1.1189404726028442,1.071606993675232,1.0735043287277222,,0.8034356832504272,0.6485886573791504,
20120706,0.5280675888061523,0.9524517059326172,0.7314229011535645,0.32685568928718567,0.6540356278419495,4.181280136108398,0.5304044485092163,0.671873927116394,4.490739345550537,10.710055351257324,1.030746579170227,1.2512823343276978,0.14161640405654907,0.6367572546005249,1.4215455055236816,0.8997540473937988,,0.34936538338661194,0.3945003151893616,
20120707,0.6525664329528809,,,,,3.7458903789520264,0.5343146920204163,,,,0.7448910474777222,,,0.6163377165794373,0.9841282963752747,1.1529011726379395,,0.5927945375442505,0.44787123799324036,3.1686837673187256
20120708,1.210172176361084,1.7456021308898926,1.1009749174118042,1.149941325187683,0.7845766544342041,3.7532923221588135,,,,,,,,,,,,,,
20120709,0.61321622133255,1.1428279876708984,0.8314362168312073,0.9188094735145569,,,,,,,,,,,,,,,,
20120710,1.327423334121704,1.1322681903839111,1.0745817422866821,0.49079710245132446,0.6917892694473267,5.539022445678711,0.38441815972328186,0.6005215048789978,3.411935567855835,8.709203720092773,1.021145224571228,,0.3874633312225342,,,,,,,
20120711,,,,,,,,,,,,,,,,,,,0.5362625122070312,
20120712,0.37825775146484375,0.596633791923523,0.3505317270755768,,,2.312220573425293,,,,,,,,3.947707176208496,,,,1.4719260931015015,0.2097814530134201,
20120713,0.4231172800064087,0.4439793527126312,0.24512292444705963,0.38166147470474243,,1.3196351528167725,,,0.7718731164932251,1.4281766414642334,,,,0.5512456893920898,0.6843924522399902,0.9119731187820435,,,0.3335255980491638,1.8273690938949585
20120714,0.48432067036628723,0.7454451322555542,0.7044141888618469,0.5097844004631042,1.5491293668746948,1.0559494495391846,0.5363855361938477,0.5229458808898926,,,0.4653451442718506,0.5813509821891785,0.3726655840873718,0.7243991494178772,,,,,,0.9153823852539062
20120715,0.46937423944473267,0.928052544593811,0.7999895215034485,0.4845537543296814,0.3683164715766907,0.717494785785675,0.29111248254776,0.3971620202064514,,,0.5305787324905396,0.39146676659584045,,0.36420199275016785,0.4909948706626892,0.8651164770126343,,0.2671515643596649,,0.5916038751602173
20120716,0.4464511275291443,0.9785220623016357,0.9414082169532776,0.7366305589675903,1.2524526119232178,3.3486804962158203,0.49537670612335205,0.5759239196777344,3.314275026321411,5.997271537780762,0.7303933501243591,0.859980583190918,0.29993748664855957,0.9807942509651184,0.522956132888794,0.9731763601303101,,0.9525353908538818,0.25470656156539917,
20120717,0.43750372529029846,0.890377938747406,0.993632435798645,0.3707106411457062,0.7751370668411255,3.8145532608032227,0.7989761233329773,0.9167190194129944,3.0682473182678223,7.072971820831299,0.8931707143783569,1.177563190460205,,0.5995131134986877,0.6039848327636719,0.7813816070556641,,,0.38026997447013855,3.1551389694213867
20120718,0.42895689606666565,0.8033166527748108,0.6712455749511719,0.6091646552085876,0.5145992040634155,1.0065031051635742,0.48007869720458984,0.5322328209877014,1.566551685333252,5.1715593338012695,0.5936800241470337,0.935613751411438,0.3308149576187134,0.5190913677215576,0.5770679116249084,0.6840911507606506,,0.43828874826431274,0.28345832228660583,2.077784538269043
20120719,0.4400172233581543,0.478885680437088,,0.385852187871933,,1.0619688034057617,0.4348445236682892,0.5211344957351685,,,,,0.21612808108329773,0.4082731008529663,0.5018402338027954,,,0.2016100138425827,0.2329084575176239,0.6759271621704102
20120720,0.3889943063259125,0.7730871438980103,0.7316370010375977,0.43690159916877747,0.3663492202758789,4.429565906524658,0.40624701976776123,0.5512052774429321,,5.945671081542969,0.4459346532821655,,0.30893805623054504,0.5811191201210022,0.6706553101539612,0.9887111783027649,,0.6542831659317017,0.8105741143226624,0.24205607175827026
20120721,0.3510529398918152,0.40898171067237854,0.49822697043418884,0.3532334268093109,,2.0391831398010254,0.3975251615047455,0.4149816334247589,,,0.4710980951786041,0.6560284495353699,0.2648862302303314,0.4318615794181824,0.5881577134132385,0.9287710189819336,,0.4575567841529846,0.22986368834972382,6.565364837646484
20120722,0.3688531219959259,0.8574790358543396,,0.2819935977458954,0.5374481081962585,2.3575453758239746,0.3712799549102783,0.4990697205066681,2.758157253265381,3.6678619384765625,0.6111032366752625,0.33257603645324707,0.2837952673435211,1.115296483039856,0.7704893350601196,1.082683801651001,,0.650329053401947,0.31138235330581665,0.34533098340034485
20120723,,,,0.3637477159500122,0.46769165992736816,2.8823070526123047,0.3956148028373718,0.3583049476146698,1.4531097412109375,6.772130966186523,,1.0081969499588013,0.2222195565700531,,,,,0.24160641431808472,,0.6032319664955139
20120724,0.4854007065296173,,0.6529512405395508,0.6334986686706543,1.1495118141174316,2.347782850265503,0.38089996576309204,0.8270076513290405,3.194270372390747,7.721462249755859,,,,,,,,,,
20120725,0.4818311631679535,0.4772663414478302,0.5541288256645203,,,3.496145009994507,0.3447614908218384,,,,,,,,,,,0.3209837079048157,,
20120726,0.4305554926395416,0.7095786333084106,0.8506359457969666,0.4899771213531494,0.5720468163490295,2.2585506439208984,0.6551881432533264,0.5070232152938843,2.1880276203155518,,,1.6058629751205444,0.30693069100379944,,,,,0.5259577035903931,0.5079168677330017,0.5754442811012268
20120727,0.4055325984954834,0.5594905018806458,0.7110657095909119,0.3442220687866211,0.3079412877559662,1.2352283000946045,0.3934056758880615,0.24436604976654053,,,,1.2707195281982422,0.23480257391929626,0.36285728216171265,,,,0.2286788523197174,,0.38774722814559937
20120728,,0.6535871028900146,0.5204780697822571,0.462607741355896,0.47169044613838196,1.5561256408691406,0.45389580726623535,0.5104818344116211,,4.064813137054443,0.7853665947914124,0.763147234916687,0.2355615645647049,0.6495035886764526,0.47761988639831543,0.8654608130455017,,0.7419753670692444,0.20920543372631073,0.7068440914154053
20120729,0.4017038643360138,0.5413749814033508,0.39898064732551575,0.3087148368358612,0.35592952370643616,0.4849349856376648,0.29837754368782043,0.37681353092193604,1.1836622953414917,2.352850914001465,0.9668418169021606,0.33951595425605774,0.1854509711265564,0.48275694251060486,0.49469611048698425,0.9714906811714172,,0.42643335461616516,0.23870842158794403,0.4621586501598358
20120730,0.42282453179359436,0.5025539994239807,0.5596375465393066,0.36259686946868896,1.9419115781784058,,,,,,0.5692355632781982,,0.4199235737323761,0.39886555075645447,,0.5411139726638794,,0.2966267466545105,,0.5027854442596436
20120731,0.4083245098590851,1.0033605098724365,1.1036834716796875,,,5.708086967468262,,0.762073814868927,1.0392082929611206,3.6124634742736816,0.8990882039070129,0.7005447745323181,0.2114163041114807,0.5094485282897949,1.3109849691390991,0.6158075332641602,,0.41762110590934753,0.2639932930469513,
20120801,0.45641931891441345,0.8851615190505981,1.0829787254333496,0.5707306861877441,2.645023822784424,2.969101905822754,0.4559289813041687,2.8891167640686035,2.8678765296936035,7.8083343505859375,0.7706361413002014,1.2106937170028687,,0.9537116289138794,,1.3452433347702026,,0.6282867789268494,0.5481979846954346,1.949173092842102
20120802,0.3797638416290283,0.44592398405075073,0.6081055998802185,0.7109779715538025,0.7639427781105042,2.3168752193450928,0.5044183731079102,0.5102020502090454,3.2746083736419678,,,,0.26675429940223694,1.295475959777832,1.2636216878890991,,,,0.6670420169830322,1.292333960533142
20120803,0.4059704840183258,0.7229695320129395,0.7744954824447632,0.4749680459499359,0.7600167393684387,2.9846110343933105,0.479753702878952,0.3590521514415741,1.0768600702285767,4.062884330749512,0.7306004762649536,0.5833603143692017,0.2945936620235443,0.4841431975364685,0.7327626943588257,1.0159375667572021,,0.6802816390991211,0.39465153217315674,1.1469850540161133
20120804,0.3496016263961792,0.6534985899925232,0.7163903713226318,0.6402050852775574,0.7304604053497314,3.44189715385437,0.5650884509086609,0.468187540769577,4.180145263671875,7.082725524902344,0.471121609210968,0.5496803522109985,0.32155683636665344,0.5123674869537354,0.47703221440315247,0.9479798674583435,,0.37584760785102844,0.26824018359184265,2.607344388961792
20120805,0.32355356216430664,0.6669018268585205,0.662904679775238,0.3382660746574402,0.3459908664226532,3.1671271324157715,0.3225362002849579,0.32682475447654724,,,0.4622499644756317,,0.20539787411689758,0.36097097396850586,0.34432733058929443,0.43522703647613525,,,,
20120806,0.3158835768699646,0.7254234552383423,0.8331088423728943,0.7027809619903564,0.7828181385993958,2.990513324737549,0.47719916701316833,0.49472859501838684,,,0.5816695094108582,0.8200379610061646,0.31440266966819763,0.9873664379119873,0.5436474084854126,1.0250273942947388,,0.57085782289505,0.3959870934486389,1.188279628753662
20120807,0.32594311237335205,0.6749976873397827,0.8824339509010315,1.1026536226272583,1.4159553050994873,2.9088821411132812,0.5038594007492065,0.583771824836731,,4.884357452392578,0.8805460929870605,0.9544724225997925,0.34837859869003296,0.8699765205383301,0.6990575790405273,1.3810555934906006,,1.0486862659454346,,6.50106954574585
20120808,0.19119101762771606,,,0.28896844387054443,0.40366122126579285,,0.20576554536819458,0.37042802572250366,,,0.5773218274116516,,0.2886417508125305,0.6575285792350769,0.6454591751098633,1.293199062347412,,0.5725716352462769,0.36860689520835876,0.8047819137573242
20120809,0.35685932636260986,0.38538867235183716,0.7759987711906433,0.4643482267856598,0.3786056339740753,1.517944574356079,0.3497735261917114,0.415475994348526,1.1613924503326416,3.8145768642425537,0.6085665225982666,0.6725940704345703,0.3581734299659729,0.5360912680625916,0.5602278709411621,,,0.5691415071487427,0.306591272354126,0.8298894166946411
20120810,0.3530445694923401,0.6852843165397644,0.7290613651275635,,,4.481019020080566,0.19335930049419403,,,,,,,,0.40096986293792725,,,0.39183974266052246,,
20120811,0.3645887076854706,0.8660410046577454,0.7668564319610596,0.38213345408439636,,,0.33279216289520264,0.6000112295150757,,,,,0.34482112526893616,0.4309551417827606,1.8656545877456665,1.023339867591858,,0.40429240465164185,0.38136783242225647,0.5232273936271667
20120812,0.42432650923728943,0.8888269066810608,0.7358771562576294,0.4564545154571533,0.5386427044868469,4.364104270935059,0.7227575182914734,0.8241276144981384,2.712939739227295,3.0925118923187256,0.9465416073799133,0.4769977629184723,,0.4899882674217224,1.0574079751968384,0.9116752743721008,,0.3819241523742676,0.4153522849082947,0.6667218804359436
20120813,,,,,,,,,,,,,,,,,,,,
20120814,0.4768535792827606,0.3652478754520416,0.41658514738082886,0.31154385209083557,0.22773608565330505,2.2340686321258545,0.3502422571182251,0.3821769058704376,0.9568009376525879,4.033649444580078,0.4311617612838745,1.1882963180541992,0.2634110450744629,0.41442984342575073,0.6101090908050537,0.973980724811554,,0.39850497245788574,0.3332299292087555,0.3691539466381073
20120815,0.4222933351993561,1.3001129627227783,,,0.19337904453277588,0.3839145004749298,0.2204228639602661,,,,,0.218775674700737,0.2912963330745697,0.3702884912490845,,,,0.4089564085006714,0.33289000391960144,0.2744632065296173
20120816,0.28413426876068115,0.33297666907310486,0.38073182106018066,,,0.7056008577346802,0.27361181378364563,,,,,,,,,,,,,0.4212396442890167
20120817,0.29550036787986755,0.6462197303771973,0.6443370580673218,0.40159764885902405,0.5703350901603699,1.963221788406372,0.8918452858924866,0.5136064887046814,1.359179973602295,3.103874683380127,0.5270423293113708,1.577302098274231,0.24058811366558075,0.5123993158340454,0.865085244178772,,,0.40607506036758423,,
20120818,0.3172752261161804,0.5766547322273254,0.5553144812583923,0.4314986765384674,0.3873407244682312,1.6400808095932007,0.403324693441391,0.40134477615356445,0.8124515414237976,2.7890806198120117,0.5578859448432922,0.927966296672821,0.2394431084394455,0.4862798750400543,0.5242619514465332,1.6973944902420044,,0.5498547554016113,0.2329946756362915,0.3626771569252014
20120819,0.35219088196754456,0.7145106792449951,0.4429682791233063,0.428783655166626,0.5021519064903259,1.793477177619934,,,,2.1264777183532715,0.47502684593200684,1.3219116926193237,,,0.48536670207977295,,,,0.14240950345993042,0.19098329544067383
20120820,0.3681561350822449,1.1817940473556519,0.8457146883010864,0.5320154428482056,0.4163965582847595,1.534666895866394,0.45040032267570496,0.5609297156333923,,,0.539948582649231,0.5973461866378784,0.3867519199848175,0.5671411752700806,0.4993126094341278,,,,,
20120821,0.30418503284454346,0.7664710879325867,0.9833258986473083,0.43653956055641174,0.5331839919090271,0.7841918468475342,0.5224032998085022,0.6904046535491943,,,0.8014485836029053,0.4692807197570801,0.32796624302864075,0.5179416537284851,0.4885343909263611,1.3157232999801636,,0.4114265441894531,0.34673893451690674,
20120822,0.2772354185581207,0.26718226075172424,0.4418303668498993,0.4164080023765564,,2.261539936065674,,,,,0.46856507658958435,1.4625015258789062,,,,,,0.3411464989185333,0.6353172063827515,
20120823,0.4372923672199249,0.6611155271530151,0.6336867213249207,0.5071058869361877,0.3798830509185791,1.645025610923767,0.30722078680992126,0.2924243211746216,,,,,0.20758578181266785,0.3509395718574524,0.4034343361854553,,,,,1.3698817491531372
20120824,0.37777256965637207,0.6369673609733582,0.5288305878639221,0.48564234375953674,0.29834499955177307,0.7677081227302551,0.8026860356330872,0.45700088143348694,,,0.5857967138290405,0.9027647972106934,0.3363173305988312,0.4850074052810669,0.5580559372901917,,,0.38576337695121765,0.3073296546936035,0.5415780544281006
20120825,,,,0.29954779148101807,,2.1027939319610596,,,,,,,0.3480450510978699,0.4195234775543213,,,,0.24559517204761505,0.2364891767501831,0.4664073586463928
20120826,0.31753605604171753,0.36816614866256714,0.5306633710861206,0.5627146363258362,0.3612624704837799,2.0351898670196533,0.3666059672832489,0.35430485010147095,,2.547269344329834,0.3897065222263336,1.4757373332977295,,0.4986518323421478,0.6560088992118835,1.212988018989563,,,,0.26189398765563965
20120827,0.3234688341617584,0.8058103322982788,0.7220803499221802,0.4677717685699463,1.1207932233810425,,,0.4342489540576935,,,,,0.33977803587913513,,,,,,,
20120828,0.25370678305625916,,,,,,,,,,,,0.33565449714660645,,,,,,,13.841628074645996
20120829,0.1893080621957779,0.2535794973373413,0.41189682483673096,0.33507952094078064,0.33714359998703003,0.6636009812355042,0.23627619445323944,0.44337764382362366,,2.9828872680664062,0.42542943358421326,0.6055490970611572,0.3492719531059265,0.428676962852478,0.4741569459438324,0.5000396966934204,,0.18007011711597443,,2.036656141281128
20120830,0.28814104199409485,,,,,,,,,,,,,,,,,0.25421449542045593,0.26304903626441956,0.7087819576263428
20120831,0.28925061225891113,0.6593410968780518,0.6354453563690186,0.4674268066883087,1.4788548946380615,1.5993225574493408,,,,,,,0.21251064538955688,0.4048064947128296,0.46839678287506104,1.4216861724853516,,0.5698226690292358,0.279213011264801,1.1957305669784546
20120901,0.31642794609069824,0.7737494111061096,0.6305558085441589,0.3978101313114166,0.6557599902153015,2.4917287826538086,0.7258857488632202,0.5723630785942078,2.3912837505340576,4.6832356452941895,0.9934872388839722,0.9770174622535706,0.34688687324523926,0.7774056196212769,0.6617678999900818,1.6045212745666504,,0.9748769998550415,0.22797729074954987,4.524262428283691
20120902,0.2910105288028717,0.7626654505729675,0.8687503933906555,0.7705433964729309,0.9902794361114502,3.6275317668914795,0.8344334959983826,0.619367778301239,2.7305727005004883,6.618346691131592,0.8522879481315613,1.1400227546691895,0.30690285563468933,0.7433058023452759,0.5527433753013611,1.3714383840560913,,0.5811325907707214,0.5012866258621216,2.164891004562378
20120903,0.30035412311553955,0.75343257188797,0.8380909562110901,0.4802684783935547,0.7576802968978882,2.177030563354492,0.40527719259262085,,,,,,0.2751610279083252,0.46882304549217224,,,,,0.8765354156494141,
20120904,,,,,0.5259757041931152,1.9889652729034424,0.46021226048469543,0.6697941422462463,,,,1.7025632858276367,,,,1.567895531654358,,2.1623167991638184,,3.33180570602417
20120905,0.46932899951934814,0.5079428553581238,,,,2.830288887023926,,,,,,,,,,,,0.4557628333568573,0.4936654269695282,
20120906,0.4136188328266144,0.3916921615600586,,0.27954840660095215,,,,,,,,,,,,,,,0.3586530089378357,0.6315045356750488
20120907,0.36888056993484497,0.5621970891952515,0.8254028558731079,0.42804089188575745,0.3178133964538574,1.9636245965957642,0.32839030027389526,0.5450016856193542,,,0.6036561131477356,1.1360269784927368,0.38202306628227234,0.569485604763031,0.7117780447006226,1.1883329153060913,,0.3140460252761841,,
20120908,0.30579283833503723,0.4033200442790985,0.6330914497375488,0.5131471157073975,0.7541383504867554,1.8511488437652588,0.6137570142745972,0.695662796497345,,,1.0204631090164185,0.7207885980606079,0.46304094791412354,0.5223439931869507,0.5169501304626465,,,,,1.685273289680481
20120909,0.3333466947078705,0.680478036403656,0.6218021512031555,0.5088157653808594,0.5965014696121216,1.9664878845214844,0.6617623567581177,0.5738636255264282,1.5117167234420776,3.5075230598449707,0.8244431614875793,1.3623690605163574,0.41865411400794983,0.8604312539100647,0.5408564805984497,1.1115944385528564,,1.0994712114334106,0.5810926556587219,1.6204969882965088
20120910,0.33021679520606995,0.38326770067214966,0.6928842067718506,0.4401862919330597,0.4656357169151306,2.0736794471740723,0.7541114687919617,0.508597195148468,1.6500980854034424,3.928677797317505,0.7046602964401245,1.1079769134521484,0.3432016372680664,0.44467905163764954,0.5760372281074524,1.0284066200256348,,0.8729526400566101,0.5465229749679565,
20120911,0.36153921484947205,0.7550071477890015,0.606066882610321,0.4190913736820221,0.46301472187042236,2.5537333488464355,0.48933807015419006,0.5382918119430542,1.529923439025879,4.0994110107421875,0.919145405292511,0.8796303868293762,0.3500342071056366,0.6001595854759216,0.728330135345459,1.1160787343978882,,0.8010396957397461,0.5917783975601196,1.7448052167892456
20120912,0.21909880638122559,,,0.27761194109916687,0.20101554691791534,,,,,,,,0.23402248322963715,,,,,0.5701634287834167,0.2654030919075012,
20120913,0.3090401887893677,0.5800970196723938,0.7130430340766907,0.42353495955467224,0.4298246204853058,2.1185684204101562,0.6447640061378479,0.4886823296546936,,4.58743953704834,0.6110655069351196,0.7649027705192566,0.3204403221607208,0.382098913192749,0.4151548743247986,1.087077021598816,,0.695497989654541,0.4656464159488678,1.149224877357483
20120914,0.21268408000469208,0.5969961881637573,0.9882520437240601,,,1.47076416015625,,0.20618821680545807,,,,,,,0.2785722315311432,0.4189581274986267,,0.320059597492218,0.37475815415382385,0.6899247169494629
20120915,,,,,,,,,,2.596684455871582,0.6177011728286743,,,,,,,0.23873312771320343,0.1981096863746643,
20120916,0.2826865017414093,0.7250243425369263,0.7903249859809875,0.34130704402923584,,2.1368463039398193,0.29475513100624084,0.31183528900146484,,0.9694890379905701,0.34772318601608276,0.3512938320636749,,0.290700763463974,0.20762407779693604,0.45657891035079956,,0.30006828904151917,,
20120917,0.27337828278541565,0.7104508280754089,0.45966866612434387,0.41257134079933167,0.32487666606903076,0.33562061190605164,0.5371366143226624,0.17453810572624207,,,0.49236512184143066,,0.23646479845046997,0.32807454466819763,,1.0150283575057983,,0.6623812317848206,0.6056129932403564,0.45640113949775696
20120918,,0.2683183550834656,0.7431783080101013,0.3177962899208069,0.6956017017364502,3.3438048362731934,0.5745061039924622,0.3833998441696167,3.6105494499206543,7.885832786560059,1.02788507938385,0.955741286277771,0.2175407111644745,0.2839661240577698,0.46109142899513245,0.7652601003646851,,0.7945272922515869,0.49456506967544556,
20120919,0.30710503458976746,0.6340727806091309,0.7938782572746277,0.3357044756412506,0.49101465940475464,1.6447452306747437,0.7666338086128235,,,,,,,,,,,,0.5761830806732178,1.0944998264312744
20120920,0.2168801724910736,0.29842066764831543,0.19761231541633606,0.31031447649002075,0.38263970613479614,,0.481467604637146,0.25265032052993774,1.6441924571990967,4.218166828155518,0.42845821380615234,0.6797677874565125,0.1781253069639206,0.5513474345207214,0.3917296826839447,0.7381256818771362,,0.4943896234035492,0.6515247821807861,3.330493688583374
20120921,0.28877782821655273,0.6317989826202393,0.59092777967453,0.3421209752559662,0.3131680190563202,4.1182756423950195,0.5416515469551086,0.4580470025539398,1.9977672100067139,7.894038677215576,0.6119890809059143,1.360926866531372,0.25598135590553284,0.47924351692199707,0.3901945948600769,0.619950532913208,,0.6643893718719482,0.4719958007335663,0.493152379989624
20120922,0.27022576332092285,0.540086567401886,0.5221657156944275,0.4661082923412323,0.3407556712627411,,0.28236261010169983,0.2375144064426422,,,,,0.30073943734169006,,,,,1.0726557970046997,0.9479230642318726,2.815941333770752
20120923,0.27115753293037415,0.5222920179367065,0.5014640688896179,0.32768791913986206,0.2937338948249817,0.8568231463432312,0.4376603364944458,0.3170171082019806,1.2774797677993774,5.07260799407959,0.4227556884288788,0.7000840902328491,0.27564603090286255,0.45768046379089355,0.33744481205940247,0.5855839252471924,,0.5486822128295898,0.4384050667285919,2.978973865509033
20120924,0.27734264731407166,0.3947928249835968,0.7503111362457275,0.3838575780391693,0.6122203469276428,2.430147171020508,0.5209638476371765,0.4985034465789795,2.1117167472839355,3.3906543254852295,0.7840299606323242,0.850269079208374,0.218277707695961,0.26849037408828735,0.257530152797699,0.4539163410663605,,0.3890412449836731,0.33965981006622314,0.5299627780914307
20120925,0.3102864921092987,0.6277881264686584,0.6348325610160828,0.5073729753494263,0.6105285882949829,2.5686450004577637,0.6794633865356445,0.4931383430957794,1.9628663063049316,4.511084079742432,0.6357433199882507,0.9479103088378906,0.3306412994861603,0.7720181345939636,0.5721961855888367,0.7425512075424194,,0.6695156693458557,0.4271274507045746,1.9109491109848022
20120926,0.264909565448761,0.30255773663520813,0.32866835594177246,0.4151485860347748,0.3551848828792572,0.39402809739112854,0.33652716875076294,0.5156372785568237,,,0.47889572381973267,,0.31542524695396423,0.6177746057510376,0.3450245261192322,0.3568103313446045,,0.5312113761901855,0.4867953360080719,
20120927,0.22242720425128937,0.2561284899711609,0.2861732244491577,0.2676059901714325,,0.7589462399482727,0.4014439582824707,,,,,,,,,1.1811262369155884,,0.5745234489440918,0.4874802231788635,9.183446884155273
20120928,0.19357509911060333,0.5040686130523682,0.5412178635597229,0.27261993288993835,0.3960627019405365,0.8638454079627991,0.3987613022327423,0.19732718169689178,,2.702197551727295,,0.821540117263794,0.2715529501438141,0.34620290994644165,0.3084404468536377,0.4278387129306793,,0.34429916739463806,0.281932532787323,
20120929,0.24709923565387726,0.4741716980934143,0.6503872871398926,0.29024964570999146,0.257147878408432,1.6028385162353516,0.5246439576148987,0.3357016444206238,,,0.4199621379375458,1.080613136291504,0.2574422359466553,0.36291781067848206,0.5518547296524048,1.0369594097137451,,0.523367702960968,0.2927607595920563,1.1437331438064575
20120930,0.24402126669883728,0.5248849391937256,0.4078276753425598,0.2631056606769562,0.3023514449596405,1.1929093599319458,0.47583189606666565,0.2306395173072815,0.9667096138000488,3.175455331802368,0.5055131316184998,0.6729289889335632,0.22201548516750336,0.3497092127799988,0.47280630469322205,0.5493003129959106,,0.2992951571941376,0.28472572565078735,1.2675135135650635
20121001,0.3162940740585327,0.664740800857544,0.572737455368042,0.3337428569793701,0.5232860445976257,1.6597297191619873,0.5492089986801147,0.3022134304046631,1.825471043586731,3.164698600769043,0.8149580359458923,0.693217933177948,0.25269824266433716,0.5437846779823303,0.7297223210334778,,,0.5811007022857666,0.2478923350572586,0.7175742387771606
20121002,0.29219871759414673,0.7139851450920105,0.5299313068389893,0.41857391595840454,0.4688376188278198,2.4582412242889404,0.4752333164215088,0.5869849324226379,2.384042978286743,5.120449542999268,0.6032155156135559,1.217426061630249,0.2861592173576355,0.5229278802871704,0.5474146604537964,0.7183799743652344,,0.6228985786437988,0.4295750558376312,4.042422771453857
20121003,0.27674299478530884,0.6258549094200134,0.5078151226043701,0.5113665461540222,0.7191252112388611,2.5667171478271484,0.5243483185768127,0.42894476652145386,3.326958417892456,5.365555763244629,1.1147066354751587,0.5794928073883057,0.24760743975639343,0.776698112487793,0.4884703755378723,0.5920652747154236,,0.7602626085281372,0.7678239345550537,2.7989273071289062
20121004,0.31130412220954895,0.8485215306282043,0.8907214403152466,0.6461319923400879,0.7581358551979065,3.700470447540283,0.8097245097160339,0.5843926072120667,1.618321180343628,10.893453598022461,1.1993319988250732,1.0054960250854492,0.2429966777563095,0.8098303079605103,0.48746997117996216,0.5260453820228577,,0.7573713660240173,0.4696659743785858,1.7251390218734741
20121005,,,,,,,,0.426256000995636,,,,,0.2136945277452469,0.3515320420265198,0.4769591689109802,0.49054089188575745,,0.6856680512428284,0.45713308453559875,1.3174402713775635
20121006,0.29584383964538574,0.4323717951774597,0.45987892150878906,0.2315157651901245,0.23037733137607574,1.3663688898086548,0.3070618510246277,0.19067537784576416,,1.975162148475647,0.5690233111381531,0.44529256224632263,0.17436674237251282,0.2439521849155426,0.2843717336654663,0.6722992062568665,,0.7439523935317993,0.4941776692867279,
20121008,0.3114835023880005,,0.2921541631221771,0.5155075192451477,0.47529909014701843,0.9075402617454529,0.2825067937374115,0.7190613150596619,2.375469207763672,4.232793807983398,1.008500576019287,0.6863361597061157,0.23742221295833588,0.5123767256736755,0.7039434909820557,0.8466905951499939,,1.0102161169052124,0.5571392774581909,0.28518182039260864
20121009,0.23658663034439087,0.6870893239974976,0.48750370740890503,0.6694294214248657,0.5044981241226196,2.669342279434204,0.7325432896614075,0.47357437014579773,2.4726736545562744,5.720361709594727,0.9204919338226318,0.8156418800354004,0.13838081061840057,0.27446383237838745,0.9218215942382812,0.2690602242946625,,0.8641659617424011,,
20121010,,,,,,0.2818571925163269,0.6215274333953857,0.36963537335395813,,,0.5625274777412415,0.20527130365371704,,0.3484995365142822,0.19337452948093414,,,0.331861674785614,,0.24235136806964874
20121011,0.33372265100479126,,,,,,,,,,,,,,,,,,0.35368579626083374,0.4123826026916504
20121012,0.36161401867866516,0.39978405833244324,0.3638059198856354,0.42776063084602356,0.3335498869419098,1.5111141204833984,0.6479262709617615,0.346040278673172,1.9440898895263672,2.9770407676696777,0.44966304302215576,0.5275952816009521,0.24005872011184692,0.4039873480796814,0.5116961002349854,,,,,
20121013,0.34798774123191833,0.6744763255119324,0.5155789852142334,0.434692919254303,0.42990487813949585,2.275045394897461,0.6340616941452026,0.4210241138935089,4.303450107574463,4.702569484710693,0.765302300453186,0.43834197521209717,0.29673728346824646,0.5326369404792786,0.8373658657073975,1.0816431045532227,,,,0.2816724181175232
20121014,0.4488205015659332,0.7277617454528809,,,,0.7751175165176392,0.4500332176685333,0.413251668214798,,8.050444602966309,0.852214515209198,0.28867968916893005,0.3086854815483093,0.5755849480628967,0.596876323223114,1.122696876525879,,,0.6660017967224121,2.150800943374634
20121015,,0.3272829055786133,0.2201749086380005,0.32545608282089233,0.3757442831993103,2.488276720046997,0.47321271896362305,0.30150121450424194,2.203305721282959,4.890079975128174,0.874824583530426,0.46186763048171997,0.2535984516143799,0.2986464500427246,0.6156420111656189,0.7003242373466492,,0.519054651260376,,
20121016,0.28162500262260437,0.2771857976913452,0.2575620710849762,,,,,,,,,,,,,,,,,
20121017,0.2835730314254761,0.5969254374504089,0.41965606808662415,0.3688911199569702,0.30324387550354004,1.854191780090332,0.534839391708374,0.35288479924201965,1.7680749893188477,,0.5932930111885071,0.3115909993648529,0.24783705174922943,0.3522213101387024,0.4991430342197418,0.6527045965194702,,0.5114156603813171,0.19411514699459076,0.34385931491851807
20121018,0.28826746344566345,0.751085102558136,0.5595341324806213,0.37998366355895996,0.2595050632953644,,0.303609162569046,0.2756737470626831,,,,,0.27064916491508484,0.5931710600852966,0.4101029336452484,0.8901808261871338,,0.6153976321220398,,
20121019,0.3069801330566406,0.8287894129753113,0.5855618119239807,0.48265713453292847,0.5195126533508301,2.513410806655884,0.49747195839881897,0.4812825322151184,5.083867073059082,6.13932991027832,0.9517859816551208,0.46605876088142395,0.22309733927249908,0.5002216100692749,,,,,0.4940594732761383,2.1180918216705322
20121020,,1.2462111711502075,1.0717194080352783,0.9499815702438354,0.25678756833076477,3.5694665908813477,0.3618234694004059,0.20344418287277222,,,,,0.17252826690673828,0.14960706233978271,0.19105708599090576,0.3339826166629791,,0.4016990065574646,0.2809695303440094,0.2549058496952057
20121021,0.21725453436374664,,,,,,,0.2772614061832428,1.950451374053955,3.315803050994873,0.5718581080436707,0.6089091300964355,,0.5116627812385559,0.1520015299320221,0.8059089183807373,,0.4892909526824951,0.26227912306785583,0.4764193892478943
20121022,0.2757609486579895,0.599822998046875,0.48495155572891235,0.2619626224040985,0.3864356279373169,2.091732978820801,0.46774792671203613,,,5.312979221343994,,,,,,,,,0.6218375563621521,1.112705945968628
20121023,,,,,,3.3148531913757324,,,,,,,,,,,,,,
20121024,0.27948030829429626,0.3071659505367279,0.3207257390022278,0.29464811086654663,,,,,,,,,0.22473032772541046,,,,,,,
20121025,0.3103978931903839,0.4321157932281494,0.4091758131980896,0.30641114711761475,0.633124828338623,1.0612478256225586,0.6206028461456299,,1.1749411821365356,2.3240654468536377,,,,,,,,,,
20121026,,,,,,1.7843221426010132,0.8054841756820679,0.4758860766887665,,3.472893238067627,0.4136299788951874,0.5275656580924988,,0.37475845217704773,0.4881149232387543,0.8957404494285583,,0.4199972450733185,0.42465031147003174,0.5208553075790405
20121027,0.3140566945075989,0.6208223700523376,0.30668431520462036,0.28892549872398376,0.3786344528198242,,0.17938195168972015,0.3245357573032379,,,,,0.2785177528858185,0.5833507776260376,,,,,,0.1647425889968872
20121028,0.31010380387306213,0.3214462399482727,0.2594900131225586,0.266691118478775,0.2909313440322876,1.3370939493179321,0.621924102306366,0.3692518472671509,1.9219577312469482,2.6204452514648438,0.46957889199256897,0.4790240526199341,0.26143336296081543,0.353934645652771,0.2179192304611206,0.4944804608821869,,0.4003833532333374,0.6084514856338501,1.146114706993103
20121029,0.26540711522102356,0.6855258941650391,0.45339664816856384,0.3346441388130188,0.49844640493392944,2.4420294761657715,0.5071147680282593,0.47208696603775024,3.53047513961792,6.057341575622559,0.8105195164680481,0.3642663359642029,0.26119881868362427,0.44515904784202576,0.5894908905029297,0.59717857837677,,0.6479447484016418,0.3878841996192932,0.9095643758773804
20121030,,,,,,2.670212507247925,,,,6.407736778259277,,,,,0.17731572687625885,0.6448565721511841,,0.8298434615135193,0.5478221774101257,1.7336068153381348
20121031,,,,,,,,,,,,,,,,,,,,
20121101,,,,,,,,,,,,,,,,,,,,
20121102,0.3779168426990509,,,,,,,,,,,,,,,,,,,
20121103,0.2980395555496216,0.811488151550293,0.5585865378379822,0.28589093685150146,0.4836590588092804,0.8621307611465454,0.3416244387626648,,,,0.27108311653137207,0.4578603208065033,0.26337528228759766,0.41905373334884644,0.5129565000534058,,,0.34044551849365234,,
20121104,0.3227030038833618,0.2923862636089325,0.6202259659767151,0.5162038207054138,0.6352083683013916,3.234910726547241,0.3797454237937927,0.31183138489723206,,,0.7316291928291321,0.33717113733291626,0.2657758891582489,0.36881470680236816,0.45342591404914856,0.461916446685791,,0.5750133991241455,,0.24874278903007507
20121105,,,,,,,,,,,,,,,,,,,,
20121106,,,,,,3.1994006633758545,,,,,,,,,,,,0.5701397657394409,0.5392271280288696,0.3543092608451843
20121107,0.2676723301410675,0.6953259706497192,0.24906693398952484,0.1404997557401657,,,,,,,,,,,,,,,,
20121108,0.24650639295578003,0.7834822535514832,0.43091580271720886,0.22024239599704742,0.21016556024551392,1.731095552444458,0.4335406720638275,0.2803507149219513,1.195875644683838,3.1647748947143555,0.421712726354599,0.44421541690826416,0.16918569803237915,0.24394889175891876,0.2737760841846466,0.38347873091697693,,0.5148751735687256,0.47831693291664124,1.9974536895751953
20121109,0.24727317690849304,0.6692827343940735,0.43028923869132996,0.20540538430213928,0.358557790517807,1.500434160232544,0.3583660125732422,0.22550643980503082,3.435720682144165,4.166656970977783,1.575530767440796,,0.22402702271938324,0.2077271193265915,0.21427899599075317,,,,0.7414790987968445,0.21585555374622345
20121110,0.3266882002353668,0.8624954223632812,0.737078070640564,0.4415760934352875,0.43759506940841675,2.412010908126831,0.4642590582370758,0.47522538900375366,1.9155000448226929,4.520811557769775,0.653648853302002,0.46119189262390137,0.20088453590869904,0.5242879390716553,0.32041046023368835,0.38210728764533997,,0.5376114249229431,0.5471706986427307,2.4207208156585693
20121111,,,,,,3.1152589321136475,,,1.6490299701690674,4.791690826416016,0.5916575193405151,0.5170363783836365,,0.2794197201728821,0.2061353176832199,,,0.5005471706390381,0.5359246134757996,1.311147928237915
20121112,0.3232012093067169,,,,,,,,,,,,,,,,,,,0.671251654624939
20121113,0.3335866928100586,0.3302977979183197,0.2770129442214966,0.23469731211662292,0.336336225271225,0.9722830653190613,0.24873793125152588,0.35943013429641724,,,0.4048134982585907,0.3276442289352417,0.21332597732543945,0.4117889404296875,0.36662521958351135,0.38016602396965027,,0.4625142812728882,0.5452285408973694,
20121114,0.27747392654418945,1.2388970851898193,0.5644224286079407,0.2726494073867798,,0.9037014842033386,0.4194532334804535,0.28062283992767334,2.404798746109009,3.1091275215148926,0.795901358127594,0.5691521167755127,,0.2945929169654846,,,,,,
20121115,0.35235828161239624,0.24363894760608673,0.22295701503753662,0.2739764451980591,0.5969012379646301,,,,,,,,,,,,,0.6099526286125183,1.0548758506774902,
20121116,,,,,0.43710899353027344,2.0540239810943604,0.5389378070831299,0.481557697057724,2.2275335788726807,3.065650701522827,0.764022707939148,0.5860368013381958,0.20611731708049774,0.3638778030872345,0.47150087356567383,0.647983193397522,,0.5731393694877625,0.298496276140213,0.6258615255355835
20121117,0.32546016573905945,,,,,,,,,,,,,,,,,,0.3077554404735565,0.3643321692943573
20121118,0.34915104508399963,0.7857230305671692,0.5796190500259399,0.3473641276359558,0.3257897198200226,1.037278175354004,0.23946407437324524,0.4546044170856476,,,0.7548792958259583,,0.23536334931850433,0.40830197930336,,,,,,
20121119,0.36062511801719666,0.6301575899124146,0.8260149955749512,0.3154391646385193,0.3346143364906311,1.6599830389022827,0.5527547001838684,0.4842129051685333,,,0.4807698428630829,0.29919806122779846,0.24019502103328705,0.39954182505607605,0.3689822256565094,0.4065955877304077,,0.5348511338233948,0.4253462851047516,0.3164069950580597
20121120,0.26793283224105835,0.29621198773384094,0.2922212481498718,0.3066112697124481,0.26069432497024536,,,,,,,,0.25177592039108276,,,,,,,0.2681795656681061
20121121,,,0.710771381855011,0.3548112213611603,0.35210129618644714,1.697701334953308,0.39631569385528564,0.38139158487319946,1.91692316532135,2.6118850708007812,0.5628145933151245,0.46732473373413086,0.20314499735832214,0.28781235218048096,,,,0.38924267888069153,0.42763105034828186,0.8024582266807556
20121122,,,,,,,,,,,,,,,0.5218298435211182,0.4263368546962738,,0.4969545304775238,,0.8535472750663757
20121123,,,,0.18777307868003845,0.21475926041603088,,,0.25143617391586304,,,,,0.21633434295654297,,,,,,,1.269228458404541
20121124,0.16352194547653198,,0.7327048182487488,0.36898401379585266,0.24408847093582153,1.8716427087783813,0.3231804668903351,0.2316298484802246,,1.670271396636963,0.2294880896806717,0.3258097767829895,0.21889355778694153,0.34246689081192017,0.3636341094970703,0.30822479724884033,,,,
20121125,,,,0.27735570073127747,0.22400081157684326,,,0.35682907700538635,,,0.5659835338592529,,0.204772487282753,0.31912294030189514,0.3922339081764221,0.2938256561756134,,0.31965258717536926,0.40653538703918457,0.5821803212165833
20121126,0.22360357642173767,0.5614592432975769,0.7126066088676453,0.5316900014877319,0.4637933075428009,1.7792013883590698,0.33200886845588684,0.4851570427417755,,3.2317073345184326,0.6580221056938171,0.5506998896598816,0.23291093111038208,0.45933863520622253,0.9489997029304504,,,0.35120388865470886,0.39381319284439087,0.22463345527648926
20121127,,,,,,1.4287363290786743,,,1.766797423362732,2.9354591369628906,0.5849499106407166,0.5410087704658508,,,0.5994263887405396,0.38518670201301575,,0.49709802865982056,0.35506901144981384,0.3925171494483948
20121128,0.31766805052757263,1.0161092281341553,0.5689026117324829,0.2906518578529358,,,,,,,,,,,,,,,0.4951842725276947,0.8110606670379639
20121129,0.26723361015319824,0.3462335467338562,0.29942721128463745,0.2606073021888733,0.1791941523551941,,,,,,,,0.20107153058052063,,,,,,,
20121130,0.24245470762252808,0.9080058932304382,0.5174139142036438,0.2801724374294281,0.34448111057281494,,0.25943365693092346,0.3587873876094818,,,0.581704318523407,,0.23335900902748108,0.26416200399398804,,,,0.2369682937860489,,
20121201,0.2298339158296585,0.7571476101875305,0.4582178592681885,0.23272855579853058,0.27189964056015015,0.8932374715805054,0.3486963212490082,0.4066014885902405,,,0.377398282289505,,0.21483878791332245,0.2937551736831665,0.29006117582321167,,,0.39085742831230164,0.32445526123046875,2.2101175785064697
20121202,,,,,0.3306029140949249,2.1058266162872314,0.4949190318584442,0.37893858551979065,,3.7052841186523438,0.2054079920053482,0.49088892340660095,0.17953559756278992,0.20459085702896118,0.3922821581363678,0.4260411262512207,,0.41662779450416565,0.2202831357717514,0.21088093519210815
20121203,0.2066500335931778,,,,,,,,,,,,,,,,,,,0.1424310952425003
20121204,0.23863501846790314,0.6931239366531372,0.6228727102279663,0.1848864108324051,,,,,,,,,,,,,,,,
20121205,0.25295209884643555,0.5674965381622314,0.6300451755523682,0.19930672645568848,0.33215588331222534,2.1167471408843994,0.43561142683029175,0.4531007707118988,1.8872202634811401,2.605982780456543,0.41185444593429565,0.4150135815143585,0.2861821949481964,0.41275790333747864,,,,,,
20121206,,,,,,1.0889105796813965,0.6301316022872925,,,,,,,,,,,,,0.24204300343990326
20121207,,,0.6883189082145691,0.41988447308540344,0.3913646936416626,1.6480653285980225,0.29268595576286316,0.4094446301460266,,,1.220563292503357,,0.2053728699684143,0.771655261516571,0.28688961267471313,,,0.3023451566696167,0.2179814726114273,
20121208,,,,,,,,,,,,,,,,,,,0.22955282032489777,0.49854776263237
20121209,,0.355668842792511,,,,,,,,,,,,,,,,,,
20121210,0.37727394700050354,1.0770491361618042,0.8891468644142151,0.2994837164878845,0.36378955841064453,1.1335514783859253,0.4873424172401428,0.40574562549591064,1.9142260551452637,2.717017650604248,0.45350971817970276,0.482068806886673,0.24940276145935059,0.38601839542388916,0.5227031111717224,0.5700383186340332,,0.5781223177909851,,
20121211,0.3163186013698578,1.2536252737045288,,,0.20238205790519714,1.5577630996704102,0.20676514506340027,0.26750847697257996,,2.121962308883667,0.5322892665863037,0.4037027359008789,0.2688618302345276,0.33877164125442505,0.528148353099823,0.5156025290489197,,0.41255977749824524,0.3390998840332031,0.6069520711898804
20121212,0.30321335792541504,1.086774468421936,1.18589186668396,0.47854694724082947,0.3614811599254608,2.0755279064178467,0.4599442183971405,0.4135756492614746,1.0843700170516968,1.1322036981582642,0.45937690138816833,0.4397946298122406,0.19725221395492554,0.5419670939445496,0.505403995513916,0.4317750930786133,,0.3932861089706421,0.29907017946243286,0.647761344909668
20121213,,,,,,,,,,,,,,,,,,,,
20121214,,,,,,,,,,,,,,,,,,,,
20121215,,,,,,2.2508249282836914,,,,,,,,0.3014303147792816,0.41329145431518555,,,,,
20121216,0.26014819741249084,0.6324398517608643,0.5553226470947266,,0.22326381504535675,3.4051125049591064,,,,,,,,,,,,0.28088778257369995,0.2898007333278656,
20121217,0.27775609493255615,0.9464887976646423,0.7837150692939758,0.22131574153900146,0.2542497515678406,2.2834877967834473,0.4782143235206604,0.5452386140823364,,,0.7067330479621887,0.2884151339530945,0.2158135026693344,0.2810991704463959,0.4487791061401367,0.5088619589805603,,0.4355413019657135,0.28570637106895447,1.4030375480651855
20121218,,,,,0.4753466546535492,2.5309176445007324,0.4744781255722046,0.5486869215965271,2.6622889041900635,4.584524154663086,0.7575479745864868,0.8584348559379578,0.2399398386478424,0.9326831698417664,0.4430167078971863,0.4757906198501587,,0.32355302572250366,0.24156902730464935,0.6603456735610962
20121219,,,,,,,,,,,,,,,,,,,,
20121220,0.2787342965602875,0.7279921770095825,0.5148960947990417,0.2812862694263458,0.29209575057029724,0.5324369668960571,0.28615936636924744,0.2937292754650116,,,0.5757383704185486,,0.19116973876953125,0.22540050745010376,,,,,,
20121221,0.27453142404556274,0.8975045084953308,0.48435378074645996,0.2178972214460373,0.5367264747619629,2.322559118270874,0.3563808500766754,0.584545373916626,2.700002431869507,5.817891597747803,0.5698044896125793,0.5642411112785339,0.24515144526958466,0.4508618116378784,0.4793531000614166,0.5141730308532715,,0.29645901918411255,0.22075696289539337,0.27911800146102905
20121222,0.25125646591186523,0.7128309011459351,0.6828622817993164,0.33293208479881287,0.2933986783027649,2.2923309803009033,0.4088367819786072,0.3414026200771332,2.5184805393218994,3.6824257373809814,0.4907069504261017,0.6497740149497986,0.22337520122528076,0.34725525975227356,0.47025835514068604,0.4937313199043274,,0.33665353059768677,0.2627193033695221,0.28388693928718567
20121223,,,0.24050204455852509,,,1.7674390077590942,0.6013909578323364,,2.183807373046875,4.4183549880981445,0.35794588923454285,0.5622386932373047,,0.2547737956047058,0.3704665005207062,,,,0.19795183837413788,
20121224,,,,,,,,,,,,,,,,,,0.3590588867664337,0.26770398020744324,0.34653088450431824
20121225,0.29509854316711426,0.6909063458442688,0.6027772426605225,0.1260119527578354,,,,,,,,,,,,,,,,
20121226,0.30185839533805847,0.905640184879303,0.564805269241333,0.3261149525642395,0.28915315866470337,1.8617045879364014,0.4700128138065338,0.3195801377296448,2.162907361984253,3.2507376670837402,0.4691624343395233,0.5551946759223938,0.22173000872135162,0.32118088006973267,0.5515003204345703,0.4860612750053406,,0.33164313435554504,0.2697013318538666,0.9570249915122986
20121227,0.2601895332336426,0.6782910823822021,0.6514353156089783,0.37379416823387146,0.48408597707748413,1.782733678817749,0.300010085105896,0.27306827902793884,,,,,0.27223411202430725,,,0.3797939419746399,,0.3905583620071411,0.17633932828903198,
20121228,,1.050949215888977,0.7344440221786499,0.534054696559906,0.4102742373943329,1.872235894203186,0.4206758141517639,0.6016205549240112,2.2319295406341553,2.8806509971618652,0.8464735746383667,0.523848295211792,0.2316170632839203,0.9320024847984314,0.49736517667770386,0.2911865711212158,,0.6274076104164124,,2.7402048110961914
20121229,,,,,,2.647390127182007,,,,2.9269461631774902,,0.6245700120925903,,,,,,0.39936134219169617,,0.7252717018127441
20121230,0.31788086891174316,0.849006175994873,1.099578619003296,0.3521483242511749,0.19174203276634216,,,,,,,,0.1874701827764511,,,,,,,1.046580195426941
20121231,0.3209821879863739,0.36313676834106445,0.6946957111358643,0.34207212924957275,0.336631178855896,2.1697280406951904,0.49699103832244873,0.5491416454315186,2.511627435684204,4.152904987335205,0.6148037314414978,0.6342861652374268,0.2658260762691498,0.39197489619255066,0.5957485437393188,0.4588897228240967,,0.37749993801116943,0.40687575936317444,
20130101,0.2958434522151947,0.8335564732551575,0.6285760998725891,0.3324480652809143,0.3908053934574127,3.126805543899536,0.4481043815612793,0.5412415266036987,4.036952495574951,4.653237342834473,0.8465398550033569,0.48053210973739624,0.23670955002307892,0.5585503578186035,0.46925053000450134,0.3724372982978821,,0.4282168745994568,0.13734132051467896,
20130102,0.2947193682193756,0.8040079474449158,0.6451945900917053,0.504699170589447,0.4541092813014984,2.3000094890594482,0.5016819834709167,0.5283039808273315,3.2056164741516113,3.330531120300293,0.7888460755348206,0.5167325139045715,0.24375778436660767,0.510273277759552,0.5053765177726746,0.37994635105133057,,0.3450201153755188,0.2324659377336502,0.6870657205581665
20130103,,,,0.20135872066020966,0.3615245223045349,2.5026533603668213,0.4863222539424896,0.56474369764328,2.998896598815918,4.098030090332031,0.8082121014595032,0.6191411018371582,0.29180270433425903,1.032378911972046,0.4356861114501953,0.37539371848106384,,0.36371490359306335,0.22382338345050812,0.20994672179222107
20130104,0.31676509976387024,,,,,,,,,,,,,,,,,,0.18040037155151367,0.5754973292350769
20130105,0.2946709394454956,0.5824058055877686,0.4540751874446869,0.29219022393226624,0.31636109948158264,0.47668683528900146,0.25279831886291504,0.4503815770149231,,,,,0.2645476758480072,0.27478039264678955,,,,,,
20130106,0.3438985049724579,0.8022504448890686,0.572328507900238,0.29057252407073975,0.6455702185630798,1.5978305339813232,0.4224298596382141,0.588799774646759,2.2479729652404785,3.1041886806488037,0.6623868346214294,0.6227482557296753,0.26721620559692383,0.40202784538269043,0.4218893051147461,0.40797722339630127,,0.34694811701774597,0.1857188642024994,0.14033165574073792
20130107,0.3005051016807556,0.8280307650566101,0.6613418459892273,0.5045276880264282,0.4654081463813782,2.641770601272583,0.432572603225708,0.5555397868156433,2.6746487617492676,2.8575682640075684,0.6509442329406738,0.5987836718559265,0.2618477940559387,0.4242250919342041,0.42484816908836365,0.34778741002082825,,0.3670330345630646,0.21255919337272644,0.582740068435669
20130108,,,,,0.4966810345649719,2.275986909866333,0.44980376958847046,0.6532093286514282,2.3110551834106445,3.9532980918884277,0.6903815269470215,0.5329360365867615,0.2720271944999695,0.2970694303512573,0.41559532284736633,,,0.15435028076171875,0.14760908484458923,
20130109,0.25113391876220703,,,,,,,,,,,,,,,,,,,0.5904107093811035
20130110,0.3725908696651459,1.0722057819366455,0.8395952582359314,,,,0.8600854277610779,0.44988813996315,,,,,,0.2651224434375763,,,,,,0.47219735383987427
20130111,0.4526363015174866,,,0.1701710820198059,0.21467189490795135,,,0.4209449887275696,3.413339376449585,,0.48663467168807983,0.6124178171157837,0.24828121066093445,0.3472805619239807,0.38335853815078735,0.3789488971233368,,0.34565815329551697,0.2150704562664032,
20130112,0.29030150175094604,,,,,,,,,,,,,,,,,,0.14853738248348236,
20130113,,,0.2197847068309784,0.15125292539596558,0.27438414096832275,,,0.2525860071182251,,,,,0.16323643922805786,0.2135142982006073,0.22080472111701965,0.2864941656589508,,0.29671475291252136,0.15241210162639618,
20130114,,,,,,2.1445472240448,,,,,,,,,,0.22225604951381683,,0.2942078113555908,0.20527561008930206,0.5906216502189636
20130115,0.41579025983810425,0.9790946245193481,0.8942330479621887,0.4080336093902588,0.3873187303543091,,,,,,,,0.30996954441070557,,,,,,,0.5965874195098877
20130116,0.40345293283462524,0.3931140601634979,0.3312808573246002,0.3420780897140503,0.346405565738678,2.671783924102783,0.5718235373497009,0.6226798295974731,3.5457990169525146,6.768959999084473,0.7287575602531433,0.5443715453147888,0.24426382780075073,0.4159781336784363,0.37843406200408936,0.3924870193004608,,0.34778550267219543,0.20862354338169098,0.1901596635580063
20130117,0.3556085228919983,1.1823413372039795,0.6843253970146179,0.3236866891384125,0.5374252200126648,4.0548176765441895,0.505396842956543,0.6939112544059753,9.44298267364502,10.225457191467285,1.273705005645752,0.5478984713554382,0.21895405650138855,0.5087347030639648,0.3376831114292145,0.3162364065647125,,0.3295723497867584,0.16211937367916107,
20130118,,,,,,2.598140239715576,0.42222580313682556,0.2146058976650238,2.9067304134368896,2.8702218532562256,,,0.10233049094676971,,0.2303996980190277,0.27609431743621826,,0.19390225410461426,0.14158405363559723,0.19457559287548065
20130119,,,,,,2.025338888168335,0.592133104801178,0.6189723610877991,2.3279716968536377,2.858881950378418,0.8490118980407715,0.7503661513328552,0.2832892835140228,0.4730023741722107,0.3140709102153778,0.299111008644104,,0.34669020771980286,0.16463834047317505,0.542123556137085
20130120,0.3804002106189728,,,,,,,,,,,,,,,,,,0.1888381540775299,0.8050755858421326
20130121,0.35288453102111816,0.8066070675849915,0.5900639295578003,0.3236119747161865,0.3892868757247925,2.084294080734253,0.5416266322135925,0.6322096586227417,2.4038946628570557,3.8094818592071533,0.7697919011116028,0.5653271079063416,0.22658559679985046,0.443970650434494,0.33668264746665955,0.31841903924942017,,0.2045288383960724,,
20130122,0.3928496539592743,0.7590588331222534,0.5445736646652222,0.27914944291114807,0.3680401146411896,2.596038818359375,0.4829872250556946,0.6180151700973511,2.38130784034729,5.0662312507629395,0.5790917277336121,0.9550995230674744,0.1612527221441269,0.26178061962127686,0.2931577265262604,0.3067381978034973,,0.43522578477859497,,0.6615138649940491
20130123,0.42445600032806396,0.9566704034805298,0.7124042510986328,0.47599315643310547,0.4186120331287384,2.3789238929748535,0.4801013469696045,0.5894044041633606,2.933356761932373,3.815129041671753,0.696823239326477,0.7059133052825928,0.19043771922588348,0.41378599405288696,0.3073720932006836,0.3242538869380951,,0.2978591024875641,0.19349224865436554,0.6410967707633972
20130124,,,0.19897665083408356,0.39913350343704224,0.5191341638565063,2.605686902999878,0.6725890636444092,0.47028982639312744,2.5997824668884277,4.058237552642822,0.3763379156589508,0.7871893644332886,,,0.28953608870506287,0.24727585911750793,,0.35221055150032043,,0.8210278153419495
20130125,,,,,,,,,,,,,,,,,,0.34325724840164185,0.1606447696685791,0.4884827733039856
20130126,0.32877930998802185,0.7536928653717041,0.5416020154953003,0.39579442143440247,0.31109389662742615,,,0.3435876667499542,,,,,0.1805272251367569,0.19652332365512848,,,,0.16987068951129913,,
20130127,0.37412357330322266,0.6047772169113159,0.608689546585083,0.20556475222110748,0.33554425835609436,2.0386481285095215,0.505719006061554,0.28135961294174194,,2.815816879272461,0.3734305202960968,0.6722489595413208,0.14136186242103577,0.1499963104724884,0.25064191222190857,0.29157882928848267,,0.3252072036266327,0.21228563785552979,0.19541126489639282
20130128,0.281227171421051,0.538002073764801,0.45200178027153015,0.38850122690200806,0.3467458188533783,,0.4308309257030487,0.3474213480949402,,,,,0.16084930300712585,,,,,0.35102853178977966,,0.2881768047809601
20130129,0.43703025579452515,0.9475711584091187,0.9881411194801331,0.6428953409194946,0.48442143201828003,2.2699966430664062,0.5914881229400635,0.4467983543872833,2.4117841720581055,3.2119381427764893,0.8648933172225952,0.7855232954025269,0.1874067783355713,0.31389713287353516,0.2848457396030426,0.2633894085884094,,0.2771137058734894,0.17050692439079285,0.5626155138015747
20130130,0.310524046421051,,,,,2.6545748710632324,0.8007413744926453,,2.623823642730713,3.4888837337493896,,0.8667343258857727,,,0.3558958172798157,0.32366228103637695,,0.4239834249019623,0.10897309333086014,0.22080133855342865
20130131,0.2355695217847824,0.22564981877803802,,,,,,,,,,,,,,,,,,
20130201,0.24878260493278503,0.2191624641418457,,,,0.7777466177940369,,,,,,,0.11262083053588867,0.22575171291828156,,0.38144761323928833,,0.29103827476501465,0.17392176389694214,
20130202,0.423348993062973,0.897258996963501,0.5584597587585449,0.2290056347846985,0.3548426628112793,3.059826374053955,0.4765411913394928,0.3161660432815552,2.3982396125793457,2.783663272857666,0.5931106805801392,0.6540268063545227,0.12265542149543762,0.15548411011695862,0.27587205171585083,,,0.22737938165664673,0.1931944340467453,0.5694865584373474
20130203,0.4414072036743164,0.8141273856163025,0.7100057601928711,0.47043922543525696,0.3854362368583679,2.228541135787964,0.6471861004829407,0.47749897837638855,2.9221251010894775,3.177338123321533,0.8351050615310669,0.8694621920585632,0.18580491840839386,0.3170090615749359,0.21719500422477722,0.3466263711452484,,0.9298593997955322,0.09358393400907516,0.7661007046699524
20130204,,,,0.247543066740036,0.5505332946777344,2.213766098022461,0.63978111743927,0.6461406946182251,2.398012161254883,3.345813751220703,0.8775978088378906,0.7040835022926331,0.25058066844940186,0.4860912561416626,0.3319208323955536,0.42558375000953674,,0.40182486176490784,0.2408452183008194,0.8673048615455627
20130205,0.46831226348876953,0.9715965986251831,0.7650434374809265,0.3022022843360901,0.42836320400238037,,0.4191981852054596,0.4602568447589874,,,,,0.2350645214319229,,,,,0.2846389710903168,0.22701534628868103,0.6198283433914185
20130206,,,,,,3.059994697570801,,,,,,,0.19683514535427094,,,,,,0.21848748624324799,0.5637734532356262
20130207,0.39442113041877747,0.332298219203949,0.4414844810962677,0.2315557301044464,0.4062158763408661,0.9765167832374573,0.43741756677627563,0.6662229299545288,,0.9131783246994019,0.5410551428794861,0.5023342370986938,0.20134131610393524,0.46445369720458984,0.2995597720146179,0.31942620873451233,,0.27444687485694885,0.21532894670963287,0.5260902047157288
20130208,0.3631148040294647,0.8474741578102112,0.5157681703567505,0.2730766236782074,0.4349462687969208,2.5784926414489746,0.6113556027412415,0.5897995233535767,4.13403844833374,6.379841327667236,0.8570830225944519,0.5801262259483337,0.17489664256572723,0.42820030450820923,0.28407078981399536,0.2715989053249359,,0.3161936104297638,0.19374173879623413,0.4889742434024811
20130209,,,0.8688638806343079,0.2816525995731354,0.40760359168052673,2.8000545501708984,0.6372593641281128,0.5663604736328125,2.9428322315216064,4.862068176269531,0.7990137338638306,0.6494084596633911,0.19769950211048126,0.35492315888404846,0.2423470914363861,0.22825545072555542,,0.45487603545188904,0.25075405836105347,0.1486586481332779
20130210,,,,,,,,,,,,,,,,,,0.5246117115020752,0.18325422704219818,0.23010526597499847
20130211,0.3265085816383362,0.2920476198196411,0.3366912603378296,0.3033096492290497,0.5677114725112915,1.9373091459274292,0.7092580795288086,0.6518946886062622,,,,,0.25084078311920166,,,,,,,0.5361922383308411
20130212,0.548223078250885,0.5673806071281433,0.4459457993507385,0.29415494203567505,0.4441085159778595,2.428035020828247,0.6720365285873413,0.6355307698249817,2.389296293258667,4.895042419433594,0.7290461659431458,0.8550773859024048,0.26863980293273926,0.5167955756187439,0.36108890175819397,0.5774971842765808,,0.5563485026359558,0.3514821529388428,0.3951385021209717
20130213,0.44933030009269714,0.8716603517532349,0.6004626154899597,0.41569721698760986,0.5370347499847412,2.248389720916748,0.671214759349823,0.7253066301345825,2.950711250305176,5.328861236572266,0.8341266512870789,0.7323638796806335,0.28617095947265625,0.5078093409538269,0.3868108093738556,0.5888051390647888,,0.49961546063423157,0.3117179870605469,0.48592039942741394
20130214,0.5430892705917358,0.7940874099731445,0.7064077854156494,0.34657666087150574,0.42727506160736084,2.216826915740967,0.5895726680755615,0.603726327419281,2.742396354675293,4.000457763671875,0.8909599184989929,0.6886193156242371,0.29258283972740173,0.557887077331543,0.28277280926704407,0.48374325037002563,,0.571743905544281,0.3569595217704773,0.5611778497695923
20130215,0.4733888804912567,,0.3048986494541168,0.2485811412334442,0.2770363390445709,2.1471683979034424,0.723880410194397,0.8059375286102295,,,,,0.2699999511241913,0.3724428713321686,0.29130175709724426,0.3775663375854492,,0.44357362389564514,0.29947951436042786,0.8364667892456055
20130216,0.4102539122104645,0.805778980255127,0.6830869913101196,0.29046952724456787,0.4272710680961609,2.584413766860962,0.6376678943634033,0.630137026309967,2.281221389770508,2.4995174407958984,0.8937452435493469,0.5433971881866455,0.2278091013431549,0.5496928095817566,0.32642993330955505,0.33169808983802795,,0.4181635081768036,0.22181594371795654,0.6744357943534851
20130217,0.38888347148895264,0.329321026802063,0.40958964824676514,0.1528078019618988,0.3905690014362335,1.3767296075820923,0.4469238221645355,0.44752004742622375,1.489331841468811,0.8112252354621887,0.6142529249191284,0.3584098517894745,0.21761468052864075,0.399137943983078,0.2269134819507599,0.24531958997249603,,0.321705162525177,0.2672688961029053,1.03240966796875
20130218,0.17725296318531036,,,,,3.9799253940582275,0.4521344006061554,0.9885160326957703,,2.210007667541504,0.40633323788642883,0.6771435737609863,0.22654341161251068,0.48646360635757446,0.27340614795684814,0.28479620814323425,,0.29227378964424133,0.201511412858963,0.4333704113960266
20130219,0.47473496198654175,0.8532020449638367,0.6825191974639893,0.5187837481498718,0.4972437024116516,2.737422227859497,0.7151235938072205,0.6537922024726868,2.6153104305267334,3.350947380065918,0.977474570274353,0.8839729428291321,0.2515525817871094,0.5439717173576355,0.2855225205421448,0.4264160394668579,,0.3942929208278656,0.1727900207042694,0.2608140707015991
20130220,,,,,0.582626461982727,2.2102062702178955,0.5825498104095459,0.6191805601119995,,,0.4300968647003174,,0.31565791368484497,0.3013485074043274,0.30649998784065247,0.3542228043079376,,0.3978845477104187,0.21388442814350128,1.9416680335998535
20130221,0.7356944680213928,1.173939824104309,0.39386358857154846,0.5187265276908875,0.5547791719436646,,0.5674256086349487,0.5381708145141602,,,,1.0584050416946411,,,,,,,,
20130222,0.6277993321418762,0.9360506534576416,0.5374327898025513,0.3109937906265259,0.4659735858440399,1.814400315284729,0.5960180163383484,0.611257016658783,1.6898210048675537,1.1202991008758545,0.4360473155975342,0.5721413493156433,0.2866540551185608,0.42188259959220886,0.29008451104164124,0.3473210036754608,,0.16795332729816437,0.28458428382873535,1.3700346946716309
20130223,0.9294021725654602,2.9858689308166504,1.093550205230713,0.39864107966423035,0.6255596280097961,4.200669288635254,0.5362004041671753,0.9569712281227112,1.7379471063613892,1.7032113075256348,0.6279846429824829,0.5385206937789917,0.26181596517562866,0.4525577425956726,0.314374178647995,0.38821059465408325,,0.43598130345344543,0.2644433081150055,0.752336323261261
20130224,,,,,,,,,,,,,0.20200452208518982,,,,,,,0.889182448387146
20130225,,1.3284975290298462,0.6515781879425049,0.5476828813552856,0.2567712664604187,2.420171022415161,0.4734911620616913,,,,,,0.1825016587972641,,,,,,0.4355315864086151,1.0132615566253662
20130226,,,,0.21029214560985565,0.7055327892303467,5.133443355560303,0.7058576941490173,0.7085378766059875,,,0.5421795845031738,0.9637623429298401,0.31385716795921326,0.9614480137825012,0.36360853910446167,0.38116270303726196,,0.5885065793991089,0.3719122111797333,0.8424698114395142
20130227,0.33205148577690125,,,,,,,,,,,,,,,,,,,
20130228,0.8080379366874695,0.9947382807731628,0.4735892713069916,0.35566988587379456,0.17506380379199982,3.4169657230377197,,0.2095431536436081,,3.710822105407715,,1.4411102533340454,0.15848280489444733,0.4002314805984497,0.26923978328704834,0.5605100989341736,,0.668591320514679,0.24259574711322784,0.1995999813079834
20130301,0.989391565322876,,0.4342077374458313,0.3605377972126007,,,,0.9557925462722778,3.328915596008301,4.012915134429932,1.1084827184677124,1.1356154680252075,0.5076704621315002,0.6707369685173035,0.6093470454216003,0.7506886124610901,,0.5613839030265808,0.5689444541931152,0.8380739092826843
20130302,0.894774854183197,1.2065880298614502,0.7778104543685913,0.6209717392921448,0.9114826321601868,2.638645887374878,0.850622832775116,0.8104816675186157,2.9332470893859863,3.5071842670440674,0.771097719669342,0.9361864924430847,0.37066322565078735,0.6680678725242615,0.4965067207813263,0.7057517170906067,,0.585339367389679,0.4861339032649994,0.929754376411438
20130303,0.986328661441803,1.1296968460083008,0.8826009631156921,0.7353258728981018,0.8587300181388855,2.9353559017181396,0.8410763144493103,0.8486768007278442,3.5715696811676025,5.66310453414917,1.0469858646392822,0.9399051070213318,0.4349929094314575,0.8151825070381165,0.5848185420036316,0.6339319944381714,,0.7159168124198914,0.44774729013442993,0.8562907576560974
20130304,0.9577407240867615,0.7647199034690857,0.42456865310668945,0.32043883204460144,0.793357253074646,1.3338046073913574,0.7127390503883362,0.6881977915763855,3.1922054290771484,3.2101938724517822,0.9763190150260925,0.7295969128608704,0.348705530166626,0.6706711649894714,0.40443477034568787,0.4481167495250702,,0.8291444182395935,0.629048764705658,0.9081898927688599
20130305,0.8763509392738342,0.5213916897773743,0.19366854429244995,0.146736279129982,0.49261578917503357,0.8908425569534302,0.5941591858863831,0.5141641497612,1.8117773532867432,,0.7502735257148743,0.4082181751728058,0.2529798746109009,0.4899139702320099,0.28637245297431946,0.2452167123556137,,0.5898748636245728,0.5656862854957581,1.0272926092147827
20130306,0.6320682168006897,1.0715768337249756,0.48674100637435913,0.42155957221984863,0.5525163412094116,3.1061763763427734,0.45663002133369446,0.5803994536399841,,,1.0034217834472656,,0.24674275517463684,0.5953892469406128,0.2874853014945984,0.28163453936576843,,0.7322272658348083,0.4075779616832733,1.0635578632354736
20130307,0.5726615786552429,0.29264867305755615,0.23811136186122894,0.24212025105953217,0.5240541100502014,3.0115773677825928,0.5984660983085632,0.4130750298500061,2.098388433456421,,0.5387797355651855,0.4312558174133301,0.24995093047618866,0.7297115325927734,0.24538925290107727,0.23661065101623535,,0.4652591943740845,0.31736108660697937,0.7838842272758484
20130308,0.4648266136646271,0.2969069182872772,,,,,,,,,,,,,0.3372560441493988,,,0.5389570593833923,0.3343728482723236,0.9366759061813354
20130309,0.4473133981227875,0.6197752952575684,0.22715634107589722,0.21142616868019104,,2.055826187133789,0.5078237652778625,0.4374150335788727,,,0.6834315061569214,,,0.3768429756164551,0.22352464497089386,,,,0.6243005990982056,0.808875322341919
20130310,0.5559789538383484,0.9792927503585815,0.4857209026813507,0.1900768131017685,0.5894647836685181,3.053142786026001,0.6744171380996704,0.619247317314148,2.9390249252319336,6.126704692840576,0.7954034805297852,0.7027634382247925,0.22617845237255096,0.5151492357254028,0.3297024965286255,0.3424145579338074,10.700227737426758,0.40170833468437195,0.21759909391403198,0.9290742874145508
20130311,0.5776494741439819,1.08671236038208,0.6408905386924744,0.3367559611797333,0.9309605360031128,3.643099069595337,0.5001082420349121,0.841231644153595,2.9417378902435303,4.109748363494873,0.8296188116073608,0.5359280109405518,0.23997880518436432,0.7286582589149475,0.2399778962135315,0.27046969532966614,,0.3538568913936615,0.1908075213432312,0.2498932033777237
20130312,,,,,0.9994200468063354,4.993862628936768,0.7081429362297058,0.7834945321083069,5.653103351593018,12.840240478515625,1.2431188821792603,1.2180882692337036,0.2769763171672821,0.7007973194122314,0.31680208444595337,0.29789164662361145,,0.32004350423812866,0.21665193140506744,0.6909751892089844
20130313,0.679399311542511,0.44677650928497314,0.31409937143325806,0.3127516508102417,0.7283064723014832,2.6055567264556885,0.7420235276222229,0.5695856809616089,3.0339999198913574,3.950324058532715,0.41760602593421936,0.980916440486908,0.15131254494190216,0.506658136844635,0.29585549235343933,0.25090640783309937,,0.13446256518363953,0.15435057878494263,0.7927916049957275
20130314,0.7631680965423584,1.9037307500839233,0.8368383646011353,0.5804128050804138,0.9804492592811584,2.8122518062591553,0.8577445149421692,1.0596257448196411,3.4369046688079834,4.493569850921631,1.2278523445129395,1.1534069776535034,0.16414619982242584,0.3117934465408325,0.5006898641586304,0.491784930229187,,0.20090094208717346,0.20655009150505066,0.8320375680923462
20130315,0.7849603891372681,1.1054803133010864,0.6602931618690491,0.4057386517524719,0.5416269898414612,2.9876534938812256,0.8589920997619629,0.6323820948600769,3.1002485752105713,4.820039749145508,0.9161832332611084,1.1838737726211548,0.27467262744903564,0.508179783821106,0.47601309418678284,0.33700284361839294,,,,0.6267607808113098
20130316,0.6710059642791748,1.2309497594833374,0.5052347183227539,0.22114719450473785,0.26210516691207886,2.4104387760162354,0.43242114782333374,0.38959813117980957,,,0.558109700679779,,0.2513459324836731,,,,,,,0.14919579029083252
20130317,,,0.37546953558921814,,,4.5073323249816895,,,,,,,,,,,,0.3367302417755127,,
20130318,1.0560442209243774,1.3088269233703613,0.919269323348999,0.6424546837806702,0.9156449437141418,2.8654606342315674,0.9089465141296387,0.9686206579208374,3.0415520668029785,3.9842453002929688,1.2781485319137573,1.4115039110183716,0.38075360655784607,0.9307369589805603,0.5103787183761597,0.6570862531661987,,0.45939552783966064,0.22454597055912018,1.0051206350326538
20130319,0.9305208325386047,1.3889029026031494,0.9167617559432983,0.7122618556022644,1.1929981708526611,2.962008476257324,0.9275856018066406,0.9950554966926575,3.2656922340393066,4.538269519805908,1.2612043619155884,1.236406683921814,0.40253376960754395,0.9378432035446167,0.5483774542808533,0.5104503631591797,,0.5074381828308105,0.3469915986061096,0.9539867639541626
20130320,,,1.2032586336135864,,,,,,,6.394954204559326,,,,,0.555865466594696,,,,0.3646985590457916,0.6275513172149658
20130321,1.3907575607299805,,0.28159239888191223,,,3.0267398357391357,,,,,,,,,,,,,0.14551809430122375,0.513017475605011
20130322,1.0613009929656982,1.382384181022644,0.5416929125785828,0.46242934465408325,,2.739114999771118,0.5328087210655212,0.7573365569114685,,,,,,0.9055250883102417,,,,,,
20130323,1.083975076675415,1.0133821964263916,0.9064518213272095,0.6231086254119873,0.640483021736145,3.539926052093506,0.8474199175834656,0.9351651668548584,2.5092344284057617,3.064800262451172,1.1865136623382568,1.195396065711975,0.30280253291130066,0.8728874921798706,0.6169155240058899,0.591156542301178,,0.8832801580429077,0.28297245502471924,0.3275575339794159
20130324,0.624826192855835,0.38795360922813416,0.6172670125961304,0.34139344096183777,0.49027490615844727,3.320509910583496,0.7093064188957214,0.7384920120239258,,4.145509243011475,0.7522117495536804,,0.34531480073928833,0.5808017253875732,0.498218297958374,0.5946679711341858,,0.5454414486885071,0.20339374244213104,1.1115162372589111
20130325,0.6985210180282593,0.5581615567207336,0.9956657886505127,0.46195539832115173,0.5801006555557251,1.7322473526000977,0.6110727190971375,0.660372793674469,,,,,0.24743537604808807,0.634745180606842,,,,,0.2666318714618683,1.152048945426941
20130326,1.0546660423278809,,,,0.5059708952903748,3.073523998260498,0.9206081032752991,0.8830921053886414,4.860196590423584,2.952211856842041,1.159199833869934,,0.26848772168159485,,,0.7672494649887085,,0.5559754371643066,0.3118482530117035,0.9705743789672852
20130327,0.7555656433105469,0.506095826625824,0.3927493691444397,0.22491668164730072,,,,,,,,,0.2365076094865799,,,,,,,0.3096150755882263
20130328,0.6894727349281311,0.9462078809738159,0.6503792405128479,0.49053144454956055,0.6292091012001038,2.503185272216797,1.0035961866378784,1.0372599363327026,,3.362980604171753,1.212320327758789,1.9549050331115723,0.3258700668811798,0.9198198318481445,1.0314035415649414,,,0.3037531077861786,0.2049405425786972,0.6420363187789917
20130329,0.5686888694763184,1.0342237949371338,0.9573915004730225,0.43261462450027466,0.5618219375610352,2.8527259826660156,0.9039310216903687,0.4808887839317322,2.8094232082366943,3.433586597442627,,1.195647120475769,0.25974562764167786,0.35376670956611633,0.4138876497745514,,,0.3941490352153778,0.23265644907951355,1.0779794454574585
20130330,0.33643779158592224,,,,,,,,,,,,,,,,,,,
20130331,0.53311687707901,0.5795791745185852,0.3431931138038635,0.20203208923339844,0.23778823018074036,1.6417125463485718,0.6388468146324158,0.496928334236145,,2.8778154850006104,,0.9702033400535583,0.17847488820552826,,0.5087794065475464,0.5655658841133118,,0.4396713674068451,0.2550128996372223,0.23395848274230957
20130401,0.6244439482688904,0.45928889513015747,0.3855632245540619,,,2.247973918914795,,,,,,,,,,,,,,
20130402,,0.809566080570221,0.41214269399642944,0.28600138425827026,0.7490806579589844,2.549298048019409,0.7562786936759949,0.5262447595596313,,,,,0.23918429017066956,,,,,,,
20130403,1.0950506925582886,,0.5325323939323425,0.3920730650424957,0.7224201560020447,3.111366033554077,1.0721242427825928,0.9745884537696838,3.2923977375030518,5.448366641998291,1.4251703023910522,1.6820486783981323,0.3119833469390869,0.9144471883773804,0.8660633563995361,0.941301703453064,,1.23422372341156,0.2413037121295929,
20130404,0.7272797226905823,1.3745911121368408,1.0687005519866943,0.9682206511497498,0.8414337635040283,2.2666056156158447,1.0524770021438599,1.1040427684783936,2.8252127170562744,4.786754131317139,1.1944442987442017,1.8510545492172241,0.47797104716300964,1.3618701696395874,0.8165488243103027,0.9430949091911316,,0.8677052855491638,0.5081767439842224,1.4598605632781982
20130405,0.6788949370384216,0.9706459045410156,0.7848129868507385,0.6674347519874573,0.7773074507713318,1.5882526636123657,1.059996485710144,0.8876292109489441,2.4598546028137207,4.549496173858643,1.1238986253738403,1.1623282432556152,0.3906165063381195,0.9580402970314026,0.6770660281181335,0.8312233686447144,,0.6427311897277832,0.42371711134910583,0.7366983890533447
20130406,1.1289033889770508,0.6492030620574951,1.1934908628463745,0.5343087315559387,0.5724849700927734,2.722432851791382,0.9598501920700073,0.8240870833396912,2.6565732955932617,8.301307678222656,0.9790031909942627,1.6211323738098145,0.35487160086631775,0.8176618814468384,0.6134403347969055,0.7410029768943787,,0.6026620864868164,0.3401411771774292,0.7994375824928284
20130407,0.6848377585411072,1.2376326322555542,0.9276593327522278,0.556269645690918,,,,,,,,,,,0.4808310866355896,0.9294071793556213,,1.35502290725708,0.4411826729774475,0.7052698731422424
20130408,0.775501012802124,1.1196311712265015,1.2196991443634033,0.6962505578994751,0.6589127779006958,4.138921737670898,0.9230409264564514,0.977329432964325,3.0812783241271973,5.925179958343506,1.164452075958252,1.1125402450561523,0.32734382152557373,0.7608141899108887,0.5865499973297119,0.8246445655822754,,0.7241882681846619,,0.9061260223388672
20130409,0.7680727243423462,1.2144335508346558,1.3012580871582031,0.6677382588386536,0.6240766644477844,2.9462151527404785,0.8793113231658936,0.9787365198135376,2.664496898651123,4.463545799255371,1.2089489698410034,1.1491813659667969,0.3589668571949005,0.9762009382247925,0.5900249481201172,0.9737166166305542,,0.6400133967399597,0.40833014249801636,0.9680610299110413
20130410,0.6914480924606323,1.1085460186004639,0.8527792096138,0.6556444764137268,0.5917288064956665,2.752962827682495,0.8703886270523071,0.8778656721115112,2.684563398361206,5.117593765258789,1.1087654829025269,1.0889533758163452,0.34917116165161133,0.9263465404510498,0.552918016910553,0.8055234551429749,,0.5652287602424622,0.4052508771419525,1.7854843139648438
20130411,0.8225171566009521,1.103905439376831,0.970834493637085,0.5214415192604065,0.6080191731452942,2.3445687294006348,0.8106677532196045,0.8558423519134521,1.9015802145004272,3.466270923614502,1.0997920036315918,1.0743937492370605,0.3355368375778198,0.9743368625640869,0.5445917844772339,0.6687912344932556,,0.8349612951278687,0.2107095867395401,0.2310808002948761
20130412,2.0236918926239014,1.3741742372512817,1.1622037887573242,0.782161295413971,,2.8842785358428955,,,,,,,,,,,,0.44447723031044006,0.4282064437866211,1.3935643434524536
20130413,,,,,,,,,,,,,,,,,,0.45402050018310547,,
20130414,0.26793333888053894,0.30831170082092285,0.7544028759002686,0.45242056250572205,0.6487932801246643,2.547023296356201,0.8445714712142944,0.7312028408050537,2.2570838928222656,5.000060558319092,0.7706339955329895,1.013461709022522,0.2581041157245636,0.45682331919670105,0.3915352523326874,0.6086686253547668,,0.37725701928138733,,
20130415,0.4023030698299408,0.7796759009361267,0.8190523982048035,0.5501240491867065,0.6403895020484924,2.4225213527679443,0.867175817489624,0.7614933252334595,2.480980157852173,3.5529768466949463,1.1932181119918823,1.0256518125534058,0.27959442138671875,0.7264940738677979,0.49092379212379456,0.6472691297531128,,0.3476846218109131,0.34133613109588623,0.2893543839454651
20130416,0.8087623715400696,2.096601724624634,,,,,,,2.03344464302063,5.3280534744262695,0.8111054301261902,1.3027241230010986,,,0.5272854566574097,0.7896861433982849,,0.376836359500885,0.25620898604393005,0.6406696438789368
20130417,0.7594432830810547,1.023437738418579,0.9283862709999084,0.29342120885849,0.64316326379776,3.7138326168060303,0.9139145016670227,0.8209972977638245,3.8298180103302,9.540322303771973,1.0692685842514038,1.311721682548523,0.2851718068122864,0.4782068431377411,0.5201046466827393,0.7331316471099854,,0.31893423199653625,0.3966832160949707,0.2903893291950226
20130418,,,,,,,2.708977699279785,,4.34574556350708,,,1.7018078565597534,,,0.9238879084587097,0.9988662004470825,,1.016136884689331,,
20130419,1.1244397163391113,,,1.122538685798645,1.954086422920227,3.5225706100463867,1.2359617948532104,1.18173348903656,3.2528934478759766,5.393093109130859,1.3435455560684204,1.2473971843719482,0.5909116268157959,1.2326937913894653,1.1396751403808594,1.040561318397522,,0.7624775171279907,0.5613362193107605,1.4615424871444702
20130420,,0.36166930198669434,0.8467531204223633,0.31926804780960083,0.8571652770042419,3.6610827445983887,1.5470129251480103,1.0389509201049805,3.1608951091766357,5.597517967224121,1.167237639427185,2.675159454345703,0.4392925798892975,0.9855050444602966,0.9630467295646667,0.8590633869171143,,0.5027679204940796,0.44463321566581726,1.0822796821594238
20130421,0.4724535644054413,0.3532204329967499,0.3815186619758606,0.30830007791519165,0.47162023186683655,0.7488629817962646,0.4450719952583313,0.5165631771087646,,,0.5266860127449036,,,,,,,,,
20130422,1.1774682998657227,0.7029056549072266,0.38767972588539124,,0.277837872505188,1.7322587966918945,0.5492553114891052,0.4576408267021179,,,,,,0.4457760453224182,0.5747985243797302,0.5944226980209351,,0.37414413690567017,0.38480570912361145,0.29346904158592224
20130423,0.5938214659690857,,0.26693299412727356,0.4722372591495514,,4.409243106842041,0.4135006368160248,,,,,,,,,,,,,0.3934314250946045
20130424,0.5463653802871704,1.207624077796936,0.8408173322677612,0.621691882610321,0.5646911263465881,2.174956798553467,0.834709107875824,0.8994596600532532,,,1.482439398765564,1.0200334787368774,0.3802970349788666,0.6208528280258179,0.6900625824928284,0.5910850763320923,,0.46327972412109375,0.5225623250007629,0.3902837038040161
20130425,0.6501714587211609,1.2219011783599854,0.9937332272529602,0.5994241237640381,0.840951681137085,2.9384284019470215,0.945556640625,0.988332986831665,2.8182389736175537,5.149332523345947,2.338740110397339,,0.39476457238197327,,,,,,,
20130426,0.5932098627090454,0.6532137393951416,1.6733391284942627,0.425488144159317,0.8244226574897766,2.961573362350464,0.9073891043663025,0.9664403200149536,3.0857205390930176,4.486362934112549,1.246144413948059,1.1340779066085815,0.5249189734458923,1.017173409461975,0.8439022302627563,1.1329811811447144,,0.42790964245796204,0.36849236488342285,0.28307366371154785
20130427,0.8238623738288879,,,,,2.8661861419677734,,,,,,,,,,,,,,1.202109932899475
20130428,,,,,,4.147601127624512,1.3297452926635742,3.178661346435547,,,0.8122162818908691,0.683314323425293,,,,,,,,
20130429,,0.8509595990180969,0.6239356398582458,0.7655091881752014,0.6989812254905701,,0.6092366576194763,0.7185959219932556,,,,,0.42190980911254883,0.7064273953437805,,,,0.6069060564041138,0.5303454399108887,1.1911081075668335
20130430,0.649158775806427,0.9388291835784912,1.1346231698989868,0.6849659085273743,0.8479903936386108,,0.9967440366744995,0.8115008473396301,,,2.5726661682128906,,0.3533841371536255,0.578685998916626,0.7954663634300232,,,0.5200212001800537,0.5076172351837158,0.6470827460289001
20130501,0.81364506483078,1.0402352809906006,0.9112676382064819,0.46075206995010376,0.7061397433280945,2.7407174110412598,1.0500562191009521,1.0259588956832886,2.60532283782959,4.321907043457031,1.2084637880325317,1.4357322454452515,0.40385228395462036,0.8980037569999695,0.9946680665016174,1.4137771129608154,,0.6335915923118591,0.5281403064727783,0.5403100848197937
20130502,,1.448886513710022,1.054348349571228,0.7420599460601807,1.0894919633865356,2.7355735301971436,1.1072999238967896,0.9932950139045715,2.5560686588287354,6.174676895141602,1.2667142152786255,1.8620047569274902,0.42496025562286377,0.8883159756660461,1.586370825767517,,,0.5856006741523743,0.5169386863708496,1.4009031057357788
20130503,2.8492822647094727,,,,,3.03364634513855,,,,,,,,,,,,,,
20130504,1.8426826000213623,2.401340961456299,3.0838918685913086,,,9.057598114013672,,,,,,,,,,1.1587674617767334,,0.9691749215126038,,0.3966911733150482
20130505,0.8311805725097656,4.428245544433594,3.3043243885040283,,,,,1.0578393936157227,,,,,0.7061813473701477,,,,,,,0.526370644569397
20130506,0.9145985841751099,1.6421290636062622,1.4413518905639648,0.7925733327865601,0.7780808210372925,,1.2660914659500122,0.7846441268920898,,,1.5219076871871948,,0.30334076285362244,,,,,,0.4666763246059418,1.2071250677108765
20130507,,1.9418785572052002,2.894841432571411,1.0863686800003052,1.191832184791565,2.876007318496704,0.8333485126495361,1.1385046243667603,2.371572256088257,9.624744415283203,1.264283299446106,1.292116641998291,0.4176569879055023,1.1628392934799194,1.0042020082473755,0.8185092210769653,,0.5272109508514404,0.40115517377853394,1.2190533876419067
20130508,5.111382961273193,7.002258777618408,0.9805958271026611,0.8169182538986206,0.7202165722846985,4.02584171295166,0.9004188776016235,0.7727934718132019,4.758180141448975,19.174148559570312,0.979411780834198,,0.424852192401886,1.00007963180542,0.8137909173965454,0.7017844319343567,,0.6043393611907959,0.4088335335254669,0.7614163160324097
20130509,4.466005802154541,,,,,,,,,,,,,,,,,0.6942260265350342,0.6159451603889465,1.3661048412322998
20130510,1.141503930091858,2.1073157787323,1.4287025928497314,0.9376256465911865,1.7164475917816162,4.866179943084717,0.9148051738739014,0.9911931753158569,8.04185962677002,9.498540878295898,2.6084587574005127,1.2940359115600586,0.5054323673248291,1.354987382888794,1.0262373685836792,1.109618067741394,,0.5888776779174805,,6.496145248413086
20130511,0.8031197786331177,,,,,,,,,,,,,,,,,,0.8409906029701233,2.6529672145843506
20130512,0.48473069071769714,0.4832282066345215,0.5024950504302979,0.26176580786705017,,1.8358287811279297,,,4.4051384925842285,3.647142171859741,0.6663653254508972,0.9696603417396545,0.21398700773715973,,0.6453251242637634,0.5571691989898682,,0.3001406788825989,,
20130513,0.7697529792785645,,1.036716341972351,0.21672149002552032,0.4940662980079651,1.736374855041504,0.7343010306358337,0.32692065834999084,,2.4980289936065674,,1.0655901432037354,0.23238392174243927,,,0.6598774790763855,,0.3448643684387207,,1.2789875268936157
20130514,0.5651390552520752,1.2350668907165527,0.7358503341674805,0.3734446167945862,0.34789976477622986,,0.9500350952148438,0.8729557991027832,,,,,0.3767349421977997,,0.7798357605934143,,,,,
20130515,0.6285425424575806,0.8222765922546387,0.8834001421928406,0.48421648144721985,0.3986036479473114,2.4742677211761475,0.8825337886810303,0.790926992893219,,,1.54037344455719,,0.28199270367622375,0.7187624573707581,0.8599216938018799,0.736227810382843,,0.30038926005363464,0.20616640150547028,
20130516,0.6597459316253662,1.2467743158340454,1.0546199083328247,0.41972166299819946,0.5942928791046143,2.0743343830108643,0.7349764704704285,0.9692607522010803,,,0.9667655229568481,1.1964538097381592,0.2947520911693573,0.45800092816352844,0.5809571146965027,0.6420056819915771,,0.415647029876709,0.2567799687385559,
20130517,0.7232780456542969,1.639365553855896,1.4672350883483887,0.4651641845703125,0.7461255788803101,1.9969233274459839,0.7696398496627808,0.7903159260749817,2.2929697036743164,2.8300697803497314,1.2238742113113403,0.9758123159408569,0.33297473192214966,0.7616386413574219,0.6000334620475769,1.28307044506073,,0.5139870643615723,0.14727044105529785,0.4078572988510132
20130518,1.0634390115737915,1.7191767692565918,1.3411346673965454,1.0106242895126343,0.8351579308509827,2.163201332092285,0.8561510443687439,0.8502398133277893,,2.969383955001831,0.6327206492424011,0.8297272324562073,0.33451545238494873,0.34730884432792664,0.6946374177932739,0.6223989725112915,,0.3571743369102478,0.27541717886924744,0.5928657650947571
20130519,1.5305813550949097,3.022388219833374,5.90594482421875,0.7022002339363098,0.4660538136959076,3.6538403034210205,,,,,,,0.349989652633667,0.7746389508247375,,,,,0.6457642316818237,1.0055692195892334
20130520,,,,2.6947357654571533,1.642429232597351,5.0738067626953125,1.2362000942230225,2.950950860977173,9.702937126159668,18.937381744384766,4.488280296325684,3.629910945892334,,0.8734726309776306,,,,0.44417116045951843,0.6094931960105896,0.2480052411556244
20130521,0.4592744708061218,,,,,,,,,,,,,1.149415373802185,1.4873030185699463,1.391714096069336,,1.4287354946136475,,3.5702476501464844
20130522,0.5430035591125488,0.7998626232147217,0.9578744769096375,0.5391159653663635,0.454128235578537,1.197864055633545,0.33514028787612915,0.5086274147033691,,,,,,0.2244279831647873,,,,,,0.7539381384849548
20130523,0.2811567187309265,0.569696843624115,1.0453195571899414,0.4065109193325043,0.590469479560852,1.9949640035629272,1.070658802986145,0.7144874930381775,2.0163819789886475,4.0275139808654785,1.1153829097747803,1.4630086421966553,0.30761513113975525,1.0462051630020142,0.7794153690338135,0.8032746911048889,,0.6018601059913635,0.38257676362991333,0.7943713665008545
20130524,,,,,,3.015263080596924,,0.32157620787620544,,,,,,,,,,0.23073871433734894,,1.5462005138397217
20130525,0.8217862248420715,2.1810474395751953,3.1154940128326416,,,,,,,,,,0.1903083622455597,0.37090104818344116,0.5495175719261169,0.5519454479217529,,0.3795394003391266,,0.6419194340705872
20130526,,1.6326297521591187,2.652433395385742,0.9705231785774231,,3.004258394241333,0.764430582523346,0.5102648735046387,1.9823968410491943,7.667642116546631,1.1064589023590088,1.5083374977111816,0.25580331683158875,0.7892520427703857,1.431292176246643,0.7395196557044983,,,,
20130527,0.8132951259613037,1.265331506729126,1.3732731342315674,1.2986031770706177,,4.600213050842285,,1.1967053413391113,,5.405163288116455,2.3353874683380127,1.8334637880325317,0.49030351638793945,,,,,,0.14075641334056854,
20130528,0.8905065059661865,1.3132959604263306,1.2260483503341675,0.52652508020401,0.4715152680873871,3.4496045112609863,0.9347783923149109,0.9813584685325623,4.414729595184326,9.5798921585083,1.0867745876312256,1.4976346492767334,0.3004807233810425,0.9725825190544128,0.735817551612854,0.8717092275619507,,0.3857916593551636,0.30386626720428467,1.798920750617981
20130529,2.1525070667266846,,0.6798303723335266,0.7341241240501404,0.7502171993255615,1.4746671915054321,1.1822993755340576,0.9035433530807495,1.9968507289886475,7.410445213317871,1.2624809741973877,1.502835988998413,0.4271380305290222,0.6245071887969971,,1.1169414520263672,,,,
20130530,1.1030044555664062,1.5407445430755615,0.8932930827140808,1.0339992046356201,1.9365451335906982,6.099565505981445,1.5125932693481445,2.400968313217163,5.538939476013184,,1.7270586490631104,1.4153544902801514,0.8304599523544312,2.5451858043670654,0.8276757597923279,,,0.29943177103996277,0.29230132699012756,
20130531,0.4251610338687897,,,,,,,,,,,,,,,,,,,
20130601,0.6190251111984253,0.8390429615974426,0.9541899561882019,,,,,,,,,,,,,,,,,
20130602,0.46027570962905884,0.9761621356010437,0.6136842966079712,0.4165670573711395,0.31848177313804626,1.4328914880752563,0.5138017535209656,0.38925936818122864,2.509129762649536,,0.39212650060653687,,0.2085517793893814,0.2457001507282257,0.43374568223953247,0.4119682312011719,,0.2015172392129898,0.18710823357105255,0.42810848355293274
20130603,0.41270530223846436,0.43236076831817627,0.2591370642185211,0.20655281841754913,0.5497990846633911,0.9361649751663208,0.6892305016517639,0.6115039587020874,,,0.8110188245773315,,0.20739533007144928,0.5134056210517883,0.4795994162559509,0.46106597781181335,,0.25441059470176697,0.1686931997537613,0.2592771351337433
20130604,,,,,,,,,,,,,,,,,,,,
20130605,0.3250385820865631,0.33351075649261475,0.6470704674720764,,,,,,,,,,,,,,,,,
20130606,0.7240393757820129,1.443969964981079,1.383552074432373,0.27167221903800964,0.588901162147522,0.794160008430481,0.8286844491958618,0.5122961401939392,2.6824755668640137,3.557009696960449,1.0271663665771484,1.0196746587753296,0.23952436447143555,0.6975730061531067,0.7133021950721741,0.6980281472206116,,,,
20130607,0.5320442318916321,0.8685463070869446,0.7922159433364868,0.6219176650047302,0.6965014934539795,2.1953203678131104,0.6838095188140869,0.4314713478088379,,2.7363882064819336,0.37635332345962524,0.8172597885131836,0.22781431674957275,0.36162319779396057,0.4789084196090698,0.6714989542961121,,0.44727611541748047,0.32729941606521606,0.6455832123756409
20130608,0.8579717874526978,,,,0.22095276415348053,3.478487014770508,0.8707849979400635,,,1.3703471422195435,,,,,0.5060524344444275,0.5942341685295105,,,0.2496327906847,2.0086872577667236
20130609,1.1246275901794434,1.4262908697128296,1.5636842250823975,,0.8073074221611023,3.5210957527160645,0.7003201246261597,,,,,,,,,,,,,6.961470603942871
20130610,0.9900038838386536,1.4929240942001343,1.4583061933517456,0.9769209027290344,2.253019332885742,6.004593849182129,1.3887296915054321,1.6742044687271118,15.772294998168945,22.716493606567383,5.207633972167969,6.553552627563477,,0.8192146420478821,,1.0087263584136963,,,0.46630752086639404,0.5669394135475159
20130611,0.41783374547958374,0.4682942032814026,0.6328978538513184,0.7189087271690369,1.0525743961334229,2.069349765777588,0.7942953109741211,0.6389133334159851,,,,,,,,,,,,
20130612,0.44243255257606506,0.6879269480705261,0.6743795871734619,0.4841426908969879,,1.9323933124542236,0.5857046246528625,,,,,,,,,,,,,
20130613,0.5144602060317993,0.508581817150116,0.6153230667114258,0.40937820076942444,0.29038915038108826,2.2369649410247803,0.854167640209198,0.5100705623626709,,,0.861628532409668,,0.2562893331050873,0.5327317118644714,0.5378661751747131,0.5937607884407043,,0.3869524896144867,,
20130614,,,0.6400547027587891,0.28247159719467163,0.6671811938285828,1.884627342224121,0.8878082633018494,0.7047860026359558,,3.280250072479248,0.9618670344352722,,0.26753419637680054,0.5569131374359131,,,,0.13059616088867188,,0.7032054662704468
20130615,,,,,,3.765089750289917,,1.5714493989944458,,,,,2.2610044479370117,,0.636445939540863,0.9232114553451538,,,0.34738433361053467,0.578702449798584
20130616,0.8735514879226685,2.455120325088501,1.5956275463104248,0.38898730278015137,1.1376553773880005,4.227003574371338,1.8519060611724854,1.820078730583191,6.300762176513672,11.148902893066406,2.5313735008239746,5.195612907409668,0.6095555424690247,2.61631178855896,0.9434197545051575,0.7874915599822998,,,,0.4437201917171478
20130617,0.7537532448768616,1.5764284133911133,1.6661256551742554,0.5213276147842407,0.7648794651031494,2.0091021060943604,0.8108121156692505,0.7164652347564697,4.1945600509643555,5.987571716308594,1.0826994180679321,1.1506834030151367,0.5167118310928345,1.0384327173233032,0.8735485076904297,1.365407943725586,,0.3548484146595001,0.3595553934574127,
20130618,0.8446453809738159,2.618156671524048,1.1107797622680664,0.6514368653297424,0.7330542802810669,2.3218140602111816,0.7844504714012146,0.6912630796432495,5.378096103668213,8.183518409729004,1.306412696838379,1.8304076194763184,0.4193325638771057,0.7178432941436768,0.8507232069969177,1.10152268409729,,0.5659652352333069,0.3845716118812561,1.2393466234207153
20130619,0.9159287810325623,0.8315092921257019,,0.45860183238983154,0.802595853805542,,0.8149775862693787,0.9908442497253418,7.645904541015625,,1.226181149482727,1.0230506658554077,0.4263423979282379,0.8687191009521484,0.9252749681472778,0.9856420755386353,,0.5996865630149841,0.4483760893344879,1.2444425821304321
20130620,0.860538125038147,5.124126434326172,9.888736724853516,,2.7142248153686523,7.552598476409912,2.0298702716827393,1.778090238571167,6.171719074249268,,,,,0.7106311917304993,,,,0.6317760348320007,0.589346706867218,2.2530765533447266
20130621,0.3006187379360199,0.4021926820278168,0.5575469732284546,,,4.090129852294922,,,,,,,,,,,,,0.9501886367797852,2.4670088291168213
20130622,0.6203407645225525,1.0929008722305298,1.2705278396606445,1.0195521116256714,0.6517552137374878,1.2557423114776611,0.4722011387348175,,,,,,,,,,,0.3888988792896271,,
20130623,0.6264960765838623,1.0891737937927246,0.9879109263420105,0.5975878834724426,0.19908659160137177,1.2673639059066772,0.39286667108535767,0.29614466428756714,1.5364636182785034,,,,0.3405230641365051,0.6599874496459961,0.7608646750450134,0.728459358215332,,0.48125460743904114,0.35921913385391235,2.09934663772583
20130624,0.7386804223060608,1.2554636001586914,0.5928511619567871,0.6059067845344543,0.3278064727783203,1.4974676370620728,0.5933497548103333,0.7265796065330505,1.6833195686340332,4.541884422302246,1.0592905282974243,0.831688404083252,0.41128504276275635,0.8668473362922668,0.7456191182136536,0.7306927442550659,,0.4562146067619324,0.2463330328464508,0.7113136649131775
20130625,,,,,1.3499749898910522,,1.6844810247421265,1.0967758893966675,6.85567569732666,13.190349578857422,1.043839931488037,2.0290169715881348,0.5791853070259094,0.8948850631713867,0.7596843242645264,0.785504162311554,,0.520344614982605,0.36367470026016235,1.657033085823059
20130626,0.4277019500732422,,0.615068256855011,0.8922739624977112,0.4287118911743164,,2.0804331302642822,1.6861952543258667,16.765201568603516,21.358489990234375,3.3958137035369873,6.124771595001221,0.6262484192848206,2.1810052394866943,1.313779354095459,1.292894959449768,,0.7228765487670898,0.3962295353412628,1.4254709482192993
20130627,0.49585995078086853,,1.5889785289764404,0.47316649556159973,0.49741455912590027,6.859130859375,0.4270996153354645,0.5049286484718323,1.164363980293274,10.815163612365723,,,0.34275108575820923,,,,,,,10.629220008850098
20130628,0.5663880705833435,1.672298550605774,1.1435112953186035,0.38628023862838745,0.6830209493637085,2.5270490646362305,0.5067175626754761,0.5022944211959839,,6.049885272979736,1.0597678422927856,0.8424522876739502,0.40309497714042664,0.8970752358436584,0.474395215511322,0.5422618985176086,,0.36290138959884644,0.5271478295326233,4.252631664276123
20130629,0.6878243684768677,1.7581508159637451,1.1421754360198975,0.4719083309173584,0.5413845181465149,3.4143199920654297,0.48085540533065796,1.0140564441680908,5.848961353302002,13.341222763061523,0.9407537579536438,1.168735146522522,0.35352009534835815,0.5115506649017334,0.5033262372016907,0.5319089889526367,,0.30424004793167114,0.2468102127313614,0.9208550453186035
20130630,1.084433913230896,1.8357734680175781,1.4994707107543945,0.5281705856323242,0.5282034873962402,2.748920202255249,0.5704180598258972,0.6119850873947144,,10.061629295349121,0.6170961856842041,0.7233754396438599,0.30959272384643555,0.5722490549087524,0.5380449295043945,,,,0.1704542189836502,0.7586097717285156
20130701,0.6832568049430847,2.044098377227783,2.7843034267425537,1.042862892150879,1.4337759017944336,8.81459903717041,0.8101825714111328,0.6740995645523071,,7.84893274307251,0.9614476561546326,0.6650847792625427,,,,,,,,
20130702,0.595991849899292,1.361684799194336,1.6534790992736816,0.6568055152893066,0.9727618098258972,5.8137993812561035,0.6118645071983337,0.7737962603569031,6.9447808265686035,11.262200355529785,1.6062785387039185,1.1838124990463257,0.45826342701911926,0.7256403565406799,0.6219555139541626,0.7580671310424805,,,,
20130703,0.6260349750518799,1.2760671377182007,1.3943264484405518,0.7440481781959534,0.94817715883255,3.769416093826294,0.5835262537002563,0.7569142580032349,6.969727516174316,10.729522705078125,1.04896879196167,1.0001732110977173,0.5033537745475769,1.1587268114089966,0.6099044680595398,0.6560406684875488,,0.5084860324859619,0.35308918356895447,5.146074295043945
20130704,0.6621559262275696,0.9656544327735901,1.9880974292755127,0.2475549727678299,0.39735251665115356,1.5653746128082275,0.32393407821655273,0.2568441927433014,,,,,0.26110729575157166,0.7033463716506958,,,,,0.203030526638031,
20130705,0.4183577299118042,0.6637976765632629,1.154383659362793,0.33179718255996704,0.4669361710548401,1.4901256561279297,0.8279141783714294,0.5471034646034241,1.5821542739868164,,0.728307843208313,1.5672292709350586,0.307017982006073,0.8460909128189087,0.6222360134124756,,,0.35332006216049194,0.25122305750846863,0.45758548378944397
20130706,0.6665661931037903,,1.0374877452850342,0.8055940270423889,0.3040727376937866,2.1890487670898438,0.7451558709144592,0.698567271232605,3.143305778503418,,,,0.3764731287956238,0.6065767407417297,0.4874894917011261,,,0.4181281626224518,0.3427305817604065,0.5555247068405151
20130707,0.7680702209472656,1.1669431924819946,1.1530606746673584,0.5995068550109863,0.5728506445884705,,,0.6649637222290039,,,,,0.4025076627731323,0.4761366844177246,0.5516360998153687,,,0.4147084653377533,,0.3816557228565216
20130708,0.7045272588729858,1.0347381830215454,1.5904985666275024,0.6450437307357788,0.6427331566810608,3.3602659702301025,0.6454200744628906,0.6284043192863464,5.063702583312988,7.892333984375,1.2371760606765747,1.026626467704773,0.5617972016334534,0.7177248001098633,0.7363259792327881,1.1906111240386963,,0.5084582567214966,0.43493857979774475,
20130709,0.6779314279556274,1.3400248289108276,1.6757168769836426,0.7384453415870667,0.8881168961524963,3.485846757888794,0.8310260772705078,0.7936809062957764,6.216006278991699,9.390045166015625,1.265002727508545,1.212174654006958,0.4849432706832886,1.3361365795135498,0.6931271553039551,0.9527424573898315,,0.31411704421043396,0.41591936349868774,1.7254680395126343
20130710,0.8573288917541504,,1.8938244581222534,0.9886705875396729,0.5270255208015442,6.037625312805176,,0.6886416077613831,3.440190315246582,11.313692092895508,1.8623051643371582,,0.4245166480541229,0.752078115940094,0.7933030128479004,1.078781247138977,,0.6248472929000854,0.4907853901386261,2.064866542816162
20130711,,,,,0.48934346437454224,4.150886058807373,,0.6511181592941284,3.853562593460083,15.566977500915527,1.0957849025726318,2.6223647594451904,0.6050072908401489,0.8143470287322998,0.726898729801178,1.0304315090179443,,0.3473587930202484,0.38881248235702515,2.3345797061920166
20130712,,,,,,,,,,,,,,,,,,,,0.5835279226303101
20130713,0.5989131331443787,0.4756585955619812,,,,,,,,,,,,,,,,,,
20130714,0.46224403381347656,0.8915320038795471,1.300742268562317,0.3768865764141083,0.42808961868286133,1.2099639177322388,0.7631574273109436,0.5113469958305359,1.8487274646759033,2.8364970684051514,0.6202915906906128,0.6057878732681274,0.25723549723625183,0.7096127867698669,0.38401687145233154,0.5240512490272522,,0.8248155117034912,,
20130715,0.6772540807723999,1.094910740852356,0.7660099864006042,0.569553017616272,0.6021794080734253,1.4582624435424805,0.31243473291397095,0.35970762372016907,1.6020070314407349,5.773237228393555,0.574500560760498,0.5415006875991821,,0.21793000400066376,0.4586487412452698,0.5959076285362244,,0.29054316878318787,0.19106467068195343,1.1805561780929565
20130716,2.035550832748413,1.3940485715866089,,2.562659978866577,0.9217405915260315,5.7951812744140625,0.8207743763923645,0.923342764377594,3.789674997329712,8.601455688476562,0.6763423681259155,1.629685878753662,,0.5516864061355591,0.46926701068878174,0.4516901671886444,,,,0.5301610827445984
20130717,0.4979400634765625,,,,,,,,,,,,,,,,,0.4986843168735504,0.4618113040924072,0.7460847496986389
20130718,0.42028093338012695,0.48622265458106995,0.4278230667114258,0.4525347352027893,0.25854042172431946,,,,,,,,0.2462904453277588,,,,,,0.33571162819862366,1.6050238609313965
20130719,0.632522702217102,1.0894715785980225,1.048625111579895,0.6132273077964783,0.6508969068527222,1.0669283866882324,0.6903694272041321,0.7395206689834595,1.3739737272262573,1.5742682218551636,0.7407194375991821,1.3123202323913574,0.2908824384212494,0.38873618841171265,0.48552197217941284,0.4981521666049957,,0.27199655771255493,,3.0786445140838623
20130720,0.5532727837562561,0.6127336025238037,0.5188701152801514,0.5472617149353027,0.8586832284927368,1.8886421918869019,1.4450722932815552,0.8538320660591125,1.4000719785690308,4.310564041137695,0.9400690793991089,1.514113187789917,0.3515178859233856,0.6344618797302246,0.45445698499679565,1.835810899734497,,0.7485359311103821,0.2759387791156769,
20130721,0.6330384016036987,0.8980300426483154,,0.40234532952308655,,1.764944314956665,,,,,0.5099095702171326,,,0.4944588541984558,0.5353187322616577,,,0.2211388200521469,0.3228614628314972,1.1681245565414429
20130722,0.7037926316261292,1.1903821229934692,1.1987398862838745,0.6558355689048767,,,,0.8706324100494385,,,,,,,,,,,,
20130723,0.6683588027954102,0.9781400561332703,0.8938379287719727,0.42414864897727966,0.43044233322143555,1.114693284034729,0.5308703184127808,0.4507608711719513,,,,0.6635507941246033,,,,,,,,
20130724,0.9106440544128418,1.227330207824707,2.4313600063323975,1.4125280380249023,1.2499089241027832,3.1172215938568115,0.7729068398475647,,3.3823254108428955,2.5698156356811523,0.8557268381118774,1.0760375261306763,,1.1173324584960938,,,,,,
20130725,0.6193483471870422,1.0653126239776611,1.8011224269866943,0.6918076276779175,0.5521732568740845,2.8082845211029053,0.9761959314346313,0.8450934886932373,,2.9106130599975586,,6.855974197387695,0.546596109867096,0.8716191649436951,,,,,,
20130726,0.6606656312942505,1.0910874605178833,1.2073291540145874,0.7075865864753723,0.955056369304657,3.5706942081451416,0.8726875185966492,0.676234781742096,4.0573320388793945,6.479701042175293,1.226111650466919,1.6860768795013428,0.6285383701324463,1.2433702945709229,0.7488443851470947,0.518543541431427,,0.4375314712524414,0.3688390552997589,0.8429152369499207
20130727,0.6133636832237244,,,,,,,,,,,,,,,,,,,
20130728,0.5064595341682434,0.9870281219482422,0.8189811110496521,0.6388083100318909,0.7978379726409912,2.956044912338257,0.5181836485862732,0.8823204636573792,,,2.5057296752929688,,,0.8973211050033569,0.6743119359016418,0.6607517600059509,,0.5064250230789185,,
20130729,0.4816839396953583,0.7041311264038086,1.2478750944137573,0.4369025230407715,0.4239068329334259,2.5073025226593018,0.8004236817359924,0.5605607032775879,5.49353551864624,,0.4888918995857239,0.44377565383911133,0.34868311882019043,0.5484211444854736,0.6523697376251221,0.5208886861801147,,0.27813485264778137,,3.8084404468536377
20130730,0.36294621229171753,1.0343188047409058,1.9248642921447754,0.2126864641904831,0.3592069745063782,1.9731996059417725,0.4178678095340729,0.3598015606403351,,,0.24101853370666504,,0.31910255551338196,0.4654509127140045,0.3555930554866791,0.4472724199295044,,0.3507867753505707,0.21677368879318237,0.5885676145553589
20130731,0.3723733425140381,0.5160589814186096,0.6651268005371094,0.551956295967102,0.43611934781074524,3.323969841003418,0.6873919367790222,,,,,,,0.6801876425743103,,,,,0.3531121611595154,0.47096407413482666
20130801,0.5162743330001831,0.9602260589599609,1.1762388944625854,0.918357789516449,0.55323725938797,3.6885693073272705,0.6150902509689331,1.1944029331207275,2.980422019958496,12.908482551574707,0.8159754872322083,2.2004289627075195,,0.5819081664085388,0.6060972213745117,0.46950656175613403,,0.5045692324638367,0.4469975531101227,1.2045608758926392
20130802,0.2859407961368561,0.3955267667770386,,0.4285936653614044,0.27751970291137695,,0.21748752892017365,,,,,,,0.5606244206428528,,,,,0.18527844548225403,
20130803,0.2735172510147095,0.2493753731250763,0.3173442482948303,0.4034440815448761,0.398087739944458,2.6574721336364746,,,,,,,0.33084821701049805,0.5171388387680054,,,,0.3139170706272125,,
20130804,0.3226912021636963,0.7261980175971985,0.6027640700340271,0.5369699001312256,0.355282187461853,1.213980793952942,1.098687767982483,,2.0649874210357666,2.3344643115997314,,,0.23706533014774323,,0.4899963140487671,,,,,
20130805,0.3906823992729187,0.8046424388885498,1.0724526643753052,0.41814127564430237,0.5037124752998352,2.729451894760132,0.46786898374557495,0.6011325120925903,1.71132230758667,3.4889724254608154,0.7612074613571167,,0.33205458521842957,0.5792062282562256,0.6564658880233765,,,0.5328750610351562,,0.36979568004608154
20130806,0.38830041885375977,0.6945908069610596,,,0.23722098767757416,,,0.6585441827774048,,,,,0.36512526869773865,0.4710141122341156,0.4595196545124054,0.48930951952934265,,0.5005030035972595,0.2407473921775818,0.2793485224246979
20130807,0.40255051851272583,0.8401960730552673,0.9748930335044861,0.8035231232643127,0.49123838543891907,2.8573076725006104,0.6484884023666382,0.43000873923301697,0.908775269985199,2.87721586227417,0.4313616454601288,0.449423223733902,0.3989381492137909,0.4606277346611023,0.44130849838256836,,,0.3555901050567627,0.16858460009098053,
20130808,0.3457791805267334,0.7835191488265991,0.9068998098373413,0.6914186477661133,0.9084087014198303,3.60394549369812,0.543048620223999,,3.0740408897399902,6.7853217124938965,,,,,,,,,,0.8767841458320618
20130809,0.23920518159866333,0.26557737588882446,0.375419557094574,0.718804121017456,0.47126102447509766,,0.41333889961242676,0.5387933850288391,,,0.3965871334075928,,0.361357182264328,0.692768931388855,0.48170092701911926,0.5884140133857727,,0.3315106928348541,0.1947372406721115,
20130810,0.32058507204055786,0.9747052192687988,1.2022361755371094,0.63417649269104,0.39023399353027344,3.3011441230773926,0.5112832188606262,0.575058102607727,,,,0.2866736650466919,0.38342195749282837,1.2371834516525269,0.3896622359752655,0.4536699056625366,,0.31430625915527344,0.2937028110027313,0.38581812381744385
20130811,0.21700645983219147,0.25220221281051636,0.3874368667602539,0.5055712461471558,0.5006828308105469,0.7747405171394348,0.34882432222366333,0.7920581698417664,1.1307564973831177,,0.7010387778282166,0.7428590655326843,0.4051091969013214,1.1131953001022339,0.4228953421115875,0.4770124852657318,,0.529227077960968,0.3271709382534027,1.1042710542678833
20130812,0.5728791356086731,0.49509894847869873,0.5954030752182007,,0.5281709432601929,3.389298439025879,0.933022677898407,0.725732147693634,2.721625566482544,5.118039608001709,0.7169958353042603,1.0531219244003296,0.5596475601196289,0.4680742025375366,0.4208057224750519,0.5175738334655762,,,0.4448683559894562,1.2186793088912964
20130813,0.3343769311904907,0.4513761103153229,0.7677907347679138,0.5539349317550659,0.516567051410675,2.0696089267730713,0.7288340330123901,0.8636613488197327,2.3954689502716064,7.068400859832764,1.3698123693466187,1.0089651346206665,0.536157488822937,1.7487539052963257,0.5756437182426453,0.7305846810340881,,,,0.5301127433776855
20130814,0.36117061972618103,0.7029595971107483,0.7438830733299255,0.6111799478530884,0.6682246923446655,2.1164186000823975,0.7478856444358826,0.6753475069999695,1.9218406677246094,3.568899393081665,0.7289876341819763,1.087280035018921,0.38043585419654846,0.8985996246337891,0.6126428842544556,0.8014487624168396,,0.4855024516582489,0.4168093800544739,2.0421698093414307
20130815,0.38727185130119324,0.8519550561904907,1.344989538192749,0.7233940958976746,0.6746768355369568,3.3941478729248047,0.7616136074066162,0.7389975190162659,3.1912612915039062,6.062709808349609,0.9156961441040039,0.9455896019935608,0.44230300188064575,1.2633336782455444,0.5516126155853271,0.8202773928642273,,0.9164840579032898,,0.6071930527687073
20130816,0.3262006342411041,0.2737779915332794,,,,3.1549324989318848,,,,,,,,,,,,,0.4557746350765228,1.1690020561218262
20130817,0.6013963222503662,1.7254306077957153,0.9735416173934937,0.5464359521865845,0.4955129027366638,1.2035423517227173,0.8179775476455688,0.6904067397117615,0.8820295929908752,1.396040678024292,0.8104937076568604,0.9913996458053589,,0.7201275825500488,0.48024600744247437,,,,,
20130818,0.36855196952819824,,,,,,,,,,,,0.3344547152519226,,,,,,,0.3572571575641632
20130819,0.407268226146698,0.8982835412025452,0.7307613492012024,0.5584930777549744,0.4711366295814514,1.41437828540802,1.014138102531433,0.8210671544075012,0.7699159979820251,,0.8572773337364197,1.2276924848556519,0.38006752729415894,1.14035964012146,0.598874032497406,,,0.2900070548057556,,
20130820,0.39455586671829224,0.48619651794433594,0.46933287382125854,0.5765336155891418,0.306013286113739,1.5633172988891602,0.7815607190132141,0.5649358630180359,,4.244080543518066,0.7641463279724121,,0.3211700916290283,0.46451762318611145,0.5593318343162537,0.9646857976913452,,0.5436364412307739,0.27887365221977234,0.5307785272598267
20130821,0.3404071629047394,,0.23202656209468842,0.3745324909687042,0.3911454975605011,,,,,,,,0.2666902244091034,,,,,,,0.578184187412262
20130822,0.25977832078933716,,,0.30835962295532227,0.3205021321773529,0.5315226912498474,0.7498674988746643,,,,,,,,,,,,,
20130823,0.27737852931022644,,,,,,,,,,,,,,,,,,,0.5046611428260803
20130824,0.30967578291893005,0.2871220111846924,,,,,,,,,,,0.14427191019058228,,,0.5738767981529236,,,,
20130825,0.3253614604473114,0.8207026720046997,1.1807975769042969,0.5721523761749268,0.3769588768482208,2.9809646606445312,0.6268337965011597,0.5058176517486572,,2.146441698074341,,,0.42144450545310974,1.0135679244995117,0.4200208783149719,0.5005289316177368,,0.41112321615219116,0.4970535933971405,
20130826,0.33315643668174744,0.6589877009391785,0.5852130055427551,,,,,,,,,,0.2523745000362396,,,,,,,
20130827,0.29985663294792175,0.7069333791732788,0.857622504234314,0.5162493586540222,0.49140650033950806,1.3217769861221313,,0.5762382745742798,,,0.7183188796043396,,,0.49236175417900085,,,,0.8834629654884338,0.8936236500740051,
20130828,,,0.37580445408821106,0.29721328616142273,0.2770629823207855,2.8847367763519287,0.6472674012184143,1.050794005393982,2.4905710220336914,12.296685218811035,0.7386369109153748,2.2425320148468018,0.15762075781822205,0.3618832230567932,0.46639373898506165,0.48418301343917847,,0.4919356405735016,0.9159066677093506,0.959381103515625
20130829,0.3637193441390991,0.6413533091545105,0.4720422923564911,0.43947458267211914,0.27021414041519165,0.8042697310447693,0.2876521944999695,0.3526104986667633,,,,,,,,,,0.8220559358596802,,
20130830,,,,0.2903688848018646,,3.300536632537842,0.6986088752746582,1.0551409721374512,2.341916561126709,7.189901828765869,1.5034035444259644,1.057425856590271,0.37584853172302246,0.49555158615112305,0.40475034713745117,0.5589388608932495,,0.5226710438728333,0.35872289538383484,0.3478412926197052
20130831,0.33365416526794434,0.7785883545875549,0.9370275139808655,0.7500677108764648,0.7350708246231079,4.549404144287109,0.34033554792404175,0.5274803638458252,,12.76003360748291,0.8785982131958008,,0.4438410997390747,1.0126252174377441,,,,,0.8434904217720032,1.3495968580245972
20130901,0.30258217453956604,0.6238305568695068,0.6391556262969971,0.4899134635925293,0.3900989294052124,4.277327060699463,0.7045324444770813,0.7594640851020813,4.008014678955078,7.740837097167969,0.9813490509986877,1.7232085466384888,0.3203151822090149,0.5184640288352966,0.39827850461006165,0.4868384003639221,,1.1753404140472412,0.6344877481460571,
20130902,0.3616248667240143,0.5947756171226501,0.5259076356887817,0.3620051443576813,0.30549755692481995,4.521008014678955,0.4860137701034546,0.5747514963150024,2.7656667232513428,9.41529369354248,0.6633826494216919,0.9670388102531433,0.29570695757865906,0.8862806558609009,0.3642180562019348,0.45126113295555115,,0.7157571315765381,0.935589075088501,1.9918172359466553
20130903,0.2816844582557678,0.628442108631134,0.8049121499061584,,,,0.26809877157211304,1.1534992456436157,,,,,,0.34622421860694885,,,,,0.5946561098098755,1.3989259004592896
20130904,0.23215460777282715,,,,,,,,,,,,0.2306700050830841,,,,,,,
20130905,,,,,,,,,,,,,,,,,,,,
20130906,0.30001065135002136,0.9854554533958435,0.36304986476898193,,,3.072781801223755,,,,,,,,,,,,0.8089754581451416,,
20130907,0.31677132844924927,,,0.31671568751335144,0.26890116930007935,3.4449710845947266,,0.3823211193084717,,,0.4119068682193756,,0.26165294647216797,0.7254508137702942,0.265819251537323,0.2605120539665222,,0.42157864570617676,0.26259827613830566,0.2629755735397339
20130908,,,,,,,,,,,,,,,,,,,,3.1891088485717773
20130909,0.27278587222099304,,0.2799413204193115,0.19250927865505219,0.2691503167152405,3.389723062515259,,,2.7294273376464844,7.976563453674316,,,0.16388776898384094,,0.2729514539241791,0.27992936968803406,,0.3735228180885315,0.5077347159385681,
20130910,0.3698273301124573,0.6412948966026306,0.9268043637275696,,0.14958685636520386,2.884016513824463,0.5430863499641418,0.32464227080345154,,,0.37819916009902954,,0.24160607159137726,0.3398234248161316,,0.1420779973268509,,0.42554953694343567,0.24532204866409302,
20130911,0.32254618406295776,1.0017480850219727,1.0303174257278442,0.6863226890563965,0.540107250213623,3.518805980682373,0.7774238586425781,0.8515998125076294,2.131906747817993,5.837253570556641,0.3336143493652344,0.700928270816803,0.31331828236579895,0.7209210991859436,0.39747780561447144,0.2715775668621063,,0.4768024981021881,0.3139628767967224,0.5034505128860474
20130912,0.37632372975349426,0.40565261244773865,,,,,,,,,,,,,,,,,0.34891602396965027,1.135890007019043
20130913,0.338856965303421,,0.3231191039085388,0.2138000875711441,0.23802721500396729,4.094008922576904,0.3788968622684479,0.7005788087844849,1.9333343505859375,5.570440292358398,0.4033963680267334,0.4203469455242157,0.23471903800964355,0.5422343611717224,0.30611178278923035,,,0.4534721374511719,,0.41937288641929626
20130914,0.3448463976383209,0.7175481915473938,0.5677893161773682,0.4171693027019501,0.3275628983974457,2.7057554721832275,0.4425281286239624,3.034261465072632,,,1.2915663719177246,0.5708613395690918,0.24594759941101074,0.3531099557876587,0.3705867528915405,0.2592355012893677,,0.40134570002555847,0.33278101682662964,0.5864661335945129
20130915,0.3283861577510834,0.6123418807983398,0.6775985956192017,0.3450838029384613,0.3722038269042969,2.701141119003296,0.6804782152175903,0.9245641231536865,2.2272496223449707,7.469252109527588,1.1331453323364258,0.7714527249336243,0.3811303675174713,1.0557782649993896,0.7826139330863953,,,,,0.467825710773468
20130916,0.32819464802742004,0.6330681443214417,0.6019880771636963,,,,,0.2821967601776123,,,0.3042031228542328,0.3343585729598999,0.21948730945587158,0.36653444170951843,0.32520946860313416,0.3155900239944458,,0.35529273748397827,,
20130917,0.4599872827529907,0.7509536147117615,0.697395384311676,0.35382747650146484,0.3388293981552124,1.1564083099365234,0.4902516305446625,,,4.561521053314209,,,0.3400343358516693,,,,,,0.4355955719947815,0.7123759984970093
20130918,0.35001498460769653,0.6538036465644836,0.4792410731315613,0.3767014145851135,0.33007368445396423,1.3234472274780273,0.4945160150527954,0.39451369643211365,,,0.28610506653785706,0.980398952960968,0.4109630584716797,0.5727770924568176,0.359573632478714,0.311051607131958,,0.3537036180496216,,
20130919,0.37895530462265015,0.7185608148574829,0.7260695695877075,,,1.9803433418273926,0.25838345289230347,,,,,,0.2617434561252594,,,0.616976797580719,,,,0.2528837323188782
20130920,0.31652629375457764,0.8441824316978455,0.6185920238494873,0.38815808296203613,0.3298107981681824,2.150235652923584,0.4065244197845459,0.6488157510757446,,,0.35822594165802,0.6091034412384033,0.3915818929672241,0.4373643398284912,0.40461450815200806,0.5265535116195679,,0.7112768292427063,0.5349610447883606,0.542077362537384
20130921,0.29125145077705383,0.6844165325164795,1.0566532611846924,0.48459485173225403,0.6315751671791077,3.1420137882232666,0.6842043399810791,0.7517755627632141,3.0413742065429688,6.758337497711182,1.2109907865524292,0.9784037470817566,0.32954421639442444,1.614084243774414,0.4128055274486542,0.5044970512390137,,,0.519400417804718,0.7931802868843079
20130922,0.27692773938179016,0.6411193013191223,0.7553696632385254,0.5235467553138733,0.48561760783195496,2.9400999546051025,0.8967512845993042,0.7007501125335693,3.445974826812744,7.661917686462402,0.8443934917449951,1.050726056098938,0.2726048529148102,1.1956326961517334,0.3151099979877472,0.3401239216327667,,0.606175422668457,0.6189935207366943,1.5075618028640747
20130923,0.27341967821121216,0.7553741335868835,0.47436559200286865,0.4682854413986206,0.46300026774406433,,,,,,,,0.24281196296215057,,0.3217169940471649,0.4060206711292267,,0.7785931825637817,0.9477854371070862,
20130924,0.2905723750591278,0.6039482951164246,0.48613765835762024,0.2654705047607422,0.28482183814048767,4.987940788269043,0.6315109729766846,0.5081543326377869,2.204447031021118,9.604873657226562,0.5360665917396545,0.9727509617805481,0.247934028506279,0.27193155884742737,0.27503395080566406,,,0.44940346479415894,0.5115867257118225,0.5781343579292297
20130925,0.22631877660751343,0.2570710778236389,,,,3.197636365890503,,,,,,,,,,,,1.0370844602584839,0.9544953107833862,2.824037790298462
20130926,0.3464168310165405,0.6503040194511414,0.7014390826225281,0.5405535101890564,0.42363184690475464,2.7525038719177246,0.6681990027427673,0.5261956453323364,2.0551795959472656,3.383474826812744,0.7456480860710144,1.5692362785339355,0.30437707901000977,1.1168981790542603,0.4811069667339325,0.7247599363327026,,0.47166427969932556,0.46196407079696655,0.7371772527694702
20130927,0.3814753592014313,0.39588332176208496,0.8580276966094971,0.6482303738594055,0.763573169708252,1.473981499671936,,,,,,,0.20945942401885986,,,,,,0.6387578248977661,
20130928,0.3131680190563202,0.6561530828475952,0.642124354839325,,,2.145566463470459,0.698276162147522,,,,,,0.22331126034259796,0.3851974606513977,,,,0.28775838017463684,0.5791239142417908,
20130929,0.34386754035949707,0.3264738917350769,0.40628328919410706,0.32470235228538513,0.3347419798374176,4.104074478149414,0.2366369515657425,0.34919115900993347,,,,,,0.43361911177635193,,,,,,1.3677265644073486
20130930,,,,,,,,,,,,,,,,,,,,
20131001,0.406742662191391,0.783697247505188,0.6342325806617737,0.2918708026409149,0.272104948759079,,0.28885531425476074,0.4036288559436798,,,0.4241492748260498,,0.36311206221580505,0.47650760412216187,0.57107013463974,,,0.29125308990478516,0.4344627559185028,1.703730583190918
20131002,,,,0.4091222584247589,0.3183083236217499,1.0994113683700562,0.4431263506412506,0.464864045381546,,,,,0.25076988339424133,0.6540411114692688,,,,0.3320655822753906,,
20131003,0.39628148078918457,0.6889482736587524,0.6613375544548035,0.680881142616272,0.4635791778564453,2.1532645225524902,0.7264654040336609,0.4959530234336853,1.6515413522720337,3.6095941066741943,0.9210544228553772,1.59373939037323,0.3637769818305969,0.46578410267829895,,,,0.34633126854896545,0.38604605197906494,0.7859339118003845
20131004,0.38158950209617615,0.7320094108581543,0.5925424098968506,0.355602890253067,0.33122044801712036,1.809386968612671,0.7099440097808838,0.6728871464729309,2.016425848007202,3.4232919216156006,0.976870059967041,1.2865906953811646,0.3156614303588867,0.6427194476127625,0.5495442152023315,0.66162109375,,0.5391711592674255,0.5341423153877258,2.2190892696380615
20131005,0.3703222870826721,1.3806531429290771,1.404581069946289,,,,,,,,,2.0149753093719482,,,,,,,,1.1893463134765625
20131007,0.3169015347957611,0.6719403266906738,0.8082865476608276,0.519585132598877,0.45268714427948,2.816006660461426,0.71829754114151,0.5486076474189758,2.5344130992889404,7.130246639251709,0.46144264936447144,1.2392024993896484,0.23483118414878845,1.0053220987319946,0.8124679327011108,,,,,1.3503844738006592
20131008,0.29040998220443726,0.27217957377433777,0.3565768301486969,0.5694293975830078,0.4273662269115448,2.943150520324707,0.7375333905220032,0.6575071215629578,2.694810152053833,6.743562698364258,1.148882269859314,1.009324073791504,0.2360328733921051,0.8687912821769714,0.40915462374687195,0.8058332204818726,,0.5283670425415039,0.45645031332969666,1.470848560333252
20131009,,,,,,,,0.5508393049240112,,,,,0.31501659750938416,0.6119914054870605,,,,,,
20131010,0.31917431950569153,0.4143863320350647,0.3441586196422577,0.17024876177310944,,,,,,,,,,,,,,,,
20131011,0.30116236209869385,0.6464264392852783,0.5170832276344299,0.30141356587409973,0.32841747999191284,2.715780735015869,0.5625667572021484,0.5272688865661621,2.4292006492614746,4.437288284301758,0.7790660262107849,0.7817918062210083,0.21393541991710663,0.5883924961090088,0.33033648133277893,0.4564991593360901,,0.49614474177360535,0.2771224081516266,0.37689289450645447
20131012,0.3219083845615387,0.687042236328125,0.9098343849182129,0.5083449482917786,0.44958484172821045,2.79777193069458,0.5995792746543884,0.7143857479095459,2.6439476013183594,6.118656158447266,1.0510762929916382,0.7245215177536011,0.2017032504081726,0.8910210132598877,0.27845317125320435,0.4810190498828888,,0.5584218502044678,0.4357103705406189,1.7734618186950684
20131013,,,,,,1.9416905641555786,0.7581865191459656,0.5824986696243286,,2.9250495433807373,0.5845261216163635,0.5235116481781006,,0.3740696609020233,0.2993095815181732,0.529493510723114,,0.5135819911956787,0.2699066400527954,
20131014,0.38065898418426514,0.8166508674621582,0.5918205380439758,0.2830769717693329,0.40283727645874023,0.6087716221809387,0.26463985443115234,,,,,,,,,,,,0.35566768050193787,0.6087366342544556
20131015,0.38723382353782654,0.39547568559646606,0.5678016543388367,0.30319249629974365,0.29527661204338074,1.626650094985962,0.5754404067993164,0.5385630130767822,1.7242217063903809,3.402296781539917,0.8609068393707275,0.8613345623016357,0.24892710149288177,0.5415927767753601,0.4052894711494446,0.6384532451629639,,1.452261209487915,,
20131016,0.30919143557548523,,0.2510800361633301,,,,,,,,,,,,0.3767225742340088,,,,,
20131017,0.38941672444343567,0.7354632019996643,0.7095881700515747,0.4320087730884552,0.4390988349914551,2.0514590740203857,0.6281766891479492,0.5302779078483582,2.0817601680755615,3.8491666316986084,0.7800672054290771,1.0078845024108887,0.28296607732772827,0.49563103914260864,0.5610883235931396,,,0.4066980481147766,0.3294081687927246,1.2826135158538818
20131018,,0.40681740641593933,0.5406957268714905,0.4311002492904663,0.4039129912853241,2.0376081466674805,0.6787432432174683,0.6611871123313904,2.2937378883361816,4.922669410705566,0.9836821556091309,0.9230680465698242,0.2577495872974396,0.8248583078384399,0.4796031713485718,1.0444716215133667,,0.6630032658576965,0.4426079988479614,1.3509727716445923
20131019,,,,,,,,,,,,,,,,0.6403855681419373,,0.6035590767860413,0.4035909175872803,1.3933064937591553
20131020,,,,,,1.359960675239563,,,,,,,,,,,,,,
20131021,0.35400843620300293,,,,,,,,,,,,,,,,,,,
20131022,0.3367677628993988,0.2981197237968445,0.27089548110961914,,,,,0.42415112257003784,,,0.49720287322998047,0.5944921970367432,,0.4265134930610657,0.3411164879798889,,,,,
20131023,,0.6382673978805542,0.49327123165130615,0.21591928601264954,0.351849228143692,2.2679951190948486,0.6602879762649536,0.5383646488189697,,2.9370861053466797,0.6832212209701538,1.031268835067749,0.17698977887630463,0.32817524671554565,0.5485743284225464,0.7771220207214355,,0.5923628211021423,0.3285014033317566,
20131024,0.301768958568573,,,,,2.9097118377685547,,,2.3272433280944824,3.100883960723877,0.5443522334098816,0.7279844880104065,,,0.5955593585968018,1.0193430185317993,,0.3604617416858673,0.31232091784477234,0.5269704461097717
20131025,0.4412934184074402,0.672487735748291,0.5666141510009766,,0.430851012468338,1.0653417110443115,0.3779454529285431,,1.700659155845642,,0.38981667160987854,0.6627064347267151,,0.45165663957595825,,,,,,0.4838632047176361
20131026,,,,,0.3596682846546173,2.00888991355896,0.6232510209083557,0.5297292470932007,2.154721975326538,3.358032703399658,0.6059342622756958,0.907509446144104,0.3009535074234009,0.41140496730804443,0.48748213052749634,0.5018253326416016,,,0.3118237555027008,
20131027,0.4320067763328552,0.637741208076477,0.44659051299095154,0.3835301697254181,0.4759647846221924,2.4126455783843994,0.3779798150062561,0.40516000986099243,,,,,0.27864012122154236,,,,,,,
20131028,0.3652545213699341,0.6459245681762695,0.5255110859870911,0.3208549916744232,0.3243314325809479,2.1458511352539062,0.3991270661354065,0.25839415192604065,,,,,,,,,,,,
20131029,,,,,,2.009603977203369,0.6955046057701111,0.4391263723373413,2.072131872177124,4.3664469718933105,0.6007043719291687,0.7258737087249756,0.1636841595172882,,0.41487812995910645,,,,,
20131030,0.38287195563316345,0.6253687739372253,0.33784452080726624,0.431241899728775,,,,,,,,,,,,,,,0.2833474278450012,0.3170424699783325
20131031,0.3668970763683319,0.32303768396377563,0.4723092019557953,0.3568461835384369,0.30550670623779297,1.4123154878616333,0.4804072082042694,0.46956706047058105,1.800645112991333,2.822688102722168,0.5234448313713074,0.5162873864173889,0.2582123875617981,0.38823676109313965,0.44216790795326233,0.5107869505882263,,0.7056286931037903,0.6697588562965393,
20131101,0.29922348260879517,0.6932221055030823,0.5469270944595337,0.20000585913658142,,3.050422430038452,0.46916624903678894,,1.877625584602356,4.618266582489014,0.3759603202342987,0.5001171827316284,,0.3151763379573822,0.3062021732330322,0.6092845797538757,,0.4778544008731842,0.33627474308013916,0.7073667049407959
20131102,0.2577391564846039,0.7031394243240356,0.6878328323364258,,,2.061215400695801,0.4564037322998047,0.3942652642726898,3.0393972396850586,3.320873737335205,0.7277178168296814,0.4716761112213135,0.2151077538728714,0.6033935546875,0.23908385634422302,0.332877516746521,,0.42129090428352356,0.32485687732696533,2.080054521560669
20131103,,,,,0.4195542633533478,1.9626938104629517,0.4972752630710602,0.46088236570358276,2.256258964538574,3.247380495071411,0.6459373831748962,0.5173962712287903,0.2253834307193756,0.32170340418815613,0.21549580991268158,0.5842397809028625,,0.4046348035335541,0.28488320112228394,0.4981464147567749
20131104,0.41127362847328186,,,,,,,,,,,,,,,1.2407478094100952,,0.6503424644470215,0.6611942052841187,0.4913063645362854
20131105,0.2881990373134613,0.6060786843299866,0.5389488339424133,0.5270888209342957,0.27952244877815247,1.9488061666488647,0.5594598054885864,0.4731271266937256,2.0255072116851807,1.484779715538025,0.6438480019569397,0.6078778505325317,0.2830507159233093,0.3716489374637604,0.354581743478775,0.32644203305244446,,0.4070141911506653,0.4031633734703064,2.4871366024017334
20131106,,0.8182393908500671,,,,3.4136250019073486,,,,2.886655807495117,,0.7092323899269104,,,0.20240642130374908,0.45824629068374634,,0.41602885723114014,0.3433206379413605,0.42805948853492737
20131107,,,,,,,,,,,,,,,,,,,,
20131108,,1.1533252000808716,0.4988305866718292,0.3450390696525574,0.2739453613758087,2.2170400619506836,0.2815571129322052,0.3196552097797394,,,0.2561008930206299,0.4756092131137848,0.2696959376335144,0.23671481013298035,0.22912921011447906,0.4940885007381439,,0.36995062232017517,,
20131109,,,,,,,,,,,,,,,,0.5880669355392456,,0.3969665467739105,0.2803281843662262,0.5226606726646423
20131110,0.27652910351753235,0.6704270839691162,0.4430730938911438,0.21545009315013885,,,,,,,,,,,,,,,,0.717566728591919
20131111,0.34061557054519653,0.5791019797325134,0.4213269054889679,0.24916747212409973,0.26125937700271606,1.2101168632507324,0.35743817687034607,0.3716506063938141,1.8498127460479736,1.5797923803329468,0.4765636920928955,0.3826071619987488,0.1855698674917221,0.4194253981113434,0.3996320366859436,0.4512615203857422,,0.45431795716285706,,
20131112,0.2985144555568695,0.6065843105316162,0.46173620223999023,0.2818926274776459,0.29579249024391174,1.5202689170837402,0.31851258873939514,0.34340840578079224,2.2603468894958496,2.5309836864471436,0.5055027604103088,0.4026593863964081,0.3227638602256775,0.3266166150569916,0.3459329307079315,,,0.23689350485801697,,
20131113,0.32215696573257446,0.6781005859375,0.663598358631134,0.3333571255207062,0.2877625823020935,1.5985499620437622,0.37956443428993225,0.29641470313072205,1.9803653955459595,2.7258946895599365,0.5585905313491821,0.41911035776138306,0.29982152581214905,0.18262195587158203,0.49926722049713135,0.3549141585826874,,0.2139023095369339,,
20131114,,,,,0.2815469801425934,1.6717561483383179,0.5208241939544678,0.4348660111427307,1.8301072120666504,4.378891944885254,0.5279240608215332,0.4511752128601074,0.24917788803577423,,,0.3097763657569885,,0.3936282694339752,0.1655465066432953,
20131115,,,,,,,,,,,,,,,,,,,0.3255803883075714,0.556318998336792
20131116,0.29209575057029724,0.2669976055622101,0.38494083285331726,0.4121621549129486,0.28649887442588806,0.9615726470947266,0.3915245234966278,0.395599901676178,2.3988540172576904,2.031102418899536,,,0.19421367347240448,0.26280611753463745,0.3336220383644104,,,0.19967156648635864,,
20131117,0.26251572370529175,0.550369381904602,0.40499255061149597,0.47489291429519653,0.38615721464157104,1.61869478225708,0.35550209879875183,0.5125799775123596,2.278221845626831,2.0935440063476562,0.5328456163406372,0.40857943892478943,0.30659645795822144,0.4669148027896881,0.45934510231018066,0.539440393447876,,0.49199068546295166,0.2537667155265808,0.5577136874198914
20131118,,0.1764211803674698,0.508051335811615,0.4635051190853119,0.4310445785522461,1.741339087486267,0.34962567687034607,0.6650465726852417,2.159634590148926,2.4486072063446045,0.6558926701545715,0.44806498289108276,0.30328676104545593,0.36605700850486755,0.40738698840141296,0.40758195519447327,,0.5270485877990723,0.2957839071750641,0.8693380355834961
20131119,,,,,,2.7020061016082764,,,,,,,,,,,,,,1.2299846410751343
20131120,,,,,,,,,,,,,,,,,,,,
20131121,0.2568114995956421,0.6544288396835327,0.3668111562728882,0.35477155447006226,0.28336647152900696,,0.23968158662319183,0.23047275841236115,,,,,0.20780180394649506,,,,,,,
20131122,0.24370722472667694,0.6244148015975952,0.48099616169929504,0.38474899530410767,0.27097803354263306,1.623887062072754,0.2344142645597458,0.30025970935821533,,,0.24486719071865082,0.25078439712524414,0.23661638796329498,0.2941369116306305,0.3002820312976837,0.5134929418563843,,0.46589916944503784,,
20131123,,0.24794511497020721,0.31179752945899963,0.3924853801727295,0.2366202175617218,1.4177125692367554,0.2097957730293274,0.2831052541732788,2.3704569339752197,2.313720226287842,,,0.154824897646904,,,0.2998836636543274,,0.4658128619194031,,0.1115763932466507
20131124,,0.8232488632202148,0.7237153649330139,0.6224545836448669,0.4612697660923004,1.7289271354675293,0.4223029911518097,0.513333261013031,2.434269905090332,2.43721866607666,0.6336765885353088,0.5783199667930603,0.37496012449264526,0.5205022692680359,0.46137765049934387,0.5494324564933777,,1.282037615776062,,0.2833629846572876
20131125,0.2618842124938965,,,,,2.69492769241333,0.37019577622413635,1.1819591522216797,,,0.3281746804714203,0.9762749671936035,,,0.3448716402053833,0.6075997948646545,,2.0340259075164795,0.4560262858867645,0.6645050644874573
20131126,0.20925195515155792,0.226988285779953,0.28392142057418823,0.44600436091423035,0.3023950755596161,,,,,,,,,,0.24789291620254517,0.4600970149040222,,0.3120289146900177,,
20131127,,0.714994490146637,,,0.24569286406040192,2.322058916091919,0.3045750856399536,0.21239814162254333,1.991980791091919,5.263246536254883,0.41130709648132324,0.374708890914917,,0.27570223808288574,,,,,,
20131128,,,,0.315181165933609,0.22412025928497314,,,0.27183660864830017,,,,,0.2141846865415573,,,,,0.2457924783229828,,
20131129,0.2804155945777893,0.6464728116989136,0.6838220953941345,0.5048850178718567,0.3612193167209625,1.668641448020935,0.39164435863494873,0.4651332497596741,1.9950357675552368,3.1259243488311768,0.5622158050537109,0.5187692642211914,0.2187119573354721,0.3217438757419586,0.35681620240211487,0.29051196575164795,,1.0675832033157349,0.25741907954216003,
20131130,,,,,,2.2204155921936035,0.5501245260238647,0.6068542003631592,2.0720326900482178,3.246561288833618,0.507891058921814,0.5842346549034119,,0.3491891324520111,0.38343149423599243,0.38621464371681213,,0.9773526787757874,0.9757141470909119,0.9824894070625305
20131201,0.2436831295490265,0.24536539614200592,,,,,,,,,,,,,,,,,,0.29538124799728394
20131202,0.2238297313451767,0.2287278175354004,0.3090148866176605,0.47994473576545715,0.3917613625526428,0.7101494073867798,0.3512958884239197,0.4273691177368164,,,0.37334316968917847,,0.2773733139038086,0.24650803208351135,,,,0.35666850209236145,,
20131203,0.2406739592552185,,,,,,,,,,,,,0.4231734275817871,0.4849436283111572,,,0.5682443976402283,0.23014752566814423,
20131204,0.17552274465560913,0.21479350328445435,0.23434603214263916,0.3006047010421753,0.2738572657108307,2.2921910285949707,0.18370991945266724,0.39805665612220764,,,,,0.19846129417419434,0.2031235247850418,,,,0.27082934975624084,0.2563704252243042,0.25898605585098267
20131205,,,,,,2.2496092319488525,0.4641306698322296,0.24290548264980316,,,0.22661300003528595,,,0.2863927483558655,0.3236261010169983,0.2974115014076233,,0.5100599527359009,0.23399202525615692,0.12005583941936493
20131206,,,,,,,,,,,,,,,,,,,0.33648616075515747,0.47593048214912415
20131207,,,0.30839547514915466,,,,,0.40330615639686584,,,,,0.23930113017559052,0.25498145818710327,,0.23438884317874908,,0.43188875913619995,0.24688927829265594,0.42202574014663696
20131208,,,,,,,,,,,,,,,0.12875643372535706,,,,,
20131209,0.17932692170143127,0.2692229449748993,0.4159238040447235,0.15116196870803833,0.24369987845420837,0.40604594349861145,0.29737597703933716,0.32642513513565063,,,0.20243480801582336,0.2707834541797638,0.20206430554389954,0.20068657398223877,0.15721914172172546,0.2736597955226898,,0.5264509916305542,0.18208780884742737,0.18012303113937378
20131210,,,1.0772956609725952,0.2597014605998993,,2.0994386672973633,0.5310325026512146,0.17302796244621277,,,,,,0.2180015593767166,,,,0.2987455129623413,0.3124729096889496,0.5446027517318726
20131211,,,,,,,,,,,,,,,,,,0.4185399115085602,0.3115590512752533,0.5559046864509583
20131212,0.20716282725334167,0.5266907215118408,0.4354104995727539,,,,,,,,,,,,,,,,,1.7035002708435059
20131213,0.16480450332164764,1.2166262865066528,1.1567167043685913,0.10363459587097168,0.3493322730064392,1.5836784839630127,0.26459911465644836,,2.3479223251342773,3.756237506866455,,1.061276912689209,,,,,,,,
20131214,0.23001818358898163,0.6286503076553345,0.4253757894039154,0.2934434711933136,0.558688759803772,1.781662940979004,0.42536282539367676,0.41273126006126404,2.4709792137145996,3.9526278972625732,0.5557143688201904,0.42311203479766846,0.21448113024234772,0.40379345417022705,0.25036153197288513,0.32209378480911255,,0.4251909852027893,0.25967803597450256,
20131215,0.30129122734069824,0.7117886543273926,0.761792004108429,0.29130151867866516,0.3160358667373657,1.65512216091156,0.3093421757221222,0.21039238572120667,,,,0.4229859411716461,0.1841539591550827,0.6828411221504211,0.17856402695178986,,,0.49192747473716736,,
20131216,,,,,,2.0904688835144043,0.8675930500030518,0.8046867251396179,2.3680970668792725,3.4843714237213135,0.602996826171875,0.5552631616592407,0.29219815135002136,0.62990802526474,0.23456493020057678,0.4163985550403595,,0.47551706433296204,0.2899613678455353,1.4740580320358276
20131217,,,0.26946914196014404,,,,,,,,,,,,,,,,,0.779714822769165
20131218,0.20106709003448486,0.2023811638355255,1.8993103504180908,,,1.33372163772583,,,,,,,,0.15920282900333405,,,,0.2918921411037445,,
20131219,0.17833979427814484,0.6221480965614319,0.3856017589569092,,,2.3606977462768555,0.5023770332336426,0.45114976167678833,3.8509011268615723,6.35291051864624,0.6650559306144714,0.39572131633758545,0.22991982102394104,0.3356473445892334,0.22742725908756256,0.30369725823402405,,0.3548099398612976,0.19564782083034515,0.20849698781967163
20131220,,,,,,,,,,,,0.43239206075668335,,,,,,,,
20131221,,,,,,,,,,,,,,,,,,,,
20131222,,,,,,,,,,,,,,,,,,,,
20131223,,,,0.3101066052913666,0.4070420563220978,,0.26717302203178406,0.2855053246021271,,,,,0.2586633563041687,,,,,,,
20131224,0.19757215678691864,0.6900948286056519,0.4901491701602936,0.32417187094688416,0.4666288495063782,0.8783277273178101,0.34357017278671265,0.601324200630188,2.563711404800415,4.444728851318359,0.5787245631217957,0.6628689169883728,0.24365174770355225,0.5187481045722961,0.25440725684165955,0.333228200674057,,0.7111820578575134,0.26187098026275635,0.6314278244972229
20131225,0.18738743662834167,0.8534901738166809,0.6529532074928284,0.4345323145389557,0.5276168584823608,2.087294816970825,0.6172232031822205,0.5433903336524963,3.026907444000244,4.168216705322266,0.8288174271583557,0.5910714268684387,0.22316721081733704,0.41880524158477783,0.2372075766324997,0.2654708921909332,,0.5483661890029907,,0.19174091517925262
20131226,,,0.8858630061149597,0.49444425106048584,0.47429347038269043,0.9841663837432861,0.3728001117706299,0.20078735053539276,2.1131815910339355,,0.3541605472564697,0.29800379276275635,0.1781083643436432,0.2453545480966568,0.1746138334274292,0.2731987237930298,,0.3958025872707367,0.19477571547031403,0.5638365745544434
20131227,0.2104019969701767,,,,,1.500834345817566,,,,,,,,,0.2921791970729828,0.35140639543533325,,0.5901022553443909,0.1996380239725113,0.8459736704826355
20131228,0.14345793426036835,,,,,,,,,,,,,,,,,,,
20131229,0.2136143296957016,0.6854003667831421,0.4492878019809723,0.3285779654979706,0.39254099130630493,1.3087342977523804,0.408328652381897,0.4293254017829895,1.9985337257385254,3.3208425045013428,0.48597532510757446,0.5014052391052246,0.25870728492736816,0.4048811197280884,0.24037417769432068,0.3394850194454193,,0.40339866280555725,0.22096525132656097,
20131230,0.1648588925600052,1.7565672397613525,0.2258596420288086,0.4970766305923462,0.5054473876953125,1.7131613492965698,0.5214250087738037,0.16621428728103638,2.8846962451934814,5.309783935546875,,0.3437850773334503,0.26747074723243713,0.3470529615879059,0.21795135736465454,0.339248389005661,,0.42162224650382996,0.19507691264152527,0.719334602355957
20131231,0.2685842216014862,0.9384325742721558,0.47667399048805237,0.5596921443939209,0.5917739868164062,2.095301389694214,0.44232478737831116,0.5084062218666077,2.34841251373291,3.439164161682129,0.595988392829895,0.4676395356655121,0.25509366393089294,0.5657894611358643,0.22000931203365326,0.34747493267059326,,0.38608694076538086,0.18023113906383514,0.6158883571624756
20140101,,,,,,,,,,,,,,,,,,,,
20140102,,,,,,,,,,,,,,,,,,,,
20140103,0.16093702614307404,,,,,0.4885709583759308,0.35014769434928894,,,,,,0.2840960919857025,,,,,,,
20140104,0.170359268784523,0.8407708406448364,0.41811391711235046,0.3147130310535431,0.3825954496860504,2.1633658409118652,0.4312925636768341,0.43130818009376526,2.3183670043945312,2.8012044429779053,0.5295141339302063,0.5726243853569031,0.16143372654914856,,0.12592114508152008,0.2772065997123718,,0.13200414180755615,0.09178375452756882,
20140105,0.13491009175777435,0.1756492406129837,0.21800030767917633,0.3771289587020874,0.39050084352493286,1.135006308555603,0.3334379494190216,0.4336223006248474,,,0.36475732922554016,0.4528994858264923,0.24217697978019714,0.497114896774292,0.3112868070602417,0.31895381212234497,,0.3221082389354706,0.16817721724510193,0.3753364384174347
20140106,,,,,,2.02414870262146,0.5346007347106934,0.5166562795639038,2.2005693912506104,3.149646282196045,0.7110590934753418,0.7798660397529602,0.4213173985481262,0.6463418006896973,0.28840047121047974,0.41468149423599243,,0.4692254662513733,,0.5564296841621399
20140107,0.2521326243877411,,,,,,,,,,,,,,,,,,0.20680952072143555,0.5157728791236877
20140108,0.24260130524635315,0.7792407870292664,0.61505126953125,0.43616729974746704,0.5212520360946655,1.1594659090042114,0.3787131607532501,0.5429150462150574,,,0.7782955765724182,,0.33741822838783264,0.7622308135032654,,,,,,
20140109,0.22136923670768738,0.7040924429893494,0.5485739707946777,0.5169979333877563,0.391165167093277,1.8578274250030518,0.35330140590667725,0.5230464935302734,2.25836443901062,3.133939743041992,0.5153682231903076,0.5382950901985168,0.29534900188446045,0.6338270306587219,0.301596462726593,0.5378192067146301,,0.47715890407562256,0.24742281436920166,0.7532095909118652
20140110,0.20660574734210968,0.760570228099823,0.6408964991569519,0.761380672454834,0.4463617205619812,2.5514280796051025,0.36840537190437317,0.4414249658584595,2.6486330032348633,3.5493619441986084,0.6214557886123657,0.4421820044517517,0.22608765959739685,0.5265724062919617,0.25290369987487793,0.4152650535106659,,0.5185701251029968,0.19865919649600983,0.5119672417640686
20140111,,,,0.8989551067352295,0.46713507175445557,1.7442448139190674,0.403080016374588,0.4851396679878235,2.1762547492980957,3.390825033187866,0.6105701923370361,0.5022238492965698,0.21753241121768951,0.7140106558799744,0.22431929409503937,0.533852756023407,,0.5048220753669739,0.15761561691761017,0.5596458315849304
20140112,,,,,,,,,,,,,,,,,,0.5152711868286133,0.1927071511745453,1.1779484748840332
20140113,0.23354694247245789,0.5944281220436096,0.4993171989917755,0.4279519021511078,0.41581928730010986,2.0220720767974854,0.4237842857837677,0.4370669722557068,2.062404155731201,,0.5363746881484985,0.3624417781829834,0.2532639801502228,0.6025258898735046,,,,,,0.9411218762397766
20140114,0.1830124408006668,0.2594436705112457,,,,1.0375109910964966,0.32481271028518677,0.24603620171546936,0.9994882941246033,,0.37222403287887573,0.20656326413154602,,0.25190621614456177,0.2099648416042328,0.33911973237991333,,0.3528818190097809,0.15401360392570496,0.3768331706523895
20140115,0.16694195568561554,1.3284566402435303,0.4145398437976837,0.314179927110672,0.2792775332927704,1.6483770608901978,0.35900771617889404,0.9587303400039673,,,0.24250414967536926,,0.23019738495349884,0.2749783396720886,0.30778631567955017,0.4422440826892853,,0.4358775317668915,0.1069713905453682,
20140116,0.1945723593235016,,0.9896687269210815,0.6484811305999756,0.46861323714256287,3.218776226043701,0.4613074064254761,0.4994100332260132,2.8445606231689453,6.308180809020996,0.6656098365783691,0.49908342957496643,0.21740740537643433,0.6801716089248657,0.3192901015281677,0.4923369586467743,,0.5358119606971741,0.17642904818058014,0.8077801465988159
20140117,,,,,,,,,1.162000060081482,5.408509254455566,,0.8965464234352112,,,0.3308499753475189,0.40634721517562866,,0.4072062075138092,0.13935598731040955,
20140118,0.21392099559307098,,,,,,,,,,,,,,,,,,,0.24868524074554443
20140119,0.319852352142334,0.25477901101112366,0.8755104541778564,0.6355685591697693,0.39657118916511536,1.3040951490402222,0.43736982345581055,0.47194087505340576,2.384418487548828,3.0770530700683594,0.5653321743011475,0.5740624666213989,0.25363588333129883,0.5454953908920288,0.32838258147239685,0.5338801741600037,,,,
20140120,0.2800161838531494,0.8767606616020203,0.6646198034286499,0.45521342754364014,0.4890105128288269,2.318009614944458,0.38575366139411926,0.520757794380188,2.7413878440856934,3.2303287982940674,0.6256993412971497,0.5354198217391968,0.236057847738266,0.4239218533039093,0.326373428106308,0.6377801895141602,,0.7716249227523804,0.14970526099205017,0.39709794521331787
20140121,,0.24404196441173553,0.4566604495048523,0.590258002281189,0.3661225438117981,1.6623531579971313,0.30837470293045044,0.48728275299072266,2.016047239303589,2.3778116703033447,0.6635583639144897,0.5672850012779236,0.2655658721923828,0.4686148166656494,0.3494027256965637,0.5933381915092468,,0.7844678163528442,0.1268346607685089,0.971060574054718
20140122,,,,,0.27014094591140747,,,0.7438677549362183,,,0.5704867839813232,0.49055975675582886,0.34008899331092834,0.9710463285446167,0.36933329701423645,0.7180198431015015,,0.71263188123703,0.1906636357307434,0.8788623213768005
20140123,,,,,,,,,,,,,,,,,,,0.15919658541679382,0.9796333909034729
20140124,0.18883228302001953,0.23004306852817535,0.30781257152557373,0.46148383617401123,0.47992950677871704,0.6961567401885986,0.3212178945541382,0.4912954270839691,,,0.6821709871292114,,0.2828369736671448,0.3978188931941986,,,,,,
20140125,0.36644378304481506,1.0785318613052368,0.928646981716156,0.5197168588638306,0.48247072100639343,2.671146869659424,0.3465907573699951,0.545217752456665,2.568424701690674,3.548862934112549,0.6324642300605774,0.6119049787521362,0.32148033380508423,0.5279507637023926,0.3392457365989685,0.673263430595398,,0.8389585018157959,0.39113131165504456,0.195089653134346
20140126,0.326272577047348,1.0559589862823486,0.8907945156097412,0.6253736615180969,0.6741613149642944,2.286649703979492,0.4285910725593567,0.7577621936798096,4.620416164398193,5.323615550994873,1.0093787908554077,0.5703006982803345,0.3682560324668884,0.5193654298782349,0.3952019214630127,0.5986457467079163,,0.6392300724983215,0.24992436170578003,0.5890164971351624
20140127,,1.077161192893982,0.9943059086799622,0.5969730615615845,0.518335223197937,2.387406587600708,0.4805830419063568,0.5324531197547913,2.316572666168213,3.063839912414551,0.6798344254493713,0.5971131920814514,0.31091299653053284,0.703883707523346,0.5289254784584045,0.5832151174545288,,0.9293115735054016,0.27161186933517456,0.6971900463104248
20140128,,,,,,,,,,,,,,,,,,,0.25923317670822144,0.38280272483825684
20140129,0.380641907453537,0.4275418817996979,0.6568111777305603,0.5021947026252747,0.47096797823905945,,,,,,,,0.20302720367908478,,,,,,,0.6875253915786743
20140130,0.2906801998615265,0.959601879119873,0.9400990009307861,0.6585187315940857,0.3353433310985565,1.5474467277526855,0.37199652194976807,0.47758132219314575,,,0.5752997398376465,0.47519975900650024,0.3319479525089264,0.47778695821762085,0.3485376536846161,0.6306427717208862,,0.7817032933235168,0.2518993616104126,0.9508752822875977
20140131,0.27202901244163513,0.9158779382705688,0.8800740242004395,0.5258765816688538,0.8306797742843628,3.019456386566162,0.5103242993354797,0.5999194383621216,3.5086729526519775,5.064394950866699,0.6904146075248718,0.549129068851471,0.3976764976978302,0.5141149759292603,0.35424408316612244,0.6203452944755554,,0.6804008483886719,0.22591517865657806,0.5601110458374023
20140201,0.3116169571876526,0.8893525004386902,0.4835314452648163,0.2914262115955353,0.3703545331954956,3.4594643115997314,0.36068713665008545,0.4702279567718506,2.461871862411499,3.3886852264404297,0.6619405746459961,0.5760930776596069,0.32859158515930176,0.6536673307418823,0.3451186716556549,0.5390850305557251,,0.6800236105918884,0.23966702818870544,0.6435471773147583
20140202,,,,,,2.757812738418579,0.565061628818512,0.6100946664810181,2.823983907699585,3.9258487224578857,0.7669578790664673,0.7076799273490906,,0.5192615985870361,0.3408581614494324,0.5085533857345581,,0.4639569818973541,0.16672158241271973,0.5695859789848328
20140203,,,,,,,,,,,,,,,,,,,,0.12686890363693237
20140204,0.47862809896469116,0.3971155881881714,1.0105516910552979,0.9363594651222229,0.672114372253418,2.1296486854553223,0.596596360206604,0.7330821752548218,2.6254966259002686,3.136213541030884,0.9295352101325989,1.026982069015503,0.43228352069854736,0.5756628513336182,0.6182298064231873,1.1544387340545654,,1.8674501180648804,,
20140205,0.36768245697021484,0.655543327331543,0.8759815692901611,1.020256757736206,0.6602936387062073,3.620471954345703,0.4567696750164032,0.6615197658538818,3.515549659729004,3.851567029953003,0.8229025602340698,0.6486126780509949,0.618131697177887,0.6852404475212097,0.5798923373222351,1.0085797309875488,,1.131920576095581,0.30309537053108215,0.600853443145752
20140206,0.33258286118507385,1.0852384567260742,1.0060274600982666,0.8935890793800354,0.5913886427879333,2.576505422592163,0.40099096298217773,0.6206507682800293,3.410062074661255,3.5932130813598633,0.7594899535179138,0.9290729761123657,0.36234527826309204,0.6067495346069336,0.4483092427253723,0.7723580598831177,,0.5913026332855225,0.3338194191455841,0.5679866075515747
20140207,,,,0.636152446269989,0.569232702255249,2.3664960861206055,0.4828442931175232,0.5869676470756531,3.140554666519165,3.8662519454956055,0.8876238465309143,0.8775191307067871,0.4571898579597473,1.4342842102050781,0.38429269194602966,0.7928289175033569,,1.3505967855453491,,0.7619325518608093
20140208,0.2860517203807831,,,,,,,,,,,,,,,,,,0.20314574241638184,0.6396471261978149
20140209,0.2904532551765442,1.0372833013534546,0.9783065915107727,0.525521993637085,0.5474779605865479,1.5189324617385864,0.511516809463501,0.5540267825126648,2.6531598567962646,2.348163366317749,0.8204004168510437,0.8267985582351685,0.3633278012275696,0.5802760720252991,0.47589632868766785,0.545956552028656,,1.1315925121307373,,
20140210,,,,,,1.6722831726074219,,,3.3831422328948975,3.753512382507324,0.7365676760673523,0.7806154489517212,,0.5826437473297119,0.4454275071620941,0.6763302683830261,,1.009825348854065,0.3243548572063446,0.7346059083938599
20140211,0.19026106595993042,,0.4278651177883148,0.28994131088256836,0.35950610041618347,5.244976997375488,0.432562917470932,0.5292613506317139,,,0.7356618642807007,0.6409728527069092,0.4561799168586731,0.5662668943405151,0.4231300950050354,0.5798936486244202,,0.657198429107666,0.24183756113052368,0.298906534910202
20140212,,,,,,,,,,,,,,,,,,,,
20140213,0.2999825179576874,,,,,,,,,,,,,,,,,,,
20140214,,,,,,,,,,,,,,,,,,,,
20140215,0.28582194447517395,0.23866896331310272,0.17831654846668243,0.30070045590400696,,,,,,,,,,,,,,,0.1822829246520996,1.286410927772522
20140216,0.308945894241333,0.9830641746520996,0.8383772969245911,0.6154574751853943,0.5484440326690674,2.7610082626342773,0.6453333497047424,0.44033166766166687,3.6215312480926514,4.166304588317871,0.9187650680541992,0.8428252339363098,0.27429458498954773,0.523118257522583,0.4250585734844208,0.6407628059387207,,0.5419471263885498,0.20333702862262726,0.5178565382957458
20140217,0.33903926610946655,0.884842574596405,1.2911583185195923,0.7281069159507751,0.701007604598999,2.79927396774292,0.6459519267082214,0.5764690041542053,4.245267868041992,4.5078558921813965,1.1673020124435425,0.9264121055603027,0.2184312343597412,0.7441447973251343,0.3760192394256592,0.4844112992286682,,0.9228635430335999,0.20455636084079742,0.6361504793167114
20140218,,,,,,2.9211230278015137,0.46107402443885803,,2.9026622772216797,3.7952404022216797,0.5053301453590393,0.9665960073471069,0.3277147114276886,0.4143375754356384,0.33988523483276367,0.539795994758606,,0.45941194891929626,0.21815019845962524,0.7127631902694702
20140219,0.17333345115184784,0.44862303137779236,0.49819812178611755,0.3781433701515198,,,,,,,,,,,,,,,,0.28221866488456726
20140220,0.23712238669395447,0.169250026345253,0.2629009783267975,0.38382357358932495,0.32597818970680237,1.9194663763046265,0.2726503014564514,0.24150407314300537,2.375305414199829,2.904510974884033,,,0.17510369420051575,0.3447723090648651,0.3153754472732544,0.546901285648346,,0.5290735960006714,0.18174196779727936,
20140221,0.27166375517845154,0.9466104507446289,0.7799321413040161,0.325880229473114,,,,,,,0.540473461151123,,,0.4287623465061188,0.26965758204460144,0.4409887194633484,,0.3668879568576813,,0.45435282588005066
20140222,0.3923587501049042,0.9234673976898193,0.7619453072547913,1.0406262874603271,0.4008418023586273,2.3935251235961914,0.6980262994766235,0.35648834705352783,3.1397078037261963,3.5292162895202637,1.398052453994751,0.6388359069824219,0.2352651059627533,,0.3768956661224365,0.6968581080436707,,0.7528636455535889,,
20140223,,,1.4496155977249146,0.9453836679458618,0.7634780406951904,2.3242995738983154,0.6527349948883057,0.7189255356788635,2.9170708656311035,3.8528993129730225,0.9531452655792236,0.8287791013717651,0.47742217779159546,0.750337541103363,0.41885557770729065,0.6994353532791138,,0.5649789571762085,0.26663240790367126,1.081040620803833
20140224,0.4259096384048462,1.095517635345459,1.1366735696792603,1.1776118278503418,0.9176897406578064,6.231904983520508,0.619231104850769,0.7695349454879761,,7.90338134765625,0.7492969632148743,0.8088011741638184,0.5375159382820129,0.5835884213447571,0.4937566816806793,0.8065596222877502,,0.6540040373802185,0.28611060976982117,0.9257417321205139
20140225,0.28141847252845764,,,0.9946715235710144,0.3280462324619293,2.9537649154663086,,0.38706785440444946,,,0.39081934094429016,0.36617520451545715,0.24750542640686035,0.45417818427085876,0.38968005776405334,0.27858176827430725,,,0.1310858428478241,1.2625808715820312
20140226,0.2003522366285324,,0.41758376359939575,0.7067779302597046,0.29818081855773926,0.9093397855758667,0.2504524290561676,0.2669934928417206,1.856825828552246,1.828515887260437,,0.2924753725528717,0.23463024199008942,,,0.6098291277885437,,0.3246384561061859,0.1810280680656433,0.6319901943206787
20140227,0.3553577959537506,0.8649131655693054,1.09614896774292,0.30618909001350403,0.28439077734947205,2.246680974960327,0.5639645457267761,0.5037906169891357,2.9843363761901855,2.2225077152252197,0.7821837663650513,0.6070507168769836,0.5045896768569946,0.5223060846328735,0.4517649710178375,0.6178224682807922,,1.482888102531433,0.20712848007678986,0.25099384784698486
20140228,,1.073252558708191,1.14055335521698,1.2866606712341309,0.7547059655189514,2.546823501586914,0.6250946521759033,0.7612963318824768,2.4148428440093994,3.8883540630340576,0.8147454857826233,0.6519384384155273,0.3098726272583008,1.0780797004699707,0.46024277806282043,0.769778311252594,,1.5745582580566406,0.2966117560863495,0.6995758414268494
20140301,0.5271556377410889,0.42245492339134216,,,,2.7114133834838867,0.8296957015991211,,2.6466171741485596,4.685519695281982,0.9675773978233337,0.7962325811386108,,,0.6376950144767761,0.980604350566864,,0.8349096179008484,0.1926838904619217,0.5928890109062195
20140302,0.4608209729194641,0.8092007637023926,1.093434453010559,1.3947033882141113,0.6961305737495422,1.9117956161499023,0.5564051866531372,0.6956709027290344,2.510674238204956,3.5661120414733887,0.7710909843444824,0.6907550096511841,0.6135351657867432,0.602658212184906,0.5680102705955505,1.0827653408050537,,0.8931000232696533,0.3979777991771698,0.8407415151596069
20140303,0.4273832142353058,0.9979449510574341,1.4141333103179932,1.4806400537490845,0.6296399831771851,2.336806297302246,0.5174316167831421,0.643913745880127,3.029984951019287,5.090597629547119,0.6564052700996399,0.6221165060997009,0.772176206111908,0.7098064422607422,0.551080584526062,0.9750906825065613,,0.6944921016693115,0.33613237738609314,0.8288136720657349
20140304,0.38785383105278015,0.8587260842323303,0.9103252291679382,0.977142333984375,0.6503625512123108,3.407670497894287,0.45401531457901,0.6249120235443115,5.667018413543701,8.247135162353516,0.8211575150489807,0.6115149855613708,0.8564969301223755,0.7971115112304688,0.5143561363220215,0.759037435054779,,0.8145093321800232,0.328702837228775,0.30827558040618896
20140305,0.3772607147693634,0.806752622127533,0.8713400959968567,0.8724162578582764,0.2928977310657501,2.1492717266082764,0.6074649095535278,0.5728020668029785,2.3154354095458984,3.434617757797241,0.7232831120491028,0.7827782034873962,0.49974116683006287,0.582730770111084,0.5059271454811096,0.7571575045585632,,1.3908153772354126,0.27798786759376526,0.11519287526607513
20140306,0.29989054799079895,,,,0.5943889617919922,2.4919650554656982,0.6182149648666382,0.6249885559082031,2.567192792892456,3.909674644470215,0.8192493319511414,0.7917998433113098,0.26749104261398315,0.749518632888794,0.565467119216919,0.8220468163490295,,1.8273553848266602,0.5081835389137268,1.4546375274658203
20140307,0.4807966649532318,0.874203085899353,1.2735939025878906,1.2504839897155762,0.4453761875629425,1.8710784912109375,0.6141538023948669,0.8963932394981384,2.2584662437438965,2.555203914642334,0.8803867101669312,0.7788094878196716,0.42646971344947815,0.8303432464599609,0.6513152122497559,1.0266623497009277,,1.3008931875228882,0.18018826842308044,
20140308,0.4629475474357605,0.41648751497268677,1.5817400217056274,1.8265982866287231,0.6253243088722229,1.982244610786438,0.5594021081924438,0.7558862566947937,2.544799566268921,3.288036584854126,0.620043933391571,0.9508166909217834,1.485493540763855,0.7606299519538879,0.6244276762008667,0.9891487956047058,,1.2643287181854248,0.7506088614463806,0.6927661895751953
20140309,0.5573558211326599,0.9249769449234009,1.151586890220642,1.574306607246399,0.6604286432266235,1.9406951665878296,0.32605642080307007,0.7921789288520813,,3.2230679988861084,,,1.3032877445220947,1.4395238161087036,,1.1319082975387573,,1.028324007987976,0.35935214161872864,0.6814253330230713
20140310,0.4246778190135956,0.4389279782772064,,,0.5040486454963684,,,,,,,,0.859377920627594,,,,,1.2704226970672607,0.604524552822113,
20140311,0.21843408048152924,,0.8227564096450806,,,,,,,,,,0.5446444153785706,,,,,,,
20140312,0.36159974336624146,0.9777984619140625,1.0897495746612549,1.5258541107177734,0.7416507601737976,2.934142827987671,0.5867921710014343,0.6995555758476257,3.064509153366089,5.026653289794922,0.8818995356559753,0.8697726726531982,0.5810911059379578,0.8766067028045654,0.5637833476066589,0.75166255235672,,1.4422200918197632,0.27694761753082275,1.2685633897781372
20140313,0.48766398429870605,0.8925769329071045,0.8549557328224182,0.8392741680145264,0.5787994861602783,2.0472021102905273,0.481885701417923,0.5161640644073486,,4.5594868659973145,1.0237443447113037,,0.550152063369751,0.5127237439155579,,,,,,2.972576379776001
20140314,0.5055515170097351,0.4640541672706604,0.9490410089492798,1.2979828119277954,0.6016480326652527,1.1226541996002197,0.3543379306793213,0.8346719145774841,,,,,0.41992154717445374,0.5619038939476013,,,,,0.258770227432251,0.6649236083030701
20140315,0.29780113697052,,0.5158482193946838,0.4894116222858429,,,,,,,,,,,,,,,,0.1282251477241516
20140316,0.29312145709991455,0.8207139372825623,1.4470100402832031,0.9329649806022644,0.47896236181259155,2.2574007511138916,0.7845413088798523,,2.840005397796631,3.2865793704986572,,,,,,,,0.29601848125457764,0.2425938993692398,0.3144405484199524
20140317,0.2977098822593689,0.8059446215629578,0.7714792490005493,0.4452258050441742,0.3268178403377533,2.9136548042297363,,0.6059802174568176,,,0.4597509503364563,,0.4712786376476288,0.7143952250480652,0.31409740447998047,,,0.797272801399231,0.22501200437545776,0.4059382677078247
20140318,0.2135494202375412,0.5367446541786194,0.5548038482666016,0.4622424840927124,0.4360147714614868,2.8223066329956055,0.5448229312896729,0.5945231914520264,2.8192994594573975,4.656769752502441,0.7031502723693848,0.9798983931541443,0.31282180547714233,0.3768283724784851,0.5495792627334595,,,0.39158347249031067,0.25858497619628906,0.5331620573997498
20140319,0.32003405690193176,0.9061986804008484,0.8299961686134338,0.7552029490470886,0.5256373882293701,2.54860258102417,0.6342485547065735,0.7177335619926453,4.311802864074707,8.656585693359375,0.909386157989502,1.0037015676498413,0.4224640130996704,0.6948645710945129,0.5996661186218262,0.5607936978340149,,0.5688427090644836,0.2500838041305542,0.7948244214057922
20140320,0.2325228899717331,,0.4013233184814453,0.7794279456138611,0.7570682168006897,3.6148974895477295,0.6583104133605957,0.7410810589790344,8.647205352783203,10.600799560546875,1.2407991886138916,0.9177946448326111,0.3890906274318695,0.8711265921592712,0.6278148889541626,0.5933991074562073,,0.5228352546691895,0.2656310498714447,0.9573663473129272
20140321,0.3955015242099762,0.9537389874458313,1.0750373601913452,0.8158006072044373,0.6119749546051025,2.5986926555633545,0.548781156539917,0.6491761207580566,,3.3931171894073486,1.236935019493103,,0.4148786664009094,0.46718907356262207,0.4851903021335602,0.9974567890167236,,0.5323479771614075,,
20140322,0.459489107131958,1.0351285934448242,1.4675729274749756,1.535966157913208,0.6504344940185547,2.9097745418548584,0.6731140613555908,0.83282870054245,2.7698097229003906,3.628871440887451,0.9427533745765686,0.8879411816596985,0.46695375442504883,0.5958275198936462,0.8095759749412537,0.8809402585029602,,1.239527702331543,,0.4104558825492859
20140323,0.3105662167072296,1.1246775388717651,0.8249770402908325,0.6704994440078735,0.5286968350410461,1.6494009494781494,0.48519426584243774,0.663209855556488,2.276047945022583,,0.9538092613220215,0.5944705009460449,0.3138907551765442,0.7237371802330017,0.5900925397872925,0.5719082355499268,,0.40671291947364807,0.2813515365123749,0.2396462857723236
20140324,0.33087512850761414,0.41464152932167053,0.3765510618686676,0.4379759430885315,0.4983340799808502,1.249284267425537,0.353983610868454,0.5514824390411377,2.466498851776123,2.25264048576355,0.5572860836982727,0.5996841192245483,0.3705648183822632,0.40549609065055847,0.43810713291168213,0.617891788482666,,0.8578367233276367,0.23344255983829498,0.47088423371315
20140325,0.4668956696987152,1.0888208150863647,1.075783133506775,0.8676647543907166,,3.6593239307403564,,,,,,,0.1986800879240036,,,,,0.22784870862960815,0.18717962503433228,1.0599992275238037
20140326,0.37525343894958496,0.8738366961479187,0.8778841495513916,1.161496877670288,0.8780845999717712,1.1277209520339966,0.5078499913215637,1.055591344833374,2.795166015625,3.4655044078826904,0.9869529604911804,0.7913709282875061,0.391985148191452,0.8711122870445251,0.6988875269889832,0.9213309288024902,,0.6514703631401062,0.4574283957481384,
20140327,0.41296789050102234,0.6060523390769958,1.586692214012146,1.3839081525802612,0.7235946655273438,1.874427318572998,0.6103865504264832,0.7858150601387024,2.8835787773132324,4.062237739562988,0.8886180520057678,1.0609431266784668,0.35217592120170593,0.9199866652488708,0.5483910441398621,0.7484322786331177,,0.5846128463745117,,
20140328,0.2508966028690338,0.6426190137863159,,1.0700836181640625,0.2690073847770691,,,0.5767856240272522,,5.91935396194458,1.8050144910812378,0.6281553506851196,0.34236660599708557,0.5143462419509888,,,,0.19924862682819366,0.1601080745458603,0.7024390697479248
20140329,0.35472530126571655,0.9669510126113892,1.0568126440048218,0.94195556640625,0.4842626452445984,2.1852519512176514,0.7517988681793213,0.6745911836624146,2.6114022731781006,4.399019718170166,0.7355859875679016,0.6707507371902466,0.34723764657974243,0.6339519619941711,0.4482930898666382,0.5166168808937073,,0.28677865862846375,0.36733633279800415,1.174607276916504
20140330,0.4532035291194916,1.1276109218597412,1.1283022165298462,2.0780227184295654,1.193679928779602,3.9512522220611572,0.48250192403793335,0.7920830249786377,,,,,0.49269428849220276,,,0.8798014521598816,,1.53903329372406,0.293903112411499,0.7028143405914307
20140331,0.28520867228507996,,,0.23091474175453186,,3.358020782470703,,,,,,,,,,,,,,0.2513907551765442
20140401,0.3799003064632416,0.41118600964546204,0.4177035987377167,,1.0008069276809692,3.5014801025390625,,,,,,,,0.37605687975883484,0.5715529918670654,0.8188883662223816,,0.7836348414421082,0.30557185411453247,0.6323676705360413
20140402,,0.5775017738342285,0.8604905605316162,1.2457071542739868,0.6963722109794617,,0.4855785071849823,0.8740620017051697,,,0.836337685585022,,0.3909846246242523,0.46580731868743896,0.42763882875442505,0.7284502387046814,,0.42663347721099854,0.2369476556777954,
20140403,0.1848715990781784,,0.43217483162879944,0.2207432985305786,0.5355948805809021,1.88931143283844,0.34905651211738586,0.32150810956954956,,,,,0.1929178088903427,0.40730899572372437,0.4454963207244873,,,0.4403587877750397,0.19577495753765106,0.23085105419158936
20140404,0.3464251160621643,0.9440988302230835,1.0139638185501099,1.1912347078323364,0.3901054561138153,2.296473503112793,,0.37436482310295105,2.778264045715332,3.0570220947265625,0.6459484100341797,1.0362731218338013,0.10412870347499847,,,0.868699848651886,,0.9492018222808838,0.2343606948852539,0.34577053785324097
20140405,0.3948213458061218,1.0321818590164185,0.8664116263389587,1.207543134689331,0.8273913264274597,3.2283451557159424,0.6294543147087097,0.824950635433197,3.358841896057129,5.063946723937988,1.1004812717437744,1.0150328874588013,0.4289829730987549,,0.7310827374458313,,,,0.23389245569705963,0.42347052693367004
20140406,,,0.7740390300750732,,0.8514835834503174,2.70052170753479,0.6760315299034119,0.9235947132110596,3.6313676834106445,5.800166606903076,1.177829623222351,1.0116450786590576,0.5753942728042603,1.2671451568603516,0.7967701554298401,0.8260828256607056,,0.875605583190918,0.35394060611724854,0.7513891458511353
20140407,0.5825408101081848,1.3809653520584106,2.7268526554107666,,,2.080441474914551,1.0603655576705933,,,,,,,,,,,0.8192356824874878,,
20140408,,,,,,,,,,,,,,,,,,,,
20140409,,,,,,,,,,,,,,,,,,,,
20140410,0.21474888920783997,0.31041020154953003,0.5742223858833313,,,,,,,,,,,,,,,0.27410608530044556,,
20140411,0.35107624530792236,1.2388049364089966,0.9323944449424744,0.5487996935844421,0.6711780428886414,,,,,,,,0.2044253796339035,0.3447697162628174,0.39158979058265686,1.0101091861724854,,0.5700845718383789,,
20140412,0.4590354859828949,1.119512677192688,1.1689954996109009,1.028864860534668,0.6305651664733887,2.444293975830078,0.7109431028366089,0.8780797719955444,2.7710704803466797,4.828697204589844,1.0786681175231934,1.445946455001831,0.4945353865623474,1.4016518592834473,0.5232438445091248,1.1087536811828613,,0.6603384017944336,0.3992009460926056,1.0629515647888184
20140413,0.37543147802352905,1.1117072105407715,1.5355533361434937,,,3.067591428756714,0.8192125558853149,0.742002010345459,2.7713160514831543,5.513007164001465,1.4148887395858765,1.1347118616104126,0.3604625165462494,,,,,0.8668323159217834,0.4605928361415863,0.5001014471054077
20140414,0.48655977845191956,1.1056458950042725,0.5823535323143005,0.3285146653652191,0.6195133328437805,1.5930850505828857,0.5711817145347595,0.8123024702072144,2.4725561141967773,4.699347496032715,1.0913256406784058,1.7345751523971558,0.3607290983200073,0.9127278327941895,0.9176694750785828,1.5723673105239868,,0.8635584115982056,0.49601760506629944,0.9958255290985107
20140415,0.5379365682601929,1.0862528085708618,1.500671625137329,2.672889471054077,1.2003859281539917,4.246291160583496,0.5732160210609436,1.119559407234192,2.80721116065979,6.0563836097717285,1.0224779844284058,1.5832830667495728,0.38480234146118164,1.0870054960250854,0.9512733221054077,1.3671455383300781,,0.808222770690918,0.25186002254486084,0.4954897463321686
20140416,0.47784745693206787,1.2082792520523071,1.3009082078933716,1.038894534111023,0.6755488514900208,4.006339073181152,0.5056176781654358,0.9212630391120911,4.969876766204834,7.615824222564697,2.1088051795959473,,0.4830414354801178,1.62416672706604,1.4485297203063965,,,,,
20140417,0.45255982875823975,0.9960495233535767,1.368173360824585,1.4213069677352905,0.5658620595932007,5.341745376586914,0.6930407881736755,0.6990285515785217,2.790010452270508,5.621618747711182,,1.1041338443756104,0.28608524799346924,0.6189874410629272,1.0142160654067993,2.614301919937134,,1.2481063604354858,0.4718543589115143,0.9735842347145081
20140418,0.4840041995048523,0.9243069887161255,1.4244798421859741,0.8578347563743591,0.6382312178611755,1.9278576374053955,0.6033279299736023,0.8085516095161438,2.8269035816192627,4.700069904327393,1.102904200553894,1.1876461505889893,0.4197433590888977,0.9040651321411133,0.7304569482803345,0.8993834257125854,,0.79057776927948,0.3072581887245178,0.5488764047622681
20140419,0.4043022394180298,1.255667805671692,0.5922093391418457,,,1.7198189496994019,0.845584511756897,,2.641040802001953,3.9757754802703857,,,,,,,,0.17934364080429077,0.2046913057565689,0.29454177618026733
20140420,1.076096773147583,1.6057043075561523,1.9077693223953247,,,2.9715278148651123,0.6040635704994202,,,,,1.050002932548523,,0.26645055413246155,,,,,0.2759985327720642,0.4242769181728363
20140421,0.5344114303588867,0.9291722178459167,,,,,,,,,,,,,,,,,,
20140422,0.47202667593955994,1.0482475757598877,1.1854568719863892,1.370327115058899,0.8375676870346069,2.063692808151245,0.7910794615745544,1.0828877687454224,2.492009401321411,4.571037769317627,1.30838942527771,1.2344175577163696,0.4530467092990875,,,,,0.48317399621009827,0.253532737493515,
20140423,0.455908864736557,1.0479451417922974,1.4918090105056763,1.2377232313156128,0.6354703307151794,2.7546794414520264,0.6315074563026428,1.2834339141845703,2.3615355491638184,,1.0185693502426147,1.0649192333221436,0.5133110880851746,1.165092945098877,1.117669939994812,2.673518180847168,,0.5150315761566162,0.3697907030582428,0.775793194770813
20140424,0.36671411991119385,0.7531497478485107,0.731360673904419,0.6549726724624634,0.515770435333252,2.337418794631958,0.5335116386413574,0.8193638920783997,2.737699031829834,4.828616619110107,0.9873965978622437,1.044533133506775,0.42070573568344116,1.0732710361480713,0.7300029993057251,1.0340754985809326,,0.5276600122451782,0.3165435791015625,1.0038254261016846
20140425,,,,,,,,,,,,,,,,,,,,1.1784842014312744
20140426,0.3340008854866028,0.8938504457473755,0.796248197555542,0.6782432794570923,0.37596365809440613,2.56233811378479,0.43921852111816406,0.7411772012710571,1.7721225023269653,3.4003617763519287,0.9475417137145996,,0.3445414900779724,,,0.7575230598449707,,0.6076157689094543,0.37412241101264954,0.3696823716163635
20140427,,,,,0.6940894722938538,,0.5585698485374451,0.9457541704177856,,,,,,1.9081318378448486,1.1450200080871582,1.7458492517471313,,0.5736122727394104,0.4407884478569031,2.373300790786743
20140428,,,,,,,,,,,,,,,,,,0.5156553983688354,,
20140429,0.4951379895210266,0.9855744242668152,0.9736236333847046,0.7801973819732666,0.5527241826057434,1.8777004480361938,0.6688670516014099,0.8758400082588196,2.3672242164611816,3.26806378364563,0.8696412444114685,0.8506216406822205,0.36109742522239685,0.8966965079307556,0.8603220582008362,0.9375030398368835,,0.48378241062164307,0.24900494515895844,
20140430,0.37997108697891235,0.6592053174972534,0.31642773747444153,0.17760959267616272,0.2711644172668457,,0.595135509967804,0.6241811513900757,1.3965381383895874,1.8464879989624023,0.7697720527648926,0.7735056281089783,0.21769097447395325,0.5988474488258362,0.7070850729942322,0.5016376972198486,,0.4094119668006897,0.2922012507915497,0.916788637638092
20140501,0.5545862913131714,0.5656227469444275,0.5049052238464355,,,,0.5266053676605225,,,,,,,,,,,,,0.37755683064460754
20140502,0.5613366961479187,0.891727089881897,1.2145756483078003,0.8609670996665955,0.7769392728805542,4.523985862731934,0.8811379075050354,1.4577454328536987,,,,,0.4463062882423401,0.6521273851394653,,,,,,
20140503,0.49614715576171875,1.160295844078064,1.0345910787582397,0.8802230954170227,0.6329256296157837,2.0656588077545166,0.7695817947387695,0.8355003595352173,3.420954942703247,4.83630895614624,1.1200895309448242,1.4608845710754395,0.38542816042900085,1.0322388410568237,1.1224660873413086,1.2284241914749146,,0.5843175649642944,,0.5148137807846069
20140504,0.8239179253578186,1.2089309692382812,0.7817702293395996,,,2.257664918899536,0.6159213185310364,0.4792281985282898,,2.142481565475464,0.5779395699501038,0.631999135017395,0.2734399437904358,0.9204881191253662,0.7513848543167114,0.8411779403686523,,0.3159918189048767,0.3211691081523895,0.3710792362689972
20140505,,,,,0.40572455525398254,1.7647384405136108,0.4713573753833771,0.4074481129646301,,1.5853195190429688,0.6114528775215149,0.5350059270858765,0.3339727222919464,0.45643743872642517,,0.9301117062568665,,0.6378846764564514,0.45198535919189453,0.7246105074882507
20140506,0.7084018588066101,,,,,,,,,,,,,,,,,,0.19279217720031738,0.7686904668807983
20140507,0.6512256860733032,1.7456650733947754,1.5454665422439575,1.044148325920105,0.5519126057624817,3.4337689876556396,1.1604050397872925,1.0776835680007935,,12.052448272705078,1.5372755527496338,3.8722736835479736,0.8457933068275452,1.8450261354446411,1.8937526941299438,2.7492597103118896,,,,0.5286570191383362
20140508,,,,,,,,,,,,,,,,,,0.7947512865066528,0.4865301251411438,2.355175733566284
20140509,0.49391400814056396,0.5016291737556458,0.7375767230987549,0.4785042703151703,0.6220175623893738,,,0.3357580304145813,,,,,0.27967724204063416,0.35231438279151917,,,,,,
20140510,0.6304470300674438,1.3216814994812012,1.0373945236206055,0.5846201777458191,0.5073952674865723,1.6174103021621704,0.5804531574249268,0.6937535405158997,1.7426257133483887,3.4083309173583984,0.6935770511627197,0.6779935956001282,0.36870232224464417,0.7112295627593994,0.9318141937255859,1.2568248510360718,,0.5291755199432373,0.37932226061820984,0.8046301007270813
20140511,1.2375720739364624,2.8067681789398193,2.00591778755188,,0.4894616901874542,3.4210736751556396,0.42095184326171875,0.5470157265663147,3.743134021759033,9.882229804992676,0.6683341264724731,0.8590700626373291,0.32918599247932434,0.33172929286956787,0.6918594837188721,1.1517820358276367,,0.6774950623512268,0.3466566205024719,0.6211861968040466
20140512,0.7419177293777466,1.8543829917907715,1.3995180130004883,0.9313802123069763,0.8202759027481079,4.830737590789795,0.8640416264533997,1.0300120115280151,3.9549930095672607,3.701274871826172,0.997175395488739,1.1347050666809082,0.587824285030365,2.4487926959991455,2.9363608360290527,2.365518569946289,,1.2350767850875854,0.6017720103263855,2.0805160999298096
20140513,0.7638077139854431,1.8874266147613525,1.963790774345398,0.8815382122993469,0.6498293876647949,5.257192134857178,0.5918175578117371,1.1001545190811157,,13.92878532409668,3.092421531677246,,0.5675684213638306,2.3746695518493652,1.8722172975540161,3.4860355854034424,,1.5076862573623657,0.8374392986297607,2.1004703044891357
20140514,0.6109437942504883,1.1284847259521484,1.2469675540924072,0.9133610725402832,0.7533647418022156,2.6788547039031982,0.9844949841499329,0.975468635559082,5.892434120178223,,1.7285667657852173,1.282854437828064,0.39379143714904785,1.3496140241622925,,,,0.4614153504371643,,
20140515,0.5669302940368652,1.3698499202728271,1.2681071758270264,0.8502906560897827,0.6549548506736755,3.693553924560547,0.6702710390090942,0.6856878995895386,3.2711288928985596,9.655817985534668,1.0604513883590698,0.8368731141090393,0.3705791234970093,0.9602640867233276,0.8563116788864136,1.0387694835662842,,0.6003022193908691,0.46230724453926086,0.8877836465835571
20140516,,,,,,1.072603702545166,,,,,,,,,,,,,0.39383476972579956,0.7040603160858154
20140517,,,,,,,,,,,,,,,,,,0.6629406809806824,0.34967732429504395,0.4989194869995117
20140518,0.49647897481918335,1.7961056232452393,1.6768596172332764,0.9608317613601685,1.6701804399490356,0.7217942476272583,0.47622594237327576,0.5502532124519348,,,,,0.48515892028808594,3.3050644397735596,,,,,,
20140519,0.44683563709259033,1.430352807044983,3.6098601818084717,0.5854479670524597,0.6382337808609009,1.904695987701416,0.5821077227592468,0.7423752546310425,,,1.7087267637252808,0.9614183902740479,0.48634105920791626,1.3495744466781616,1.1190636157989502,1.1543197631835938,,2.445871353149414,,
20140520,0.4121113419532776,0.9805320501327515,1.5890984535217285,0.9004550576210022,1.0487465858459473,5.1785783767700195,0.9403798580169678,0.6993653774261475,4.521724224090576,10.409979820251465,1.4444758892059326,1.6262868642807007,0.29512834548950195,0.5457492470741272,0.5378099679946899,0.5941781997680664,,0.34477680921554565,0.2558094263076782,0.917336106300354
20140521,,,,,,1.6860631704330444,0.7097496390342712,1.217682123184204,4.905838966369629,12.559785842895508,1.7177364826202393,0.9166303277015686,,1.0943814516067505,0.775236189365387,0.6864010691642761,,0.5087785124778748,0.40134772658348083,2.767660617828369
20140522,0.43763333559036255,,,,,,,,,,,,,,,,,,,
20140523,0.6431497931480408,2.2067105770111084,4.188302040100098,,,8.728367805480957,,,,16.00481414794922,1.9485827684402466,2.6903879642486572,,,1.9018235206604004,1.446216344833374,,,,0.6082844734191895
20140524,0.5745129585266113,2.1926093101501465,2.1829328536987305,0.5486303567886353,0.9110286235809326,4.0923590660095215,0.5277268886566162,2.2080202102661133,2.943236827850342,12.458978652954102,1.3656145334243774,1.3014146089553833,0.31132346391677856,1.2852351665496826,0.7113120555877686,0.7037051320075989,,1.051660418510437,,
20140525,,0.7799037098884583,0.729101836681366,0.8995690941810608,,,,,3.0609779357910156,,2.8208696842193604,0.6919167637825012,,,1.2839106321334839,0.9073054790496826,,,,
20140526,0.544706404209137,,,,,,,,,,,,,,,,,,,
20140527,1.8126357793807983,,,0.6687409281730652,0.37160274386405945,0.4790126085281372,0.3490656018257141,0.4613771140575409,,,0.5973486304283142,,0.27266597747802734,0.8899679780006409,0.4532060921192169,,,0.28043508529663086,0.255028635263443,1.8331273794174194
20140528,0.9883531928062439,2.659801483154297,,0.4361727833747864,0.5885103940963745,3.5245821475982666,1.232109546661377,1.9627689123153687,5.455480098724365,,4.577277660369873,1.8500077724456787,1.5217673778533936,4.3991193771362305,,1.2790955305099487,,0.485734224319458,0.19716717302799225,
20140529,0.6202864646911621,5.377267837524414,8.52022933959961,,1.5462157726287842,3.3431901931762695,0.646547794342041,1.1365565061569214,2.169508457183838,2.4413719177246094,1.2255406379699707,1.2260725498199463,0.9320385456085205,1.9607033729553223,1.1529548168182373,1.1268055438995361,,0.9203824400901794,,0.525780200958252
20140530,0.4937821328639984,0.9012573957443237,2.394441843032837,,,2.056854248046875,,,2.2662713527679443,9.870552062988281,1.564037561416626,1.699903130531311,,1.1859536170959473,0.9377431273460388,0.7779107093811035,,1.0531479120254517,0.6367679834365845,3.7151389122009277
20140531,0.6041750907897949,1.198257565498352,1.4400256872177124,0.9062707424163818,0.617621898651123,3.0439467430114746,0.44386953115463257,0.3199690282344818,,,,,0.2588473856449127,,,,,,,
20140601,,,2.770956039428711,0.4646924138069153,0.5242186188697815,1.6884537935256958,0.6306887269020081,1.0349863767623901,3.747925281524658,,,,,,,,,,,
20140602,0.7495627403259277,2.0712220668792725,2.092747449874878,0.6087497472763062,0.16591785848140717,,,,,,,,,,,,,,0.24547293782234192,0.24541962146759033
20140603,0.7062742114067078,0.7745510935783386,1.4348738193511963,,0.5588610172271729,3.1933391094207764,0.9125685095787048,,,,,,0.24699252843856812,0.6826170086860657,3.085061550140381,2.9200596809387207,,,,0.21057289838790894
20140604,0.5771363377571106,5.112171649932861,0.29619383811950684,0.5586742162704468,0.3738310933113098,8.506282806396484,0.3765993118286133,0.3396761417388916,,,,,0.26001837849617004,0.2952384054660797,0.5566558241844177,,,0.30012112855911255,0.2359071969985962,
20140605,0.5811004638671875,1.523179054260254,1.5170787572860718,0.7924231886863708,0.37841156125068665,3.339304208755493,0.4234004318714142,0.5829577445983887,4.027555465698242,8.88025188446045,1.1105740070343018,1.0120699405670166,0.33512595295906067,0.466055303812027,0.6862298846244812,0.6727471351623535,,0.5082510709762573,0.5600172281265259,0.3985815644264221
20140606,0.6856507062911987,1.6987242698669434,1.3415262699127197,0.3656166195869446,,4.191036701202393,0.36961761116981506,0.5745867490768433,3.5170629024505615,10.962512969970703,0.9353919625282288,0.8723660111427307,0.39843544363975525,0.6789409518241882,0.7846294641494751,0.6769013404846191,,0.5853862166404724,0.4049835205078125,1.0062042474746704
20140607,0.8442203402519226,2.038078784942627,2.051010847091675,1.8296949863433838,0.8822085857391357,1.0697355270385742,0.5991938710212708,0.6817353367805481,7.682784557342529,15.46497631072998,1.4716652631759644,2.088383674621582,0.40379393100738525,0.765926718711853,0.8064206838607788,0.8344436287879944,,,,0.33123987913131714
20140608,1.5052087306976318,5.577513694763184,4.77100133895874,,,6.111037254333496,0.5125004053115845,,10.565134048461914,10.393999099731445,,,,,,,,,,0.45604899525642395
20140609,,,,1.3562564849853516,1.9628320932388306,6.367835521697998,0.4691188931465149,,,,,,,,,,,,,
20140610,,,6.47725248336792,0.5335418581962585,,5.715392112731934,1.1330560445785522,0.9739449620246887,9.691330909729004,11.340944290161133,,2.0911200046539307,0.8018700480461121,1.5780001878738403,3.4543769359588623,1.4349040985107422,,0.8978756666183472,,
20140611,,,,,,,,,,,,,,,,,,,,
20140612,0.5477529764175415,,,,,,,,,,,,,,,,,,,
20140613,0.4326223134994507,0.7877745032310486,,,,,,2.0070393085479736,,,,,,,,1.2910131216049194,,,0.4097265899181366,0.9106569886207581
20140614,0.482683002948761,0.4356875717639923,,0.1521645337343216,,2.363379955291748,0.6171762347221375,0.45755496621131897,,,,,0.16586917638778687,0.5149800181388855,,,,,,
20140615,0.3833281993865967,0.48873841762542725,0.5088008046150208,0.2774003744125366,0.2711855173110962,1.2910122871398926,0.4963127672672272,0.34062889218330383,,,0.38645318150520325,0.3634239435195923,0.20349407196044922,0.35165277123451233,,,,0.181372731924057,,
20140616,0.40694501996040344,2.0407509803771973,0.3606082797050476,0.3228035569190979,0.2856588661670685,2.094801425933838,0.6375053524971008,0.3805808424949646,,,,,0.2484063357114792,0.5916193127632141,0.517042875289917,0.5937331914901733,,0.45325997471809387,0.32135048508644104,0.5431839227676392
20140617,0.7064502835273743,0.5386162400245667,0.49889838695526123,0.3141254484653473,0.6508957743644714,1.8861286640167236,1.2306346893310547,,,,,,,,,,,,,0.47085753083229065
20140618,0.7725653052330017,,1.6840695142745972,2.3319737911224365,1.820859670639038,4.423721790313721,1.1393917798995972,1.0028142929077148,5.262229919433594,12.585189819335938,1.813551425933838,6.685975551605225,,1.3332561254501343,1.1426650285720825,1.0015130043029785,,,,
20140619,0.7556976079940796,1.5914056301116943,2.4816699028015137,,2.259887218475342,2.8313467502593994,1.1808011531829834,2.320603847503662,4.4222211837768555,,2.6225523948669434,2.752246618270874,0.47196051478385925,1.4247382879257202,1.4375791549682617,,,,,
20140620,0.49576646089553833,0.37233230471611023,0.44544821977615356,0.5249095559120178,0.7098575830459595,0.9505466818809509,0.8469018340110779,0.8860900402069092,,,1.0210716724395752,1.1987366676330566,0.3920559883117676,0.6789877414703369,0.5131989121437073,0.8009514808654785,,0.5377001762390137,,
20140621,0.6186765432357788,1.6329723596572876,1.003140926361084,0.71347576379776,1.0832719802856445,2.6945388317108154,0.6771371960639954,0.48946744203567505,,,0.38030052185058594,0.6416303515434265,0.2055738866329193,0.42588648200035095,0.7064499855041504,0.5827447175979614,,0.48866453766822815,0.24717828631401062,1.2125513553619385
20140622,,,,,,,,,,,,,,,,,,,,
20140623,0.545459508895874,,,,,,,,,,,,,,,,,,,
20140624,0.46199697256088257,0.6701412796974182,0.6959667801856995,,,1.8585542440414429,,,,,,,,,,,,,,
20140625,0.6281636357307434,,0.4093387722969055,0.5757054090499878,1.0128000974655151,,0.6106299161911011,,,,0.4975872039794922,,0.42256608605384827,0.8296541571617126,1.0342497825622559,,,0.7367521524429321,,
20140626,0.6698252558708191,1.1334443092346191,1.253929615020752,1.01408851146698,1.3535585403442383,4.158483028411865,1.1632099151611328,1.220098853111267,2.037569522857666,,,,0.38170868158340454,0.3520117998123169,0.5189021825790405,,,0.6054846048355103,0.35645902156829834,
20140627,,,,,0.7357580065727234,2.5794341564178467,,0.4678966999053955,2.4300732612609863,,,,,,,,,0.7786413431167603,0.5350038409233093,1.3143401145935059
20140628,0.8342562317848206,,,,,,,,,,,,,,,,,,,0.43160533905029297
20140629,0.6475513577461243,0.9217674732208252,0.6746818423271179,,1.2248194217681885,3.0734591484069824,2.873948812484741,1.3015658855438232,,3.0256683826446533,1.912792444229126,1.5783215761184692,0.6479058861732483,1.265516757965088,,,,0.20865534245967865,,
20140630,,,1.4882934093475342,0.3992788791656494,0.721470057964325,2.3120057582855225,0.7548965811729431,0.9855074286460876,,2.775376558303833,,,0.3290485441684723,,,,,0.6537614464759827,,
20140701,0.6629837155342102,1.109677791595459,2.5292882919311523,0.5636566877365112,0.546716034412384,1.979522705078125,0.8879426717758179,0.6860913038253784,,,0.5723993182182312,0.7136122584342957,0.3746853768825531,0.7874601483345032,0.661929190158844,,,0.23764479160308838,0.2309746891260147,
20140702,0.7217350006103516,1.3123478889465332,1.6631253957748413,0.6626244783401489,0.7437755465507507,3.4224812984466553,0.8670660853385925,0.9913802742958069,1.8852918148040771,3.311666488647461,0.7889647483825684,1.007935881614685,0.5280863046646118,1.3856028318405151,0.7170773148536682,1.1030116081237793,,0.6484072208404541,0.2155999094247818,
20140703,0.9188458323478699,1.2890548706054688,1.2694759368896484,0.9442508220672607,0.9220221638679504,3.7567121982574463,0.9539216160774231,1.1556189060211182,3.021702527999878,8.683771133422852,1.0415643453598022,1.6915884017944336,0.7029401063919067,0.9944080710411072,0.8341151475906372,1.4448277950286865,,0.7315646409988403,0.6222268342971802,1.3250371217727661
20140704,0.5878982543945312,,,,,,0.5252024531364441,,,,,,,,,,,,0.354378342628479,1.1161491870880127
20140705,0.6976900696754456,0.8041463494300842,0.61415696144104,0.5412613749504089,0.4249771535396576,3.180711507797241,0.45427823066711426,0.5205914378166199,,,,,0.49854418635368347,0.58156818151474,,,,,,
20140706,0.6906906366348267,1.3187450170516968,2.0400538444519043,0.9091098308563232,1.6202020645141602,2.6314377784729004,0.7848249673843384,0.9832506775856018,4.055910110473633,5.691335678100586,1.551453948020935,0.8665845990180969,1.3218120336532593,0.6915072798728943,0.8310803771018982,0.9733045101165771,,0.6394065618515015,0.22804458439350128,
20140707,0.5753324031829834,,,0.48394355177879333,0.40244147181510925,4.479101181030273,,,,,,,,1.1353931427001953,,,,,,1.0420106649398804
20140708,0.8752059936523438,,,,,1.7526603937149048,0.5530765652656555,0.8953016400337219,,,,,0.7006950378417969,0.5985396504402161,,,,0.3836352229118347,0.29408615827560425,1.164949655532837
20140709,0.749070942401886,1.4520437717437744,,,,,,,,,,,,,,,,,,
20140710,0.5874799489974976,0.8189638257026672,0.9668994545936584,0.7996373176574707,0.8535041213035583,2.446969747543335,1.1928106546401978,0.9739881753921509,3.9923717975616455,,1.3333179950714111,,0.4976651668548584,0.6832448244094849,,,,,,
20140711,0.5325052738189697,0.8807359337806702,1.18558669090271,0.7075678110122681,0.5582371950149536,2.652454137802124,,0.46361494064331055,1.5283429622650146,1.933256983757019,0.9041786193847656,1.029710054397583,0.2905588448047638,0.319397509098053,0.610826849937439,0.6384027004241943,,0.35655975341796875,0.2567586600780487,
20140712,0.4905144274234772,0.9210171699523926,0.8676429986953735,0.5387681126594543,0.7597533464431763,2.088221311569214,0.7084984183311462,0.9782778024673462,1.7781004905700684,4.6687541007995605,1.2085436582565308,0.9589523673057556,0.5479185581207275,1.0812374353408813,0.719163179397583,0.6465401649475098,,0.5204572081565857,0.4413071274757385,0.8092308044433594
20140713,,,,,,,,0.7967389225959778,,,0.9515537619590759,1.4037249088287354,,1.822342038154602,0.9432104229927063,,,0.21970194578170776,0.33501651883125305,0.8849455118179321
20140714,0.7435551881790161,,,,,,,,,,,,,,,,,,,
20140715,0.5647162795066833,0.5374616384506226,0.5924862027168274,,,,,,,,,,,,,,,,,
20140716,0.5357626676559448,0.589058518409729,1.898511528968811,0.9263356328010559,,3.9253220558166504,,,1.6903936862945557,2.5763180255889893,1.3546003103256226,0.9049071073532104,0.2743733823299408,,,,,,0.36518922448158264,2.556187391281128
20140717,0.5055214166641235,0.6506171822547913,0.7750731706619263,0.6070892810821533,0.6457815766334534,2.1826610565185547,1.0885074138641357,0.8355012536048889,2.1765410900115967,2.9821152687072754,0.8265829682350159,1.3686280250549316,0.3907802700996399,0.5639896988868713,0.700901985168457,0.6609405279159546,,,0.5144197940826416,3.027019500732422
20140718,0.4179442822933197,0.5310657024383545,0.5300018191337585,0.44322967529296875,0.6887788772583008,2.482131242752075,0.5297332406044006,,,,,,,,0.36407044529914856,,,0.2428625375032425,0.20508500933647156,0.7696783542633057
20140719,,,,,,,,,,,,,,,1.0511804819107056,,,0.24247463047504425,0.29324349761009216,0.3206900656223297
20140720,0.5833074450492859,,,,,,,,,,,,,,1.0346708297729492,,,,,
20140721,0.5906700491905212,1.4285123348236084,1.9228825569152832,0.7051362991333008,1.7332311868667603,1.9681462049484253,0.6430716514587402,0.9452969431877136,4.635922431945801,,2.100898027420044,,0.8653833866119385,1.6309834718704224,1.1476653814315796,,,,,
20140722,,,0.6784055829048157,0.9360765218734741,1.7785389423370361,6.155091285705566,0.8989942073822021,1.1729258298873901,5.8791327476501465,11.721227645874023,1.4902528524398804,2.2457332611083984,0.6210944652557373,1.1628855466842651,0.7739356160163879,1.1070520877838135,,0.7110141515731812,1.1623671054840088,5.776386737823486
20140723,,,,,,,0.27302563190460205,,,,,,,,,,,,,
20140724,0.4355941116809845,0.34600743651390076,0.48041731119155884,0.4514651596546173,0.5060061812400818,1.6509757041931152,0.5300287008285522,0.8541924953460693,,,0.39124807715415955,,0.32742342352867126,0.4086293876171112,0.4476637542247772,,,,,
20140725,0.6387410163879395,0.9104794859886169,1.5310255289077759,1.2439926862716675,0.5707430839538574,2.573883533477783,0.5822511911392212,0.5568978190422058,,,0.43853896856307983,0.25009241700172424,0.23517338931560516,,0.5454014539718628,0.6117817163467407,,0.4962570369243622,0.21444804966449738,
20140726,0.4623197317123413,0.9632598757743835,0.8546732068061829,0.8057588934898376,0.72158282995224,6.507267951965332,0.7414776682853699,0.6175325512886047,2.7152483463287354,9.845823287963867,1.4863815307617188,1.6817169189453125,0.48422038555145264,1.1926603317260742,0.5840821862220764,0.8495782017707825,,0.9535466432571411,0.338839590549469,0.19186252355575562
20140727,0.43233349919319153,1.0762901306152344,2.4431567192077637,,0.8491020798683167,5.8039069175720215,,,,,,,0.47776100039482117,0.6588698625564575,,,,0.4814627766609192,0.3929305374622345,
20140728,0.32494059205055237,0.4694878160953522,0.808770477771759,0.923804759979248,1.4373524188995361,1.3410358428955078,0.7350962162017822,0.816906750202179,1.2823522090911865,,0.956400454044342,0.5710597038269043,0.40002185106277466,0.981686532497406,0.5160325765609741,0.61841881275177,,0.6372284889221191,0.4241735339164734,1.7841124534606934
20140729,0.36510705947875977,0.7474197745323181,1.014855980873108,0.5214780569076538,,3.8888237476348877,,,,,,,,,,,,,,
20140730,0.38907015323638916,0.4738248884677887,1.2670159339904785,0.3915472626686096,0.4874916672706604,2.8391292095184326,0.33048030734062195,0.6489457488059998,,,0.3602810800075531,0.28615325689315796,0.4240328371524811,0.71546870470047,0.45021092891693115,0.45916199684143066,,0.6533234715461731,0.2699427604675293,0.3907465636730194
20140731,0.2592009902000427,,,0.4347279965877533,,,,,,,,,,,,,,,,
20140801,0.35439637303352356,0.6637508869171143,0.946509599685669,0.7357128262519836,1.1058977842330933,2.533207893371582,1.2181662321090698,0.880156934261322,1.6625617742538452,3.062408685684204,1.584213137626648,2.2246289253234863,0.5372256636619568,1.431975245475769,,,,0.703879714012146,,
20140802,0.3829163610935211,0.5403176546096802,0.9176641702651978,1.4218648672103882,0.7764701247215271,3.0751919746398926,0.8482519388198853,0.813582181930542,1.6887270212173462,3.091291904449463,1.0753285884857178,1.8482531309127808,0.4393050968647003,1.1643959283828735,0.6148147583007812,0.8241097927093506,,0.5155824422836304,0.4569903016090393,0.9771888852119446
20140803,0.41233038902282715,0.5362911820411682,0.8392195105552673,0.825817883014679,0.95527583360672,3.019639730453491,0.8630717992782593,0.8314536809921265,1.99281907081604,4.915792465209961,1.2578095197677612,1.5305325984954834,0.5225953459739685,1.1668362617492676,0.8887216448783875,1.1165940761566162,,0.6121373176574707,0.5683793425559998,1.4994648694992065
20140804,0.4389282166957855,0.8651649951934814,1.023468255996704,0.6134964823722839,0.6909986138343811,3.3577871322631836,0.9090179204940796,0.8942151665687561,2.3082714080810547,5.903661727905273,0.9558202624320984,1.3380688428878784,0.535944402217865,0.8976736068725586,0.7118586301803589,0.9320038557052612,,1.1598832607269287,,2.0547571182250977
20140805,0.37424319982528687,,0.46377724409103394,0.43261802196502686,0.31650009751319885,6.709031581878662,0.505775511264801,0.46093395352363586,2.7046492099761963,8.331602096557617,0.4951878786087036,0.7846680283546448,0.39598438143730164,0.3940516710281372,0.5736672878265381,,,0.3762136995792389,0.11624002456665039,0.667102038860321
20140806,0.406051367521286,1.080734133720398,1.6308531761169434,,,3.8203022480010986,0.5525776743888855,,,8.375494956970215,,1.1190789937973022,0.24437545239925385,,,,,,,
20140807,0.4038614332675934,1.1498714685440063,1.0918320417404175,0.9709612131118774,1.0039489269256592,4.1147027015686035,0.6374944448471069,0.8162378668785095,3.576535701751709,9.690749168395996,0.8820387125015259,1.7864993810653687,,,0.4939374625682831,,,,,
20140808,0.4798246920108795,1.2460235357284546,2.3972830772399902,0.7882697582244873,0.779172956943512,4.131087779998779,1.8861982822418213,,,,,,,0.5478487014770508,0.5602408647537231,0.6223761439323425,,0.4041823148727417,,
20140809,0.3784443438053131,,,,,,,,,,,,0.3056221604347229,,,,,0.22205252945423126,,0.5316980481147766
20140810,0.4488684833049774,1.0250903367996216,0.6306100487709045,0.8389455080032349,0.53852778673172,2.223897933959961,,0.5803505182266235,0.8579583168029785,2.9527134895324707,0.5785682201385498,0.49406030774116516,0.28738752007484436,0.46162906289100647,0.4337283670902252,,,0.42228785157203674,0.3924672603607178,0.49806371331214905
20140811,0.370619535446167,0.9425612092018127,0.6864092946052551,0.49648892879486084,0.7170990705490112,2.428621292114258,0.4883982241153717,0.5641632676124573,2.1821341514587402,5.644113063812256,1.1410243511199951,0.6401772499084473,0.3124842047691345,0.5595117211341858,,0.6909846663475037,,0.4214417040348053,,0.8842278718948364
20140812,0.40912261605262756,0.9369615912437439,0.8889721035957336,1.117295742034912,0.6613883972167969,2.0950429439544678,0.64740389585495,0.5641506910324097,2.4170236587524414,3.2456488609313965,1.174572467803955,0.6114924550056458,0.2545419931411743,0.9451631307601929,0.5107739567756653,0.5169519782066345,,0.2668270170688629,,0.48550063371658325
20140813,0.3492853045463562,0.2969776690006256,0.27466148138046265,,,1.9283527135849,1.2548673152923584,,1.6921690702438354,6.3064422607421875,0.5921115875244141,1.150299310684204,0.2594684958457947,0.46958789229393005,0.5101103782653809,,,0.344311386346817,0.3431057929992676,1.0707459449768066
20140814,0.5025524497032166,1.1643909215927124,0.9680920243263245,0.21224014461040497,0.3858093321323395,2.646106004714966,0.634531557559967,0.47749075293540955,1.5930263996124268,7.772230625152588,0.8136500716209412,0.9969763159751892,0.38773754239082336,0.49990105628967285,0.4821697175502777,,,,0.25728994607925415,0.41844937205314636
20140815,0.3708396852016449,,0.44088244438171387,0.6209996938705444,0.5990426540374756,,0.4100327491760254,0.7156453728675842,,,0.7346460819244385,0.6262179613113403,0.4033196270465851,0.7321056127548218,0.6511783003807068,0.7856025695800781,,0.435653418302536,0.5350042581558228,1.5762532949447632
20140816,0.4174177944660187,0.9252805709838867,1.3270124197006226,,,,,,,,,,,,,,,0.6078796982765198,,
20140817,0.40198108553886414,0.5916998982429504,0.6585363745689392,0.5840609073638916,0.7055156230926514,1.0046324729919434,0.5013253092765808,0.5330132842063904,1.344826340675354,,0.6412091255187988,0.5647312998771667,0.4170088768005371,0.5397058129310608,0.5610408186912537,1.0865123271942139,,0.5276064872741699,0.41073909401893616,0.35065412521362305
20140818,0.3803296685218811,0.9405331611633301,0.840656042098999,0.3990491032600403,0.36335593461990356,1.5390267372131348,0.7658883333206177,0.9533168077468872,1.4400240182876587,4.904391288757324,0.8657619953155518,1.0213817358016968,0.3255208730697632,0.5140588879585266,0.6373898386955261,0.492747038602829,,0.4382876753807068,0.33240342140197754,
20140819,0.3935495615005493,1.2877992391586304,0.7174316644668579,0.27919498085975647,0.5140866041183472,1.8814915418624878,0.36155664920806885,0.42315009236335754,,,,,0.38381147384643555,0.4453884959220886,,0.5410805344581604,,0.22298836708068848,0.3603205382823944,0.24923792481422424
20140820,0.4551858901977539,0.9513955116271973,0.8161636590957642,0.3734080493450165,0.4718221426010132,1.2634023427963257,0.3858826458454132,0.34797874093055725,0.9572724103927612,,0.6352717876434326,0.46978628635406494,,0.485983282327652,0.9092926979064941,,,0.28391164541244507,0.44070932269096375,0.4107719659805298
20140821,0.4640509784221649,0.9642617106437683,0.891097903251648,0.8198127150535583,0.7253818511962891,0.8119212985038757,0.5477573871612549,0.7680081129074097,0.7537970542907715,0.7759572863578796,0.6225760579109192,0.5518574118614197,0.7267060875892639,0.7906883358955383,0.6810147762298584,0.8672592639923096,,0.4634397029876709,0.21381720900535583,0.3690161108970642
20140822,0.48358288407325745,1.040535807609558,1.2141714096069336,0.6307858228683472,1.1005605459213257,4.2734293937683105,0.7001447081565857,0.5667126178741455,2.8347275257110596,12.280267715454102,1.0473356246948242,0.7661291360855103,0.4874977171421051,0.7503480315208435,0.6035035848617554,0.8544443249702454,,0.5613928437232971,1.1780774593353271,1.2165217399597168
20140823,0.3987726867198944,0.899610161781311,1.04547119140625,0.7554653882980347,0.7718120813369751,2.0569405555725098,0.7175092697143555,0.6796632409095764,2.8559083938598633,8.603806495666504,0.5975857973098755,0.65427565574646,0.375690758228302,0.6361199021339417,0.5178372859954834,0.8485613465309143,,0.5443750619888306,,1.3932156562805176
20140824,0.3764481246471405,0.9138726592063904,1.1115297079086304,0.800509512424469,0.707280695438385,3.551791191101074,0.7284051179885864,0.5898668766021729,3.750976085662842,10.784008979797363,0.8325179219245911,0.84007328748703,0.41872695088386536,0.6476020812988281,,,,0.2459837645292282,,
20140825,0.3542438745498657,0.7378666400909424,0.7272315621376038,0.8473847508430481,0.6023479104042053,3.442319869995117,0.606308102607727,0.5462254881858826,2.9145314693450928,10.902236938476562,0.8559151887893677,1.0528894662857056,0.4354797303676605,0.978087842464447,0.5097129940986633,0.8476625084877014,,0.49151861667633057,0.30664533376693726,0.7226970195770264
20140826,0.36845332384109497,0.8665580153465271,0.9732618927955627,0.7737248539924622,0.5724780559539795,2.5991573333740234,0.4564095139503479,0.5458170771598816,1.7059109210968018,4.955999851226807,0.7510732412338257,0.9343217611312866,0.5116128325462341,0.6742639541625977,0.46816709637641907,0.7677244544029236,,0.5138073563575745,0.3422711491584778,1.412982702255249
20140827,0.30612075328826904,0.7565609812736511,0.8156049847602844,0.5954519510269165,0.5071718692779541,2.6813302040100098,0.4767129123210907,0.5758178234100342,1.5299783945083618,,1.0400762557983398,,0.4728052020072937,0.8339068293571472,0.3994072675704956,,,0.492987722158432,0.6542456746101379,4.090721607208252
20140828,0.28314119577407837,0.7945261597633362,0.6689260005950928,0.6263500452041626,0.5354163646697998,3.762026786804199,0.5840789675712585,0.6232916712760925,2.2854628562927246,8.184632301330566,1.2162222862243652,1.396385669708252,0.46078404784202576,0.8320142030715942,0.3950633406639099,0.6282028555870056,,0.5942847728729248,0.7177056074142456,1.1863187551498413
20140829,0.321554034948349,0.823417603969574,0.8636422753334045,0.6614495515823364,0.8025056719779968,4.012680530548096,0.766598105430603,0.6894208788871765,4.089451313018799,11.694287300109863,1.0639163255691528,0.9157212972640991,0.38190779089927673,0.9970206022262573,0.36676478385925293,0.5645429491996765,,0.6219590902328491,0.712937593460083,0.818223774433136
20140830,0.31424885988235474,0.4518245756626129,,,0.41352301836013794,3.939610004425049,0.850732684135437,0.6033681035041809,3.550570011138916,11.143985748291016,0.9624929428100586,0.658362865447998,0.37140199542045593,0.5988611578941345,0.323727548122406,0.4459066390991211,,0.6864352822303772,0.6422497034072876,1.3596744537353516
20140831,,,,,,,,,,,,,,,,,,,,
20140901,0.2464343011379242,0.32128241658210754,0.4961959719657898,0.3400683104991913,0.4641120433807373,,0.30112606287002563,0.48792800307273865,,,,0.34720125794410706,0.2745107412338257,0.45421910285949707,0.27455559372901917,0.4993332028388977,,0.6426243782043457,,
20140902,0.28539571166038513,1.0511820316314697,0.7605711817741394,0.4892812669277191,0.6393641829490662,2.013540267944336,0.46319514513015747,0.4586094915866852,2.4059090614318848,4.015033721923828,1.516062617301941,0.8294817805290222,0.35627123713493347,0.38299110531806946,0.37187132239341736,0.49756357073783875,,0.7581444382667542,0.34450581669807434,0.5644174814224243
20140903,0.22886738181114197,,,,,,,,,,,,,,,,,,,0.7349583506584167
20140904,0.27035677433013916,0.5997461080551147,0.7376925349235535,0.44637390971183777,0.5551839470863342,1.5674552917480469,0.3068716526031494,0.3910646438598633,,,,,0.24648141860961914,0.6378121972084045,0.32865428924560547,0.3509710431098938,,0.42349642515182495,0.4425443410873413,0.538343071937561
20140905,0.32260242104530334,0.8402382135391235,0.6451842188835144,0.6353715658187866,0.4325680136680603,1.1462092399597168,0.3434639275074005,0.3879219591617584,1.1501349210739136,2.0812830924987793,0.6541112661361694,0.4305679500102997,0.3192155361175537,0.610860288143158,0.32141098380088806,0.4123268723487854,,0.3872724175453186,0.4099532663822174,1.2744091749191284
20140906,0.3258172869682312,0.821639895439148,0.8017992973327637,0.7351713180541992,0.5268581509590149,2.8853867053985596,0.3666439950466156,0.60993492603302,1.7731791734695435,6.849204063415527,0.5096806883811951,0.5953524708747864,0.46021416783332825,0.7045580744743347,0.3211642801761627,0.40785178542137146,,0.524994969367981,0.5216047167778015,1.5082546472549438
20140907,0.3279142379760742,0.5713008046150208,2.2813961505889893,0.8590283393859863,0.8558894395828247,3.1860427856445312,0.4194193482398987,0.41355636715888977,2.0477705001831055,9.312828063964844,0.4694488048553467,0.5683554410934448,0.3219620883464813,0.4650069773197174,0.36357200145721436,0.5790240168571472,,0.7388865947723389,1.067910075187683,1.2004379034042358
20140908,0.28458714485168457,0.22846628725528717,,,0.5533463954925537,1.9876223802566528,0.26431503891944885,0.3346765637397766,,,,,0.2358076274394989,,,,,0.772304117679596,0.6633679270744324,1.5104469060897827
20140909,0.3741842806339264,0.606220543384552,0.453968346118927,0.36739152669906616,0.36913469433784485,,,,,,,,,,0.2896571457386017,0.4996344745159149,,0.6398630142211914,0.5443834066390991,1.2464591264724731
20140910,0.35345420241355896,0.6220848560333252,0.7584885358810425,,,1.6656376123428345,,0.3397391736507416,,,0.2433289885520935,,0.3759124279022217,0.40778374671936035,0.3652767539024353,0.27425462007522583,,0.4495531916618347,0.41920021176338196,0.6957576870918274
20140911,0.27413031458854675,,,0.44031473994255066,0.4268040060997009,0.6735386848449707,,0.3991199731826782,,,0.3909507989883423,0.3923736810684204,0.32038360834121704,,0.2506241500377655,0.3920999765396118,,0.43561357259750366,0.35205021500587463,0.5553852915763855
20140912,0.26541468501091003,0.609830915927887,0.5651325583457947,0.3970257639884949,0.6060785055160522,2.5625088214874268,0.41310352087020874,0.3823162615299225,2.114948272705078,8.217360496520996,0.407090425491333,0.5356170535087585,0.3085055351257324,0.4698513150215149,0.29196029901504517,0.3962186872959137,,0.37316998839378357,0.4316076934337616,0.374961256980896
20140913,0.29394617676734924,0.7346965670585632,0.756990373134613,0.5705537796020508,0.6797785758972168,2.3556337356567383,0.6059343218803406,0.5649840235710144,3.232888698577881,9.914175033569336,0.9742063879966736,0.7142904996871948,0.34921795129776,0.6309696435928345,0.35790351033210754,0.3780471086502075,,0.6496551632881165,,
20140914,0.25747889280319214,0.6249384880065918,0.7036290168762207,0.825187623500824,0.570015549659729,2.6970860958099365,0.5344259738922119,0.618314266204834,3.4368908405303955,10.597180366516113,1.0676649808883667,0.6525076627731323,0.3617398738861084,,0.8227903842926025,0.4333057403564453,,0.6639552116394043,0.4762825667858124,1.1828827857971191
20140915,0.2610906660556793,0.48932361602783203,0.44593989849090576,0.3591686487197876,0.3648936450481415,1.3432360887527466,0.3492944836616516,0.372947633266449,,,,,0.2914591431617737,,,0.28423547744750977,,,,
20140916,0.2623307406902313,,,,,1.595949649810791,0.4463088810443878,0.3440200984477997,,,0.3284183740615845,,0.3323998749256134,0.34101906418800354,,,,0.2788025140762329,0.39022496342658997,0.3380163311958313
20140917,0.2511051595211029,0.8008362054824829,0.5573965907096863,0.43019354343414307,0.40771758556365967,1.6826379299163818,0.3819853663444519,0.6419951915740967,,2.5173566341400146,0.7254547476768494,0.5092726945877075,0.3801496624946594,0.5080674886703491,0.4562915563583374,0.48008859157562256,,,,
20140918,0.2631872594356537,,0.3772040903568268,0.4349581003189087,0.3527337312698364,,0.26921573281288147,0.22669175267219543,1.2120277881622314,,0.8337487578392029,,0.3500172197818756,0.4423660635948181,0.3780900835990906,0.5342113971710205,,0.49163511395454407,0.4483630955219269,0.6571493148803711
20140919,0.3189146816730499,0.9188181757926941,,0.5043715834617615,0.5278944969177246,2.3078973293304443,0.6381334066390991,0.6027987599372864,3.0438225269317627,7.946421146392822,0.8466207385063171,0.7909356355667114,0.3488960564136505,0.8642239570617676,0.391063928604126,0.5496490001678467,,0.4470016360282898,0.31309208273887634,0.5562246441841125
20140920,0.2934735417366028,0.8416174054145813,1.0645687580108643,0.570391058921814,0.49825260043144226,2.819674015045166,0.6743395924568176,0.5709890723228455,2.6178534030914307,8.858612060546875,0.7342973351478577,0.5743401646614075,0.3449116349220276,0.6671139001846313,0.3817616403102875,0.9473864436149597,,0.4626064896583557,0.33725404739379883,0.5336442589759827
20140921,0.30442097783088684,0.7806322574615479,0.5868880152702332,0.5506315231323242,0.4844444692134857,3.001110553741455,0.47344154119491577,0.5577796697616577,3.1118106842041016,10.470112800598145,0.7366798520088196,0.42697760462760925,0.3146796226501465,0.6532304883003235,0.4068835973739624,0.5990736484527588,,0.4774472415447235,0.3529517948627472,1.087213397026062
20140922,0.33368903398513794,0.47723108530044556,0.3596101403236389,0.37932929396629333,0.33179086446762085,2.8679327964782715,0.2198837250471115,0.3881327211856842,0.8254895210266113,13.036956787109375,0.36731186509132385,0.5757395625114441,0.35378679633140564,0.42312267422676086,0.3675346374511719,0.5944950580596924,,0.4940764307975769,0.3439371585845947,1.0124027729034424
20140923,,,0.33839741349220276,0.30514585971832275,0.3055250346660614,1.9520323276519775,0.684684157371521,0.6301836967468262,,,0.31962326169013977,0.26765206456184387,0.2895011901855469,0.4350724518299103,0.3271208107471466,,,0.558249294757843,0.4499603509902954,0.9067338109016418
20140924,0.1821754276752472,0.18617327511310577,0.2344014197587967,0.1790388971567154,0.6510818600654602,2.932285785675049,0.6309040188789368,0.6100465655326843,1.5453757047653198,,0.7176967263221741,0.28960493206977844,0.2280871719121933,0.7733060121536255,0.3047042787075043,0.2818499803543091,,0.530175507068634,0.6682528853416443,
20140925,0.2786337733268738,0.8350982069969177,0.8161203861236572,0.3149155378341675,0.33750849962234497,2.0366692543029785,0.30111950635910034,0.35661959648132324,,,0.7220447659492493,0.23611901700496674,0.18970492482185364,0.3096390962600708,,0.29362326860427856,,0.42135655879974365,0.5342788100242615,0.6513086557388306
20140926,0.2877649664878845,0.7094760537147522,0.5924648642539978,,0.3927893340587616,2.016798257827759,0.4332268536090851,0.20507876574993134,2.7929489612579346,4.952630519866943,0.3393285870552063,0.47364264726638794,,0.4577708840370178,0.25726041197776794,0.39099740982055664,,0.4368721544742584,0.46248167753219604,0.4997144043445587
20140927,0.27309221029281616,0.6116137504577637,0.46051228046417236,0.42208126187324524,0.30311495065689087,2.423776388168335,0.33877646923065186,0.43061408400535583,2.3838109970092773,8.895909309387207,0.7410762906074524,0.6422746181488037,0.25333860516548157,0.4064072370529175,0.2917677164077759,0.41675084829330444,,0.4904100000858307,0.3936503827571869,0.7597895264625549
20140928,0.24325916171073914,0.6681237816810608,0.48071417212486267,0.3430269956588745,0.3474787473678589,2.084312677383423,0.23890893161296844,0.5241844058036804,,,0.7266479730606079,0.4025591313838959,0.26584887504577637,0.403933584690094,0.41797786951065063,0.32082971930503845,,0.4501515030860901,,0.22430510818958282
20140929,0.23066779971122742,0.7160667181015015,0.9913330078125,0.5522190928459167,0.6358989477157593,2.3607113361358643,0.7863743901252747,0.4341796636581421,1.8998159170150757,6.862165927886963,0.5351588726043701,0.5165963768959045,0.2621997594833374,0.6585821509361267,0.301531583070755,0.39973676204681396,,0.6269046664237976,0.4630529582500458,1.404076099395752
20140930,0.17418913543224335,,,,0.29085099697113037,1.8295741081237793,0.2207711637020111,0.3873066008090973,,1.8616629838943481,0.5410193800926208,0.361343652009964,0.28330686688423157,0.4803617298603058,0.35762783885002136,0.46633613109588623,,0.5574600696563721,0.36992913484573364,
20141001,0.22610881924629211,0.4863940179347992,0.3598559498786926,0.30678486824035645,0.3685157299041748,1.7094358205795288,0.4147583842277527,0.4899413287639618,1.888520359992981,3.469921350479126,0.7360605597496033,0.6088428497314453,0.31953662633895874,0.4264802932739258,0.44030624628067017,0.3504961133003235,,0.3180076777935028,0.3593159019947052,0.4078004062175751
20141002,0.2721143364906311,0.2963162958621979,0.5078719854354858,0.6132277846336365,0.2933907210826874,1.7588610649108887,0.3734265863895416,0.4138270616531372,1.5670455694198608,5.136393070220947,0.6607570052146912,0.6005806922912598,0.2574864327907562,,,,,,0.2192472219467163,0.3619360029697418
20141003,0.2875223159790039,0.29379117488861084,,0.2325570434331894,0.34076204895973206,1.6855732202529907,0.5136414766311646,0.5538955330848694,1.906791090965271,6.664043426513672,1.0267786979675293,0.5055820345878601,0.30687838792800903,0.608756422996521,0.4299412667751312,0.6504651308059692,,0.4965905249118805,0.37746384739875793,0.7895963788032532
20141004,0.21864557266235352,3.107224464416504,1.030447006225586,0.3098556101322174,0.7847165465354919,2.8116207122802734,0.4064754843711853,0.47760331630706787,2.7705509662628174,11.435072898864746,1.2338922023773193,0.5580999255180359,0.279506117105484,0.746243417263031,0.40107837319374084,0.6429077982902527,,0.5002223253250122,0.5018708109855652,1.7477610111236572
20141006,0.26126667857170105,,,,,,,,,,,,,,,,,0.4859965443611145,,
20141007,0.2984743118286133,0.7891834378242493,0.5170398354530334,0.21042025089263916,0.291937917470932,0.9445276856422424,0.40391385555267334,0.3121698498725891,,2.5927865505218506,0.5340915322303772,0.6396487355232239,0.18414340913295746,0.3204200863838196,0.44340240955352783,0.6979276537895203,,0.39260321855545044,0.35305312275886536,0.4067703187465668
20141008,0.26777002215385437,0.6182172298431396,0.6112650036811829,0.3285941183567047,0.355646014213562,1.3399271965026855,0.34486472606658936,0.5878270268440247,2.0581769943237305,6.3860273361206055,0.5744000673294067,0.4608154892921448,0.3211565911769867,0.425008088350296,0.40250420570373535,0.4535054862499237,,0.35057368874549866,0.3649608790874481,0.34961286187171936
20141009,0.27044767141342163,0.7100319862365723,0.6549460887908936,0.3648415505886078,0.447068452835083,2.0780088901519775,0.45039263367652893,0.47480309009552,3.3345065116882324,7.585145473480225,0.966730535030365,0.7072378396987915,0.24867567420005798,0.5107904076576233,0.3847084045410156,0.6022950410842896,,0.7317409515380859,,0.6247562170028687
20141010,,0.2702300250530243,0.3752581775188446,0.39638248085975647,0.4862424433231354,3.328284740447998,0.717690110206604,0.569595456123352,4.178240776062012,10.14271354675293,1.0546573400497437,0.6908716559410095,0.24906191229820251,0.8423389196395874,0.32489505410194397,0.5346646904945374,,0.4889693558216095,0.5277596712112427,0.8357839584350586
20141011,0.27733880281448364,0.672419011592865,0.5516402721405029,0.4238305985927582,0.4411710202693939,1.8612079620361328,0.6257065534591675,0.5875536203384399,1.9223017692565918,4.081090450286865,0.7653759121894836,0.6815025806427002,0.2313700020313263,0.6844915747642517,0.373221755027771,1.0007482767105103,,0.56803297996521,0.3397560119628906,0.383149653673172
20141012,0.24033237993717194,0.5161117911338806,0.34121763706207275,0.18202538788318634,0.25297853350639343,1.3725388050079346,0.4289895296096802,0.43204063177108765,2.4659411907196045,3.7749006748199463,0.6155401468276978,0.5379466414451599,0.10037567466497421,0.46150293946266174,0.2330974042415619,0.27950236201286316,,,0.34395015239715576,0.7491033673286438
20141013,0.35120806097984314,1.1348193883895874,0.4976978600025177,0.3992604613304138,0.3608429729938507,,0.418278306722641,,,,,0.41037115454673767,0.21061310172080994,,,0.45504066348075867,,0.42643454670906067,0.4199400544166565,
20141014,0.34393197298049927,0.8094985485076904,0.5811253786087036,0.46546295285224915,,1.1315187215805054,0.3425580561161041,,,,,,,,,,,0.23283939063549042,0.3311350643634796,0.38294079899787903
20141015,0.3304283618927002,0.787647545337677,0.7377955913543701,0.6950576305389404,0.4684699475765228,1.7055786848068237,0.5504346489906311,0.46844032406806946,2.099445104598999,3.3680758476257324,0.7169710397720337,0.5521973371505737,0.20011234283447266,0.32215332984924316,0.4422374665737152,0.4987427592277527,,0.26589182019233704,,0.5190515518188477
20141016,0.3519088625907898,,1.5702571868896484,0.6386483907699585,0.3993090093135834,2.1856799125671387,0.6660038828849792,0.5242969393730164,2.4167070388793945,4.448133945465088,0.8151359558105469,0.4964057505130768,0.19961366057395935,0.3428836166858673,,0.5742450952529907,,0.4788042902946472,0.36072707176208496,0.472538024187088
20141017,0.3785618543624878,0.8014549612998962,0.5166736245155334,0.66800457239151,0.4520995616912842,1.9848121404647827,1.0483767986297607,0.5491741299629211,2.4079360961914062,4.425793170928955,0.7391507625579834,0.5235165357589722,0.28981074690818787,0.492928147315979,0.527271032333374,0.8177982568740845,,0.543615996837616,0.44930073618888855,0.7570273280143738
20141018,0.2951326072216034,0.2889111340045929,,,,2.1902639865875244,,,,,,,,,,,,,,
20141019,0.27002668380737305,,0.28424444794654846,0.4063091278076172,,1.6445163488388062,0.6477973461151123,,,,,,,,,,,,,
20141020,,0.6289414167404175,0.9502116441726685,0.38318485021591187,0.33494552969932556,1.5705848932266235,0.3702705502510071,0.31128987669944763,,,,,0.29103317856788635,0.40384605526924133,0.4702276885509491,0.7682826519012451,,0.7095284461975098,0.5234802961349487,0.8425287008285522
20141021,,1.9987568855285645,0.30554696917533875,,,,,0.5825469493865967,,,0.9173087477684021,,0.28345349431037903,0.36536455154418945,0.4405123293399811,0.7711717486381531,,0.544350802898407,0.5667857527732849,0.9833581447601318
20141022,,,,,,,,,,,,,,,,,,0.9547969698905945,0.30205926299095154,0.6132618188858032
20141023,,0.27999523282051086,0.2895851135253906,,,,,,,,,,,,,,,0.732591450214386,,
20141024,0.27369293570518494,0.7362770438194275,1.0352832078933716,,0.3109983205795288,0.952092170715332,0.31008419394493103,0.40266913175582886,2.3520348072052,4.426568508148193,0.5579360127449036,0.536995530128479,0.23360443115234375,0.35296061635017395,0.2678792178630829,0.3383665978908539,,,0.2822127044200897,0.6604176759719849
20141025,0.28598514199256897,1.1225866079330444,0.5161541104316711,0.4094446301460266,0.4923045337200165,1.7877594232559204,0.5167359709739685,0.49499061703681946,2.234492540359497,2.8890509605407715,0.9200764298439026,0.6184820532798767,0.1918441355228424,0.4245239496231079,,,,0.314500093460083,,
20141026,,0.9117653965950012,0.7731696963310242,0.5354451537132263,0.703792154788971,1.7139679193496704,0.36825719475746155,0.579378604888916,,,,,0.21121680736541748,,,,,0.473366916179657,0.4017065465450287,
20141027,0.22180412709712982,,,,,,,,,,,1.525630235671997,,,0.5214636325836182,0.5759299397468567,,0.4161270260810852,0.28270861506462097,0.43609243631362915
20141028,0.21585749089717865,0.7657962441444397,0.37062329053878784,0.14681310951709747,0.3625847101211548,0.4664713144302368,0.2657836973667145,,,,,,0.10917668044567108,,,,,,,0.24943488836288452
20141029,,,,,0.24463628232479095,1.7997236251831055,0.3241746425628662,0.33997681736946106,,,0.44498029351234436,0.6597076654434204,,0.39764416217803955,0.3725755214691162,0.5005517601966858,,0.35498642921447754,,0.8038269281387329
20141030,0.2496391236782074,,,0.1710701584815979,0.23293575644493103,,,,,,,0.35485556721687317,0.1857825666666031,0.3636040687561035,0.2912825644016266,0.5099863409996033,,0.5009941458702087,0.34555429220199585,1.0046725273132324
20141031,0.19305354356765747,0.9984437823295593,0.639694333076477,,0.5183732509613037,1.2414792776107788,0.25891274213790894,,,,,0.8520479202270508,,0.33024147152900696,0.24140214920043945,,,0.3681187331676483,0.37278488278388977,3.1296439170837402
20141101,,,,,,2.027402400970459,0.9629343748092651,0.597113847732544,2.7552778720855713,4.801095485687256,0.739544153213501,0.7740468978881836,,0.566028892993927,0.5396665334701538,0.6602683067321777,,0.37262579798698425,0.3326846957206726,0.27324366569519043
20141102,0.2619386613368988,0.26610317826271057,0.26780179142951965,0.14171253144741058,0.22976745665073395,,0.26205509901046753,0.27153679728507996,,,,,0.2289518415927887,0.22519060969352722,,,,,0.4254564940929413,0.45317524671554565
20141103,0.27118000388145447,0.26558372378349304,,,,,,,,,,,,,,,,,,
20141104,0.1964942067861557,0.31632763147354126,0.8982821106910706,,,1.277538537979126,0.5029017329216003,0.4486319422721863,1.55405592918396,3.7722766399383545,0.589827835559845,0.5837250351905823,0.18335002660751343,0.31888532638549805,,,,,,0.4402877986431122
20141105,0.2490522265434265,0.7332055568695068,0.8591148853302002,0.42296716570854187,0.40441450476646423,1.7448073625564575,0.4500575661659241,0.30086925625801086,1.8635224103927612,3.531918525695801,0.4552439749240875,0.4608866274356842,0.1567884385585785,,0.3420448899269104,,,0.4886685907840729,0.4326584041118622,0.9486432671546936
20141106,,,0.47736459970474243,0.30676302313804626,0.33507251739501953,2.293887138366699,0.3398212790489197,,,,,,0.196267768740654,,,,,0.4344457685947418,,0.9972220063209534
20141107,,,,,,,,,,,,,,,,,,,0.30041027069091797,0.7670146822929382
20141108,0.2071746438741684,,0.20106470584869385,,,,,,,,,,,,,,,,,
20141109,0.21145984530448914,0.6258187294006348,0.46818315982818604,0.2648775279521942,0.34759020805358887,0.936812162399292,0.3588293194770813,0.5938993692398071,2.1963071823120117,3.3784751892089844,0.5541222095489502,0.36780643463134766,0.2135971039533615,0.49822232127189636,0.2527625858783722,0.3977830708026886,,0.34914466738700867,0.3040691912174225,0.288987934589386
20141110,0.2285105288028717,0.759465217590332,0.5379745364189148,0.41815319657325745,0.38972294330596924,1.6414976119995117,0.44768351316452026,0.44517454504966736,2.2240827083587646,2.6389260292053223,0.8182926774024963,0.4309963285923004,0.18998980522155762,0.411431223154068,0.20473948121070862,0.4029957056045532,,0.30341774225234985,0.30801740288734436,0.7109810709953308
20141111,0.4179178476333618,0.2905561923980713,,,,1.31680428981781,0.48303189873695374,,,,,,,0.2884639501571655,,0.36225569248199463,,0.35166558623313904,0.2843349874019623,0.6268729567527771
20141112,,,,,,2.89292311668396,,,3.098670244216919,4.746260166168213,0.8387190699577332,0.3408205211162567,,0.378994882106781,0.23657192289829254,0.29131972789764404,,0.5231263041496277,0.28590404987335205,0.6945157647132874
20141113,,,,,,,,,,,,,,,,,,,,1.4693564176559448
20141114,,,,,,,,,,,,,,,,,,,,
20141115,0.1928410828113556,,,,,,,,,,,,,,,,,,,0.18639180064201355
20141116,0.25318998098373413,0.9203327894210815,0.9406557083129883,0.2091563194990158,0.3487737774848938,2.1209356784820557,0.5626915097236633,0.3140811026096344,,,0.38359707593917847,0.3565443754196167,0.20088832080364227,0.27756378054618835,0.2715478241443634,0.3898774981498718,,0.4274355173110962,0.22490012645721436,0.28422781825065613
20141117,,,,,0.4375494122505188,2.366083860397339,0.5577596426010132,0.3542165756225586,,5.724998474121094,0.25605547428131104,0.40046370029449463,0.27657589316368103,0.8386536836624146,0.25394365191459656,0.3594573438167572,,0.32884326577186584,0.23565326631069183,0.4122261703014374
20141118,0.29140400886535645,,,0.15630266070365906,,,,,,,,,,0.2469242662191391,,,,,0.23849792778491974,0.36337339878082275
20141119,,,,,,2.7297046184539795,,,1.257060170173645,3.757402181625366,0.3735423982143402,0.5956778526306152,,,0.18895085155963898,0.21147051453590393,,0.27529844641685486,0.26512306928634644,
20141120,0.17143240571022034,,,,,,0.23555587232112885,0.29717734456062317,,,0.4071953594684601,,,0.16880978643894196,0.1351848840713501,,,0.18814757466316223,,
20141121,0.22701409459114075,0.821546196937561,0.7306405305862427,0.7214809656143188,0.6712859272956848,2.2804512977600098,0.4909018874168396,0.5226074457168579,,,1.1754052639007568,0.4989149868488312,,,,0.3186394274234772,,0.43516531586647034,0.24856571853160858,0.6433324217796326
20141122,,,,0.17440196871757507,0.42434975504875183,2.0728986263275146,0.43380627036094666,0.35280749201774597,2.9878997802734375,,0.6260949373245239,0.4669351577758789,0.18245694041252136,0.38808637857437134,0.17584212124347687,0.20149268209934235,,0.2669333219528198,0.20088905096054077,
20141123,0.20738990604877472,,,,,,,,,,,,,,,,,0.3489876985549927,0.18932576477527618,0.24193516373634338
20141124,0.16589076817035675,0.30855002999305725,0.27810946106910706,,,,,,,,,,,,,,,,,
20141125,0.18912148475646973,0.6909729838371277,0.42222023010253906,0.25884827971458435,0.34921592473983765,1.1986064910888672,0.3240416944026947,0.3840557336807251,,2.4137532711029053,0.4401964843273163,0.4604644775390625,0.19510804116725922,0.20088255405426025,0.15435725450515747,0.330464243888855,,0.3040744662284851,,
20141126,0.2015397697687149,0.6786783337593079,0.4613203704357147,0.4237748086452484,0.34746691584587097,1.760024070739746,0.44932785630226135,0.4124605357646942,2.588036060333252,2.5362329483032227,0.7717165350914001,0.5473477840423584,0.1752076894044876,0.3119991421699524,0.2084600031375885,0.29474395513534546,,0.22993822395801544,0.1537032425403595,0.15770874917507172
20141127,0.440651535987854,1.3391411304473877,0.7508227825164795,0.4597139358520508,0.43516337871551514,1.943129062652588,0.5711559653282166,0.49184682965278625,2.276522159576416,2.8701565265655518,0.7766948938369751,0.5970821380615234,0.20563764870166779,0.5467687845230103,0.2059297263622284,0.35163524746894836,,0.3417928218841553,0.23924069106578827,1.268082618713379
20141128,,,,,,,,,,2.501467704772949,,0.540791392326355,,,0.28595584630966187,0.24957071244716644,,0.3681482970714569,0.23432722687721252,0.8291528820991516
20141129,0.19013096392154694,0.227476567029953,,,,,,,,,,,,,,,,,,0.8542148470878601
20141130,0.19848114252090454,0.331439733505249,0.4612455368041992,0.0829639583826065,0.3601016700267792,1.4108940362930298,0.367084801197052,0.48084115982055664,1.9028207063674927,4.577282428741455,0.6827168464660645,0.5663342475891113,,0.40495991706848145,0.15126603841781616,,,0.2387029230594635,,
20141201,0.18923631310462952,0.7730427980422974,0.507031261920929,0.26046302914619446,0.3071776330471039,2.9861879348754883,0.463739812374115,0.5983709692955017,3.9838201999664307,6.417640686035156,0.6151893734931946,0.3817250430583954,0.20787104964256287,0.23725707828998566,0.1776922643184662,0.21973350644111633,,,,0.5280799865722656
20141202,0.33988136053085327,0.39133358001708984,0.309405118227005,0.23671908676624298,,,,,,,,,,,,,,,,0.6609185338020325
20141203,,,,,,2.397987127304077,,0.39839234948158264,2.290419101715088,4.221219062805176,0.564339816570282,0.5415634512901306,0.28129902482032776,0.7933201789855957,0.1785842478275299,0.3098219037055969,,0.4508417546749115,,1.3942097425460815
20141204,0.20753464102745056,0.17632199823856354,,,,,,,,,,,,,,,,,,0.6889021396636963
20141205,0.20016543567180634,,1.0681607723236084,0.19406761229038239,0.3023141026496887,0.48782458901405334,0.20982936024665833,0.18574097752571106,,,,,,,,,,,,
20141206,0.15384811162948608,,,,,,,,,,,,,,,0.22522853314876556,,0.3440842032432556,,
20141207,0.2629067301750183,0.9450138807296753,0.7496299743652344,0.554789662361145,0.6425612568855286,1.751376748085022,0.48078110814094543,0.21402741968631744,2.1627447605133057,2.619096279144287,0.4325053095817566,0.42990997433662415,,,0.1355343610048294,0.2435881346464157,,0.4353768229484558,,
20141208,,,,,0.46781572699546814,2.0794925689697266,0.498734712600708,0.3764282464981079,2.3828752040863037,3.0698764324188232,0.7079299688339233,0.5116845965385437,0.1870843470096588,0.232339009642601,0.19067411124706268,0.31610316038131714,,0.38887181878089905,0.1957862675189972,0.3495309054851532
20141209,0.43828681111335754,,,,,,,,,,,,,,,,,,0.1698523908853531,0.42913299798965454
20141210,,,1.2708619832992554,,,,,,,,,,,,,,,,,
20141211,0.26503458619117737,0.6827393174171448,0.6158576011657715,0.38085001707077026,0.446060448884964,2.3997035026550293,0.4165877401828766,0.45053717494010925,2.240272283554077,2.311253547668457,0.6050918698310852,0.5634631514549255,0.17856110632419586,0.38509950041770935,0.23109695315361023,0.3562001585960388,,0.4497004449367523,0.09424762427806854,
20141212,0.2833053767681122,0.9012398719787598,0.6514697074890137,0.5620821714401245,0.5300983786582947,1.8365145921707153,0.4875973165035248,0.5120710730552673,2.7076010704040527,2.5634920597076416,0.6533544063568115,0.5119606256484985,0.26874595880508423,0.39753803610801697,0.2698652148246765,0.3349052965641022,,0.39553967118263245,0.19638802111148834,0.44803380966186523
20141213,,2.8590145111083984,0.8335433006286621,0.5187923312187195,0.4463837146759033,2.2281832695007324,0.4823737144470215,0.49268150329589844,3.083733558654785,3.403632879257202,0.7726260423660278,0.5597419738769531,0.251845121383667,0.5066105723381042,0.21515971422195435,0.28978341817855835,,0.47391483187675476,0.15845732390880585,0.5335284471511841
20141214,,,,,,,,,,,,,,,,,,0.45513466000556946,0.1912195086479187,1.0109301805496216
20141215,0.2723100781440735,0.7924308776855469,0.7199292778968811,0.24950455129146576,0.1605619490146637,,,,,,,,0.23706446588039398,,,,,,,0.538587212562561
20141216,0.2012569010257721,0.4506017863750458,0.34019720554351807,0.19673095643520355,0.16366438567638397,,0.2361174076795578,,,,,,,,,,,,,
20141217,0.21044921875,1.0124170780181885,0.480400949716568,0.223348468542099,0.3198119103908539,2.1014959812164307,0.41296401619911194,0.33847224712371826,2.7963404655456543,3.827977180480957,0.31490039825439453,0.4299718737602234,0.1858994960784912,0.3446274697780609,0.24446024000644684,0.2945379316806793,,0.5425928235054016,0.1870342344045639,0.418223112821579
20141218,0.27605316042900085,0.8509414196014404,0.5791335105895996,0.21272329986095428,0.32114481925964355,1.6044245958328247,0.4079248607158661,0.43375855684280396,,,0.5429598093032837,0.5590218305587769,0.17830172181129456,0.2040269374847412,0.23747886717319489,0.41645538806915283,,0.37475645542144775,0.13918276131153107,0.1451251208782196
20141219,,,,,,2.1165122985839844,0.6879246234893799,0.8851984739303589,2.375967264175415,4.171698093414307,0.7970530390739441,0.6597615480422974,,0.5846515893936157,0.24607917666435242,0.2953525185585022,,0.393831342458725,0.17402809858322144,0.4114317297935486
20141220,0.25224176049232483,0.30735108256340027,0.6508150696754456,,,,,,,,,,,,,,,,,0.9048998951911926
20141221,0.23386117815971375,,,,,,,,,,,,,,,,,,,
20141222,0.18473902344703674,,,,,,,,,,,,,,,,,,,
20141223,0.19977915287017822,0.7174538969993591,0.4384218454360962,0.17542454600334167,0.17753802239894867,,0.7494384050369263,0.5573949217796326,,,0.35429874062538147,0.4018901288509369,0.2005416452884674,0.21225926280021667,,0.29847875237464905,,0.26416438817977905,0.12058626115322113,
20141224,,,,,0.4137764275074005,1.9279835224151611,0.48747166991233826,0.5131756067276001,2.7047951221466064,,0.7730218172073364,0.701026439666748,0.23189347982406616,0.44796788692474365,0.24537260830402374,0.303343802690506,,0.2707509398460388,0.16732169687747955,0.15699094533920288
20141225,,,,,,,,,,,,,,,,,,,,0.5038658380508423
20141226,0.196627676486969,0.7192406058311462,0.5169801712036133,0.2918926477432251,0.33727550506591797,,0.362079918384552,0.46593618392944336,,,,,0.24869413673877716,0.280365914106369,,,,,,
20141227,0.24974997341632843,0.7460657358169556,0.49870190024375916,0.3106047809123993,0.3701828122138977,1.8011912107467651,0.38650843501091003,0.5575569272041321,2.557396173477173,3.2185580730438232,0.5800781846046448,0.588800311088562,0.2338782697916031,0.4060080349445343,0.3101690411567688,0.36727583408355713,,0.41728246212005615,0.16665346920490265,1.0641875267028809
20141228,0.24134047329425812,0.6405113935470581,0.5231778621673584,0.42701488733291626,0.3982504606246948,1.8481191396713257,0.44886624813079834,0.4783361256122589,2.894800901412964,2.7917964458465576,0.7958753705024719,0.584722638130188,0.21506942808628082,0.37702491879463196,0.2606290578842163,0.2726326584815979,,0.24536843597888947,0.15007512271404266,0.2814663052558899
20141229,,,0.36956340074539185,0.3264703154563904,0.33084675669670105,1.7557494640350342,0.5463895797729492,0.37371137738227844,2.1335952281951904,2.782217264175415,0.6576469540596008,0.7975963950157166,0.19978903234004974,0.3583325743675232,0.3498678505420685,0.310701847076416,,0.2530262768268585,0.12856510281562805,0.27998992800712585
20141230,0.1642371565103531,,,,,,,,,,,,,,,,,0.35852015018463135,0.1878022998571396,0.5217931270599365
20141231,0.29421156644821167,0.8096229434013367,0.5059949159622192,0.32401788234710693,,0.947311282157898,0.38690435886383057,0.2979750633239746,,,0.2611626088619232,,,0.3797299861907959,,,,,,0.8289808034896851
20170101,0.38115423917770386,0.47096389532089233,0.35386717319488525,0.17203235626220703,0.33728963136672974,1.8889975547790527,0.24206367135047913,0.12254825979471207,2.320694923400879,2.2215442657470703,0.12619055807590485,0.34228742122650146,,,0.1504427194595337,0.13563542068004608,,0.14970441162586212,0.18050314486026764,
20170102,0.33601537346839905,0.6422929167747498,0.5147111415863037,0.38719892501831055,0.37004387378692627,2.1657605171203613,0.41718679666519165,0.400056928396225,2.4708752632141113,2.8089959621429443,0.6794437766075134,0.6606220006942749,0.22389182448387146,0.34777283668518066,,0.6394304037094116,,0.5027743577957153,,
20170103,,,1.0634257793426514,0.5858433246612549,0.42548394203186035,1.1560310125350952,0.4390731751918793,0.52786785364151,,,0.8143755793571472,0.6881395578384399,0.24549534916877747,0.6304537057876587,1.215213418006897,0.6166260838508606,,0.48801490664482117,0.23986679315567017,0.7496185302734375
20170104,,,,,,,,,,,,,,,,,,0.5071589946746826,0.2658444344997406,1.143466830253601
20170105,0.32734739780426025,0.6938637495040894,0.6428571939468384,0.4184279441833496,,,,,,,,,,,,,,,,1.6736459732055664
20170106,0.3362150490283966,0.7064852714538574,0.42624619603157043,0.27858272194862366,0.2752685844898224,1.9674437046051025,0.34529581665992737,0.41309574246406555,2.1060023307800293,2.3902053833007812,0.8311063647270203,0.8324561715126038,0.24071082472801208,0.5193215012550354,1.8026491403579712,0.8564335107803345,,0.3801596462726593,0.2942788898944855,
20170107,,,,,,,,,,,,,,,,,,,,
20170108,,,,,0.14182046055793762,,0.1994677037000656,0.28880149126052856,,,0.20848292112350464,0.2678390443325043,0.21795950829982758,0.5110244750976562,1.2047805786132812,0.700068473815918,,0.4568990170955658,0.26683565974235535,0.24096772074699402
20170109,,,,,,,0.46385687589645386,0.3342990279197693,,1.3287256956100464,0.47467416524887085,0.6093602776527405,,1.395410180091858,0.6999282836914062,0.5206467509269714,,0.3933104872703552,0.2203836441040039,0.5973371267318726
20170110,0.2233852595090866,0.2943497598171234,0.17341670393943787,,,,,,,,,,,,,,,,,0.9946427345275879
20170111,0.34989991784095764,0.20802238583564758,0.5441792011260986,0.3649490475654602,0.3360626995563507,1.6950106620788574,0.3706100285053253,0.39798757433891296,2.716481924057007,3.7720947265625,0.6150903105735779,0.55381840467453,0.215558260679245,0.4511326253414154,0.6752696633338928,0.19829843938350677,,0.2962724566459656,,
20170112,,,,,,1.9424331188201904,,,4.237304210662842,4.182974815368652,0.6094219088554382,0.4658958911895752,,0.7452067136764526,1.9066100120544434,0.3245863616466522,,0.31116804480552673,0.23368827998638153,0.6453443765640259
20170113,,0.2352987676858902,0.48031458258628845,0.18274110555648804,0.3556784987449646,1.0405937433242798,0.3108500838279724,0.49168112874031067,2.756563663482666,2.748173952102661,0.7312637567520142,0.3860650360584259,0.17978037893772125,0.5324787497520447,0.9311864972114563,0.22787806391716003,,0.30553001165390015,0.197793647646904,
20170114,,,,,,2.4196414947509766,0.48982685804367065,0.5260952115058899,2.53902530670166,3.126577377319336,0.9038256406784058,0.7089606523513794,0.304343044757843,0.8176040649414062,,,,0.2583216428756714,0.1845165640115738,
20170115,0.39310187101364136,,,,,,,,,,,,,,,,,,,2.39530611038208
20170116,0.33534446358680725,0.8246463537216187,0.6833627820014954,0.31042835116386414,0.3977057933807373,2.7317464351654053,0.4748111963272095,0.5071519017219543,2.9591193199157715,4.442532539367676,0.6385981440544128,0.6320463418960571,0.24208104610443115,0.5198473334312439,0.5513904094696045,0.14356768131256104,,0.3483189642429352,0.29544442892074585,0.3524631857872009
20170117,0.24222542345523834,0.9168971180915833,0.6333590149879456,0.18434534966945648,0.3654957413673401,3.2278847694396973,0.5485931634902954,0.3427860140800476,3.6129910945892334,8.310320854187012,0.5432815551757812,0.5517001748085022,,,,,,,,
20170118,,,1.2863082885742188,0.2778473496437073,,2.466392993927002,0.4587538242340088,,,,,,,,,,,0.40177902579307556,0.29433202743530273,0.5558849573135376
20170119,,,0.7772031426429749,0.92628413438797,0.44496944546699524,2.1622400283813477,0.36959588527679443,0.522662341594696,3.0079736709594727,3.819688320159912,0.7630119323730469,0.6525906324386597,0.2536108195781708,0.8424006104469299,1.393648624420166,,,,,1.1212280988693237
20170120,0.2040037214756012,,,,,,,,,,,,,,,,,,0.21699857711791992,0.6769002079963684
20170121,0.27419397234916687,1.0526816844940186,0.9003491401672363,0.5931982398033142,0.4498857259750366,1.9412615299224854,0.28495514392852783,0.6711524724960327,,,0.8663007616996765,,0.24390479922294617,0.6013782620429993,0.32883238792419434,,,0.3304254412651062,,1.0312227010726929
20170122,0.24618545174598694,,,,,3.414309024810791,0.558858335018158,,,,,,,,,0.37247443199157715,,0.5941033363342285,0.34200435876846313,1.3110536336898804
20170123,,,,,,,,,,,,,,,,,,,,0.18552976846694946
20170124,,0.9622512459754944,1.169973373413086,0.7370384335517883,0.544026792049408,1.140187382698059,0.3925241231918335,0.4917747676372528,,,0.6277632713317871,0.5293608903884888,0.21924066543579102,0.6600452661514282,0.4795967638492584,0.24012160301208496,,0.48280540108680725,0.3453151285648346,0.7598778605461121
20170125,,,,,,2.9050495624542236,,,2.9252185821533203,4.417045593261719,0.5765854120254517,0.7340261936187744,,0.5732029676437378,0.6883728504180908,0.5059525370597839,,0.43592047691345215,0.25971150398254395,1.034102439880371
20170126,0.32038614153862,0.9127681851387024,0.8226832151412964,0.26616886258125305,0.19146372377872467,,,,,,,,0.19082427024841309,,,,,,,0.6257457137107849
20170127,0.29357200860977173,0.264453649520874,1.2350597381591797,0.48498088121414185,0.5563489198684692,2.113670587539673,0.5098893642425537,0.46680015325546265,3.3621437549591064,5.268368244171143,0.6021674275398254,0.6221461892127991,0.2290460169315338,0.6419879198074341,0.7344628572463989,0.2466360181570053,,0.3559209406375885,0.2424483746290207,0.9112952351570129
20170128,0.25788313150405884,0.8823942542076111,0.7174726724624634,0.3075888454914093,0.4716157913208008,3.0001471042633057,0.3475755453109741,0.518302321434021,6.827454566955566,6.671212673187256,0.841889500617981,0.4311274290084839,0.2051456868648529,0.6298197507858276,0.5061073899269104,0.24529807269573212,,0.31097960472106934,0.2665047347545624,0.5923447012901306
20170129,0.14109745621681213,0.4417516589164734,2.3407633304595947,0.2221994549036026,0.4476672112941742,2.32601261138916,0.34341126680374146,0.3683187961578369,4.120206832885742,3.9212305545806885,0.6193737387657166,0.46543335914611816,0.2055242955684662,0.8050128817558289,0.6085169315338135,0.22390681505203247,,0.308903306722641,0.25613826513290405,0.6665365099906921
20170130,,,,,,,,,,,,,,,,,,0.20865236222743988,0.3527149260044098,
20170131,,,,,,,,,,,,,,,,,,,0.1878298968076706,0.5132575631141663
20170201,,,,,,1.4475258588790894,,,,,,,0.18360213935375214,,,,,0.21064910292625427,,
20170202,0.20571091771125793,,0.2137918919324875,0.23330363631248474,0.42186662554740906,,0.35027602314949036,0.5039458274841309,,,0.7087057828903198,0.4803847372531891,0.22007744014263153,0.29663217067718506,0.25966885685920715,0.20438726246356964,,0.2942580282688141,0.2167501449584961,0.39482206106185913
20170203,0.3076125681400299,0.558182418346405,0.7856761813163757,0.6980923414230347,0.6720556616783142,2.5919225215911865,0.5034088492393494,0.5020552277565002,4.561561584472656,5.775101661682129,0.9598422050476074,0.6082450151443481,0.2001061588525772,0.7598351836204529,0.4267570376396179,0.22265507280826569,,0.25812196731567383,0.25615814328193665,0.6229573488235474
20170204,,,,,,,,,,,,,,,,,,0.2469799667596817,0.3229399621486664,0.5649669766426086
20170205,,,,,,,,,,,,,,,,,,,,
20170206,0.11917642503976822,,0.12856528162956238,0.24267785251140594,0.18459869921207428,,,,,,,,0.18520225584506989,,,,,,,
20170207,0.5303857326507568,1.136560082435608,1.6636784076690674,0.5011956691741943,0.4894145429134369,3.4249660968780518,0.6748669743537903,0.6276354789733887,3.329986810684204,8.595953941345215,0.7163611650466919,0.8933128714561462,0.30903252959251404,0.6592043042182922,0.6040439605712891,0.3118360936641693,,0.4470400810241699,0.29520633816719055,
20170208,0.40038037300109863,1.2657831907272339,1.4248765707015991,0.45678743720054626,0.3340071737766266,4.116828441619873,0.5719044208526611,0.5491861701011658,5.3740129470825195,10.462785720825195,0.6933954358100891,0.6037622094154358,0.27601733803749084,0.6046577095985413,0.6847612857818604,0.25750023126602173,,0.4080140292644501,0.27913087606430054,0.8977121114730835
20170209,0.37100082635879517,1.0901974439620972,1.9740194082260132,0.7466942667961121,0.627785861492157,2.8754465579986572,0.4635547697544098,0.5630120635032654,2.878776788711548,4.496061325073242,0.7552538514137268,0.9450693726539612,0.2319532334804535,1.2997909784317017,0.40646830201148987,0.23452338576316833,,0.8466730713844299,,
20170210,,,,,0.37800151109695435,2.496053695678711,0.5420271158218384,0.4952133893966675,2.7756857872009277,4.063804626464844,0.718396008014679,0.6556257605552673,,0.5470547676086426,0.29708218574523926,0.2665773332118988,,0.6577211618423462,0.3178982138633728,2.2346653938293457
20170211,,0.9556626081466675,1.714816689491272,,,,,,,,,,,,,,,,,1.9398138523101807
20170212,,0.13968083262443542,1.5219546556472778,0.656447172164917,,1.8830053806304932,0.6365747451782227,0.4995785057544708,2.653984785079956,,0.424471378326416,1.30738365650177,0.27072545886039734,0.5942517518997192,,0.1735551357269287,,,,
20170213,0.5505675673484802,0.9871876239776611,1.0769996643066406,0.4865615963935852,,3.242180347442627,0.6421358585357666,0.3389807939529419,,2.871267557144165,,,,,,,,0.08437687903642654,,
20170214,0.4310973286628723,0.9374552965164185,1.5470672845840454,0.6560969948768616,1.251460075378418,2.8281376361846924,0.5749852657318115,0.31336480379104614,3.4478113651275635,4.217197418212891,,1.0679552555084229,0.20874571800231934,0.571966826915741,0.4889746904373169,,,0.4769299626350403,0.33030304312705994,1.9936046600341797
20170215,,,,,0.4613029658794403,2.144501209259033,0.3210572898387909,0.4336261749267578,,2.7491652965545654,0.8644715547561646,0.6968154311180115,0.19714322686195374,0.7984451055526733,0.40265485644340515,0.197740837931633,,0.7186712026596069,0.27009135484695435,1.0465062856674194
20170216,0.32889097929000854,0.5139559507369995,0.26644405722618103,0.32140645384788513,,,,,,,,,,,,,,0.2976333796977997,0.3076750636100769,1.223039984703064
20170217,0.25571975111961365,,,,,4.628174304962158,0.4543583393096924,,,,,0.4263063669204712,,,,,,,,1.0220046043395996
20170218,0.2773410379886627,0.7593252658843994,,,,,,0.44239541888237,,,,,0.16780294477939606,0.19155175983905792,0.1416880339384079,0.16139715909957886,,0.2614232003688812,0.21577002108097076,0.4950137138366699
20170219,0.2655189335346222,0.20352721214294434,,,,,,,,,,,0.13859257102012634,,,,,0.2673787474632263,0.1639593243598938,
20170220,0.2954520881175995,0.9245373606681824,2.023906946182251,0.7108407616615295,0.41958194971084595,2.368830442428589,0.6494053602218628,0.496724396944046,2.5768661499023438,3.120063304901123,0.5681626796722412,1.0319364070892334,0.2620413899421692,0.3990672528743744,0.4244868755340576,0.268561452627182,,0.5106659531593323,0.2798323333263397,1.015339970588684
20170221,0.33439308404922485,0.1902967244386673,0.22362813353538513,0.6578086614608765,,4.8481550216674805,,0.44251537322998047,3.062044858932495,4.60860013961792,0.9267588257789612,0.8471359610557556,,0.8934271335601807,0.4785211682319641,0.40667152404785156,,0.5267518758773804,0.3580889105796814,1.2573902606964111
20170222,0.2901727855205536,0.624308168888092,1.3687868118286133,0.29970258474349976,0.49106988310813904,1.7288122177124023,0.5418344736099243,0.30810171365737915,,,,,0.15166090428829193,,,,,,,0.9723450541496277
20170223,0.28205257654190063,0.8910214900970459,1.358660340309143,0.306642085313797,0.4132733643054962,2.6686806678771973,0.6378759741783142,0.4612129330635071,2.665605068206787,4.763550281524658,0.6186960339546204,0.7235223650932312,0.2597368061542511,0.3505413830280304,0.23761369287967682,,,,,0.47624650597572327
20170224,0.30802053213119507,0.8994115591049194,1.1356920003890991,0.3308970630168915,0.5225868821144104,2.919980525970459,0.6343084573745728,,3.071065664291382,4.7611308097839355,,,,,,0.3174915611743927,,0.24786831438541412,0.23155897855758667,
20170225,0.3784181773662567,0.8672068119049072,1.526296615600586,0.8741163611412048,0.8173291087150574,2.591867446899414,0.7024750113487244,0.6476618647575378,2.6613786220550537,3.8264400959014893,0.8836297988891602,0.8424719572067261,0.2958109676837921,0.9766828417778015,0.5758001804351807,0.4528462588787079,,0.8235916495323181,,1.1085007190704346
20170226,0.43744930624961853,,3.163243532180786,1.005412220954895,0.8571085929870605,2.7471234798431396,0.6914299130439758,0.8747137784957886,2.666470527648926,3.875492572784424,0.8236162662506104,0.7888994216918945,0.36699897050857544,0.8593408465385437,0.5136502385139465,0.4824409782886505,,0.538516104221344,0.34378889203071594,1.3627673387527466
20170227,0.3702947199344635,0.8238531351089478,1.152607798576355,0.7100458145141602,0.7007383704185486,3.458531141281128,0.6359760761260986,0.6339831352233887,,,0.9235386252403259,0.7899633646011353,0.34931591153144836,0.9923530220985413,0.4149789810180664,0.4646194875240326,,0.5772050023078918,0.3640855550765991,1.0699074268341064
20170228,0.3366349935531616,0.24940189719200134,1.8074990510940552,0.48558977246284485,0.46605798602104187,1.3527028560638428,0.49971523880958557,0.46690765023231506,1.723142147064209,1.304433822631836,0.5893368721008301,0.5774268507957458,0.2920883893966675,0.34507668018341064,0.34369829297065735,0.32870110869407654,,0.4436989426612854,0.2950805127620697,0.8446516990661621
20170301,0.31761518120765686,,5.033563613891602,0.5460883975028992,0.6432905197143555,3.201666831970215,0.4610273838043213,0.5115925073623657,5.719440460205078,7.138476371765137,0.6990647912025452,0.6623597741127014,0.2776676118373871,0.952889084815979,0.3455870747566223,0.3075791001319885,,0.3917275369167328,0.259473979473114,0.6393884420394897
20170302,0.36148735880851746,0.802172064781189,1.705838918685913,0.40184903144836426,0.5133012533187866,2.701775312423706,0.5245396494865417,0.5612537860870361,2.712900161743164,3.327817678451538,0.8830362558364868,0.6826032400131226,0.2805188298225403,0.9034435749053955,,0.31139278411865234,,0.5793401598930359,,0.8711553812026978
20170303,,,2.156761884689331,0.9490326046943665,0.674279510974884,2.5927908420562744,0.5990208387374878,0.6614916324615479,2.6715991497039795,3.4137415885925293,0.9162550568580627,0.9659361243247986,0.31394538283348083,0.7512263059616089,0.4039626717567444,0.43307366967201233,,0.7188054919242859,0.18317493796348572,0.9300797581672668
20170304,,1.4961565732955933,1.2138766050338745,1.081009864807129,0.6781527400016785,1.0945967435836792,0.41547292470932007,0.563326895236969,,,,,0.30704692006111145,,,,,0.4658356010913849,0.331003874540329,1.0834453105926514
20170305,0.429730087518692,0.9763439893722534,1.0949840545654297,1.102782964706421,0.2568839490413666,2.504364013671875,0.514775812625885,0.26106205582618713,2.4738240242004395,3.3092598915100098,,1.064876914024353,0.10770271718502045,,,0.3294210433959961,,0.22575438022613525,0.23725761473178864,0.8657609224319458
20170306,0.4575447142124176,1.1009382009506226,0.9854674339294434,0.5546081066131592,0.44709810614585876,2.2797939777374268,0.506022572517395,0.5927311778068542,2.4792263507843018,3.0312600135803223,0.5350101590156555,0.8680992722511292,0.2966528832912445,0.4536357522010803,0.2434065192937851,0.4729706645011902,,0.5165010690689087,0.4103579819202423,0.5726445913314819
20170307,0.4403373897075653,0.996974766254425,1.1873420476913452,1.3936463594436646,0.9278537631034851,2.1539499759674072,0.5333791971206665,0.5765765309333801,2.639878273010254,3.1277084350585938,0.7228060960769653,1.0257201194763184,0.3020860254764557,0.5660134553909302,0.4776335060596466,0.4528600573539734,,0.5561259388923645,0.482446551322937,0.8362129330635071
20170308,0.3539247512817383,0.7096664309501648,1.7040718793869019,1.152072787284851,0.7893473505973816,2.5201876163482666,0.5562354922294617,0.5602419376373291,2.400184154510498,3.641409158706665,0.7724626660346985,0.8311896324157715,0.3444497585296631,0.6446659564971924,0.4603096544742584,0.4008457362651825,,0.6967390775680542,0.4728676676750183,1.1089454889297485
20170309,0.4134903848171234,0.6348300576210022,1.1090538501739502,1.024030089378357,0.8922628164291382,3.0001707077026367,0.5714617371559143,0.572934627532959,2.7236263751983643,4.7479376792907715,0.8216930031776428,0.7360060811042786,0.4101308286190033,1.030271053314209,0.5075566172599792,0.7616776823997498,,0.7034419775009155,0.4263247847557068,1.4930280447006226
20170310,0.36264970898628235,0.5004059076309204,1.2764114141464233,0.8399599194526672,0.36657220125198364,3.1803388595581055,0.5604265928268433,0.2956601679325104,,,0.7014464735984802,,,,0.167453795671463,0.4108513593673706,,1.6397757530212402,0.47080039978027344,1.3035506010055542
20170311,0.2895266115665436,1.277559518814087,1.6592614650726318,,,,,,,,,,,,,,,,,
20170312,0.2811390459537506,0.44680437445640564,0.42495250701904297,0.42032456398010254,0.425372838973999,1.5478808879852295,,,,,,,,,,0.18124522268772125,,0.7049544453620911,0.13806301355361938,0.5749034285545349
20170313,0.4257175624370575,0.8596085906028748,5.34190034866333,,,2.757000207901001,,,2.3776819705963135,3.183992624282837,0.627059280872345,,,0.18534433841705322,0.2216096967458725,0.44859829545021057,,0.6859139800071716,0.6412706971168518,1.5094106197357178
20170314,0.3709712028503418,0.8392380475997925,1.6151583194732666,0.9471655488014221,0.9863548278808594,2.856341600418091,0.7371847033500671,0.7451128363609314,3.313835382461548,4.278914928436279,1.0778162479400635,1.0987681150436401,0.3856411576271057,0.8127402067184448,0.4430233836174011,0.46236443519592285,,0.5741392374038696,0.48152589797973633,0.9500189423561096
20170315,0.232265442609787,0.15947717428207397,,,,3.0497400760650635,0.7756467461585999,0.7644076347351074,3.541595458984375,3.4276652336120605,0.9660990238189697,0.9617642164230347,,0.6139419674873352,1.1982327699661255,,,,0.6938111186027527,
20170316,0.4087321162223816,0.29205289483070374,0.25833946466445923,0.41701844334602356,,2.5777361392974854,0.6144244074821472,0.5656495094299316,2.5433225631713867,3.0995163917541504,0.6020874381065369,1.09640634059906,0.3493468463420868,0.5649524331092834,,0.31651827692985535,,0.4133948087692261,0.28451108932495117,0.2788744568824768
20170317,0.4370138347148895,0.8350670337677002,0.8644847869873047,0.6212925910949707,0.8073781132698059,2.9895896911621094,0.6515088677406311,0.7429620027542114,3.114718198776245,3.5655324459075928,0.8966615200042725,1.084112286567688,0.4334883987903595,0.6557790040969849,0.5354520082473755,0.49243685603141785,,0.5806466937065125,0.425984263420105,0.8284832239151001
20170318,0.4237554669380188,0.9165095090866089,1.551471471786499,0.7266117334365845,1.011702537536621,2.5757954120635986,0.6019640564918518,0.7008294463157654,2.8258962631225586,3.5858964920043945,0.8612174987792969,1.0274595022201538,0.38106074929237366,0.6815325021743774,0.5385236740112305,0.4317536950111389,,0.5049590468406677,0.40198853611946106,1.0762062072753906
20170319,0.4661753475666046,1.0192197561264038,1.4609591960906982,0.7315384745597839,0.8049320578575134,3.0627758502960205,0.6350290775299072,0.7058852314949036,3.103861093521118,5.0401434898376465,0.9899567365646362,0.9073513746261597,0.3652714192867279,0.7893754839897156,0.503483235836029,0.4026007354259491,,0.49768146872520447,0.3351428508758545,1.043055534362793
20170320,0.32120850682258606,0.28158482909202576,0.4646265208721161,0.38047170639038086,0.5263538360595703,4.041294574737549,,,2.818936824798584,,0.5124067664146423,,,0.4569234848022461,0.31074467301368713,,,0.3667626976966858,0.27299854159355164,0.9070496559143066
20170321,0.38510623574256897,0.531655490398407,0.7370947599411011,0.1834043711423874,0.40472814440727234,2.5648319721221924,0.5175381302833557,0.3947256803512573,2.150283098220825,1.5018274784088135,0.5981144905090332,0.5563083291053772,0.22748389840126038,0.4372527301311493,0.2315637767314911,0.6243475079536438,,,,
20170322,0.38869166374206543,0.7284756302833557,1.1366795301437378,0.3029777407646179,,2.398266553878784,,,,,,,,,,,,0.28675565123558044,,0.15229687094688416
20170323,0.499081015586853,0.4217143952846527,0.806096076965332,0.49662476778030396,0.6729388236999512,3.143433094024658,0.624161422252655,0.7346539497375488,2.660975933074951,4.733458042144775,0.797119140625,0.9682601690292358,0.406938761472702,0.7514787912368774,0.49049243330955505,0.45785850286483765,,0.5216904878616333,0.5041050314903259,0.55643630027771
20170324,0.32771918177604675,1.639417290687561,3.3696773052215576,1.045642614364624,1.2278952598571777,2.7535016536712646,0.5846120715141296,0.9409952759742737,,5.8455352783203125,1.069661021232605,1.1203206777572632,0.27209264039993286,0.5907800197601318,0.4501102864742279,0.3085748255252838,,,,
20170325,,,,0.4281534254550934,,,,,,,,,,,0.191057488322258,,,0.4156140089035034,0.41938209533691406,0.7573591470718384
20170326,0.39201003313064575,0.9578354954719543,1.6700690984725952,0.785517692565918,,4.360743999481201,,0.5612841248512268,,,,,0.2711528539657593,,,,,0.7430248260498047,0.550290048122406,3.7247331142425537
20170327,0.44280126690864563,0.5801869034767151,0.812599241733551,0.3872235119342804,0.5174322128295898,2.1651570796966553,0.679804801940918,0.6500345468521118,2.184251308441162,,0.8660252690315247,1.1230462789535522,0.40743011236190796,0.537123441696167,0.4048844575881958,0.42830798029899597,,0.727386474609375,0.5088213682174683,
20170328,0.41673436760902405,0.9268544316291809,1.2203596830368042,0.29006341099739075,0.7610096335411072,3.6834933757781982,0.725911557674408,0.7061871290206909,3.675699472427368,4.178325176239014,0.9403724670410156,1.1832224130630493,0.19242948293685913,0.6639284491539001,0.5472967028617859,0.33787262439727783,,0.6230005621910095,0.7562195062637329,0.9855014681816101
20170329,0.30059900879859924,0.1689271181821823,0.14627695083618164,0.18245066702365875,0.15341457724571228,,,,,,,,0.22847037017345428,,,,,,,
20170330,0.29536980390548706,0.7887130975723267,0.5666460990905762,0.5765731334686279,0.47159215807914734,2.7048254013061523,1.3179315328598022,0.8031079769134521,2.491448163986206,3.244211435317993,1.021017074584961,1.584875226020813,0.32853442430496216,0.5862028002738953,0.42462825775146484,0.42289847135543823,,0.6234819293022156,0.33081772923469543,0.6567423343658447
20170331,,3.947998046875,3.4976627826690674,,,3.0063700675964355,,,2.279613971710205,2.7791008949279785,,1.3534040451049805,,,,,,0.14198800921440125,,
20170401,0.5429074168205261,0.197552889585495,,0.31529220938682556,0.39034807682037354,2.0978760719299316,,,1.9626573324203491,,,1.1519801616668701,,,,,,,0.21125859022140503,0.3999103605747223
20170402,0.5336852669715881,0.9000688195228577,0.7221810817718506,0.4522925615310669,0.6273356080055237,3.3119845390319824,,0.67798912525177,2.7815911769866943,3.036900281906128,,1.2594759464263916,0.3325468599796295,0.3605090081691742,,,,0.4770366847515106,0.22739093005657196,
20170403,0.580670952796936,0.9940978288650513,1.3619000911712646,0.6038530468940735,1.247947335243225,2.596104860305786,1.1868577003479004,0.8482326865196228,2.6438257694244385,3.0396533012390137,1.3755475282669067,1.227934718132019,0.4395432472229004,0.9973931908607483,0.7306249737739563,0.9583803415298462,,0.7452590465545654,0.49728673696517944,2.1459338665008545
20170404,0.5124644041061401,1.27249276638031,1.3606823682785034,0.7023037672042847,1.4294766187667847,2.5296742916107178,0.9897953271865845,0.971120297908783,2.462503671646118,3.1936604976654053,1.0629328489303589,1.0886526107788086,0.5987967848777771,0.7856771945953369,0.5574127435684204,1.1021480560302734,,0.8159146904945374,1.0271549224853516,0.8488112688064575
20170405,0.5023964047431946,1.041656255722046,0.9943509101867676,0.8762014508247375,0.902982771396637,2.1812384128570557,0.7530741095542908,0.7951920032501221,2.47088623046875,3.280799388885498,1.008376955986023,0.921898365020752,0.4796782433986664,0.9157664179801941,0.6233002543449402,0.4665394723415375,,0.6677440404891968,0.3911077082157135,1.029637098312378
20170406,0.7051748037338257,1.1677823066711426,0.7768123745918274,0.792870044708252,0.6063514947891235,2.4982311725616455,0.7612088918685913,0.7703859210014343,2.3391060829162598,4.510284423828125,0.8551681637763977,1.0249059200286865,0.45453885197639465,0.6351666450500488,0.5596929788589478,0.6127967238426208,,0.920315146446228,0.36142483353614807,0.7847033143043518
20170407,0.4939602017402649,0.9168949127197266,0.5254054069519043,0.7287152409553528,0.711212158203125,,,1.0248342752456665,,,0.7722525596618652,,0.48170754313468933,0.8692973256111145,0.579669177532196,0.6031091809272766,,1.5604275465011597,0.4566676914691925,0.6927855014801025
20170408,0.3870652914047241,0.222622811794281,0.3010844886302948,0.2914952039718628,0.5897675156593323,3.1306698322296143,0.7765640020370483,0.6647211909294128,3.3335251808166504,6.884786128997803,0.9601454138755798,0.8974093198776245,0.3559025526046753,0.3444857597351074,0.15260647237300873,,,0.9396833181381226,0.39781156182289124,1.3860636949539185
20170409,0.2598162591457367,0.2505679428577423,0.7051323652267456,0.48551565408706665,0.3349526524543762,2.3690292835235596,,0.8630637526512146,1.8473504781723022,3.0204408168792725,,,0.32327425479888916,0.4248636066913605,0.6391822099685669,0.6819430589675903,,0.7729130387306213,,
20170410,0.22888638079166412,,,0.13991433382034302,,1.938765048980713,,,,,,,0.2330056130886078,0.32926589250564575,0.28700485825538635,,,0.22118054330348969,0.19104734063148499,
20170411,0.424434095621109,1.0212576389312744,0.7768002152442932,0.2073817253112793,0.4012731611728668,2.336402177810669,0.9112091064453125,0.6920020580291748,2.226925849914551,2.6889610290527344,1.1846611499786377,,0.31555411219596863,0.34061336517333984,0.2725290358066559,,,,,0.42759209871292114
20170412,0.466532438993454,1.0188814401626587,0.7969080209732056,0.9093038439750671,0.6346400380134583,2.424654483795166,1.0766674280166626,0.8211427330970764,2.4754233360290527,3.0537023544311523,1.0553611516952515,1.239852786064148,0.46122947335243225,0.7265373468399048,0.74371337890625,0.8112258911132812,,0.8931828737258911,0.46142101287841797,0.7392727136611938
20170413,0.4518371820449829,0.8183761239051819,0.7052545547485352,0.8321253061294556,0.9588249325752258,3.48511004447937,0.8598533868789673,0.8422418832778931,4.264316558837891,5.094760417938232,1.2861040830612183,1.1626514196395874,0.45490115880966187,0.8014743328094482,0.8835225701332092,0.9475553035736084,,0.6486133933067322,0.4849218428134918,1.3589043617248535
20170414,0.43071603775024414,0.8720265030860901,1.1223708391189575,0.7719323635101318,0.7626620531082153,2.9618287086486816,0.8501432538032532,0.7956794500350952,3.08965802192688,3.6812899112701416,1.18268883228302,1.093889832496643,0.3844960927963257,0.7815492153167725,0.7534574866294861,0.8223513960838318,,1.223312497138977,0.3440207540988922,0.5389453172683716
20170415,0.42738771438598633,,0.45793744921684265,1.0959718227386475,0.9525539875030518,3.546151876449585,1.401186466217041,0.7993077039718628,,,1.893971562385559,1.3230515718460083,0.33773407340049744,1.3021087646484375,1.0531293153762817,2.164954662322998,,0.7769891023635864,0.2778114080429077,
20170416,0.42692193388938904,0.9818530678749084,1.0139567852020264,0.5634149312973022,0.47542503476142883,2.706826686859131,0.6871058344841003,0.8998827934265137,,,0.8695083856582642,1.0663244724273682,0.3670513331890106,0.6209645867347717,0.6504861116409302,0.8399622440338135,,0.7143447995185852,0.548365592956543,0.5227665901184082
20170417,,,0.6457290053367615,0.571208655834198,0.6232350468635559,3.1188912391662598,0.9814974069595337,0.8346138000488281,,,0.826545238494873,,0.38210442662239075,0.6440393328666687,0.7970455884933472,0.8141143918037415,,0.6716151237487793,0.5475762486457825,0.88419109582901
20170418,0.44829246401786804,0.6811909675598145,,,,5.0410308837890625,,,,,1.5164798498153687,,,,,,,0.6693776845932007,0.6583424806594849,1.3001527786254883
20170419,0.4001862406730652,0.2691905200481415,0.8531413078308105,,,,,,,,,,,,1.5672094821929932,,,,,
20170420,,,0.18363133072853088,0.20061923563480377,,,,,,,,,0.26938167214393616,0.4653485417366028,,,,,,
20170421,0.2685362994670868,0.8108837604522705,0.7598414421081543,0.4859966039657593,0.505344033241272,1.7545814514160156,0.7874132990837097,0.723268985748291,2.6131162643432617,3.5020182132720947,0.8517179489135742,0.8895950317382812,0.32812681794166565,0.5616479516029358,0.5626744031906128,0.7950790524482727,,,,0.44819319248199463
20170422,0.1418077051639557,0.21318890154361725,0.34527474641799927,0.48377981781959534,0.5468325018882751,0.706095278263092,0.6740400195121765,0.6991628408432007,,,0.8165944814682007,0.7191166281700134,0.2715855538845062,0.6885561347007751,0.720691442489624,0.5278768539428711,,,,1.6826138496398926
20170423,0.3540200889110565,0.24894335865974426,0.32129475474357605,0.2302301824092865,0.5003061294555664,,,,,,,,,,,,,0.7720325589179993,,
20170424,0.37084680795669556,0.8568728566169739,0.622236967086792,0.37383079528808594,,,,,,,,,,,,,,,,
20170425,0.3136589825153351,0.6453646421432495,0.7340685129165649,0.2486165165901184,0.21548300981521606,1.9383533000946045,,,,3.152047872543335,,,0.1903192102909088,0.22326599061489105,0.402237206697464,0.6664342880249023,,0.4044071137905121,0.4888891577720642,0.509716272354126
20170426,0.33191320300102234,0.7541622519493103,0.7399962544441223,0.3392513692378998,,2.4529917240142822,,,,,,,,,,,,,0.3666638731956482,0.6919761896133423
20170427,0.20718051493167877,,0.20090608298778534,0.32232481241226196,0.3521628677845001,2.029911518096924,,0.5329965353012085,,,,,0.26007601618766785,0.44826823472976685,0.6198159456253052,,,,,
20170428,,,,,,,,,,,,,,,,,,0.29935213923454285,0.16225872933864594,0.4457959234714508
20170429,0.8872922658920288,1.2713422775268555,0.6438045501708984,,0.29597902297973633,2.4542036056518555,,,,,,,,,,,,0.47926992177963257,,0.3215833306312561
20170430,0.5173693895339966,0.7678229212760925,0.7009539008140564,0.44960489869117737,,,,,,,,,,,,,,,0.26253849267959595,
20170501,0.2664855122566223,0.39801323413848877,0.32465067505836487,0.3250161111354828,0.4951707124710083,,,0.6862406730651855,,,,,0.3425159752368927,0.7049463987350464,0.5572233200073242,0.633353054523468,,0.34033945202827454,0.23513975739479065,
20170502,0.35706353187561035,0.2417432814836502,0.21618406474590302,0.2070339471101761,0.21358779072761536,1.9330006837844849,,0.4517926573753357,,,,,0.2869786024093628,0.59344482421875,0.8225444555282593,1.617691993713379,,0.4874294698238373,0.41365987062454224,0.7600059509277344
20170503,0.740818977355957,0.7123039960861206,0.2602185010910034,,0.7219059467315674,1.9406225681304932,0.6923261880874634,0.8693529367446899,1.9670504331588745,1.8001866340637207,1.3511120080947876,1.0344148874282837,0.4658425748348236,0.3823263645172119,1.0713683366775513,,,0.1892402321100235,0.16137297451496124,
20170504,0.7847288250923157,,,,1.1863335371017456,5.973362445831299,1.3014106750488281,1.8327445983886719,8.075942039489746,9.805575370788574,2.3135087490081787,2.156538248062134,0.6028193235397339,2.0063796043395996,1.5505468845367432,1.3084756135940552,,0.9339451193809509,0.32093575596809387,3.325302839279175
20170505,,,,0.558893084526062,0.5544028878211975,,,1.0442445278167725,,,1.5110400915145874,1.3206126689910889,0.5543531775474548,1.2345075607299805,1.2053247690200806,,,0.9180983901023865,1.1921921968460083,1.34808349609375
20170506,0.5474050641059875,1.4296112060546875,0.7512289881706238,0.8600842952728271,0.5682578682899475,2.6061551570892334,0.5452005863189697,0.7680909037590027,,,0.816123366355896,,0.2961336374282837,0.5046511888504028,0.9525733590126038,0.7118191123008728,,0.3628162741661072,0.300120085477829,
20170507,0.7356854677200317,,0.47675392031669617,,,2.9019808769226074,,,,,,,,,,,,0.25843819975852966,0.2919146716594696,1.0224789381027222
20170508,0.7974918484687805,1.2990968227386475,0.8389080762863159,0.4808329641819,0.5778936743736267,2.939584732055664,1.0605933666229248,0.6789854168891907,2.734409809112549,3.8040590286254883,,0.8251355886459351,0.14417140185832977,,,,,0.22796043753623962,0.22903482615947723,0.5587963461875916
20170509,0.704983651638031,1.5462692975997925,0.9602064490318298,0.6985486745834351,0.993928849697113,5.260430812835693,1.173424243927002,1.327600359916687,3.3120815753936768,10.048524856567383,1.1112892627716064,1.4192920923233032,0.8339506387710571,1.359073519706726,1.1894832849502563,1.0634429454803467,,0.32428833842277527,,0.7530739903450012
20170510,,4.574552059173584,1.5735195875167847,0.9900155663490295,1.005378246307373,2.3846497535705566,0.9206794500350952,0.9746915698051453,,,,,0.5399509072303772,1.3845638036727905,1.1712363958358765,0.8239597082138062,,,,2.1408207416534424
20170511,0.6538881659507751,1.174061894416809,1.1223013401031494,0.7745876312255859,1.2704999446868896,2.30834698677063,0.8299954533576965,1.0798983573913574,,,1.0564097166061401,,0.4896168112754822,0.9666039347648621,1.18095064163208,0.9584197998046875,,,,
20170512,,1.3382536172866821,1.3792551755905151,0.7589340209960938,0.7624139785766602,3.273808240890503,0.8431980609893799,0.8155567049980164,3.450129747390747,6.8755292892456055,1.3349748849868774,1.1203198432922363,0.4489867091178894,1.0581321716308594,1.8255290985107422,1.3201099634170532,33.00532150268555,0.5407110452651978,0.39574262499809265,0.49750474095344543
20170513,0.780543327331543,0.6895816922187805,0.8320196866989136,0.49502864480018616,0.5754887461662292,2.8144454956054688,0.9054775238037109,0.8596407771110535,2.8046205043792725,7.443227767944336,1.1522626876831055,1.1403019428253174,0.4798527657985687,1.1041762828826904,2.4135847091674805,,,,0.274057537317276,0.9218357801437378
20170514,1.1244127750396729,1.992719054222107,3.2795844078063965,3.3440916538238525,1.1937263011932373,4.5212297439575195,1.1535422801971436,0.9118379354476929,4.8137431144714355,9.905912399291992,1.2072174549102783,1.3908525705337524,0.6952001452445984,0.8721943497657776,1.0338704586029053,0.8241812586784363,,0.5636010766029358,0.21975034475326538,0.3861728608608246
20170515,1.1256388425827026,,0.9771565198898315,,,5.552502632141113,,,,,,,,2.02347993850708,1.5156078338623047,0.9764994978904724,,0.5499224662780762,,1.1922919750213623
20170516,0.7823840975761414,1.076550006866455,0.43897756934165955,0.3329491913318634,,,,,,,,,,,,,,,,
20170517,0.4344337284564972,1.0572161674499512,0.9468353986740112,0.6692277789115906,0.44040265679359436,,0.5718504190444946,0.70782870054245,,,,,0.3340478241443634,0.4435819089412689,,,,,,
20170518,0.5549120306968689,0.7882632613182068,0.6536704897880554,0.47185036540031433,0.7047744989395142,2.206728935241699,0.5922420024871826,0.8388122320175171,,,1.1233365535736084,0.7993921637535095,0.5280410051345825,0.798143208026886,1.7583658695220947,,,,,2.210320472717285
20170519,0.660589337348938,1.1146131753921509,0.9305513501167297,0.29799047112464905,0.6466626524925232,2.566976547241211,0.6258212327957153,0.89260333776474,1.5170968770980835,,1.136474370956421,,0.40078577399253845,0.48219844698905945,,,,,,
20170520,0.7261955738067627,0.7325003743171692,0.8223304748535156,1.6106314659118652,0.7565243244171143,6.115206241607666,1.0648937225341797,1.0626976490020752,,,2.884683847427368,1.449967622756958,,,1.781765341758728,1.1993358135223389,,1.4643547534942627,0.2916187644004822,2.3376426696777344
20170521,0.6526519060134888,1.079296350479126,0.9986258149147034,1.0486693382263184,1.0929149389266968,4.123865604400635,0.7026658058166504,0.8124454617500305,5.039546966552734,7.031488418579102,1.3874636888504028,1.1000901460647583,0.5988413095474243,1.241123080253601,1.1290831565856934,0.7986089587211609,,0.6621088981628418,0.5806699395179749,0.43428289890289307
20170522,0.5797067284584045,0.5113698244094849,0.3994968831539154,0.804824948310852,1.3213295936584473,1.8175612688064575,0.9781781435012817,2.058994770050049,,,,,,1.1968625783920288,1.2619969844818115,,,,0.9140296578407288,3.244180917739868
20170523,0.7675775289535522,1.1474179029464722,0.5928142666816711,0.29848983883857727,0.32163941860198975,2.025285005569458,0.5799787044525146,0.39436793327331543,2.2071056365966797,3.461637020111084,,0.7101088166236877,0.21666067838668823,,0.7050806879997253,1.1615135669708252,,,0.7577491402626038,1.0105040073394775
20170524,0.9258946180343628,0.7072817087173462,0.36729738116264343,0.26043927669525146,0.2041560709476471,1.7634398937225342,,,,,,0.5488293766975403,,,,,,0.1512545943260193,0.24150300025939941,0.4853110909461975
20170525,0.7666403651237488,1.1909778118133545,1.0505715608596802,0.6238743662834167,0.601251482963562,3.619936227798462,0.7207827568054199,1.138512134552002,3.7859787940979004,5.589306354522705,1.557698369026184,1.1969751119613647,0.4308466911315918,0.8843504786491394,,,,,,
20170526,0.7284929752349854,1.1501601934432983,1.2073872089385986,0.897769570350647,0.7913913130760193,4.071658611297607,0.7296631932258606,0.8750515580177307,4.206662178039551,7.6711883544921875,1.6897060871124268,1.19907808303833,0.553591787815094,1.0577234029769897,1.1370036602020264,0.9432744979858398,,0.5655390024185181,,12.595805168151855
20170527,0.5609968304634094,0.6528058648109436,0.5922425985336304,0.37491798400878906,,3.620244026184082,,,,4.274780750274658,,,,,,1.0251103639602661,,0.7770131826400757,0.41055864095687866,
20170528,0.600892961025238,0.47977763414382935,0.646972119808197,0.3609604835510254,0.4732304811477661,1.4445120096206665,0.6233826875686646,0.6939030289649963,,,0.9539653658866882,1.106688380241394,0.39667725563049316,0.8275881409645081,0.7668813467025757,1.3028351068496704,,0.4873790740966797,0.29360026121139526,5.372439384460449
20170529,,0.3802865743637085,0.42897823452949524,0.5908610224723816,0.48570331931114197,1.924070954322815,0.3697131276130676,0.4413258731365204,,,,,0.4629341959953308,0.7587287425994873,0.5313163995742798,,,0.25552618503570557,0.2845275104045868,0.9535952806472778
20170530,0.8451388478279114,1.1493659019470215,0.9801820516586304,0.8391821980476379,,1.9215219020843506,,,,,1.0338925123214722,0.7463058233261108,0.2587990462779999,,,,,0.5025405287742615,0.2882995903491974,0.6752257347106934
20170531,0.8211495280265808,0.9349263310432434,0.8788720965385437,,0.8204485774040222,3.4999349117279053,0.8985617756843567,0.9056122899055481,3.700906991958618,4.267136096954346,2.0562973022460938,1.211211085319519,,,,,,,,0.7115226984024048
20170601,0.8209390044212341,1.212259292602539,1.059828519821167,0.8311337232589722,1.404778242111206,2.965040445327759,0.8609524965286255,1.0447109937667847,3.1812820434570312,3.8970730304718018,1.7705466747283936,1.3622080087661743,0.539609432220459,1.259900450706482,1.1101595163345337,0.9931630492210388,,0.667145848274231,,
20170602,0.8099361062049866,1.2303789854049683,0.8967316746711731,1.0611982345581055,1.2803242206573486,3.6127889156341553,0.8096539378166199,0.9532718658447266,3.59913969039917,4.769386291503906,1.5418750047683716,1.4808813333511353,0.5169668197631836,1.1519485712051392,1.057615876197815,1.614144206047058,,0.5985009670257568,0.4146293103694916,
20170603,0.8261420130729675,1.2068425416946411,0.9563735127449036,0.6499938368797302,0.8713774681091309,2.9118876457214355,0.804487407207489,1.0052862167358398,3.097811222076416,5.98777437210083,1.3618654012680054,1.3479673862457275,0.5203893780708313,1.3052916526794434,0.9652853608131409,1.1642473936080933,,0.6582881808280945,0.41061878204345703,0.6318362355232239
20170604,1.2028594017028809,1.958053708076477,1.1650938987731934,0.7815107107162476,1.0571093559265137,3.601112127304077,0.6024256348609924,,,,,,,,,,,,,2.085106372833252
20170605,0.7803227305412292,1.6227824687957764,0.8869696855545044,0.821707546710968,1.4838982820510864,7.34019136428833,0.6928032040596008,0.805601954460144,4.317298412322998,9.469684600830078,,1.05695378780365,,,,,,0.2711365818977356,0.16754762828350067,0.4139823317527771
20170606,0.7340570092201233,1.3897515535354614,1.1067306995391846,0.8322843313217163,0.5011283755302429,1.449198603630066,0.6476855278015137,0.6946638822555542,2.41451358795166,3.735267162322998,0.9491080045700073,0.8430957198143005,0.48483511805534363,1.1114643812179565,0.9262929558753967,,,0.6550629138946533,,
20170607,0.7303081154823303,1.2439981698989868,1.0009068250656128,0.6698297262191772,0.7347164750099182,3.876023769378662,0.6921727061271667,0.8468836545944214,3.5798304080963135,5.273097515106201,1.3413532972335815,1.044177770614624,0.5236307382583618,0.6575319766998291,1.0251789093017578,,,0.643134593963623,,4.884156227111816
20170608,0.7285708785057068,1.2188705205917358,0.9069467782974243,0.9147983193397522,0.5168231725692749,3.0878822803497314,0.4286404550075531,0.48770907521247864,2.7045533657073975,4.543490886688232,,0.8302261829376221,0.35823023319244385,0.4122282564640045,,,,0.4921189546585083,0.3637048900127411,0.4166088402271271
20170609,0.9232280254364014,,0.9517123699188232,0.5899381637573242,,3.842799663543701,,,,,,,,,,,,0.24631719291210175,0.2387639731168747,0.6191490888595581
20170610,0.7423096895217896,1.342201590538025,0.9385753273963928,0.4355960786342621,0.4074383080005646,4.419698715209961,0.4887464940547943,0.3540646731853485,4.30967378616333,11.512431144714355,0.9110304713249207,1.578004002571106,0.2996445596218109,,,,,0.26791298389434814,,2.5683014392852783
20170611,0.7191280126571655,1.4180669784545898,1.5762966871261597,0.5174117088317871,,4.969168186187744,0.6026269197463989,,,5.011282444000244,0.683738112449646,1.1591789722442627,0.2091040462255478,0.2648448646068573,,,,0.3638595640659332,,
20170612,0.815467119216919,1.2215746641159058,1.0595866441726685,0.54925936460495,0.6200981140136719,3.8077332973480225,0.6260889768600464,0.570494532585144,2.4200994968414307,3.346010446548462,0.9242861866950989,0.9300680160522461,0.22073900699615479,,0.4239361882209778,,,0.3657183349132538,,
20170613,0.6837059855461121,1.2296710014343262,1.0361591577529907,0.880165696144104,0.8206337690353394,3.5490713119506836,0.5948443412780762,0.541644275188446,2.8019728660583496,3.6953542232513428,1.0289220809936523,0.8654962182044983,0.3538416028022766,1.301882028579712,0.7839936017990112,1.3114210367202759,20.440570831298828,0.46845895051956177,,0.3386712074279785
20170614,,,1.272161602973938,,0.9104999303817749,4.216519832611084,0.7134625315666199,,2.9059078693389893,4.2846174240112305,1.998608946800232,1.0124785900115967,0.6008434295654297,,,,,,,
20170615,,,,,,,,,,,,,,,,,,0.40869951248168945,0.47935184836387634,0.9946377873420715
20170616,0.6309739947319031,1.0249505043029785,,,,,,,,,,,0.5552119612693787,,,,,,0.7803207635879517,3.4450175762176514
20170617,0.5952388048171997,0.9642213582992554,1.0453479290008545,0.7634127140045166,0.59550541639328,3.933769702911377,0.4796275198459625,0.5549683570861816,1.041235089302063,3.9422597885131836,0.9816353917121887,0.9764877557754517,0.3827921748161316,0.5649295449256897,0.8165095448493958,0.6740918755531311,23.680097579956055,0.6600971221923828,,
20170618,0.6363598108291626,1.1597024202346802,1.0237149000167847,0.7319744825363159,0.6452524662017822,3.922421932220459,0.5008326768875122,0.5795174241065979,2.0492608547210693,5.141345500946045,1.0890312194824219,0.795945405960083,0.3499896824359894,0.5433011651039124,0.6358454823493958,0.5795130133628845,,0.4651070237159729,0.21156688034534454,0.9786508679389954
20170619,0.7049410343170166,1.551017165184021,1.096812129020691,0.6375493407249451,0.7631595134735107,4.266792297363281,0.5599732398986816,0.7585519552230835,5.572734355926514,10.240914344787598,1.1774835586547852,1.0466759204864502,0.38345232605934143,0.94865882396698,0.8711516857147217,0.5718048810958862,,0.29749050736427307,0.258749783039093,0.42481091618537903
20170620,0.8301271796226501,0.9447095990180969,1.088806390762329,0.8451731204986572,0.7279407978057861,4.432470321655273,0.74959796667099,0.8026307225227356,4.897552013397217,12.45449447631836,1.113651990890503,1.5150078535079956,0.5302325487136841,,1.147773265838623,0.8813968896865845,,1.4383180141448975,0.5277604460716248,0.6412193775177002
20170621,0.6917615532875061,1.2615010738372803,1.119513988494873,0.8754847049713135,0.9773498773574829,3.3219876289367676,0.8246809244155884,1.3392810821533203,6.105129718780518,14.562909126281738,3.966892719268799,3.5390079021453857,0.6449114084243774,3.0302927494049072,1.0919209718704224,,,,,
20170622,0.6961318254470825,1.1734791994094849,1.2914332151412964,0.7015525102615356,1.1826287508010864,4.559761047363281,0.5428234338760376,0.8249444961547852,5.888228893280029,8.885645866394043,1.5195623636245728,1.1496516466140747,0.6811082363128662,1.1002204418182373,0.9279512166976929,0.9152838587760925,,0.6984482407569885,,
20170623,0.6692093014717102,1.3527405261993408,1.7826869487762451,1.518230676651001,0.4946741461753845,,,1.271254539489746,,,,1.8339979648590088,0.5084455609321594,1.0466428995132446,0.8064103722572327,0.9576207399368286,,0.3680945932865143,0.32630738615989685,
20170624,0.6382501125335693,1.1152302026748657,1.5669242143630981,0.7095177173614502,0.8045312166213989,2.669314384460449,0.7335790395736694,0.4239187240600586,1.613059163093567,,0.9406320452690125,1.0727581977844238,,0.4069129228591919,0.3430942893028259,,,0.24298110604286194,0.22252701222896576,1.2014721632003784
20170625,0.7374081611633301,0.6840312480926514,0.8532029986381531,0.4032040536403656,0.3380867540836334,1.1192281246185303,0.42987823486328125,0.46712860465049744,,,0.49010133743286133,,0.38549360632896423,0.6693329215049744,0.5831249952316284,0.5651935338973999,,0.4710201323032379,0.18940788507461548,0.6525183916091919
20170626,,,2.0237934589385986,0.7609434127807617,1.0296204090118408,8.203621864318848,0.941887378692627,0.623941957950592,,0.4475613534450531,0.6831710338592529,0.47984644770622253,0.5781340599060059,0.7515199184417725,0.6948372721672058,0.6236529350280762,,0.3877561688423157,0.3196505904197693,0.5271168351173401
20170627,0.5922444462776184,,1.9957261085510254,0.5176752209663391,,5.46449089050293,0.7693713903427124,1.0896159410476685,,4.077308654785156,0.782558023929596,1.0999712944030762,0.5400245785713196,0.6855485439300537,0.9139716625213623,0.8106701374053955,,,,
20170628,0.5557440519332886,0.8390449285507202,0.6848016381263733,0.25185057520866394,0.19955064356327057,3.9370551109313965,,,,,,,,,,,,,0.4660770893096924,
20170629,0.5231003761291504,0.6577840447425842,1.4671604633331299,0.5300914645195007,0.3074817955493927,1.8160103559494019,0.4170810580253601,0.832499086856842,,,1.3488516807556152,0.5299717783927917,0.2539639472961426,0.550745964050293,0.545600175857544,0.48948171734809875,,0.5048797130584717,0.1579895168542862,
20170630,0.7463505864143372,1.2915021181106567,1.041791558265686,0.5700782537460327,0.6170781254768372,1.838788390159607,0.6258462071418762,0.7554251551628113,1.7571117877960205,2.4254279136657715,1.0007448196411133,1.0904686450958252,0.4354676902294159,0.5513982176780701,1.0454365015029907,0.69206303358078,,0.4207863211631775,0.25365665555000305,0.5973378419876099
20170701,0.8107885122299194,1.1781744956970215,1.1002163887023926,0.6329367160797119,0.7352564930915833,3.679255962371826,0.6987314820289612,0.7514889240264893,2.795182704925537,8.84030532836914,1.0003117322921753,1.4667203426361084,0.48783496022224426,0.8037839531898499,1.0481635332107544,1.0965012311935425,,0.6324760913848877,0.4161946177482605,1.6399388313293457
20170702,0.6626442670822144,,,,,5.552927017211914,,,2.895199775695801,8.622363090515137,1.1789923906326294,1.3095957040786743,,1.0664377212524414,1.0711756944656372,1.1288353204727173,,1.3260496854782104,0.4924953281879425,1.583082675933838
20170703,0.5694682002067566,0.43350890278816223,0.5757128000259399,0.5202873349189758,0.5437831878662109,,,,,,,,0.20999127626419067,,,,,,0.29952043294906616,
20170704,0.8311358690261841,1.2378369569778442,0.7914223074913025,0.8908714056015015,0.42704421281814575,1.049666166305542,0.4739612638950348,,,,,,0.23912017047405243,,0.976472795009613,0.6956290006637573,,0.4432697296142578,0.16507507860660553,3.659043788909912
20170705,0.7853854894638062,0.7984481453895569,0.9317302703857422,0.7796945571899414,0.5961953401565552,1.7703877687454224,0.6812821626663208,0.5037440657615662,,,0.6509779691696167,0.9908026456832886,0.2734679877758026,0.43536436557769775,0.5923623442649841,0.5240767002105713,,0.4570103883743286,0.2297058254480362,0.47539159655570984
20170706,1.0974979400634766,,,0.5073723793029785,0.6045826077461243,1.9659935235977173,0.6051527857780457,0.6254333853721619,,2.6448004245758057,0.624442994594574,,0.31402379274368286,0.26477479934692383,0.7227171063423157,,,0.33651116490364075,0.45465195178985596,1.13716721534729
20170707,0.7286839485168457,0.879955530166626,1.0204275846481323,,0.4247331917285919,1.7448867559432983,0.5423212051391602,,,,,,,,,1.6555826663970947,,1.977916955947876,0.6088351011276245,1.553216814994812
20170708,0.746605634689331,1.1439828872680664,1.511231780052185,0.9220267534255981,0.591732919216156,1.519884467124939,0.7262856364250183,0.7729244232177734,1.2314205169677734,1.759161353111267,0.9578733444213867,,0.24552762508392334,1.7902567386627197,0.5599724650382996,,,,,
20170709,0.6577961444854736,0.9984517097473145,0.8579310178756714,0.5096207857131958,0.32219037413597107,1.7065138816833496,0.7710142731666565,0.5847474336624146,2.1051676273345947,2.6253910064697266,0.8475755453109741,0.9350118637084961,0.3392379581928253,0.5462490320205688,0.7678658366203308,0.8452186584472656,,0.3105419874191284,0.21932440996170044,0.44105270504951477
20170710,0.6946351528167725,0.806530237197876,1.010673999786377,0.669032096862793,0.5840337872505188,2.1063544750213623,0.6443787217140198,0.8918229341506958,1.2543679475784302,2.6868104934692383,0.5265263319015503,0.6359195113182068,0.30147838592529297,0.6479758620262146,0.6884526014328003,0.8080536723136902,,0.4975016415119171,0.23468218743801117,0.6231211423873901
20170711,,,,,0.5456169843673706,2.837467908859253,0.598954439163208,0.6541311740875244,2.396030902862549,4.089923858642578,1.1388229131698608,1.0552898645401,0.45656630396842957,0.8872486352920532,0.7557958960533142,0.7996277809143066,23.02162742614746,0.4866454601287842,0.41020816564559937,0.9831353425979614
20170712,0.6603378653526306,1.0821179151535034,1.022927165031433,0.7971398830413818,0.5707323551177979,3.770458459854126,0.587692379951477,0.5169407725334167,,,,,0.4821082055568695,1.272294521331787,0.840684175491333,0.9978876709938049,,0.5940576791763306,0.5415177941322327,1.2353945970535278
20170713,0.5857329368591309,0.8017436265945435,1.1864813566207886,0.6811445355415344,0.7522286176681519,2.6863725185394287,0.5407622456550598,0.6889563798904419,,,,,,0.8102791905403137,,,,0.548748254776001,0.40738311409950256,
20170714,0.5274335145950317,0.7148553133010864,0.8393841981887817,0.799511194229126,0.716328501701355,1.217275857925415,0.6371808648109436,0.5197428464889526,,,1.053007960319519,0.5711654424667358,0.29695507884025574,0.5407154560089111,0.634023129940033,0.5751504898071289,,0.356901615858078,0.2591591775417328,0.4354831576347351
20170715,0.5438964366912842,0.6120495796203613,0.8072602152824402,0.4536602199077606,0.39534130692481995,1.9210890531539917,0.5467890501022339,0.45200014114379883,,1.9996823072433472,0.34150585532188416,0.8226125836372375,0.24098391830921173,0.5225171446800232,0.6024640798568726,0.6036613583564758,,0.33548328280448914,0.21149803698062897,1.064176082611084
20170716,0.537230908870697,,,,,,,,,,,,,,,,,,,
20170717,0.3840809762477875,,,,0.5576401352882385,0.8669275045394897,0.45543965697288513,0.7981106638908386,,,,,,,,,,,,0.6109683513641357
20170718,0.37700533866882324,0.6488844752311707,0.7522549629211426,0.548072874546051,0.4911576211452484,1.0410090684890747,,0.6776634454727173,,,0.5121079087257385,,0.24580253660678864,0.3964245915412903,,1.0239733457565308,,0.3274894654750824,0.2838899493217468,0.373625248670578
20170719,0.5021960735321045,0.6330002546310425,0.6259221434593201,0.5668560266494751,0.4870193898677826,1.9803813695907593,,,,,,,,,,,,0.2584819197654724,0.1807546317577362,
20170720,0.5886985063552856,0.8730677366256714,0.825360894203186,0.6344964504241943,,2.138352632522583,0.6564421057701111,,,4.213520526885986,,,0.40628379583358765,,1.1203343868255615,,,0.22548039257526398,0.3274732232093811,0.6840642690658569
20170721,0.5741984844207764,0.8932105898857117,0.8991518616676331,0.6390601396560669,0.736538290977478,2.3143818378448486,0.7181175947189331,0.8595225214958191,2.1221671104431152,4.203492164611816,0.920350193977356,1.036869764328003,0.4803818464279175,0.817535400390625,0.797339141368866,1.4365761280059814,,0.5444822311401367,0.39747095108032227,1.7546952962875366
20170722,0.7187789082527161,0.8291354179382324,0.8183691501617432,0.7018465399742126,0.6672471761703491,1.7755695581436157,0.7238563299179077,0.9046779870986938,1.8444626331329346,4.632937908172607,0.9760795831680298,1.7368662357330322,0.5178995728492737,0.8428945541381836,0.7940933108329773,0.9498368501663208,,0.5070895552635193,0.36065706610679626,0.42713746428489685
20170723,0.529680609703064,0.8259966373443604,0.8314080834388733,0.6492893695831299,0.6133507490158081,2.2763113975524902,0.5905436873435974,0.7348407506942749,,2.020620346069336,1.27435302734375,,0.43435999751091003,0.72687166929245,0.7779515981674194,0.8870959877967834,,0.6246462464332581,,
20170724,0.48632052540779114,0.8057988882064819,1.1898714303970337,0.8289759159088135,0.7569676637649536,2.3747878074645996,0.6137024164199829,0.889049768447876,2.8280189037323,4.478245258331299,1.1668089628219604,0.8798527717590332,0.4857840836048126,0.9594221115112305,0.7171527147293091,0.7727006077766418,,0.3537348806858063,0.4282465875148773,0.28924867510795593
20170725,0.43761351704597473,0.6711046695709229,0.964567244052887,0.6594457030296326,0.5484673380851746,,0.38194385170936584,0.6774880290031433,,,0.6188921928405762,,0.267015278339386,0.46549704670906067,0.5379083752632141,0.7308023571968079,,0.3004106879234314,0.40108630061149597,1.1123738288879395
20170726,0.4743069112300873,0.7122778296470642,0.9100144505500793,1.1625900268554688,0.6262336373329163,2.9083573818206787,0.4274151921272278,0.5974688529968262,2.6225717067718506,3.345844030380249,0.3957667052745819,0.9674471616744995,0.3786778450012207,0.48640134930610657,0.6198863983154297,0.7868587970733643,,0.44637003540992737,0.305495023727417,0.9450716972351074
20170727,0.520125150680542,0.5174387693405151,0.5888835787773132,0.6738054752349854,0.3542255163192749,,,,,,,,,,,,,,,
20170728,0.5362632870674133,0.7804297804832458,0.7972537279129028,0.765371561050415,1.9607552289962769,,,,,,,,,,,,,,,0.7891891002655029
20170729,0.3644898235797882,0.42766517400741577,0.3723112940788269,0.6241635084152222,,,,,,,,,,,,,,,,
20170730,0.5252468585968018,0.6583139896392822,0.844679594039917,0.6056750416755676,0.5336028933525085,1.5836609601974487,0.7398518323898315,0.7823898196220398,2.1395599842071533,3.112361431121826,1.1477888822555542,0.898833692073822,0.3453904092311859,0.6581941843032837,0.6436965465545654,0.6246342062950134,,0.41067853569984436,0.2784709632396698,0.8492762446403503
20170731,0.5213720798492432,0.8133491277694702,0.6936520934104919,0.4525717496871948,0.43228664994239807,1.5957432985305786,0.6314077377319336,0.5343152284622192,1.404011607170105,2.28092098236084,0.7352088093757629,0.7120534777641296,0.32600435614585876,0.5031488537788391,0.41879037022590637,0.9240404963493347,,0.44090354442596436,0.36813977360725403,1.2519752979278564
20170801,0.5395106673240662,0.6912217736244202,0.9498266577720642,0.5916317105293274,0.6160901784896851,2.7154381275177,0.5882025361061096,0.8751552700996399,2.1152279376983643,5.2423577308654785,0.9385461807250977,0.7406279444694519,,0.5544468760490417,0.44567281007766724,0.532008171081543,,0.3353196382522583,0.38786670565605164,1.1198755502700806
20170802,,,,,,,,,,,,,,,,,,0.45881593227386475,0.54145348072052,
20170803,0.5123866200447083,0.4402541220188141,0.735142171382904,0.4623265862464905,0.6314602494239807,0.5648998022079468,0.5087889432907104,0.39554277062416077,,,,,0.23171588778495789,,,,,,,
20170804,0.4254821538925171,0.6855735778808594,0.7210773229598999,0.48920032382011414,0.5348950028419495,0.7921662330627441,,,,,,,,,,,,,,
20170805,0.558353841304779,0.925451934337616,1.356083869934082,,0.5160771012306213,1.9345810413360596,,,1.8042569160461426,1.8474477529525757,,,,,,,,0.21043825149536133,0.3542667031288147,0.45371806621551514
20170806,0.3531963527202606,0.5175100564956665,,,0.5280081033706665,0.9754413366317749,0.7261349558830261,,,,,,,,0.6469134092330933,,,0.22668229043483734,,0.9137137532234192
20170807,0.5242100358009338,0.6234678030014038,,0.42632097005844116,0.4664393365383148,0.9072543382644653,0.5242111682891846,0.4708603620529175,,,,,0.2676604688167572,,,,,0.3271205425262451,0.2882004976272583,0.46041449904441833
20170808,0.48504504561424255,0.7984267473220825,0.7581385970115662,0.6123942732810974,0.5634617805480957,2.673387050628662,,,,,,,,,,,,0.3528970181941986,,
20170809,,0.6805291771888733,,,,,,1.4088451862335205,,,0.8926703929901123,1.309584140777588,,,,,,,,0.40753883123397827
20170810,0.5151947736740112,0.7938465476036072,0.7832348346710205,0.6539539694786072,0.6292333006858826,1.7641303539276123,0.566746711730957,0.6698360443115234,1.5563998222351074,2.7694785594940186,1.2547723054885864,1.0239293575286865,0.3063356876373291,0.7556706070899963,0.5114492177963257,0.5450751185417175,,0.31407463550567627,,0.8869253396987915
20170811,0.478095144033432,0.6069799065589905,0.6388042569160461,0.6055006384849548,0.5767066478729248,1.956013798713684,0.6921933889389038,0.8589012026786804,1.3095890283584595,2.3545892238616943,0.7234253287315369,1.4761170148849487,0.43181324005126953,0.4879549443721771,0.5085853934288025,,,0.45888054370880127,0.35888734459877014,0.5303608775138855
20170812,0.4940412938594818,0.7980920076370239,0.866320788860321,0.7499060034751892,,2.6976494789123535,,,,,,,,,,,,,,0.5309566259384155
20170813,,,,,0.8606587648391724,,0.5683519244194031,1.0775755643844604,1.5519464015960693,,0.8129257559776306,1.6734791994094849,0.6756601333618164,0.6477165818214417,0.6349050998687744,0.9467155337333679,,0.550127387046814,0.4636048972606659,1.0166034698486328
20170814,,,,,,,,,,,,,0.49505865573883057,0.5936933159828186,0.4862326383590698,0.522128164768219,,0.5147774815559387,0.6193423271179199,3.287733793258667
20170815,,,,0.318288654088974,0.35805878043174744,,,,,,,,0.2597671449184418,,,,,0.24117659032344818,0.32488158345222473,
20170816,0.45715203881263733,0.7725563645362854,0.8461604118347168,0.3955845534801483,0.48151451349258423,1.4258835315704346,0.6696357131004333,0.6039689779281616,1.8830500841140747,2.878634452819824,0.8847405910491943,1.00323486328125,0.3422286808490753,0.6141482591629028,0.5368949174880981,0.9461058974266052,,0.3273070454597473,0.4187581539154053,0.811050534248352
20170817,0.38054656982421875,0.7663872241973877,1.2149193286895752,,0.4912777841091156,1.0272612571716309,0.5139671564102173,0.5334826707839966,,1.454913854598999,0.4859559237957001,1.2799876928329468,0.22155994176864624,0.5433232188224792,0.580433189868927,,,0.22513851523399353,0.2895616590976715,0.4503170847892761
20170818,0.4265316426753998,0.708257257938385,0.8383863568305969,0.42631232738494873,0.4540303647518158,1.4595037698745728,0.6254158020019531,,,,0.5159090757369995,,,0.5349798202514648,,,,0.37546369433403015,0.3426467776298523,0.38423195481300354
20170819,,,0.7559788227081299,0.5239495635032654,0.4833396077156067,2.128429412841797,0.4820234775543213,0.7308312058448792,1.8430323600769043,2.65944242477417,0.9830436706542969,1.4113597869873047,0.49208077788352966,0.6128330230712891,0.6422122120857239,0.6084523797035217,,0.7017834186553955,0.436005175113678,0.47257882356643677
20170820,0.47164857387542725,,,,,,,,,,,,,,,,,,,0.586732029914856
20170821,0.2926349937915802,0.3603406846523285,,0.49874332547187805,0.40347906947135925,1.4018937349319458,0.5037158727645874,0.5475906133651733,,,0.4825272560119629,,0.3256283402442932,0.5292986631393433,0.5160745978355408,,,0.5980041027069092,0.4478769898414612,
20170822,0.475150465965271,0.859805166721344,0.6784196496009827,0.4101031720638275,0.25462037324905396,1.4385476112365723,0.594659149646759,0.478492796421051,,,,1.775705337524414,0.29357922077178955,0.4571249783039093,0.5750032067298889,1.2516403198242188,,0.34000372886657715,0.3328786790370941,0.6570212244987488
20170823,0.4395895004272461,0.48904526233673096,0.48276036977767944,0.5782011151313782,0.4521598815917969,,0.4135226011276245,0.5785990953445435,,,0.6400184035301208,0.6360905170440674,0.42545273900032043,0.4695568084716797,0.4635050892829895,0.44215551018714905,,0.3930242657661438,0.21686077117919922,
20170824,0.4042011797428131,0.674955427646637,0.4159732460975647,0.18811935186386108,0.2791772186756134,1.0525692701339722,0.4431140124797821,0.4770925045013428,,1.6973313093185425,1.0755538940429688,0.7601498961448669,0.289951890707016,0.3655504584312439,0.4278297424316406,0.4370045065879822,,0.3191711902618408,0.3117435574531555,0.3496493101119995
20170825,0.39529865980148315,0.875838041305542,1.0141392946243286,,0.2971903383731842,2.9324610233306885,0.5639711618423462,0.5359240770339966,,,,0.5156722664833069,,0.4400203824043274,0.3441735506057739,0.4138163924217224,,0.2685852348804474,0.1898389607667923,0.18192754685878754
20170826,0.4139580726623535,0.8954214453697205,1.6056082248687744,0.20450496673583984,0.2589188814163208,3.2691900730133057,0.6502231955528259,,,,0.5271672606468201,,0.2725902795791626,0.3366800546646118,0.2828713655471802,0.3302449584007263,,0.34228208661079407,0.48532065749168396,0.30186113715171814
20170827,0.39030003547668457,0.5136560201644897,0.4013253152370453,0.32488659024238586,0.2539275288581848,1.5539617538452148,0.5385425090789795,0.3902737498283386,,2.1579415798187256,0.48492106795310974,0.6793752312660217,0.22791053354740143,0.4033486247062683,0.4185292422771454,1.2857263088226318,,0.3247920572757721,0.39992690086364746,0.7243322730064392
20170828,,,0.37752005457878113,0.22998736798763275,0.3490024209022522,1.7446726560592651,0.3927629292011261,0.3998844027519226,,,0.5449925661087036,,0.25161993503570557,0.28791236877441406,0.33160287141799927,0.4578026533126831,,0.45114925503730774,0.38719722628593445,0.6342055201530457
20170829,0.3842357099056244,2.044886827468872,0.8497467041015625,0.3915497660636902,0.27343305945396423,3.3839614391326904,0.5435453653335571,0.46920183300971985,1.2473129034042358,1.38209867477417,0.41100770235061646,0.4156915545463562,0.34246429800987244,0.4257200062274933,0.4291384816169739,0.5036742687225342,,0.5222938656806946,0.19514961540699005,0.6843408942222595
20170830,0.48001769185066223,1.1688125133514404,0.6505779027938843,0.3997851610183716,0.5320373773574829,3.4491055011749268,0.46355339884757996,0.5915588736534119,2.226017951965332,5.4447784423828125,1.1344777345657349,1.3184118270874023,0.3280875086784363,0.5643961429595947,0.45320701599121094,0.444592148065567,,0.40888309478759766,0.4350321590900421,0.42956456542015076
20170831,0.4336956739425659,0.9009514451026917,1.0840144157409668,1.0046595335006714,0.624723494052887,3.2668187618255615,0.5395475625991821,0.46606945991516113,3.256807565689087,10.634124755859375,0.8370139002799988,0.7690030932426453,0.3651774227619171,0.6046522259712219,0.47195276618003845,0.5761781334877014,,0.5664862990379333,0.676728367805481,2.2871453762054443
20170901,,,,,,1.6107290983200073,0.3044171631336212,0.3285508155822754,,,0.3271408677101135,1.1737067699432373,0.3124573528766632,0.4825030565261841,0.4485788643360138,0.5999248623847961,,0.6668506264686584,0.44273364543914795,0.46412497758865356
20170902,,,,,,,,,,,,,,,,,,,,
20170903,0.4311744272708893,0.28642767667770386,0.39308539032936096,0.35156896710395813,0.13969215750694275,0.8375093340873718,,0.314637690782547,,,,,,0.34861621260643005,0.3435080647468567,,,,,0.40221667289733887
20170904,0.40524277091026306,0.3868768513202667,0.3818220794200897,0.3622359037399292,0.4276334345340729,1.1265708208084106,0.48013514280319214,0.5014634728431702,,,0.5042015314102173,,0.2711598873138428,0.6323390603065491,0.5814734697341919,0.6628775000572205,,0.9019780158996582,0.24878031015396118,0.34724950790405273
20170905,0.36953458189964294,0.6290732622146606,,,0.27586010098457336,1.5289068222045898,,,,,0.40122190117836,,0.23477381467819214,,,,,0.4206918776035309,,
20170906,0.34010663628578186,0.491384357213974,0.5311222672462463,0.3660338819026947,0.26884394884109497,,,0.41244712471961975,,,0.46950745582580566,0.689228892326355,0.32002997398376465,0.443042516708374,0.631404459476471,1.2918751239776611,,0.22976519167423248,0.2707086205482483,0.7212412357330322
20170907,0.32619237899780273,,,0.234484001994133,0.38154327869415283,1.1269116401672363,0.872118353843689,0.5062422752380371,,1.9856758117675781,0.5870829820632935,,0.31490036845207214,0.4808276295661926,0.6125260591506958,1.0850069522857666,,0.35832691192626953,0.3116318881511688,0.5240169763565063
20170908,0.380271315574646,,0.96845942735672,,0.3524414300918579,0.9871845245361328,0.4023304283618927,,,,,1.0508747100830078,,0.4051620364189148,0.5535632371902466,,,0.1308608055114746,0.1798185408115387,0.47035712003707886
20170909,,,,,,1.651353359222412,,,,,,,,0.4775388538837433,0.5113099217414856,,,0.18693284690380096,0.3391125798225403,0.9324457049369812
20170910,0.38196974992752075,0.6775290966033936,0.4461590647697449,0.38401517271995544,0.644019365310669,2.235697031021118,0.7787526249885559,0.36775606870651245,,,,,,,,,,0.4458635747432709,0.33681485056877136,6.985935211181641
20170911,,1.4929101467132568,,,0.4557900130748749,0.5926200151443481,,0.3398909568786621,,,,,0.3220697343349457,0.8828564882278442,0.4877640902996063,0.5831259489059448,,0.2811742126941681,0.49019283056259155,
20170912,0.31728267669677734,0.7517030239105225,0.3776227533817291,0.21539534628391266,0.32951727509498596,2.2142062187194824,0.5849729180335999,0.42872658371925354,1.588065266609192,6.890639781951904,0.5372172594070435,1.098950982093811,0.25890517234802246,0.8871685862541199,0.401844322681427,0.6946523189544678,,0.37604039907455444,0.26440712809562683,
20170913,0.3943232297897339,0.3940473198890686,0.39025363326072693,,0.291056752204895,0.4907669723033905,0.3892412781715393,0.45615723729133606,,,,0.41546201705932617,0.18570034205913544,0.4260784983634949,0.4115646779537201,0.5245805382728577,,0.2720111310482025,0.20476435124874115,0.41977378726005554
20170914,0.3704763948917389,0.7279025316238403,,0.27264562249183655,0.29488861560821533,,,,,,,,0.311611145734787,,,,,,0.2501234710216522,
20170915,,,0.5918579697608948,0.3865700662136078,,,,,,,,,,,,,,,,
20170916,0.3866245150566101,1.140475869178772,0.9110098481178284,0.6418856978416443,0.633081316947937,2.9870057106018066,0.8207505941390991,0.5934799909591675,2.8540287017822266,6.504663467407227,1.1278209686279297,1.4052685499191284,0.3163191080093384,0.8749930262565613,0.46062931418418884,0.7906692028045654,,0.5574885010719299,0.5639625191688538,1.043002724647522
20170917,,0.704828143119812,1.0323785543441772,0.412746399641037,0.3895036578178406,2.8025827407836914,0.7417783737182617,0.792225182056427,1.8255854845046997,8.143028259277344,0.7867923974990845,1.1391066312789917,,0.4272901713848114,0.48410114645957947,1.1318659782409668,,0.6314370632171631,1.431807279586792,2.955636501312256
20170918,0.3232821822166443,0.6717708110809326,0.9092409610748291,0.2970406711101532,0.3173869550228119,0.5848881006240845,0.41313841938972473,0.45776763558387756,,,0.5060552358627319,0.6032342910766602,0.24881206452846527,0.5109260678291321,0.4614526629447937,0.5078991055488586,,0.29304224252700806,,
20170919,0.42616716027259827,0.5806153416633606,,,,0.9751935005187988,,,,,,1.0730100870132446,,,,,,0.376991868019104,0.28864946961402893,0.65838623046875
20170920,0.38975057005882263,0.4572312831878662,0.704176664352417,,0.439717561006546,,0.35877880454063416,,,,,,,,,,,,,
20170921,0.30053603649139404,0.9459936618804932,0.8778464198112488,0.5184539556503296,0.4825526475906372,2.449143171310425,0.5762401819229126,0.4955161511898041,1.7334375381469727,6.936463356018066,0.8141293525695801,0.9932039380073547,0.28057801723480225,0.3674827814102173,0.40661147236824036,0.4952284097671509,,0.4886017143726349,0.4221729040145874,
20170922,0.30200567841529846,0.7100372910499573,0.7051129341125488,0.5497640371322632,0.3943673074245453,3.119804859161377,0.9464932084083557,0.8097839951515198,2.83730411529541,11.10956859588623,0.7869846224784851,1.1442826986312866,0.2826949954032898,0.5108521580696106,0.41130316257476807,0.5165706276893616,,0.5412609577178955,0.8436735272407532,
20170923,0.29830268025398254,0.5181657075881958,0.3985132575035095,0.2348054051399231,0.2796965539455414,1.756945013999939,0.5207275748252869,0.39216336607933044,1.9025291204452515,3.1145668029785156,0.5926098227500916,0.7369699478149414,0.19968025386333466,0.37200435996055603,0.2426375448703766,0.4148420989513397,,0.25286445021629333,,0.5255234241485596
20170924,0.292900949716568,0.32170015573501587,,,,1.7400330305099487,0.39425987005233765,,,1.4631425142288208,,,0.13557107746601105,0.17900350689888,0.365206778049469,,,0.6770024299621582,0.19647216796875,0.5179026126861572
20170925,0.2972668409347534,0.3853335976600647,0.4886165261268616,0.3666971027851105,0.3340834677219391,1.4069710969924927,0.4477465748786926,0.3828155994415283,1.4263931512832642,2.5406296253204346,0.5278863906860352,0.8183808922767639,0.3114158809185028,0.35428357124328613,0.4006206691265106,0.5006632208824158,,0.38238921761512756,0.3174329698085785,0.42624109983444214
20170926,0.2788843810558319,0.9016000628471375,0.5805261731147766,0.6871340870857239,0.515775203704834,2.1155550479888916,0.4974229335784912,0.8100401163101196,,,,,0.3633289337158203,0.4338802993297577,0.4836529791355133,,,,0.6365159153938293,1.3528926372528076
20170927,,,0.9916033744812012,0.3779763877391815,0.41162756085395813,2.567410469055176,0.79749995470047,0.48594993352890015,2.7301604747772217,9.176738739013672,0.8265987634658813,1.0922915935516357,0.25878310203552246,0.812648355960846,0.37051481008529663,0.6678552627563477,,0.5865435600280762,0.5720718502998352,3.419055223464966
20170928,0.25030606985092163,0.7869195938110352,0.9634084701538086,0.21789833903312683,0.22505414485931396,1.8198679685592651,0.5131210088729858,0.2721397578716278,0.7571646571159363,1.7804248332977295,0.36382022500038147,0.440058171749115,0.21831053495407104,0.33113014698028564,0.3357445001602173,0.5346277356147766,,0.5211352705955505,0.27662035822868347,0.5805933475494385
20170929,0.2399008870124817,0.21911709010601044,0.3285064697265625,0.2582966983318329,0.25127673149108887,1.7722777128219604,0.4807108938694,0.3519478738307953,,1.8416547775268555,0.37607383728027344,0.5276967883110046,0.19600266218185425,0.2871580421924591,0.3377673923969269,0.491881400346756,,0.4065224230289459,0.3290083110332489,0.4401082694530487
20170930,0.2524927258491516,0.7235327959060669,0.45272308588027954,0.2935826778411865,0.27154335379600525,1.3869572877883911,0.3005144000053406,0.3614259660243988,,1.8568788766860962,0.42889848351478577,0.6306110620498657,0.23615123331546783,0.3417791426181793,0.40418756008148193,0.5653423070907593,,1.5365124940872192,,0.5074800252914429
20171002,0.2655501663684845,0.7021677494049072,1.5133726596832275,0.5100920796394348,0.4236224293708801,2.926269292831421,0.5351468920707703,0.5039263367652893,4.221087455749512,9.650124549865723,0.8887382745742798,1.2815996408462524,0.24284698069095612,0.7195504307746887,0.34411850571632385,0.4627740979194641,,0.524163544178009,0.2580121159553528,3.0750010013580322
20171003,0.2503124177455902,0.8733659982681274,0.6408365964889526,0.4720461964607239,0.41924676299095154,3.2109007835388184,0.6559302806854248,0.4731736183166504,3.649418354034424,10.505215644836426,0.9350560903549194,0.9976470470428467,0.22854983806610107,0.672700822353363,0.3008752465248108,0.5727338790893555,,0.5050330758094788,0.5585852265357971,1.0713279247283936
20171004,,,,,,2.600630044937134,,,,,,,,,,,,,,2.0421645641326904
20171005,,,,,,,,,,,,,,,,,,,,0.31365835666656494
20171006,,,,,,,,,,,,,,,,,,0.5928375720977783,0.3495968282222748,0.21431496739387512
20171007,0.3126097619533539,0.6559603810310364,0.8087427616119385,0.5398373603820801,0.4623164236545563,2.101816415786743,0.9595921635627747,0.5269551277160645,2.4840874671936035,5.211498737335205,0.8584325909614563,1.0099012851715088,0.24873720109462738,0.5672140121459961,0.49457257986068726,0.5616259574890137,,0.8017448782920837,,0.7196362018585205
20171008,0.28586632013320923,,,0.14540664851665497,0.4075106978416443,2.101684093475342,0.7891924381256104,0.6941928267478943,2.9024839401245117,7.1552886962890625,0.8769583702087402,1.0844868421554565,0.20653556287288666,0.8511176109313965,0.3538989722728729,0.4818130135536194,,0.6299054026603699,0.574670135974884,0.7746318578720093
20171009,0.261987566947937,0.6793798804283142,0.5014030337333679,0.31514427065849304,0.2836916446685791,2.2022957801818848,0.6012751460075378,0.369081050157547,1.688148021697998,3.4881818294525146,0.3272538185119629,0.6453341245651245,0.19656790792942047,0.2809520661830902,0.295321524143219,0.4860999584197998,,0.7322918772697449,0.49943530559539795,0.5743972659111023
20171010,0.2960851192474365,,,,,2.3307528495788574,0.658342182636261,0.5635005235671997,2.544804811477661,11.8795804977417,0.6790218949317932,0.3934899866580963,0.22611823678016663,0.3074735105037689,0.287795752286911,0.39580532908439636,,0.6714415550231934,0.3697015643119812,0.9959381222724915
20171011,0.299437940120697,0.4231622517108917,0.2942187488079071,,,0.23894046247005463,,,,,,,0.1609506905078888,,,,,,,
20171012,0.27262791991233826,0.8436351418495178,0.4112115204334259,0.2256019115447998,0.13940294086933136,1.807935357093811,0.3094596862792969,0.3057827055454254,,,0.31115806102752686,,0.17945927381515503,0.24048739671707153,0.28891998529434204,,,0.5001625418663025,0.3200892508029938,0.5142908096313477
20171013,0.22867423295974731,0.9329343438148499,0.9889914393424988,0.21360793709754944,0.23660996556282043,1.9929572343826294,0.4209272265434265,0.323062002658844,,,0.4549582004547119,0.8418315649032593,0.16685163974761963,0.2936491370201111,0.2882968783378601,0.45027977228164673,,0.4502720832824707,0.4404038190841675,0.5480898022651672
20171014,0.29059070348739624,0.41905900835990906,0.4363434910774231,0.6425037980079651,0.44644349813461304,2.3840770721435547,0.48053252696990967,0.4624005854129791,1.8967580795288086,6.074918746948242,1.0721460580825806,0.7810967564582825,0.2257537692785263,0.8874261379241943,0.35413050651550293,0.4896334409713745,,0.5952795147895813,0.4562101364135742,1.000095248222351
20171015,0.28659161925315857,0.9130338430404663,0.4792907238006592,0.35694772005081177,0.31618574261665344,1.4498637914657593,0.7436697483062744,0.39785122871398926,1.2362066507339478,,0.6478193402290344,0.4936939477920532,0.2050282061100006,0.47071751952171326,0.2588351368904114,0.3866725564002991,,0.410753071308136,0.451139897108078,1.1353288888931274
20171016,0.26248034834861755,0.6910048723220825,0.4081430435180664,0.3314686417579651,0.3468352258205414,1.4430732727050781,0.28376495838165283,0.528488278388977,1.1248183250427246,3.8821377754211426,0.4908825159072876,0.2783789336681366,0.2144666463136673,0.4491185247898102,0.23657618463039398,0.39538416266441345,,0.5017194747924805,0.4582144021987915,1.0212252140045166
20171017,0.2771458923816681,0.8039259314537048,0.46319958567619324,0.3708887994289398,0.47913315892219543,2.7859067916870117,0.5025413036346436,0.4847540855407715,2.8636698722839355,9.368617057800293,1.0611149072647095,0.4107705354690552,0.2017359584569931,0.5273712873458862,0.24095068871974945,0.36337733268737793,,0.5284377932548523,0.45713385939598083,0.8628014326095581
20171018,,,,,,2.051020860671997,0.602443277835846,0.9653710722923279,2.986236095428467,4.733051776885986,0.38650447130203247,0.37061819434165955,,0.3075445592403412,0.2335556000471115,0.26618415117263794,,0.610693097114563,0.3806856572628021,1.0812186002731323
20171019,0.2565959393978119,,,,,,,,1.6589868068695068,4.047927379608154,0.2678975760936737,0.7744622826576233,,0.36123308539390564,0.19704212248325348,0.2924375832080841,,0.48120492696762085,0.3794943690299988,
20171020,0.2948898375034332,0.7298810482025146,0.35591787099838257,0.24128849804401398,0.30260157585144043,0.31824398040771484,0.19598259031772614,0.3688419759273529,,,,,0.18620380759239197,0.24803972244262695,,,,,,0.729809582233429
20171021,0.32299765944480896,0.6987924575805664,0.4733881652355194,0.3234247863292694,0.29262396693229675,1.0739282369613647,0.3893296718597412,0.3363772928714752,2.0862443447113037,1.351088047027588,,,,,,,,,0.19248716533184052,
20171022,0.3206751346588135,1.3750754594802856,0.4278111755847931,0.33914950489997864,,1.452914834022522,0.16420553624629974,,1.9879415035247803,1.942036747932434,0.3937704563140869,0.3919115960597992,,,0.11730994284152985,,,0.3048730194568634,0.22302167117595673,0.2198602557182312
20171023,0.36355093121528625,0.42060795426368713,0.6591045260429382,0.6033231616020203,0.28273090720176697,,,0.2287948727607727,,,,,,,,0.23622651398181915,,,,
20171024,,,,0.2475678026676178,,1.8646646738052368,,0.17886319756507874,,,,,,,,,,,,
20171025,0.27536290884017944,,,,,,,,,,,,,,,,,,0.3570898771286011,0.486826092004776
20171026,0.27454057335853577,0.2954114079475403,0.43075254559516907,0.35547906160354614,0.3301141858100891,1.5706007480621338,0.7920036315917969,0.39871299266815186,2.125608205795288,2.588963747024536,0.6239755153656006,0.40519264340400696,,,,0.3344934284687042,,0.35047489404678345,0.2887648940086365,0.2976667284965515
20171027,0.25790971517562866,0.30013507604599,0.2565307021141052,0.30483904480934143,0.32041430473327637,,,,,,,,0.17970865964889526,,,,,0.3608162999153137,0.27753791213035583,0.6562361121177673
20171028,0.28652888536453247,0.7853418588638306,0.547044038772583,0.2236156016588211,0.20621073246002197,0.6493577361106873,0.562979519367218,0.25400060415267944,,,,,0.18532800674438477,,,,,,,0.7841689586639404
20171029,,,,,,1.6167629957199097,,,1.2340431213378906,2.1655831336975098,,,0.14546732604503632,,,,,,,1.1680413484573364
20171030,0.43717122077941895,,,,,,,,,,,,,,,,,0.7008978724479675,0.3003908097743988,0.3122083842754364
20171031,0.36381685733795166,0.7761374711990356,0.4925629496574402,0.5411083698272705,0.3496823310852051,1.0368057489395142,0.45127665996551514,0.3584027588367462,1.5769405364990234,2.5088343620300293,0.5490564107894897,0.5911967158317566,0.23366449773311615,0.3897331655025482,0.4574320316314697,,,,,0.8659597039222717
20171101,0.3317176103591919,0.7760841250419617,0.4844769239425659,0.36046475172042847,0.3517628610134125,1.0163896083831787,0.344963937997818,0.4129768908023834,,1.9860552549362183,0.5277608633041382,0.37215009331703186,0.12314511090517044,0.37957000732421875,0.379582941532135,0.6140766739845276,,,0.18724822998046875,
20171102,0.27874037623405457,0.9906187057495117,0.45528361201286316,0.3188781142234802,0.2601015269756317,0.5287531018257141,0.5094588398933411,0.4405932128429413,,,0.3425285220146179,0.22996146976947784,,,,,,,,
20171103,,,,,,,,,,,,,0.22954775393009186,0.3296468257904053,,,,0.2991795241832733,0.26520484685897827,0.2234397977590561
20171104,,,,,,1.9390478134155273,,,,3.511657238006592,,1.5421327352523804,,,0.44783905148506165,0.6366986632347107,,0.4455178380012512,0.3210286796092987,0.7104228138923645
20171105,0.38418662548065186,,,,0.3706451654434204,,,0.4163433611392975,,,,,0.26126348972320557,,,,,,,1.2402657270431519
20171106,0.4320811927318573,0.7858719229698181,0.5533982515335083,0.45660826563835144,0.3596094846725464,1.5502382516860962,0.4136859178543091,0.4153745174407959,,2.1781885623931885,0.4655572474002838,0.3201202154159546,0.22529345750808716,,,,,0.35567399859428406,0.34385114908218384,
20171107,0.4528350532054901,0.8208873271942139,0.5411694049835205,0.5925081372261047,0.42702236771583557,1.61683189868927,0.42560404539108276,0.45077285170555115,2.485848903656006,2.246717929840088,0.6563568115234375,0.3979721963405609,0.21192045509815216,0.30092546343803406,0.4413336217403412,0.8645475506782532,,0.4277297854423523,0.19857251644134521,
20171108,0.5354187488555908,1.0381263494491577,0.49604588747024536,0.46669653058052063,0.5282492637634277,1.7662971019744873,0.46970614790916443,0.5095914006233215,2.4115612506866455,2.273909091949463,0.715711772441864,0.5026286840438843,0.29337915778160095,0.4603177309036255,0.4754370450973511,0.6442033052444458,,0.5022284388542175,0.405406653881073,0.6686782240867615
20171109,,,,,0.289141982793808,,,0.505672812461853,,1.882405400276184,0.39844319224357605,0.4380999505519867,,0.5864155292510986,,0.40569761395454407,,0.4574790894985199,0.4591616690158844,1.1075273752212524
20171110,,,,0.23808830976486206,0.2789267897605896,,,0.24626755714416504,,,,,0.2102590799331665,,,,,,0.3728305995464325,
20171111,,,,,0.09897799789905548,,,,,,,,0.14164793491363525,,,,,0.5017985105514526,,
20171112,0.32936224341392517,,,,,,,,,,,,,0.1704452633857727,0.20430311560630798,0.23576022684574127,,0.7549595832824707,0.4120781123638153,0.6320192813873291
20171113,0.29840344190597534,,,0.1601281613111496,0.1679091602563858,0.5091206431388855,0.40154317021369934,0.3685324788093567,,,0.41860413551330566,0.2927689552307129,0.18224339187145233,0.3722684383392334,0.2561924457550049,0.24395149946212769,,0.4757201373577118,0.35233789682388306,0.7067936658859253
20171114,,,,,,,,,,,,,,,,,,0.2920359671115875,0.2685212790966034,0.46102195978164673
20171115,,,,,,,,,,,,,,,,,,,,
20171116,0.2754534184932709,0.9702065587043762,0.4951518177986145,0.2829112708568573,,,,,,,,,,,,,,,,
20171117,0.3977481722831726,0.6769923567771912,0.4626716077327728,0.27053365111351013,0.5643563270568848,1.4783873558044434,,,,,,,,,,0.08791737258434296,,,,
20171118,0.4252234697341919,0.7984471917152405,0.507154107093811,0.4264122545719147,0.43489912152290344,1.5209144353866577,0.47443997859954834,0.4632522165775299,2.570645332336426,2.5468006134033203,0.7166520357131958,0.40555277466773987,0.24677112698554993,0.39691227674484253,0.1793251484632492,0.3697533905506134,,0.42672714591026306,,0.19374462962150574
20171119,,,,,,,,0.24387869238853455,,,0.32183462381362915,0.3821420669555664,0.2318105399608612,0.3722149431705475,0.23901614546775818,0.3764131963253021,,0.3596034049987793,0.2389611154794693,0.6828742027282715
20171120,0.5092846155166626,,,,,,,,,,0.35525503754615784,,,,0.18815378844738007,0.3274837136268616,,0.4647212624549866,0.23738138377666473,0.6636402010917664
20171121,0.3130585253238678,0.13308802247047424,,0.14104393124580383,,,,,,,,,,,,,,0.2804192304611206,,0.7806620001792908
20171122,0.35408127307891846,,,,,,,,,,,,0.18064209818840027,0.1858777552843094,,0.24229125678539276,,0.35650163888931274,0.24756106734275818,
20171123,,0.18529385328292847,0.3167821764945984,0.2089376151561737,0.23012717068195343,,,0.32651442289352417,,,,,0.2179991453886032,0.34557151794433594,0.15226484835147858,,,0.24939659237861633,0.1705048680305481,0.26051998138427734
20171124,0.26896581053733826,0.27555134892463684,0.9509570598602295,0.15769337117671967,0.33020952343940735,1.5661213397979736,0.28170332312583923,0.4467310607433319,2.0937931537628174,,0.8708370327949524,,0.19471167027950287,0.49597999453544617,,0.17767216265201569,,0.27187567949295044,,
20171125,,,,,,2.2269649505615234,0.31969693303108215,,,2.564389705657959,0.24885109066963196,0.49417832493782043,,0.34755784273147583,,,,0.36570125818252563,0.18874764442443848,0.1514706164598465
20171126,0.43561869859695435,,,,,,,,,,,,,,,,,,,0.8649764060974121
20171127,0.4496585428714752,0.2739502787590027,0.44070595502853394,0.2774244546890259,0.30284932255744934,0.9407280683517456,0.42071956396102905,0.4261772036552429,1.584027886390686,,0.5380167961120605,0.37465915083885193,0.20337101817131042,0.27238959074020386,0.32241952419281006,,,,,
20171128,,,,0.25172707438468933,0.22592180967330933,2.6416046619415283,0.37094661593437195,0.5745646953582764,3.053961753845215,4.516712188720703,0.7960628867149353,0.41454392671585083,0.2594211995601654,0.27938997745513916,0.2522069215774536,0.2985890209674835,,0.3624933958053589,0.21211953461170197,0.4270482063293457
20171129,0.4979184567928314,1.1291694641113281,0.6210588216781616,0.9252386689186096,0.8615767359733582,,,,,,,,,,,,,0.2911005914211273,,0.4236440062522888
20171130,,,,,,2.370131254196167,,,1.8715295791625977,6.355439186096191,,,,,0.30891358852386475,0.2937314510345459,,,,
20171201,,,,,,,,,,,,,,,,,,,,
20171202,0.2676903307437897,0.2125513106584549,0.2046857625246048,0.18689513206481934,,,,,,,,,,,,,,,,
20171203,0.32790836691856384,0.731345534324646,0.36211979389190674,0.1997481882572174,0.2469261884689331,1.065951943397522,0.25715357065200806,0.21156556904315948,,,0.1971244215965271,,0.1523793339729309,0.20507866144180298,0.35103583335876465,,,0.4915156364440918,,
20171204,0.33400774002075195,0.8178374171257019,0.5570059418678284,0.35876449942588806,0.4183088541030884,1.5374857187271118,0.30236127972602844,0.1951342523097992,2.2876570224761963,2.3525211811065674,0.3624414801597595,,0.19161437451839447,0.1786566525697708,0.23366044461727142,0.34878426790237427,,0.4187476336956024,0.17983627319335938,
20171205,,,,,,,0.2655758261680603,0.20385783910751343,,,,,,,0.23065006732940674,0.3021157383918762,,0.547752320766449,0.15070182085037231,0.21320410072803497
20171206,,,,,,,,,,,,,,,,,,0.3703499734401703,0.19253410398960114,0.4864044487476349
20171207,0.21995946764945984,,,,,,,,,,,,,,,,,,,
20171208,0.29138442873954773,0.631679356098175,0.4168578088283539,0.2604140341281891,0.4295327663421631,1.5976331233978271,0.34800273180007935,0.4050816297531128,2.4133481979370117,2.4705393314361572,0.5163607001304626,0.45665037631988525,0.24532951414585114,0.24814514815807343,0.24701207876205444,0.25977593660354614,,0.6064662337303162,,
20171209,0.3142416179180145,0.7855139970779419,0.4117119312286377,0.4378175139427185,0.33648064732551575,2.004931926727295,0.4133624732494354,0.4374789297580719,2.7867934703826904,2.909121036529541,0.608511745929718,0.414581298828125,0.23081877827644348,0.2714395225048065,0.21091003715991974,0.2147587537765503,,,,
20171210,0.3059203624725342,0.7434514164924622,0.6281435489654541,0.5624232888221741,0.3939155638217926,1.909406304359436,0.33865857124328613,0.4446060359477997,2.5155434608459473,2.8953099250793457,0.7224403619766235,0.512623131275177,0.23579846322536469,0.4589809477329254,0.2091105878353119,0.2300746589899063,,0.45326244831085205,,2.141072988510132
20171211,,,,,,2.3294010162353516,0.7688875794410706,0.6211950778961182,2.4190785884857178,3.4232563972473145,0.7090194821357727,0.5693712830543518,0.31752970814704895,0.3822643458843231,0.2461024969816208,0.25883713364601135,,0.36695924401283264,0.16515740752220154,0.9826816916465759
20171212,0.2569943070411682,0.5600929856300354,0.4561942219734192,,,,,,,,,,,,,,,,,0.8696727752685547
20171213,0.19927121698856354,0.2165042757987976,0.16536138951778412,,,,,,,,,,,,,,,,,
20171213,,,,,,,,,,,,,,,,,,,,
20171214,,,,,0.2753037214279175,1.4872843027114868,0.45620572566986084,0.4590594172477722,1.7501850128173828,3.134470224380493,0.5984485149383545,0.458549439907074,0.20631185173988342,0.6494319438934326,0.2412107139825821,0.2296968698501587,,0.28757184743881226,0.11536011099815369,0.45763346552848816
20171215,0.23529459536075592,0.191379576921463,,,,,,,,,,,,,,,,,0.10415860265493393,0.6882753372192383
20171216,0.25049760937690735,0.8934342265129089,0.41387471556663513,0.26718172430992126,0.26820480823516846,0.9906383752822876,0.24616527557373047,0.4429749548435211,1.6084251403808594,1.6923242807388306,0.41585418581962585,0.2598358690738678,0.20891745388507843,0.30058667063713074,0.1886531412601471,0.12973694503307343,,0.21664564311504364,,
20171217,,,,,,,,,,,,,,,,,,0.2581043839454651,0.10183683782815933,0.3988417685031891
20171218,,1.4405834674835205,0.6862375140190125,,0.30312687158584595,,,0.22343751788139343,,,,,,,,,,,,
20171219,,,,,,2.506734609603882,0.9644424915313721,0.808594286441803,2.469438314437866,3.01247501373291,0.7071560025215149,0.4890180230140686,,0.363472044467926,0.25619998574256897,0.21467304229736328,,0.3799058794975281,0.15713082253932953,0.19286322593688965
20171220,0.39266082644462585,,,,,,,,,,,,,,,,,,,0.10769214481115341
20171221,0.34429922699928284,0.8605934381484985,0.4840298593044281,0.3137650191783905,0.3650619685649872,1.7268284559249878,0.2896401286125183,0.3990626931190491,2.6417338848114014,4.158135890960693,0.8090327382087708,,0.26624584197998047,0.4964897632598877,0.30635151267051697,,,,,
20171222,0.3191013038158417,0.6765387654304504,0.39867880940437317,0.26659107208251953,0.36674243211746216,1.3938943147659302,0.37026384472846985,0.40166959166526794,2.792255401611328,2.1930477619171143,0.7985395193099976,0.4188168942928314,0.21886491775512695,0.3734552562236786,0.2311122566461563,0.2111416608095169,,0.32194748520851135,0.17660829424858093,0.12396492809057236
20171223,0.3102211654186249,0.8459568619728088,0.3791160583496094,,,3.713223934173584,,,,,,,,,,,,,0.1866176575422287,
20171224,,,,,,2.4117393493652344,0.49723759293556213,0.21534103155136108,2.7522470951080322,3.1278960704803467,0.5050325393676758,0.7312567830085754,,,0.21082128584384918,,,0.23179921507835388,0.1431514322757721,0.5791294574737549
20171225,0.4388176202774048,,,,,,,,,,,,,,,,,,0.17453394830226898,0.6618804335594177
20171226,0.3408578932285309,0.8952610492706299,0.5772719383239746,0.41690462827682495,0.35244256258010864,1.9351377487182617,0.42878544330596924,0.46777212619781494,2.324751615524292,3.248884439468384,0.744770348072052,0.5035374164581299,0.2749183177947998,0.7374334931373596,0.22226379811763763,0.19552844762802124,,,,
20171227,,,,,,,,,,,,,,,,,,,,
20171228,,,0.29709044098854065,0.4513320326805115,0.31530290842056274,,,0.2526092231273651,,,,,0.24920642375946045,0.44101354479789734,0.21052582561969757,,,0.3139747381210327,0.1882830113172531,
20171229,,,0.20081482827663422,0.5574361681938171,0.2029411494731903,,,0.319970041513443,,,,,0.19442586600780487,0.15761741995811462,,,,0.3046869933605194,0.1449265033006668,
20171231,,,,,,,,,,,,,,,,,,,,
20180101,0.22383835911750793,0.7000303268432617,0.3900013864040375,0.15860827267169952,0.45860838890075684,1.9422324895858765,0.3075173497200012,0.286261647939682,2.6467556953430176,3.6840507984161377,0.3617646098136902,0.5733771324157715,0.1950114518404007,0.1666499823331833,0.17366720736026764,0.15144549310207367,,0.3930045962333679,,
20180102,0.22118674218654633,0.6508762836456299,0.5053147673606873,0.18282856047153473,0.3431616723537445,1.8370671272277832,0.41831865906715393,0.40521615743637085,2.544787645339966,2.6992452144622803,0.6057267785072327,0.5803682208061218,,,,,,0.23500162363052368,0.10023799538612366,
20180103,0.3439500331878662,0.867393434047699,0.6439940929412842,0.47690755128860474,0.48553523421287537,2.0939791202545166,0.5011923313140869,0.47249019145965576,2.702887535095215,3.177314043045044,0.7312479615211487,0.7323780059814453,0.21834634244441986,0.9320180416107178,0.20751897990703583,0.33511611819267273,,0.3246418535709381,0.1788693368434906,0.7440953254699707
20180104,,,,,,2.736887216567993,,0.7651688456535339,2.770510196685791,3.6027309894561768,0.7233527898788452,0.8122543096542358,,0.440269410610199,0.2033073902130127,0.2743998169898987,,0.3396681249141693,0.19416919350624084,0.6635642647743225
20180105,0.2710801362991333,1.1063151359558105,0.7433475852012634,,,,,,,,,,,,,,,,,0.9761928915977478
20180106,,0.2452290654182434,0.44770336151123047,0.3785311281681061,0.33939650654792786,1.8448338508605957,0.2820276618003845,0.3843301832675934,2.6333038806915283,3.2724201679229736,0.6562836170196533,0.4248083233833313,0.21673327684402466,0.359711229801178,0.2766615152359009,,,,,
20180107,0.30079689621925354,0.8128505945205688,0.3132113814353943,0.26132476329803467,0.28816044330596924,3.751108407974243,,0.3073939383029938,,,,,0.24291549623012543,0.3236774504184723,,,,0.3314765691757202,0.18482078611850739,0.16973534226417542
20180108,,0.21963977813720703,0.6249960660934448,0.7250005602836609,0.4489591121673584,0.7927201390266418,0.4813790023326874,0.4338694214820862,2.2715985774993896,2.014171600341797,0.7036479711532593,0.689546525478363,0.2150636613368988,0.5614506006240845,0.20315717160701752,0.2946501672267914,,0.2931264638900757,0.16494733095169067,0.19123482704162598
20180109,,,,,,2.1142773628234863,0.46228426694869995,0.5167161822319031,2.921318769454956,3.6055378913879395,0.7384580969810486,0.6882598996162415,0.2712850570678711,0.9653654098510742,0.19067880511283875,0.3439093828201294,,0.26582834124565125,0.14130985736846924,0.549022376537323
20180110,0.3069465756416321,0.6788002848625183,,,,,,,,,,,,,,,,,0.1866471767425537,2.77327823638916
20180111,,,,,,,,,,,,,,,,,,,,
20180112,,,,0.18200576305389404,0.18453995883464813,,,0.3016687035560608,,,,,0.21864010393619537,0.22540251910686493,,,,,,
20180113,0.20816582441329956,0.21781739592552185,0.18241561949253082,0.16483132541179657,0.2554037272930145,0.7790856957435608,0.34120362997055054,0.33418646454811096,,,,,0.13592185080051422,0.23032903671264648,0.2187267243862152,0.32450753450393677,,0.20018674433231354,0.1336096227169037,
20180114,,,,0.6412619948387146,0.44388246536254883,1.9820796251296997,0.49505364894866943,0.5189861059188843,2.7884554862976074,4.283312797546387,0.7006848454475403,0.735929012298584,0.2155565619468689,0.5185949802398682,0.24031877517700195,0.39049404859542847,,0.32722461223602295,0.1900591254234314,0.7618507146835327
20180115,,,,,,,,,,,,,,,,,,,0.10960275679826736,0.19254983961582184
20180116,0.35779136419296265,0.8811790943145752,0.6180222034454346,0.4481607973575592,0.46159350872039795,0.9776108860969543,0.3183802366256714,0.5340445041656494,,,,,0.25743985176086426,,,,,,,
20180117,0.3123648166656494,0.7776989936828613,0.4808357059955597,0.23462621867656708,0.28902560472488403,1.8577563762664795,0.4282028377056122,0.43871569633483887,3.077199935913086,3.654637336730957,0.5282718539237976,0.5474786758422852,0.21988308429718018,0.3283751606941223,0.23208624124526978,0.3204461336135864,,0.3913778066635132,0.22831980884075165,0.7913603782653809
20180118,0.31163790822029114,0.8159781694412231,0.48207035660743713,0.2826741933822632,0.34710821509361267,1.9968105554580688,0.4396980106830597,0.41203922033309937,2.8149187564849854,3.023332118988037,0.560690701007843,0.4532071650028229,0.21460586786270142,0.3447599709033966,0.28570422530174255,0.28130123019218445,17.638526916503906,0.34055066108703613,0.19133822619915009,0.5348173975944519
20180119,,0.8365724086761475,0.8061195015907288,0.4139869511127472,0.3991171717643738,1.972364902496338,0.41438284516334534,0.47871485352516174,2.280702829360962,2.831357955932617,0.7565619349479675,0.5871975421905518,0.19199512898921967,0.6096007227897644,0.27350687980651855,0.2690402865409851,18.10918617248535,0.4854395389556885,0.08995440602302551,0.6637371182441711
20180120,,,,,,,,,,,,,,,,,,,,
20180121,,0.743963360786438,0.22799651324748993,0.25620922446250916,1.138777732849121,,,,,,,,0.24173083901405334,,,,,,,
20180122,0.28122326731681824,0.3439096212387085,0.8960316777229309,0.39016827940940857,0.38909047842025757,0.9266437888145447,0.4338635206222534,0.47529470920562744,,,0.5387545228004456,0.41950523853302,0.21959081292152405,0.4964149296283722,,0.31878504157066345,,0.5117418766021729,0.27187052369117737,
20180123,0.31209495663642883,0.6952281594276428,0.6070550680160522,0.2949420213699341,0.4201671779155731,2.2654733657836914,0.4665551781654358,0.45493459701538086,2.9902565479278564,3.205479860305786,0.5778478384017944,0.7458824515342712,0.1994447112083435,0.42873528599739075,0.19403572380542755,0.27830734848976135,,0.36403122544288635,0.199362114071846,0.7202289700508118
20180124,,0.23674699664115906,0.37263157963752747,0.42688292264938354,0.46263939142227173,2.0602548122406006,0.4553948938846588,0.4772180914878845,2.812518835067749,3.2756540775299072,0.6578746438026428,0.8283856511116028,0.2021905481815338,0.40699559450149536,0.19426199793815613,0.27521926164627075,,0.3734941780567169,0.19076944887638092,0.6680915951728821
20180125,,,,,0.518715500831604,2.306540012359619,0.47367191314697266,0.5294539928436279,2.81113862991333,3.617486000061035,0.6895497441291809,0.6833435297012329,0.21040593087673187,1.0611144304275513,0.202148899435997,0.29079940915107727,,0.39846253395080566,0.2075684517621994,1.1111806631088257
20180126,0.40420204401016235,1.0603575706481934,0.4494316279888153,,,,,,,,0.44249266386032104,,,,,,,,0.1530221849679947,
20180127,0.4221374988555908,,0.7058138847351074,0.13522979617118835,0.16111627221107483,,,0.2618771195411682,,,,,0.19613425433635712,0.3024519085884094,,,,0.679955244064331,,2.464972734451294
20180128,,,,0.1767245978116989,,,,,,,,,,0.25045186281204224,0.14259545505046844,0.24170948565006256,,0.35527941584587097,0.20932981371879578,0.4760913550853729
20180129,,,,,,,,,,,,,,,,,,,,
20180130,,,,,,,,,,,,,,,,,,0.1779508888721466,0.15824484825134277,
20180131,,,,,,,,,,,,,,,,,,,0.16902992129325867,0.19970478117465973
20180201,,,,0.5540972352027893,0.3999437093734741,,,,,,,,,,,,,,,
20180202,0.6249551773071289,0.9118998050689697,0.7690002918243408,0.5527299642562866,0.6960898041725159,2.7180018424987793,0.6160203814506531,0.5841684937477112,3.1324079036712646,3.61818790435791,0.6016025543212891,0.7532128095626831,0.26735779643058777,0.44644564390182495,0.3410537838935852,0.7952040433883667,,0.571901261806488,0.29800093173980713,0.27435967326164246
20180203,0.5828813910484314,0.9030675292015076,0.8232258558273315,0.644439160823822,0.5375996828079224,3.021214246749878,0.5166449546813965,0.505949854850769,3.4660823345184326,2.9041097164154053,0.5786532163619995,0.5927753448486328,0.312604695558548,0.4233551323413849,0.32384926080703735,0.8205555081367493,,0.4485602080821991,0.2541171908378601,0.5375292301177979
20180204,0.7038907408714294,0.3667730391025543,0.9496933221817017,0.5758355259895325,0.5408257246017456,2.5867340564727783,0.5057607293128967,0.5003910660743713,3.220928192138672,3.165969133377075,0.6534026861190796,0.7219539284706116,0.338745653629303,0.46552473306655884,0.318690687417984,0.6720035672187805,,0.44111713767051697,0.24920803308486938,0.7151195406913757
20180205,0.5630584955215454,0.23004472255706787,1.2702021598815918,,,2.630300521850586,0.5975010991096497,0.6501337885856628,3.3466734886169434,3.882749557495117,0.7238935828208923,0.6414381861686707,0.25771331787109375,0.5963563919067383,0.3467327058315277,0.4388235807418823,,0.49336615204811096,0.25678080320358276,1.3242568969726562
20180206,0.4060470163822174,0.8116718530654907,1.3579925298690796,0.31243813037872314,0.4653491973876953,,0.36157315969467163,0.607040524482727,,,,,0.4254940152168274,1.3048858642578125,,,,,0.5231707096099854,0.7847341895103455
20180207,0.35483554005622864,0.2387128472328186,1.0395221710205078,0.3096906542778015,0.337220698595047,2.217442274093628,0.4186544716358185,0.4913092255592346,2.943178415298462,3.487406015396118,0.5089089870452881,0.625802755355835,0.24973845481872559,0.24762722849845886,0.2503691613674164,0.38615909218788147,,0.6692028045654297,0.2839893400669098,1.0112226009368896
20180208,0.3225952088832855,0.3169894218444824,0.3385535478591919,0.8821743130683899,0.49710360169410706,,0.31249314546585083,0.38376203179359436,2.498192310333252,,0.8943465948104858,0.5250563621520996,,,,0.327825129032135,,,,
20180209,0.3191756010055542,0.6948351860046387,0.691177248954773,0.24548199772834778,0.5244826674461365,1.3810169696807861,0.43810293078422546,0.3466976284980774,2.061980962753296,2.764606237411499,0.5671535730361938,,0.22496722638607025,0.42763760685920715,0.36688321828842163,0.31166377663612366,25.715749740600586,0.5106683969497681,0.2817171812057495,0.7574365735054016
20180210,,,,,,,0.3549184501171112,0.5785004496574402,,,0.5631212592124939,0.3839877247810364,0.2692127525806427,0.5369906425476074,0.2536504566669464,0.31484732031822205,,0.38520875573158264,0.12546253204345703,0.24099087715148926
20180211,0.3336864709854126,0.2619814872741699,0.20706932246685028,0.26089730858802795,,,,,,,,,,,,,,,,0.7136573791503906
20180212,0.3427373766899109,1.035287618637085,0.7529150247573853,0.2921355962753296,0.43675076961517334,1.1182509660720825,0.6513428092002869,0.39656171202659607,2.2415482997894287,4.684054851531982,,1.2817935943603516,0.11228416860103607,0.2512492835521698,0.36692994832992554,0.288276731967926,,0.5562180876731873,0.0776638388633728,1.1434240341186523
20180213,0.31960824131965637,0.5853066444396973,0.49408599734306335,0.2691093385219574,0.5913341045379639,2.3192269802093506,0.4500778615474701,0.4258479177951813,2.456637144088745,4.353969097137451,0.5861320495605469,0.7013084888458252,0.19435584545135498,0.40595540404319763,0.24335263669490814,0.27569204568862915,,0.27036386728286743,0.1896427720785141,0.9152462482452393
20180214,0.31127285957336426,0.7275479435920715,0.6609353423118591,0.3548983633518219,0.5979597568511963,2.5507819652557373,0.5934699773788452,0.5035862326622009,2.7838170528411865,3.702043056488037,0.799027681350708,0.9256801605224609,0.2346121221780777,0.6044193506240845,0.2878590226173401,0.28404244780540466,,0.39297375082969666,0.12064945697784424,
20180215,,,1.2183387279510498,,,3.0454087257385254,,,,,,,,,,,,,,
20180216,0.3362957239151001,0.1848669946193695,0.15603302419185638,,,,,0.32503774762153625,,2.91567325592041,0.539609432220459,0.8425397872924805,,0.243817999958992,0.3064558804035187,0.29341334104537964,,0.3914037048816681,0.24655866622924805,0.9575639367103577
20180217,0.38428568840026855,0.7704480290412903,0.6241536736488342,0.6227179169654846,0.5192864537239075,2.5826690196990967,0.5263075828552246,0.5662572979927063,,,,,,0.37759846448898315,0.27188289165496826,0.329921156167984,,0.5602480173110962,,0.712739109992981
20180218,0.3873002231121063,0.7972713112831116,1.7097740173339844,0.11502470821142197,,,,,,,,,,,,,,,,
20180219,0.43363019824028015,0.841053307056427,0.2788502871990204,0.4639185965061188,0.6745670437812805,2.448892831802368,0.696709156036377,0.5253725647926331,2.923156261444092,3.0846385955810547,0.8224539756774902,0.890299379825592,0.24647343158721924,0.6645688414573669,0.37625813484191895,0.35256218910217285,,0.3889436423778534,0.2119133472442627,0.15913620591163635
20180220,,,,,,,,,,,,,,,,,,0.3936389684677124,0.26618310809135437,0.823836088180542
20180221,,,,,,,,,,,,,,,,,,,,
20180224,,,,,,,,,,,,,,,,,,,,
20180225,0.4882493019104004,0.8386297821998596,0.6537095904350281,0.3827497959136963,0.47724393010139465,1.8690160512924194,0.5999083518981934,0.276553213596344,,2.5782408714294434,0.4222748279571533,0.9617031812667847,0.172590434551239,0.282438725233078,0.3084616959095001,0.37788230180740356,,0.6437333822250366,,0.22006908059120178
20180226,,,,,,,,,,,,,,,,,,,,
20180227,0.43938031792640686,0.34629005193710327,0.46647703647613525,0.36278513073921204,0.5460123419761658,,0.5925503373146057,0.35406941175460815,,,,,0.20822906494140625,,0.22431978583335876,0.7177637815475464,,0.5796661972999573,0.3225351870059967,0.8477081060409546
20180228,0.4229556918144226,0.781312108039856,1.3182415962219238,0.2818688154220581,0.8048072457313538,2.7906153202056885,0.8400406837463379,0.7609959840774536,2.3914365768432617,3.158756732940674,0.6967136859893799,0.9963310956954956,0.3466026186943054,0.6014539003372192,,,,,,
20180301,,,,,,2.907287359237671,,,2.5720980167388916,3.1626455783843994,0.6755601167678833,1.1537731885910034,,0.4545018672943115,0.28803256154060364,0.4214056730270386,,0.8556316494941711,,0.5621404051780701
20180302,0.4336299002170563,0.6703613996505737,0.8270677924156189,0.32786107063293457,0.7196075916290283,2.285280227661133,0.6454803943634033,0.5879480838775635,2.7123210430145264,2.790457248687744,0.8352078199386597,0.9566071629524231,0.27199018001556396,0.5818531513214111,0.3712135851383209,0.404229998588562,,0.5390309691429138,0.2790048122406006,0.5943197011947632
20180303,0.3962966501712799,1.026277780532837,1.6930893659591675,0.3766566812992096,0.45706191658973694,2.4556362628936768,0.6103565692901611,0.7615752220153809,2.676429271697998,3.281738758087158,0.9216734170913696,1.0460820198059082,0.20230984687805176,1.1660994291305542,0.3252853453159332,0.34330448508262634,,0.5508348345756531,0.25115081667900085,1.4203474521636963
20180304,0.34152719378471375,0.33589762449264526,,0.22029085457324982,0.2639104127883911,2.937899351119995,,0.5601646304130554,,,0.7650896906852722,,0.2574765086174011,0.5463359951972961,0.29367220401763916,0.37526997923851013,,0.7178776264190674,,0.9200423955917358
20180305,0.3737874925136566,0.9172459244728088,0.6681506633758545,0.2117815762758255,0.44858160614967346,2.524383068084717,0.5086437463760376,0.2933318316936493,3.0305967330932617,3.493781805038452,0.4607011079788208,1.2760496139526367,0.22490885853767395,0.4803948998451233,0.3764534592628479,0.4856543242931366,,0.4599860906600952,0.1702316403388977,0.6826692819595337
20180306,0.6160335540771484,0.7730841040611267,0.7538707852363586,0.3832005262374878,0.3362155854701996,2.3075685501098633,0.6385470032691956,0.5645901560783386,2.995917558670044,3.2230846881866455,0.8266403675079346,0.9932200312614441,0.21896401047706604,0.504260778427124,0.39061978459358215,0.580529510974884,,0.5780685544013977,0.2862943112850189,0.9128240942955017
20180307,0.5536250472068787,0.8453191518783569,0.7575770020484924,0.4525753855705261,0.6935535669326782,2.4000768661499023,0.6272390484809875,0.6461594104766846,3.2941160202026367,3.089975595474243,0.9654408097267151,1.1893397569656372,0.39265552163124084,0.7380391955375671,0.4930019974708557,0.6617635488510132,,0.4569462239742279,0.2804722785949707,0.6165778636932373
20180308,0.6394451260566711,0.6689578890800476,0.4903985559940338,0.6108097434043884,0.6296529769897461,2.2778661251068115,0.6479088664054871,0.6031101942062378,2.9842746257781982,3.5114665031433105,0.8982113599777222,0.9804979562759399,0.32558944821357727,0.6447386145591736,0.5218488574028015,0.5581017136573792,24.6608943939209,0.4294496774673462,0.28181910514831543,0.7178921103477478
20180309,0.36096426844596863,0.4452268183231354,0.34885868430137634,0.7970548272132874,0.6283947825431824,2.618412971496582,0.6656221747398376,0.6500992178916931,3.2231500148773193,4.1839165687561035,0.9163393378257751,1.0464465618133545,0.36293405294418335,0.9654095768928528,0.5170343518257141,0.6928884387016296,23.061038970947266,0.4681885540485382,0.284539133310318,0.8749611973762512
20180310,0.2838335633277893,0.5490046143531799,0.997789740562439,0.45240259170532227,0.6377382278442383,2.8173608779907227,0.5819333791732788,0.551798939704895,2.780658721923828,3.9130351543426514,0.8666732907295227,0.8468289375305176,0.3358803689479828,1.1532062292099,0.46616989374160767,0.46180447936058044,24.141977310180664,0.5868657231330872,0.3545733690261841,0.7401409149169922
20180311,,0.2605169713497162,0.8688473701477051,0.5881524682044983,0.4200643002986908,2.3439722061157227,0.5450246334075928,0.5068241953849792,2.4274978637695312,3.159635543823242,0.7843336462974548,1.046904444694519,0.22041192650794983,0.4366679787635803,,0.3884824514389038,,0.965643584728241,0.3684442341327667,0.24190622568130493
20180312,0.6507502198219299,0.7665258646011353,0.69000643491745,0.5094263553619385,0.43181312084198,2.1377081871032715,0.6004890203475952,0.5193283557891846,2.61934494972229,2.7264397144317627,0.7975631952285767,0.7879461646080017,0.19509024918079376,0.4355095624923706,,0.40410998463630676,,,,
20180313,,,,,,,,,,,,,,,,,,,,
20180314,0.844016969203949,1.0388565063476562,1.169398546218872,0.828686535358429,0.6290884613990784,2.1696014404296875,0.6996070146560669,0.6262522339820862,2.3214659690856934,3.5142862796783447,0.8342626094818115,0.8280535340309143,0.347805917263031,0.54091876745224,0.5201485753059387,0.49852561950683594,,0.9461752772331238,0.2295946627855301,0.5110580921173096
20180315,0.6459408402442932,1.351124882698059,0.7900894284248352,0.7833325266838074,0.6532008647918701,2.4376003742218018,0.6246752738952637,0.6473715305328369,2.6437909603118896,3.864126205444336,0.905370831489563,0.9519211053848267,0.3462068736553192,0.6248927116394043,0.3600406050682068,0.5076080560684204,26.68189811706543,0.4749709367752075,0.19466973841190338,
20180316,,,,,,,,,,,,,,,,,,,0.1928449422121048,0.9569388031959534
20180317,,,,,,,,,,,,,,,,,,,,0.40060263872146606
20180318,0.6173868775367737,0.6723558902740479,0.7632994651794434,0.5628978610038757,0.8791729807853699,2.524254322052002,0.8544436693191528,0.8338767290115356,2.5048532485961914,3.5043156147003174,1.2433040142059326,1.9200406074523926,0.43237313628196716,0.8051503300666809,0.5946886539459229,0.592646062374115,,0.6551129817962646,0.1922350525856018,0.30977562069892883
20180319,0.2524142563343048,1.6851894855499268,1.139028549194336,0.4935266673564911,0.37817856669425964,2.7231976985931396,0.6565375924110413,0.42161065340042114,,,0.6364036202430725,,0.18525193631649017,0.3695411682128906,0.4603142738342285,0.3905520737171173,,0.14357954263687134,,0.3431864082813263
20180320,0.5245209336280823,0.9474141001701355,0.5917376279830933,0.3995314836502075,0.6579627394676208,2.292715311050415,0.6694033145904541,0.6860038042068481,2.706697463989258,4.0864129066467285,,,,,,1.195875883102417,,0.42319121956825256,0.2687891721725464,0.3865753412246704
20180321,0.7899208664894104,0.869579553604126,0.6596949696540833,0.5482890009880066,,2.6984190940856934,0.9779741168022156,0.8388189077377319,2.8954737186431885,3.6297991275787354,1.181043267250061,1.1604363918304443,0.48619115352630615,0.7249711155891418,0.6652374267578125,0.47002747654914856,,0.5798568725585938,0.4194796085357666,1.0678272247314453
20180322,0.711656928062439,0.8277571797370911,0.626549482345581,0.5219129323959351,0.6516561508178711,1.4725526571273804,0.7770666480064392,0.7076305747032166,,,,,0.4134295582771301,0.9868530631065369,,,,0.612602710723877,0.3829813003540039,0.8856165409088135
20180323,0.6306790113449097,0.8727342486381531,0.7767117023468018,0.655381441116333,0.6471160054206848,3.0188443660736084,0.8473629951477051,0.8108129501342773,3.341846466064453,4.848834037780762,1.3407578468322754,1.0429235696792603,,,0.6330576539039612,,,,0.5352275967597961,0.7520082592964172
20180324,0.5100888013839722,1.0348156690597534,1.8326387405395508,,0.6500542759895325,3.501636266708374,0.810793399810791,0.7107507586479187,3.5011913776397705,5.7703142166137695,1.1964303255081177,0.8147662878036499,0.41971585154533386,1.8657482862472534,,,,0.576223611831665,0.4400177001953125,0.42209047079086304
20180325,0.4162203371524811,0.5515221953392029,0.4666108191013336,0.4716787338256836,0.4487655758857727,1.8174896240234375,0.6579561829566956,0.525319516658783,,3.0334298610687256,0.7012825012207031,0.7501055002212524,0.25562864542007446,0.6735105514526367,0.5456012487411499,0.4702763855457306,,0.8463400602340698,,0.6609726548194885
20180326,0.45893388986587524,0.8193798065185547,0.7386045455932617,0.526191771030426,0.773439347743988,2.1985785961151123,0.8381064534187317,0.5899933576583862,2.592461347579956,3.047814130783081,0.8982725739479065,1.1520456075668335,0.40783268213272095,0.4986706078052521,0.5164756774902344,,,0.2067645937204361,0.20367828011512756,0.624169647693634
20180327,0.6375754475593567,0.4859038293361664,0.6327961683273315,0.4900576174259186,0.3124191462993622,1.8537992238998413,0.7643206119537354,0.6246440410614014,,,,,0.24340328574180603,,,,,,,
20180328,0.5774292945861816,0.4801645874977112,0.9472715854644775,0.7405073642730713,0.8774769306182861,2.728255271911621,0.8068460822105408,0.6427361369132996,2.5365076065063477,3.048069953918457,0.9260792136192322,0.9394265413284302,0.43985801935195923,0.6482545137405396,0.5344289541244507,,,0.2677570879459381,0.16847462952136993,0.9071139097213745
20180329,0.5263413190841675,0.8339044451713562,0.7976505756378174,0.41624516248703003,0.6099580526351929,2.031334161758423,0.7081573009490967,0.6539872884750366,2.254220962524414,3.0585317611694336,0.8946046233177185,0.841715395450592,0.3836492598056793,1.0530668497085571,0.5093926787376404,0.5527422428131104,,0.18792736530303955,0.16281522810459137,0.9550665616989136
20180330,0.49325743317604065,1.5772653818130493,1.9765347242355347,0.4379907548427582,0.6219649910926819,2.4880192279815674,0.7827345132827759,0.5716819167137146,2.5940165519714355,3.8398473262786865,0.6426560282707214,0.8340010046958923,0.29492810368537903,0.42230865359306335,0.5944898724555969,0.9773378968238831,,0.5196998715400696,0.28023561835289,0.4534919261932373
20180331,0.4695093035697937,0.8246470093727112,0.7346810698509216,0.695382833480835,0.569067656993866,2.367326498031616,0.7250438332557678,0.6655347943305969,2.5041592121124268,4.282310962677002,0.9303888082504272,0.9710021018981934,0.3696848750114441,0.7430092096328735,0.5043342113494873,0.5808929204940796,,0.7062062621116638,0.3548421263694763,1.0489133596420288
20180401,0.42133232951164246,0.4243258237838745,0.22300902009010315,0.4205436408519745,0.42172113060951233,,0.5591325759887695,0.5027879476547241,,,0.5176529884338379,0.730492889881134,0.38654258847236633,0.6627075672149658,0.44768065214157104,0.35897400975227356,,0.6304111480712891,0.33879756927490234,0.3993520438671112
20180402,0.4444015920162201,0.9710326790809631,0.6478279232978821,0.22940196096897125,,2.4384796619415283,0.5507179498672485,0.7336894869804382,,2.6911635398864746,0.4760543406009674,1.0453836917877197,0.2698359191417694,0.629798948764801,,,,0.17854022979736328,0.17822334170341492,0.7902239561080933
20180403,0.6826968789100647,1.135244369506836,0.3662523031234741,0.5240780115127563,0.6664642095565796,1.9061572551727295,0.7590808868408203,0.6460632085800171,2.516815662384033,2.9337804317474365,0.977410614490509,0.8912096619606018,0.3864343762397766,0.9257934093475342,,0.39899176359176636,,0.38344669342041016,0.3099474012851715,
20180404,0.6390668153762817,0.9191269278526306,0.9645481705665588,0.6282467246055603,0.6232098937034607,2.1332550048828125,0.7682702541351318,0.5530439615249634,2.9206957817077637,3.4121253490448,0.7122290134429932,0.9771510362625122,0.3984633684158325,1.4191211462020874,0.578567624092102,0.5704675316810608,,0.622893750667572,0.3399572968482971,0.7452207803726196
20180405,0.6626886129379272,0.8914872407913208,1.1855924129486084,0.7517338991165161,0.5186678767204285,2.5792548656463623,0.8611953258514404,0.6776857972145081,2.827328681945801,3.6702065467834473,1.1113451719284058,1.0081799030303955,0.47213998436927795,0.9517122507095337,0.5305880308151245,1.0670195817947388,,0.2840220332145691,0.17425726354122162,0.7091907262802124
20180406,0.6855921745300293,0.8652809858322144,0.5913974046707153,0.47013145685195923,0.47924843430519104,2.0795493125915527,0.731697142124176,0.7075234651565552,2.426318645477295,3.4079742431640625,0.9812469482421875,0.925460696220398,0.3809250295162201,1.404719352722168,0.4607911705970764,0.6266084909439087,,0.5058064460754395,0.3167506754398346,0.7313871383666992
20180407,0.6839885115623474,0.9204639792442322,0.5348353981971741,0.44933807849884033,0.5463715195655823,1.9643992185592651,0.6812465190887451,0.6133171916007996,2.2360990047454834,3.3047280311584473,0.8254640698432922,0.8015105128288269,0.3957762122154236,0.6321965456008911,0.5081179141998291,0.6280501484870911,,0.49176672101020813,0.3255699872970581,0.7348282337188721
20180408,0.7420488595962524,0.9806826710700989,0.7252305746078491,,0.7672561407089233,3.9770612716674805,0.7513641119003296,0.7942490577697754,3.837902784347534,7.779443264007568,1.1060389280319214,0.7552546858787537,,,0.43531185388565063,0.5112493634223938,,,,2.235912561416626
20180409,0.6602323651313782,0.9118005037307739,1.0066921710968018,0.696647047996521,0.7774810194969177,3.275057077407837,0.921959638595581,0.7169012427330017,3.4370522499084473,5.371009826660156,1.1027050018310547,1.0236557722091675,0.40297991037368774,0.7840307354927063,0.447259783744812,0.4866357147693634,,0.7184770107269287,0.39177632331848145,1.262531042098999
20180410,0.541806161403656,0.8948737382888794,0.9574989080429077,0.5603618621826172,0.7753304839134216,2.531402111053467,0.655791163444519,0.7244945764541626,2.728318214416504,4.465251445770264,0.9127600193023682,0.823779821395874,,0.6738789677619934,0.5609099864959717,,,,,0.44571653008461
20180411,0.533635675907135,0.6853758096694946,0.5764364004135132,0.23610296845436096,,7.288982391357422,2.225867986679077,1.1073843240737915,2.4170641899108887,9.700139045715332,0.9985045194625854,1.1199849843978882,,1.228933334350586,0.35021212697029114,0.5503249168395996,,0.8115102648735046,,2.4667751789093018
20180412,0.5513184070587158,0.5114104151725769,0.44961288571357727,0.27221834659576416,0.48873093724250793,1.5731829404830933,0.6132774353027344,0.4656910300254822,1.3240292072296143,2.4920992851257324,0.5826699137687683,0.8608381152153015,0.2717950642108917,0.4050401449203491,0.327656626701355,0.3274749517440796,,0.3579070270061493,0.34613415598869324,0.7046453356742859
20180413,0.4083418846130371,0.25590577721595764,0.1752219945192337,,,4.418438911437988,,,,,,,,,,0.36303916573524475,,0.2531290352344513,0.1522972285747528,0.8643733859062195
20180414,0.32940539717674255,0.6133749485015869,0.2693973183631897,0.2936860918998718,,,,,,,,,,,,,,0.2955092787742615,0.2313614934682846,
20180415,0.4677380919456482,0.8243994116783142,0.7165333032608032,0.3042757511138916,0.30344685912132263,1.908713698387146,,0.5179049968719482,,,0.6308258175849915,,0.28724533319473267,0.4551105797290802,0.5983433127403259,,,0.36408254504203796,0.2807614505290985,
20180416,0.5288064479827881,0.751439094543457,0.5319689512252808,,0.29762789607048035,2.1887550354003906,,0.4714927673339844,,,,,0.301025927066803,0.6769684553146362,0.558960497379303,,,0.34125787019729614,0.24556919932365417,0.2917213439941406
20180417,2.0417776107788086,,0.3928357660770416,0.4680624306201935,,2.21618914604187,0.9673144221305847,0.775993824005127,2.2991626262664795,2.816201686859131,0.6610784530639648,1.7665750980377197,0.4201221764087677,0.7555313110351562,0.6791945099830627,0.5894240140914917,,0.7815721035003662,,
20180418,0.7881283164024353,1.0641300678253174,0.6662439107894897,0.5038365721702576,0.8404636383056641,2.503390312194824,1.1704652309417725,1.1774170398712158,2.3682830333709717,,1.0626263618469238,,0.5975646376609802,0.8854668140411377,0.5790184140205383,0.651454508304596,,0.6109502911567688,0.4053488075733185,0.8185141682624817
20180419,0.6545112133026123,0.9859672784805298,1.1051075458526611,0.5038126707077026,0.7095994353294373,2.323376178741455,0.9025524258613586,0.8196586966514587,2.8921608924865723,3.386910915374756,1.2109524011611938,1.5408570766448975,0.4882415235042572,1.132293939590454,0.6999900341033936,0.6181704998016357,,0.502235472202301,0.4922429025173187,0.46060919761657715
20180420,0.6179564595222473,1.0513367652893066,0.7926875948905945,0.6076899170875549,0.601584792137146,2.8078982830047607,0.7832258939743042,0.8522416949272156,2.974999189376831,4.783824443817139,1.6877954006195068,1.0867928266525269,0.47733402252197266,1.5630426406860352,,0.8530623316764832,,0.6659314036369324,0.49405989050865173,0.9798775315284729
20180421,0.5720083117485046,1.047634482383728,0.9576717615127563,0.6659247875213623,0.6074720025062561,2.55329966545105,0.7391193509101868,0.848071813583374,2.8902339935302734,4.941377639770508,1.1985654830932617,1.2681540250778198,0.37418514490127563,1.420804500579834,0.756985604763031,,23.5797061920166,0.4392060339450836,0.5326980948448181,
20180422,0.5513820052146912,1.3948822021484375,0.5973390340805054,0.5101239681243896,0.49330008029937744,2.335574150085449,0.7336199283599854,0.6876053810119629,2.491891384124756,5.20026969909668,0.9905880093574524,1.1749221086502075,0.38498610258102417,0.992218017578125,0.5760795474052429,0.7573126554489136,,0.761873185634613,0.6251372694969177,0.8151226043701172
20180423,0.636185884475708,0.5041051506996155,,,,,,,,,,,,,,,,,,
20180424,0.5565049052238464,0.45683029294013977,0.6252172589302063,0.4110662341117859,0.5275198817253113,3.5458714962005615,0.7647734880447388,0.7142872214317322,4.623751163482666,10.728765487670898,0.8705287575721741,1.4386204481124878,0.34254947304725647,0.6679182052612305,0.5738778710365295,0.7291348576545715,,0.6795313954353333,0.640701174736023,
20180425,0.4769304394721985,0.8351011276245117,0.4601461589336395,0.4314833879470825,0.433625191450119,3.2275500297546387,0.6503133177757263,0.4716232717037201,2.640132188796997,4.363889694213867,,1.0124534368515015,0.25884371995925903,0.5303351879119873,0.5034641027450562,0.45423656702041626,,0.364803284406662,0.48316967487335205,0.6086827516555786
20180426,0.5621602535247803,1.051811933517456,1.1073262691497803,0.4122018814086914,0.6179505586624146,2.46083927154541,0.6261330842971802,0.4418971836566925,2.1615002155303955,4.048540115356445,0.7715293169021606,0.8489404320716858,0.2640725076198578,0.48284274339675903,0.4331274926662445,1.348621129989624,,0.33956179022789,0.5497236847877502,0.46605080366134644
20180427,0.5640867948532104,0.7700120210647583,0.7461212277412415,0.5939443707466125,0.5385432839393616,2.2403533458709717,0.6789273023605347,0.645935595035553,2.2101805210113525,5.210289478302002,0.9072173237800598,1.0946372747421265,0.3353491425514221,1.086950659751892,0.5204264521598816,0.630239725112915,,0.685971736907959,0.43101441860198975,0.39325228333473206
20180428,1.0086222887039185,,,,,,,,,,,,,,,,,0.21071560680866241,0.5430471897125244,0.847429633140564
20180429,0.7870175242424011,1.0367813110351562,0.7013679146766663,0.5272376537322998,0.4867449104785919,3.950664520263672,0.827063262462616,0.8090335726737976,2.481583595275879,4.124780654907227,1.054131269454956,1.4549787044525146,0.38355550169944763,0.7967445850372314,0.5835059285163879,0.7229088544845581,,0.6518774032592773,0.36372873187065125,0.5774539709091187
20180430,0.7764885425567627,1.1499667167663574,1.2151983976364136,0.67373126745224,0.7150525450706482,2.1405487060546875,0.6848664879798889,0.8051561713218689,2.448324680328369,4.573892593383789,1.0100526809692383,1.3986780643463135,0.39101263880729675,0.8756991028785706,0.5679711103439331,0.737845778465271,,0.4896118640899658,0.4209950566291809,1.1729060411453247
20180501,0.8239770531654358,1.178504228591919,0.9999850392341614,0.3877413868904114,1.3133515119552612,,,0.791252076625824,,,,,,,,,,1.2271870374679565,,
20180502,,0.33131977915763855,,,,3.1868817806243896,1.1576744318008423,,3.1795830726623535,4.722442626953125,1.3068351745605469,1.0472357273101807,,,0.888381838798523,0.8404167890548706,,0.550898551940918,0.4111834168434143,
20180503,0.32607385516166687,,0.4051167368888855,,,,,,,,,,0.25599974393844604,0.28164780139923096,,,,,,
20180504,0.6805871725082397,0.6079967021942139,0.4341837465763092,0.3880242109298706,0.5619153380393982,1.7641255855560303,0.44202548265457153,0.5852079391479492,,,,,0.408102810382843,0.3963501751422882,,,,0.3633948862552643,0.20407450199127197,0.5328184366226196
20180505,0.8802770972251892,1.1354516744613647,0.8796167373657227,0.49980008602142334,0.5665753483772278,2.060304880142212,0.7430748343467712,0.8081782460212708,,2.04257869720459,0.8841024041175842,1.3750290870666504,0.3377244472503662,0.7359676361083984,0.7640694975852966,0.7220107316970825,,0.6437036395072937,0.4388517737388611,0.446929007768631
20180506,0.9368593096733093,,,1.150246024131775,0.8163126707077026,2.731337785720825,0.8267039060592651,0.9283331632614136,3.861738920211792,,1.4363577365875244,1.1566715240478516,0.6423808336257935,1.0631781816482544,0.9248119592666626,0.6338557600975037,,0.314028799533844,0.48307400941848755,0.5458322167396545
20180507,0.49144649505615234,,,0.21374493837356567,0.33192524313926697,3.6372621059417725,,,,2.6249167919158936,,,0.18954968452453613,,,,,,0.4635104238986969,
20180508,0.7697705626487732,1.6582083702087402,0.9323828816413879,0.5972029566764832,0.6079685688018799,1.9589004516601562,0.6833547949790955,0.7645178437232971,2.054422378540039,2.4457788467407227,0.7383395433425903,0.6854615211486816,0.434405118227005,0.7155129313468933,0.6511784791946411,0.622515082359314,,0.41666415333747864,0.4134569764137268,0.9303467273712158
20180509,0.6447414755821228,0.5246804356575012,0.517646312713623,0.36942946910858154,0.33585798740386963,,,0.42691928148269653,,,,,,0.43489018082618713,0.603807806968689,0.5937635898590088,,0.5240610837936401,0.4557275176048279,
20180510,0.30431637167930603,,,,0.3722878396511078,,,,,,,,,,,,,1.1205171346664429,,
20180511,0.3891861140727997,0.886784553527832,0.6545877456665039,0.24552620947360992,0.4537596106529236,2.058950424194336,0.5873153805732727,0.44001778960227966,,,,,0.1555013507604599,,,,,,,
20180512,0.31712740659713745,1.3884037733078003,0.9997641444206238,0.26926493644714355,0.4475686848163605,2.3682570457458496,0.8237605094909668,0.45920878648757935,,3.65075945854187,0.5061005353927612,1.1802972555160522,,0.4598406255245209,,,,,,0.23240560293197632
20180513,0.6407884359359741,1.1664046049118042,1.0281071662902832,0.4506549835205078,0.2395297735929489,2.1372556686401367,0.9255056977272034,0.7605625987052917,2.3663105964660645,3.448061227798462,0.9286447167396545,1.0839340686798096,0.3575594127178192,0.9297566413879395,,,,,0.25997811555862427,0.7721315026283264
20180514,0.7326091527938843,0.6569770574569702,1.4479717016220093,0.40039119124412537,,2.2027738094329834,,,2.24363374710083,,,0.9610447287559509,,0.6706187129020691,,,,,,0.9162266254425049
20180515,0.5454797148704529,,0.34803247451782227,0.34620341658592224,,3.0393688678741455,0.5797048807144165,0.6051756739616394,,,,,0.25395023822784424,0.4909345507621765,,,,,0.4848833382129669,0.4513916075229645
20180516,0.2625899016857147,2.9387271404266357,1.1871747970581055,,0.5838977694511414,2.5069684982299805,0.6153153777122498,,2.6583707332611084,2.986994504928589,,,,,,,,,,
20180517,0.6285384297370911,2.0695743560791016,3.238030195236206,,,2.4320261478424072,,,,,,,,,,,,0.34625980257987976,,
20180518,0.14345188438892365,,0.26445356011390686,0.24583472311496735,0.20889857411384583,0.5045486688613892,0.35719335079193115,0.4002283215522766,,,,,0.18337248265743256,0.548446536064148,0.6176626682281494,0.7038925290107727,,0.32519471645355225,0.31842029094696045,0.440011203289032
20180519,,0.23758134245872498,0.2776896059513092,,0.6702325344085693,0.9350000619888306,0.4980163276195526,0.37405818700790405,,1.8252254724502563,0.6126608848571777,0.5257390737533569,0.13531918823719025,0.5579482316970825,0.6353760957717896,0.6306182146072388,,0.16460958123207092,0.24421265721321106,0.3788139820098877
20180520,0.5188944935798645,1.2525508403778076,0.7442667484283447,0.3998790681362152,1.2005616426467896,1.666623830795288,0.6202147603034973,,,,,,,,,,,,,
20180521,0.5654296278953552,1.2445955276489258,2.1363227367401123,,,2.382758617401123,,,,,,,,,,,,,,0.28948789834976196
20180522,0.6365131139755249,2.30329966545105,1.760042667388916,,,,,,,,,,,,,,,,,
20180523,0.6035339832305908,1.6218507289886475,,,,,,,,,,,,,,,,,,
20180524,0.6156399846076965,0.7162580490112305,0.8519183397293091,,0.10449150204658508,2.4912211894989014,,,,,,,0.1310594081878662,0.16131430864334106,0.4242108464241028,,,,0.37984776496887207,0.2728116512298584
20180525,,2.1062750816345215,2.0365071296691895,,0.7013256549835205,4.18861722946167,0.9554014801979065,0.8983070254325867,4.026800632476807,10.142504692077637,0.9905893206596375,1.5610686540603638,0.4158233106136322,0.8680366277694702,1.0612229108810425,0.9570574164390564,,0.7849286198616028,,1.513642430305481
20180526,,,,0.540311336517334,,,,,,,,,,,,,,,,1.4461208581924438
20180527,0.6350229382514954,1.0582267045974731,1.173153042793274,0.34433513879776,0.8273123502731323,,,0.543006420135498,,,,,0.39284828305244446,,,,,,,
20180528,0.37235766649246216,0.9210980534553528,1.0438694953918457,,0.7317112684249878,1.9385428428649902,0.7362373471260071,0.893749475479126,2.062673330307007,2.608351230621338,1.0379363298416138,0.8882961869239807,0.3643113672733307,0.9769361019134521,0.6787755489349365,,,0.336843878030777,0.5315649509429932,0.5605885982513428
20180529,0.6678815484046936,0.9150323271751404,0.8409082889556885,0.4664853811264038,0.47087815403938293,1.1335216760635376,0.6928421258926392,0.6543466448783875,1.2430360317230225,2.2387633323669434,0.985150158405304,0.8997532725334167,0.27295419573783875,0.5492286086082458,0.7595637440681458,,,,0.32819506525993347,0.3581615686416626
20180530,0.8708417415618896,0.9913040399551392,0.7686282992362976,0.39712515473365784,0.6793645024299622,1.7551820278167725,0.45003005862236023,0.485637366771698,,,,,0.2833620607852936,0.5564020872116089,0.6344742774963379,,,0.6952327489852905,,
20180531,,,,0.7821129560470581,1.045079231262207,3.513166904449463,0.8486296534538269,0.9137847423553467,,5.937686920166016,1.2430366277694702,1.9645918607711792,0.5978844165802002,1.0781147480010986,1.0562500953674316,1.2619683742523193,,0.523852527141571,0.3744345009326935,0.6521250605583191
20180601,0.9412705302238464,1.0287134647369385,0.7787216901779175,0.6283330321311951,,4.526211738586426,,,,,,,0.4416821300983429,,,,,,,3.113600015640259
20180602,0.6492674946784973,0.9902260899543762,0.9901209473609924,0.5162897109985352,0.6322453618049622,3.4618914127349854,0.7596246004104614,0.7194163203239441,4.075985431671143,3.816927194595337,1.277501106262207,1.1604444980621338,0.350620836019516,0.7649861574172974,0.9488231539726257,1.2327632904052734,,0.5472531914710999,0.44370007514953613,1.4298323392868042
20180603,0.6273309588432312,0.9485822916030884,0.8901287317276001,0.5202285647392273,0.569358229637146,2.7881271839141846,0.6494954824447632,0.6299214959144592,2.724761962890625,4.140891075134277,1.0795116424560547,0.9296053051948547,0.31145375967025757,0.5412089228630066,0.7317014932632446,,26.460498809814453,0.2910973131656647,0.40654516220092773,0.627834141254425
20180604,0.8675501346588135,1.0597431659698486,0.785826563835144,0.3101966977119446,,1.8785974979400635,,0.6427900195121765,,,0.878455638885498,0.7720417976379395,,0.7932199835777283,,,,0.46763643622398376,0.21244178712368011,1.4500364065170288
20180605,0.9207319021224976,1.0217454433441162,0.8285200595855713,0.5863843560218811,1.1112971305847168,4.2994890213012695,0.9386532306671143,1.258673906326294,3.815509796142578,7.469744682312012,1.0533021688461304,1.121822476387024,0.5705090761184692,1.3684136867523193,0.8554057478904724,,27.919677734375,0.5412507653236389,0.4086476266384125,0.8923636078834534
20180606,,,,,,,,,,,,,,,,1.7945936918258667,,0.7115586400032043,,1.0829769372940063
20180607,,,,,0.357856810092926,,,,,,,,,,,,,,,
20180608,0.22434327006340027,,,,,,,,,,,,,,,,,0.28854870796203613,0.3109390437602997,0.3752966523170471
20180609,0.5144889950752258,0.7065237164497375,0.45203736424446106,0.2211514115333557,,0.6608595848083496,0.3189792335033417,,,0.921332597732544,,,0.15352541208267212,,,,,0.3226694166660309,0.244599387049675,0.32181012630462646
20180610,0.38188648223876953,1.4610193967819214,2.6091856956481934,0.5443987250328064,1.4272942543029785,0.6161576509475708,0.49435895681381226,0.5471023321151733,1.009995698928833,,0.7805798649787903,0.48338624835014343,0.26770922541618347,0.5531933903694153,0.6223134994506836,,,0.4402807056903839,0.3244069218635559,0.9471045732498169
20180611,0.3374773859977722,0.6955248713493347,0.5522318482398987,0.43093207478523254,0.582226574420929,3.057561159133911,0.5734384655952454,0.48189643025398254,,,0.7906658053398132,,,0.6374069452285767,0.7524597644805908,,,,,1.0670042037963867
20180612,,,,0.3903045356273651,0.33113035559654236,,,,,,,,0.16080394387245178,,0.6253067851066589,,,0.5016936659812927,,
20180613,0.3821659982204437,0.7668838500976562,0.8380281925201416,0.5346112251281738,0.401102751493454,1.237882137298584,0.7453869581222534,0.751373291015625,1.330773115158081,2.5112104415893555,0.8498104810714722,1.1627875566482544,0.28545960783958435,0.8287743926048279,0.6149216294288635,0.9738547205924988,,0.30299487709999084,0.23720841109752655,
20180614,0.39414528012275696,0.36492830514907837,0.5662200450897217,0.6055404543876648,,,,,,,,,,,,,,,,0.42349007725715637
20180615,0.45124876499176025,0.40792983770370483,,0.2750740051269531,0.3429078757762909,1.7874541282653809,0.5437974333763123,,,2.4003427028656006,,,0.28364184498786926,0.5654731392860413,,,,,0.23901212215423584,0.27959391474723816
20180616,0.5206835269927979,0.5295234322547913,,,0.2605036199092865,2.1151657104492188,0.37987953424453735,,,,,,,,,,,,,
20180617,0.45661497116088867,,,0.3156331479549408,0.3738633096218109,,0.6963756680488586,0.42505183815956116,,,0.6135405898094177,,0.18284744024276733,0.5266285538673401,,,,,,
20180618,0.5941301584243774,0.9765153527259827,1.494228482246399,,,1.801608681678772,0.3929513990879059,0.8100409507751465,,2.0165762901306152,1.6893839836120605,0.5669241547584534,0.3819531798362732,0.6365416049957275,0.5338323712348938,2.2373738288879395,,,,
20180619,,,,,,,,,,,,,,,,,,,,
20180620,0.7518312931060791,0.6641898155212402,0.40165090560913086,0.4683798551559448,,2.2968802452087402,1.6547795534133911,,1.7350382804870605,2.705566644668579,1.0240180492401123,1.7115278244018555,,,0.6727173328399658,0.6428040862083435,,0.41573402285575867,0.24751180410385132,
20180621,0.5675090551376343,1.074387788772583,0.8145741820335388,0.7000998258590698,0.9681397080421448,4.188531875610352,1.3273907899856567,2.445319652557373,2.6979870796203613,4.9684553146362305,0.8757829666137695,0.8838858604431152,,0.6919072866439819,0.5877624750137329,,,0.43900391459465027,0.25325438380241394,1.1247272491455078
20180622,0.4800643026828766,0.9538055658340454,0.9042004942893982,0.6387990713119507,0.9986607432365417,3.7820048332214355,0.7481787204742432,0.664589524269104,,,1.5967414379119873,,0.4352983832359314,0.8593354821205139,0.7766421437263489,0.9272551536560059,,1.4215307235717773,,0.4054078161716461
20180623,0.3285582363605499,0.8714783787727356,0.9791117310523987,0.5449506044387817,0.4820844829082489,3.0870070457458496,0.8048046827316284,0.5416237115859985,7.133730411529541,,,0.6135538816452026,0.1726708561182022,0.2888776361942291,0.37745627760887146,1.1094751358032227,,0.1965246945619583,0.12969152629375458,
20180624,0.4946945905685425,0.8528921604156494,0.8746594786643982,0.3414570391178131,0.33265140652656555,2.140946626663208,0.4330715835094452,0.5943466424942017,1.705789566040039,2.8080406188964844,0.8785866498947144,,0.20922130346298218,0.5391624569892883,0.5305492877960205,0.872446596622467,,0.18650254607200623,,
20180625,0.5363569259643555,0.8370539546012878,0.6471644639968872,0.37195831537246704,0.41003212332725525,0.7235448360443115,0.577511727809906,,1.8143478631973267,3.591244697570801,0.5215465426445007,,0.12131326645612717,,,,,0.11145474761724472,0.16769900918006897,0.2960766553878784
20180626,0.6424852609634399,1.079363465309143,0.8716118335723877,0.6641621589660645,0.6012248396873474,0.8620421886444092,0.6247379779815674,0.5857850313186646,1.317137598991394,1.0366415977478027,0.6541667580604553,0.5874864459037781,0.3063531517982483,0.5904017686843872,0.5657110810279846,,,0.46828168630599976,0.468334823846817,0.38947057723999023
20180627,0.6280004382133484,0.8068649768829346,0.858424961566925,0.6263097524642944,0.5922091007232666,5.6606526374816895,1.0199699401855469,0.5640032291412354,,9.154180526733398,0.851872980594635,2.183851480484009,0.349578857421875,0.7132835388183594,0.5960798263549805,0.7500224113464355,,1.0538153648376465,0.29575005173683167,0.5136182308197021
20180628,0.6817459464073181,0.592707097530365,0.6269711852073669,,,,,,,,,,,,,,,,,
20180629,0.3710179924964905,0.5265063047409058,0.5563492774963379,0.4714016020298004,0.35992661118507385,1.0123893022537231,0.44567716121673584,0.5525957942008972,,,0.7062996029853821,,0.20780998468399048,1.0799137353897095,,,,,,
20180630,0.42919254302978516,0.5268356204032898,0.40572550892829895,0.2800028920173645,0.4033798575401306,1.6742817163467407,0.6091910600662231,0.41330766677856445,1.2764719724655151,3.123591661453247,0.8063759207725525,1.125511884689331,0.23103994131088257,0.5073953866958618,0.5543686151504517,0.6281009912490845,,0.39978745579719543,0.2437881976366043,0.2459162175655365
20180701,0.7376541495323181,0.6029356718063354,0.7642162442207336,0.7020979523658752,0.4618857204914093,2.1716384887695312,0.6647740006446838,0.9098197221755981,1.5451397895812988,2.487614393234253,0.8495533466339111,0.7081326246261597,0.25628310441970825,0.6991464495658875,0.5880775451660156,0.6780039668083191,,0.24434290826320648,,0.7733893990516663
20180702,0.691845178604126,0.5246466398239136,0.6303439736366272,0.7193818092346191,0.7887022495269775,5.232120037078857,0.6277127861976624,,,,,,0.40873926877975464,0.7216156125068665,0.7468469142913818,,,,,1.0594600439071655
20180703,0.5094349980354309,0.7625210285186768,0.7725877165794373,0.5842379331588745,0.6154022216796875,2.427744150161743,0.6590501070022583,0.7363554835319519,1.6487219333648682,4.353684902191162,1.0357266664505005,1.182895302772522,0.37427622079849243,0.5593122243881226,,,,,,
20180704,0.39006826281547546,0.24320340156555176,0.2756478190422058,0.37436848878860474,0.3720293939113617,0.6167758107185364,0.45792585611343384,,,,0.7195337414741516,,0.22421759366989136,,,,,,,2.392047166824341
20180705,0.5079091191291809,0.5737862586975098,0.37843194603919983,0.21030360460281372,0.29599636793136597,,,0.23550911247730255,,,,,0.23308683931827545,0.2550446391105652,,,,,,
20180706,0.3375958800315857,0.3467620611190796,0.34042975306510925,0.4419652223587036,0.33172309398651123,0.6747307777404785,0.3484644591808319,0.41951480507850647,,0.926266610622406,0.5609332919120789,0.6040105223655701,0.16256871819496155,0.5514674186706543,0.5760634541511536,0.4944651424884796,,0.18932652473449707,0.15724274516105652,0.502297043800354
20180707,,,0.3211295008659363,,,,,,0.9955118298530579,2.416935920715332,,,,,,,,,,0.5921895503997803
20180708,,,,0.36218056082725525,,2.2955100536346436,,,,,,,,,,,,0.16049343347549438,,
20180709,0.531501054763794,0.9783084988594055,1.0817841291427612,0.3743802011013031,0.640393078327179,2.5144500732421875,,,,,,,,,,,,0.1388724446296692,,0.4130654036998749
20180710,0.5522000789642334,0.7939667105674744,0.936903178691864,0.645839273929596,0.45754459500312805,2.10742449760437,0.7303268313407898,0.6209372878074646,1.8508344888687134,3.564249277114868,0.6249074339866638,0.8514377474784851,0.21366211771965027,0.6400488018989563,0.5761739015579224,0.572891891002655,,0.3122377097606659,,0.32623177766799927
20180711,0.5525920391082764,0.7568944096565247,1.0017112493515015,0.27697232365608215,0.4017437994480133,1.3838732242584229,0.5914258360862732,0.5908902287483215,1.0167399644851685,2.7187180519104004,0.6101523041725159,0.8004359006881714,,0.4816036820411682,0.5998283624649048,0.6768800616264343,,0.18045470118522644,0.27791258692741394,
20180712,0.6237927675247192,0.8950748443603516,0.6715669631958008,0.5577496290206909,1.3856641054153442,,,0.4769754707813263,,1.0106256008148193,0.4439470171928406,,,0.48910245299339294,0.6123983263969421,,,0.4178191125392914,0.28014007210731506,0.5271004438400269
20180713,0.5642916560173035,0.7947494983673096,0.752409815788269,0.5438141226768494,0.6791051030158997,3.512749433517456,0.6328912377357483,0.9578328132629395,2.30057430267334,4.290075302124023,0.6920956969261169,0.9225311875343323,,0.6081650853157043,0.6729253530502319,,,0.5784285664558411,0.42474886775016785,0.510754406452179
20180714,0.5075972676277161,0.7701978087425232,0.8295920491218567,0.4919881224632263,0.46269553899765015,2.5358407497406006,0.6950573921203613,0.6514877676963806,2.0777673721313477,4.386186599731445,0.9436025619506836,0.8877690434455872,0.2928692698478699,0.6184300780296326,0.6121307611465454,0.740668535232544,,0.555041491985321,0.41651421785354614,1.7948648929595947
20180715,0.4136846661567688,0.47799474000930786,0.34226298332214355,,,2.8363029956817627,,,,,,,0.2588082551956177,,0.5665201544761658,1.3883029222488403,,0.4931368827819824,0.3139662444591522,0.736240565776825
20180716,0.5444044470787048,0.7827281355857849,0.6784809231758118,0.2812378406524658,0.42357754707336426,1.8720365762710571,0.6132565140724182,0.5635808110237122,1.4525129795074463,3.385324478149414,0.7240533232688904,0.7615282535552979,0.1948240101337433,0.6218413710594177,0.5710193514823914,1.845211386680603,,0.35405686497688293,0.3867609202861786,0.27515456080436707
20180717,0.5289379358291626,0.5790974497795105,,,0.4704345464706421,0.7069684267044067,0.5004751086235046,0.774164080619812,,,,0.9166747331619263,,0.8591709136962891,0.5693446397781372,,,,,1.6960090398788452
20180718,0.5328816771507263,0.8987218141555786,0.8979576826095581,0.7345602512359619,0.5919010639190674,3.23132586479187,0.8878024816513062,0.848038375377655,2.4151735305786133,2.955648422241211,1.211303949356079,1.363922119140625,0.5872599482536316,1.0595366954803467,0.7190178036689758,,,,,1.3486690521240234
20180719,,,,,,,,,,,,,,,,,,,,
20180720,0.40588608384132385,0.7644723653793335,0.6960664391517639,0.5712889432907104,0.47162970900535583,1.7136564254760742,0.7315649390220642,0.6139829754829407,1.241331696510315,2.0498206615448,0.7187083959579468,1.0296423435211182,0.34415915608406067,0.608163058757782,0.5292394161224365,0.8135564923286438,,0.38639676570892334,0.242033451795578,0.642147421836853
20180721,0.5452244281768799,1.0037522315979004,0.8907840251922607,0.6392666697502136,0.47812435030937195,1.5293958187103271,0.7555174827575684,0.7476718425750732,,0.6507974863052368,0.5600281953811646,0.8915916085243225,0.259782999753952,0.6673539280891418,0.6743882894515991,,,,,0.5944077372550964
20180722,0.5580159425735474,,,0.2618928551673889,,3.8795058727264404,,,,3.333935260772705,,,,,0.565881609916687,0.9924511909484863,,0.4936511814594269,0.38925832509994507,0.876230001449585
20180723,0.5627506971359253,0.6244683861732483,0.8197378516197205,,0.6251074075698853,0.7905402779579163,0.5813657641410828,0.8069102764129639,,,,,,,,,,,,0.9126042127609253
20180724,0.5658358335494995,1.067147970199585,1.1219639778137207,0.4432806074619293,0.47774773836135864,3.2291653156280518,0.5363554358482361,1.0111117362976074,1.049491286277771,,0.8309444785118103,0.7473500370979309,0.27459102869033813,,,,,0.21042214334011078,,
20180725,0.4799143075942993,1.4984763860702515,0.8679429888725281,0.49139586091041565,0.3566303253173828,2.3502871990203857,0.5032927393913269,0.4760599732398987,,,0.5828201770782471,,0.35890907049179077,0.34418895840644836,0.501804769039154,0.5758528709411621,,0.3311622142791748,0.26044517755508423,0.661378800868988
20180726,,0.5448011159896851,0.9856351613998413,0.4821171760559082,0.43831104040145874,,,0.7916169762611389,1.1613638401031494,2.4625086784362793,0.6700817942619324,0.6185605525970459,0.4314929246902466,0.6509866714477539,0.48296770453453064,0.9045170545578003,,0.4811571538448334,0.4381323456764221,0.4860047399997711
20180727,0.4602237343788147,0.8106104135513306,0.8199143409729004,0.5873631238937378,0.4760727882385254,0.5308567881584167,0.5362141132354736,0.6606339812278748,1.1336032152175903,3.5444352626800537,0.6728118658065796,0.5644358396530151,0.41985052824020386,0.6250572204589844,0.45628803968429565,0.5357130169868469,,0.4386729896068573,0.3477098047733307,0.9933185577392578
20180728,0.4109874963760376,0.5134393572807312,0.6917943358421326,0.5623910427093506,0.38304948806762695,1.015854835510254,0.4594508111476898,0.5522425770759583,,6.1034979820251465,0.36790531873703003,,0.33437496423721313,0.3412025570869446,,,,0.5554577708244324,0.518975019454956,1.00629723072052
20180729,0.3313661217689514,0.6037317514419556,0.6762344241142273,0.49026191234588623,0.22013814747333527,1.9900693893432617,,0.3954203128814697,,,0.3400932550430298,0.3701540231704712,0.29320859909057617,0.44912102818489075,0.4842884838581085,,,0.24993161857128143,,
20180730,0.48157286643981934,0.7063553333282471,1.0867481231689453,0.7484473586082458,0.5658353567123413,2.4970004558563232,0.6585313081741333,0.6412424445152283,2.0776565074920654,2.32008957862854,,0.9117576479911804,0.45968660712242126,0.8094599843025208,0.5690320730209351,,,,,
20180731,0.4449644982814789,0.7639180421829224,0.8303512334823608,0.46201565861701965,0.35635221004486084,2.6485071182250977,0.7229481935501099,0.4723564386367798,1.5847551822662354,3.223132610321045,0.6098486185073853,0.6881043314933777,0.3528030812740326,0.5200054049491882,0.43147629499435425,0.4758417308330536,,0.24970188736915588,0.2843554615974426,0.7796634435653687
20180801,0.46807825565338135,0.8648637533187866,0.9152541160583496,0.6284860372543335,0.4738697409629822,2.7615885734558105,0.6159455180168152,0.6248666048049927,1.0895678997039795,1.1529959440231323,0.40930837392807007,0.5480549931526184,0.34776145219802856,0.4522005021572113,0.4653753340244293,0.569001317024231,,0.4771396219730377,0.30967262387275696,1.012474775314331
20180802,,,,,,,,,,,,,,,,,,,,1.356964349746704
20180803,0.5488935708999634,,1.9336711168289185,0.37012404203414917,0.4597913920879364,1.6538441181182861,0.640055775642395,0.5098965764045715,,,0.6153729557991028,0.45188382267951965,0.45779404044151306,0.7311224341392517,,,,,,
20180804,0.4881178140640259,0.5949708819389343,0.6238497495651245,,,,,,,,0.871138870716095,0.6371331214904785,,,,,,,,
20180805,0.27345091104507446,,,,,2.3192360401153564,,,,,,,,,,,,,0.38772550225257874,1.110349416732788
20180806,0.4856986701488495,0.5631260275840759,0.7827855348587036,0.48369789123535156,0.3962257206439972,0.8880535960197449,0.6398242712020874,0.7381811141967773,,1.9073857069015503,0.6361267566680908,1.0207009315490723,0.2642259895801544,0.8769391775131226,0.5084085464477539,2.621428966522217,,0.23287127912044525,0.32721495628356934,0.3590008318424225
20180807,0.5270060300827026,,,,,,,,,,,,,,,,,,0.12033596634864807,0.5062754154205322
20180808,0.43234983086586,0.6492527723312378,0.5686110854148865,,,1.793415904045105,,,,,,0.3831585645675659,,,,,,0.12046598643064499,0.18586942553520203,0.22594784200191498
20180809,0.4312777519226074,0.8149121999740601,0.7880885601043701,0.6207448244094849,0.582514762878418,2.7355031967163086,0.5862108469009399,0.6962494850158691,1.2975590229034424,,,,,0.6662670373916626,0.5290496349334717,0.5140429735183716,,,0.4370744824409485,
20180810,0.37673696875572205,0.5073994398117065,,,,,,,,,,,,,,,,,,3.370965003967285
20180811,0.37666812539100647,0.6058269739151001,0.5837559103965759,0.4577717185020447,0.41417965292930603,1.4124728441238403,0.6559836864471436,0.6009836792945862,1.004544973373413,2.13301944732666,0.5036762952804565,0.6807667016983032,0.2326815128326416,0.693742036819458,0.45414137840270996,0.3326285481452942,,0.19814762473106384,0.19768071174621582,0.7483097910881042
20180812,,,0.46576327085494995,0.3839667737483978,0.3238305449485779,1.9442590475082397,0.4861201047897339,0.5087091326713562,,,0.5141416788101196,0.4267503321170807,0.40992069244384766,0.44188880920410156,0.4119037687778473,,,0.2641948461532593,0.187098890542984,0.7735780477523804
20180813,0.4278116524219513,0.9609443545341492,0.9663901329040527,0.8524982333183289,0.3550529479980469,1.815119981765747,0.49453872442245483,,,,,,,0.4282809793949127,0.4711296856403351,0.5146992206573486,,0.2473512589931488,,
20180814,0.3846220374107361,0.8625791668891907,0.7576624751091003,0.5903773903846741,0.5040030479431152,2.781921625137329,0.7137140035629272,0.7397717237472534,1.7768988609313965,3.039808988571167,0.9505471587181091,0.6959548592567444,0.48652383685112,0.9131606221199036,0.5563058257102966,0.5170534253120422,,0.5197586417198181,0.4885685443878174,1.0369869470596313
20180815,0.28739482164382935,0.34212541580200195,0.5022245645523071,0.27438637614250183,0.31964758038520813,0.7516105771064758,0.3669469654560089,0.36793041229248047,,,0.3939923346042633,,0.29090169072151184,0.48690930008888245,0.45260927081108093,,,0.3070388734340668,0.2908523976802826,
20180816,0.2829052209854126,0.6184108257293701,0.5180860757827759,0.42970290780067444,0.3726291358470917,0.9651098847389221,0.5614816546440125,0.48204305768013,0.7976177334785461,,0.37994715571403503,,0.35905921459198,0.4774785339832306,0.39658403396606445,1.09323251247406,,0.25518637895584106,0.35317757725715637,0.5187879800796509
20180817,0.2978660762310028,0.6635812520980835,0.6723424792289734,0.702728271484375,0.3875751793384552,2.4382426738739014,0.5630534291267395,0.6163973808288574,1.5541226863861084,2.9365429878234863,0.6638926267623901,0.7309600114822388,0.32919925451278687,0.5337889790534973,0.4515506327152252,0.5191161036491394,,0.6114169359207153,0.3610248863697052,0.6007097363471985
20180818,0.21326002478599548,,,0.5212268233299255,0.2933657467365265,1.3578698635101318,0.3922596573829651,0.4822973906993866,1.2376896142959595,,0.44040167331695557,,0.3423883616924286,,0.5404313802719116,,,0.1764790415763855,0.1916668713092804,1.8950188159942627
20180819,0.3305942714214325,0.42199158668518066,,0.5199320912361145,,2.233734369277954,,,,,,,,,,,,0.23629966378211975,0.29307761788368225,0.5030375719070435
20180820,0.34337490797042847,0.6461976766586304,1.1872971057891846,,,1.9741294384002686,0.47869807481765747,,,,,,,,,,,0.2819750905036926,,
20180821,0.34025898575782776,0.8145214915275574,1.255350947380066,0.6457141041755676,0.5055698156356812,2.192196846008301,0.5557154417037964,0.9006807804107666,2.452793598175049,4.3314995765686035,1.1556142568588257,0.87650066614151,0.27789783477783203,0.3724168837070465,0.4303874671459198,0.4856111705303192,,0.2553023099899292,0.35646650195121765,0.400621235370636
20180822,0.24042914807796478,,0.5170879364013672,,0.38536882400512695,2.689641237258911,0.9542999267578125,0.7676469683647156,1.739099144935608,6.136754512786865,0.7416103482246399,0.6814683675765991,0.36116495728492737,1.0059056282043457,0.4539516270160675,0.6224464178085327,,0.4598234295845032,0.37602514028549194,0.6299170851707458
20180823,0.530076265335083,,,0.3460405170917511,,,,,,,,,,,,,,0.4132809638977051,0.6041481494903564,1.0729609727859497
20180824,0.4209376275539398,0.7881841659545898,0.7233583331108093,0.5522040128707886,0.38574400544166565,2.1831119060516357,0.4171397089958191,0.5593152046203613,1.2272660732269287,4.456480026245117,0.5906950831413269,0.6033079624176025,0.35558971762657166,0.5451270341873169,0.42782655358314514,0.46103423833847046,,0.4398973882198334,0.621308445930481,0.9508084058761597
20180825,0.3540297746658325,0.8270722031593323,0.816044270992279,0.4876130521297455,0.46113643050193787,3.0379855632781982,0.5945104956626892,0.5152336955070496,1.8765013217926025,6.722869396209717,0.8528138399124146,0.5842811465263367,0.3044271469116211,0.7087140083312988,0.38270536065101624,0.4253372251987457,,0.5811747312545776,0.901119589805603,0.8677189350128174
20180826,0.2953243553638458,0.8909463286399841,1.5659008026123047,0.39908042550086975,0.32734766602516174,3.6080410480499268,0.5678659677505493,0.4522439241409302,2.0843124389648438,4.652871608734131,0.45437681674957275,0.349650114774704,0.2827273905277252,0.323299765586853,,,,,,0.6011602878570557
20180827,0.31886690855026245,0.3399333655834198,0.3773266673088074,0.3028184473514557,0.4569859504699707,2.8711397647857666,0.5254285931587219,,1.4154987335205078,2.0594370365142822,0.7879360318183899,0.4033712148666382,,0.48210829496383667,0.3455668091773987,0.398494154214859,,0.3416338562965393,0.4002815783023834,0.7405197024345398
20180828,0.30323198437690735,0.681848406791687,0.5679025053977966,0.38179317116737366,0.36159786581993103,2.526555061340332,0.6423922181129456,0.5548032522201538,1.7579551935195923,7.804269313812256,0.7014086842536926,0.6288936138153076,0.2919067442417145,0.39203694462776184,0.37490004301071167,0.47432753443717957,,0.4337075650691986,0.3526427149772644,0.33728644251823425
20180829,0.49145686626434326,,,,,,,,,6.109431743621826,0.9864161014556885,1.0194547176361084,,,0.41688185930252075,0.4880094826221466,,0.4681841731071472,0.4417448937892914,0.9131930470466614
20180830,0.29923009872436523,0.5268993973731995,0.41505905985832214,,,,,,,,,,,,,,,,,
20180831,0.23089061677455902,0.6490049362182617,,,0.15848314762115479,0.3527849018573761,0.4026898741722107,0.36795487999916077,1.1830387115478516,2.142052412033081,0.5363981127738953,1.089033603668213,0.2769598662853241,0.3421289324760437,0.42227160930633545,0.46343711018562317,,0.37213048338890076,0.33380064368247986,
20180901,0.2291083186864853,0.6083318591117859,0.4333527088165283,0.2594526708126068,0.2970238924026489,1.4228142499923706,0.36927658319473267,0.3436051309108734,,,0.48949089646339417,,0.16028738021850586,,0.3354191184043884,,,0.5006694793701172,0.18738330900669098,0.46820780634880066
20180902,0.2519930899143219,0.5376858115196228,0.4910838305950165,0.32195329666137695,0.3563098907470703,1.6304960250854492,0.5133794546127319,0.3227770924568176,1.7067447900772095,2.1724026203155518,0.7107071280479431,0.48774975538253784,0.22101426124572754,0.3293684720993042,0.3186132609844208,0.37939077615737915,,0.24761757254600525,0.25930559635162354,0.3458920419216156
20180903,0.2934421896934509,0.32462620735168457,0.5142850875854492,0.25370869040489197,0.36982226371765137,1.3893200159072876,0.35166826844215393,0.27051842212677,,,0.5691207051277161,,0.14713159203529358,0.42441678047180176,0.3302346467971802,0.40071040391921997,,0.15453937649726868,0.1565687358379364,0.41346222162246704
20180904,0.30570122599601746,0.7486503720283508,0.5746073722839355,0.44863730669021606,0.4526132345199585,2.3274338245391846,0.49492499232292175,0.4765590727329254,2.2791614532470703,4.0450334548950195,0.947019100189209,0.7883777618408203,0.3644700348377228,0.6445306539535522,0.38776862621307373,0.47434818744659424,,0.3954766094684601,0.2620530426502228,0.6042271852493286
20180905,0.2802177965641022,0.8513914346694946,0.7549127340316772,,,,,,,,,,,,,,,,0.3447993993759155,0.3788861930370331
20180906,0.2637949287891388,0.5532697439193726,0.565268874168396,0.493845671415329,0.36672186851501465,1.609216332435608,0.49005720019340515,0.4238152503967285,1.6959381103515625,2.7670748233795166,0.6253306269645691,0.5312294363975525,0.2666940987110138,0.4213277995586395,0.3570619225502014,0.40845492482185364,,0.3157813847064972,0.23825955390930176,0.5558763146400452
20180907,0.2471282184123993,0.41423940658569336,0.3695060610771179,0.5221703052520752,0.2444177120923996,1.4976757764816284,0.3448983430862427,0.4932720959186554,0.8087528347969055,3.701423168182373,0.3582964539527893,0.5450313687324524,0.2312861829996109,0.4102930426597595,0.3253583014011383,0.5109500288963318,,0.4521741271018982,0.2778281569480896,0.552656888961792
20180908,0.32316508889198303,0.6047740578651428,0.5547874569892883,0.36264297366142273,0.3048229515552521,2.409614324569702,0.5130839943885803,0.5045650601387024,1.9575380086898804,6.700412750244141,0.5445499420166016,0.5083308219909668,0.2100558578968048,0.3541296124458313,0.40201741456985474,0.45270290970802307,,0.0995873361825943,0.28269481658935547,0.44913768768310547
20180909,0.27023598551750183,,,,,1.0515379905700684,,,,,,,,,,,,,,
20180910,0.2520231604576111,0.6834027171134949,0.6027127504348755,0.44081467390060425,0.32363688945770264,0.9321850538253784,0.3359510898590088,0.36493417620658875,1.2219241857528687,,0.48877984285354614,0.3566925823688507,0.3732357919216156,0.6386540532112122,0.3459201157093048,0.31365010142326355,,0.5328385829925537,,
20180911,0.1703663170337677,,,0.16140319406986237,,0.5550240874290466,0.3215765357017517,,,,,,,,,,,,0.45928969979286194,1.072577714920044
20180912,0.23602332174777985,0.5349196195602417,0.6076310276985168,0.32183268666267395,0.2844316065311432,1.4098085165023804,0.5115696787834167,0.3081168532371521,,1.5125408172607422,0.2804861068725586,0.5658930540084839,0.2712985873222351,0.5023577213287354,0.4248686730861664,0.4737603962421417,,0.3927648961544037,0.31008073687553406,0.6596291065216064
20180913,0.23777960240840912,0.5338332056999207,0.4935119152069092,0.40370869636535645,0.33094021677970886,1.9000247716903687,0.5497682094573975,0.42834749817848206,1.441898226737976,4.414725303649902,0.787709653377533,0.7939292192459106,0.3107112944126129,0.47468891739845276,0.4505050480365753,0.5465648174285889,,0.4356450140476227,0.13390696048736572,1.0243772268295288
20180914,0.20934297144412994,0.4774177372455597,0.48427796363830566,0.3400890827178955,0.27683377265930176,1.4349689483642578,0.4764409065246582,0.43069252371788025,0.9787061810493469,2.9183547496795654,0.5806730389595032,0.6259386539459229,0.29463720321655273,0.42327913641929626,0.4045535624027252,0.38490909337997437,,0.26052048802375793,0.37521132826805115,0.9903349876403809
20180915,0.3644542992115021,0.49124518036842346,0.5100391507148743,0.38210994005203247,0.4220679700374603,2.042126178741455,0.54435133934021,0.3942823112010956,,2.244206190109253,0.6695346832275391,0.6835359334945679,0.3352203965187073,0.5505074262619019,0.6103448867797852,,,0.33929014205932617,,
20180916,0.28606978058815,0.6238523721694946,1.0094105005264282,0.3787232041358948,,1.9407703876495361,0.5744837522506714,,,1.6839667558670044,,1.0125937461853027,,0.5520559549331665,0.5142617225646973,0.5808122158050537,,0.30454930663108826,0.4065691828727722,0.5183678269386292
20180917,0.3303031921386719,0.6365389823913574,0.7643709778785706,0.45021891593933105,0.37046369910240173,1.6739307641983032,0.6077419519424438,0.54841548204422,1.395287036895752,2.2036821842193604,0.8537329435348511,0.8948524594306946,0.344325989484787,0.6824191212654114,0.5150133967399597,0.5262471437454224,,0.42878082394599915,0.3915802240371704,0.8343629837036133
20180918,0.35030215978622437,0.38421961665153503,0.388537734746933,0.3904793858528137,0.24707840383052826,0.4203699827194214,0.4463788568973541,0.38560450077056885,,,0.5402637720108032,0.363118976354599,0.20924362540245056,0.3679017424583435,0.427324116230011,0.48100510239601135,,0.2341899871826172,,0.43672922253608704
20180919,0.24261589348316193,,,,0.14486339688301086,1.6235207319259644,0.38091906905174255,0.3620802164077759,,,0.4263579547405243,0.32361188530921936,,0.29453831911087036,0.4907419979572296,,,0.2533218264579773,0.3666370213031769,0.5601480007171631
20180920,0.19400371611118317,0.619224488735199,0.565938413143158,0.439653605222702,0.15425944328308105,1.6941276788711548,0.39862731099128723,,,,,,,,,,,,0.3914180397987366,0.5073416829109192
20180921,0.19665805995464325,0.6227757930755615,0.6714628338813782,0.43515297770500183,0.3879930377006531,2.063342332839966,0.5164129137992859,0.44004976749420166,1.4179562330245972,2.904381275177002,1.0851119756698608,0.775353729724884,0.23271708190441132,0.4365033805370331,0.3643409311771393,0.5157631635665894,,,0.5304478406906128,1.8141084909439087
20180922,0.1706567108631134,0.6329827308654785,0.7543185353279114,0.608410656452179,0.302690327167511,2.0573315620422363,0.531683623790741,0.6527177095413208,1.9711947441101074,4.717775344848633,0.9124237895011902,0.5747249722480774,0.23196792602539062,0.5538115501403809,0.2898849546909332,0.45362207293510437,,0.3176659941673279,0.2337687611579895,1.154752492904663
20180923,0.17222601175308228,0.6142780184745789,0.578385591506958,0.2603731155395508,0.25155535340309143,,0.3720383644104004,0.3258296251296997,,,0.8198644518852234,,0.23974278569221497,0.5248525738716125,,,,0.3598131239414215,0.3215939700603485,0.4220055341720581
20180924,0.2871485650539398,0.6762053370475769,0.6616685390472412,0.45550337433815,0.29745998978614807,1.6662887334823608,0.46910274028778076,0.38072994351387024,1.2323188781738281,2.8631439208984375,0.721734344959259,,0.230698823928833,0.6862608194351196,0.3351992964744568,0.5143769979476929,,0.21918438374996185,,0.45792797207832336
20180925,0.3003832995891571,0.7810880541801453,0.5517956018447876,0.30788862705230713,,2.812697410583496,0.3890989124774933,0.4453038275241852,1.4366631507873535,3.5813443660736084,0.5587319731712341,0.668815553188324,0.2881682813167572,0.4599932134151459,0.3756536543369293,0.533780038356781,,0.4035341739654541,,0.21472281217575073
20180926,0.23763397336006165,0.6922518014907837,0.6385505199432373,0.30271250009536743,0.39578789472579956,1.2776976823806763,0.35925883054733276,0.5304116606712341,1.4972466230392456,3.3342461585998535,0.4301052391529083,,0.24346183240413666,0.3646422326564789,0.37165141105651855,0.523792028427124,,0.48373082280158997,0.47591257095336914,0.9202471375465393
20180927,0.20120392739772797,0.6255707740783691,0.7748725414276123,0.15133093297481537,,2.599914789199829,0.5240929126739502,0.2719941735267639,0.7781863212585449,5.026845932006836,0.3778020143508911,0.4374403655529022,0.20676138997077942,0.26294463872909546,0.2914433479309082,,,0.3973831832408905,0.28473642468452454,0.8897615075111389
20180928,0.16691647469997406,0.32832592725753784,0.4775359332561493,0.2541728615760803,0.28033730387687683,0.7862672805786133,0.23312003910541534,0.3528340756893158,,,0.5443291068077087,0.39179062843322754,0.20758205652236938,0.37397947907447815,0.2898117005825043,0.4085155427455902,,0.30195215344429016,0.3232841193675995,0.3226471245288849
20180929,0.2384222149848938,0.619908332824707,0.4421418309211731,0.2405686229467392,0.20074591040611267,2.0099124908447266,0.42288386821746826,0.3151758015155792,1.6407604217529297,3.700549840927124,0.6765135526657104,0.6740317344665527,0.17167651653289795,0.2187175303697586,0.29130253195762634,0.4113583266735077,,0.298348605632782,0.2679784297943115,0.2458595186471939
20180930,0.40715542435646057,0.6615020632743835,0.5668885111808777,0.3241208493709564,0.2931002676486969,1.6776577234268188,0.4786376953125,0.33051541447639465,0.9787055253982544,5.0866522789001465,0.5459678173065186,0.569338858127594,0.25944840908050537,0.3657173216342926,0.3127433955669403,0.44915494322776794,,0.3613724410533905,0.27740639448165894,0.8353318572044373
20181001,0.28890106081962585,,,,,,,,,,,,,,,,,,0.3989434540271759,0.7452973127365112
20181002,0.21325655281543732,0.5159151554107666,0.7561096549034119,0.5142664909362793,0.6319908499717712,3.8215298652648926,1.1011265516281128,0.31950682401657104,2.8968665599823,5.565425395965576,1.2828892469406128,1.0851688385009766,0.24867355823516846,0.2515968084335327,0.24398230016231537,0.3100956678390503,,0.3040071725845337,,0.4835771322250366
20181003,0.1247093454003334,,,,0.22953522205352783,2.187598705291748,,,,,,,,,0.18409939110279083,0.34928983449935913,,0.275540292263031,0.407580703496933,0.5087518095970154
20181004,0.19330696761608124,0.935416579246521,0.6361177563667297,0.36686572432518005,,,,,,,,,,0.20572638511657715,,,,0.2699345052242279,0.2181883603334427,0.36125004291534424
20181005,,,,0.38344889879226685,0.3015381097793579,1.9022469520568848,0.482513427734375,0.4539688527584076,1.6382745504379272,3.194340229034424,0.5545164942741394,0.6410216689109802,0.21433010697364807,0.41462644934654236,0.4054068624973297,0.5301511883735657,,0.4155903458595276,0.3848443627357483,0.6547688245773315
20181006,0.29406577348709106,2.6311159133911133,0.3188062310218811,,0.4262273907661438,,0.32628318667411804,,,,,,,,,,,,0.4100317656993866,0.5057151317596436
20181008,0.14273129403591156,,,,,,,,,,,,,0.6524105668067932,0.29767388105392456,0.4190649688243866,,,,0.3955047130584717
20181009,0.09766677021980286,,,,,,,,,,,,,,,,,,,
20181010,0.19686506688594818,0.6709846258163452,0.523996114730835,0.3632947504520416,0.20160870254039764,1.5343878269195557,0.4103434085845947,0.1938302218914032,,,,,0.16377326846122742,,0.4833843410015106,0.4992969334125519,,0.2877405881881714,,0.37573063373565674
20181011,0.29071876406669617,0.405081182718277,0.5456196665763855,0.4511863589286804,0.3992113173007965,1.2692350149154663,0.3461951017379761,0.6456663012504578,1.8669912815093994,1.7559752464294434,0.6105722784996033,0.5502979755401611,0.3398230969905853,0.4989855885505676,0.4265265166759491,0.4924982786178589,,0.33222082257270813,0.3547336459159851,0.6019890904426575
20181012,0.2895256578922272,0.686569094657898,0.3451618254184723,0.38047340512275696,0.313107967376709,1.1331660747528076,0.3863261342048645,0.4662906229496002,2.308659315109253,,0.7964870929718018,,0.3511655032634735,0.434305340051651,,,,0.3407182991504669,0.411739319562912,0.6204044222831726
20181013,,,0.30876797437667847,0.5298994779586792,0.5677499771118164,1.8624539375305176,0.5250825881958008,0.5778378844261169,1.8276008367538452,1.826704978942871,0.45980581641197205,0.5545578598976135,0.3052172064781189,0.4677279591560364,0.2922433018684387,0.3272387981414795,,0.3551918566226959,0.3809209167957306,0.7300046682357788
20181014,0.2065654993057251,0.21149376034736633,0.27991288900375366,,,,,,,,,,,,,,,,,0.2991197407245636
20181015,,0.23288337886333466,,0.20214338600635529,0.24496786296367645,,0.2688906192779541,0.4087454676628113,,,,,0.4329685866832733,0.23906391859054565,,,,,,
20181016,0.2532924711704254,0.5444827675819397,,,,,,,,,,,,,,,,,0.2794356346130371,
20181017,0.23867736756801605,0.6793699264526367,1.1699600219726562,,0.447869211435318,1.6155860424041748,0.29424914717674255,,,,,,,,,,,,,0.10945167392492294
20181018,0.33549243211746216,0.6187023520469666,0.7612859010696411,0.5316495895385742,0.41279104351997375,1.644260287284851,0.44670000672340393,0.4444449245929718,2.628419876098633,3.6005349159240723,0.9479591250419617,0.821197509765625,0.35909566283226013,0.6168053150177002,0.3000025153160095,0.48427313566207886,,0.23262958228588104,,
20181019,,,,,,2.0459537506103516,,,,,,,,,,,,,,0.4409303665161133
20181020,0.2119397073984146,0.6426308751106262,0.5156431794166565,0.44876718521118164,0.3033626079559326,,0.2706180214881897,0.2594687044620514,,,,,0.32271862030029297,,,,,0.5913851857185364,0.4784061908721924,0.23476772010326385
20181021,0.2703252136707306,0.27536824345588684,0.4561798572540283,0.4034554064273834,0.27425238490104675,1.3945519924163818,0.44574064016342163,0.410649836063385,1.6844449043273926,3.587864398956299,0.5913345217704773,0.7448384761810303,0.3028135895729065,0.3748627007007599,0.227749302983284,0.39085298776626587,,0.467464804649353,0.35749438405036926,0.8693143725395203
20181022,0.18610571324825287,0.6664626598358154,0.22007054090499878,0.22993293404579163,0.31656414270401,1.8348039388656616,0.2579691410064697,0.2645493745803833,,,0.4586147665977478,0.5285355448722839,0.2695082724094391,0.3024878203868866,0.2566860020160675,0.39970195293426514,,0.7171033620834351,0.6180513501167297,0.36348482966423035
20181023,0.1724540740251541,1.0628072023391724,0.29454904794692993,0.3042161762714386,0.2751519978046417,0.6167293787002563,0.3547258973121643,0.36238783597946167,,2.6325416564941406,0.700920045375824,0.6057612299919128,0.21574723720550537,0.2620726227760315,0.14987993240356445,0.30448371171951294,,0.6285393238067627,0.4748232960700989,0.20584025979042053
20181024,,0.6423572301864624,0.6795199513435364,0.43658164143562317,0.4341794550418854,1.5934137105941772,0.5257811546325684,0.4061641991138458,2.1933953762054443,3.8982491493225098,0.7156446576118469,0.6397835612297058,0.25559478998184204,0.8333725929260254,0.20282410085201263,0.3463386595249176,,0.6657772660255432,0.4857609272003174,0.2661821246147156
20181025,,,,,,,,,,,,,,,,,,0.7847855687141418,0.4725241959095001,0.5394037365913391
20181026,0.2709125876426697,0.6995209455490112,0.40129217505455017,0.3616902530193329,0.3084614872932434,0.949848473072052,0.4997895061969757,0.4000455141067505,1.7633213996887207,1.2912441492080688,0.7124385833740234,0.5136030316352844,0.2331695556640625,0.35427162051200867,0.17431479692459106,0.2723434567451477,,0.4566003978252411,0.5334722399711609,0.6082811951637268
20181027,,,,,,,,,,,,,,0.34896114468574524,0.1893831342458725,,,0.22548134624958038,0.17872458696365356,
20181028,0.18676580488681793,0.24161504209041595,0.36142829060554504,0.16963794827461243,0.26729753613471985,0.7535533905029297,0.28635209798812866,,,,,,0.225478395819664,0.16387875378131866,,0.2286970317363739,,0.5456775426864624,0.4381914436817169,0.5706608891487122
20181029,0.2767201364040375,0.9065210819244385,0.6745761036872864,0.4731677174568176,0.386290967464447,1.775435209274292,0.4464588165283203,0.43140873312950134,2.2908735275268555,3.049687623977661,0.7910219430923462,0.6051778793334961,0.22568830847740173,0.4133235514163971,0.1866779774427414,0.33970603346824646,,0.4745359420776367,0.3982713222503662,0.7060779333114624
20181030,0.1880744844675064,0.23771345615386963,0.19803686439990997,,0.18707355856895447,2.8382837772369385,0.5685504674911499,0.368122935295105,2.64016056060791,3.5398948192596436,0.991012454032898,0.7728947401046753,0.231723815202713,1.0739860534667969,0.3183268904685974,0.2698664367198944,,0.4843294322490692,0.2907556891441345,1.1202093362808228
20181031,0.2095431238412857,0.39922091364860535,0.3531113266944885,0.505888819694519,0.1477935016155243,0.6727163195610046,0.3360784947872162,0.2281671017408371,,,,0.3736729621887207,0.17967569828033447,,,,,,,
20181101,,,,0.22137103974819183,,,,,,,,,,,,,,,,
20181102,0.16673967242240906,0.5415732860565186,0.34703606367111206,0.3223385512828827,0.28674840927124023,2.169041872024536,0.4116290211677551,0.3363184928894043,2.4031529426574707,6.921197891235352,0.7562562227249146,0.47282087802886963,0.16746239364147186,0.34974634647369385,0.18958432972431183,0.22564727067947388,,0.3285616338253021,0.2750321924686432,0.25251504778862
20181103,,,0.20103569328784943,,,,,,,,,,0.1762314885854721,0.1379716545343399,0.14530456066131592,0.19735196232795715,,0.3038886487483978,0.28449782729148865,
20181104,,,,,,,,,,,,,,,,,,,0.4873885214328766,0.626969039440155
20181105,0.12695547938346863,1.435738205909729,,0.12580859661102295,,,0.2024698257446289,,,,,,,,,,,,0.1853030025959015,0.13344059884548187
20181106,0.13459356129169464,0.21638737618923187,,0.10338517278432846,0.1315382868051529,0.7275714874267578,0.24940402805805206,0.24182462692260742,,,,,,,,,,,,
20181107,0.1658608764410019,0.4484851062297821,0.2866411507129669,0.1629887968301773,0.2327948361635208,0.961751401424408,0.3787100315093994,0.3337063491344452,,,0.5290065407752991,0.4411943852901459,0.15153264999389648,0.28693264722824097,0.26387426257133484,0.20986877381801605,,0.2586990296840668,0.202078178524971,0.17159749567508698
20181108,0.1797453910112381,0.5384299159049988,0.4092062711715698,0.2014298439025879,0.23968841135501862,1.4799679517745972,0.47474148869514465,0.362613707780838,1.752170443534851,1.9645553827285767,,0.6936396360397339,,,,0.12732508778572083,,0.32134073972702026,0.41601577401161194,0.23924009501934052
20181109,,,0.20679613947868347,0.4268839657306671,0.3802873194217682,1.7914739847183228,0.4975976049900055,0.40786492824554443,2.231884241104126,3.7502148151397705,0.8686622977256775,0.542081356048584,0.2014957219362259,0.33304938673973083,0.1945444941520691,0.2423441857099533,,0.3292626440525055,0.28309813141822815,0.35808271169662476
20181110,,,,,,,,0.21811537444591522,,,,,0.13923271000385284,0.3462688624858856,0.1502607762813568,0.13663218915462494,,0.1736764907836914,0.21898749470710754,0.47314754128456116
20181111,,,,,0.24079106748104095,1.431501030921936,0.4616159498691559,0.3551304042339325,,,0.36557674407958984,,0.1908586621284485,0.4100572168827057,0.17411862313747406,,,0.24800176918506622,,0.845288872718811
20181112,0.11964676529169083,,,,,,,,,,,,,,,,,,,
20181113,,,0.1357325315475464,0.14547958970069885,0.369137167930603,1.467932105064392,0.2614593505859375,0.4160444736480713,2.415987730026245,2.2926735877990723,0.5896269083023071,0.5353827476501465,0.17825902998447418,0.6919171214103699,,,,,,
20181114,,1.1140986680984497,0.859568178653717,0.13786013424396515,0.19067534804344177,1.7488640546798706,0.39939722418785095,0.2640247344970703,,2.882158041000366,0.211536705493927,0.5515405535697937,0.1307985782623291,0.13188129663467407,,0.2337244749069214,,,0.20083728432655334,0.11108625680208206
20181115,0.2046225517988205,,,,,,,,,,,1.119339942932129,0.23431436717510223,0.2110152244567871,0.19460715353488922,0.258591890335083,,0.4751485586166382,0.33497658371925354,0.18153735995292664
20181116,0.18635410070419312,0.8335487842559814,0.5060482025146484,0.13209764659404755,0.12396823614835739,,,,,,,,0.1643904745578766,,,,,,,0.8220815658569336
20181117,0.2139548808336258,0.8960334062576294,0.25483012199401855,0.29933133721351624,0.2395782768726349,1.2727407217025757,0.4188292920589447,0.3412921130657196,,,0.4106694459915161,0.42869916558265686,0.16515958309173584,0.30070334672927856,0.1875024139881134,0.25737643241882324,,0.31363314390182495,0.3155573606491089,
20181118,0.1845526099205017,0.26337724924087524,0.23449461162090302,0.1254352331161499,0.21788504719734192,1.5593565702438354,0.5489931702613831,0.4046843349933624,1.9954975843429565,2.6389224529266357,0.5498529076576233,0.45463868975639343,0.21977385878562927,0.8923341631889343,0.2076515108346939,0.2599201798439026,,0.32735776901245117,0.2795650064945221,0.4621488153934479
20181119,,,,,0.17131085693836212,,,0.21250757575035095,,,,,0.15716558694839478,,,,,0.2139952927827835,,0.4774845540523529
20181120,,,,,,,,,,2.1888856887817383,,0.349631130695343,,0.24581070244312286,0.2091277837753296,0.19025969505310059,,0.15711484849452972,,
20181121,,,,,,,,,,,,,,,,,,,,0.5130122900009155
20181122,0.21705321967601776,0.2719690799713135,0.5944007635116577,0.30791768431663513,0.39366161823272705,,,,,,,,,,,,,,,
20181123,,,0.29734694957733154,0.3547765612602234,0.3907162845134735,1.9398239850997925,0.5320708155632019,0.43391597270965576,2.5946288108825684,3.292419672012329,0.772030234336853,1.2364943027496338,0.315091073513031,0.5332614779472351,0.36286136507987976,,,,,
20181124,0.3237333595752716,0.8461007475852966,0.6149958968162537,,,,,,,,,,,,,,,0.28037142753601074,,0.16659043729305267
20181125,,,,,0.4133903682231903,2.1635549068450928,0.6364317536354065,0.5419766306877136,2.304759979248047,3.4394121170043945,0.8426516652107239,1.0971356630325317,0.30002865195274353,0.4869474768638611,0.2807881832122803,,,0.2326529175043106,0.2600853741168976,0.2045292854309082
20181126,0.19486530125141144,,,,,,,,,,,,,,,,,,0.2744388282299042,0.9864478707313538
20181127,0.238345667719841,0.3483429551124573,0.24945323169231415,0.17051103711128235,0.1711745709180832,,,,,,,,,,,,,,,
20181128,0.23276299238204956,0.7360450625419617,0.4202805459499359,0.22981810569763184,0.2879014015197754,1.2628496885299683,0.4003053605556488,0.2240700125694275,,,0.574200451374054,,0.17092524468898773,0.36432987451553345,,0.2983582317829132,,0.178201824426651,0.14582303166389465,
20181129,0.22694678604602814,0.7521662712097168,0.45278772711753845,0.39711666107177734,0.34391728043556213,1.534886360168457,0.42786747217178345,0.4044724106788635,2.234654426574707,2.104673385620117,0.7273379564285278,0.6683175563812256,0.21982358396053314,0.4217686653137207,0.2673560678958893,0.35260874032974243,,0.46515870094299316,,0.2866315245628357
20181130,,,0.2511194050312042,0.542469322681427,0.38043972849845886,1.6886426210403442,0.45458897948265076,0.43111318349838257,2.147667407989502,2.8930909633636475,0.7606735825538635,0.7310599684715271,0.2083776295185089,0.7576500177383423,0.24361561238765717,0.3145925998687744,,0.31941336393356323,0.2522948086261749,0.39524102210998535
20181201,,,,,,,,,,,,,,,,,,,,0.376668781042099
20181202,0.19276805222034454,0.7548996806144714,0.3188091814517975,,,,,,,,,,,,,,,,,
20181203,0.19437375664710999,0.5979803204536438,0.4268456697463989,0.18495669960975647,0.2936303913593292,0.9570846557617188,0.4287700653076172,0.38195356726646423,,2.5815060138702393,0.5709450244903564,0.6075082421302795,,0.32185110449790955,0.40068477392196655,,,,,
20181204,,,0.2575032413005829,0.24547962844371796,0.3086981475353241,1.5530728101730347,0.43044713139533997,0.32903099060058594,1.6144163608551025,2.206298828125,0.5703549981117249,0.5688976049423218,0.21277296543121338,0.3139207363128662,0.2795735001564026,0.45024392008781433,,0.30592605471611023,0.2460998147726059,0.30276891589164734
20181205,0.2405918389558792,0.8480032086372375,0.7661101222038269,0.37256938219070435,0.3313182592391968,1.7795547246932983,0.4956245422363281,0.4241536557674408,1.9339123964309692,4.176157474517822,0.7595806121826172,0.6023081541061401,0.2015058696269989,0.7322844862937927,0.2532182037830353,0.41497522592544556,,0.3547060787677765,0.3381772041320801,0.6170408129692078
20181206,,,,,,2.1953673362731934,0.9495226144790649,,2.127716541290283,4.004300117492676,0.7282345294952393,0.6063912510871887,,0.395492821931839,0.23820367455482483,0.3400709331035614,,0.4465963840484619,0.2787628173828125,0.4980129301548004
20181207,,,,,,,,,,,,,,,,,,,,0.3804328441619873
20181208,,,,,,,,,,,,,0.15724501013755798,,,,,,,
20181209,,,,,0.18890421092510223,,,0.2838938236236572,,,,,0.27416691184043884,,,,,0.30888018012046814,0.269600510597229,0.2268531322479248
20181210,,,0.21945106983184814,0.49639493227005005,0.381666898727417,,,0.31985780596733093,,,0.5221265554428101,,0.22985722124576569,0.6525102257728577,0.25422343611717224,0.3320329189300537,,0.3570019006729126,0.29913562536239624,0.5412095785140991
20181211,,,,2.6110990047454834,0.30380716919898987,,,0.37229055166244507,,,0.4799119532108307,,0.24711915850639343,0.4670711159706116,,0.23968365788459778,,0.4218425452709198,0.2983749210834503,0.5148627758026123
20181212,,,,,,,,,,,,,,,,,,,,0.36587095260620117
20181213,0.14880573749542236,,,,,,,,,,,,,,,,,,,
20181214,0.16721266508102417,,,,,,,,,,,,,,,,,,,
20181215,0.1541280448436737,0.17837126553058624,,,,2.733821392059326,0.70255047082901,0.4366770088672638,,2.766400098800659,0.9471791386604309,1.038209080696106,,0.5800809860229492,0.5813522338867188,0.48422929644584656,,,,
20181216,,,0.9000394940376282,0.2448466420173645,0.5259720683097839,2.3765621185302734,0.827151358127594,0.3806711435317993,,,0.5349578857421875,0.5003409385681152,0.18700388073921204,,,,,0.45567065477371216,0.31809335947036743,0.2621311843395233
20181217,,,,,,,,,,,,,,,,,,,0.18735116720199585,0.3991686701774597
20181218,,,,,,,,,,,,,,,,,,,,0.5811722874641418
20181219,,,0.3386555016040802,0.3796845078468323,0.41065874695777893,2.56141996383667,0.6529885530471802,0.4921899139881134,2.529966115951538,6.635961532592773,0.7378489971160889,0.7592856884002686,0.2904965877532959,0.43165427446365356,0.41021525859832764,0.4081331491470337,,,,
20181220,0.11213775724172592,,0.29793038964271545,0.3416502773761749,0.25448858737945557,2.013326644897461,0.5238196849822998,0.3398117423057556,2.316112995147705,3.029909133911133,0.5189124941825867,0.6909599900245667,0.2298102080821991,0.40170982480049133,,0.3024179935455322,,0.5431002974510193,0.11163900047540665,0.12280619144439697
20181221,,0.7164345383644104,0.5716709494590759,0.3199155330657959,0.31240710616111755,2.037687301635742,0.42566877603530884,0.2865854501724243,,3.388439893722534,0.49058669805526733,0.650132954120636,0.2139308601617813,0.273281455039978,0.2745971977710724,0.28132352232933044,,0.5783714056015015,0.33461543917655945,
20181222,,,,,,2.8655054569244385,,0.3727439045906067,2.6065945625305176,3.252570867538452,0.7541741132736206,0.849907398223877,,0.4806267321109772,0.28764209151268005,0.34123924374580383,,0.7978026866912842,0.3667695224285126,0.5008342266082764
20181223,0.19568827748298645,0.7218979001045227,0.5127902626991272,0.3909456133842468,,,0.3219412863254547,,,,,,,,,,,,,0.8002080321311951
20181224,0.25113651156425476,0.24634937942028046,0.2539465129375458,0.2590036690235138,0.30415332317352295,,0.6225510835647583,0.4032301604747772,2.7137115001678467,3.707502603530884,0.734646201133728,1.1838687658309937,0.26725825667381287,0.536206841468811,0.2513648271560669,0.1876562386751175,,,,
20181225,0.19210723042488098,0.6628226637840271,0.40044674277305603,0.3512679934501648,0.341285765171051,2.280832529067993,0.4103226959705353,0.43070441484451294,3.17341685295105,3.212855100631714,0.8749876022338867,0.5904658436775208,0.25944972038269043,0.3549252450466156,0.24477519094944,0.24670550227165222,,0.38670340180397034,0.15482322871685028,
20181226,0.2043599933385849,0.6739057302474976,0.5487964749336243,0.5453457832336426,0.41345030069351196,2.080695629119873,0.46668997406959534,0.43930572271347046,2.6245477199554443,2.665419101715088,0.85330730676651,0.5971734523773193,0.28657567501068115,0.4951353073120117,0.2256234735250473,0.23819796741008759,,0.46493521332740784,0.2379022240638733,0.6425794959068298
20181227,,,,,,2.3865795135498047,0.6061373353004456,0.9124175310134888,,,0.775176465511322,0.48293182253837585,,,0.1695103794336319,0.24769793450832367,,,,0.45429879426956177
20181228,,,,,,,,,,,,,,,,,,,0.20333151519298553,0.5295522809028625
20181229,0.1369476020336151,,0.9006436467170715,0.19238263368606567,0.19378039240837097,,,0.20286865532398224,,,,,0.2205919325351715,,,,,,,
20181230,0.19634006917476654,0.6151076555252075,0.46549248695373535,0.36116981506347656,0.4220125675201416,1.0898066759109497,0.4265452027320862,0.4279651343822479,,,0.5119883418083191,,0.2652510702610016,0.37694355845451355,0.24709270894527435,0.2835160791873932,,0.3445064127445221,0.19065366685390472,
20181231,0.20992831885814667,0.6929576396942139,0.545864462852478,0.4474698603153229,0.3605903387069702,1.7651009559631348,0.4534037113189697,0.393184095621109,2.772722005844116,2.660773992538452,0.7933865785598755,0.8054180145263672,0.2521384358406067,0.3684501349925995,0.23570697009563446,0.2753089666366577,,0.3263852000236511,0.20192500948905945,0.46431174874305725
20190101,,,,0.64435213804245,0.41984260082244873,1.7901499271392822,0.4784861207008362,0.5287624597549438,2.681187629699707,3.6316118240356445,0.8523675799369812,0.7914485335350037,0.236332967877388,0.648247480392456,0.22499951720237732,0.2753904461860657,,0.31875309348106384,0.1618836224079132,0.5754822492599487
20190102,,,,,,,,,,,,,,,,,,0.7376136779785156,0.1541271209716797,2.1007912158966064
20190103,0.2843213379383087,0.9096906781196594,0.5417192578315735,0.6291624307632446,0.32240524888038635,,,,,,0.7310490608215332,0.6788918972015381,,,,0.2394176870584488,,,,1.4348245859146118
20190104,0.24796514213085175,0.20968233048915863,1.050756573677063,0.21784156560897827,0.2313316911458969,,,0.377460241317749,,,,,0.206268772482872,0.3253839612007141,,,,,,
20190105,0.1684790551662445,0.7276305556297302,0.5490948557853699,0.2622233033180237,0.27254846692085266,1.8611007928848267,0.469634085893631,0.43195974826812744,,2.4644992351531982,0.628073513507843,0.7790539860725403,0.20422664284706116,0.4785558581352234,0.2609405219554901,0.26520273089408875,,0.2980758249759674,0.1356794238090515,0.25203049182891846
20190106,0.26575347781181335,0.71673184633255,0.6016417741775513,0.41207370162010193,0.39276453852653503,2.0235612392425537,0.476145476102829,0.440629243850708,2.550936698913574,3.470893383026123,0.8544152975082397,0.9515416622161865,0.2181335985660553,0.47980621457099915,0.23137353360652924,0.24829252064228058,,0.3286312222480774,0.11132597923278809,0.7959367632865906
20190107,,,,,,,,,,,,,,0.49253514409065247,0.23256544768810272,,,,0.14611807465553284,0.6071125864982605
20190108,0.13713130354881287,0.18218755722045898,,,,,,,,,,,,,,,,,,1.643957495689392
20190109,0.23241451382637024,0.2634830176830292,,0.2769400179386139,0.3303458094596863,2.018462657928467,0.5130165219306946,0.48312631249427795,2.5323734283447266,3.477149248123169,0.8584610223770142,1.1126351356506348,0.2396322786808014,0.5749551057815552,0.2962441146373749,0.18380095064640045,,0.3108706772327423,,
20190110,0.2798062562942505,0.7559475898742676,0.5050316452980042,0.4037342071533203,0.4020043909549713,2.1738247871398926,0.47275644540786743,0.3277798593044281,3.409684658050537,3.8247270584106445,0.8919876217842102,0.8900129795074463,0.23443099856376648,0.28958508372306824,0.22936400771141052,0.26682206988334656,,0.25038328766822815,0.21155370771884918,1.6968469619750977
20190111,0.32200273871421814,0.8577795028686523,0.34307119250297546,0.4047395884990692,,1.6788519620895386,0.7282654047012329,0.3657495975494385,,,,,0.24312296509742737,,,0.241080641746521,,0.3592074513435364,0.18433429300785065,0.5829872488975525
20190112,,,,,,2.799924373626709,0.615001380443573,0.8034068942070007,3.1049880981445312,3.4067442417144775,0.9573067426681519,0.9991254806518555,,0.5358722805976868,0.2574429512023926,0.23712006211280823,,0.4986380636692047,0.17694568634033203,0.18430973589420319
20190113,0.2964082360267639,,,,,,,,,,,,,,,,,,0.23637020587921143,0.6400088667869568
20190114,0.268458753824234,0.22663289308547974,0.45025870203971863,1.181632161140442,0.3348977267742157,2.5261988639831543,0.45439115166664124,0.4903625547885895,2.9307785034179688,4.7910895347595215,0.8371255397796631,0.7428791522979736,0.25888752937316895,0.500984787940979,0.3709411025047302,0.23510360717773438,19.642045974731445,0.44715648889541626,,
20190115,0.28546005487442017,1.4340629577636719,0.5571434497833252,0.5899410843849182,0.2809177339076996,0.9362152814865112,0.394156813621521,0.40729987621307373,1.9053330421447754,3.4636597633361816,0.744046688079834,0.7978836894035339,,0.376550555229187,0.270187646150589,0.26665031909942627,,0.6612731218338013,0.2566942870616913,0.2748091220855713
20190116,,,,,,,,0.4035521447658539,,,0.6358197331428528,,0.2797929048538208,0.6836298704147339,0.2425159364938736,,,0.229386568069458,,
20190117,,,,,,,,,,,,,,,,,,,,
20190118,,,,,,,,,,,,,,,,,,,,
20190119,,,,0.17221687734127045,0.2431247979402542,,,0.2265629768371582,,,,,0.2171049565076828,0.21044109761714935,,,,,,
20190120,,,0.34562620520591736,0.20333388447761536,0.2999160885810852,2.071321725845337,0.44208356738090515,0.38961461186408997,2.962752103805542,3.8842146396636963,0.5354990363121033,0.6381740570068359,0.24250154197216034,0.6435192227363586,0.21665024757385254,0.25575703382492065,,0.5380743145942688,0.11945692449808121,
20190121,0.2955089509487152,0.36178460717201233,0.36986616253852844,0.7400695085525513,0.4234990179538727,2.078075408935547,0.47315099835395813,0.4573109447956085,3.483626127243042,4.095308780670166,0.8309412598609924,0.8955487608909607,0.24173949658870697,0.6835002303123474,0.21865245699882507,0.24755635857582092,,0.44125205278396606,,2.351973295211792
20190122,0.3573914170265198,0.8828951716423035,0.7870057225227356,0.6649664640426636,0.5162401795387268,1.0430941581726074,0.5791105031967163,0.43516167998313904,2.5560965538024902,3.652372121810913,1.1438438892364502,0.9095460772514343,0.25002187490463257,0.4716191291809082,0.34189721941947937,0.2669050991535187,27.40199851989746,0.4102540910243988,0.2661978304386139,0.6513367891311646
20190123,,,,,,3.068007469177246,0.9666630029678345,,3.2133333683013916,5.013887405395508,1.125891089439392,0.8133622407913208,,,0.39164167642593384,0.26821234822273254,27.854324340820312,0.5338643193244934,0.3387269675731659,0.9846693277359009
20190124,0.2461576759815216,0.2127542495727539,0.1803099364042282,,,,,,,,,,,,,,,,,0.6832973957061768
20190125,0.20495940744876862,,,,,,,,,,,,,,,,,,,
20190126,0.2013203650712967,,0.15450873970985413,0.18451721966266632,,3.985787868499756,0.27249178290367126,,1.86388099193573,2.653078079223633,0.6954731941223145,,0.1800302118062973,,,0.23038546741008759,,0.7153930068016052,0.2834556996822357,0.5979151725769043
20190127,0.2256242036819458,0.8546062707901001,0.6641618609428406,0.2874668836593628,0.36975347995758057,1.0243277549743652,0.4711179733276367,0.3514731228351593,2.5465385913848877,2.453981637954712,0.7102672457695007,0.6559853553771973,0.1914321780204773,0.2235964685678482,0.15551213920116425,0.20019909739494324,,0.4405815601348877,0.1729646921157837,0.43151548504829407
20190128,,,,,0.44699305295944214,2.4058823585510254,0.5113255977630615,0.5135370492935181,3.2875401973724365,4.258635520935059,0.9977995753288269,0.7395556569099426,0.23846687376499176,0.9386513829231262,0.2915690839290619,0.2147173136472702,24.659757614135742,0.4443615674972534,0.20336441695690155,0.6833664178848267
20190129,0.24019046127796173,0.6867015957832336,0.2505437135696411,,,,,0.1839532107114792,,,,,,,,,,,0.18815729022026062,0.5822566747665405
20190130,0.25390347838401794,0.8229464292526245,0.6519088745117188,0.3377242088317871,0.3606753647327423,2.4261395931243896,0.5784982442855835,0.5764330625534058,4.083644866943359,6.806818962097168,1.0097826719284058,0.7036874294281006,0.22629289329051971,0.47018980979919434,0.2215842455625534,0.22589512169361115,,,,
20190131,0.22721530497074127,0.6768278479576111,0.4959690570831299,0.3735966086387634,0.3823031783103943,2.180806875228882,0.48838046193122864,0.3613896667957306,2.501967191696167,4.350836753845215,0.6818717122077942,0.7024070620536804,0.20314723253250122,0.4631669223308563,0.1452805995941162,0.22156311571598053,,0.2740662395954132,0.18512439727783203,0.2113724946975708
20190201,0.2854991853237152,0.8183519840240479,0.6534323692321777,0.5950028300285339,0.49283817410469055,2.348253011703491,0.6091814637184143,0.5254297852516174,2.7336583137512207,2.986506938934326,0.7999503016471863,0.9407346248626709,0.23674577474594116,0.438048779964447,0.1920824646949768,0.269985169172287,,0.4117981195449829,0.23435018956661224,0.5959550738334656
20190202,,,0.6904051303863525,0.6175292730331421,0.5215890407562256,2.6394283771514893,0.6169964075088501,0.6217272281646729,2.9530537128448486,4.380283832550049,0.8393577933311462,0.7349554300308228,0.25473976135253906,0.6401559710502625,0.3153110146522522,0.2896711528301239,21.91783332824707,0.4118475019931793,0.21941301226615906,0.67587810754776
20190203,0.21809306740760803,,,,,,,,,,,,,,,,,,0.19042646884918213,1.021903395652771
20190204,0.3501471281051636,0.7802557349205017,0.7395959496498108,0.42860567569732666,0.26271194219589233,,,,,,,,0.14331938326358795,,,,,,,
20190205,0.23446108400821686,,,,0.22547049820423126,,0.6912121176719666,0.5673612952232361,2.6859569549560547,3.7467572689056396,0.8608534932136536,0.9764217734336853,0.2886306941509247,0.5206621289253235,0.21781378984451294,0.23599745333194733,,0.5743657350540161,0.7339737415313721,
20190206,0.2823788821697235,0.8176518082618713,0.6281226873397827,0.6233619451522827,0.4426652491092682,2.472407817840576,0.507573664188385,0.4924856126308441,2.995145559310913,3.0248465538024902,0.771803617477417,0.6509407162666321,0.21617060899734497,0.5289379954338074,0.4093514382839203,0.23086172342300415,30.28771209716797,0.24018049240112305,,0.3997798264026642
20190207,0.3888775110244751,0.4965500831604004,0.6261049509048462,0.7013309001922607,0.4064596891403198,2.4156408309936523,0.5253849625587463,0.49043604731559753,2.9581072330474854,3.214594841003418,0.8514017462730408,0.8150399923324585,0.19349701702594757,0.44160836935043335,0.15575098991394043,0.3248806297779083,,0.671038031578064,0.21417833864688873,0.4863051474094391
20190208,,,,,,,,,,,,1.1178805828094482,,,0.1756461262702942,0.20512402057647705,,0.36197757720947266,0.11560898274183273,0.6493936777114868
20190209,0.22594091296195984,0.20395413041114807,0.31764817237854004,0.2362312376499176,,,,,,,,,,,,,,,,0.5020427107810974
20190210,0.28819507360458374,0.331826388835907,,,0.40906473994255066,2.5555403232574463,0.5014863014221191,,,2.74297833442688,,0.8610424399375916,,,,0.2569766640663147,,0.4946010112762451,0.06522651016712189,
20190211,0.265696257352829,0.6856293678283691,0.4848608374595642,0.36906859278678894,0.5153511166572571,2.828336715698242,0.6286848187446594,0.4647147059440613,,,,,0.17390234768390656,0.517420768737793,,,,0.17223109304904938,,
20190212,0.14725768566131592,0.19020390510559082,0.22483038902282715,0.29337942600250244,0.3328060805797577,,0.6614430546760559,0.5580919981002808,2.8511204719543457,3.0911521911621094,0.61284339427948,,0.2041669487953186,0.32592594623565674,0.24328696727752686,0.28578054904937744,,0.3214115798473358,0.18818087875843048,0.12722109258174896
20190213,,,,,0.44624897837638855,2.301915168762207,0.8281817436218262,0.5469292402267456,2.8909406661987305,3.441861152648926,0.7276179194450378,0.9430192708969116,0.1869889497756958,0.26720473170280457,0.3840745687484741,0.3459392189979553,,0.39231792092323303,0.202243372797966,0.5865331888198853
20190214,0.33390429615974426,0.7688299417495728,0.5283181071281433,0.3210718035697937,0.912169337272644,,0.5744578838348389,0.6441817283630371,,,,,0.32897326350212097,0.7993519306182861,,,,,0.22463910281658173,0.8405683636665344
20190215,0.2807168960571289,0.24208983778953552,0.42122822999954224,0.5108338594436646,0.43343743681907654,1.899185299873352,0.7579807043075562,0.5526464581489563,2.499295949935913,3.880260944366455,0.784567654132843,0.9018852114677429,0.2736247777938843,0.477851003408432,0.36283013224601746,0.36538371443748474,23.507404327392578,0.43831464648246765,0.28869473934173584,
20190216,0.3226222097873688,0.7378066778182983,0.5245257616043091,0.3782733082771301,0.42144128680229187,2.5618319511413574,0.5681147575378418,0.4968598484992981,2.271125316619873,3.589651584625244,0.6188586950302124,0.7269098162651062,0.2692248523235321,0.44035422801971436,0.23553796112537384,0.3019561171531677,,0.4368680417537689,0.16562052071094513,0.8149011731147766
20190217,0.3775840997695923,0.8513031005859375,0.8527198433876038,0.7108028531074524,0.6789020299911499,4.917799949645996,0.6297304034233093,,2.765000343322754,5.389410018920898,,1.0425876379013062,,,,,,0.2970023453235626,0.232534259557724,0.19350875914096832
20190218,,,0.39792150259017944,0.5089994668960571,0.6224337816238403,3.1694602966308594,0.7738422751426697,0.6261117458343506,,2.714559316635132,0.7094955444335938,0.8993262648582458,0.2505093216896057,0.7599754929542542,,0.17142154276371002,,0.28835925459861755,,0.7483160495758057
20190219,0.3301769196987152,0.2525457441806793,0.22812119126319885,,,,,,,,,,,,0.27315524220466614,0.40099531412124634,,0.4454411268234253,0.2292001098394394,0.14934292435646057
20190220,0.3454519808292389,0.9255191683769226,0.6666988730430603,0.6469054222106934,0.4768834710121155,3.0876541137695312,0.9318850636482239,0.5835856199264526,2.4788506031036377,3.6062748432159424,0.9950408935546875,0.9311348795890808,0.24813997745513916,0.26002535223960876,0.17478202283382416,,,0.16903723776340485,,0.22123298048973083
20190221,0.3687771260738373,0.7374936938285828,0.521098792552948,0.38926246762275696,0.39803269505500793,2.6091136932373047,0.745867908000946,0.5276849865913391,2.8041110038757324,4.307954788208008,0.7377030253410339,0.8777273893356323,0.2533923089504242,0.43824702501296997,0.286408007144928,0.30437755584716797,,0.7531735301017761,,1.0626893043518066
20190222,0.39205846190452576,0.744131863117218,0.6097134947776794,0.557345986366272,0.5509541630744934,2.494668483734131,0.6752039194107056,0.591374397277832,2.7156875133514404,3.334209442138672,0.7605687379837036,0.8387892842292786,0.2658819556236267,0.4926411807537079,0.2602696716785431,0.3792002201080322,,0.49286070466041565,0.284912109375,1.6192822456359863
20190223,0.46933475136756897,0.83631831407547,0.8521362543106079,0.7801137566566467,0.5447582602500916,2.4588871002197266,0.6746747493743896,0.5729670524597168,2.5806100368499756,3.2228381633758545,0.8051802515983582,0.8621581792831421,0.27687546610832214,0.6484567523002625,0.34428268671035767,0.3616597354412079,23.177854537963867,0.4337345063686371,0.26030850410461426,0.7155926823616028
20190224,0.3891619145870209,0.9818068146705627,0.9322207570075989,1.0323283672332764,0.6677807569503784,2.639523506164551,0.7242626547813416,0.5813050270080566,2.9674432277679443,4.38067102432251,0.8868842124938965,0.7968744039535522,0.28172552585601807,0.7230666279792786,0.3404071033000946,0.36443090438842773,,0.4706245958805084,0.292372465133667,0.696010410785675
20190225,0.3794803023338318,1.6602928638458252,1.0302213430404663,1.6740870475769043,0.47507569193840027,3.844451427459717,0.5949651002883911,0.5730895400047302,4.025598526000977,3.976447582244873,0.9502617120742798,0.7961718440055847,0.30699416995048523,0.5540303587913513,0.23719298839569092,0.2095482349395752,,0.8250279426574707,0.22867995500564575,0.7293884754180908
20190226,0.6069075465202332,0.5181328654289246,1.2000412940979004,1.3071796894073486,0.45144376158714294,3.8321032524108887,0.6560021638870239,0.593351423740387,3.2859046459198,7.1065802574157715,0.7992772459983826,0.8495498299598694,0.2905523478984833,0.5470012426376343,0.24981926381587982,0.3507837951183319,,1.3626364469528198,,1.3851407766342163
20190227,0.39648622274398804,1.137717604637146,0.8569017648696899,1.1855525970458984,0.48445552587509155,4.18800163269043,0.6016678214073181,0.5676930546760559,4.978843688964844,6.795354843139648,1.0160272121429443,0.9012101292610168,0.2862972915172577,0.4956190586090088,0.2938339114189148,0.36489593982696533,,1.0318541526794434,0.3306134045124054,0.6178295016288757
20190228,0.4105546772480011,0.529629111289978,0.505686342716217,1.1388280391693115,0.6164354681968689,3.1321544647216797,0.7410833835601807,0.6765667200088501,,3.5813229084014893,1.0348187685012817,,0.31485339999198914,0.6054373979568481,0.2973285913467407,,,0.9215263724327087,0.2055492103099823,
20190301,,,0.3755231201648712,1.3382359743118286,0.7982266545295715,4.3527750968933105,0.7652902007102966,0.7383114695549011,4.0039873123168945,8.057559967041016,1.2695624828338623,0.9821000695228577,0.27666813135147095,0.9297358989715576,0.41788625717163086,0.37875109910964966,30.711456298828125,0.9976956248283386,0.3825090229511261,1.2696373462677002
20190302,0.28980252146720886,1.2248010635375977,3.7964038848876953,1.0012786388397217,0.7665247917175293,1.8556547164916992,0.5107296705245972,0.4054299294948578,4.693976402282715,9.989631652832031,1.4992581605911255,1.4081647396087646,0.28794556856155396,1.0904195308685303,0.8078184723854065,0.44302797317504883,28.668676376342773,0.927722156047821,0.3380396366119385,0.9500653743743896
20190303,0.5254186987876892,0.88123619556427,1.2313696146011353,0.30060145258903503,0.3046783208847046,3.094986915588379,,0.5057512521743774,,,0.3959951400756836,,0.264082133769989,0.5183463096618652,0.17475983500480652,,,0.43702229857444763,0.3231683075428009,
20190304,0.284374475479126,0.29203006625175476,0.9340780973434448,0.9000604748725891,0.5421367287635803,,1.073162317276001,0.46821558475494385,,,,,0.2656083106994629,0.3798132538795471,0.20646484196186066,0.28192925453186035,,0.36844000220298767,0.21176794171333313,0.6026469469070435
20190305,0.24472422897815704,0.22405996918678284,0.7741706371307373,0.43668851256370544,0.4361596703529358,2.462646722793579,0.6052973866462708,0.3902091979980469,,,0.5337753891944885,0.56621253490448,,0.2509436309337616,0.15375302731990814,0.1708713173866272,,0.3695808947086334,0.20378904044628143,0.1729961633682251
20190306,,1.9793950319290161,0.6359392404556274,0.4815714657306671,0.4556276798248291,2.6459953784942627,0.7967484593391418,0.5000897645950317,,,0.8730859160423279,1.0970088243484497,0.20611871778964996,0.25666871666908264,0.2189694046974182,0.21722806990146637,,0.35530322790145874,0.17500971257686615,0.48532265424728394
20190307,0.45093846321105957,,,,0.8850333094596863,3.2347631454467773,1.143997073173523,,2.8879268169403076,,,,0.24137306213378906,,0.31698423624038696,0.4031471908092499,,0.4965236186981201,0.20295722782611847,0.5601229667663574
20190308,,,,,,,,,,,,,,,,,,,,
20190309,0.4608702063560486,1.394372582435608,3.2619757652282715,0.42009639739990234,0.4752110540866852,2.767693281173706,0.7423123121261597,0.6163565516471863,3.034095525741577,5.774810314178467,0.9731048345565796,,0.2262975126504898,,,0.3303852379322052,,0.3460189402103424,0.2232525795698166,0.5454644560813904
20190310,,,,,,,,,,,,,,,,,,,,
20190311,,0.16274890303611755,0.3359319567680359,0.3292238712310791,0.5552986860275269,2.5601112842559814,0.7743855714797974,0.4856750965118408,,3.300567388534546,0.6736171841621399,,,0.20696169137954712,0.1857321858406067,,,,,
20190312,0.3861987590789795,0.7463733553886414,1.2285504341125488,0.34260129928588867,0.43643420934677124,2.47525691986084,0.8392325639724731,0.682588517665863,2.940317392349243,3.8808352947235107,0.9940175414085388,1.105351209640503,0.3049190044403076,0.5551660656929016,,0.2892732322216034,,0.24407872557640076,0.19428154826164246,0.3957439959049225
20190313,0.36396485567092896,0.37250176072120667,0.44363224506378174,0.17173536121845245,,2.533181667327881,,,3.6552793979644775,6.552210807800293,0.9553046226501465,0.9616394639015198,,,0.30424803495407104,0.3618171215057373,,0.4866405129432678,0.27766475081443787,0.4307818114757538
20190314,0.4036795496940613,0.27976852655410767,0.716657280921936,0.5406537652015686,0.5378338098526001,2.6780314445495605,0.9918670654296875,0.825279176235199,2.789006233215332,4.257385730743408,0.8093684911727905,1.0244110822677612,0.28219518065452576,0.3861704468727112,0.3301413655281067,0.3823361396789551,,0.381821870803833,0.26094526052474976,0.5931494832038879
20190315,0.48909714818000793,0.7407330274581909,0.5822864174842834,0.4030343294143677,0.47565793991088867,3.0236642360687256,0.8076116442680359,0.6001926064491272,3.2443840503692627,3.9485268592834473,0.8743945360183716,0.8840086460113525,0.23826546967029572,0.3326399326324463,0.2591022551059723,0.4416511654853821,,0.4936608672142029,0.1627151221036911,0.3981265723705292
20190316,0.4931952655315399,0.5866701602935791,0.9140712022781372,0.7658463716506958,0.6328827142715454,2.2137291431427,0.7732500433921814,0.6599279046058655,2.601344347000122,3.5424044132232666,0.9030318260192871,0.9354792833328247,0.29526299238204956,0.5910276174545288,0.3285113275051117,0.36664584279060364,,0.4347962439060211,0.27290666103363037,0.41070815920829773
20190317,0.4706213176250458,1.2909488677978516,1.0826529264450073,0.8962848782539368,0.6459564566612244,2.5292153358459473,0.8395657539367676,0.74064040184021,2.5485801696777344,3.9147560596466064,0.9029662609100342,0.7785487771034241,0.292826771736145,0.7282842993736267,0.18177181482315063,0.5172856450080872,36.803428649902344,0.606322705745697,0.22489069402217865,0.6652539372444153
20190318,0.4406634569168091,1.1248836517333984,1.1483585834503174,0.7949219346046448,0.8016109466552734,4.8298563957214355,0.9252611398696899,1.141647458076477,,3.8738672733306885,,,,,0.239040806889534,0.553902804851532,,0.6832432746887207,0.27524688839912415,0.9145270586013794
20190319,0.5625256896018982,0.8457306027412415,0.6585263013839722,0.6677619218826294,0.5354977250099182,2.1333718299865723,0.8054006099700928,0.5994583368301392,2.088364601135254,2.8380625247955322,0.7416056394577026,0.6978400945663452,0.2562597990036011,0.7271285057067871,,0.3951813578605652,30.041515350341797,0.6531420350074768,,1.4517085552215576
20190320,0.494701623916626,0.6771696209907532,0.6433802247047424,0.5535150766372681,0.5225526690483093,2.311777114868164,0.6973686218261719,0.5914032459259033,2.4070568084716797,4.858620643615723,0.6812835335731506,0.9957504868507385,0.24900472164154053,0.4711117744445801,0.2576379179954529,0.40010935068130493,,0.8630322813987732,,
20190321,0.4059717357158661,0.5868168473243713,0.46563687920570374,0.505678653717041,,4.3562211990356445,,,,,,,,,,,,,,
20190322,,,,,0.6189447641372681,2.7645254135131836,0.7005099058151245,0.7499300241470337,3.0277719497680664,3.985745906829834,0.9282484650611877,0.8905073404312134,0.2714759111404419,1.2417070865631104,0.4685616195201874,0.3835182189941406,32.44096374511719,0.5652029514312744,0.35379207134246826,0.7064449191093445
20190323,,,,,0.4128049314022064,,0.6306027173995972,0.7411601543426514,2.138011932373047,3.1772348880767822,0.9214194416999817,0.7829596400260925,0.3563432991504669,0.8103256225585938,0.2632129490375519,0.3559707701206207,,0.8098385334014893,,0.6519116163253784
20190324,0.22248734533786774,0.1931859850883484,0.1446775496006012,0.2514311671257019,0.16775816679000854,,,,,,,,0.17136390507221222,0.13535045087337494,0.08982477337121964,0.18428359925746918,,0.30579882860183716,0.1876610815525055,0.519555926322937
20190325,0.42504772543907166,0.5692447423934937,0.2414296716451645,0.2924911677837372,0.22502760589122772,,,0.5955011248588562,,,,,0.30707889795303345,0.32685884833335876,,,,0.17324095964431763,0.29442098736763,0.24672828614711761
20190326,0.3993695378303528,0.6871441006660461,0.6606332063674927,0.35985296964645386,0.5145133137702942,2.2720963954925537,,0.5282363295555115,,2.9456443786621094,0.5771295428276062,1.4494026899337769,0.2143002450466156,0.34732699394226074,0.48294857144355774,0.5428323745727539,,0.39358988404273987,,0.1277228593826294
20190327,0.4786389172077179,0.6189478635787964,0.9791528582572937,0.800422728061676,0.6928132176399231,2.7473702430725098,1.03115975856781,0.8300155997276306,2.889744758605957,3.3996496200561523,1.082639217376709,1.6968777179718018,0.31729063391685486,0.8468161225318909,0.5954305529594421,0.46371978521347046,,0.5929546356201172,0.30131372809410095,0.8572221994400024
20190328,0.4304424226284027,1.0293461084365845,1.229360818862915,0.616705596446991,0.8010295629501343,2.653691291809082,0.9514910578727722,0.8425838947296143,3.0476512908935547,4.290567874908447,1.4684438705444336,1.1684988737106323,0.3746669292449951,1.0192933082580566,0.40930575132369995,0.45681652426719666,,0.4623086750507355,0.32920682430267334,0.8981456756591797
20190329,0.22498463094234467,2.2382359504699707,,,,3.308966875076294,,,,,,,0.22736212611198425,0.40650179982185364,0.3674725890159607,,,0.20472347736358643,,
20190330,0.3669024705886841,0.13477672636508942,0.19374655187129974,,0.09785475581884384,,,,,,,,0.10799448192119598,0.17421859502792358,,,,0.22538575530052185,,0.4417366087436676
20190331,0.42774516344070435,,,,1.0953470468521118,,,0.6231478452682495,,,0.7224397659301758,,,,,,,0.17066475749015808,0.1407705396413803,0.20474998652935028
20190401,0.5490250587463379,0.8725953698158264,0.9275127053260803,0.6105174422264099,0.6572714447975159,2.243177890777588,1.0718202590942383,0.7158145308494568,2.161637783050537,2.4546542167663574,0.844738245010376,1.101124882698059,0.37015143036842346,0.5321819186210632,0.8147720098495483,0.5801783204078674,,0.42349550127983093,0.3056342303752899,
20190402,0.5146936178207397,0.8117889761924744,1.0895541906356812,0.8185034990310669,0.6723287105560303,2.4854464530944824,0.9858532547950745,0.8161987066268921,2.4170546531677246,3.171395778656006,0.8721367716789246,0.883790135383606,0.3638029992580414,0.9537649154663086,0.741904616355896,0.8185175657272339,26.322498321533203,0.5117214918136597,0.35017767548561096,0.872124969959259
20190403,0.39666950702667236,,0.4049502909183502,,0.7646481394767761,3.322539806365967,0.7193301320075989,1.0118539333343506,,,,,,,,,,,,
20190404,0.5129116177558899,0.866845428943634,0.6829834580421448,0.2838561534881592,,2.150001049041748,0.9839858412742615,0.8666383624076843,2.3279621601104736,4.664838790893555,0.8514898419380188,0.8214322328567505,0.42873620986938477,0.5389557480812073,0.4949341118335724,0.7474868297576904,,0.4605008661746979,0.35500213503837585,0.4595014154911041
20190405,0.4744161069393158,0.6288995146751404,0.6947153806686401,0.32754817605018616,0.8048816919326782,4.134439468383789,,0.7698097825050354,,,,,0.4235124886035919,,,,,,,
20190406,0.45792633295059204,1.4931809902191162,0.795769989490509,0.4746313989162445,0.5927411317825317,2.2002153396606445,0.8412672281265259,0.7690209746360779,2.5572903156280518,2.7882065773010254,0.9888957738876343,1.0232083797454834,0.3334214389324188,0.6324799060821533,0.5301868915557861,0.5642053484916687,,0.5197965502738953,0.3255467414855957,
20190407,0.46903470158576965,0.698827862739563,0.948905885219574,0.4292188584804535,0.6397969722747803,2.6355724334716797,0.8667513728141785,0.615077793598175,2.735266923904419,3.2236032485961914,,0.9369945526123047,0.2834170460700989,0.3565254509449005,,,,0.19867785274982452,,1.579081416130066
20190408,0.41530483961105347,0.6917361617088318,0.4606013000011444,0.42942312359809875,0.34283646941185,2.2033133506774902,0.9832294583320618,0.6841479539871216,,,0.5690151453018188,,0.23484213650226593,0.4597766399383545,0.5748998522758484,,,0.1967317909002304,0.2869803011417389,
20190409,0.4363027513027191,1.145171046257019,0.9546285271644592,0.2923750579357147,0.2250625342130661,2.363192558288574,1.8910917043685913,0.5810566544532776,,2.892319440841675,,,0.17399148643016815,0.5344202518463135,0.5757326483726501,0.8531304001808167,,0.48493877053260803,0.3089255690574646,0.4381336569786072
20190410,0.5906471610069275,0.8847461342811584,0.6178761720657349,0.2900185286998749,0.28265416622161865,2.3097996711730957,1.1690235137939453,,2.5261621475219727,3.3103559017181396,,,0.1665082573890686,,,,,,0.2005447894334793,0.19936294853687286
20190411,0.5687768459320068,0.8668960928916931,0.6345423460006714,0.4376526176929474,0.7934401631355286,2.3452064990997314,1.027068018913269,0.8805336356163025,2.844484567642212,3.3167760372161865,1.0981292724609375,1.045532464981079,0.3875747621059418,0.7067301869392395,0.5697987675666809,0.7560178637504578,,0.5853838324546814,0.14074985682964325,0.22960013151168823
20190412,0.625272810459137,0.972868800163269,1.0724685192108154,0.630303680896759,0.734993577003479,2.204932689666748,0.8721279501914978,0.8180997967720032,2.6954684257507324,3.1752865314483643,1.0664632320404053,0.8421398401260376,0.41378140449523926,0.8397172689437866,0.5917590260505676,0.7282841205596924,,0.5367745161056519,0.3912576735019684,1.2086516618728638
20190413,,,,,,,,,,,,,,,,,,0.6369321942329407,,
20190414,0.6432662606239319,1.2321860790252686,0.7446933388710022,0.6054624319076538,0.6913877725601196,2.269442081451416,1.0518766641616821,0.7700239419937134,2.6514382362365723,4.8712849617004395,0.9212872385978699,0.946067750453949,0.36326608061790466,0.71382075548172,0.600320041179657,0.5975150465965271,,0.9181424975395203,0.43231910467147827,0.7372175455093384
20190415,0.6063108444213867,0.5498563647270203,,,,,,,,,,,,,,,,,,0.9136248230934143
20190416,0.5101229548454285,0.7509473562240601,0.7161026000976562,0.3996093273162842,0.7496150135993958,6.233822822570801,2.7895216941833496,1.2095683813095093,5.105863094329834,6.990374565124512,1.9065085649490356,0.8957570195198059,0.3782159686088562,0.7395254969596863,0.6228428483009338,0.6430031061172485,,0.7351037263870239,0.39889249205589294,0.6440152525901794
20190417,0.4307469427585602,0.5257437825202942,0.4841516315937042,0.2676036059856415,0.7073062062263489,,,0.7512770891189575,,,,,0.24229581654071808,0.41596725583076477,0.6649278998374939,,,0.49524015188217163,,
20190418,0.5127593278884888,0.9327035546302795,0.9837422966957092,0.5982429385185242,0.7282167077064514,2.6617002487182617,1.0695613622665405,0.89697265625,2.273526191711426,4.715014457702637,1.1349966526031494,0.9203763008117676,0.3774770200252533,1.1313551664352417,0.8556256294250488,,,0.49640563130378723,,
20190419,,,,0.4318276047706604,1.2569769620895386,3.0818052291870117,,,,,1.5288687944412231,,,,,,,,0.4003197252750397,0.8728336691856384
20190420,,,,,,,,,,,,,,,,,,,0.3556339740753174,0.6989607214927673
20190421,0.39594388008117676,0.48046573996543884,0.5780736804008484,0.3007660508155823,0.5023845434188843,0.9559415578842163,0.7821057438850403,0.8344504237174988,,,0.7427844405174255,0.6846922039985657,0.4117923080921173,0.5213484168052673,,,,,,
20190422,0.392296701669693,0.8308480381965637,0.6927824020385742,0.5833117365837097,0.5776148438453674,1.8600448369979858,0.6875322461128235,0.6786047220230103,2.2106995582580566,2.2014219760894775,1.0350453853607178,0.883558988571167,0.34340500831604004,0.7198288440704346,0.6225602626800537,0.603512167930603,,0.4066113531589508,0.38553690910339355,0.38863876461982727
20190423,0.5397016406059265,1.0733668804168701,1.1924341917037964,0.28758326172828674,0.4263599216938019,2.0189156532287598,0.8492163419723511,0.8019764423370361,2.3741836547851562,3.0619680881500244,1.1499266624450684,0.8559091687202454,,,0.5976147055625916,0.6167763471603394,,0.6390173435211182,,0.44435474276542664
20190424,0.403646320104599,0.17979677021503448,,0.7456800937652588,0.5762869715690613,2.1792707443237305,0.7268040180206299,0.5003681182861328,2.2123682498931885,2.5332911014556885,0.7920820713043213,0.856353223323822,0.3159700930118561,0.48000186681747437,,,,0.32896220684051514,0.2824709713459015,0.9798964262008667
20190425,,0.7019595503807068,1.1318857669830322,0.15149244666099548,0.48993363976478577,1.8608156442642212,0.6774238348007202,0.546129047870636,2.283496141433716,2.6383047103881836,0.6533963680267334,0.7886469960212708,0.3429596722126007,0.5602126121520996,0.6318109035491943,,,0.7018445134162903,,1.533280849456787
20190426,0.2478264719247818,0.29979002475738525,0.38441428542137146,,,,,,,,,,,,,,,0.21804527938365936,0.4269150495529175,0.5348520278930664
20190427,0.7418667078018188,1.0453349351882935,0.8058898448944092,0.613017737865448,0.8077303767204285,2.3097474575042725,0.8728736639022827,0.8304563760757446,2.3586068153381348,2.5808305740356445,1.0437910556793213,0.8647992610931396,0.5516096353530884,0.744367241859436,,,,,,
20190428,0.730403482913971,1.0906184911727905,1.3059310913085938,0.9752020835876465,0.983482301235199,2.4561567306518555,0.8705010414123535,0.819383442401886,2.3435957431793213,2.7150609493255615,1.262222409248352,,,,,,,0.20988823473453522,0.2085137814283371,
20190429,0.8955562710762024,1.003393292427063,0.9461333155632019,0.6706995368003845,0.7574074864387512,2.3117098808288574,0.8185330629348755,0.8008242845535278,2.61126446723938,3.3908934593200684,1.0862592458724976,0.8278141021728516,0.426065593957901,1.1042437553405762,0.6804658770561218,1.4197683334350586,,0.9629669189453125,,1.4176244735717773
20190430,,,,,,1.8074520826339722,0.7816280126571655,,,,,,,,,,,,,2.798130989074707
20190501,0.5442866086959839,,,,,,,,,,0.2900269031524658,,,,,,,0.2464010864496231,0.30703839659690857,0.6475209593772888
20190502,0.6727005243301392,0.5426552295684814,0.7159369587898254,,,1.9670193195343018,,,,,,,0.3284255564212799,,,,,0.34154823422431946,0.34175676107406616,
20190503,0.5842023491859436,0.7130134701728821,0.7103508114814758,0.618514358997345,0.4672333002090454,0.8986760377883911,0.6286931037902832,0.742890477180481,,,0.7070173025131226,,0.33309051394462585,0.5921624302864075,0.6494940519332886,,,0.5648577809333801,,1.1673097610473633
20190504,0.5664981603622437,0.7879646420478821,0.6087759137153625,0.41413450241088867,0.30687958002090454,0.9175912737846375,0.5385511517524719,0.8115244507789612,1.644545555114746,3.395341157913208,,1.0793278217315674,0.17721708118915558,,,,,,,0.6506545543670654
20190505,0.6444510221481323,0.8923563957214355,0.8525643944740295,0.4747886657714844,0.42188239097595215,1.7712419033050537,0.4255885183811188,,,1.9180043935775757,,0.8183515071868896,,0.5130345821380615,0.7960108518600464,0.9000067710876465,20.37349510192871,0.25658485293388367,0.19491221010684967,0.8460071682929993
20190506,0.6616120934486389,0.979558527469635,0.7643429636955261,0.5312097072601318,0.7918527722358704,1.8322436809539795,0.8110750317573547,0.9170234799385071,2.081777811050415,3.1197361946105957,1.0960301160812378,1.0712926387786865,0.3786877989768982,0.6306018233299255,0.7526044249534607,0.6183095574378967,21.963863372802734,0.506253719329834,0.28990328311920166,0.879685640335083
20190507,0.6736880540847778,0.7902634143829346,0.5483307838439941,0.3240815997123718,0.45249998569488525,1.304010272026062,0.6749547123908997,,,,0.5528618097305298,,,0.5964155197143555,,,,,0.39908328652381897,0.84211665391922
20190508,0.20358221232891083,,0.28367680311203003,0.25473618507385254,,,,,,,,,0.1380346715450287,,,,,0.3035355508327484,0.17383110523223877,0.4368569552898407
20190509,0.5136526823043823,0.584111750125885,0.7063265442848206,0.48348212242126465,0.3727688789367676,,,,,,,,0.29888400435447693,,,,,,,0.4058593809604645
20190510,0.3944987654685974,0.7430457472801208,0.5010875463485718,0.3822689354419708,0.601995050907135,2.402353286743164,0.9337639212608337,0.8734222650527954,2.515083074569702,3.6947391033172607,1.090065598487854,1.3593217134475708,0.33314022421836853,0.6585367321968079,0.7581445574760437,0.6530981659889221,,0.3489571511745453,0.30011624097824097,0.3244602084159851
20190511,,0.5465268492698669,,,0.12406197190284729,1.1866847276687622,0.5785992741584778,,,,,,0.15293605625629425,,,,,0.2096594125032425,0.1699923872947693,0.30271729826927185
20190512,0.6695133447647095,1.1021724939346313,0.8097405433654785,,,,,,,,,,,,,0.618964672088623,,0.22238247096538544,0.17218703031539917,0.416313111782074
20190513,0.6821677088737488,1.1218092441558838,0.849045991897583,0.628783643245697,1.0442759990692139,2.6069114208221436,0.9426016211509705,1.1209392547607422,2.5837907791137695,2.7204275131225586,1.2643378973007202,1.1217553615570068,0.42204031348228455,0.8711754679679871,1.2757399082183838,,,,,
20190514,0.6445409059524536,1.1379660367965698,0.9669389724731445,0.6989268660545349,0.8948896527290344,2.4753365516662598,0.732581615447998,0.8284085988998413,2.4303619861602783,3.9771533012390137,1.025893211364746,0.9809437394142151,0.4176318049430847,0.6591823697090149,0.9180606603622437,0.6247633099555969,19.620927810668945,0.3343604505062103,0.3248169422149658,
20190515,0.6477034091949463,1.1551886796951294,1.078926920890808,0.8038280606269836,0.8061458468437195,2.320112943649292,0.7216479778289795,0.7506113052368164,2.515118360519409,4.054039478302002,0.9551895260810852,1.0290435552597046,0.4354083240032196,0.9492034316062927,0.9406597018241882,0.8161901235580444,20.767864227294922,0.19118763506412506,0.209177628159523,0.7666213512420654
20190516,0.6502063870429993,1.0145931243896484,0.8865838050842285,0.7494615316390991,0.683036744594574,2.1485111713409424,0.7044105529785156,0.8174973130226135,2.065643548965454,4.303591728210449,0.9931690692901611,0.8631356358528137,0.4613369107246399,0.8434967398643494,0.7282760739326477,0.7408596277236938,20.114402770996094,0.5656694769859314,0.4249483346939087,1.8647202253341675
20190517,1.083211898803711,,1.3108497858047485,0.5072798728942871,0.4389706254005432,2.5972113609313965,0.7771291136741638,1.7883104085922241,1.9071449041366577,4.919566631317139,0.8606581091880798,0.9554798603057861,0.6275911927223206,0.7885768413543701,0.6445882320404053,0.6295313239097595,,0.6322523951530457,0.4990808069705963,1.166764497756958
20190518,0.6492829918861389,,,,,,,,,,,,,,,,,0.5307720303535461,0.5515962839126587,0.968533456325531
20190519,0.6707313060760498,1.0601781606674194,0.8951185941696167,0.5610081553459167,0.9964247941970825,1.922484040260315,0.5446721911430359,0.5948742628097534,,,,,0.43884000182151794,0.4783177375793457,,,,,0.446898877620697,3.152907371520996
20190520,0.7382253408432007,1.0122723579406738,0.9571128487586975,0.36556702852249146,0.371394544839859,3.073261260986328,,,,,,,0.2646641135215759,0.31933510303497314,0.5643924474716187,0.6006148457527161,,0.3707827031612396,0.3155929744243622,0.5116612911224365
20190521,0.6315756440162659,0.9928258061408997,1.077867031097412,0.7957562208175659,0.8026699423789978,2.8953840732574463,0.6646295785903931,0.7562432885169983,2.5465950965881348,4.910678863525391,1.021222710609436,0.9942207336425781,0.4090111553668976,0.904176652431488,0.6874163746833801,0.6372780203819275,20.682411193847656,0.6241232752799988,0.3404596149921417,
20190522,0.7266560792922974,1.4483355283737183,1.0360863208770752,0.6739621162414551,0.7276588082313538,2.4623584747314453,0.7170169353485107,0.7111954092979431,2.078960418701172,6.476884841918945,0.9160482883453369,1.0314592123031616,0.4423650801181793,0.6851646900177002,0.6922251582145691,0.6084806323051453,18.514509201049805,0.4306991696357727,0.42676660418510437,1.342044711112976
20190523,0.9087608456611633,1.6676828861236572,,,1.5652997493743896,4.385561943054199,,,3.1101560592651367,8.933051109313965,1.0191760063171387,1.9128562211990356,0.9861194491386414,0.7636566758155823,0.6696346402168274,0.6898421049118042,,0.6785415410995483,,1.3401117324829102
20190524,0.6580092906951904,1.0017096996307373,0.8633772730827332,0.5246267914772034,0.7708461284637451,2.9522433280944824,0.561471700668335,0.676757276058197,2.6231064796447754,4.467467784881592,0.9272541403770447,0.8317111134529114,0.3343070447444916,0.7984888553619385,0.5943811535835266,0.5508432984352112,,0.5786964297294617,,
20190525,0.43702197074890137,0.6285873055458069,0.7359538078308105,0.4189700782299042,0.46810805797576904,,0.38743793964385986,0.5194776058197021,,,0.6195029020309448,,0.22182665765285492,0.7050691843032837,0.5000599026679993,0.5413721203804016,,0.2609218955039978,0.2856840491294861,
20190526,,,,0.28926989436149597,0.6497601270675659,,0.4136615991592407,0.4327302575111389,,,0.5741109251976013,0.7022925019264221,0.23910406231880188,0.616104006767273,0.5846388339996338,0.7664780616760254,,0.4881785213947296,0.420821875333786,
20190527,0.2936524450778961,,,,,,,,,,,,,,0.3941192626953125,0.5044689774513245,,0.2791076898574829,0.24914270639419556,0.8104158639907837
20190528,,,,,,0.6510668992996216,0.5689325928688049,0.3856598436832428,,,,,,0.546733021736145,,,,,,0.3768990635871887
20190529,0.3478185534477234,,0.461302250623703,0.3831078112125397,0.6116448640823364,,1.263274908065796,0.689659059047699,,3.055454730987549,,,0.4299214780330658,0.8895092010498047,,,,0.45368492603302,,
20190530,0.6312227845191956,0.8116428256034851,0.5723313689231873,0.4835529923439026,0.4298212230205536,1.9508830308914185,0.6051461100578308,0.627271294593811,,,0.44068485498428345,0.5504446029663086,0.3199358582496643,0.6853951215744019,,,,,,
20190531,0.7270938754081726,1.1998645067214966,2.3485608100891113,0.3275469243526459,0.3770272433757782,,0.4933397173881531,0.43390563130378723,,,0.398232102394104,,0.2423788607120514,0.4317986071109772,,,,0.20780418813228607,,
20190601,0.6405288577079773,0.7636826634407043,0.5256360173225403,0.39119356870651245,,2.4575998783111572,,,,2.407855749130249,,,0.11852331459522247,,,,,,,0.913458526134491
20190602,0.5546239614486694,0.5004532933235168,,0.3432379961013794,0.474397748708725,0.8538159728050232,0.5941208004951477,0.4090175926685333,,,0.39656513929367065,,0.2912510931491852,0.47362232208251953,,,,0.236228808760643,,
20190603,,,,0.251923531293869,,,,,,,,,,0.32910776138305664,,,,,0.3542933166027069,0.3024294078350067
20190604,0.5152235627174377,0.6135057210922241,0.594775378704071,0.34846118092536926,0.7541248202323914,0.9952405095100403,0.4950709044933319,,,,,,,,,,,,,
20190605,0.6503355503082275,1.1516547203063965,1.2992382049560547,0.7196527719497681,1.1137340068817139,2.6899874210357666,0.8383460640907288,0.623817503452301,2.4072344303131104,3.093691110610962,,,0.2604731619358063,,0.5231220722198486,0.5462734699249268,,,,
20190606,0.6931487917900085,1.0883547067642212,1.1818106174468994,0.7391053438186646,1.1193574666976929,2.3088037967681885,0.8860528469085693,0.6925966143608093,2.1078600883483887,2.9871280193328857,0.9081203937530518,1.0107717514038086,0.2513710558414459,0.634404182434082,0.7689939737319946,,,,0.06699097901582718,0.5259342789649963
20190607,0.7923558354377747,1.1856015920639038,1.0733709335327148,0.615788459777832,0.9694350957870483,2.5139217376708984,0.8240731954574585,0.9105873107910156,2.1524558067321777,3.092581272125244,0.8799049854278564,1.1950610876083374,0.4397377371788025,0.779629111289978,0.7060803174972534,,,,,2.9176652431488037
20190608,,,0.854102373123169,,3.5716774463653564,0.7890466451644897,0.6868950128555298,1.7312062978744507,,,,,,,,,,0.4499085247516632,0.4117114543914795,0.9527288675308228
20190609,,,,,,,,,,,,,,,,,,,,1.1825953722000122
20190610,0.6177230477333069,1.0964375734329224,1.297210931777954,0.5800634622573853,1.0623221397399902,3.8567233085632324,0.7699435949325562,0.7799164652824402,2.4786956310272217,4.587742805480957,0.8732101917266846,1.049871802330017,0.362109899520874,0.870216429233551,0.7012944221496582,,,0.3975219428539276,0.34577685594558716,
20190611,0.6077998876571655,0.9941442608833313,1.0447027683258057,0.7665602564811707,1.386216163635254,1.3972537517547607,0.8301091194152832,0.8911905288696289,2.743091583251953,5.694397926330566,0.8751730918884277,1.08017098903656,,0.9229574203491211,1.4654282331466675,,,0.49610310792922974,0.359942764043808,1.3505607843399048
20190612,0.6310621500015259,0.9971222877502441,0.8847541809082031,0.5109143257141113,0.6796902418136597,1.0095999240875244,0.6397947072982788,0.47697776556015015,0.7303789258003235,2.994495153427124,0.47850438952445984,0.6027407646179199,0.41303810477256775,0.6501812934875488,0.5526220798492432,0.5820002555847168,,0.35394567251205444,0.2626468539237976,
20190613,0.7758010029792786,,,,0.6361374258995056,1.4692600965499878,0.6902790069580078,0.8527010083198547,0.9753608703613281,3.5633654594421387,0.6154293417930603,0.46441125869750977,0.3674524128437042,0.5202550292015076,0.6514180302619934,0.622568666934967,,0.34793326258659363,0.1123105064034462,0.4158046543598175
20190614,0.5726093649864197,0.9467478394508362,0.6544809937477112,0.4430639445781708,,2.910020589828491,0.52467280626297,,0.8934841752052307,3.7968873977661133,,,0.29862141609191895,0.4453161954879761,,,,,,
20190615,0.5233730673789978,0.8128814697265625,,,,,,,,,,,,,,,,0.6548435688018799,,
20190616,0.46641620993614197,0.8329885601997375,0.9343007206916809,0.5627210736274719,0.6030182838439941,2.1014866828918457,0.5525078773498535,0.7685472965240479,2.672987937927246,4.631767272949219,0.7213134169578552,0.8242093920707703,0.39049556851387024,0.8876723647117615,0.6679708361625671,0.9699305295944214,19.048006057739258,0.39719438552856445,0.40822264552116394,0.7693208456039429
20190617,0.500519335269928,,,,,,,,,,,,,,,,,,0.48815229535102844,1.5251741409301758
20190618,0.40651968121528625,,0.6559192538261414,0.46061307191848755,0.482135534286499,0.8959667682647705,0.41723883152008057,0.4124584197998047,1.6023519039154053,2.6417932510375977,0.7189177870750427,0.7942352294921875,0.2514354884624481,0.41792795062065125,0.536014199256897,0.595966100692749,,0.3302382230758667,0.2850091755390167,
20190619,0.5490043759346008,0.7710382342338562,,0.885055422782898,0.7128748297691345,3.0756239891052246,0.5513262152671814,,,1.3008848428726196,,0.4535355269908905,0.33599579334259033,0.5846596956253052,,,,0.2929825782775879,0.270680695772171,0.38885682821273804
20190620,0.583482027053833,1.797147512435913,0.5009182691574097,0.3525165915489197,,,,,,,,,,,0.6703537702560425,0.7882161140441895,,0.5143932104110718,,
20190621,0.5837494730949402,0.7318300008773804,0.7195256948471069,0.5958650708198547,0.7441656589508057,1.4572784900665283,0.5393730998039246,0.6121689677238464,1.6410142183303833,,0.7914636135101318,0.7510040402412415,0.3441752791404724,0.9339165091514587,0.7082608342170715,0.6667165160179138,21.069738388061523,0.4022340476512909,0.33356648683547974,0.7379346489906311
20190622,0.6056267619132996,1.07554292678833,0.828244686126709,0.876608669757843,0.898150622844696,3.3728229999542236,0.629720151424408,0.6533373594284058,3.0176732540130615,6.369973182678223,0.7908567190170288,0.7312852740287781,0.3951142132282257,0.8621494174003601,0.6441295146942139,0.6452745795249939,17.446237564086914,0.3215079605579376,0.18904732167720795,0.5049380660057068
20190623,0.7838660478591919,1.0127480030059814,0.8956871032714844,0.5865359902381897,0.9452186226844788,3.425379991531372,0.7152798771858215,0.6553714275360107,3.375382423400879,9.161556243896484,0.7972415685653687,0.6649639010429382,0.36329105496406555,0.6597268581390381,0.5824378728866577,0.6492516994476318,,0.462530255317688,0.3177342116832733,0.787908136844635
20190624,,,,,,,,,,,,,,,,,,,0.33407533168792725,1.2116711139678955
20190625,0.5856531262397766,0.981009304523468,0.8319797515869141,0.7732670307159424,2.1369454860687256,3.7480223178863525,0.6080806851387024,0.674140453338623,3.516120672225952,10.13903522491455,1.0048950910568237,0.746231198310852,0.288717657327652,0.7158591747283936,0.6633166670799255,0.6356955170631409,,0.826183021068573,,0.7544539570808411
20190626,0.5770383477210999,1.0111980438232422,1.0471174716949463,0.6948797702789307,1.8864725828170776,4.001377582550049,0.5672566294670105,0.5820480585098267,5.241824150085449,7.450211048126221,0.9125168323516846,0.8145653009414673,0.35763832926750183,1.0584101676940918,0.6119202375411987,0.7071478366851807,,0.4457736015319824,0.37716972827911377,
20190627,0.5448415279388428,3.132563591003418,3.137162685394287,0.589314341545105,1.4947702884674072,3.0654728412628174,0.5510538220405579,0.5944638848304749,2.9101760387420654,8.496301651000977,0.7691838145256042,0.7606489658355713,0.3031868040561676,0.8913208246231079,0.582807183265686,0.7328221201896667,,0.6752545237541199,0.3883001506328583,1.3763866424560547
20190628,,0.7468104362487793,,0.5561267137527466,,3.876574754714966,,,,,,,,0.7484705448150635,0.5643332600593567,0.7959684133529663,,0.5184389352798462,,0.8949846625328064
20190629,0.6304556131362915,0.7414916157722473,0.7050870060920715,0.6265594959259033,0.5065175890922546,0.634466290473938,,,,,,,,,,,,,,
20190630,0.9462113380432129,0.8049145340919495,1.8669275045394897,,,2.399538516998291,,,,,,,0.1733432561159134,0.273977130651474,,,,,,0.49349552392959595
20190701,0.6815901398658752,0.772774875164032,0.848364531993866,0.5315165519714355,0.9365794062614441,,,0.5571296811103821,,,,,0.33201855421066284,0.8400039672851562,0.7210926413536072,1.0298182964324951,,0.48647239804267883,,
20190702,0.4927094280719757,0.7416397333145142,0.8716979622840881,0.5259537100791931,0.4650733172893524,2.2294602394104004,0.4799937307834625,0.4852917790412903,1.5003057718276978,3.5930378437042236,0.44219130277633667,0.6052591800689697,0.2904976010322571,0.3542483150959015,0.5930390954017639,0.5698744058609009,,0.2654593586921692,0.2288527488708496,0.4650692343711853
20190703,0.6004367470741272,0.8323323130607605,0.684265673160553,0.4543382525444031,0.7302820086479187,1.30018150806427,0.4511101543903351,0.5313286781311035,,,0.7959116697311401,0.7495387196540833,,0.43626469373703003,0.5152641534805298,0.587661862373352,,0.18953338265419006,0.24894605576992035,0.47029832005500793
20190704,0.6638509631156921,0.6921202540397644,0.9649143218994141,0.645685076713562,1.2846144437789917,2.418360710144043,0.5900033712387085,0.5777036547660828,2.2156260013580322,4.563831806182861,0.7645458579063416,0.635671079158783,,0.46804964542388916,0.5153080224990845,0.5953599810600281,,0.4547167420387268,0.40563133358955383,1.1335591077804565
20190705,0.5900973677635193,0.805963933467865,,1.030950903892517,1.3125131130218506,4.634443759918213,0.8511101007461548,0.794634997844696,,,,,,,,1.139744758605957,,0.5502270460128784,0.39504924416542053,0.9216000437736511
20190706,0.5387508869171143,,,,,,0.5623622536659241,0.4560280740261078,,,,,,,,0.6919959187507629,,0.4580306112766266,0.4147656261920929,
20190707,0.5960210561752319,0.8396310806274414,0.8847703337669373,0.8037872910499573,0.9072055816650391,2.9246184825897217,0.5523994565010071,0.6218603849411011,3.19370698928833,5.600068092346191,0.8136829733848572,0.6409921646118164,0.34579482674598694,0.6854596734046936,0.5025762319564819,0.5300023555755615,,0.27349352836608887,,
20190708,0.5627419948577881,0.8675373792648315,0.740202009677887,1.0588852167129517,0.48591795563697815,2.3069162368774414,0.4977691173553467,0.7966211438179016,1.0167553424835205,4.196483135223389,0.6608965396881104,0.6680799722671509,0.33665159344673157,0.48154646158218384,0.46157923340797424,0.5553300976753235,,0.275326669216156,0.20020250976085663,0.6304487586021423
20190709,0.5882087349891663,0.8549707531929016,0.8508657217025757,0.6561097502708435,0.6877013444900513,3.672131061553955,0.6269407272338867,0.5100879669189453,3.751601457595825,11.836753845214844,0.5659942626953125,0.7793750166893005,0.32285529375076294,0.35946884751319885,0.46865442395210266,0.5471089482307434,,0.2622934579849243,0.22132082283496857,0.5030518770217896
20190710,0.4971672296524048,0.8709631562232971,,,,4.351115703582764,,,,,,,,,,,,,,
20190711,0.44743266701698303,0.6577086448669434,0.6452761888504028,0.1812906265258789,0.42523664236068726,0.46913400292396545,0.5575411319732666,0.44394659996032715,1.2584103345870972,2.5378546714782715,0.7509045600891113,0.6623592972755432,0.45895957946777344,0.6171722412109375,0.6124086976051331,,,,,
20190712,0.446789413690567,0.5802431702613831,0.7180408835411072,0.47447866201400757,0.3039209842681885,0.9945433735847473,,0.5343344211578369,,,0.6017227172851562,0.6360152959823608,0.1874416321516037,0.7390626072883606,0.40257081389427185,,,0.26917511224746704,0.28442564606666565,0.6356404423713684
20190713,,0.3531774580478668,0.5429053902626038,0.543157696723938,0.6593359112739563,1.406630516052246,0.7430354356765747,0.6567157506942749,1.2029683589935303,3.5308873653411865,0.8930181860923767,1.445422887802124,0.32728055119514465,0.5982628464698792,0.5455605983734131,1.1768110990524292,,0.37385642528533936,0.24259184300899506,0.5017604827880859
20190714,0.3672345280647278,0.446990966796875,,,,,,,,,,,0.24288082122802734,,0.3580835163593292,,,,,
20190715,,,,,,0.4150865375995636,,,,,,,,,,,,,,0.5256806015968323
20190716,0.3093802034854889,0.39500367641448975,0.48136037588119507,,,0.8221254944801331,,,,,,,,0.3291884660720825,0.5831713676452637,0.6139604449272156,,,,
20190717,0.41317930817604065,0.33488503098487854,0.3959484100341797,0.17767103016376495,0.2773008346557617,,,0.3458845317363739,,,0.49367740750312805,,0.2550993263721466,0.5173054337501526,0.5143309235572815,,,0.13738586008548737,,
20190718,0.467725545167923,0.8189318180084229,1.114984393119812,0.49104803800582886,0.9796181321144104,3.1215498447418213,0.6178609132766724,0.5459845662117004,1.1895067691802979,1.691287875175476,0.49848946928977966,0.7452830672264099,0.2549656629562378,0.6442698836326599,0.5573378801345825,1.1023006439208984,,1.036453127861023,,
20190719,0.4477628171443939,0.8333731889724731,0.8239749073982239,0.5657556056976318,0.7852455973625183,2.7807087898254395,0.6544907689094543,0.6251157522201538,2.6419942378997803,5.399217128753662,1.1208820343017578,1.0944687128067017,0.31964895129203796,0.5699737071990967,0.6025122404098511,0.579803466796875,,,0.2767375409603119,1.337364673614502
20190720,0.5601921677589417,,0.9300307035446167,0.6047990918159485,0.6459643840789795,1.7201313972473145,0.6853647828102112,0.758714497089386,1.785812258720398,3.211939811706543,0.6862524151802063,1.094403624534607,0.4352446496486664,0.6339201331138611,0.5630906224250793,0.597723662853241,,0.439388245344162,0.36977240443229675,1.1204612255096436
20190721,0.5184645056724548,0.8618119955062866,0.9655791521072388,0.5469713807106018,0.5308220982551575,2.0941686630249023,0.6071907877922058,0.8242345452308655,2.121574878692627,3.614344596862793,0.9026349186897278,0.9127055406570435,0.3140610158443451,0.5307187438011169,0.5492256879806519,0.564975380897522,,0.42256641387939453,0.36625707149505615,0.7185425758361816
20190722,0.46995601058006287,0.8885319232940674,1.2962912321090698,,0.9132888913154602,2.800515651702881,,,,3.5063669681549072,,,,,0.45440173149108887,0.5304006934165955,,,0.4509443938732147,1.3673982620239258
20190723,0.4289238750934601,0.8988362550735474,1.287524700164795,,,2.5807015895843506,,,1.50601065158844,3.20973539352417,,,0.3438261151313782,0.3159816563129425,,,,0.17747260630130768,,
20190724,0.381089448928833,0.5248201489448547,0.43892034888267517,,0.31038999557495117,1.0282140970230103,0.4609202444553375,0.37676167488098145,,,,,0.22420653700828552,0.40046727657318115,0.522569477558136,0.5770459175109863,,0.28753843903541565,0.17118602991104126,0.5388325452804565
20190725,,,,,,,,,,,,,,,,,,,0.10714064538478851,
20190726,0.5905055999755859,0.7443192005157471,0.9627907872200012,0.49655404686927795,,,,,,,0.28386548161506653,0.21055100858211517,0.24071647226810455,0.3303273320198059,,,,0.34157595038414,0.3232467770576477,0.35195907950401306
20190727,0.7964344620704651,1.5220091342926025,,,,,,,,,,,,,,,,0.24679799377918243,,
20190728,,,,,,,,,,,,,,,,,,0.4063504934310913,,1.05072021484375
20190729,0.33833348751068115,,0.5142291188240051,0.5117183923721313,0.5586918592453003,1.2107213735580444,0.4295651316642761,0.6485758423805237,1.2580374479293823,4.066318035125732,0.8614323735237122,0.49453800916671753,0.31739550828933716,0.4606645703315735,0.38453593850135803,0.8044266700744629,,0.29401639103889465,0.21808280050754547,0.4634738564491272
20190730,0.4097277522087097,0.555183470249176,0.6033274531364441,0.5203753113746643,0.4245936870574951,1.9720865488052368,0.3631385862827301,0.35176169872283936,1.5016735792160034,3.941425085067749,0.2684871554374695,0.3099026679992676,0.25231730937957764,0.2359752655029297,0.43705809116363525,0.5211564302444458,,0.1968175768852234,0.2648753523826599,0.33915847539901733
20190731,0.4281567931175232,0.8900033831596375,0.5593352913856506,0.49175459146499634,,0.7538028359413147,0.2800791263580322,0.20163913071155548,,,,,0.20135663449764252,,,,,,,1.246487021446228
20190801,0.34737852215766907,0.7269562482833862,0.5371869802474976,0.3442019522190094,0.4514860510826111,0.6306357383728027,0.32867881655693054,0.3161032199859619,,,,,0.4053325653076172,0.6324222087860107,0.37970706820487976,0.4876958727836609,,0.2594297528266907,0.2666528820991516,
20190802,0.4448528289794922,0.9790105223655701,0.8172059059143066,0.35835182666778564,0.43676236271858215,2.9036848545074463,0.3434746265411377,0.3528357148170471,,,0.46146953105926514,,0.2658000588417053,0.3296302258968353,,,,,0.16982094943523407,
20190803,0.44682255387306213,0.5560445785522461,0.9770816564559937,0.5330868363380432,4.183291912078857,2.071829080581665,,,,,,,,,,,,,,
20190804,0.45882055163383484,1.553859829902649,1.4334043264389038,,0.5464398860931396,3.773801565170288,0.5319643616676331,0.7024248838424683,2.881074905395508,11.471500396728516,0.7332985401153564,0.806463897228241,0.3733530044555664,0.4900433421134949,0.4560106694698334,0.4725061357021332,,0.6000627279281616,,
20190805,0.5905519723892212,0.6100468635559082,0.9851263761520386,0.6127045154571533,0.6854982972145081,2.8536770343780518,0.5315694212913513,1.2661725282669067,2.043567419052124,9.296629905700684,1.1608905792236328,0.8036673665046692,0.23790618777275085,0.3195907473564148,0.3709549307823181,,,0.341595321893692,0.37204521894454956,0.9113277792930603
20190806,,,,0.810421347618103,0.5971969366073608,,0.4642691910266876,0.48558759689331055,,,,,,,,,,,,
20190807,0.3304361402988434,0.31774184107780457,0.40747976303100586,,,3.4129159450531006,,,,,,,,,,,,,0.2514251470565796,
20190808,0.4057075083255768,0.7231693863868713,0.6655360460281372,0.42928653955459595,0.37146592140197754,0.4797002673149109,0.34695810079574585,,,,,,0.22672224044799805,0.25568562746047974,,0.3759757876396179,,0.20926237106323242,,
20190809,0.32029110193252563,0.8562562465667725,0.5235112309455872,0.3985142111778259,0.4174540638923645,1.3682228326797485,0.6103370189666748,0.5878592729568481,,1.986816167831421,0.6376932263374329,2.2143568992614746,0.28260308504104614,0.6594605445861816,0.4881571829319,0.5019938945770264,,0.2727166414260864,0.2763111889362335,
20190810,0.46536821126937866,0.5017847418785095,0.635175883769989,0.5615531802177429,0.4711652100086212,1.5688148736953735,0.8275203704833984,0.4809468686580658,,3.2106478214263916,,,0.2599164843559265,,0.5532483458518982,,,0.31684115529060364,0.19658346474170685,0.39786848425865173
20190811,0.26789960265159607,,0.491422176361084,0.5194122791290283,,,,,,,0.5064608454704285,,0.1313399225473404,,,,,0.11113660782575607,,
20190812,0.3266192376613617,0.8784241080284119,0.6805218458175659,0.5436148643493652,0.48369207978248596,1.1342957019805908,0.5041388869285583,0.4639171361923218,,2.8730578422546387,0.6427565217018127,,0.3105982840061188,0.4025421738624573,0.5464047193527222,0.6254063248634338,,0.25719648599624634,0.2357645183801651,0.34135669469833374
20190813,0.372223824262619,0.8687483072280884,0.9364507794380188,0.5123727321624756,0.4863200783729553,2.0574073791503906,0.5993072986602783,0.5349544882774353,1.2522697448730469,2.176116466522217,0.619056224822998,0.5346071124076843,0.2436477690935135,0.7082185745239258,0.5113723874092102,0.6027610898017883,,0.2795044481754303,0.17476804554462433,
20190814,0.3834809362888336,0.8735786080360413,0.9199320673942566,0.5911641716957092,0.7562321424484253,2.1148695945739746,0.7139298319816589,0.9031417369842529,1.686710238456726,4.147930145263672,0.6895260214805603,0.9337501525878906,0.3940161168575287,0.7151516079902649,0.5384974479675293,0.7879231572151184,,0.42558753490448,0.3259734511375427,0.17932140827178955
20190815,0.16348469257354736,,,,0.9036692380905151,1.5300315618515015,0.4476311206817627,0.4074863791465759,,,0.388159841299057,,,0.6651986837387085,,,,,,
20190816,0.3570965528488159,0.5701858401298523,0.6607835292816162,0.5608240962028503,,0.7188334465026855,0.3375723361968994,0.15845327079296112,,1.61439847946167,,,0.1542462408542633,,0.29274797439575195,0.5745742321014404,,0.2821701467037201,0.23804904520511627,0.20094937086105347
20190817,0.27391600608825684,2.1291799545288086,1.1387073993682861,,,,,,,,,,0.3712460696697235,,0.4555276036262512,0.579850971698761,,0.46950027346611023,0.5752010345458984,0.9439219832420349
20190818,0.4210380017757416,0.5659632086753845,0.6228660941123962,0.468274861574173,,,,,,,,,,0.4570181369781494,0.484293133020401,,,,0.44601893424987793,0.5768113136291504
20190819,0.39321333169937134,0.5778709650039673,0.6012409329414368,0.4927084743976593,0.3464708626270294,1.7910934686660767,0.7161718606948853,0.424888551235199,0.8003690838813782,2.5950779914855957,0.6840999126434326,1.2963262796401978,0.3053123950958252,0.32908958196640015,0.46784254908561707,0.5123027563095093,,0.26496610045433044,0.21972589194774628,0.7247878909111023
20190820,0.3360460698604584,,0.5312843918800354,0.45817121863365173,0.1530674695968628,0.724071204662323,0.23284222185611725,,,,,,,0.20740622282028198,0.3832474946975708,0.5683686137199402,,0.2071516066789627,,
20190821,0.3218397796154022,0.17569829523563385,0.5440162420272827,,0.45685502886772156,1.086577296257019,0.4220559298992157,0.45103687047958374,,,0.5068957805633545,0.38118088245391846,0.3669029176235199,0.5249645709991455,0.41882091760635376,,,0.18182982504367828,0.1760774701833725,0.8492565155029297
20190822,0.38045820593833923,0.8601633310317993,0.7458392381668091,0.19006317853927612,0.3022366166114807,1.6593382358551025,0.2610543668270111,0.22528977692127228,,,,,0.281038373708725,,,,,0.12176866829395294,0.2643554210662842,0.47361406683921814
20190823,0.37979498505592346,0.837129533290863,1.0468049049377441,0.6846761703491211,0.7780736088752747,2.7524478435516357,0.6607108116149902,0.5142863392829895,2.9968461990356445,3.559627056121826,1.0011221170425415,0.8612751960754395,0.42213499546051025,0.5522853136062622,0.44758811593055725,0.5916977524757385,,0.718275785446167,0.40139836072921753,1.2931506633758545
20190824,0.35576048493385315,0.4159456789493561,0.7673092484474182,0.6031031012535095,0.4497954845428467,0.861702561378479,0.33303046226501465,0.3367709517478943,,,0.6087123155593872,,0.29188787937164307,0.3979927599430084,0.4303329885005951,,,0.1796470582485199,,
20190825,0.3199114203453064,0.5949028730392456,0.48769378662109375,0.5805737972259521,0.3775748312473297,1.2787936925888062,0.35586559772491455,0.36331501603126526,1.5789477825164795,3.39389705657959,0.6448413729667664,0.447929710149765,0.22747622430324554,0.3381068706512451,0.4180189371109009,0.5726578235626221,,0.30998605489730835,0.2907361090183258,0.5745667815208435
20190826,0.4005115330219269,0.7801476120948792,0.507533848285675,0.3780147135257721,0.309309184551239,1.0468292236328125,0.4052978456020355,0.33625999093055725,1.2458988428115845,2.850053310394287,0.5020540952682495,0.537401556968689,0.2288299798965454,0.3697446882724762,,,,0.2395564466714859,0.2556030750274658,0.6795661449432373
20190827,0.3760581612586975,0.9019808173179626,0.8333764672279358,0.410288006067276,0.33833229541778564,2.4790706634521484,0.314434289932251,0.30111780762672424,1.4040032625198364,3.6769399642944336,0.33347341418266296,0.4121762812137604,0.25712764263153076,0.3235735297203064,0.34819626808166504,0.5224644541740417,,0.3016403019428253,0.36873963475227356,0.5099276900291443
20190828,0.3316609561443329,0.3983329236507416,0.586754560470581,0.5521318912506104,,1.7480297088623047,,0.24755814671516418,,,,,0.3330637514591217,0.38527971506118774,0.38287055492401123,0.5886325240135193,,0.317205548286438,0.3207857310771942,
20190829,0.36112111806869507,0.8954660296440125,0.8895103931427002,0.8316218852996826,0.6183903813362122,2.5828962326049805,0.7003490924835205,0.527225911617279,1.9752209186553955,5.8486433029174805,0.6942480206489563,0.5438573360443115,0.31662166118621826,0.809772253036499,0.35024169087409973,0.5469666719436646,,,,0.9583811163902283
20190830,0.39437931776046753,0.8409692645072937,0.9350564479827881,0.7505516409873962,0.5623694658279419,2.497373580932617,0.695896565914154,0.7767332196235657,2.050450325012207,6.63667631149292,0.6811943650245667,0.6471660733222961,0.37789103388786316,0.7726199626922607,0.40771588683128357,0.6281675100326538,,0.4956212639808655,0.37501877546310425,1.2922714948654175
20190831,0.17414766550064087,,,0.4112381041049957,0.4528777599334717,,0.43254584074020386,0.5832977890968323,,,0.6153566837310791,0.46919962763786316,0.35292935371398926,0.5657363533973694,0.3642658293247223,0.5537195801734924,,0.3106529712677002,0.5964981317520142,1.1431267261505127
20190901,0.34218794107437134,0.7130098342895508,0.6889119744300842,0.49911531805992126,0.41855520009994507,1.8918864727020264,0.4065287411212921,0.5021653771400452,1.1035339832305908,6.450308799743652,0.4365915060043335,0.45698848366737366,0.33764368295669556,0.3596305251121521,0.3496566712856293,0.5221521854400635,,0.2311524748802185,,0.36428382992744446
20190902,0.3366751968860626,0.4521775543689728,0.4790211617946625,0.5622800588607788,0.489820659160614,1.6188368797302246,0.3289407193660736,,1.7267123460769653,4.16644287109375,,,,,,,,,,0.8654625415802002
20190903,0.22945991158485413,0.3232443332672119,0.5939310789108276,0.6654197573661804,0.6012896299362183,2.6473684310913086,0.5952246785163879,0.46670541167259216,2.3343889713287354,7.757156848907471,0.461759477853775,0.8722632527351379,0.36358320713043213,0.8372649550437927,0.3535667657852173,0.4756138026714325,,0.391800194978714,0.4270904064178467,1.1774342060089111
20190904,0.22448432445526123,,,0.3079472780227661,0.2826809287071228,3.86020565032959,,,,,,,0.33978143334388733,0.41232526302337646,0.28606709837913513,,,0.30203771591186523,0.30794739723205566,1.1978130340576172
20190905,0.1785321831703186,0.4495590031147003,0.5584384799003601,0.32481688261032104,0.32408541440963745,2.2298059463500977,0.5120373964309692,0.48514217138290405,0.9656581878662109,2.7932698726654053,0.5653359889984131,0.6564165353775024,0.2638583183288574,0.5695764422416687,0.2748446762561798,0.3927021026611328,,0.18748383224010468,0.26833584904670715,0.6310389041900635
20190906,0.22264525294303894,0.2784314453601837,,,,1.3051429986953735,,,,,,,,,,,,0.22758260369300842,0.14225512742996216,
20190907,0.2700251042842865,0.8153934478759766,0.28719833493232727,,,1.9017561674118042,0.2659498453140259,0.23095901310443878,,,0.49449965357780457,,0.22338148951530457,,0.4328027069568634,,,0.1125916913151741,0.1253911256790161,0.35643818974494934
20190908,0.26027828454971313,0.8335800766944885,0.6187204122543335,0.4966333508491516,0.3719281256198883,1.0890977382659912,0.6138938665390015,0.38178738951683044,,3.6278412342071533,0.7623633742332458,1.0231555700302124,0.36113327741622925,0.4293232560157776,0.4677145779132843,0.5934439897537231,,0.28585419058799744,0.20239491760730743,
20190909,0.2444497048854828,0.8618252277374268,0.9060222506523132,0.43221259117126465,0.4883750081062317,2.1345276832580566,0.797985315322876,0.36836254596710205,1.6123862266540527,4.284231662750244,0.5317797660827637,0.9712056517601013,0.22525447607040405,0.24782094359397888,0.36671334505081177,0.5229003429412842,,0.42412787675857544,0.22840678691864014,0.4197614789009094
20190910,0.23895327746868134,0.6945556998252869,0.6032993197441101,0.6090865731239319,0.42091894149780273,1.8846880197525024,0.576255202293396,0.4241024851799011,,6.017366409301758,0.6480379104614258,,0.35216763615608215,,,,,,,0.6446776986122131
20190911,0.29219040274620056,0.6025674343109131,0.5551409721374512,0.4112110137939453,0.3213856518268585,1.6165356636047363,0.5145875811576843,0.39386430382728577,1.4014606475830078,4.126524448394775,0.6241523623466492,0.5029636025428772,0.30609872937202454,0.3019455373287201,0.2590899169445038,,,,,0.8782145977020264
20190912,0.2331792563199997,0.5817431211471558,0.5327326655387878,0.555770218372345,0.37444084882736206,1.8752914667129517,0.38324442505836487,0.3355206847190857,1.284362554550171,3.707462787628174,0.4108751714229584,0.43585205078125,0.22811447083950043,0.30711984634399414,,,,0.15272918343544006,0.13345728814601898,0.1825997680425644
20190913,0.22513411939144135,0.8588534593582153,0.658552348613739,0.5774742960929871,0.43013954162597656,1.9364674091339111,0.4066157042980194,0.4290982484817505,2.189610719680786,5.059609413146973,1.1736559867858887,0.46633604168891907,0.2671884298324585,0.503967821598053,0.27160587906837463,0.41949617862701416,,,,
20190914,0.2675253748893738,1.3788566589355469,1.238524079322815,,0.3604063391685486,2.7262766361236572,0.5891952514648438,0.46857887506484985,2.434145927429199,7.493779182434082,0.6652839183807373,0.5739360451698303,0.31450891494750977,0.3635111153125763,0.23754282295703888,0.4090731739997864,,0.6536375284194946,0.44191959500312805,1.2028861045837402
20190915,0.1853635013103485,0.4693988561630249,0.2719860374927521,0.30351507663726807,0.35418960452079773,1.123436689376831,0.25591444969177246,0.32723215222358704,,,0.7157236337661743,,,,,,,,,
20190916,0.236464723944664,1.7536777257919312,0.36037710309028625,0.3016732633113861,0.3040129244327545,,0.18293103575706482,0.27967843413352966,,,0.5024935603141785,0.2831536829471588,0.33423060178756714,0.3288917541503906,0.24913449585437775,0.4142707884311676,,0.34648409485816956,0.3489267826080322,0.553534209728241
20190917,0.33275967836380005,0.8195499777793884,0.6585044860839844,0.4419459402561188,0.33850088715553284,1.9975574016571045,0.4936249852180481,0.4163239002227783,1.5429457426071167,4.36704158782959,0.534040093421936,0.5443764328956604,0.32361480593681335,0.40603065490722656,0.2739550769329071,0.43671056628227234,,0.36006298661231995,0.34530362486839294,0.9296656250953674
20190918,0.3477949798107147,1.7688149213790894,1.5525908470153809,0.45539575815200806,,1.9675347805023193,0.5417070388793945,0.5164497494697571,2.5628609657287598,4.130902290344238,0.7200992107391357,0.5693728923797607,0.654671847820282,0.5197353959083557,0.330332487821579,0.5097740888595581,,0.5256808996200562,0.5218629837036133,0.9373617768287659
20190919,0.23635651171207428,,,,,,,,,,,,,,,,,0.5222508907318115,,2.407872200012207
20190920,0.23852239549160004,0.544138491153717,0.3185035288333893,,,,,,,,,,,,,,,,0.5015316605567932,
20190921,0.2581378221511841,0.6773567199707031,0.4465506672859192,0.36249178647994995,0.28542837500572205,1.9947749376296997,0.43538209795951843,0.36842402815818787,0.8653932213783264,2.9607412815093994,0.4802710711956024,0.5970717668533325,0.2858458459377289,0.32152530550956726,0.20425386726856232,0.46783435344696045,,0.34965306520462036,0.1900782734155655,0.46135208010673523
20190922,0.2528032958507538,0.37366771697998047,0.43441760540008545,0.29165923595428467,0.1994844228029251,,0.14249691367149353,0.17424830794334412,,,0.2954871654510498,,,,,,,,0.3134045898914337,0.2905310094356537
20190923,0.2553609311580658,0.767058253288269,1.0538760423660278,0.3913740813732147,,2.1694464683532715,,0.21252670884132385,,,,0.6230962872505188,0.2614339590072632,0.3360612690448761,0.2992440164089203,0.597809374332428,,0.3001540005207062,0.30220431089401245,0.2674834728240967
20190924,0.27119603753089905,0.8925461769104004,0.8614691495895386,0.3018818497657776,0.29495885968208313,1.9691158533096313,0.40908825397491455,0.3470783233642578,,3.8582184314727783,0.23257388174533844,0.7650613784790039,0.25746873021125793,0.2954890727996826,0.21087650954723358,0.42182275652885437,,0.46228453516960144,0.4548039734363556,0.3663974106311798
20190925,0.2667953670024872,0.9247146844863892,0.810539722442627,0.36161527037620544,0.38025593757629395,3.3974952697753906,0.6950638890266418,0.48238134384155273,3.238738536834717,7.7020263671875,1.0969496965408325,0.5598815083503723,0.37448424100875854,0.30184146761894226,0.26027199625968933,0.39310240745544434,,0.45332908630371094,0.3734186291694641,0.3259684145450592
20190926,0.2460462749004364,,0.8886926174163818,0.3150483965873718,0.4209892749786377,3.693117141723633,0.607784628868103,0.5267007946968079,3.122373104095459,7.3288750648498535,1.078107476234436,0.6056419610977173,0.3489242494106293,0.7832198739051819,0.22175201773643494,0.38525694608688354,,0.645889163017273,0.49526920914649963,1.436693787574768
20190927,0.27741074562072754,1.0654975175857544,0.6262662410736084,0.27646589279174805,0.24541400372982025,1.8035573959350586,0.28159934282302856,0.2068767547607422,0.6715004444122314,,0.22636495530605316,0.2750813961029053,0.3000059723854065,0.32883450388908386,0.17119185626506805,0.4117751121520996,,0.6284194588661194,0.4165358245372772,0.20620286464691162
20190928,0.2882157862186432,0.6208142638206482,0.3643602132797241,0.4532337784767151,0.4296915829181671,0.7721014022827148,0.29300910234451294,0.3483807146549225,,,,,0.48183611035346985,,,0.5012171268463135,,0.6202841401100159,,
20190929,,0.3746992349624634,0.4883447587490082,0.4745633602142334,0.3972311019897461,1.0713499784469604,0.35374248027801514,0.36190247535705566,1.6672263145446777,,,,,,,,,1.0719420909881592,0.47706982493400574,0.41822895407676697
20190930,0.3913379907608032,1.0231388807296753,0.8193996548652649,0.6679220795631409,0.5180211663246155,2.1291117668151855,0.5460582375526428,0.5533303618431091,1.8581644296646118,5.143884658813477,0.7622466087341309,0.5710001587867737,0.3845165967941284,0.6522253751754761,0.2248033732175827,0.37895119190216064,,0.5944331884384155,0.37924784421920776,
20191001,0.31327223777770996,0.34083324670791626,0.3280487060546875,0.6013979911804199,0.48917868733406067,2.2935140132904053,0.6223340034484863,0.5489129424095154,2.2088370323181152,6.44411039352417,0.8345953226089478,0.5827493071556091,0.3928014934062958,0.4769498109817505,0.2604089379310608,0.436767578125,,0.6698398590087891,0.39580869674682617,1.2845485210418701
20191002,0.27286243438720703,0.7817185521125793,0.4989500641822815,0.4334859549999237,0.3604162037372589,2.4337470531463623,0.4412875473499298,0.49718815088272095,2.1075315475463867,7.09551477432251,0.6365422606468201,0.508410632610321,0.3856290280818939,0.4240703284740448,0.22303390502929688,0.37977421283721924,,0.6356427669525146,0.4002189338207245,0.5231268405914307
20191003,0.31470349431037903,0.9888368248939514,0.5943208336830139,0.381275475025177,,2.788186550140381,0.7094658017158508,0.4340112507343292,2.906182289123535,8.526461601257324,0.5558003187179565,0.45321109890937805,0.29602667689323425,0.3047806918621063,,,,,,1.8546854257583618
20191004,0.3296068608760834,0.4332115948200226,,,,3.6440932750701904,,,,,,,,,,,,,,
20191005,0.30487096309661865,1.398101806640625,1.3260509967803955,,,,,,,,,,0.5183199048042297,,,,,,,
20191007,0.18722966313362122,0.24748185276985168,0.21121712028980255,0.22276601195335388,0.2076803296804428,0.48607170581817627,0.18402791023254395,0.20029789209365845,,,,,0.22452610731124878,,,,,0.2619107961654663,0.2684819996356964,
20191008,0.29862940311431885,0.31839168071746826,0.3969898819923401,0.29711949825286865,0.19182220101356506,1.3024497032165527,0.32927653193473816,0.19524790346622467,1.5908762216567993,2.653596878051758,0.4267648756504059,0.5714780688285828,,0.1978200525045395,0.18428876996040344,0.45597419142723083,,0.3145933449268341,0.2594406306743622,0.38470229506492615
20191009,0.26786279678344727,0.8570826649665833,0.5524052977561951,0.40421703457832336,0.3601132035255432,1.799324870109558,0.41161054372787476,0.3529909551143646,2.030407428741455,4.30214262008667,0.6174208521842957,0.4370695650577545,0.31883201003074646,,0.3014649748802185,0.41951116919517517,,0.3037560284137726,0.1747957020998001,0.25519055128097534
20191010,0.29563793540000916,0.3049042820930481,0.4909825325012207,0.6811593770980835,0.4369821846485138,1.730088233947754,0.42616352438926697,0.398002028465271,1.8816848993301392,4.111318588256836,0.7018311023712158,0.40674054622650146,0.37194499373435974,0.5731855630874634,0.2713070213794708,0.4307325482368469,,0.4098503887653351,0.3242996633052826,0.24981611967086792
20191011,0.35114365816116333,1.1284425258636475,0.7187110781669617,0.661056399345398,0.5048655271530151,1.9659570455551147,0.5800992846488953,0.9641560316085815,1.821510672569275,4.29831075668335,0.6839391589164734,0.48988285660743713,0.40070754289627075,0.683868944644928,0.29051971435546875,0.45235687494277954,,0.4615998864173889,0.3604127764701843,0.6073867082595825
20191012,,1.1313666105270386,0.5445440411567688,0.5718480944633484,0.4519191086292267,2.3064866065979004,0.3910673260688782,0.43808165192604065,,4.170906066894531,0.8412760496139526,0.5321007966995239,0.35983848571777344,0.3915650248527527,0.3008359372615814,0.42178788781166077,,0.5987725257873535,0.4540316164493561,0.724103569984436
20191013,0.2121412456035614,0.22627240419387817,0.23780956864356995,0.2864704728126526,,,,,,,,,,,,,,,0.33442094922065735,1.6167535781860352
20191014,0.24972732365131378,0.7542055249214172,0.44625598192214966,0.47749200463294983,0.43155935406684875,1.3092741966247559,0.4631417691707611,0.6061252951622009,1.0915398597717285,0.7785624265670776,0.26435819268226624,0.1993992179632187,0.4322783648967743,0.2825653553009033,0.18053299188613892,0.3058074116706848,,0.38549935817718506,0.2105066478252411,0.40559712052345276
20191015,0.2329416424036026,0.44525447487831116,,,,,,,,,,,,,,,,,,0.9741687774658203
20191016,,1.1632959842681885,0.7645809054374695,0.23630259931087494,0.2478797435760498,1.9222497940063477,0.4401159882545471,0.3312842547893524,2.397433042526245,3.8065176010131836,0.37840545177459717,0.45097705721855164,0.17453956604003906,0.34509000182151794,0.21523407101631165,0.27972182631492615,,0.6444162130355835,0.4426143765449524,0.23823323845863342
20191017,0.2481042593717575,0.5775968432426453,,,0.462291419506073,2.117335796356201,0.5496510863304138,0.5958030819892883,2.255246162414551,3.066359281539917,0.7344691157341003,0.8374952673912048,,0.30643031001091003,0.30649200081825256,0.5042528510093689,,0.3320654630661011,0.29291367530822754,0.3328935205936432
20191018,0.18332816660404205,0.6788028478622437,0.6665949821472168,0.2576608955860138,,,,,,,,,,,,,,,,0.2322390228509903
20191019,0.24143338203430176,0.7920355796813965,0.6775155663490295,,0.29673242568969727,1.476229190826416,0.440226286649704,0.27177485823631287,,,0.37636688351631165,0.5820081830024719,0.19720260798931122,,0.49863001704216003,,,0.53203946352005,0.33278271555900574,
20191020,0.2691124677658081,0.7128281593322754,0.39915019273757935,0.5389245748519897,0.5176483392715454,1.9142580032348633,0.5279451012611389,0.41711536049842834,3.0323538780212402,3.1759166717529297,0.8190643787384033,0.5458381772041321,0.47467362880706787,0.42888593673706055,0.39492493867874146,0.5586661696434021,,,,
20191021,0.28596532344818115,1.2346256971359253,0.30326423048973083,0.37283340096473694,0.492946982383728,,0.8291788697242737,0.3998383581638336,,,0.35494399070739746,0.39381250739097595,0.38331523537635803,0.42803940176963806,0.34729617834091187,0.48484668135643005,,0.5475490093231201,0.41907623410224915,1.4518654346466064
20191022,0.28000059723854065,0.4362957775592804,0.5849100947380066,0.7010763883590698,0.497420072555542,2.225816249847412,0.5034000277519226,0.4624222218990326,2.282851219177246,4.098962783813477,0.7086448073387146,0.5899551510810852,0.34706833958625793,1.1356072425842285,0.5175148248672485,0.7091203331947327,,0.6522188782691956,0.4063783884048462,0.8298820853233337
20191023,0.2626096308231354,0.7470390200614929,0.463655561208725,0.4450778663158417,0.4110680818557739,2.153991222381592,0.37791138887405396,0.3968341052532196,,,,,0.30199679732322693,0.20689262449741364,0.296586811542511,0.5520122647285461,,0.57874596118927,0.39533403515815735,0.8574912548065186
20191024,0.2411421835422516,,,0.19661970436573029,0.2694565951824188,2.7554078102111816,0.2955501675605774,0.1831161379814148,1.6776156425476074,6.288984298706055,0.3007998466491699,0.4560511112213135,0.2174418717622757,0.2535821795463562,0.1833687424659729,0.2866366505622864,,0.45546194911003113,0.3562387228012085,0.41790616512298584
20191025,0.35914847254753113,,0.2545439302921295,0.3443860709667206,0.3027303218841553,,0.26922324299812317,0.2347934991121292,,,,,0.18699027597904205,0.1560836285352707,,,,,0.21442055702209473,0.3987133800983429
20191026,0.3343835771083832,0.6139551997184753,0.47377637028694153,0.4090745449066162,0.3523959815502167,1.5134483575820923,0.553325891494751,0.33274054527282715,,,0.47764265537261963,0.8709304928779602,0.2506062686443329,0.3225337266921997,0.45076632499694824,0.5858166813850403,,0.6034268736839294,0.3259342908859253,0.2702075242996216
20191027,,,0.44485071301460266,0.43645408749580383,0.40129247307777405,1.6363335847854614,0.4578751027584076,0.3745773732662201,,,0.6943816542625427,,0.24935691058635712,0.276189386844635,0.3400517702102661,0.5389667749404907,,0.4391903281211853,0.3089086711406708,0.2627715766429901
20191028,0.33557888865470886,0.45673108100891113,0.49243322014808655,0.5214996337890625,0.3731762170791626,3.462402582168579,0.4398859441280365,0.453903466463089,,,0.32158124446868896,0.5335687398910522,0.3252153694629669,0.7384824156761169,0.26433467864990234,0.45169520378112793,,0.6379879117012024,0.35036155581474304,0.727241039276123
20191029,0.32802486419677734,0.4849757254123688,0.4244117736816406,0.2956402599811554,0.2865062654018402,1.8384352922439575,0.4915468096733093,0.30521395802497864,1.8365381956100464,3.5424389839172363,0.5335578918457031,0.5856167674064636,0.23658370971679688,0.3825404644012451,0.19724318385124207,,,,,0.4620721936225891
20191030,0.31688833236694336,0.85747230052948,0.5778993964195251,0.34289637207984924,0.3392161428928375,2.573395252227783,0.32479095458984375,0.6451321244239807,2.4827473163604736,7.4596171379089355,0.6136528849601746,0.5318607687950134,0.25672999024391174,0.45737096667289734,,0.4012334942817688,,0.4643917679786682,0.3633507192134857,0.6940873265266418
20191031,,,,,,3.994863510131836,,,1.925173044204712,,,,,,,0.34923845529556274,,0.6504672765731812,0.4923070967197418,0.7194201350212097
20191101,,,,,,,,,,,,,,,,,,,,
20191102,,,,,,2.456411123275757,1.28080415725708,0.6030661463737488,,3.2645509243011475,0.6707140207290649,0.7960286140441895,,0.316910982131958,0.24743765592575073,0.3047964572906494,,0.6584687232971191,0.38928690552711487,
20191103,0.2413133978843689,0.4275883734226227,0.37002724409103394,0.23014844954013824,,,,,,,,,,,,,,,,0.20433369278907776
20191104,0.3262085020542145,0.3445392847061157,0.4397105276584625,0.29283058643341064,0.24809512495994568,1.2099066972732544,0.2565978467464447,0.23620478808879852,,,0.33421459794044495,,0.19076888263225555,,,,,,,
20191105,0.3048137426376343,0.7706730365753174,0.5110639929771423,0.38134467601776123,0.3765181005001068,2.5002005100250244,0.3822905719280243,0.3459528684616089,1.8164745569229126,1.7128808498382568,0.6046855449676514,0.43156713247299194,,0.300505131483078,0.25565609335899353,,,,,
20191106,0.25777944922447205,0.5221449136734009,0.395023912191391,0.18636302649974823,0.33508771657943726,1.7784425020217896,0.39660078287124634,0.3164263367652893,2.086599349975586,4.104954242706299,0.42427733540534973,0.5932722091674805,,0.19325506687164307,0.16810090839862823,0.20066307485103607,,,,
20191107,,,,,,1.9712289571762085,,,,,,,,,0.226032093167305,,,,,
20191108,0.28455275297164917,,,,,,,,,,,,,,,,,,,0.3615051805973053
20191109,0.3241669237613678,0.3201385736465454,0.4553662836551666,0.8257802128791809,0.3755025565624237,1.098122239112854,0.5425035953521729,0.41913092136383057,1.5261156558990479,2.5922741889953613,0.40094897150993347,0.8445835113525391,,0.3060651123523712,,,,,,
20191110,0.2946015000343323,0.8035969734191895,0.45208027958869934,0.31233489513397217,0.4275650680065155,1.6689904928207397,0.4575985074043274,0.41676920652389526,2.0860695838928223,2.472820281982422,0.5664475560188293,0.5427649021148682,0.28560957312583923,0.5866214036941528,0.33604636788368225,0.497006356716156,,,,
20191111,,,0.25264421105384827,0.3256247341632843,0.49086421728134155,0.8986008167266846,,,,,,,0.27148064970970154,0.3082222044467926,,,,,0.33052805066108704,
20191112,,,,,0.369000107049942,1.9543119668960571,0.670604944229126,0.36026209592819214,,2.7700603008270264,0.5272858738899231,0.6455450057983398,0.23683156073093414,0.4037584066390991,0.35915878415107727,0.5642759799957275,,0.28151291608810425,0.2471264898777008,0.23022860288619995
20191113,0.3514553904533386,,,,,,,,,,,,,,,,,,,
20191114,0.2941853404045105,0.7971447110176086,0.5102034211158752,0.21838441491127014,0.40760818123817444,1.6192787885665894,0.45813268423080444,0.3481087386608124,,,,,,,,,,,,
20191115,0.2721070349216461,0.7549768090248108,0.9126144051551819,,,1.6715813875198364,0.4364554286003113,,,,,,,,,,,0.12094882130622864,,
20191116,0.2679595351219177,0.7787817716598511,0.9057514667510986,0.3304760158061981,0.42386096715927124,0.6924952864646912,0.5068854689598083,0.40370428562164307,2.2008590698242188,2.1924805641174316,0.6195594668388367,0.5577271580696106,0.20844170451164246,0.24471469223499298,0.27495038509368896,,,,,
20191117,0.4971201717853546,1.0093904733657837,0.6887043118476868,0.24085691571235657,0.4041590690612793,1.7302223443984985,0.41910842061042786,0.32305869460105896,1.9455602169036865,,0.5756715536117554,0.4592413902282715,0.2406449168920517,0.35842591524124146,0.2606286406517029,0.3660009801387787,,0.2508879601955414,0.24470941722393036,0.6734473705291748
20191118,0.25602737069129944,,,,,,,,,,,,,,,0.35209062695503235,,0.4823433756828308,0.3573824167251587,0.7034862637519836
20191119,0.32669198513031006,1.0835703611373901,0.6108165383338928,,0.36140233278274536,,,0.30484944581985474,,,,,,,,,,,,0.8266782164573669
20191120,,0.5088908076286316,0.3271588981151581,,,,,,,,,,,0.31271737813949585,0.17977532744407654,0.1597849577665329,,,,
20191121,0.25159695744514465,0.34889745712280273,0.276668906211853,0.18250253796577454,0.32532238960266113,1.683435082435608,0.5505244135856628,0.4117371439933777,,3.3221471309661865,0.731238842010498,0.5695902109146118,0.19763816893100739,0.5076660513877869,0.2643296420574188,0.3530174493789673,,0.3815687596797943,0.35384202003479004,
20191122,0.3012988567352295,0.7834171056747437,0.6795433163642883,0.1874767541885376,0.2778237760066986,1.5088392496109009,0.32171013951301575,0.3219447433948517,,,0.4140017628669739,0.287337064743042,0.19145476818084717,0.4535394310951233,0.16482868790626526,0.21891623735427856,,0.3221256732940674,0.3329594135284424,1.0233304500579834
20191123,,,,,,1.497429609298706,0.6790657639503479,0.6248475909233093,1.9209015369415283,2.694983720779419,0.4574374556541443,0.25041624903678894,,0.23547771573066711,0.1484716683626175,0.18328258395195007,,0.31850379705429077,0.28598326444625854,0.2776886224746704
20191124,0.31808793544769287,0.8184702396392822,0.3910914659500122,,,,0.26186877489089966,,,,,,,,,,,,0.32199573516845703,0.5929745435714722
20191125,,,,0.20846718549728394,0.3231043517589569,,,,,,,,0.19800220429897308,,,,,,,
20191126,0.2996959984302521,0.6850916147232056,0.29834312200546265,0.21346601843833923,0.311544805765152,1.0461734533309937,0.37336504459381104,0.33368974924087524,1.2971720695495605,2.56249737739563,0.43354904651641846,0.3919265866279602,0.22141318023204803,0.335215300321579,0.23866955935955048,,,0.2644053101539612,0.22185595333576202,
20191127,0.29802730679512024,0.84491366147995,0.717056930065155,0.40351739525794983,0.36858609318733215,1.7190967798233032,0.4654320776462555,0.38104578852653503,2.286095380783081,2.8397178649902344,0.5851203799247742,0.418457955121994,0.19000820815563202,0.4430144429206848,0.18089525401592255,0.27947792410850525,,0.33430442214012146,0.3219315707683563,0.6861028075218201
20191128,,,,0.17270877957344055,0.42191559076309204,0.7939575910568237,0.4765339195728302,0.4500657916069031,,,0.697170615196228,0.3489639461040497,0.18369711935520172,0.4891709089279175,0.16253651678562164,0.2569463849067688,,0.5330540537834167,,0.7308439612388611
20191129,,,,,,,,,,,,,,,,,,,,
20191130,,,0.1642872393131256,,,,,,,,,,,,,,,,,
20191201,0.21384456753730774,,,,,,,,,,,,,,,,,,,
20191202,0.2662050724029541,0.33297815918922424,0.33221110701560974,0.1870960146188736,0.38282012939453125,2.3208322525024414,0.5560908317565918,0.33776673674583435,,,0.28599661588668823,0.4831103980541229,0.17282049357891083,0.3021983206272125,0.302259236574173,,,0.25951337814331055,,
20191203,,,0.814029335975647,0.56899493932724,0.5132874250411987,2.2686104774475098,0.5289474725723267,0.47117379307746887,2.329336166381836,2.806690216064453,0.6745142936706543,0.7661929726600647,0.22633084654808044,0.5596418976783752,0.31337499618530273,0.3521503210067749,,,,
20191204,0.23448707163333893,0.288043737411499,,,,,,,,,,,,,,,,,0.2584085464477539,0.6067677736282349
20191205,0.2743307054042816,0.6950788497924805,0.4166029095649719,0.19088034331798553,,,,,,,,,,,,,,,,
20191206,0.2784736454486847,0.680812656879425,0.41400206089019775,0.26414284110069275,0.2707637548446655,1.0755726099014282,0.3698882758617401,0.26093316078186035,1.89933180809021,,0.2709992527961731,0.28228577971458435,0.22067339718341827,0.3477381765842438,,,,,,
20191207,0.309509813785553,0.8019719123840332,0.4641021192073822,0.34576910734176636,0.2688978314399719,1.8241902589797974,0.4769638180732727,0.34345147013664246,1.9450535774230957,3.0969860553741455,0.5308884978294373,0.38428935408592224,0.20672859251499176,0.3015711307525635,0.21943041682243347,0.36531949043273926,,0.34079134464263916,0.32970064878463745,1.810659646987915
20191208,,,0.3781462013721466,0.2875029444694519,0.24963705241680145,1.5081496238708496,0.43262484669685364,0.3565603792667389,,,0.35009658336639404,,0.18646304309368134,0.34697678685188293,0.2025918811559677,0.3048265278339386,,0.3707215189933777,0.34763380885124207,0.44988614320755005
20191209,,,,,,,,,,,,,,,,,,,,
20191210,0.33791103959083557,,,,,,,,,,,,,,,,,,,0.5675108432769775
20191211,0.3236164450645447,0.3809800148010254,0.5826849937438965,0.48397430777549744,0.2898576855659485,0.9289087653160095,0.3913627862930298,0.4165387451648712,,,0.47806188464164734,,0.15617164969444275,0.3426993191242218,,,,0.19861853122711182,,
20191212,0.38782957196235657,0.7305487990379333,0.4952701926231384,0.41476473212242126,0.33533579111099243,1.2893949747085571,0.4313657581806183,0.3909316956996918,2.179513692855835,2.472738265991211,0.5247549414634705,0.4063796103000641,0.1878235787153244,0.21961021423339844,0.14634716510772705,0.3736696243286133,,0.22948554158210754,0.13245385885238647,
20191213,0.3689078092575073,0.7853621244430542,0.6743873953819275,0.7087038159370422,0.4328097403049469,1.4896116256713867,0.3035770356655121,0.3238290250301361,,,0.3232157826423645,,0.19913709163665771,0.3801281452178955,,,,,,
20191214,,,,0.58880615234375,0.4071074426174164,1.7986868619918823,0.49791431427001953,0.4582850933074951,2.2743403911590576,2.816864252090454,0.6476226449012756,0.4884069561958313,0.20505575835704803,0.3728204071521759,0.184388667345047,0.38112872838974,,,0.11272039264440536,0.13557632267475128
20191215,0.31127920746803284,0.3166441321372986,,,,,,,,,,,,,,,,,,
20191216,,,0.2663743793964386,0.23714320361614227,0.2817798852920532,2.098329544067383,0.34417012333869934,0.3979285657405853,2.232257843017578,5.022970199584961,0.47578123211860657,0.4513915181159973,0.2457403987646103,0.36548912525177,0.2046365886926651,0.1608736664056778,,0.254588782787323,0.42826446890830994,0.29471254348754883
20191217,0.25929439067840576,,0.20700228214263916,0.20951303839683533,0.35848310589790344,1.6737120151519775,0.29964521527290344,0.2877059578895569,,,0.650425374507904,,0.261202335357666,,,0.22475719451904297,,,,
20191218,0.28503695130348206,0.7953387498855591,0.4613107740879059,0.358807772397995,0.311735063791275,2.470418691635132,0.42414137721061707,0.30377763509750366,3.0218849182128906,5.3460588455200195,0.7677050828933716,0.4248829185962677,0.21302908658981323,0.3066299557685852,0.2126350849866867,0.20232237875461578,,0.3954179286956787,,0.22943992912769318
20191219,,0.3200632333755493,0.6383084058761597,0.5366702079772949,0.3794991672039032,2.314763069152832,0.4444223940372467,0.4559777081012726,2.3892343044281006,3.531170129776001,0.738808274269104,0.4541432559490204,0.20418235659599304,0.46657490730285645,0.18787619471549988,0.2091926485300064,,0.3771204650402069,0.3459450900554657,0.58253014087677
20191220,,,,,,,,,,,,,,,,,,,0.3203231692314148,0.5325544476509094
20191221,,,,,,,,,,,,,,,,,,,,
20191222,,,,,,,,,,,,,,0.26720675826072693,0.1919703632593155,,,0.37869903445243835,0.3648303151130676,
20191223,0.39684197306632996,,,,,,,,,,,,,,,,,,0.4109226167201996,0.2616715133190155
20191224,,1.6175119876861572,0.9134589433670044,,,3.3518261909484863,0.5010911822319031,0.2051757127046585,,,,,0.2509639263153076,0.40873047709465027,0.2232947051525116,0.2635866701602936,,0.5049198865890503,0.3832746148109436,0.696668803691864
20191225,,,,,,3.18496036529541,,,3.3261489868164062,4.2674102783203125,,0.6580520868301392,,,0.2067030668258667,0.2554400563240051,,0.4812944233417511,0.33611324429512024,0.5255029201507568
20191226,0.3494335114955902,,,,,,,,,,,,,,,,,,,0.6953475475311279
20191227,,0.31662169098854065,0.2776845097541809,0.34432175755500793,0.3355778455734253,1.4289970397949219,0.6012376546859741,0.40840551257133484,2.821237087249756,4.536274433135986,0.42327773571014404,0.8142716288566589,0.2506057918071747,0.3926728665828705,0.22719652950763702,0.2658717632293701,,0.6072725057601929,,
20191228,0.33746054768562317,1.3656117916107178,0.8191810846328735,0.3395839035511017,0.418954461812973,3.3654818534851074,0.5500741600990295,0.5225052833557129,3.8314461708068848,4.7381744384765625,0.8360403776168823,0.570381224155426,0.24262388050556183,0.4571443796157837,0.23459585011005402,0.26715096831321716,,0.5438904762268066,0.4229303300380707,0.29624640941619873
20191229,0.35344091057777405,0.8759066462516785,0.7322410941123962,0.4046548008918762,0.480997234582901,1.6419705152511597,0.3865519165992737,0.46682208776474,3.0316524505615234,4.58201789855957,0.778336226940155,0.4533761739730835,0.2304210364818573,0.4514613151550293,0.23059260845184326,0.25335779786109924,,0.5670072436332703,0.41845712065696716,0.37755581736564636
20191230,,,,,,,,0.3347281217575073,,,0.8621245622634888,0.3570598065853119,,0.8887871503829956,0.35499683022499084,,,0.3340475857257843,,0.36925208568573
20191231,0.2959664463996887,,,,,,,,,,,,,,,,,,0.23915930092334747,0.5390861630439758
20200101,0.28361794352531433,0.8063298463821411,0.6528269052505493,0.2599506378173828,0.3614315092563629,2.0283310413360596,0.335188627243042,0.4393143057823181,1.8953843116760254,,0.55946946144104,0.36870405077934265,0.1896083950996399,0.273799329996109,0.22729499638080597,,,,,
20200102,0.3724430799484253,0.8367937207221985,0.5314697623252869,0.32089218497276306,0.46518775820732117,2.4484994411468506,0.4299890697002411,0.4490821659564972,2.718036651611328,4.592102527618408,0.5865347385406494,0.4872916340827942,0.20149028301239014,0.3036181330680847,0.2734319269657135,0.21964894235134125,,0.33538830280303955,0.26092657446861267,0.250400573015213
20200103,,,,,0.40544211864471436,2.125102996826172,0.48129990696907043,0.5870952010154724,4.972172260284424,6.107726573944092,1.237753987312317,0.550056517124176,0.28253835439682007,0.4582160711288452,0.29618626832962036,0.29127267003059387,,0.3979244530200958,0.28284093737602234,0.2558456063270569
20200104,,,,,,,,,,,,,,,,,,,,
20200105,,,,,,,,,,,,,,,,,,,,
20200106,0.3542226254940033,0.8447542786598206,0.48070502281188965,0.35454609990119934,0.42416638135910034,,0.383358359336853,0.4310680329799652,,,,,0.27233055233955383,,,,,,,
20200107,0.34743237495422363,1.4552372694015503,0.9354768395423889,0.34736132621765137,0.36001768708229065,2.345672607421875,0.5219659805297852,0.48061782121658325,2.8355984687805176,4.126948356628418,0.551730751991272,0.44751277565956116,0.2576987147331238,0.5774977803230286,,0.2867096960544586,,,0.3564852774143219,
20200108,0.322444349527359,0.9808002710342407,0.6727995276451111,0.40099072456359863,0.39798063039779663,0.9341129660606384,0.40827396512031555,0.4482190012931824,1.880446195602417,1.620074987411499,0.5899437665939331,0.45244425535202026,0.3226577639579773,0.5239121913909912,0.33986198902130127,0.3783389925956726,,0.45187854766845703,0.4037124216556549,0.267441987991333
20200109,,,,,,,,,,,,,,,0.31062519550323486,0.30263638496398926,,0.46162524819374084,0.7446696758270264,
20200110,,,,,,,,,,,,,,,,,,,,
20200111,0.41467371582984924,0.32180678844451904,,,,,,,,,,,,,,,,,,0.4268040060997009
20200112,0.3966604471206665,0.38013046979904175,0.7658348083496094,0.3539715111255646,0.421543687582016,2.382300853729248,0.6894402503967285,0.5271756649017334,2.8937625885009766,3.5114400386810303,0.6029682755470276,0.5297695398330688,0.23605893552303314,0.6048101186752319,0.32103848457336426,0.28358492255210876,,0.6507628560066223,,
20200113,0.3408557176589966,0.9476226568222046,0.5469978451728821,0.30878448486328125,0.4368167519569397,2.4256629943847656,0.46084320545196533,0.48599159717559814,3.363966226577759,2.963998794555664,0.6872311234474182,0.4699999690055847,0.2795090973377228,0.4041767716407776,0.3083671033382416,0.3214625418186188,,0.4776272475719452,0.4140145778656006,0.30705273151397705
20200114,0.4229337275028229,0.8676238059997559,0.8394280672073364,0.639366865158081,0.63916015625,3.3120055198669434,0.5875473618507385,0.6684646010398865,4.4771199226379395,6.543292045593262,0.9167761206626892,0.632806122303009,0.3172649145126343,0.5544143915176392,0.4928083121776581,,,0.4528379738330841,,
20200115,,,,,,2.5008065700531006,0.5641171336174011,0.7541018724441528,2.9437074661254883,3.627946615219116,0.7704558372497559,0.66085284948349,,0.4393087923526764,0.30768394470214844,,,0.4809325039386749,,
20200116,0.3428126275539398,,,,,,,,,,,,,,,,,,,0.6769681572914124
20200117,0.4794366955757141,0.9915693998336792,0.5945427417755127,0.47725382447242737,0.23575985431671143,1.8309869766235352,0.32796913385391235,0.36801716685295105,,,,,0.17590460181236267,,,,,,,
20200118,0.44827210903167725,1.0153751373291016,0.8918408155441284,0.6436116695404053,0.3796193301677704,2.02105712890625,0.3669363260269165,0.5836008787155151,2.8332464694976807,4.312024116516113,0.5475660562515259,0.5026729106903076,0.26939988136291504,0.33586737513542175,0.3106882870197296,0.42126625776290894,,0.9747328758239746,,
20200119,0.4054356515407562,1.1828395128250122,1.050925612449646,0.5610617399215698,0.28208673000335693,1.4392591714859009,0.28839483857154846,0.33626869320869446,,,,,0.24115155637264252,,,,,,,
20200120,,,,0.7010168433189392,0.40753665566444397,0.8018398284912109,0.3527512550354004,0.2742098569869995,,,0.6091358065605164,,0.23908230662345886,0.2943773865699768,,0.598612368106842,,0.8734176158905029,,
20200121,0.3146831691265106,0.27241313457489014,,,,,,,,,,,,,0.38725775480270386,0.5485201478004456,,0.8080344796180725,0.5012338161468506,0.9119738340377808
20200122,,,,,,,,,,,,,,,,,,,,
20200123,0.2918708622455597,0.32266929745674133,0.3193688988685608,0.2612797021865845,,,,,,,,,,,,,,0.7398518919944763,,
20200124,0.35931146144866943,1.2231122255325317,1.0684282779693604,0.22744053602218628,0.28601303696632385,2.870802402496338,0.5196564197540283,0.28260910511016846,,,,,0.2108215093612671,0.3831210732460022,0.26949232816696167,0.3612787127494812,,,0.3428400158882141,
20200125,0.33159124851226807,1.0079786777496338,1.188235878944397,0.24868835508823395,0.44479891657829285,2.836632490158081,0.48578864336013794,0.4986191689968109,3.062896966934204,4.303579807281494,0.6450615525245667,0.5412589311599731,0.22666560113430023,0.4417094588279724,0.29852214455604553,0.3750607669353485,,0.5753837823867798,0.34632816910743713,1.1471502780914307
20200126,0.23000003397464752,,,,,3.5256905555725098,,,2.7197494506835938,4.188991069793701,0.8695692420005798,0.6512030363082886,,0.3724011778831482,0.3221336901187897,0.2869409918785095,,0.3840557336807251,0.26353317499160767,0.492331862449646
20200127,0.37581542134284973,0.9184174537658691,0.7554691433906555,0.46830737590789795,0.2052316516637802,,,,,,,,0.19187207520008087,,,,,,,
20200128,0.3159796893596649,0.28618407249450684,0.6940149068832397,0.4111800193786621,0.382281631231308,2.2652149200439453,0.541149914264679,0.45043089985847473,1.8446917533874512,,0.7559357285499573,0.4278128743171692,0.24082797765731812,0.31661146879196167,0.2672915756702423,0.29734814167022705,,0.556470513343811,0.34687215089797974,
20200129,0.3074171841144562,1.0368585586547852,0.5666518807411194,0.39511075615882874,0.5215230584144592,2.511323928833008,0.41746917366981506,0.4852612018585205,4.236509323120117,4.071961402893066,0.9492982029914856,0.5590859055519104,0.23561060428619385,0.4668717086315155,0.29581218957901,0.32198938727378845,,0.760700523853302,0.28514817357063293,1.0289689302444458
20200130,0.2727905809879303,0.283385306596756,0.44281288981437683,0.5780386924743652,0.5620198249816895,3.2507050037384033,0.5027070641517639,0.47754955291748047,3.5769269466400146,6.793414115905762,0.8355206251144409,0.49260470271110535,0.24619650840759277,0.4532042145729065,0.26370328664779663,0.29949459433555603,20.322996139526367,0.583841860294342,0.28763848543167114,1.012353539466858
20200131,,,,,,2.8256943225860596,,,,,,,,,,,,,0.34541985392570496,
20200201,0.31535017490386963,,,,,,,,,,,,,,,,,,,
20200202,0.3407891094684601,1.2022652626037598,0.5161639451980591,0.13587722182273865,0.21180404722690582,2.0734081268310547,0.23471921682357788,0.38841649889945984,,,0.38177868723869324,,0.21321846544742584,0.2814722955226898,,,,,,
20200203,,0.4106845259666443,0.21977809071540833,0.2341255396604538,0.327187180519104,,0.3302704095840454,,,1.438124179840088,,,0.24010151624679565,0.20563273131847382,0.2269713133573532,0.41061997413635254,,0.5909700989723206,0.32158833742141724,0.35557934641838074
20200204,0.44583144783973694,0.8850947022438049,0.6718621850013733,0.462484210729599,0.6227988600730896,2.832530975341797,0.5753998756408691,0.6119781136512756,3.2563316822052,5.150390148162842,0.7978628277778625,0.7764182090759277,0.2630680799484253,0.5983812212944031,0.3369557857513428,0.46337494254112244,,0.9107851982116699,0.33434367179870605,1.0662195682525635
20200205,,,2.4028584957122803,0.6265129446983337,0.5331795811653137,2.5429563522338867,0.571751594543457,0.6053010821342468,2.62298846244812,3.6852357387542725,0.7321603894233704,0.8318436741828918,0.2690908908843994,0.8400943279266357,0.3027438223361969,0.595867395401001,,0.7196885347366333,0.42388075590133667,2.4944028854370117
20200206,0.39805251359939575,,,,,,,,,6.233526229858398,,,,,,0.8750206232070923,,0.7051035761833191,0.42105919122695923,0.40552371740341187
20200207,0.4273388683795929,0.920335054397583,0.4603082835674286,0.35988184809684753,0.2596074938774109,,,0.5172898173332214,,,,,0.29443517327308655,0.38271573185920715,,,,,,
20200208,0.5169165134429932,1.4327528476715088,1.2995589971542358,,,,,,,,,,,,,,,,0.47487229108810425,
20200209,0.4421999454498291,1.2573219537734985,0.41617047786712646,0.5001388788223267,0.6708848476409912,3.2675724029541016,0.586084246635437,0.5878633856773376,3.115370750427246,2.0493617057800293,0.7781341671943665,0.4922005534172058,0.3064313530921936,0.5379838347434998,0.2845483720302582,,,,,
20200210,0.42140668630599976,1.3385201692581177,1.8027112483978271,0.6784090995788574,0.7414360046386719,4.021355628967285,0.689250111579895,0.6659419536590576,4.180293083190918,6.2208075523376465,0.7934868931770325,0.7254916429519653,0.3128579556941986,0.49242380261421204,0.36577165126800537,0.4315342903137207,,0.8522910475730896,0.37756380438804626,
20200211,,,,,,3.882136106491089,,,2.871774435043335,4.29374885559082,,0.9125356674194336,,,,,,0.6572551131248474,,
20200212,0.6467385292053223,1.267331600189209,0.8492256999015808,0.7145052552223206,,,,,,,,,,,,,,,,0.5828446745872498
20200213,0.4694267213344574,0.3738299608230591,1.2103159427642822,0.3371655344963074,0.45728328824043274,3.0109376907348633,0.7068114876747131,0.5355708003044128,2.6238486766815186,3.096604585647583,0.5847062468528748,0.847865641117096,0.21271590888500214,0.6110280156135559,,0.3537137806415558,,0.9447425007820129,0.791164755821228,
20200214,0.28785815834999084,0.6199794411659241,0.6369766592979431,0.3331676125526428,,,,0.22024191915988922,,,,,,,,,,,,
20200215,0.6050810217857361,1.4500702619552612,1.0399597883224487,0.8666995167732239,0.4358403980731964,2.3598432540893555,0.5771326422691345,0.5108753442764282,,,,,0.23843823373317719,,,,,,,
20200216,,,,1.0911750793457031,0.6044042110443115,2.379518985748291,0.5766258239746094,0.584199070930481,2.9093456268310547,3.72141432762146,0.5403770804405212,0.7995565533638,0.30308040976524353,0.482798308134079,0.3107335567474365,0.38273996114730835,,0.8227960467338562,0.6432819962501526,0.7728744745254517
20200217,0.2054799646139145,,0.32383060455322266,0.6563794612884521,0.5486827492713928,2.3804779052734375,0.7848959565162659,0.49975287914276123,,,0.4764794707298279,0.6337472796440125,0.2511098086833954,0.4636995494365692,0.25321072340011597,0.21455205976963043,,0.6108673810958862,0.7308290600776672,0.9744505882263184
20200218,0.3628067970275879,0.38571897149086,1.2697875499725342,0.5603476762771606,0.20341382920742035,,0.7373408079147339,,,,,,0.20046529173851013,,,,,,,0.680749773979187
20200219,0.5475096106529236,1.1684210300445557,1.0085031986236572,0.6759255528450012,0.47874826192855835,2.0721275806427,0.5272606611251831,0.46938562393188477,,,0.48776575922966003,,0.21732880175113678,0.3561968505382538,,0.37526413798332214,,0.6552270650863647,,
20200220,0.4638727605342865,,,,,2.962977170944214,0.5213807821273804,,1.4749789237976074,,,0.8317992091178894,,0.23137393593788147,,0.6613104939460754,,0.953317403793335,,
20200221,,,1.7297163009643555,0.6339932680130005,0.36431851983070374,3.259169816970825,0.7750605344772339,0.541260302066803,2.637000799179077,4.703030586242676,0.9685335755348206,1.081856369972229,,,0.22289825975894928,0.5681721568107605,,0.6220565438270569,0.8464189171791077,0.7651697993278503
20200222,0.6084801554679871,2.4280264377593994,,,0.35248950123786926,3.279480218887329,0.933388888835907,0.6682658791542053,2.7238609790802,4.312931060791016,0.8083839416503906,0.8887253403663635,0.3367242217063904,0.3464024066925049,0.3550885021686554,0.5596691966056824,,0.6960086226463318,0.5909823179244995,0.9873188138008118
20200223,0.6094720959663391,0.8721874356269836,0.7696541547775269,0.6108428835868835,0.6181871294975281,2.9596848487854004,0.6202731728553772,0.6005678772926331,2.9989161491394043,5.5182695388793945,0.7533080577850342,0.7832768559455872,,0.46542251110076904,0.33298489451408386,0.4995374381542206,,0.6284903287887573,0.4735100567340851,0.7658022046089172
20200224,0.5665080547332764,0.9624816179275513,1.0529061555862427,0.6155534386634827,0.3693827688694,4.162604331970215,0.3638722598552704,0.4924279451370239,,,0.600969672203064,0.5444511771202087,0.27033013105392456,0.4255271553993225,0.3152730464935303,0.3660646378993988,,,,
20200225,0.5071818232536316,0.892029345035553,0.8961218595504761,0.5529549717903137,0.4722418487071991,2.3946926593780518,0.548862099647522,0.5377984046936035,3.2861456871032715,4.156681537628174,0.7411544322967529,0.6605275273323059,0.2753804326057434,0.4441562592983246,0.2651144862174988,0.4385124444961548,,0.600919783115387,0.4088861644268036,0.26035887002944946
20200226,0.4739261865615845,0.8806931972503662,2.110112190246582,0.9162840247154236,0.3122618794441223,2.8923897743225098,0.6786133646965027,0.3950050473213196,2.1940114498138428,2.9374682903289795,0.606306791305542,0.8865660429000854,0.2482822835445404,0.380221962928772,0.3243964910507202,0.3628624677658081,,0.6971673965454102,0.34630173444747925,1.3981857299804688
20200227,0.5038094520568848,,,,0.7982914447784424,3.410147190093994,,,2.892815589904785,4.392063617706299,,,,,,,,,0.22191809117794037,
20200228,0.5178945064544678,1.1297482252120972,1.0756248235702515,0.7905430793762207,0.46193355321884155,3.638591766357422,0.8112634420394897,0.5916008353233337,3.4690258502960205,6.043593883514404,0.997252345085144,0.8506708145141602,0.23284834623336792,0.2044161707162857,0.28417375683784485,0.34888383746147156,,0.7085482478141785,0.3260025382041931,0.2255619764328003
20200229,0.5148907899856567,0.3590896725654602,0.4441850483417511,0.3806714415550232,0.4523370862007141,2.8123011589050293,0.6275138258934021,0.5330827236175537,3.3286280632019043,6.1512579917907715,0.7477357387542725,0.8520155549049377,0.24925081431865692,0.44813278317451477,,,,0.5782665014266968,0.15436317026615143,1.5899463891983032
20200301,,,,,,,,,,,,,,,,,,,,3.7360973358154297
20200302,0.41969063878059387,0.288310170173645,0.5728771090507507,0.7073177099227905,,2.4456787109375,0.7500876784324646,0.6367015242576599,2.739678382873535,3.021713972091675,,0.7248720526695251,0.27082011103630066,0.28069788217544556,0.3360017240047455,0.5515820980072021,,0.9396410584449768,,0.4358961880207062
20200303,,,,,,,,,,,,,,,,,,0.8472461700439453,0.26441460847854614,
20200304,0.5447202324867249,0.36466917395591736,0.41103479266166687,,,2.592719793319702,0.5723755955696106,0.5791198015213013,,,,,,,,,,0.39183029532432556,0.32972073554992676,
20200305,0.4737948179244995,0.8961601257324219,0.3466653823852539,0.5316993594169617,0.3439386785030365,1.0491526126861572,0.3892195224761963,,,,,,,,,,,0.3247843086719513,0.2701781094074249,0.1879609078168869
20200306,0.5577419400215149,1.103567123413086,1.1512924432754517,0.9488205313682556,0.6695619225502014,2.554185152053833,0.5423414707183838,0.5829132795333862,,0.7544697523117065,,0.44475576281547546,0.2534932494163513,,0.2843676209449768,0.3636121451854706,,,0.2964737117290497,
20200307,0.6616547107696533,0.47866103053092957,0.9243527054786682,0.7672455310821533,0.5838322043418884,3.484307289123535,0.5638232231140137,0.6550180315971375,,,1.3032660484313965,0.8670163154602051,0.4548135995864868,0.30076515674591064,0.30854538083076477,0.5552847981452942,,1.7376458644866943,0.3841359615325928,0.3866327106952667
20200308,1.4270819425582886,1.4548829793930054,1.7707161903381348,0.8918581008911133,0.7961263656616211,2.807182788848877,0.6653152704238892,0.7647911310195923,2.5828256607055664,3.537677049636841,0.8365259766578674,0.7221229076385498,0.4389050006866455,0.5497736930847168,0.34469926357269287,0.5979732275009155,,0.8862006664276123,0.5048518776893616,0.997919499874115
20200309,0.611204206943512,0.4023415744304657,,,,2.731473922729492,1.9328395128250122,0.6115801334381104,,,,,0.47763171792030334,0.5976797938346863,0.3189278841018677,0.7535936832427979,,1.1258010864257812,0.5045241713523865,0.7250804305076599
20200310,0.6177226901054382,0.7596937417984009,1.0593550205230713,0.9701487421989441,0.7420902848243713,2.690918207168579,0.6392815113067627,0.5889607667922974,2.873912811279297,5.3223443031311035,0.764451265335083,0.8642086982727051,0.4893282651901245,0.5261031985282898,0.36481258273124695,0.9582808613777161,19.25235366821289,1.0061054229736328,0.6243873238563538,1.1352976560592651
20200311,0.8723529577255249,,,,0.4981313943862915,2.7432055473327637,0.5317244529724121,0.5203214287757874,3.603416681289673,6.987196922302246,0.659748911857605,0.5833509564399719,0.5506128668785095,0.4570212960243225,0.2660708725452423,0.5048749446868896,,0.7939601540565491,0.3979663550853729,0.8252648115158081
20200312,0.4913570284843445,0.8836811780929565,1.0952975749969482,0.9887711405754089,0.6765979528427124,1.5202124118804932,0.4689352214336395,0.4476490020751953,,,,,0.5816717743873596,,,,,6.761209487915039,1.2342702150344849,
20200313,,1.0751968622207642,1.3255997896194458,0.6395092606544495,0.3779231905937195,1.3603622913360596,0.564606785774231,0.22245541214942932,,,,,0.4414069354534149,,,0.37466228008270264,,0.7538480758666992,0.43432050943374634,
20200314,0.500298261642456,2.6739606857299805,3.284048557281494,1.2345064878463745,0.4924883544445038,2.9950225353240967,0.7839299440383911,0.63925701379776,3.0476293563842773,3.9488141536712646,,0.9806033968925476,0.25733935832977295,0.4211057424545288,0.47881320118904114,0.7239580154418945,,1.41572904586792,0.513169527053833,0.5241813659667969
20200315,0.7680721282958984,1.0948598384857178,1.3573557138442993,1.1500179767608643,0.8989389538764954,2.761003017425537,0.7231594324111938,0.7069451808929443,2.827610492706299,4.185840129852295,0.939933717250824,0.9162299633026123,0.5724731087684631,0.6010404825210571,0.4359140992164612,1.0902053117752075,,1.8031487464904785,0.7905391454696655,0.4817935824394226
20200316,1.3443198204040527,0.8434429168701172,1.984558343887329,1.1135107278823853,0.5688942670822144,1.1063843965530396,0.6257815361022949,0.5922704935073853,2.679614305496216,3.3464510440826416,0.5102568864822388,,,,,,,1.0830953121185303,1.1176975965499878,1.1721426248550415
20200317,0.7236043214797974,0.4312296211719513,1.0750985145568848,1.700992226600647,,4.670891284942627,0.6913533210754395,,,,,,,,,,,,,
20200318,,2.0182902812957764,2.7162301540374756,,,3.0252485275268555,,,,,,,,,,,,,,
20200319,0.4661248028278351,0.9272874593734741,1.1411935091018677,0.9167070388793945,0.8985587358474731,2.465115785598755,0.4679931700229645,0.635812520980835,,,0.7985522150993347,0.5305524468421936,0.45690226554870605,0.8667634725570679,0.3443789482116699,,,,,
20200320,0.41816404461860657,4.0303635597229,,0.4757651686668396,0.6753759384155273,3.175269365310669,0.6165434718132019,0.5344273447990417,1.8738312721252441,3.068343162536621,0.8395041823387146,0.6706875562667847,0.2605961561203003,0.2998586893081665,0.24224020540714264,0.7676811814308167,,0.6804441213607788,0.23641446232795715,0.21020308136940002
20200321,,,,,0.7805756330490112,1.6696962118148804,0.742174506187439,0.5494135022163391,1.6201649904251099,2.2278482913970947,0.6072788834571838,,,,,,,,,
20200322,,,,,0.5481875538825989,1.8695448637008667,,0.5562869906425476,,2.4780521392822266,,,0.3268119990825653,,0.31833121180534363,0.4473631680011749,,0.542281448841095,0.32285213470458984,0.45785215497016907
20200323,,,,,,,,,,,,,,,,,,0.8306703567504883,0.3580077886581421,
20200324,0.5544437170028687,0.5341569781303406,0.7848038673400879,0.5887883305549622,0.6334383487701416,,,0.5229674577713013,,,,,0.37857139110565186,0.5946387052536011,0.377445787191391,0.6513177752494812,,1.104887843132019,,
20200325,0.5989957451820374,0.6188216209411621,1.0657744407653809,1.0578861236572266,0.6601022481918335,2.588630437850952,0.9167279601097107,0.7633364200592041,2.9817609786987305,4.60107946395874,0.9837523102760315,1.0937525033950806,0.2677309215068817,0.36525222659111023,0.367844820022583,0.6208776235580444,,0.4940926432609558,0.3428790271282196,0.32062622904777527
20200326,0.7476879954338074,0.9656268954277039,1.6404224634170532,1.03654146194458,0.8153691291809082,2.5605499744415283,0.6932023167610168,0.6910595297813416,2.8690757751464844,4.127704620361328,0.8863152861595154,0.8559068441390991,0.3778897821903229,0.7027628421783447,0.3733050525188446,0.8269037008285522,,0.7464533448219299,0.4932006299495697,1.0729386806488037
20200327,1.0583239793777466,1.5793732404708862,3.493150472640991,2.259251117706299,0.7985538840293884,1.8730660676956177,0.6102859973907471,0.7068129777908325,2.3940482139587402,2.8544864654541016,0.7708443403244019,0.7573235034942627,0.39395812153816223,0.5158622860908508,0.4231300950050354,,,,,0.7088517546653748
20200328,0.9143383502960205,,,,0.803327739238739,3.5801167488098145,,,5.285665512084961,5.556678771972656,,0.7351682186126709,,0.4732293486595154,0.4183674454689026,0.8145125508308411,,0.4923464059829712,0.24255824089050293,0.7489957213401794
20200329,,,,0.9973773956298828,0.645851731300354,,,0.6611323952674866,,,0.42740875482559204,0.6414869427680969,0.382441908121109,0.5957266688346863,0.37505990266799927,0.5991258025169373,,0.7115345597267151,0.5420995950698853,0.5422425866127014
20200330,0.44247615337371826,0.8290689587593079,1.3471492528915405,0.7525564432144165,0.701556384563446,2.661628484725952,0.6368305087089539,0.5754579305648804,2.49776554107666,3.4857430458068848,0.5698667764663696,0.9336205124855042,0.2638706862926483,0.40668419003486633,0.271451473236084,0.42289915680885315,,0.6321223974227905,0.4964022636413574,0.7144902348518372
20200331,0.32573190331459045,0.8070163130760193,1.0339945554733276,0.5256538391113281,0.6312727928161621,3.0563321113586426,0.5954219102859497,0.5198712348937988,3.3383407592773438,5.768762111663818,0.7795901298522949,0.8537392020225525,0.24238252639770508,0.4974481165409088,0.4451654553413391,0.3641493320465088,,0.6914969682693481,0.2889358699321747,0.4660130739212036
20200401,0.44150087237358093,0.4697687029838562,0.8896299600601196,0.5166594982147217,0.6175553798675537,,,,,,,,,,,,,,,0.3132825791835785
20200402,,,,,,,0.6493332982063293,1.3687758445739746,2.0715765953063965,3.9639952182769775,1.196823000907898,0.8388807773590088,,0.5344309210777283,0.39612260460853577,0.4526292085647583,,1.01582932472229,0.29554903507232666,
20200403,0.2871634364128113,0.42703044414520264,0.24997548758983612,,,4.016349792480469,,,,,,,,,,,,,,0.9556718468666077
20200404,0.4890093505382538,0.5813512802124023,0.5996541380882263,0.4902765154838562,0.45963382720947266,2.2129228115081787,1.3915513753890991,0.6193639039993286,,,0.8654054999351501,1.6040856838226318,0.2734810411930084,0.4294239282608032,0.3948249816894531,,,0.31720486283302307,0.422172874212265,0.7902113199234009
20200405,0.47616925835609436,0.7687537670135498,0.526521623134613,0.4166320264339447,0.3945401906967163,,0.8620783090591431,0.5142785906791687,,3.434826374053955,0.5523845553398132,0.6135869026184082,0.27835342288017273,0.4366045892238617,0.5262903571128845,0.3921258747577667,,0.4991210103034973,0.37855666875839233,0.2713627815246582
20200406,0.6654175519943237,,,,0.5261194109916687,1.551763892173767,0.6506508588790894,0.5180913209915161,,2.139976978302002,,0.7481818199157715,0.283538281917572,0.25242626667022705,0.5175393223762512,0.5538527965545654,,0.3294878900051117,0.37329986691474915,0.20194867253303528
20200407,0.4680595099925995,0.4704439342021942,0.7286017537117004,0.7994216084480286,0.699955940246582,,0.6714000105857849,0.5861977338790894,1.1623101234436035,,,,0.2622445523738861,0.6352253556251526,0.48102524876594543,0.4537196755409241,,,,
20200408,0.6182129383087158,1.06528639793396,1.3553133010864258,0.6627664566040039,0.5691145658493042,2.4495937824249268,0.8971297740936279,0.8152235150337219,2.8617336750030518,4.033819675445557,1.0943435430526733,1.6837671995162964,0.37313273549079895,0.43146923184394836,0.5808047652244568,0.7826970815658569,,0.7142922878265381,,0.8126906752586365
20200409,0.5742830038070679,0.9788613319396973,1.3252589702606201,0.8970575332641602,0.7812068462371826,2.327847719192505,0.831465482711792,0.7860705852508545,2.5540926456451416,3.887568950653076,1.0773662328720093,1.224768877029419,0.4127785563468933,0.7893468141555786,0.528853178024292,0.6786885857582092,,0.7033942937850952,0.5787104368209839,1.2814983129501343
20200410,0.6276195049285889,0.9503066539764404,,0.733012855052948,,,0.9358984231948853,0.624478280544281,,,,,,,,,,0.4153289496898651,,
20200411,0.530459463596344,,0.9475492238998413,,0.5235443711280823,2.4815080165863037,0.7129766941070557,0.7069990038871765,,,0.9512125849723816,1.2384748458862305,0.4322182834148407,0.5014868378639221,0.5782597064971924,0.7021080255508423,,0.40259990096092224,0.2935332953929901,0.5737365484237671
20200412,,,,,,,,,2.9594008922576904,3.139403820037842,,,,,,,,,,
20200413,0.5152928829193115,1.004494071006775,1.741456151008606,,,,,0.8045089840888977,4.307482719421387,5.17924690246582,1.0013178586959839,1.0421878099441528,0.5457338690757751,0.7433788776397705,0.613756537437439,0.811326265335083,,0.8289044499397278,0.8457257747650146,1.028022289276123
20200414,0.5334047079086304,0.9696268439292908,1.282082200050354,0.8345003128051758,1.2736988067626953,2.7012124061584473,0.7909030914306641,0.8501752614974976,4.232204437255859,5.816949367523193,1.0521327257156372,1.1036674976348877,,0.5656331181526184,0.5299488306045532,0.6624773144721985,,1.0428428649902344,1.4619475603103638,
20200415,,,,,,,,,,,,,,,,,,,,
20200416,0.2939874529838562,0.44882047176361084,0.6494099497795105,0.314452201128006,0.48466211557388306,1.718330979347229,0.7181993126869202,0.6107774972915649,2.189742088317871,,0.7792525291442871,0.6277457475662231,0.36346256732940674,0.5263949036598206,0.5201578736305237,1.2465108633041382,,0.5769457221031189,0.5661022663116455,0.49973273277282715
20200417,0.4838283360004425,0.5104309916496277,0.9713592529296875,0.24980944395065308,,1.2151679992675781,0.48509594798088074,0.3344089984893799,,,,,0.2022983282804489,0.3143947720527649,0.454454630613327,0.4281771779060364,,,,0.2586250901222229
20200418,0.464230477809906,1.225334644317627,0.6959181427955627,0.4175403416156769,0.3968215882778168,3.9510085582733154,,0.41684389114379883,,,0.45980459451675415,0.7557031512260437,0.3151795268058777,,0.6878243088722229,0.7893648147583008,,0.6575968861579895,,
20200419,0.4455655515193939,,,,,,,,,,,,,,,,,,,0.6909074783325195
20200420,0.3723372220993042,,,0.6316712498664856,0.6308859586715698,,,0.695789098739624,,,0.8900399804115295,,0.30659857392311096,0.4407026469707489,0.5016641020774841,0.6449964046478271,,0.5091671943664551,0.48093947768211365,0.8255693912506104
20200421,0.5212308764457703,0.9461012482643127,0.8620306849479675,0.7106682062149048,0.7042112350463867,2.8094141483306885,0.8171989917755127,0.595869243144989,3.2214062213897705,,0.9691677689552307,0.6252874732017517,0.3517724573612213,0.5442285537719727,0.6237603425979614,0.8804289102554321,,0.4524235725402832,0.4455285370349884,0.906063437461853
20200422,0.6252490282058716,1.422439694404602,0.9569762945175171,0.5514211058616638,0.6219419836997986,2.272130250930786,0.6453409790992737,0.7128728032112122,2.795813798904419,4.205994606018066,0.7195566892623901,0.8262349963188171,0.5581535696983337,0.5694590210914612,,0.4091757833957672,,,0.30317819118499756,0.3950386047363281
20200423,0.48670458793640137,1.031584620475769,0.6551380753517151,0.811478853225708,0.6227660179138184,,,,,,,,0.26074832677841187,,,,,,,
20200424,0.5037457346916199,0.9472633600234985,1.0364288091659546,0.5280386209487915,0.4529346823692322,2.4894614219665527,0.7312140464782715,0.7359914779663086,2.8388359546661377,4.526051998138428,0.8999871015548706,0.9999362230300903,0.27455657720565796,0.6448473334312439,0.6299513578414917,0.5561450123786926,,0.5409517884254456,,1.2780405282974243
20200425,0.7048586010932922,,,,,,,,,,,,,,,,,,,2.6039071083068848
20200426,,0.40524622797966003,0.722089409828186,0.6144875884056091,0.5979604125022888,3.223982334136963,0.7242967486381531,0.7590094804763794,1.7563053369522095,2.255263090133667,0.8345169425010681,0.9467706084251404,0.2901581823825836,0.4748377799987793,0.6039198637008667,2.019158124923706,,0.37994518876075745,0.36617234349250793,0.5170131325721741
20200427,0.3468192517757416,0.554274320602417,0.8206499814987183,0.7634683847427368,0.6434505581855774,2.0869767665863037,0.759682297706604,0.7547211050987244,2.9275944232940674,4.510022163391113,0.9567232131958008,1.0563522577285767,0.3641930818557739,0.9683263897895813,0.5006416440010071,0.6060115694999695,,,0.14514300227165222,1.1034568548202515
20200428,0.5789809226989746,0.7647050619125366,0.36423158645629883,,,,,,,,,,,,,,,,,
20200429,0.6203479766845703,0.7161226272583008,,,,,,,,,,,,,,,,0.5321272015571594,,
20200430,0.6185733079910278,0.8860523700714111,0.7514252066612244,0.4425719082355499,0.44546711444854736,2.369481325149536,0.5623966455459595,0.5651578307151794,,,,,0.3190373182296753,0.49455273151397705,0.5860036611557007,,,,,
20200501,0.38215693831443787,0.415658563375473,0.831861674785614,0.30486392974853516,0.48867443203926086,2.5270280838012695,0.808996856212616,0.6009822487831116,2.0196683406829834,3.721668243408203,0.6386083364486694,,,0.5536705255508423,,,,0.4037260115146637,0.29299256205558777,1.6219981908798218
20200502,,0.3410768508911133,0.3420144021511078,,0.3750258982181549,2.6043779850006104,0.640750527381897,0.5382559299468994,,,0.6234769821166992,0.8789440989494324,0.3356200158596039,0.5239183902740479,,,,,0.18692907691001892,0.4395518898963928
20200503,0.7477512359619141,0.5917341709136963,,,0.31938380002975464,2.521077871322632,,0.32096102833747864,,,,,0.26249703764915466,,,,,,0.12916532158851624,
20200504,0.7083050608634949,1.2901726961135864,1.1794865131378174,0.6742979288101196,1.0750980377197266,3.351581335067749,1.0481127500534058,1.207582950592041,4.4787445068359375,6.010626792907715,1.677647590637207,1.3085784912109375,0.5479041337966919,0.6978130340576172,0.7863050103187561,0.9579314589500427,,0.2277279794216156,,0.3078017830848694
20200505,0.7083865404129028,1.2428873777389526,1.266481637954712,0.7506141066551208,0.8600621819496155,2.45680832862854,0.82215815782547,0.965293288230896,3.0764756202697754,4.728507041931152,1.1992413997650146,1.0194387435913086,0.6819678544998169,1.0092028379440308,0.9491742253303528,,,,0.6485256552696228,1.756762981414795
20200506,0.49456238746643066,,,1.1022975444793701,0.5439620614051819,,,1.358520746231079,,,,,0.6463577747344971,1.0965739488601685,0.8533281683921814,1.4944419860839844,,1.5344551801681519,,
20200507,0.7928329706192017,1.154497504234314,0.35598519444465637,0.29623135924339294,0.3019973039627075,3.095742702484131,0.9514285922050476,0.46251094341278076,1.8399429321289062,5.070484161376953,,1.1058036088943481,0.2328975349664688,0.4875960648059845,0.7521182298660278,1.4242792129516602,,0.6756569147109985,0.751419186592102,0.6151796579360962
20200508,0.8315236568450928,0.9426808953285217,1.134462594985962,0.4160195589065552,0.30495843291282654,1.7353955507278442,0.8211987614631653,0.8925961256027222,,2.802718162536621,0.5744603872299194,,0.29270386695861816,0.5857028365135193,0.6302446126937866,0.8511550426483154,,0.48801857233047485,0.3828379511833191,0.5181921720504761
20200509,0.4924948513507843,0.8778395652770996,0.7807151079177856,0.7260135412216187,1.5048918724060059,2.354153633117676,0.669774055480957,,,,,,0.5909944176673889,0.6685113906860352,,,,,0.42535534501075745,
20200510,0.6649519801139832,0.9688278436660767,1.0537189245224,0.5995628833770752,0.5423789024353027,2.201979875564575,0.854211151599884,0.8141655325889587,,,0.7586397528648376,1.2326804399490356,0.5054008364677429,0.612716794013977,0.7150102257728577,,,0.8039957880973816,0.5998203158378601,
20200511,0.9516052007675171,0.595729649066925,1.7618428468704224,1.055922269821167,0.6258668303489685,3.3657283782958984,1.1173460483551025,3.1989405155181885,,,1.2029657363891602,1.1201610565185547,0.42115160822868347,0.7800963521003723,0.7057031393051147,,,0.39983221888542175,0.38468530774116516,0.5020379424095154
20200512,0.6840245127677917,1.2291898727416992,1.7279952764511108,0.6351643204689026,0.47539129853248596,2.5489723682403564,0.950874924659729,0.3842909038066864,2.7355966567993164,4.493697643280029,0.9117435812950134,1.2516433000564575,0.31030502915382385,,0.5872161388397217,2.319891929626465,,,0.3951633870601654,1.9037253856658936
20200513,0.6875845789909363,0.46458977460861206,0.5034579634666443,0.38900452852249146,0.4890049695968628,2.0279831886291504,0.5002126693725586,0.4173135757446289,1.5843414068222046,1.3164602518081665,0.5575751662254333,,0.18935798108577728,0.45303040742874146,0.5576916933059692,0.624596118927002,,0.3525223135948181,0.2950276732444763,0.8423227667808533
20200514,0.8183827996253967,1.3075499534606934,2.345353603363037,,,3.1529269218444824,0.7819636464118958,,,,,,0.32950735092163086,0.44854846596717834,,,,,,
20200515,0.6554757952690125,1.198279857635498,0.9505372047424316,0.6558111906051636,1.1170786619186401,4.100341796875,0.9897971749305725,1.1217776536941528,5.581651210784912,11.259878158569336,1.5610699653625488,1.6363685131072998,0.3829391300678253,0.6273532509803772,0.6948758363723755,0.9644427299499512,,1.1760340929031372,,10.043033599853516
20200516,0.6359949707984924,1.1768524646759033,1.213422417640686,0.8623585104942322,0.9474879503250122,3.2663285732269287,0.7489996552467346,0.8470044732093811,4.083096504211426,7.6550068855285645,1.0729447603225708,1.0470510721206665,0.44164809584617615,0.8050383925437927,0.6452080607414246,0.7082571983337402,,0.7852056622505188,0.4621567130088806,3.2459280490875244
20200517,0.6516810059547424,1.1202363967895508,1.3481414318084717,0.8262483477592468,0.8911516070365906,2.7706658840179443,0.7636710405349731,0.7770643830299377,3.597956895828247,7.652651309967041,1.0220353603363037,1.2342615127563477,0.44472795724868774,0.9742639660835266,0.6177713871002197,0.7344976663589478,,0.6777074933052063,0.5607408881187439,3.041511297225952
20200518,0.7573480606079102,2.022195816040039,0.5285699963569641,,,5.461338996887207,,,,,,,,,,,,,0.5459619760513306,2.425497055053711
20200519,0.8311560750007629,1.10701322555542,0.5214861631393433,,,4.523166656494141,,1.3997468948364258,3.26177716255188,11.260866165161133,0.7154591679573059,1.9412833452224731,,0.7792237997055054,0.6517661809921265,0.8059699535369873,,,0.45521286129951477,
20200520,0.7209495306015015,,,,,,,,,,,,,,,,,,,1.9920076131820679
20200521,0.5725334882736206,0.8093112707138062,0.6982358694076538,0.7059385776519775,0.8985403180122375,1.324094533920288,0.5914682745933533,0.4557822048664093,,,,,,,,,,,,
20200522,,,,0.2630964517593384,0.3016413748264313,,,,,,,,,0.5794456005096436,,,,,0.1865660548210144,0.3667266070842743
20200523,0.5074666738510132,0.757019579410553,0.674146294593811,,0.3757841885089874,1.825500249862671,0.5254906415939331,0.36242178082466125,,2.6361796855926514,0.5905528664588928,0.598515510559082,0.3102191090583801,0.4269713759422302,,1.394395112991333,,0.2639237642288208,0.20301248133182526,0.21413661539554596
20200524,0.7763211131095886,0.6230276226997375,0.5007338523864746,0.510737955570221,,,,,,,,,,0.4541170299053192,0.6004751920700073,,,0.43567678332328796,0.26015567779541016,0.5021610856056213
20200525,,,,,,3.9813995361328125,,,2.88268780708313,7.053311347961426,,2.075619697570801,,,,,,0.32947954535484314,0.44172123074531555,2.823956251144409
20200526,0.6894089579582214,0.31278225779533386,,,,,,,,,,,,,,,,0.5106942057609558,0.3902093768119812,1.950684905052185
20200527,0.6128693222999573,0.5768092274665833,0.5284352898597717,0.4778212606906891,0.4136399030685425,2.6263136863708496,0.6801536679267883,0.5865808129310608,1.8465842008590698,2.9980392456054688,0.5731816291809082,0.8417211771011353,0.33879318833351135,0.7959755063056946,0.5952182412147522,0.7279931902885437,,0.3316424787044525,0.3448196053504944,0.8594730496406555
20200528,0.7360605001449585,1.2780768871307373,1.0215444564819336,0.3715098798274994,0.4489065408706665,2.3450043201446533,0.73568195104599,0.5719094276428223,1.1805462837219238,,0.5885850787162781,0.5373733043670654,0.3165673613548279,0.6845867037773132,0.6323354840278625,0.6685371994972229,,0.4277377724647522,0.31470081210136414,0.27422162890434265
20200529,0.77420574426651,1.0584501028060913,1.0508942604064941,0.9312275648117065,0.7504107356071472,2.763218402862549,0.7581351399421692,0.8494728207588196,2.9418275356292725,8.616780281066895,0.9028717279434204,1.054012656211853,0.5401840209960938,0.94151371717453,0.6784576177597046,0.9594466090202332,,0.5972470045089722,0.4092269837856293,1.8638345003128052
20200530,0.7485875487327576,,,,,,,,,,,,,,,,,0.5401405692100525,0.4954746663570404,2.661651372909546
20200531,0.7759351134300232,1.3531064987182617,1.258952021598816,,,,,,,,0.8146308660507202,,,0.898682177066803,,,,,,0.5418881773948669
20200601,0.5634731650352478,0.890907883644104,0.5815422534942627,0.5086875557899475,0.4325571060180664,2.5443694591522217,0.726498007774353,0.4828789234161377,1.2090338468551636,1.9762794971466064,0.7581271529197693,1.1228954792022705,0.2897234559059143,0.5921747088432312,0.5328266024589539,,,0.32615581154823303,,
20200602,,,,0.43230533599853516,0.2866783142089844,0.9128397107124329,,0.49329841136932373,,2.7384560108184814,0.5386936664581299,,0.33581504225730896,0.5278105139732361,0.5176044702529907,0.5094454884529114,,,,0.17443805932998657
20200603,,,,,,1.2486249208450317,,,,,,,,,,,,0.5388166904449463,0.34073397517204285,0.48110124468803406
20200604,0.832295835018158,0.9185962677001953,0.7740902304649353,0.9870883226394653,,,,,,5.351893424987793,0.9441068768501282,1.2390702962875366,,0.9985631108283997,0.7542145252227783,0.8319680094718933,,0.7034029960632324,0.5332948565483093,2.063703775405884
20200605,0.6848440170288086,1.3900467157363892,1.6848872900009155,,,3.841644763946533,0.7766316533088684,0.5200456976890564,4.862445831298828,8.865910530090332,0.7679232358932495,1.424637794494629,0.31426066160202026,0.6638942956924438,0.7504177689552307,1.0377641916275024,,,,1.5734575986862183
20200606,0.543856143951416,1.1452690362930298,0.7891899943351746,0.5951508283615112,0.31133097410202026,0.553514838218689,,,,2.603102445602417,,0.46610358357429504,0.3125043213367462,,,0.9624097347259521,,,,
20200607,0.7537784576416016,2.008333444595337,0.6779162287712097,0.5557264089584351,,2.344174861907959,,,2.067594528198242,3.215867519378662,0.6230204105377197,,0.23357880115509033,0.35985204577445984,0.449459969997406,1.7615070343017578,,0.4784146249294281,0.28072401881217957,0.4934297204017639
20200608,0.7836434245109558,0.8010415434837341,1.1259697675704956,1.0884305238723755,0.6837746500968933,3.7110397815704346,4.360150337219238,1.3618175983428955,3.153400421142578,8.732357025146484,1.0328110456466675,1.3530529737472534,0.38888007402420044,0.8609814643859863,0.618111789226532,1.009665846824646,,0.23909050226211548,0.23296096920967102,0.4166528880596161
20200609,0.9637904167175293,1.520904302597046,1.1022121906280518,0.9442893266677856,0.7659838795661926,,,0.5862607359886169,,,,,,0.8957026600837708,0.6804971694946289,,,,0.6010584831237793,1.8983113765716553
20200610,0.810562014579773,1.4429911375045776,1.815490961074829,1.0722826719284058,0.9889412522315979,3.243194341659546,1.1554878950119019,1.1613919734954834,2.701446056365967,4.214602470397949,1.0224378108978271,1.3743479251861572,0.6955987215042114,0.9444498419761658,0.6593186259269714,0.935163140296936,,0.7656548023223877,0.5740906000137329,1.9800827503204346
20200611,0.7743113040924072,1.1396366357803345,1.129897952079773,0.9853616952896118,,,,,,,,,,,0.968841552734375,1.2675868272781372,,1.8039697408676147,,1.3109806776046753
20200612,0.9144614338874817,1.4247491359710693,1.0648554563522339,0.762531578540802,1.7157723903656006,5.089661121368408,0.7877450585365295,,,,,,,,,,,0.7078199982643127,0.8975316286087036,
20200613,0.5338772535324097,0.6296822428703308,0.7711907625198364,0.7833331823348999,0.6990763545036316,2.859245777130127,,,,,,,0.2670225501060486,,,,,,,
20200614,0.742155909538269,1.005033254623413,0.8854847550392151,0.5013442635536194,0.49362820386886597,1.0324958562850952,0.48751431703567505,0.4095539152622223,,,0.256996214389801,,0.2609216868877411,0.33448436856269836,0.36948588490486145,,,,,
20200615,0.7099595665931702,1.0679025650024414,1.4741672277450562,,,2.0623579025268555,1.1272099018096924,0.24670803546905518,2.0492725372314453,4.9013519287109375,,0.6637705564498901,0.31628042459487915,0.28926584124565125,,,,,0.21448835730552673,0.5327436923980713
20200616,0.564235270023346,1.5009042024612427,,0.5011870861053467,0.38303765654563904,1.9019054174423218,,,,,,,0.3700285255908966,0.6292938590049744,0.621202826499939,,,,,0.3368492126464844
20200617,0.5711183547973633,1.0232808589935303,1.0748844146728516,0.8639269471168518,1.2097691297531128,3.1666157245635986,0.6420607566833496,0.649208664894104,3.4061338901519775,5.461639404296875,0.9510452151298523,0.6444036960601807,0.3427107334136963,0.7857828140258789,,,,0.2804451286792755,,
20200618,0.6331432461738586,1.19343900680542,0.9700651168823242,1.3470791578292847,1.7176425457000732,2.9273264408111572,0.7004643678665161,1.3289085626602173,2.3147947788238525,,0.8755468130111694,2.193359613418579,,0.6907238960266113,,,,,0.5864248275756836,1.1307122707366943
20200619,0.71484375,0.9902791380882263,0.7790844440460205,0.4326372742652893,0.5908909440040588,1.3326200246810913,0.3866140842437744,0.6221837997436523,,,,,0.33662816882133484,0.4813672602176666,,,,,0.6974882483482361,
20200620,0.44864338636398315,0.4659070372581482,,,0.6051496863365173,1.191798448562622,0.24057480692863464,,,4.829133033752441,,,,,,,,,0.5483182668685913,0.7102182507514954
20200621,0.4006437361240387,0.8355917930603027,0.845368504524231,,1.2538833618164062,1.5945848226547241,0.6057361960411072,,,,,,,0.4100151062011719,0.6695190072059631,,,0.7057149410247803,0.303632527589798,
20200622,,0.34446582198143005,0.8686232566833496,0.33004316687583923,0.5142777562141418,1.092637538909912,0.8009132742881775,0.8257383704185486,1.7642573118209839,3.721104145050049,0.9991205334663391,0.5926766395568848,0.29919520020484924,0.8313261270523071,0.4785255789756775,0.5575584173202515,,,,
20200623,0.6190716028213501,0.9207495450973511,1.2232372760772705,0.32573947310447693,0.37929248809814453,1.7867457866668701,0.5755121111869812,0.4835147559642792,,2.31720232963562,0.6540057063102722,0.7151869535446167,0.3197171986103058,0.6346455216407776,0.6446998715400696,0.5200861692428589,,0.2552712559700012,0.20450575649738312,2.865219831466675
20200624,0.6291006207466125,1.0291801691055298,0.9720484614372253,0.8191059827804565,1.0052334070205688,2.258605718612671,0.7368939518928528,0.8886825442314148,1.6453684568405151,1.6569584608078003,0.9892085194587708,0.7586653828620911,0.4096035659313202,0.39249321818351746,,1.320422887802124,,0.3617970645427704,0.2159407138824463,0.5542073845863342
20200625,0.8006570339202881,0.9877893924713135,0.8159039616584778,0.7009758949279785,0.5656356811523438,2.4369871616363525,0.536362886428833,0.7542941570281982,1.8443025350570679,3.133744478225708,0.660698413848877,0.701812744140625,0.35775133967399597,0.5314956307411194,0.531356155872345,0.582282543182373,,0.5525922179222107,0.24754035472869873,0.34098148345947266
20200626,0.654264509677887,1.0605601072311401,0.9578996896743774,0.8084093332290649,2.0525143146514893,1.5599809885025024,0.6875535249710083,0.8731459975242615,,,,,0.5009148716926575,2.081024408340454,,,,0.3883870244026184,0.2336883544921875,0.9774353504180908
20200627,0.6164005994796753,1.020904779434204,1.0211145877838135,0.9745072722434998,1.076256275177002,3.4093658924102783,0.7713248133659363,0.9744418263435364,3.5349764823913574,7.163492679595947,1.338792324066162,1.2024239301681519,0.6015068292617798,0.9923672080039978,0.6268618702888489,0.7106358408927917,,1.1861404180526733,,1.0066907405853271
20200628,0.6084920167922974,1.1315511465072632,1.3173744678497314,0.848230242729187,1.265548825263977,4.597784519195557,0.7584631443023682,0.9312247633934021,6.677083492279053,10.0018892288208,1.2865618467330933,1.1823943853378296,0.49097058176994324,1.0612075328826904,0.5209493041038513,0.556327223777771,,0.6110960245132446,0.5471847057342529,
20200629,0.5956591963768005,0.9851924180984497,0.8670061826705933,0.8604092597961426,1.1223810911178589,3.1742303371429443,0.7068145275115967,0.6995110511779785,5.934753894805908,9.08388900756836,0.851508378982544,0.740097165107727,0.4936041533946991,0.8748319745063782,0.5033581852912903,0.7013388276100159,,0.49372708797454834,0.4635615646839142,2.454920530319214
20200630,0.7145094275474548,0.8604767322540283,0.986572802066803,0.5464651584625244,0.5685940980911255,2.852224826812744,0.6240795254707336,0.7238144278526306,2.536970853805542,7.974329948425293,0.7775389552116394,0.8963518738746643,0.4544491767883301,0.7013847827911377,0.5359522700309753,0.684402346611023,,0.6620675921440125,0.40800580382347107,
20200701,0.5542340278625488,,,,,3.2109878063201904,0.47738420963287354,0.7188352942466736,1.730042815208435,6.439593315124512,0.4412069022655487,1.3280640840530396,0.6347101330757141,0.6813268661499023,0.5357533693313599,0.5858862996101379,,0.3873539865016937,0.34651678800582886,2.3060433864593506
20200702,0.4726802706718445,0.7169331908226013,0.9429076910018921,0.7328759431838989,1.0574527978897095,1.4896568059921265,0.5594930648803711,0.7180307507514954,,,0.9702982902526855,0.7943580746650696,0.45855528116226196,0.9994391202926636,0.6021528244018555,,,,,0.4151462912559509
20200703,0.4336450695991516,0.8470533490180969,0.7489263415336609,0.5329821705818176,0.5445725917816162,1.5278041362762451,0.3435162603855133,0.5070357918739319,,2.545348882675171,0.4194316864013672,0.6356145143508911,0.31699833273887634,0.497893750667572,0.4832090735435486,0.5115451812744141,,0.3641951084136963,0.45369473099708557,
20200704,0.422368586063385,1.9023663997650146,,,0.24892261624336243,0.8268573880195618,0.2763843834400177,0.5697219967842102,0.6682608127593994,1.8206732273101807,0.6530807614326477,0.7088168859481812,0.2721259891986847,0.5380439162254333,0.5893789529800415,1.4169821739196777,,0.17095191776752472,0.12226933985948563,0.21194787323474884
20200705,0.5031729340553284,1.5657424926757812,1.796815037727356,,0.2943403124809265,0.6081966161727905,0.25909972190856934,0.22727879881858826,0.8684243559837341,2.8489761352539062,0.5109449625015259,0.8248634934425354,0.17801788449287415,0.42831552028656006,0.39820626378059387,,,,0.16091123223304749,0.3061424791812897
20200706,0.598013162612915,0.7782442569732666,0.8377728462219238,,0.47787216305732727,2.347912549972534,,,,,,,,,,,,,,
20200707,0.5651180148124695,1.133176326751709,0.8023605346679688,0.6074968576431274,2.340500593185425,2.4411678314208984,0.5159265398979187,,,,,,,,,,,0.15259131789207458,,0.2649146318435669
20200708,0.5492118000984192,1.0741596221923828,1.1897470951080322,0.7007334232330322,1.1350246667861938,3.778949737548828,0.7728551626205444,0.7514798641204834,3.2222280502319336,9.385160446166992,0.6606470942497253,0.8740712404251099,0.4608311951160431,0.8044152855873108,0.5708577632904053,0.5796904563903809,,0.40486931800842285,,0.5911909341812134
20200709,0.462009459733963,0.8331477046012878,0.9742660522460938,0.651856541633606,1.1672996282577515,2.2260615825653076,0.6761304140090942,0.8112401962280273,3.226027011871338,7.811743259429932,,1.4361138343811035,0.4174579679965973,0.7072908282279968,0.740808367729187,0.9695963263511658,,0.5550771355628967,0.35458484292030334,0.373756468296051
20200710,0.41246938705444336,,0.4738568961620331,0.339499831199646,0.41640058159828186,,1.205220341682434,0.44468897581100464,,,,,0.43764957785606384,,,,,,,0.8994297385215759
20200711,0.5389159917831421,0.6279200911521912,0.5589179396629333,,,,0.4218028485774994,0.5697845220565796,2.5734517574310303,8.521242141723633,0.6100208759307861,,0.41665101051330566,0.7188748121261597,0.4668745696544647,0.5218926668167114,,,,0.3608250319957733
20200712,0.4825575053691864,0.9549328088760376,0.77347332239151,0.5972821116447449,1.003068447113037,0.7674442529678345,0.4633011221885681,0.5089434385299683,,,,,0.582949161529541,,0.4282970130443573,0.5572252869606018,,0.4158479571342468,0.2794051170349121,0.41039329767227173
20200713,,1.2360858917236328,0.8526304960250854,0.7073916792869568,1.4111636877059937,2.9150338172912598,0.6935952305793762,0.6349807381629944,,,1.1594516038894653,0.5333307981491089,0.5464357733726501,0.6361077427864075,0.5204520225524902,0.8901774287223816,,0.5679705739021301,0.7357338666915894,0.3674502968788147
20200714,0.5017065405845642,0.9743737578392029,1.0621691942214966,0.7272062301635742,1.2861170768737793,3.4781620502471924,0.690272867679596,0.6382818818092346,7.3578572273254395,11.053731918334961,1.1280829906463623,,0.4402753412723541,0.932461678981781,0.40836039185523987,0.5425928235054016,,0.5192188024520874,0.3339278995990753,3.0566086769104004
20200715,0.49394622445106506,0.9180281758308411,0.8655847311019897,0.5149294137954712,1.1072219610214233,3.6502935886383057,0.9144634008407593,0.778842031955719,5.635840892791748,11.118048667907715,0.9855362176895142,0.773594081401825,0.4471905529499054,0.8549439907073975,0.40732699632644653,0.7353137135505676,,0.5842485427856445,0.3535511791706085,1.2541428804397583
20200716,0.497968465089798,0.8494307994842529,0.8238512277603149,0.4640149772167206,0.4151041805744171,3.8265905380249023,0.45354536175727844,0.44530361890792847,3.328217029571533,11.799661636352539,0.9736775159835815,0.7490143775939941,0.39448657631874084,0.7283059358596802,0.35197341442108154,0.7442905902862549,,0.4235058128833771,0.3635759651660919,0.478481650352478
20200717,0.6960186958312988,2.11836576461792,1.5003960132598877,0.8002120852470398,0.49344363808631897,2.7163164615631104,0.4080300033092499,0.4274355173110962,1.602784514427185,5.0529255867004395,0.5954156517982483,0.677378237247467,0.3781215250492096,0.48441895842552185,0.33130669593811035,0.4628739655017853,,0.526849627494812,0.34054702520370483,0.3291749656200409
20200718,0.39806070923805237,0.5664041042327881,0.5504399538040161,0.5803090929985046,0.41456854343414307,,,0.42796963453292847,,,,,0.23430335521697998,,,,,,,
20200719,0.2990989089012146,0.6142950057983398,0.6524548530578613,0.4102366268634796,0.40209314227104187,0.9637805223464966,0.39950695633888245,0.6156795620918274,0.7959611415863037,0.5684966444969177,0.6054238677024841,0.6524893641471863,0.2589265704154968,0.40901610255241394,0.2730298638343811,0.35147425532341003,,0.3788449168205261,,0.25458598136901855
20200720,0.2996070384979248,0.5763747692108154,0.4410713315010071,0.5242389440536499,0.4625928997993469,1.6876444816589355,0.43574240803718567,0.43277227878570557,1.3563783168792725,4.327291488647461,0.5453683137893677,0.7508406043052673,0.30674368143081665,0.4802939295768738,0.3941722810268402,0.7901801466941833,,0.3158811330795288,0.17949217557907104,0.37230831384658813
20200721,0.3245203495025635,0.4976558983325958,0.5159428715705872,0.29305851459503174,0.42409661412239075,2.24330472946167,0.27306026220321655,0.33001068234443665,1.9661335945129395,5.601736545562744,,,0.26755353808403015,0.27117177844047546,0.2558876872062683,0.4631057679653168,,0.2544911205768585,0.15052413940429688,0.4757562577724457
20200722,0.47473016381263733,0.5961464643478394,0.9619964957237244,,0.14220337569713593,2.369131088256836,0.5131779909133911,0.14982834458351135,3.0719268321990967,,,,0.15850768983364105,0.22590859234333038,0.20408305525779724,,,,0.10467525571584702,0.3882266879081726
20200723,0.414309024810791,0.8653527498245239,0.7364914417266846,0.5215045213699341,0.795852541923523,2.1403470039367676,0.6341217756271362,0.8579816222190857,1.5069645643234253,6.008519649505615,0.9680383801460266,0.8525368571281433,0.5038384199142456,0.997343122959137,0.48532041907310486,0.5386345982551575,,0.752445638179779,,
20200724,0.2304091602563858,0.30098050832748413,0.2839902341365814,0.4519072473049164,1.822825312614441,,,,,,,0.5493835210800171,,0.7868232727050781,0.5414175391197205,0.604761004447937,,0.46010977029800415,,
20200725,0.3288199007511139,0.5856104493141174,0.6741185784339905,0.6426052451133728,0.9063836336135864,3.9283039569854736,0.8424579501152039,0.6213977336883545,4.268409252166748,9.980829238891602,1.0641789436340332,0.709341824054718,0.33560097217559814,0.8883443474769592,0.45389115810394287,0.4637144207954407,,0.4854433834552765,0.4058574438095093,
20200726,0.40905144810676575,,,,,,,,,,,,,,,0.5341119766235352,,1.1262540817260742,0.45279234647750854,0.24539610743522644
20200727,0.47385185956954956,0.563437819480896,0.5315276384353638,0.404391884803772,0.31366047263145447,0.7438516020774841,0.3487749993801117,0.4159553647041321,2.4118800163269043,7.319545269012451,0.5898541212081909,0.5193503499031067,0.3176136314868927,0.5153645873069763,0.24986881017684937,0.4747016727924347,,0.47616344690322876,0.3347148895263672,0.2983711063861847
20200728,0.4275513291358948,0.7536827921867371,0.8522337675094604,0.6511685252189636,0.49584510922431946,2.17746639251709,,,,,,,,,,,,,,0.5702970623970032
20200729,0.3827361762523651,0.8120846152305603,0.6740835309028625,0.7816311120986938,1.1777628660202026,4.217798233032227,0.3405705988407135,0.5314407348632812,,,0.6636297106742859,,0.3479989469051361,0.5722967982292175,0.6059209704399109,,,0.48320862650871277,0.38948243856430054,1.8403961658477783
20200730,0.33837711811065674,0.8103151321411133,0.8356139659881592,0.5685713291168213,1.0865780115127563,3.509617567062378,0.49697187542915344,0.4960101246833801,5.150135040283203,7.792618751525879,0.5530731081962585,,0.32042109966278076,0.542606770992279,0.39454811811447144,0.534697413444519,,0.4461488127708435,0.3968696892261505,2.57533597946167
20200731,0.33639591932296753,0.7882062792778015,1.043200135231018,0.5715364813804626,0.8071439862251282,3.0180137157440186,0.7010231018066406,0.47835054993629456,3.4069137573242188,9.376312255859375,,0.44983696937561035,0.33703187108039856,1.309608817100525,0.35793057084083557,0.4264593720436096,,,0.373496413230896,1.6994785070419312
20200801,0.25952818989753723,0.3671942949295044,0.4738337993621826,0.4383121728897095,0.5266518592834473,2.978752851486206,0.47267866134643555,0.45877739787101746,1.7072983980178833,9.564204216003418,0.6379517316818237,0.7302409410476685,0.2984256446361542,0.5836407542228699,0.3723149299621582,0.421078085899353,,0.6549580097198486,0.38990962505340576,1.2040406465530396
20200802,,0.8992525339126587,,,,3.6528074741363525,0.26105231046676636,0.40628519654273987,0.7784361243247986,,0.37692180275917053,0.5862979292869568,,,0.31473177671432495,0.4131488502025604,,,,1.038857102394104
20200803,0.6620916128158569,0.6254304647445679,0.6855042576789856,0.45697999000549316,0.5635026097297668,2.7494423389434814,0.34594419598579407,0.3570937514305115,,,,,,,0.43171608448028564,,,0.2514307498931885,,0.2196146845817566
20200804,0.5426971912384033,0.967609703540802,1.0711963176727295,0.4996008276939392,0.6489565968513489,1.982010006904602,0.7110079526901245,0.5156744122505188,1.9939571619033813,6.264740467071533,0.919898509979248,0.5691472291946411,0.32040712237358093,0.669744074344635,0.32704582810401917,0.46003401279449463,,0.3607160449028015,0.33966052532196045,1.0777932405471802
20200805,,,,0.41086840629577637,0.6620056629180908,,,0.6139686107635498,1.5764918327331543,5.458122253417969,0.8504101037979126,0.5861239433288574,0.3400096595287323,0.9158389568328857,0.47030043601989746,0.7740858793258667,,0.29552891850471497,0.2846433222293854,0.7758724689483643
20200806,,,,,,,,,,,,,,,,,,0.2597784996032715,0.1947629153728485,0.3969808518886566
20200807,0.6182203888893127,,,,,,,,,,,,,,,,,,,
20200808,0.40243393182754517,,0.4907265901565552,,,,,,,,,,,,,,,,,
20200809,0.45147767663002014,0.7941846251487732,0.4546447992324829,0.3830387592315674,1.0276705026626587,1.1567952632904053,0.31413379311561584,,,,,,0.17364072799682617,0.2959476709365845,,,,0.18738700449466705,0.23069904744625092,1.446998119354248
20200810,,,,,,6.822211742401123,,,1.9701366424560547,3.9537405967712402,,0.554802417755127,,0.7073795795440674,0.6911004781723022,0.6460689902305603,,0.34270530939102173,0.3143594264984131,1.0954625606536865
20200811,0.37832018733024597,0.7130086421966553,0.8616126775741577,0.3725477457046509,0.357107549905777,1.6097241640090942,0.3810606300830841,0.3213914632797241,,,,,0.16168083250522614,,,,,,,3.555943012237549
20200812,0.43114057183265686,0.5229252576828003,0.37390536069869995,0.2672547996044159,0.3024621605873108,0.6880564093589783,0.4692232012748718,0.4298301637172699,,,0.3424002230167389,0.2995503544807434,0.27148503065109253,0.40918415784835815,0.38421890139579773,,,,,0.9177389740943909
20200813,0.3517240285873413,,0.49455368518829346,0.3979537785053253,0.5533081293106079,,0.2950144112110138,0.3467341661453247,,,,,0.3032127022743225,0.31018051505088806,0.24920225143432617,0.39938488602638245,,0.227131187915802,0.1896158903837204,0.40719088912010193
20200814,0.3128616511821747,0.6867995262145996,0.73965984582901,0.362742155790329,0.32598286867141724,1.0594406127929688,0.6487148404121399,0.44087153673171997,1.565974473953247,5.250823020935059,0.4721371829509735,0.3700472414493561,0.3436068892478943,0.6226544380187988,0.4543082118034363,0.4764276444911957,,0.41604292392730713,0.5832640528678894,
20200815,0.3003457486629486,0.6638410687446594,0.8408235907554626,0.3485826849937439,0.4200671911239624,1.555202841758728,0.3845725953578949,0.44660356640815735,1.4187012910842896,3.588447093963623,0.44295021891593933,0.4354408085346222,0.3471266031265259,0.3547990918159485,0.3181140124797821,0.7444549202919006,,0.3425958752632141,0.3299611210823059,0.5835632681846619
20200816,0.31204846501350403,0.25853249430656433,0.3369368314743042,0.3208591341972351,,,,,,3.8171262741088867,0.3817865550518036,0.5088415741920471,0.3542124032974243,0.4269396960735321,0.34301719069480896,0.3779289424419403,,0.35948610305786133,0.3171016573905945,0.7120298147201538
20200817,0.3295370936393738,0.5884217619895935,0.5671048760414124,0.33317404985427856,0.34467795491218567,0.5459612011909485,0.24342961609363556,0.34909552335739136,,,,,0.3329179883003235,0.4173974394798279,,,,,0.34543943405151367,0.7598434090614319
20200818,0.3855648636817932,0.7451537847518921,,,0.18226826190948486,0.5480958819389343,0.29618149995803833,,,,0.4242333769798279,0.21085943281650543,,0.16065429151058197,0.3520142436027527,0.3305686116218567,,0.30419230461120605,,0.30161720514297485
20200819,0.41912537813186646,0.6062188148498535,0.56873619556427,0.4143979251384735,0.36076799035072327,1.3678478002548218,0.9107075929641724,0.4294639229774475,,,0.8068495392799377,0.9522523880004883,0.37612274289131165,0.34962376952171326,0.42729777097702026,0.44673147797584534,,0.3750057816505432,0.28673821687698364,0.3171168863773346
20200820,0.3906845152378082,0.731468915939331,0.6470084190368652,0.42615506052970886,0.3237137794494629,0.9975948929786682,0.4333932101726532,0.3203044533729553,,,0.3812658488750458,,0.3347488045692444,0.5293436050415039,0.2994503378868103,0.7722103595733643,,0.30621206760406494,0.23574967682361603,0.3803606927394867
20200821,0.3553670346736908,0.31921571493148804,0.6932370662689209,0.418122798204422,0.3477402627468109,1.623481273651123,0.47543656826019287,0.4748781621456146,,,0.54196697473526,0.8336949348449707,0.2500395178794861,0.47416970133781433,0.3031434118747711,0.5181595683097839,,0.3415505290031433,0.2847250699996948,1.282015085220337
20200822,0.45326170325279236,0.27428802847862244,0.5620649456977844,0.4491387605667114,0.47559720277786255,1.9285887479782104,0.7079783082008362,0.44271206855773926,,2.7219789028167725,0.5077716112136841,0.8923373818397522,0.2738117277622223,0.45235028862953186,0.5098636746406555,0.6662124991416931,,0.40096181631088257,0.27108752727508545,0.4323747456073761
20200823,,0.3685988485813141,0.3397732973098755,0.2845720052719116,0.3081694543361664,0.9632495641708374,0.5468997955322266,0.38290777802467346,,1.9114006757736206,0.5747135281562805,0.8475049734115601,0.25185301899909973,0.3654114305973053,0.3887483477592468,0.5344198346138,,0.27031341195106506,0.1911904662847519,0.6067937612533569
20200824,0.36605599522590637,0.6691391468048096,0.615401566028595,0.5158489346504211,0.4885261654853821,,0.5102317333221436,,,,,,0.3905279040336609,0.49097275733947754,0.41756659746170044,0.5321313738822937,,0.3081631064414978,0.33911168575286865,0.3510875403881073
20200825,0.37830859422683716,0.9143868088722229,0.925943911075592,0.8726221323013306,0.6094528436660767,1.449066400527954,0.6080376505851746,0.5371840000152588,2.7577297687530518,3.1779141426086426,0.9087154865264893,0.8964017033576965,0.3579631745815277,0.6987559199333191,0.43260207772254944,0.47998976707458496,,0.3567871153354645,0.3031780421733856,0.3970503807067871
20200826,0.36977747082710266,0.838810920715332,1.0557359457015991,0.3869960606098175,0.4150438606739044,0.9636826515197754,0.7324951887130737,0.9525408744812012,3.336010456085205,5.280491352081299,1.4561703205108643,0.9632713198661804,0.3196024000644684,0.4238225221633911,0.4018304944038391,0.5832602977752686,,0.5127197504043579,0.37270060181617737,1.4085530042648315
20200827,0.3369547426700592,0.7673462629318237,0.6500568389892578,0.5619516372680664,0.5292013883590698,2.6109941005706787,0.6457080245018005,0.43920907378196716,3.067917585372925,5.887762069702148,0.6882452964782715,0.6490147709846497,0.2338414490222931,0.8529499769210815,0.34027913212776184,1.1636700630187988,,,,0.933467447757721
20200828,0.3622264266014099,0.7097812294960022,0.528752863407135,0.5037811398506165,0.3425910770893097,2.4308223724365234,0.44046685099601746,0.40629997849464417,3.2101986408233643,7.102332592010498,0.6757658123970032,0.6039981245994568,0.24238288402557373,0.3083607852458954,0.2958928346633911,0.3971143066883087,,0.41472989320755005,0.9885240793228149,1.4406458139419556
20200829,0.37665584683418274,0.7008987665176392,0.6097224354743958,0.37640008330345154,0.3351653218269348,1.636681318283081,0.33288687467575073,0.4820444583892822,0.8407273888587952,2.791660785675049,0.4468297064304352,0.48175284266471863,0.4827654957771301,0.5003628134727478,0.32647764682769775,0.424471914768219,,0.389079213142395,1.927551507949829,1.5940909385681152
20200830,0.4268818795681,0.9389055967330933,,0.2994856834411621,0.32909318804740906,,0.27775198221206665,0.3840779662132263,,,0.36847689747810364,,0.5176978707313538,,,,,,,
20200831,0.37683001160621643,0.8054219484329224,0.9495989084243774,0.4175429046154022,0.3285737633705139,2.0243377685546875,0.47868281602859497,0.294424831867218,,2.089066505432129,0.2914421260356903,0.6721895933151245,0.24494752287864685,0.33705759048461914,0.2943880259990692,0.7091370820999146,,0.3920750319957733,0.4337405860424042,0.8414989113807678
20200901,,,,,,,,,,,,,,,,,,,,1.504970908164978
20200902,0.400198370218277,0.5529918074607849,0.5830071568489075,0.3308095932006836,0.3933776021003723,1.9937158823013306,0.8435162305831909,,1.7590532302856445,7.7003583908081055,0.5673028826713562,0.6102452874183655,,0.5487273931503296,0.36856427788734436,0.758729875087738,,0.5304193496704102,0.6542329788208008,2.8472089767456055
20200903,0.37203502655029297,,0.4517406225204468,,0.2957056164741516,,0.19319184124469757,0.418834388256073,,1.5827417373657227,0.28897467255592346,0.8153548240661621,,,,,,,0.6931929588317871,0.439969003200531
20200904,0.3136502504348755,0.6934827566146851,0.603473424911499,0.44826140999794006,0.35452669858932495,2.655163526535034,0.3142831027507782,0.34367647767066956,,2.3766684532165527,,,0.23915532231330872,0.3587750792503357,0.342916876077652,,,,0.33451607823371887,
20200905,0.2590349018573761,0.8054134845733643,0.7672684788703918,0.5111768245697021,0.3429791033267975,2.6376452445983887,0.4498331844806671,0.48947903513908386,1.4274686574935913,5.650035381317139,0.640651285648346,0.6060330867767334,0.348116934299469,0.40800297260284424,0.3165026009082794,0.43927624821662903,,0.41307756304740906,0.3588425815105438,0.8454364538192749
20200906,0.2914140820503235,0.6388046145439148,0.640676736831665,0.3431988060474396,0.4472087621688843,2.96163010597229,0.4418899118900299,0.6081348061561584,2.8082427978515625,10.70904541015625,0.7801854014396667,0.6951380968093872,0.3700740337371826,0.4270138740539551,,,,,0.4207148849964142,1.5721338987350464
20200907,,,,,0.4276742935180664,1.3815960884094238,0.37094172835350037,0.29565489292144775,1.272533893585205,4.403271675109863,0.4323691427707672,1.1916296482086182,,0.5010144114494324,,0.5030653476715088,,0.589667558670044,,1.8368514776229858
20200908,,,,,,,,,,,,,,,,,,0.37242603302001953,0.4628543257713318,0.5148340463638306
20200909,0.34051403403282166,0.7974392175674438,0.6092111468315125,0.46015670895576477,0.48644691705703735,1.841228723526001,0.4361087679862976,0.5356674194335938,2.599693536758423,3.2275173664093018,0.8025047779083252,0.7435785531997681,0.4059589207172394,0.6563026905059814,0.33168017864227295,0.40276122093200684,,0.5144443511962891,0.49095839262008667,1.1356239318847656
20200910,0.29281115531921387,0.9194422364234924,1.1126999855041504,0.5175683498382568,0.5592963099479675,2.1181817054748535,0.3482840061187744,0.46082550287246704,1.9458104372024536,8.340336799621582,0.9583269357681274,,0.3362775146961212,0.3612847328186035,,0.4302837550640106,,0.7410494089126587,0.6867944598197937,2.465197801589966
20200911,0.2555771470069885,0.6134389042854309,1.229520320892334,,,2.6520533561706543,,,,,,,,,,,,,,
20200912,0.23228628933429718,,,,,2.26216197013855,,,,,,,,,,,,,,
20200913,0.31114211678504944,0.7752300500869751,0.5306480526924133,0.4173028767108917,0.3908686339855194,1.6739997863769531,0.3517172634601593,0.5104803442955017,1.4846880435943604,5.502701759338379,0.595194399356842,0.8503803014755249,0.2590554654598236,0.3574821352958679,0.29444101452827454,0.6117684245109558,,0.5399520397186279,0.4946802854537964,1.1402281522750854
20200914,0.2800557613372803,0.7293881177902222,0.6307746171951294,0.4750901758670807,,2.004504442214966,0.2893952429294586,0.2931975722312927,,,,0.24299944937229156,0.16145625710487366,,,,,,0.33235761523246765,0.7734999060630798
20200915,0.30165404081344604,0.7865985035896301,0.5901089310646057,0.4700147211551666,0.5360047817230225,2.298480749130249,0.36743292212486267,0.3599611818790436,1.5520251989364624,3.78296160697937,0.5993882417678833,0.4673542380332947,0.34357163310050964,0.5107858777046204,0.2916768491268158,0.32714807987213135,,0.5247096419334412,0.32473739981651306,1.5341488122940063
20200916,,,,,,0.5341566801071167,,,,,,,,,0.28035256266593933,,,,0.443011999130249,1.042988657951355
20200917,,,,,,,,,,,,,,,,,,,,0.48450812697410583
20200918,,,,,0.34638333320617676,,,0.40336957573890686,,,,,0.31525975465774536,0.5220860242843628,0.2815883159637451,0.21694007515907288,,0.3436514735221863,,1.268066167831421
20200919,0.20101334154605865,0.4390842020511627,0.6395800709724426,0.35437431931495667,0.3337668776512146,,0.18275773525238037,0.24829062819480896,,,,,0.2056952714920044,,,,,0.24799631536006927,0.4233209192752838,
20200920,0.32148227095603943,0.3451603651046753,0.33000022172927856,0.29327869415283203,0.3573920726776123,5.273508548736572,0.27301734685897827,0.31015902757644653,,11.919710159301758,0.5568138360977173,0.7086053490638733,0.29630300402641296,0.4354845881462097,0.3419373333454132,0.3176332414150238,,0.5050965547561646,0.3082774877548218,
20200921,0.3577520549297333,0.29121601581573486,0.33040520548820496,0.39613577723503113,0.3121963441371918,2.1163573265075684,0.3205580711364746,0.6985266804695129,,,0.531335175037384,0.35434532165527344,0.23251581192016602,0.8288360238075256,0.39595475792884827,0.3249340355396271,,0.5292475819587708,1.0078468322753906,1.53524911403656
20200922,0.3904355466365814,0.5194202661514282,0.7568739652633667,0.3857721984386444,0.2827146649360657,0.9997137188911438,0.6205466985702515,0.47512349486351013,,,0.31353142857551575,0.3967853784561157,0.29076921939849854,0.7495548129081726,0.445528119802475,0.526522159576416,,0.47452017664909363,0.3148450255393982,0.869665801525116
20200923,0.25318053364753723,,,0.42941388487815857,0.16970911622047424,1.0182193517684937,0.5298058986663818,0.4031168818473816,,,0.6224298477172852,0.9067051410675049,0.30502399802207947,0.354779452085495,0.40525832772254944,0.3977317214012146,,0.2464527040719986,0.27282753586769104,0.515064001083374
20200924,0.2690654695034027,,,,,,,,,,,,,,,,,,,
20200925,0.37670305371284485,0.9227771162986755,0.5333371162414551,0.4608278274536133,0.494794636964798,1.4563391208648682,0.38988497853279114,0.37966927886009216,,,0.5316152572631836,0.46973177790641785,0.4021097719669342,0.44886836409568787,0.4475249946117401,0.5581567287445068,,0.40954214334487915,0.236286461353302,
20200926,0.3407433331012726,1.306899905204773,0.306365042924881,0.35979756712913513,0.28114691376686096,1.5245935916900635,0.4408978521823883,0.26726624369621277,,,,,0.23722492158412933,,,,,0.26670074462890625,0.2566317617893219,0.34087103605270386
20200927,,,,0.7996392250061035,0.48317626118659973,1.7789771556854248,0.558336615562439,0.40565866231918335,3.059556484222412,4.19618558883667,0.7152861952781677,0.5208920240402222,0.2732453942298889,0.720859169960022,0.3170659840106964,0.3987687826156616,,0.4189751446247101,0.6201981902122498,1.282430648803711
20200928,0.3264883756637573,0.7701060175895691,0.5943132042884827,0.343610942363739,0.46643170714378357,1.815582513809204,0.7276586294174194,0.40665778517723083,3.1767728328704834,3.617955446243286,0.6328247785568237,0.5405116081237793,0.3346784710884094,0.6452867984771729,0.3492286801338196,0.6053385138511658,,0.444995254278183,0.5548412203788757,1.6175482273101807
20200929,0.2820679545402527,,,,,,,,,,,,,,,,,,,
20200930,0.26301109790802,0.30863630771636963,0.29839420318603516,0.28680655360221863,,,0.14659251272678375,0.20063233375549316,,,,,0.30996015667915344,0.2884964644908905,,,,,,
20201001,0.22706153988838196,0.8184766173362732,0.6187634468078613,0.6478981971740723,0.4503321051597595,2.524552583694458,0.5921306610107422,0.4539778530597687,2.256964921951294,5.080399036407471,0.7494996786117554,0.7424300909042358,0.29886528849601746,0.5035935044288635,0.30250608921051025,0.38494816422462463,,0.6767580509185791,0.5978541374206543,0.7798506021499634
20201002,0.21477772295475006,0.6659243106842041,0.6206241250038147,0.5113481879234314,0.3968009948730469,1.9513705968856812,0.514399528503418,0.6694337725639343,1.9663825035095215,5.898310661315918,0.832003116607666,0.7125005722045898,0.256737619638443,0.6592608094215393,0.2720978260040283,0.32720744609832764,,0.47631749510765076,0.4433555603027344,1.3462510108947754
20201003,,,,,0.3060157001018524,,,,,,,,,,,,,,0.44785064458847046,0.5256702303886414
20201005,0.2762397229671478,0.9655267000198364,0.8841750621795654,0.3102094233036041,0.26104745268821716,0.5833516716957092,0.1738589107990265,,,,0.8431674838066101,,0.1595369130373001,,0.2689805030822754,0.4787712097167969,,0.3308078944683075,0.41693541407585144,0.5463433861732483
20201006,0.33570024371147156,0.6778168082237244,0.5280240178108215,0.23464904725551605,0.36085245013237,1.3161107301712036,0.35503435134887695,0.3780043125152588,2.576211452484131,2.442654848098755,0.7547661066055298,,0.1628517061471939,0.35693320631980896,0.40896278619766235,0.5295799374580383,,0.3442554473876953,0.29512619972229004,
20201007,0.23855744302272797,,,,,,,,,,,,,,,,,,,
20201008,0.31522631645202637,0.8610191941261292,0.9871653318405151,,0.3554703891277313,1.6474956274032593,0.5663707852363586,0.3416770398616791,,,0.3057674765586853,0.9787895083427429,0.20767417550086975,0.3665045499801636,0.48937177658081055,,,,,
20201009,0.2677742838859558,0.7381460070610046,0.6943451166152954,0.4785372018814087,0.46895211935043335,2.142775058746338,0.6148737668991089,0.5835873484611511,2.450598955154419,3.154599189758301,0.6760717630386353,0.6931756734848022,0.3251757025718689,0.6427034139633179,0.5187864899635315,0.5858420729637146,,0.4273808002471924,,
20201010,0.23877672851085663,0.28316372632980347,0.7018999457359314,0.4619600176811218,0.300880491733551,1.852773904800415,0.4818108379840851,0.41283512115478516,2.157541513442993,3.4513115882873535,0.46993115544319153,0.691830575466156,0.2618550658226013,0.2700362801551819,0.2686731219291687,0.389287531375885,,0.3275774121284485,0.8396554589271545,0.8456050753593445
20201011,,,0.38573578000068665,0.2785162329673767,0.41979190707206726,1.1793864965438843,0.44004639983177185,0.5235282182693481,2.4481849670410156,3.1889939308166504,0.7993916869163513,0.378441721200943,0.30764856934547424,0.47876453399658203,0.3323918581008911,0.4098064601421356,,0.43073228001594543,0.42441684007644653,0.5215000510215759
20201012,0.18531589210033417,0.4186926782131195,0.27484196424484253,0.29655545949935913,0.4553086459636688,1.5009236335754395,0.1666911244392395,0.33949050307273865,1.8764764070510864,,0.38551661372184753,0.5081156492233276,0.24471117556095123,0.9045206308364868,0.22254906594753265,0.2298581451177597,,0.47942912578582764,0.6815926432609558,1.2358267307281494
20201013,,2.146113872528076,0.9137632250785828,0.6447882652282715,0.41482722759246826,2.6298182010650635,0.6381619572639465,0.5972999930381775,3.399519681930542,6.39098596572876,0.854521632194519,0.46505552530288696,0.2504865825176239,1.0136910676956177,0.21529608964920044,0.46499934792518616,,0.5862807035446167,1.408321738243103,1.023093819618225
20201014,0.20277628302574158,0.30793648958206177,0.21988153457641602,0.21563798189163208,,,,,,,,,0.19819799065589905,,,1.669701099395752,,,,1.2546988725662231
20201015,,,0.13912330567836761,,,,,,,,,,,,,,,,,
20201016,,,,,,,,0.29480332136154175,,,,,0.19923388957977295,,,,,0.5750654339790344,0.47649264335632324,0.618198573589325
20201017,0.2107813060283661,1.8003071546554565,0.6254086494445801,,0.18507236242294312,1.0485365390777588,0.2801472246646881,0.1644047647714615,,1.8505723476409912,,,0.1198931336402893,,,0.30974313616752625,,0.409719318151474,,0.2083202451467514
20201018,0.3053598701953888,0.9030680656433105,0.7834017872810364,0.5058140754699707,0.3127295672893524,1.9316105842590332,0.3880808353424072,0.20221975445747375,2.0128653049468994,3.305213451385498,0.25352761149406433,1.3271774053573608,0.2731006145477295,0.3829094171524048,,0.27589157223701477,,0.33682090044021606,0.634889543056488,0.2143874168395996
20201019,,0.26069867610931396,,0.6814755201339722,0.4303656816482544,2.261383295059204,1.017740249633789,0.46402648091316223,2.9225358963012695,6.0629377365112305,0.8601906895637512,0.7170227766036987,0.2357354462146759,0.26858070492744446,0.3412369191646576,0.3439934253692627,,0.48962587118148804,0.6421549320220947,0.4422498345375061
20201020,0.15559431910514832,,,,,2.3348190784454346,1.3894391059875488,1.8068795204162598,,,,,0.24536556005477905,,,,,,,0.6519697904586792
20201021,0.23993350565433502,0.6915746331214905,0.30790039896965027,,0.3224015235900879,2.3166472911834717,0.15620453655719757,0.3086279332637787,,,,,0.29042792320251465,0.3609039783477783,0.16851471364498138,,,1.1460493803024292,0.5430513024330139,0.24042944610118866
20201022,0.2634590268135071,,,,,,,,,,,,,,,,,,0.5651088953018188,0.40155258774757385
20201023,,,,,,,,,,,,,,,,,,,,
20201024,,,,,,1.083071231842041,0.4912359416484833,0.46274980902671814,,3.8924930095672607,0.2589101493358612,0.6623849272727966,,0.3040778636932373,0.347101092338562,0.40365201234817505,,0.369935005903244,0.40245509147644043,0.2922161817550659
20201025,0.23286810517311096,0.33048275113105774,0.3152162432670593,,,,,,,,,,,,,,,,0.44513392448425293,0.435213565826416
20201026,0.35480719804763794,0.3325638473033905,,0.18397971987724304,0.21257612109184265,0.6006191968917847,,0.22241249680519104,,,,,0.19590900838375092,0.4349331557750702,0.43798843026161194,,,,,
20201027,0.31752127408981323,0.93270343542099,0.511739194393158,0.3731696903705597,0.37883487343788147,1.4668012857437134,0.27722272276878357,0.39243263006210327,,,0.3932364284992218,,0.45952892303466797,0.4425713121891022,0.3932313919067383,0.4832691550254822,,0.38295257091522217,,
20201028,0.2970651090145111,1.8856861591339111,0.5381898880004883,0.4278612434864044,0.3506981432437897,1.6619470119476318,0.4176914095878601,0.4181211292743683,2.197803497314453,4.131482124328613,0.5177920460700989,0.37713077664375305,0.3614746928215027,0.5472710728645325,0.30428922176361084,0.46842026710510254,,0.5996801853179932,0.595273494720459,0.9627892971038818
20201029,,,,,,1.6928993463516235,0.2913739085197449,0.25099608302116394,1.5676456689834595,3.0048201084136963,0.3329363465309143,0.3079665005207062,0.18050388991832733,0.33718177676200867,0.2900276482105255,0.33441901206970215,,,,
20201030,0.29897433519363403,,,,,,,,,,,,,,,,,,0.4038127660751343,0.64295494556427
20201031,0.3141314387321472,0.6118627190589905,0.2538601756095886,0.1557769477367401,0.20504246652126312,1.3100727796554565,,,,,,,,,,,,,,
20201101,0.31323176622390747,0.965069591999054,0.4076823890209198,0.4189618229866028,0.3350115716457367,1.6997978687286377,0.3418987989425659,0.5107325911521912,2.5382447242736816,2.6697425842285156,0.3712826669216156,0.42107582092285156,0.4114795923233032,0.4467398226261139,0.35317617654800415,0.4533235430717468,,1.6520463228225708,2.4962878227233887,1.4239240884780884
20201102,0.26999732851982117,0.7425339221954346,0.5161615014076233,0.35191774368286133,0.3052644431591034,1.567816138267517,0.3656468689441681,0.39162343740463257,2.002560615539551,2.277991771697998,0.6591053605079651,0.4714246988296509,0.31575027108192444,0.36541548371315,0.2922261655330658,0.3880630135536194,,1.1161774396896362,1.0365511178970337,0.9264858365058899
20201103,,,,,,,,,,,,,,,,,,,,0.5720996856689453
20201104,,,,,,,,,,,,,,,,0.3024680018424988,,0.7440155148506165,0.5409985184669495,0.19725629687309265
20201105,0.14156533777713776,0.6760358214378357,0.41762489080429077,0.3217575252056122,0.20776072144508362,,,,,,,,,,,,,,,0.3407832980155945
20201106,0.2377355694770813,0.6791039705276489,0.4523398280143738,0.24607159197330475,0.29795020818710327,1.3319988250732422,0.29311296343803406,0.20847457647323608,2.719510078430176,3.060189723968506,0.7781263589859009,0.47856852412223816,0.18283966183662415,,,0.23009426891803741,,0.43372252583503723,,
20201107,0.2547931969165802,0.5321391820907593,0.5025102496147156,0.4521217942237854,0.31364473700523376,1.7234020233154297,0.5943854451179504,0.40170130133628845,3.057105779647827,2.88785457611084,0.6273181438446045,0.3913592994213104,0.28470349311828613,0.3807131052017212,0.3050665259361267,0.3512227237224579,,0.8755648136138916,0.5005074143409729,0.12482680380344391
20201108,0.35448116064071655,,0.36694908142089844,0.4572767913341522,0.42637768387794495,1.7963013648986816,0.4844803512096405,0.42784053087234497,2.7306361198425293,2.746828556060791,0.6808737516403198,0.4089132845401764,0.30684593319892883,0.3641878664493561,0.27616915106773376,0.33942681550979614,,0.7835830450057983,0.6244945526123047,1.2118756771087646
20201109,,,,,,0.5655564665794373,0.5633906126022339,0.5264695286750793,,,0.4715540111064911,,0.29209911823272705,0.7772212028503418,0.22138041257858276,,,0.48488184809684753,0.417569637298584,1.097832441329956
20201110,0.24202798306941986,,,,,,,,,,,,,,,,,,0.3005979657173157,0.5756682753562927
20201111,0.20073242485523224,0.16963523626327515,0.415265828371048,,,,,,,,,,,,,,,0.46202415227890015,0.7233142852783203,
20201112,0.23606114089488983,0.7665227651596069,0.43702539801597595,,,1.0548734664916992,,,,,,,,,,,,0.19215679168701172,0.3774765431880951,
20201113,0.25216948986053467,0.6524545550346375,1.087300419807434,0.3403514623641968,0.17941085994243622,1.3168740272521973,0.276846319437027,0.2819688618183136,,,0.2622889280319214,,0.197052463889122,0.24416178464889526,,0.27725884318351746,,0.3170563280582428,,
20201114,,,0.288449227809906,0.6543344855308533,0.4141094982624054,1.8379675149917603,0.5005905032157898,0.4490819573402405,2.4607372283935547,5.038400173187256,0.6158334016799927,0.5097522139549255,0.31501391530036926,0.5993419289588928,0.2456132024526596,0.29329511523246765,,0.3845025300979614,,0.24925567209720612
20201115,,,,,,,,,,,,,,,,,,0.5357898473739624,0.4964163899421692,0.4392143487930298
20201116,0.3230496942996979,0.6817544102668762,0.4195322096347809,0.23761551082134247,0.27543914318084717,,,,,,,,,,,,,,,
20201117,0.2943999469280243,0.6753028631210327,0.395783007144928,0.2304842621088028,0.34526363015174866,1.8643455505371094,0.3215180039405823,0.4269182085990906,2.0661890506744385,4.1594767570495605,0.499713659286499,0.47462883591651917,0.2663362920284271,0.4258635342121124,0.22476471960544586,0.2652464210987091,,0.4231376051902771,0.4547036290168762,0.47805264592170715
20201118,,,,,,,,,,3.207266092300415,,,0.16273309290409088,,,,,,,0.643307089805603
20201119,,1.3526393175125122,0.8175435662269592,,0.3634490668773651,2.2661173343658447,0.5231056809425354,0.4789030849933624,2.3775031566619873,4.174675464630127,0.597491979598999,0.4718891680240631,,0.3476932942867279,0.21948951482772827,0.2310706377029419,,0.4987483024597168,0.42903852462768555,1.3458378314971924
20201120,,,,,,,,,,,,,,,,0.3787614405155182,,0.6079651713371277,0.320356547832489,0.5352813005447388
20201121,0.44848018884658813,0.8672952055931091,1.1019914150238037,0.14600802958011627,,,,,,,,,0.22167007625102997,,,,,,,
20201122,,,,,,,,,,,,,,,,,,,,
20201123,,,,0.185359925031662,0.24362888932228088,1.7592811584472656,0.4437606930732727,0.29645973443984985,2.781792163848877,,0.6117494106292725,0.33743739128112793,0.16288070380687714,0.30723533034324646,,0.3291129767894745,,0.3437783420085907,0.26188358664512634,0.24249060451984406
20201124,0.3813403248786926,0.9030935764312744,0.656242311000824,0.49662861227989197,0.396295428276062,1.7859176397323608,0.4415227472782135,0.480903685092926,2.2121880054473877,3.391531229019165,0.6051693558692932,0.4766048491001129,0.19064705073833466,0.5590559840202332,0.21937544643878937,0.24930749833583832,,0.5847861766815186,,0.13888612389564514
20201125,0.24158704280853271,,,,0.3585010766983032,2.078688383102417,0.564420759677887,0.523790717124939,2.2049739360809326,4.144136428833008,0.6275650262832642,0.5349035859107971,,0.5043231844902039,0.21393020451068878,0.3997647166252136,,0.5582898259162903,0.3810019791126251,0.8145356178283691
20201126,0.3952306807041168,4.18698263168335,,,,,,,,,,,,,,,,,0.2842004895210266,0.8498584032058716
20201127,0.2697669565677643,0.3215751051902771,0.4825083315372467,0.24183149635791779,0.2623943090438843,1.414972186088562,0.4854656159877777,0.36355775594711304,,,0.5048083662986755,0.1989709883928299,0.1697637438774109,0.2217494696378708,,,,,,
20201128,,,,,,,,,,,,,,,,,,,,
20201129,0.2734373211860657,0.7190843820571899,0.4971643388271332,0.20609956979751587,0.2971666157245636,1.4833356142044067,0.4297226369380951,0.2914270758628845,1.6097509860992432,2.6990580558776855,0.5396735072135925,0.6190897822380066,0.18300776183605194,0.2874959409236908,0.21404246985912323,0.20858266949653625,,0.3673121929168701,0.3330700695514679,0.9737450480461121
20201130,,,,,,2.78336501121521,,,2.6818931102752686,3.938330888748169,,0.7649737000465393,,,0.17112475633621216,0.20182715356349945,,,0.30491936206817627,0.8924182653427124
20201201,,,,,,,,,,,,,,,,,,,,0.1910233497619629
20201202,0.27603477239608765,0.7373247146606445,0.5016784071922302,0.34402161836624146,0.2979969084262848,0.8607805967330933,0.3427431285381317,0.41181790828704834,,,0.525100588798523,,0.2305552363395691,0.4364047050476074,,,,,,
20201203,0.25834158062934875,0.73151695728302,0.5200158953666687,0.2520333528518677,0.3402443528175354,2.0538253784179688,0.39746198058128357,0.42658329010009766,2.3000149726867676,2.8670108318328857,0.5151066780090332,0.5229016542434692,0.2190348505973816,0.42978060245513916,0.29186713695526123,0.24523405730724335,,0.4708106517791748,0.43168824911117554,0.4055517911911011
20201204,0.2572786808013916,0.9091607928276062,0.6251789331436157,0.3935665488243103,0.36654379963874817,1.5366053581237793,0.44626298546791077,0.40825048089027405,2.3573684692382812,2.3441977500915527,0.6014828085899353,0.5100688934326172,0.1946476697921753,0.36874768137931824,0.25261276960372925,0.2536901533603668,,0.4196120500564575,0.4645165801048279,0.4838733673095703
20201205,,,,,0.31005728244781494,2.530043601989746,0.3449484407901764,0.23292048275470734,,,,,0.1874924600124359,0.32220694422721863,,0.3451954126358032,,0.42658427357673645,0.5187021493911743,
20201206,,,,,,,,,,,,,,,,,,,0.4720571041107178,0.20478162169456482
20201207,,,,,,,,,,,,,,,,,,,,
20201208,0.2789669632911682,0.8715556859970093,0.5650173425674438,0.2525098919868469,0.38022878766059875,1.6784863471984863,0.6544052362442017,0.5036325454711914,1.9311931133270264,2.779629707336426,0.5468781590461731,0.753961980342865,0.2165064960718155,0.45818519592285156,0.43090569972991943,0.4082346558570862,,0.25061556696891785,,
20201209,0.26664993166923523,0.8107531070709229,0.5718212127685547,0.29753378033638,0.37543147802352905,1.6150034666061401,0.559563159942627,0.41439175605773926,2.230532169342041,1.9928241968154907,0.6680307388305664,0.5236454606056213,0.20633646845817566,0.38567715883255005,0.3094511032104492,0.34420934319496155,,0.4572646915912628,0.27239954471588135,1.810837984085083
20201210,,1.0192878246307373,0.8124164342880249,0.1845671534538269,0.3412058353424072,1.2487024068832397,0.7537034153938293,0.4308820962905884,1.8989697694778442,2.3923141956329346,0.5160720348358154,0.6970590353012085,0.1977996528148651,0.5306066870689392,0.32310256361961365,0.4896683692932129,,0.6253776550292969,0.5632959604263306,0.5222656726837158
20201211,,,,,,,,,,,,,,,0.37536466121673584,0.44487136602401733,,0.6191142797470093,0.5856732726097107,0.7287704348564148
20201212,,,,,,,,,,,,,,,,,,,,0.8188059329986572
20201213,0.30576828122138977,,,,,,,,,,,,,,,,,,,
20201214,0.2832285463809967,0.8614138960838318,0.6149106621742249,0.3127152919769287,0.3615814447402954,0.5898815989494324,0.3837006092071533,0.403781920671463,,,,,0.24693866074085236,0.4486727714538574,,,,,0.3119373619556427,0.39360952377319336
20201215,,,,,,2.7204060554504395,1.1860272884368896,,2.7317593097686768,3.4070634841918945,,0.7131608724594116,,,,,,,,
20201216,,,,,0.6090489625930786,2.241880416870117,0.5451231002807617,0.48005861043930054,2.5317440032958984,3.2217257022857666,0.5391982197761536,0.7403112649917603,0.19272790849208832,0.3109378218650818,,,,,,
20201217,,,,,,,,,,,,,,,,,,,0.15525759756565094,0.5112301707267761
20201218,0.380092591047287,0.9125205874443054,0.5379183292388916,0.5391383171081543,0.38749775290489197,0.5969145894050598,0.36248379945755005,0.4069678485393524,,,,,0.28000369668006897,0.8443450927734375,,,,,,
20201219,,0.26044076681137085,0.25619858503341675,0.4944804906845093,0.383235901594162,1.9084545373916626,0.3560948371887207,0.43445315957069397,2.5876986980438232,3.740746259689331,0.5219035744667053,0.5393587946891785,0.2261045128107071,0.2693759500980377,0.2629941701889038,0.25072404742240906,,0.4152929186820984,0.21212755143642426,
20201220,,,,0.25381195545196533,0.304420530796051,,0.39249280095100403,0.3336361050605774,,,0.44854050874710083,0.5083336234092712,0.23138700425624847,0.38826480507850647,0.26242730021476746,0.22223158180713654,,0.5236600041389465,0.31763315200805664,0.482431024312973
20201221,,,,0.32739487290382385,0.3039053678512573,1.6916157007217407,0.3739332854747772,0.31334829330444336,,2.394386053085327,0.3423668444156647,0.446649968624115,0.18003639578819275,0.23834043741226196,0.16979727149009705,0.09749679267406464,,,,
20201222,,,,,,,,,,,,,,,,,,0.626586377620697,0.23558883368968964,
20201223,0.32602936029434204,0.7994434833526611,0.444042831659317,0.5113726258277893,0.1799415946006775,,,0.22670719027519226,,,,,,,,,,,,
20201224,0.33757197856903076,0.731390118598938,0.4314574599266052,0.27301451563835144,0.2530267834663391,1.5108429193496704,0.4562242329120636,0.27674275636672974,2.2332043647766113,4.246651649475098,0.5492672920227051,0.4874875247478485,0.16182832419872284,0.2025333195924759,0.23633402585983276,0.2121652513742447,,0.4708438217639923,0.26318952441215515,
20201225,0.31878402829170227,0.8018678426742554,0.4431779086589813,0.3428846597671509,0.353654682636261,1.4867265224456787,0.42138949036598206,0.4155224561691284,2.1089963912963867,2.8154683113098145,0.6321246027946472,0.45661279559135437,0.2503037750720978,0.3642617166042328,0.28741174936294556,0.2220274955034256,,0.4594554603099823,0.2888188362121582,
20201226,0.35746338963508606,0.8094468712806702,0.426785409450531,0.3872673511505127,0.28865569829940796,1.6841403245925903,0.4911688566207886,0.41663601994514465,1.8735175132751465,2.6896426677703857,0.5232236385345459,0.4502849578857422,0.2133306860923767,0.4943983852863312,0.24417386949062347,0.2556527853012085,,0.37247422337532043,0.27233874797821045,0.7206903100013733
20201227,,,,,,,,,,,,,,,,,,,,
20201228,0.2175849974155426,,,,,,,,,,,,,,,,,,,
20201229,0.311246782541275,0.3289520740509033,0.5645195245742798,0.26267367601394653,0.2666908800601959,1.6657137870788574,0.3801575303077698,0.3430333137512207,2.2961533069610596,2.6151907444000244,0.5866109728813171,0.4875226616859436,0.18405121564865112,0.28575581312179565,0.30466699600219727,0.17896565794944763,,0.6297693252563477,,
20201230,0.3058355152606964,0.7127407789230347,0.46619361639022827,0.32550379633903503,0.36915072798728943,0.9624607563018799,0.3932727575302124,0.4171379804611206,2.0760722160339355,2.085052967071533,0.6119472980499268,0.46205833554267883,0.22053198516368866,0.4474395215511322,0.13088159263134003,0.2036086916923523,,0.7121630907058716,,
20201231,0.3922676146030426,0.36070966720581055,0.2205740064382553,0.42946404218673706,0.43779560923576355,1.8929897546768188,0.45017027854919434,0.46480992436408997,2.583004951477051,2.74587082862854,0.6476326584815979,0.4748361110687256,0.2791125178337097,0.37574923038482666,0.30298614501953125,0.27485162019729614,,0.8436623215675354,,0.2464703470468521
20210101,,,,,0.4625587463378906,2.568986177444458,,,2.787433385848999,3.1455078125,0.36007627844810486,0.5409058928489685,,0.37367913126945496,0.2660759389400482,0.27339163422584534,,0.4244178235530853,0.3143397271633148,0.22320567071437836
20210102,,,,,,,,,,,,,,,,,,,,
20210103,0.27185970544815063,,,,0.28740808367729187,,0.2379337102174759,,,,,,,,,,,,,
20210104,0.35506051778793335,0.6371304988861084,0.2063995897769928,0.2934485375881195,0.1550399512052536,1.9387211799621582,,,,,,,,,,,,,,
20210105,0.2611759305000305,0.3360447287559509,0.36553242802619934,0.37844371795654297,,2.0337085723876953,0.4589668810367584,0.21552757918834686,2.950289726257324,2.638254165649414,,0.5721921920776367,,,,0.30096009373664856,,0.6488767266273499,,
20210106,,,,0.5187128782272339,0.3102494776248932,2.1457676887512207,0.48615917563438416,0.33314263820648193,2.751763343811035,3.277911901473999,0.44062867760658264,0.5665440559387207,0.3567703068256378,0.33658599853515625,0.31424641609191895,0.33067256212234497,,0.538132905960083,0.17834427952766418,0.09446883201599121
20210107,,,,,,,,,,,,,,,,,,2.015251636505127,0.40243449807167053,0.6471967697143555
20210108,0.5423537492752075,0.7195312976837158,0.6145218014717102,0.7097555994987488,0.4029659926891327,0.7984616160392761,0.3372182548046112,0.4327859878540039,,,,,0.5086869597434998,,,,,,,1.0165702104568481
20210109,0.4158657193183899,0.6480665802955627,0.511014997959137,0.5625576972961426,0.27715277671813965,1.4635679721832275,0.42351657152175903,0.3853112459182739,1.8851728439331055,3.0106921195983887,0.4946434199810028,0.41930708289146423,0.3528769910335541,0.3238927125930786,0.2267846018075943,0.37952351570129395,,0.923710823059082,0.5149180889129639,0.49617746472358704
20210110,0.3557659685611725,0.5615872144699097,0.6767987608909607,0.5485405921936035,0.30131101608276367,1.8117550611495972,0.40895557403564453,0.34749364852905273,2.1067888736724854,3.350414514541626,0.49402058124542236,0.3486734628677368,0.3072531223297119,0.272914856672287,0.20185624063014984,,,,0.24122627079486847,0.5533607602119446
20210111,,0.18756435811519623,0.30138176679611206,0.193900004029274,,,,,,,,,,,,,,,,
20210112,,,,,,2.4415953159332275,,,2.065690279006958,2.9962475299835205,,0.5831972360610962,,,0.23885677754878998,0.4190405309200287,,1.2408037185668945,0.719906747341156,0.7104564905166626
20210113,0.22069090604782104,0.27480557560920715,,,,,,,,,,,,,,,,,,
20210114,0.308089017868042,0.25086313486099243,0.540025532245636,0.36706751585006714,0.3481146991252899,2.0465354919433594,0.586962103843689,0.5189393758773804,2.1936135292053223,2.5219178199768066,0.5163342952728271,0.5477219223976135,0.2843110263347626,0.4197741746902466,0.24238473176956177,0.28984561562538147,,0.5809952020645142,,
20210115,,0.5537976622581482,0.6116321086883545,0.4029368460178375,0.31870540976524353,2.097822666168213,0.40925130248069763,0.4114440381526947,2.4938652515411377,2.785917282104492,0.39314237236976624,0.6934037804603577,0.18753449618816376,,0.22783906757831573,0.3942808210849762,,0.7295252680778503,0.11478511989116669,
20210116,0.5976495742797852,0.7333600521087646,0.5713125467300415,0.5103053450584412,0.4541090726852417,2.0944318771362305,0.4685485363006592,0.3612450063228607,2.40942645072937,2.5722463130950928,0.5338461399078369,0.7087045907974243,0.10587790608406067,,,,,,,
20210117,,,,,0.3740836977958679,1.9799004793167114,0.4473957419395447,0.32583045959472656,2.418036460876465,2.894728899002075,0.3664929270744324,0.5111605525016785,0.2375044822692871,0.285272479057312,0.25691598653793335,0.37721237540245056,,0.4844762980937958,0.3328613042831421,0.9148494005203247
20210118,0.5729396939277649,,,,,,,,,,,,,,,,,,,0.7516421675682068
20210119,0.48030903935432434,0.7232713103294373,0.5670231580734253,0.9160909056663513,0.3591756224632263,1.4394862651824951,0.501316249370575,0.562684953212738,2.350381851196289,4.668985366821289,0.5774399042129517,0.6152236461639404,0.30990713834762573,0.44174709916114807,0.24302776157855988,,,,,
20210120,0.4211044907569885,0.6994497179985046,0.5030574202537537,0.5665152072906494,0.41861435770988464,2.066344738006592,0.2992934584617615,0.45053964853286743,2.3387105464935303,4.090161323547363,0.46206599473953247,0.8397725224494934,0.3286229968070984,0.39247605204582214,0.22384625673294067,0.36834317445755005,,0.4443046748638153,0.29022321105003357,0.6082096695899963
20210121,0.31063592433929443,1.3051787614822388,0.30421432852745056,0.687907874584198,0.37545663118362427,1.8599724769592285,0.3569842576980591,0.41865041851997375,2.4850778579711914,2.8017492294311523,0.5353946685791016,0.5509867072105408,0.3020472526550293,0.3850938379764557,0.22643496096134186,0.36753687262535095,,0.4058114290237427,0.274304062128067,0.5477548241615295
20210122,,,1.1988760232925415,0.6589852571487427,0.39403659105300903,2.099219560623169,0.5642516613006592,0.46378013491630554,2.434729814529419,3.528160333633423,0.6194939017295837,0.5853579044342041,0.280963659286499,0.4885580539703369,0.1832910180091858,0.29496151208877563,,0.4613145589828491,0.35253533720970154,0.6446949243545532
20210123,,,,,,4.325945854187012,1.065130591392517,0.6902058720588684,,,,0.407358318567276,,,0.18919819593429565,0.2820454239845276,,0.4546392560005188,0.23150919377803802,0.8570087552070618
20210124,,,,0.22711697220802307,0.35632503032684326,,0.2677559554576874,,,,,,,,,,,,,
20210125,0.2241411656141281,0.5382577776908875,0.3618224859237671,0.18496093153953552,,,,,,,,,,,,,,,,
20210126,0.30099326372146606,0.6105132699012756,0.4335644543170929,0.36488842964172363,0.29714152216911316,0.5146627426147461,0.3383548855781555,0.23228546977043152,1.1175014972686768,1.6144315004348755,0.4424867033958435,0.42050567269325256,0.17377635836601257,0.2523066997528076,0.13573980331420898,0.2779044210910797,,0.41675570607185364,0.13687273859977722,0.11430498957633972
20210127,0.3115943968296051,0.6993410587310791,0.6719483137130737,0.2529291808605194,0.4032224416732788,1.1472318172454834,0.4262320399284363,0.3937869369983673,1.9850833415985107,2.5201449394226074,0.569786787033081,0.5951755046844482,0.24398964643478394,0.5184192657470703,0.1941106915473938,0.2961374521255493,,0.5861492156982422,0.34845688939094543,0.9286620616912842
20210128,,,,,,2.7565908432006836,,,,,,,,,,,,,0.5467573404312134,
20210129,0.2172529399394989,0.4120965301990509,0.17986276745796204,,,,,,,,,,,,,,,,,
20210130,,,0.27910318970680237,0.32052257657051086,0.3097926378250122,2.3757212162017822,0.5763691663742065,0.3842475116252899,2.439077615737915,3.0999865531921387,0.40607577562332153,0.6440792083740234,0.17076542973518372,,,0.3398720920085907,,0.29738497734069824,,
20210131,,,,0.1904219090938568,0.33757513761520386,,,0.3021388351917267,,,,,0.2834753096103668,0.3852304518222809,0.20825688540935516,0.2998245060443878,,0.6282610297203064,0.3746417462825775,0.5018759965896606
20210201,0.23217478394508362,0.5150928497314453,0.7330039143562317,0.6386605501174927,0.40072885155677795,2.209510326385498,0.4999102056026459,0.537394642829895,2.5664381980895996,2.872079849243164,0.6667572259902954,0.6363716125488281,0.27386903762817383,0.44092482328414917,0.15340273082256317,0.3509657382965088,,0.6120637059211731,0.31411561369895935,
20210202,,,,,0.4763543903827667,2.2733733654022217,0.5875959992408752,0.6614208817481995,2.649895668029785,3.3388895988464355,0.725618839263916,0.6899973750114441,0.31968575716018677,0.6837457418441772,0.18688949942588806,0.32189103960990906,,0.7767826318740845,0.22472012042999268,0.10620082169771194
20210203,,,,,,,,,,,,,,,,0.26709064841270447,,1.477038860321045,0.4710419774055481,0.5421727299690247
20210204,0.2347038984298706,,,,,,,,,,,,,,,,,,,
20210205,0.3952484428882599,0.24965718388557434,0.23355957865715027,0.41801998019218445,0.45242589712142944,,,0.5553164482116699,,,,,,0.13214994966983795,,,,,0.20965225994586945,
20210206,0.36579835414886475,0.23289769887924194,0.21737618744373322,0.27515578269958496,0.23188544809818268,2.3423845767974854,0.5144163966178894,0.24282371997833252,,,,,,,,0.27970489859580994,,0.5993881821632385,0.33820319175720215,0.20681752264499664
20210207,,,1.4988572597503662,0.6893472671508789,,1.9273039102554321,0.5442802309989929,,,,,,0.1645498275756836,0.21554750204086304,0.20994843542575836,0.36780133843421936,,0.3076246678829193,0.14875774085521698,
20210208,0.5807809233665466,,,,,3.596698522567749,,,,,,,,,,0.5120378732681274,,,,0.16532152891159058
20210209,,0.9764636754989624,1.1764423847198486,0.859168291091919,0.5389147996902466,2.5067262649536133,0.45528003573417664,0.5732876658439636,,,0.6219013929367065,0.567525327205658,0.41076114773750305,0.6267400979995728,0.33004385232925415,,,1.0992120504379272,,1.0554074048995972
20210210,0.3962022066116333,0.892652690410614,0.5150715708732605,0.4704088866710663,0.4722985625267029,2.078796148300171,0.5502157211303711,0.4829555153846741,2.1092917919158936,4.526116371154785,0.5200451612472534,0.611934244632721,0.35058102011680603,0.45565885305404663,0.2255426049232483,0.3234417736530304,,0.5509930849075317,0.375092089176178,0.7656535506248474
20210211,,,,,,,,,,,,,,,,,,,,
20210212,0.27615976333618164,1.0212442874908447,0.7502351403236389,0.22448332607746124,0.4162214398384094,1.8389382362365723,0.5062035918235779,0.6328827738761902,2.1155333518981934,2.8901779651641846,0.6288705468177795,0.6315391063690186,0.20462782680988312,0.3084363043308258,0.21189260482788086,0.23890863358974457,,0.6184454560279846,0.17393524944782257,0.3838421404361725
20210213,0.30145469307899475,,,,,2.7580695152282715,0.713529109954834,0.48443901538848877,2.2708067893981934,3.2358758449554443,0.5951862335205078,0.6323153972625732,0.3763563334941864,0.5690701603889465,0.20206670463085175,0.484708309173584,,0.5396015644073486,0.21708884835243225,0.37352487444877625
20210214,0.35691624879837036,0.9472256898880005,0.811015784740448,1.0193746089935303,0.520453691482544,,0.38143736124038696,0.40868428349494934,,,,,0.25181400775909424,,,,,,,
20210215,0.47824588418006897,0.252562552690506,0.5455225706100464,0.41090962290763855,0.39713969826698303,2.300809621810913,0.6083715558052063,0.6010204553604126,2.4113590717315674,3.6827924251556396,0.6874049305915833,0.716239869594574,0.2847667634487152,0.49494045972824097,0.23653432726860046,0.3471705913543701,,0.756542980670929,0.30738648772239685,0.7619165778160095
20210216,0.317983478307724,0.7369093298912048,0.6523770689964294,0.48938092589378357,0.4541153311729431,1.5305044651031494,0.3713511824607849,0.524538516998291,,,0.5825002193450928,,,0.30419760942459106,0.1951780915260315,0.30859407782554626,,0.4548008441925049,0.25392425060272217,0.798632800579071
20210217,0.3576872944831848,0.8474696278572083,0.6672355532646179,0.5255558490753174,0.46938416361808777,2.199190855026245,0.466861754655838,0.4922693073749542,3.023314952850342,2.8902249336242676,0.6706377267837524,0.6247611045837402,0.27241358160972595,0.5298994779586792,0.2036219984292984,0.295482337474823,,0.3923564553260803,0.2684597671031952,0.7309845685958862
20210218,,,,0.19083134829998016,0.4628118872642517,2.506598472595215,0.5370332598686218,0.5720575451850891,3.0212674140930176,4.299467086791992,0.7930823564529419,0.6812569499015808,0.2690827548503876,0.6066848039627075,0.21038886904716492,0.2759677469730377,13.668841361999512,0.4269871711730957,0.29377561807632446,0.797523558139801
20210219,0.4203983545303345,0.21782712638378143,0.18320097029209137,,,,,,,,,,,,,,,,0.3739793002605438,0.7310584783554077
20210220,,0.2521560788154602,0.4353802502155304,0.7667109370231628,0.4094640612602234,2.4966630935668945,0.4636285603046417,0.521131157875061,1.9895660877227783,,0.7200525999069214,0.4748607873916626,0.2447187900543213,0.5180960297584534,,0.27167901396751404,,0.43642398715019226,,0.48780956864356995
20210221,0.2993496358394623,,0.33729612827301025,0.2002979964017868,0.5855802893638611,0.9452543258666992,0.44225987792015076,0.4046361744403839,2.1600613594055176,2.8354790210723877,0.6023901104927063,0.5797259211540222,0.09642596542835236,0.10750298202037811,,,,0.0755411684513092,,
20210222,0.31973522901535034,0.5322406888008118,0.47744759917259216,0.3211189806461334,0.3556634485721588,1.9079663753509521,0.4859980642795563,0.30743154883384705,2.2901816368103027,2.9341182708740234,0.4443579912185669,0.7998781204223633,0.18257731199264526,0.25883859395980835,0.16523753106594086,0.20476099848747253,,0.28368398547172546,,
20210223,,2.3161227703094482,0.7293349504470825,0.8809852004051208,0.5163909792900085,2.0443270206451416,0.524800181388855,0.4325440526008606,2.4132254123687744,3.350212335586548,0.4878769814968109,0.6124510765075684,0.1997152417898178,0.34442633390426636,0.21628674864768982,0.2751674950122833,,0.3413369655609131,0.23884765803813934,0.633897066116333
20210224,0.3997375965118408,0.28554871678352356,0.22625865042209625,0.1715998500585556,0.33582180738449097,2.2942285537719727,0.724866509437561,0.6314173340797424,2.166517496109009,,0.7798560857772827,0.4631052315235138,0.2757919430732727,0.33549344539642334,0.23569832742214203,0.3733777403831482,,0.3850956857204437,0.2167884260416031,0.506483256816864
20210225,0.4891529083251953,1.0070099830627441,0.5507776737213135,0.5167760252952576,0.47725653648376465,2.82755970954895,0.7546294927597046,0.32175981998443604,2.3555095195770264,3.7174313068389893,0.4375144839286804,0.6726223826408386,,,,,,0.12668289244174957,,1.2253572940826416
20210226,0.47380930185317993,0.8234711289405823,0.5657265782356262,0.5016598701477051,0.25762495398521423,2.6840996742248535,0.21435736119747162,0.22438235580921173,,0.834318220615387,0.44513994455337524,0.4716043770313263,0.19249451160430908,0.2981628179550171,0.2923348546028137,0.2610750198364258,,0.9103129506111145,0.24770283699035645,0.5642487406730652
20210227,0.4630358815193176,0.809272825717926,0.5870864391326904,0.7778631448745728,0.5774874091148376,2.1621551513671875,0.641426146030426,0.6946878433227539,3.2778897285461426,4.208873271942139,0.7050009369850159,0.6118311285972595,0.2769540250301361,0.5147032141685486,0.23488405346870422,0.3303954601287842,,0.5664463043212891,,
20210228,,0.6628096103668213,0.6523216962814331,0.9898555278778076,0.4878745973110199,2.2079741954803467,0.5592222213745117,0.5785191059112549,2.7705154418945312,3.1008059978485107,0.7771703004837036,0.5681514739990234,0.2771817147731781,0.7615876197814941,0.2089473158121109,0.28924044966697693,,0.6598451137542725,0.22608396410942078,0.8726409673690796
20210301,,,,,0.6537117958068848,2.1218173503875732,0.581758439540863,0.8020502328872681,2.40641713142395,2.8424665927886963,0.8504321575164795,0.6334099769592285,0.38611993193626404,0.7152690291404724,0.21064990758895874,0.6330815553665161,,0.401078999042511,0.15722814202308655,
20210302,,,,,,,,,,,,,,0.5436109900474548,0.3571077287197113,0.36388057470321655,,1.0290175676345825,0.2222714126110077,0.2042955905199051
20210303,0.5688279271125793,0.38108593225479126,0.7377373576164246,1.1679588556289673,0.5068637132644653,2.402726888656616,0.6432803273200989,0.5703181624412537,2.7569072246551514,3.1672449111938477,0.606348991394043,0.8401384949684143,0.27657192945480347,0.5720375180244446,0.2941608130931854,0.4678041934967041,,2.207542896270752,0.3224009871482849,0.14464224874973297
20210304,0.4956488311290741,0.8793672323226929,0.5950253009796143,1.0140290260314941,0.5379570722579956,2.1789231300354004,0.4664897620677948,0.5181993842124939,2.6979541778564453,2.3408963680267334,0.6871907114982605,0.5430306196212769,0.3589796721935272,0.622664213180542,0.2327893227338791,0.4055154621601105,,1.388810396194458,,
20210305,0.8916187882423401,1.1903276443481445,0.93072110414505,0.8538352251052856,0.6351929903030396,1.9005666971206665,0.48876234889030457,0.5312538146972656,2.772960901260376,2.51812744140625,0.7543809413909912,0.5339069962501526,0.4462844431400299,0.6779689788818359,0.2297910898923874,0.5280954837799072,,1.8900891542434692,,
20210306,0.35650280117988586,,0.6522113680839539,,,,,,,,,,0.3512032628059387,,0.4997832179069519,0.6131395697593689,,1.1421633958816528,0.3798735737800598,0.8041082620620728
20210307,0.37290719151496887,0.17523224651813507,0.537268877029419,1.6607779264450073,0.5281689763069153,,,0.45242759585380554,,,,,,,,,,,,2.1134841442108154
20210308,,,0.5258509516716003,,0.36519598960876465,1.1304402351379395,0.562128484249115,0.48105525970458984,1.8530712127685547,2.2400128841400146,0.738690972328186,0.6524202823638916,0.33100923895835876,0.5289015173912048,0.24891559779644012,0.47252270579338074,,0.9319041967391968,0.2539541721343994,
20210309,0.30223268270492554,0.39395567774772644,1.665787696838379,1.107691764831543,0.4733256697654724,2.3445513248443604,0.45311588048934937,0.4692140519618988,2.024651527404785,2.374767541885376,0.5519599914550781,0.6312510371208191,0.2517886459827423,0.3520015776157379,0.2500070333480835,0.5050027966499329,,2.55564546585083,0.3441535532474518,0.7494385242462158
20210310,0.4105401337146759,0.8337849974632263,0.7107076048851013,0.7283232808113098,,,,,,,,,,,,0.608053982257843,,2.3143093585968018,1.541143774986267,0.9146122336387634
20210311,0.33303728699684143,0.9974641799926758,1.1074779033660889,1.0274102687835693,0.32907819747924805,2.440521478652954,0.6688653230667114,0.49307870864868164,2.9535298347473145,3.255038022994995,0.6790443658828735,0.659617006778717,0.6871659755706787,0.6441013813018799,0.3658822476863861,0.4655500054359436,14.832640647888184,1.354888677597046,1.3693281412124634,0.3175346851348877
20210312,0.3668003976345062,1.2354165315628052,1.049076795578003,1.013543963432312,0.49916747212409973,2.6875526905059814,0.5791360139846802,0.5843102931976318,2.6681582927703857,3.4930508136749268,0.7941920757293701,0.7040020227432251,0.3749847114086151,0.6550423502922058,0.3036705255508423,0.6502413153648376,,0.7553030848503113,0.5332898497581482,0.6317939758300781
20210313,,,0.2539413571357727,0.4625239074230194,0.4110950529575348,,0.5273616909980774,0.5322076082229614,,2.8752834796905518,0.4165431559085846,1.1067432165145874,0.34095895290374756,0.39220884442329407,0.2276085764169693,0.4589248597621918,,0.4085063338279724,0.13650734722614288,
20210314,0.3221316635608673,0.7600369453430176,0.6238241195678711,0.5845799446105957,0.5780084729194641,2.3078720569610596,0.5556697845458984,0.5385401248931885,2.280346155166626,2.8852767944335938,0.726031482219696,0.7398870587348938,0.40065881609916687,0.4141419231891632,0.2873353958129883,0.4243846535682678,,0.5373714566230774,0.280445396900177,0.5827327370643616
20210315,0.34175196290016174,0.9431091547012329,0.4372086822986603,0.5749437808990479,0.4865511357784271,3.1082255840301514,0.5352014899253845,,,,,,,,,,,,0.20256218314170837,0.25982704758644104
20210316,0.38457387685775757,0.892682671546936,0.854954719543457,0.21621166169643402,0.42718660831451416,2.104278326034546,0.42418020963668823,0.37973424792289734,2.2807884216308594,,0.8172205090522766,,0.13533805310726166,0.3694452941417694,0.18434956669807434,0.36027976870536804,,0.5686981081962585,0.35717129707336426,0.9102151989936829
20210317,0.36763885617256165,0.8418979644775391,0.8789889216423035,0.4896586239337921,0.6401131749153137,2.5873281955718994,0.590244710445404,0.5774646997451782,2.89367413520813,4.2814040184021,0.8841658234596252,0.9125663638114929,0.2643730342388153,0.9565642476081848,0.31305089592933655,0.573616087436676,15.842851638793945,0.3580818474292755,0.2642460763454437,0.7311185002326965
20210318,0.3459010422229767,0.5334769487380981,0.663910984992981,0.4951168894767761,0.5154232382774353,2.198040246963501,0.5637584924697876,0.5634014010429382,2.7153282165527344,3.3730392456054688,0.8359489440917969,0.7543120384216309,0.323000967502594,0.46923619508743286,0.23466254770755768,0.3498202860355377,,0.3486376702785492,0.27280983328819275,0.335049033164978
20210319,0.3679533004760742,0.3175087869167328,0.26806098222732544,0.7477000951766968,0.4268569052219391,0.8830553293228149,0.44761285185813904,0.4987783432006836,1.7027512788772583,,0.6458456516265869,0.5607802271842957,0.2563495635986328,0.4191135764122009,0.24058932065963745,0.3579542636871338,,0.3662969470024109,0.25816595554351807,0.5283430814743042
20210320,0.3349486291408539,0.5939252972602844,0.49867790937423706,0.6212514638900757,0.7703719735145569,1.43986976146698,0.5005822777748108,0.483590304851532,2.858154773712158,3.2098677158355713,0.89979088306427,0.6245726943016052,0.29355382919311523,0.3855799436569214,0.2263752669095993,0.25705838203430176,,0.1963380128145218,0.15448234975337982,0.25137653946876526
20210321,0.2662222385406494,0.4352368414402008,0.5173837542533875,0.2834268808364868,0.5471932888031006,1.2082760334014893,0.5090228915214539,0.4744320511817932,2.5094501972198486,3.0948445796966553,0.8710811734199524,0.7130250930786133,0.24917587637901306,0.6202543377876282,0.21644191443920135,0.2982098162174225,15.053428649902344,0.2551693916320801,,
20210322,0.3134188950061798,0.9490828514099121,0.8685301542282104,0.6007698774337769,0.50595623254776,1.8954031467437744,0.3576642572879791,0.5900689363479614,1.9467995166778564,3.2536356449127197,0.7956191897392273,1.0559868812561035,0.2591186761856079,0.5246182084083557,0.278115451335907,0.5461877584457397,14.533884048461914,0.4176839292049408,,
20210323,0.251121461391449,0.7030497789382935,0.881854772567749,0.6788326501846313,0.5822820663452148,2.521859645843506,0.5707232356071472,0.6235079765319824,2.846621036529541,4.095276832580566,0.8400043845176697,0.8367750644683838,0.20518629252910614,0.5970818400382996,0.17142806947231293,,,0.3046034574508667,0.1961519718170166,
20210324,0.18485626578330994,1.3217812776565552,1.1149064302444458,,,1.9331361055374146,0.7563467025756836,,,2.6494557857513428,0.5347234606742859,0.587984025478363,,0.26321032643318176,0.20416149497032166,,,0.38526803255081177,,
20210325,0.237031951546669,0.7516582608222961,0.481052428483963,0.24866236746311188,0.42118391394615173,1.7957171201705933,0.45783963799476624,0.3660770356655121,,,0.3265824615955353,0.43398377299308777,0.15210647881031036,0.18191125988960266,0.1346210241317749,0.2451600283384323,,0.27639421820640564,0.25720638036727905,0.2654162645339966
20210326,0.25764861702919006,0.6904672384262085,0.5396276116371155,0.4941508173942566,0.36398446559906006,1.3557549715042114,0.4450100362300873,0.47628042101860046,,,0.6712822914123535,,0.2237514704465866,0.3745679557323456,0.25570419430732727,,,0.30010831356048584,0.2154562622308731,
20210327,0.23415495455265045,0.7084195017814636,0.7974573373794556,0.4012339413166046,0.335478276014328,2.1248106956481934,0.5336238741874695,0.4295905828475952,2.2332117557525635,2.914138078689575,0.5895206332206726,0.6464729309082031,0.1889718919992447,0.2569260001182556,0.192658469080925,0.2586023509502411,,0.311338871717453,0.2631945312023163,0.5963636636734009
20210328,0.2500516474246979,1.0319585800170898,0.9152752161026001,0.49721378087997437,0.4405151605606079,2.685213327407837,0.5598128437995911,0.4952649772167206,3.056645154953003,4.251757621765137,0.8670415282249451,0.7863368391990662,0.23095549643039703,0.45298629999160767,0.2536783218383789,0.2632867693901062,,0.3898773193359375,0.24573105573654175,0.5353207588195801
20210329,0.269439160823822,0.6391538381576538,0.45582687854766846,0.3529232442378998,0.46112191677093506,2.1241233348846436,0.6354610919952393,0.49863117933273315,2.7641260623931885,5.064996719360352,0.8057041764259338,0.7877644300460815,0.24674290418624878,0.529631495475769,0.29059961438179016,0.7422317266464233,,0.3667187988758087,0.25926321744918823,0.9412026405334473
20210330,0.25385794043540955,0.7671446800231934,0.5731615424156189,0.3279723525047302,0.45796284079551697,2.1879379749298096,0.33304283022880554,0.3727337419986725,,,,,0.23802916705608368,0.2796807289123535,,0.6334584951400757,,0.42971447110176086,0.22050413489341736,0.7452080249786377
20210331,0.28083476424217224,0.8104752898216248,0.6129420399665833,0.44350725412368774,0.4813190698623657,2.4985544681549072,0.6014702320098877,0.4996216595172882,3.3437297344207764,4.804535865783691,0.7896612286567688,0.7558149099349976,0.257168710231781,0.4994468688964844,0.29899972677230835,0.3527936339378357,,0.4329783320426941,0.2396315038204193,0.6674820184707642
20210401,0.28997617959976196,0.735093355178833,0.7342424988746643,0.43407773971557617,0.5487247109413147,2.3904945850372314,0.5029134154319763,0.5610005855560303,3.237867832183838,4.228084564208984,0.8653984069824219,0.8601937890052795,0.25906509160995483,0.6920148134231567,0.2399241328239441,0.3513753414154053,14.824934005737305,0.37439966201782227,0.21367311477661133,2.7094812393188477
20210402,0.28536003828048706,0.7457976341247559,0.8518508076667786,0.5299142599105835,0.547351062297821,2.403249502182007,0.5483313798904419,0.6088681817054749,3.1200199127197266,4.1870269775390625,0.8485446572303772,0.8677017092704773,0.2526523470878601,0.6377162337303162,0.23227164149284363,1.0196105241775513,,0.5149003863334656,0.23757091164588928,1.3634611368179321
20210403,0.25436967611312866,0.719316303730011,0.6424714922904968,0.36202311515808105,0.4428706467151642,2.2264914512634277,0.4743220806121826,0.4837929606437683,2.8610105514526367,4.325563430786133,0.7827276587486267,0.690109372138977,0.24105991423130035,0.5904434323310852,0.29318293929100037,0.8753920793533325,15.810687065124512,0.39775851368904114,0.2399531602859497,0.8137779831886292
20210404,0.23335766792297363,0.2408810555934906,0.5399583578109741,0.37539029121398926,0.41293805837631226,1.994168996810913,0.46617135405540466,0.4233454465866089,2.840630054473877,5.15805721282959,0.6987737417221069,0.9245463609695435,0.24469177424907684,0.7198535799980164,,,,0.34463605284690857,0.0912751704454422,1.5079485177993774
20210405,0.2825492024421692,0.7013024687767029,0.45859411358833313,0.35531988739967346,0.6660645604133606,3.3932180404663086,0.5095142126083374,0.5747486352920532,3.113156318664551,3.5587947368621826,0.8362926244735718,0.682144820690155,0.260368287563324,0.5765460133552551,0.22755518555641174,0.3172175884246826,22.43846893310547,0.5806883573532104,,
20210406,0.31157979369163513,0.8576036691665649,0.6308014988899231,0.541904628276825,0.6920359134674072,2.1985039710998535,0.5269508361816406,0.5490882992744446,3.4746828079223633,,0.9147380590438843,0.8671532273292542,0.2877194881439209,1.0195103883743286,0.23322515189647675,0.38321685791015625,16.75727653503418,0.6688851714134216,0.2535422742366791,0.5188774466514587
20210407,0.32066115736961365,0.930898904800415,0.7878042459487915,0.579864501953125,0.5891648530960083,2.3536739349365234,0.5314789414405823,0.5757352113723755,2.8422229290008545,3.7388501167297363,0.8415085077285767,0.99322509765625,0.2745243012905121,0.6865942478179932,0.23668691515922546,0.6207023859024048,,0.4864984452724457,0.2623443305492401,1.6602249145507812
20210408,,,,,1.1155292987823486,4.293694496154785,0.8340988159179688,0.7370361685752869,4.174773693084717,6.9746270179748535,1.0623294115066528,0.7905222773551941,,,0.28021931648254395,1.2481017112731934,,,,
20210409,,,,0.26720699667930603,0.5232148170471191,0.6153444647789001,0.662734866142273,0.3305063247680664,,3.675283193588257,,0.9507406949996948,,0.147286057472229,0.12262281775474548,0.4488755166530609,,0.23951800167560577,0.14576540887355804,0.3359808325767517
20210410,0.2022557109594345,0.2666071355342865,0.34836697578430176,,,,,,,,,,,,,,,,,
20210411,0.4623415172100067,1.0394203662872314,0.8706804513931274,0.3289071321487427,,1.4475551843643188,,,,,,,,,,,,0.142894446849823,,
20210412,,,,,0.9122554063796997,2.3787100315093994,1.1087095737457275,0.8286008834838867,2.581153631210327,3.6676361560821533,1.1029108762741089,1.017289400100708,0.3730480372905731,0.8823369145393372,0.5922168493270874,0.7659289836883545,,0.6589769721031189,0.2964171767234802,0.5056053400039673
20210413,,,,,,1.6337608098983765,,,,,,,,,,,,,,
20210414,0.24295039474964142,0.42555782198905945,0.5675584673881531,0.2167252153158188,0.4796542823314667,2.0327723026275635,0.8859543204307556,0.7345064282417297,,2.938302993774414,0.7630361914634705,1.2608498334884644,0.35303863883018494,0.495021253824234,0.551230251789093,0.5947405099868774,,0.43493396043777466,0.3030085563659668,0.3463074564933777
20210415,0.44636040925979614,0.4302918016910553,0.35620835423469543,0.44024547934532166,0.31791603565216064,1.8224071264266968,0.7683234214782715,0.5613751411437988,,1.831606149673462,0.625109076499939,0.7937703132629395,0.2704484164714813,0.4555971026420593,,,,0.27355533838272095,0.24358037114143372,0.28462082147598267
20210416,0.3998010754585266,0.809333860874176,0.7150486707687378,0.4303078353404999,0.5008256435394287,2.06130051612854,0.7365458011627197,0.6184461116790771,2.539372444152832,2.6633665561676025,0.8118787407875061,0.7088030576705933,0.2919825613498688,0.5487849712371826,0.6656591892242432,0.5790387392044067,,,,
20210417,0.36176279187202454,0.8684362173080444,0.9031320810317993,0.38810205459594727,0.9508612155914307,2.162208318710327,0.7460255026817322,0.4618229568004608,2.7782981395721436,,,0.6892250180244446,0.18482555449008942,,,,,0.2758188843727112,0.36001330614089966,1.0099973678588867
20210418,0.4655025005340576,,,,,1.0176677703857422,0.48665574193000793,0.5302396416664124,,,,,,0.3838677406311035,0.5302785038948059,,,0.4332595765590668,0.24878659844398499,0.31746888160705566
20210419,0.40922868251800537,0.8558498620986938,0.8390436172485352,0.27939653396606445,1.0692864656448364,2.0165176391601562,0.7657778263092041,0.5311877131462097,,2.2670412063598633,0.43054693937301636,,0.176985502243042,0.44770318269729614,,,,0.2428286075592041,,
20210420,0.39394253492355347,,,0.2769836187362671,0.2911791503429413,0.6002964973449707,,0.5949568152427673,,,,,0.4165197014808655,,,,,0.5644792318344116,0.2723594009876251,
20210421,0.3670879900455475,,,,,1.0520211458206177,0.5884836912155151,,,,,,,,,,,,,0.8577627539634705
20210422,0.30029740929603577,0.43550026416778564,0.6356325149536133,0.18486091494560242,,0.7639256119728088,0.5046171545982361,,,,,,0.1561082899570465,,,,,0.2579461336135864,0.12875445187091827,
20210423,0.41814619302749634,,,0.35033270716667175,,2.054687976837158,,0.7385303974151611,,1.8157132863998413,0.6688225269317627,0.722651481628418,,0.46603164076805115,0.5685903429985046,0.5420435070991516,,,,0.28531917929649353
20210424,0.40908083319664,0.9802614450454712,0.9257763624191284,0.2837202250957489,0.5092244744300842,2.3856875896453857,0.8741194009780884,0.5706772208213806,2.2246835231781006,3.496454954147339,0.765981912612915,0.7759882807731628,0.20933037996292114,0.5057279467582703,0.6966730952262878,3.892977237701416,,0.5049967765808105,0.3770037889480591,0.5808461904525757
20210425,0.6340845823287964,1.0222059488296509,0.6478697061538696,0.3900185227394104,0.6706011295318604,1.862001895904541,0.855186939239502,0.6151318550109863,2.055806875228882,3.2427003383636475,0.8505820035934448,0.7634493708610535,,,0.47828876972198486,0.5740830302238464,,0.5605860948562622,0.49001628160476685,0.5075302124023438
20210426,0.47581586241722107,0.9517894387245178,0.7019814848899841,0.43692299723625183,0.7831509113311768,3.0853917598724365,0.6872789263725281,0.7715001702308655,2.710235118865967,7.693295955657959,0.8035319447517395,0.866276204586029,0.3901573121547699,0.4733779728412628,0.5440346002578735,,,0.16060695052146912,0.2480422407388687,0.49282801151275635
20210427,0.5620598196983337,1.3616750240325928,0.7632200717926025,0.5803230404853821,0.8573778867721558,2.446434497833252,0.8845943212509155,0.6520485281944275,2.778407573699951,4.631389617919922,0.8880825042724609,0.8175835013389587,0.3492985963821411,0.5525843501091003,0.5871331095695496,0.7509343028068542,,0.9152015447616577,0.2678668797016144,0.4105622470378876
20210428,0.43695610761642456,0.7829028367996216,0.891886830329895,0.6747991442680359,0.7160254716873169,2.409389019012451,0.7168883681297302,0.7105681300163269,2.711822032928467,4.016572952270508,0.9455505013465881,0.8023553490638733,0.3356129229068756,0.8350101113319397,0.5563220977783203,0.729749858379364,,0.7479615807533264,0.5813248157501221,
20210429,0.419718474149704,0.9212134480476379,1.099759817123413,0.6353537440299988,0.6773668527603149,2.450032949447632,0.715089738368988,0.7354490160942078,2.7680392265319824,4.33268928527832,1.1025501489639282,0.7679497003555298,0.3162935674190521,0.81336909532547,0.5860521793365479,0.6864074468612671,,0.9604865312576294,0.5417670607566833,1.416453242301941
20210430,,,,,0.34985169768333435,2.2559890747070312,0.740577757358551,0.7331703901290894,2.664217710494995,6.603497505187988,0.8213323950767517,0.8236016631126404,0.3803126811981201,0.6134175062179565,0.7047687768936157,1.0482652187347412,18.91231918334961,0.6014266014099121,0.6070502996444702,1.4644163846969604
20210501,0.47972771525382996,0.34954866766929626,0.3231709599494934,0.3123163878917694,0.9691879153251648,0.9973130822181702,0.657384991645813,0.632687509059906,,,,,,0.5909357070922852,0.506546676158905,,,,,
20210502,0.47885361313819885,1.1800711154937744,0.5678382515907288,0.3234858214855194,0.7581899166107178,2.7771780490875244,0.7093161344528198,0.5714070200920105,4.056311130523682,3.9283692836761475,0.6388983726501465,0.655707836151123,0.2597561478614807,0.40331482887268066,0.5745245218276978,0.47322559356689453,,0.3460818827152252,0.3805837631225586,1.9355921745300293
20210503,0.32989633083343506,0.5529170036315918,0.7088128924369812,0.4359995126724243,0.5130379796028137,1.7363104820251465,0.6670059561729431,0.4186493456363678,1.9338741302490234,2.55788516998291,0.9641693830490112,0.7271676659584045,0.26537975668907166,0.459243506193161,0.46091851592063904,0.6167416572570801,,1.3672890663146973,,
20210504,0.6053294539451599,1.8179373741149902,,1.0728954076766968,0.8101245164871216,1.9271551370620728,0.8800234794616699,0.6864138245582581,2.30232572555542,3.1259334087371826,0.799214243888855,0.5652533769607544,0.28079330921173096,0.9355776906013489,0.6096717119216919,6.346446990966797,,0.5273393392562866,0.40831440687179565,0.5910479426383972
20210505,,,0.7712343335151672,,,2.19740891456604,,,,,,,,,,0.723067581653595,,,0.3987473249435425,0.8706813454627991
20210506,0.591060221195221,,0.3586563169956207,,,2.2013964653015137,1.0090755224227905,,,,,,,,,,,,0.515038251876831,1.3405958414077759
20210507,0.9165111184120178,,,,,,,,,,,,,,0.6683340072631836,0.892238438129425,,,0.5105469822883606,
20210508,0.5864976644515991,0.8768007755279541,1.0242347717285156,0.5240290760993958,0.4798506200313568,1.567132592201233,0.6273214221000671,0.5452858805656433,,,0.5042370557785034,,0.3650932312011719,0.5180631279945374,0.6504939794540405,0.7760136127471924,,0.6076869368553162,0.48426032066345215,0.7143439054489136
20210509,0.4195749759674072,0.7773340940475464,0.45716390013694763,0.6607704162597656,0.76118004322052,1.6947050094604492,0.6308292150497437,0.5452168583869934,1.579367995262146,3.5472562313079834,0.738548219203949,0.6209831237792969,0.3437170386314392,0.5818016529083252,0.5810580849647522,1.198288917541504,,0.5518354177474976,0.3264445960521698,1.7801010608673096
20210510,0.5032814741134644,0.9988101124763489,1.578809380531311,,,1.5663347244262695,0.534559428691864,,1.4916659593582153,2.8234517574310303,0.49759745597839355,0.6478803753852844,,,,,,,,0.5737187266349792
20210511,0.7841287851333618,,0.26090914011001587,,0.3963257074356079,0.6828279495239258,0.47834891080856323,0.4146362841129303,,,0.48279762268066406,,0.15819665789604187,0.33633437752723694,,,,0.21635150909423828,,
20210512,0.6552521586418152,1.1929978132247925,1.1759033203125,0.6255583167076111,1.3770402669906616,2.503721237182617,0.8613006472587585,0.9127114415168762,2.0105841159820557,3.0757884979248047,0.7612664103507996,0.8589747548103333,,0.7375645041465759,,0.9704771041870117,,0.49690312147140503,0.3343624472618103,1.8291101455688477
20210513,,0.3413194715976715,0.17624515295028687,0.3295663893222809,0.32914990186691284,,,0.43103232979774475,,,0.6591530442237854,,0.24141600728034973,0.46645253896713257,,,,0.29407021403312683,0.2358860820531845,
20210514,,,1.0439999103546143,0.4602610170841217,0.42343825101852417,,,0.46070805191993713,,,0.6069084405899048,,0.23506517708301544,0.3728768825531006,0.5556302070617676,,,0.33884358406066895,0.25853025913238525,0.9109023809432983
20210515,0.30765026807785034,0.3825171887874603,0.44756656885147095,0.34407728910446167,,0.9716225266456604,,,,,,,,,,,,0.1847575455904007,0.3113359212875366,1.0129132270812988
20210516,0.6274381875991821,,,,,1.0017915964126587,,,,,0.49367302656173706,,0.1715826839208603,0.5036266446113586,0.5595489144325256,,,0.15775258839130402,0.17390607297420502,0.458935409784317
20210517,0.6949705481529236,1.1449769735336304,1.0554263591766357,0.8247241377830505,0.43797680735588074,3.2470860481262207,,0.33922868967056274,1.1705336570739746,,,,,,,,,0.18690283596515656,0.2350684255361557,0.6344788670539856
20210518,,,1.0128157138824463,0.8556655049324036,0.8868667483329773,3.417445421218872,0.8956149816513062,0.9164087772369385,9.52489185333252,,,1.3084877729415894,0.6055121421813965,0.7950046062469482,1.1719633340835571,1.1354789733886719,,,,0.35122594237327576
20210519,,0.694525420665741,0.6527273058891296,,0.5919013023376465,1.5827834606170654,0.9657776355743408,0.7836049795150757,2.9921576976776123,4.119574546813965,1.2938776016235352,0.8046296238899231,0.4616367816925049,0.9501461982727051,,,,,0.7376667857170105,
20210520,0.5280113816261292,0.5850614309310913,0.6128584146499634,1.0062904357910156,0.8037477731704712,1.2349629402160645,0.510650634765625,0.8229619860649109,,,,,0.45423534512519836,0.7201337218284607,0.8245465755462646,1.4050343036651611,,0.5561497211456299,0.5410334467887878,0.4869205057621002
20210521,0.5372623205184937,0.6534321904182434,0.7515819668769836,0.8692830801010132,0.6846627593040466,1.7669285535812378,0.6203069686889648,0.6881396174430847,3.0578761100769043,6.070938587188721,0.8852506279945374,0.9537174105644226,0.4514129161834717,0.7953304648399353,0.9007434248924255,1.1646318435668945,18.143142700195312,0.588935136795044,0.45674678683280945,1.9438554048538208
20210522,1.1240503787994385,,1.6194897890090942,0.8159286975860596,0.6475638151168823,2.4548821449279785,0.7290564179420471,0.6607251763343811,3.567229747772217,5.563782691955566,0.7409905195236206,0.7175961136817932,0.4910832345485687,0.8053362369537354,0.777272641658783,1.1686148643493652,,0.6189252138137817,0.4790733754634857,1.5399855375289917
20210523,,,,,,,,,,,,,,,,,,,0.5967469215393066,1.994325876235962
20210524,,,,,,,,,,,,,,,,,,,,
20210525,0.5021783709526062,0.7587785720825195,0.7987075448036194,0.44681471586227417,0.6860455870628357,0.9944302439689636,0.48743394017219543,0.5784170031547546,,,0.8627995848655701,,0.2804175019264221,0.6239758133888245,,1.1057335138320923,,0.7053535580635071,0.28612402081489563,
20210526,0.5018685460090637,0.6768791675567627,0.6649209856987,0.5203604698181152,0.3465639054775238,0.9364746809005737,0.3546268939971924,0.39464718103408813,,,0.6228551864624023,0.9150057435035706,0.3229272961616516,0.5767573714256287,0.9822490215301514,3.0543534755706787,,0.610747754573822,0.3253464996814728,0.42619436979293823
20210527,0.5568482279777527,0.8015624284744263,0.6012367606163025,,,1.0653080940246582,,,,,,,,,,,,0.2679516673088074,0.2733842134475708,0.396246999502182
20210528,0.6369814872741699,1.00801682472229,1.2929916381835938,,,,,,,,,,,,,,,0.13795506954193115,,0.2798386812210083
20210529,0.6176940202713013,1.1176156997680664,0.9953803420066833,0.856857419013977,1.1010559797286987,2.4278273582458496,0.7855613231658936,0.8134050369262695,3.326061964035034,3.9219589233398438,1.0774577856063843,0.9089243412017822,0.3772181272506714,1.0434067249298096,1.0125914812088013,1.1237924098968506,,1.0742079019546509,,
20210530,0.6599175333976746,1.3023837804794312,1.2305680513381958,0.9494074583053589,0.775701105594635,2.6788651943206787,0.597210705280304,0.7001611590385437,3.313044548034668,3.94891357421875,1.3783414363861084,0.968408465385437,0.4034544825553894,1.094551682472229,1.0276780128479004,1.0501041412353516,,0.5382201671600342,0.42370161414146423,3.9691574573516846
20210531,,1.5028412342071533,2.2046499252319336,,,,,,,,,,,,,,,,0.5027557611465454,2.3994483947753906
20210601,0.533406674861908,0.7778081297874451,1.6510136127471924,0.46014705300331116,0.33529919385910034,2.4285261631011963,0.7469631433486938,0.6963234543800354,2.6585631370544434,,0.5905256271362305,0.5589044690132141,0.28502053022384644,0.533014714717865,,,,,,
20210602,0.4840222895145416,0.5410390496253967,0.9774817824363708,1.032057762145996,0.6520442962646484,1.1949702501296997,0.6999579668045044,0.6108439564704895,1.0977591276168823,,,,0.2819661796092987,0.6645368337631226,0.8892490267753601,0.9673795104026794,,,0.38705718517303467,1.66727876663208
20210603,0.27567410469055176,0.2770393192768097,0.370046466588974,0.30215921998023987,0.42871636152267456,2.224151849746704,0.5728071331977844,0.6177195310592651,,,0.9135920405387878,,0.4048933982849121,0.6115562319755554,1.0022392272949219,0.9118665456771851,,1.548532247543335,,2.401973009109497
20210604,0.4724128246307373,0.5916689038276672,0.6657916903495789,0.6513786315917969,0.5156832337379456,1.8131663799285889,0.6684105396270752,0.7597965002059937,2.234196424484253,4.727351188659668,1.195330023765564,0.7691577076911926,0.39140716195106506,0.7698035836219788,0.8391478657722473,0.8041713237762451,,0.6385538578033447,,
20210605,0.5094582438468933,0.7008147239685059,0.4928467571735382,0.5219421982765198,0.5536213517189026,2.0974628925323486,1.136037826538086,0.7107239961624146,2.136134147644043,3.0212700366973877,0.8740124702453613,0.5853469371795654,0.3735339045524597,0.7131887078285217,1.1172473430633545,,,0.3491772413253784,,
20210606,0.575614333152771,0.8179538249969482,0.8253684639930725,0.770117461681366,0.4282102882862091,1.453325629234314,0.595522940158844,0.6224393844604492,1.0925356149673462,2.8169734477996826,0.7609384655952454,0.8116351962089539,0.382459819316864,0.6281585097312927,,,,,,2.053701400756836
20210607,,,,,,1.9420808553695679,,,1.8837140798568726,3.022416353225708,,1.3298723697662354,,,0.9371036887168884,1.1148157119750977,,,0.4023846685886383,
20210608,0.5978225469589233,0.6414747834205627,0.7921247482299805,0.5334493517875671,,3.7996976375579834,0.7733981609344482,0.5456661581993103,,,,,0.51737380027771,,,,,,,0.636148989200592
20210609,0.5962090492248535,0.6817565560340881,0.760307788848877,0.49439215660095215,0.425008624792099,1.8566721677780151,0.818501353263855,0.42352333664894104,,,0.5352999567985535,0.6087656021118164,0.2567274570465088,0.502939760684967,0.9772545695304871,,,,,
20210610,,0.5989396572113037,0.35101163387298584,0.42317911982536316,,,,,,,,,,0.9676331877708435,,,,0.48725029826164246,0.36679503321647644,
20210611,0.6379290223121643,0.911273717880249,,,,,,,,,,,,0.5518859624862671,0.5979762673377991,,,0.4388772249221802,0.47459718585014343,0.5771023631095886
20210612,0.944026529788971,,,,,,,,,,,,,,,,,0.3878365755081177,0.19326256215572357,0.238214910030365
20210613,0.6843209266662598,,0.6198824644088745,0.6205295324325562,1.3409079313278198,,,,,,1.075605034828186,1.6775373220443726,1.4326361417770386,0.8139687180519104,0.7771226763725281,,,0.5193259119987488,,0.6920941472053528
20210614,0.5249320864677429,0.9391816258430481,1.1340118646621704,0.9330102801322937,0.797310471534729,1.0576354265213013,0.8143324851989746,0.6860046982765198,,,,,0.5113467574119568,,,,,,,
20210615,0.6037564873695374,,0.5736531019210815,,,,,,,,,,,,,,,,,
20210616,0.4669925272464752,0.4786614179611206,0.664566695690155,0.8193095922470093,0.5864617228507996,1.538386344909668,0.7996901273727417,0.6449758410453796,1.8201841115951538,2.385241985321045,0.8537811636924744,0.8178168535232544,0.3123420476913452,0.6593640446662903,,,,0.22390873730182648,,
20210617,0.5959418416023254,0.4270290732383728,1.439681053161621,0.3039918839931488,0.4677794277667999,0.9444518685340881,,,,,,,0.35958340764045715,,,,,0.5658571124076843,,0.341244101524353
20210618,0.6126652359962463,0.8346841335296631,0.8282051682472229,0.7397035956382751,0.5663995742797852,1.5555615425109863,0.56581711769104,0.5417364239692688,1.8202803134918213,2.665613889694214,0.8468979001045227,0.8906667828559875,,0.6076832413673401,0.47882944345474243,,,,0.22231686115264893,
20210619,0.5694990158081055,0.678206741809845,0.7377245426177979,0.5016951560974121,0.5640390515327454,1.588173508644104,0.7628508806228638,0.8039988875389099,,,,,0.5449615120887756,0.6401633620262146,,3.5041017532348633,,,,0.4792745113372803
20210620,0.6474499702453613,1.1731840372085571,0.7850027084350586,0.7878228425979614,0.7872716188430786,1.5250141620635986,0.6905897855758667,0.6820695400238037,1.3860950469970703,2.4983737468719482,0.7385517358779907,0.9999741315841675,0.44718071818351746,0.803582489490509,0.7006454467773438,0.9231432676315308,,0.5784276723861694,,
20210621,,,1.1575357913970947,0.6582784056663513,1.062300682067871,2.4039955139160156,0.7504531145095825,0.8207443952560425,2.7350828647613525,6.1307759284973145,0.9734202027320862,0.8774605989456177,0.516801118850708,0.9216074347496033,0.8075753450393677,1.6954282522201538,,0.5448627471923828,0.35856327414512634,3.21382212638855
20210622,0.4512699842453003,,,,,,,,,,,,,,,,,,,
20210623,,,3.6408395767211914,,0.6919890642166138,1.292789101600647,0.8625112771987915,0.890937328338623,,,0.728305459022522,0.3252949118614197,0.5107596516609192,0.7605768442153931,0.4375561773777008,,,0.3952730596065521,,0.15122127532958984
20210624,0.6468802690505981,0.6655694246292114,,,,2.656856060028076,,0.7422587275505066,1.4398704767227173,4.621508598327637,0.8021240234375,,,,,,,,,0.43177586793899536
20210625,0.4687063992023468,0.6500510573387146,0.671613335609436,0.4482223093509674,0.6678846478462219,3.105196714401245,,0.46826180815696716,,,,,0.24937932193279266,,,1.056312084197998,,,,
20210626,0.5235806107521057,0.6810566782951355,0.8958489894866943,,0.5582910180091858,1.836782455444336,0.7618769407272339,0.44878914952278137,,,0.6243076324462891,,0.4971888065338135,0.6133794188499451,0.6247143745422363,0.6257433295249939,,,0.283718466758728,
20210627,0.6142086386680603,0.7357466816902161,0.7542849779129028,0.4757758677005768,0.5925086140632629,0.6540871262550354,0.6993874907493591,0.823034405708313,,,,,0.32180461287498474,0.5179159045219421,0.5280232429504395,1.029929280281067,,0.6624270677566528,0.39995306730270386,1.3125793933868408
20210628,0.6886881589889526,0.5939300656318665,1.034570574760437,0.8781703114509583,1.0718055963516235,2.4111766815185547,0.9083371758460999,0.756882905960083,2.8558785915374756,3.3702802658081055,0.8415809869766235,0.8858720660209656,,1.074831247329712,0.5260689854621887,0.5556368231773376,,0.37988677620887756,0.3593249022960663,2.6036393642425537
20210629,0.6343863010406494,0.9359987378120422,1.0293599367141724,0.8716920018196106,1.2170687913894653,4.042684078216553,1.2009564638137817,0.9746121764183044,3.261070966720581,5.49530553817749,0.8978915214538574,1.599423885345459,0.7096454501152039,1.1325790882110596,0.742085874080658,0.763477623462677,,,0.32054927945137024,3.421168327331543
20210630,0.5435253381729126,0.583054780960083,0.7651522159576416,,,3.7504947185516357,,,,3.872006416320801,,0.7019578218460083,,,0.6973281502723694,0.8437053561210632,,0.791144609451294,0.29295438528060913,0.7788794636726379
20210701,0.5667491555213928,0.804115891456604,0.7830666899681091,0.4896336495876312,0.7785225510597229,2.258023500442505,0.7186552286148071,1.3513647317886353,3.5671257972717285,4.159641742706299,1.08524751663208,0.7972944378852844,0.48990127444267273,,0.6290821433067322,0.9411153793334961,,0.5936468839645386,0.3393021523952484,
20210702,0.461798757314682,0.6310705542564392,0.7369570732116699,0.5420275926589966,0.5450565814971924,1.5127453804016113,0.7771226763725281,0.5625737905502319,2.3822457790374756,3.0063276290893555,0.7840385437011719,0.7549839019775391,0.31290584802627563,0.582747220993042,0.44732969999313354,0.4027402997016907,,0.3293240964412689,,0.9088584780693054
20210703,0.40700289607048035,0.5924539566040039,0.7954437136650085,0.4962601959705353,0.3936605751514435,1.0662035942077637,0.626522421836853,0.5117496848106384,,,0.5164039731025696,0.4487348794937134,0.373288631439209,0.6156378388404846,0.4614725708961487,0.47254952788352966,,0.30873188376426697,0.18915297091007233,0.43252918124198914
20210704,,,,0.46977800130844116,0.5838319063186646,1.0449494123458862,0.7090194225311279,0.5946820974349976,,3.388076066970825,0.587948739528656,0.644112229347229,0.4069848954677582,0.6639427542686462,0.5781207084655762,,,,0.184852734208107,0.2993941605091095
20210705,,,,,0.6567457318305969,,,1.2443971633911133,,,,,,,,,,,,0.6104825139045715
20210706,0.49345988035202026,0.9757130146026611,1.2699556350708008,0.7906367778778076,0.9481136202812195,3.1986820697784424,0.7482237219810486,0.7647663950920105,5.075774192810059,7.514703273773193,0.5893276929855347,0.8924620747566223,0.5521252751350403,0.5922651886940002,0.6776638031005859,,,0.8431499004364014,0.22080016136169434,
20210707,0.48358282446861267,1.1025757789611816,2.362447738647461,1.142737865447998,1.183700680732727,2.7888448238372803,0.5831726789474487,0.7472126483917236,,11.524917602539062,0.8126457333564758,1.21337890625,0.5753300786018372,0.8985629081726074,0.5785243511199951,0.8415102958679199,,0.3446508049964905,0.4274514615535736,0.7859066724777222
20210708,0.44865429401397705,0.5343019366264343,0.9420368671417236,0.7721838355064392,0.6484751105308533,,1.011825680732727,0.7526861429214478,,,0.9474522471427917,,0.5057130455970764,0.7651510834693909,,,,,0.3728180527687073,1.8680095672607422
20210709,0.5010523200035095,0.543839156627655,0.8641424179077148,0.6004923582077026,0.524491012096405,1.3902326822280884,0.5455245971679688,0.4291852116584778,,,,,0.3176712095737457,0.5054938197135925,,0.9027199149131775,,0.5036973357200623,0.5557877421379089,0.9324913024902344
20210710,0.42020535469055176,0.7462308406829834,2.277980089187622,,,,,,,,,,,,,0.9034048914909363,,0.6860619783401489,0.5032080411911011,1.5739474296569824
20210711,0.3439388871192932,0.7680907249450684,1.0228554010391235,0.6549355983734131,0.7967094779014587,2.3835554122924805,0.7747095227241516,0.8313066959381104,,,2.114997625350952,,0.5861721634864807,1.1877120733261108,,,,,0.4202438294887543,
20210712,0.26471686363220215,0.374327689409256,0.7685152888298035,0.32363513112068176,0.37350326776504517,0.8010463714599609,0.5687817931175232,0.5618695020675659,0.7851969599723816,0.9046267867088318,0.6477643251419067,0.3516334295272827,0.3297348916530609,0.46758827567100525,0.41232550144195557,0.4790028929710388,,0.28358161449432373,0.17445716261863708,3.4805684089660645
20210713,0.2315390557050705,,,0.6291126608848572,,,,,,,,,,,,,,1.7227985858917236,,0.408435583114624
20210714,0.40318727493286133,0.6417965888977051,0.5702723860740662,0.4945840835571289,0.3543154001235962,2.256866216659546,0.5985060930252075,0.5669779777526855,2.331087350845337,6.939510345458984,0.8310791850090027,0.8003577589988708,0.5708663463592529,0.5250057578086853,0.5354648232460022,0.5058456659317017,,0.38226255774497986,,
20210715,0.36311036348342896,0.897958517074585,,,0.58499675989151,6.2202348709106445,0.5176196098327637,0.5127623677253723,,,,,0.3550688624382019,,,,,,0.2509808838367462,0.6031234264373779
20210716,0.45630255341529846,,,,,,,,,,,,,,,,,,,
20210717,0.4360473155975342,0.4717327356338501,0.72528475522995,0.42891404032707214,0.45036786794662476,2.227010488510132,1.0074067115783691,0.6742069721221924,1.4399104118347168,4.021602153778076,1.010714054107666,1.9896634817123413,0.30941954255104065,0.7059720158576965,0.5453252792358398,,,0.28539660573005676,0.21554003655910492,
20210718,0.3971085250377655,0.5277352333068848,0.5247710943222046,0.5524957180023193,,,,,,,,,,,,,,,0.29057180881500244,0.6511275768280029
20210719,0.4389781355857849,0.7436660528182983,0.8790929317474365,0.7317908406257629,0.7045295834541321,1.779065728187561,0.8713733553886414,1.1873993873596191,1.9033586978912354,3.037209987640381,0.9678927063941956,0.9316498041152954,,,0.5679529309272766,4.624667167663574,,0.9415778517723083,0.3096228539943695,0.34114232659339905
20210720,0.5680357217788696,,,,,1.4770581722259521,0.7143322825431824,0.7367972731590271,1.0246801376342773,,0.5802947282791138,,,0.5802597403526306,,,,0.26228997111320496,0.36453479528427124,
20210721,,,,,0.7854275703430176,3.3165667057037354,0.6963997483253479,0.6628106236457825,,,,,,,,,,0.32246899604797363,0.3188694715499878,0.8689605593681335
20210722,0.21180549263954163,0.6158544421195984,0.6352638006210327,,,,,,,,,,,,,,,,,
20210723,0.34642934799194336,,,,0.3892063498497009,1.5929107666015625,0.5196554064750671,0.5419917702674866,0.6177201271057129,1.3368979692459106,0.5373414754867554,0.6920056939125061,0.3322242200374603,0.5864868760108948,0.5152735114097595,0.584156334400177,,0.15040332078933716,0.2877795696258545,
20210724,0.4272366762161255,0.48072803020477295,0.6796736717224121,,,,,,,,,,0.38301774859428406,,,,,,,0.4858962893486023
20210725,0.5860920548439026,0.6194338202476501,,0.15049368143081665,,1.5304453372955322,0.610490083694458,0.6224547028541565,,,,,,,,,,0.3268585801124573,,0.41296547651290894
20210726,0.45021477341651917,0.6929331421852112,0.8392379879951477,0.7354039549827576,0.8992894887924194,2.5562477111816406,1.7998130321502686,2.3071517944335938,3.0185956954956055,3.939552068710327,1.911952257156372,1.6945046186447144,,,,,,,,
20210727,0.4466710686683655,,,0.47230616211891174,0.47611409425735474,1.9891700744628906,,,,,,,0.31878912448883057,,,,,,,
20210728,0.40196093916893005,0.6825490593910217,0.8808255195617676,0.656383216381073,0.5743325352668762,1.5917367935180664,0.8617421984672546,0.9107028245925903,1.52530038356781,2.2560606002807617,0.9745644927024841,1.171359658241272,0.28238028287887573,1.0135904550552368,0.7013858556747437,0.6723802089691162,,0.6121708154678345,0.2857741415500641,0.8147274255752563
20210729,0.43118661642074585,0.9392591714859009,0.9283581972122192,0.6819123029708862,0.6262840628623962,2.0674633979797363,1.1159253120422363,1.1654508113861084,1.7198829650878906,2.829073667526245,0.9857956767082214,1.8068022727966309,0.5181161165237427,0.6679158806800842,1.2560489177703857,4.228557109832764,,0.7271912097930908,0.39132362604141235,1.2694885730743408
20210730,0.4040989577770233,0.47851091623306274,0.8171870708465576,0.686569333076477,0.5923935174942017,1.4401264190673828,0.5733692646026611,0.6542330980300903,,,,,0.4938332140445709,0.6264492273330688,,,,0.16784456372261047,0.3443004786968231,0.49531859159469604
20210731,,,,,,0.914313793182373,,,,,,,,,,,,,,0.8669483661651611
20210801,0.3728331923484802,0.8048808574676514,0.9972700476646423,0.6466296911239624,0.8236728310585022,1.9985100030899048,0.8047094345092773,0.9831343293190002,,3.674368143081665,1.131374716758728,1.101256251335144,0.43655145168304443,0.5968550443649292,0.6407455801963806,0.6118943691253662,,0.32051709294319153,0.4502156674861908,2.102083444595337
20210802,0.36157116293907166,0.3547647297382355,0.34003737568855286,0.44878482818603516,0.36558797955513,0.5268550515174866,0.5182674527168274,,,,,,0.20794758200645447,,0.6823466420173645,,,,0.44517284631729126,1.952056884765625
20210803,0.31691399216651917,0.46083498001098633,0.5656430721282959,0.47070133686065674,0.39756256341934204,1.5690401792526245,1.0295968055725098,0.5818079113960266,1.1079596281051636,4.054844379425049,0.7153998613357544,1.1835789680480957,0.331396222114563,0.5192062258720398,0.5749978423118591,3.2084574699401855,,0.44944021105766296,0.23071561753749847,1.3024590015411377
20210804,0.2773818373680115,0.3351587951183319,0.4498721659183502,0.4948461353778839,0.23634208738803864,1.2907963991165161,0.5948657989501953,0.5529985427856445,,,0.4502194821834564,0.27869707345962524,0.19160984456539154,0.3226560652256012,0.3576227128505707,0.5403993725776672,,0.20167167484760284,0.17447879910469055,0.5390139818191528
20210805,0.30321821570396423,0.3908802568912506,0.6476202607154846,0.5726896524429321,,1.0371928215026855,,,,,0.33402225375175476,0.29204830527305603,,,,0.5609835982322693,,,0.15122665464878082,
20210806,0.27159610390663147,0.42564645409584045,0.4596306085586548,0.4473455846309662,0.1855887621641159,1.1325613260269165,0.5798137784004211,,,,,,0.2546660006046295,0.5906060934066772,0.5020993947982788,,,0.19909001886844635,,
20210807,0.2935013771057129,0.467846542596817,0.6196544170379639,,0.3139354884624481,0.8285244107246399,0.4150620102882385,0.33919915556907654,,2.2328193187713623,,0.6923196315765381,0.2101178616285324,0.3053419291973114,0.42586493492126465,0.4646405577659607,,0.3353964388370514,0.3645695745944977,0.4447418749332428
20210808,0.3349248170852661,0.6926429867744446,1.018223524093628,0.7329424619674683,0.6741586923599243,2.078843593597412,0.7897054553031921,1.049574375152588,1.7209782600402832,2.4963977336883545,0.7615935206413269,0.5998919606208801,0.3580002188682556,1.0464001893997192,0.6299206614494324,0.5445576310157776,,0.5462213158607483,0.27749595046043396,1.7291508913040161
20210809,0.3405582308769226,,,0.6921883821487427,0.5231626033782959,2.6028735637664795,0.7405155301094055,0.7787889242172241,2.3319613933563232,7.322782039642334,0.6838957667350769,1.0864773988723755,0.3462291359901428,0.9615989327430725,0.520827054977417,0.6664666533470154,,0.594554603099823,0.6871538758277893,0.40373843908309937
20210810,,,0.2775355279445648,0.2943681478500366,0.35255494713783264,1.9439456462860107,,0.28623753786087036,,,,,0.2575770616531372,0.5404646992683411,,,,,,2.6802003383636475
20210811,0.34965935349464417,0.5333786010742188,0.5563417673110962,0.49383601546287537,0.4731594920158386,1.520936131477356,0.6249759197235107,0.6927831172943115,1.5416120290756226,3.4059460163116455,0.6262427568435669,0.48553770780563354,0.38543233275413513,0.5939851999282837,0.5472709536552429,0.5601958632469177,,0.2537793219089508,,
20210812,0.2892199456691742,0.5475494861602783,0.8150583505630493,0.6543791890144348,0.3719961941242218,1.9013978242874146,0.6292656660079956,0.4871810972690582,1.296055555343628,,0.41972988843917847,0.3624301850795746,0.25622349977493286,0.34914687275886536,0.4718336760997772,0.5168300271034241,,0.29866886138916016,0.422391802072525,0.4616566300392151
20210813,0.28215670585632324,0.6597867012023926,0.6583739519119263,0.6143848299980164,0.4091184437274933,3.1758882999420166,0.669867753982544,0.6503599286079407,1.42610764503479,3.2071423530578613,0.6813091039657593,0.6707373857498169,0.28260788321495056,1.026515007019043,0.47761157155036926,0.5147810578346252,,0.44638100266456604,0.46491631865501404,2.419036865234375
20210814,0.28812146186828613,0.3829597532749176,0.37496984004974365,0.807016909122467,0.4014926850795746,2.9566452503204346,0.7074007987976074,0.7038902640342712,1.2093316316604614,6.383627891540527,0.6462091207504272,0.6901502013206482,0.31145402789115906,0.5650407671928406,0.5004698038101196,0.4774973690509796,,0.468340665102005,0.31814152002334595,0.769536554813385
20210815,0.2951646149158478,0.5989864468574524,0.6131641864776611,0.4927450120449066,0.4355565011501312,3.4347946643829346,0.5362330675125122,0.6471560597419739,3.010150909423828,9.980182647705078,0.6677581667900085,0.7463896870613098,0.31002727150917053,0.6937428712844849,0.43603867292404175,0.5093291401863098,,0.7835045456886292,0.16815036535263062,1.7719504833221436
20210816,0.26913097500801086,,0.10866887122392654,,,2.322842836380005,,0.7772995829582214,,,0.35880789160728455,,0.39499425888061523,0.8613487482070923,0.355449914932251,0.5119212865829468,,0.18708887696266174,0.2746163010597229,0.7618863582611084
20210817,0.27327749133110046,0.9418612122535706,0.822806179523468,0.11770202219486237,0.3979526460170746,2.167530059814453,0.5364058613777161,0.581999659538269,1.1738709211349487,,0.20160630345344543,0.48559725284576416,0.20134791731834412,0.27669262886047363,0.2257319688796997,0.3323533236980438,,0.525572657585144,,0.5256703495979309
20210818,0.2875906527042389,0.7595987915992737,0.8689835667610168,0.7015777230262756,0.5023871660232544,3.6561808586120605,0.6272139549255371,0.9594113230705261,2.211069107055664,9.07530403137207,0.6634809970855713,0.8518111109733582,0.20396414399147034,0.6481857299804688,0.5499307513237,0.4763611853122711,,0.2280426174402237,0.17657093703746796,
20210819,0.2797217071056366,,,,,2.056074380874634,0.965998113155365,0.4613679051399231,3.762031078338623,10.773076057434082,0.753750741481781,0.34470292925834656,,1.0645318031311035,0.50612473487854,0.8488311171531677,,0.6438291668891907,0.5506916046142578,1.448809266090393
20210820,0.171637162566185,0.16749219596385956,0.2675323188304901,0.534521222114563,0.40878379344940186,0.9567413330078125,0.5004777908325195,0.5298566818237305,2.7722954750061035,3.691878318786621,0.4211951792240143,0.5035556554794312,,0.3214218318462372,0.4015568196773529,0.47632527351379395,,0.34947237372398376,0.31753167510032654,1.8121551275253296
20210821,0.2730634808540344,0.7205924987792969,0.8121238946914673,0.3817191421985626,0.3132333755493164,2.8391764163970947,0.3542373776435852,0.3136857748031616,1.0906020402908325,3.580550193786621,0.24354179203510284,1.2218207120895386,0.2198946475982666,0.31185033917427063,0.3637455701828003,0.39942753314971924,,0.3676186501979828,0.4266136884689331,0.7295334339141846
20210822,0.26805591583251953,0.6320518255233765,0.5500317215919495,,0.3842909634113312,1.2359181642532349,0.328377902507782,0.31204116344451904,1.019575834274292,6.724218368530273,0.7215023636817932,,,0.4249499440193176,0.39326804876327515,0.366250604391098,,0.31474581360816956,0.5574893355369568,1.9575433731079102
20210823,0.4283069968223572,0.6070016622543335,0.6594492793083191,0.41064128279685974,0.3884793519973755,1.6137264966964722,0.5526158213615417,0.4632897973060608,2.0523617267608643,3.6536459922790527,0.5016544461250305,0.539354145526886,0.23314130306243896,0.6835948824882507,0.38425734639167786,0.38537487387657166,,0.3353061079978943,0.2789706289768219,0.5328324437141418
20210824,0.29261431097984314,0.5610080361366272,0.3736903965473175,0.40473344922065735,0.3486786186695099,1.2929807901382446,0.6398121118545532,0.4707850217819214,1.5823537111282349,3.144932270050049,0.6535561680793762,0.5339321494102478,0.1886240541934967,0.4216836988925934,0.4677702784538269,1.065245270729065,,0.3144444525241852,0.3435578942298889,0.7479760050773621
20210825,0.3597249984741211,0.6947552561759949,0.45491674542427063,0.2936282455921173,0.33625805377960205,0.874021589756012,0.43522676825523376,0.32410842180252075,1.383294939994812,2.1226627826690674,0.6002723574638367,0.2952702045440674,0.1582556664943695,0.40134397149086,0.5839040875434875,1.8207217454910278,,0.5784255266189575,,0.6262730956077576
20210826,0.4147302806377411,0.339543879032135,0.5565674901008606,0.32345137000083923,0.36930719017982483,1.0851720571517944,0.30685925483703613,0.43072786927223206,1.2928818464279175,,0.3395802080631256,0.2545589208602905,,0.4270590841770172,0.8400233387947083,0.4520208239555359,,,,
20210827,0.41143208742141724,0.7222033143043518,0.9832562804222107,0.41883939504623413,0.45468586683273315,1.5052906274795532,0.6810122132301331,0.5539201498031616,1.4086154699325562,2.4301602840423584,0.7090291976928711,0.5538281202316284,0.35969918966293335,0.6774961948394775,0.8687417507171631,0.5172334909439087,,0.4217568337917328,0.3334020674228668,
20210828,0.3537122309207916,0.7337513566017151,2.041435956954956,0.6895697712898254,,2.5046842098236084,,,,,,,,,0.48475930094718933,,,,0.4973483979701996,2.2627031803131104
20210829,,,,,,,,,,3.125004768371582,0.3870508670806885,0.7213950753211975,,,0.4539686143398285,0.49719497561454773,,0.3398151099681854,0.35983991622924805,0.5823959708213806
20210830,0.35338181257247925,0.7200349569320679,0.6772632598876953,0.5251936316490173,0.5369760394096375,3.640193223953247,0.6298351883888245,0.4525618851184845,3.1377692222595215,9.193195343017578,0.8980790972709656,0.9232624173164368,0.29611721634864807,0.7515966892242432,0.5466330647468567,0.8103756904602051,,1.1393986940383911,0.35952961444854736,1.386910080909729
20210831,0.31717100739479065,0.750838577747345,0.9986380934715271,,,3.1034200191497803,,,,,,,,,,,,,,
20210901,0.277026891708374,0.6832130551338196,0.5266100168228149,0.40800583362579346,0.28960832953453064,2.408892869949341,0.30127793550491333,0.4088499844074249,1.0344799757003784,2.842970371246338,0.5971015095710754,0.6828514337539673,0.28053298592567444,0.4210037589073181,0.43725356459617615,0.47500482201576233,,0.4874066412448883,0.355157732963562,0.5190898776054382
20210902,,,,,,,,,,,,,,,,,,0.6243944764137268,0.7253354787826538,2.2833101749420166
20210903,0.34155070781707764,0.6057125926017761,0.6177995204925537,0.4031669497489929,0.30019864439964294,0.9022719860076904,0.35876771807670593,0.3834229111671448,2.1734683513641357,4.038011074066162,0.38628941774368286,0.5097994804382324,0.2226353883743286,0.5079982280731201,0.3358733057975769,0.3106039762496948,,0.2940608859062195,0.30925172567367554,
20210904,0.29913491010665894,0.7313187718391418,0.7684547901153564,0.42780858278274536,0.4285134971141815,1.3058284521102905,0.38138478994369507,0.3372836410999298,1.490554928779602,3.31711483001709,0.5721111297607422,0.4152657687664032,0.21471306681632996,0.3279387652873993,0.39455947279930115,0.8024219274520874,,0.3828991651535034,0.430948942899704,0.6400200128555298
20210905,0.1375284492969513,,0.23357130587100983,0.3133004307746887,0.19213083386421204,1.2900317907333374,0.35813212394714355,0.298872172832489,,,0.39712440967559814,0.5114165544509888,0.1450546532869339,0.20582571625709534,0.2460334300994873,0.3403179943561554,,0.23918724060058594,0.2720046043395996,0.5518025159835815
20210906,0.296390175819397,0.7142510414123535,0.6442355513572693,0.3614756762981415,0.23493580520153046,0.8753933906555176,0.2725794315338135,0.298581063747406,,1.1539632081985474,0.22157761454582214,0.24407684803009033,0.14504879713058472,0.20051640272140503,0.4118857979774475,0.342509925365448,,0.4082872271537781,0.5254207253456116,1.010605812072754
20210907,0.30363786220550537,0.8111513257026672,0.5171184539794922,0.3673175871372223,0.2497411072254181,1.9234646558761597,0.6035583019256592,0.34815624356269836,1.7389140129089355,3.6083412170410156,0.4885483384132385,0.3859269320964813,,0.2672523558139801,0.47170960903167725,0.42395666241645813,,0.23836767673492432,0.205364391207695,
20210908,0.31122887134552,0.735710859298706,0.7907390594482422,0.4964359998703003,0.4846009314060211,2.3002829551696777,0.5533192753791809,0.5058389902114868,2.613463878631592,8.21248722076416,1.0052849054336548,0.5242452621459961,0.2744830846786499,0.8015874028205872,0.430241197347641,0.4592965245246887,,0.5191910862922668,0.5394552946090698,1.8951780796051025
20210909,0.29574137926101685,0.6744778156280518,0.7599616050720215,0.48176613450050354,0.43758097290992737,2.258552312850952,0.664569079875946,0.851560115814209,2.5401928424835205,6.284285545349121,0.7530193328857422,0.5668041706085205,0.27419087290763855,0.7875906825065613,0.33660346269607544,0.7521280646324158,,0.9588331580162048,0.8542760014533997,4.73123836517334
20210910,0.24613389372825623,0.6978211998939514,0.6660768985748291,0.44766712188720703,0.38416364789009094,2.5049874782562256,0.684644341468811,0.46955233812332153,2.1040828227996826,8.826789855957031,0.6543344259262085,0.5729818940162659,0.23529060184955597,0.9168723225593567,0.4012910723686218,1.1839370727539062,,,0.6515218615531921,
20210911,0.20699062943458557,0.21514996886253357,0.4525223970413208,0.1859990656375885,,2.584057331085205,0.35651853680610657,,,6.914020538330078,,,,,,,,0.25193071365356445,0.34057846665382385,0.5478983521461487
20210912,0.20066457986831665,0.302185982465744,0.30365195870399475,0.25906792283058167,0.2627427279949188,0.9169849753379822,0.3478708267211914,0.3763743042945862,,,0.7602518796920776,0.3243311643600464,0.2046603411436081,0.3155409097671509,,0.338303804397583,,0.127540722489357,0.15532362461090088,0.6794561147689819
20210913,0.28116869926452637,0.976316511631012,0.6385526061058044,0.31935346126556396,0.3399958908557892,1.482316017150879,0.39886894822120667,0.3945721983909607,1.7977404594421387,2.570681095123291,0.6828926205635071,0.3323290944099426,0.2565137445926666,0.4312504529953003,0.44113513827323914,0.6165465712547302,,0.8060900568962097,0.26676249504089355,1.1463526487350464
20210914,0.2925690710544586,0.2820810079574585,0.3720014989376068,0.4138740301132202,0.42892715334892273,2.002493381500244,0.543108344078064,0.3469923138618469,2.6692731380462646,4.655951023101807,,,0.19002403318881989,0.3176977336406708,0.3768230676651001,0.5829609632492065,,0.262460857629776,0.35391825437545776,2.1731929779052734
20210915,0.3258647918701172,0.7744254469871521,0.9208548069000244,0.8235180974006653,0.33242467045783997,1.9617791175842285,0.3901771903038025,0.4388549029827118,2.300058603286743,4.30523157119751,0.509554386138916,0.6737048625946045,0.28475046157836914,0.6259802579879761,0.4181290566921234,0.7620790004730225,,0.2282983958721161,0.34833666682243347,1.2970163822174072
20210916,0.35723206400871277,0.3251288831233978,,0.6033614873886108,0.29284539818763733,2.2027792930603027,0.5189093947410583,0.4461553692817688,2.293081760406494,7.633734703063965,0.563338577747345,0.41687843203544617,0.2875341773033142,0.5097123980522156,0.4267059564590454,0.5538885593414307,,0.5380905270576477,0.2960361838340759,1.0955935716629028
20210917,0.2843329906463623,0.6837373375892639,0.5973281264305115,0.23426344990730286,0.21269571781158447,0.8775485157966614,0.28366827964782715,0.3227834701538086,,5.37799072265625,,0.3992236256599426,0.2703073024749756,0.3937040865421295,0.43568751215934753,0.5474784970283508,,1.135593295097351,0.44295722246170044,0.6012309789657593
20210918,0.28951096534729004,0.9353351593017578,0.575945258140564,0.36228668689727783,0.2754001021385193,1.826987624168396,0.45151039958000183,0.3763588070869446,,2.373654842376709,0.38904109597206116,,0.22384808957576752,0.379846453666687,0.33319544792175293,0.5447360277175903,,0.4953921139240265,0.4016173481941223,0.4980953633785248
20210919,0.25174480676651,0.8756041526794434,0.8419575095176697,0.4009147882461548,0.49177297949790955,2.8014934062957764,0.5398074388504028,0.48921528458595276,2.030474901199341,4.508242130279541,1.090162754058838,0.43253442645072937,,,,,,,,
20210920,0.21825535595417023,,0.24067126214504242,0.20102354884147644,0.20972996950149536,1.5550761222839355,0.42759740352630615,0.18017327785491943,,,,,0.19411100447177887,0.36967968940734863,0.32091137766838074,,,0.33826810121536255,0.2631247043609619,
20210921,0.3117947280406952,0.3950950801372528,0.2986522614955902,,,1.3806084394454956,0.5237263441085815,,,,,,,,,,,0.2734837830066681,,
20210922,0.27373817563056946,0.6859452128410339,0.7019037008285522,0.3191375434398651,0.3260086178779602,1.192741870880127,0.23261599242687225,,,,,,,,,,,,0.47182798385620117,0.5547503232955933
20210923,0.23964807391166687,0.7138162851333618,0.49177080392837524,0.3991663455963135,0.40996846556663513,1.8846672773361206,0.5308613181114197,0.42625531554222107,2.3871400356292725,4.3273749351501465,0.8185173273086548,0.5266991853713989,0.30147096514701843,0.506848931312561,0.44215819239616394,0.6324648857116699,,1.5125174522399902,,1.7963544130325317
20210924,0.13885021209716797,0.23888054490089417,0.7202313542366028,0.264663428068161,0.3426379859447479,1.9331715106964111,0.45894598960876465,0.4688064754009247,3.197009563446045,2.473020553588867,0.5939584374427795,0.6437526345252991,0.16047224402427673,0.25662529468536377,0.3422187864780426,0.5725674033164978,,0.48249298334121704,0.2618511915206909,
20210925,0.24142982065677643,0.7516018748283386,0.6474162936210632,0.2735061049461365,0.2512454092502594,1.8895772695541382,0.41174158453941345,0.4669152796268463,1.3578355312347412,2.6356046199798584,0.7968799471855164,0.503677248954773,0.1920684576034546,0.3461925983428955,0.38946327567100525,0.8350005149841309,,0.40093228220939636,0.37621429562568665,0.5503712892532349
20210926,0.21864458918571472,0.2969534397125244,0.4239748418331146,0.2914024293422699,0.4240460693836212,2.2406575679779053,0.6344243884086609,0.4581332504749298,1.9456757307052612,4.316356658935547,0.717298150062561,0.7665998935699463,0.26815545558929443,0.5028345584869385,0.44203662872314453,0.7695677280426025,,0.4412165880203247,0.4289011061191559,1.5908818244934082
20210927,0.30953454971313477,0.32149702310562134,,,,,,,,5.534341812133789,0.6198168992996216,0.5726539492607117,,0.3400122821331024,0.3916519582271576,0.5079297423362732,,0.39458349347114563,0.37134069204330444,1.15622878074646
20210928,0.27288195490837097,0.7867117524147034,0.5768656730651855,0.5888830423355103,0.31125596165657043,0.36996030807495117,0.3575332760810852,0.42102766036987305,,,0.36184442043304443,,0.31673893332481384,0.5955200791358948,,,,,,0.45860716700553894
20210929,0.16332946717739105,0.35584384202957153,0.21556860208511353,0.2442806214094162,0.22652603685855865,2.4465696811676025,0.4129849076271057,0.2678225040435791,,,,,,0.2754260003566742,0.3610957860946655,0.4198383390903473,,,,
20210930,0.16416047513484955,0.5897737741470337,0.465470552444458,0.23727193474769592,,1.4939615726470947,0.10820397734642029,,,,,,,,,,,,,
20211001,0.17189398407936096,0.3248084783554077,0.5331104397773743,0.27743199467658997,,0.9283050894737244,0.43432164192199707,,,2.6748030185699463,0.2449071705341339,,,,0.331072598695755,,,,,1.5651847124099731
20211002,0.3002883195877075,0.22059790790081024,0.4242791533470154,,0.26855555176734924,2.4479470252990723,0.5620244145393372,0.48390093445777893,1.9972434043884277,4.646843910217285,0.4963935315608978,0.7269198298454285,0.3591980040073395,0.5353376865386963,0.4757355749607086,0.45086270570755005,,0.1607431322336197,0.2393467128276825,1.2840837240219116
20211004,0.28282836079597473,0.5298256874084473,0.6253910660743713,,0.2518230974674225,1.0777052640914917,0.3013799488544464,0.36101633310317993,,,0.4705069959163666,0.6043713092803955,0.28334352374076843,0.4623509347438812,0.4689334034919739,,,,,
20211005,0.277989000082016,0.726302981376648,0.8595054745674133,0.6761490702629089,0.49971210956573486,1.8533810377120972,0.5596559643745422,0.49683094024658203,2.411910057067871,4.045568466186523,0.8349543809890747,0.9522300958633423,0.36678028106689453,0.641005277633667,0.4204213321208954,0.6256601214408875,,0.39267903566360474,0.2862445116043091,0.4511765241622925
20211006,,,,,,2.3136937618255615,,,,,,,,,,,,,,
20211007,0.22895753383636475,0.7306141257286072,0.4500722587108612,0.3348606526851654,0.34582528471946716,1.1798007488250732,0.5524453520774841,0.34237968921661377,1.9131461381912231,3.3934671878814697,0.46540433168411255,0.9461265802383423,0.2617570161819458,0.31427013874053955,0.39927762746810913,0.5334737300872803,,0.5267148017883301,0.3250274658203125,
20211008,0.24327297508716583,0.6562595963478088,0.49203911423683167,0.2999388873577118,0.2787255644798279,1.876871109008789,0.5645542740821838,0.23930594325065613,,,0.3600705862045288,0.7464596629142761,0.29845476150512695,0.2717653512954712,,,,0.3859391212463379,0.23524653911590576,0.65372633934021
20211009,,,,0.2340996414422989,0.2433537393808365,,,,,,,,0.290255069732666,0.2664898633956909,,,,0.29228484630584717,0.25245586037635803,
20211010,0.2137032151222229,0.5748485922813416,0.47714492678642273,0.40960419178009033,0.3258732259273529,1.5838024616241455,0.5234343409538269,0.306553453207016,1.9582726955413818,3.002714157104492,0.6479178071022034,0.7498133182525635,0.23296809196472168,0.31873178482055664,0.3613681495189667,0.4941960871219635,,0.48465317487716675,0.25496044754981995,1.2483173608779907
20211011,0.3085499107837677,0.7214868068695068,0.6280865669250488,0.7095767855644226,0.430565744638443,1.9023438692092896,0.6419610977172852,0.4832133650779724,2.026750087738037,3.723698139190674,0.7612881660461426,0.707689106464386,0.2737165093421936,0.3173755407333374,0.5418421626091003,0.7126104235649109,,0.45227959752082825,0.30941933393478394,0.8083466291427612
20211012,0.31016650795936584,0.29012271761894226,0.2774636745452881,0.32109367847442627,0.4551531672477722,,,,,3.4292075634002686,0.37271103262901306,0.7805511355400085,,,0.7856702208518982,0.7407509088516235,,0.5114661455154419,0.4213467240333557,0.794584333896637
20211013,0.30630528926849365,,0.2223462611436844,,0.12298864126205444,0.7697355151176453,0.2965942323207855,0.12289004027843475,,1.4237568378448486,0.283068984746933,0.6987348198890686,0.17972740530967712,0.4564245939254761,0.26423290371894836,0.37582895159721375,,0.24393954873085022,0.22546955943107605,
20211014,0.3314596712589264,0.5433787703514099,0.49513161182403564,0.26517465710639954,0.328337699174881,1.2105902433395386,0.32668834924697876,0.3488400876522064,1.6205719709396362,2.3570950031280518,0.723294198513031,0.5342016816139221,,0.22836749255657196,,0.4764097034931183,,,0.25103551149368286,0.808923602104187
20211015,0.2810274660587311,0.43250998854637146,0.2614341676235199,,0.23910105228424072,1.8590044975280762,0.3894135057926178,0.30752530694007874,,,0.2646167576313019,0.39740774035453796,0.22149695456027985,,,,,,,
20211016,0.18406006693840027,0.5894187688827515,0.7333261370658875,0.442764014005661,0.4103808104991913,1.7849146127700806,0.2772955298423767,,,2.847296714782715,,,,0.1397470086812973,0.14859814941883087,0.3983384966850281,,0.21685738861560822,0.1757105439901352,0.8613106608390808
20211017,0.16688849031925201,0.6379756331443787,0.29298362135887146,1.0101755857467651,0.477456659078598,1.5742874145507812,1.1070811748504639,0.621382474899292,2.401074171066284,6.653572082519531,0.39288657903671265,0.46345633268356323,0.273398756980896,0.6022503972053528,0.26140296459198,0.46671566367149353,,0.6312656998634338,0.21325460076332092,
20211018,0.1852979063987732,0.6882836818695068,0.39957529306411743,0.44950252771377563,0.26648181676864624,1.228034257888794,0.2697323262691498,0.35561856627464294,,,0.6165063381195068,0.39556020498275757,0.2434198409318924,0.507272481918335,0.36844292283058167,0.5072330832481384,,0.4288776218891144,0.3156045973300934,
20211019,,,0.3024902641773224,0.3535820543766022,0.3428899645805359,1.5982153415679932,0.42824700474739075,0.3827584981918335,2.1654791831970215,4.174651622772217,0.6050230860710144,0.5413678288459778,0.2796057462692261,0.3511830270290375,0.43997788429260254,0.4698105454444885,,0.3817968964576721,0.36156055331230164,0.5516517162322998
20211020,0.18123619258403778,,,,,,,,,,,,,,,,,,,2.6610608100891113
20211021,0.20094576478004456,0.6821917295455933,0.6743894815444946,0.49405696988105774,0.38891223073005676,2.206345558166504,0.7279450297355652,0.5154994130134583,2.919456958770752,6.4348626136779785,0.6907723546028137,0.6230997443199158,0.2557598054409027,0.6988295316696167,0.3613581955432892,0.4100382924079895,,0.4887385666370392,0.5017905235290527,
20211022,,,,,,,0.19277197122573853,,,,,,,,0.3932175040245056,0.663862407207489,,,,
20211023,0.11903201043605804,0.6981775760650635,0.20842228829860687,0.2336326241493225,0.30057448148727417,,,,,,,,0.19371525943279266,,,,,,,0.22956594824790955
20211024,0.15284954011440277,0.5598706603050232,0.39928871393203735,0.26124995946884155,0.2667829096317291,1.5933808088302612,0.28989869356155396,0.22974534332752228,1.5222240686416626,1.3590242862701416,0.6333945393562317,0.3293765187263489,0.19676050543785095,0.22354495525360107,0.3744087815284729,0.3607918918132782,,0.3218729794025421,0.2525418996810913,
20211025,0.1752995103597641,0.6657364964485168,0.41106122732162476,0.37338313460350037,0.3675177991390228,1.639878749847412,0.6306878924369812,0.43547943234443665,2.469442367553711,3.4751689434051514,0.9343864321708679,0.6100586652755737,0.2397918850183487,0.4476168155670166,0.4598409831523895,0.45121872425079346,,0.3368135392665863,0.21364519000053406,0.686212420463562
20211026,0.28153520822525024,0.7474677562713623,0.7131267786026001,0.5416151285171509,0.4138799011707306,1.7485682964324951,0.6074268817901611,0.4388725459575653,2.3843019008636475,3.9491350650787354,0.8699203729629517,0.5851143002510071,0.2226475328207016,0.47070077061653137,0.4281151592731476,0.3886104226112366,,0.3571288287639618,0.587295413017273,1.4152477979660034
20211027,,,,,,2.4861209392547607,0.5261249542236328,1.0641472339630127,3.0155675411224365,5.203083038330078,0.8609367609024048,0.6270483136177063,,0.7016621232032776,0.399524450302124,0.22439426183700562,,,,0.5390605330467224
20211028,0.1566319316625595,,,,,,,,,,,,,,,,,,,
20211029,0.2183966487646103,0.2570762038230896,0.21222160756587982,0.20412713289260864,0.24549947679042816,0.7916873097419739,0.33572569489479065,0.21056905388832092,1.5560238361358643,1.8933284282684326,0.4766123592853546,0.3358878791332245,0.16980908811092377,,0.1648968756198883,0.21500273048877716,,0.3026238679885864,,
20211030,0.2052299529314041,0.6557670831680298,0.4944551885128021,0.25672125816345215,0.26286184787750244,1.4123400449752808,0.31775885820388794,0.2708435356616974,,1.818247675895691,0.44669583439826965,0.45670759677886963,0.21000632643699646,0.23138350248336792,0.24688678979873657,0.29901397228240967,,0.24654461443424225,0.2832188904285431,0.4168391823768616
20211031,0.21611937880516052,0.7186538577079773,0.5864728689193726,0.4905981719493866,0.39384278655052185,,0.24701432883739471,0.41777503490448,,,0.7299801111221313,0.3830890953540802,0.21058206260204315,0.5178866386413574,0.41769105195999146,0.3536413013935089,,0.36827579140663147,0.40093687176704407,1.3292196989059448
20211101,,0.18698650598526,0.21375489234924316,0.5475855469703674,0.40388569235801697,1.2448740005493164,0.5623461604118347,0.503692090511322,3.0902719497680664,5.167733669281006,0.7885631918907166,0.549558162689209,0.20899158716201782,0.636932909488678,0.3437720537185669,0.5015882253646851,,0.3820168077945709,0.3831287622451782,1.3756635189056396
20211102,0.13965468108654022,,,,,,,,,,,,,,,,,,0.3876205086708069,1.0275686979293823
20211103,0.16410228610038757,0.520969808101654,0.39862552285194397,0.20476584136486053,0.24656441807746887,,0.2158130258321762,0.2557508647441864,,,,,0.1737160086631775,0.9665423035621643,,,,,,
20211104,0.17477695643901825,0.6457244753837585,0.3670584261417389,0.25783780217170715,0.3296244740486145,1.2842369079589844,0.31610265374183655,0.3902425467967987,1.836413025856018,3.770587205886841,0.48787829279899597,0.3773043155670166,0.18227355182170868,0.4576917290687561,0.329998642206192,0.28386709094047546,,0.3053619861602783,0.2882264256477356,0.33700239658355713
20211105,0.19669368863105774,0.14185312390327454,,,,1.3417327404022217,0.20480430126190186,,1.5489634275436401,2.607503652572632,0.7906412482261658,,,,0.1729147732257843,0.28141629695892334,,0.31293776631355286,0.2895507514476776,1.3887643814086914
20211106,,,,,0.1330333948135376,1.0373849868774414,0.4215144217014313,0.16255974769592285,,,,,0.08782985061407089,,,,,,,
20211107,0.11098960787057877,,,,,,,,,2.277477502822876,,0.7737352252006531,,,,0.4181026518344879,,0.32225847244262695,0.26698052883148193,0.17664630711078644
20211108,,,0.21013303101062775,0.22636477649211884,0.3024073541164398,0.5208126902580261,0.26028770208358765,0.27873027324676514,,,0.2491656243801117,,0.1522471010684967,0.20777232944965363,0.20072707533836365,,,,0.2901635468006134,0.3582425117492676
20211109,,,,,,,,,,,,,,,,,,,,0.5200707316398621
20211110,,,,0.3942693769931793,0.32418447732925415,,0.3542724549770355,0.34570518136024475,,,0.3175073564052582,0.2617802321910858,0.18677712976932526,0.377447247505188,0.23814062774181366,0.333271861076355,,0.2963170111179352,0.19031916558742523,0.18497468531131744
20211111,,,,,,,,,,,,,,,,,,,,0.18349288403987885
20211112,,,,,,2.2933146953582764,,,,,,,,,,,,,,
20211113,0.16520145535469055,,,,,,,,,,,,,,,,,,0.37995654344558716,0.2793640196323395
20211114,0.17228803038597107,,,,,,,,,,,,,,,,,,,
20211115,0.22296836972236633,0.22562487423419952,0.19049635529518127,0.16916730999946594,0.15143373608589172,0.6307674050331116,0.3495793342590332,0.18341676890850067,,,,,0.13936030864715576,0.2273024469614029,,,,0.2942487299442291,0.25690799951553345,
20211116,0.24286209046840668,0.7507364749908447,0.6138413548469543,0.46517297625541687,0.430243581533432,1.5329569578170776,0.43021103739738464,0.3652323782444,2.0869743824005127,2.6127309799194336,0.569631040096283,0.4672980010509491,0.234652578830719,0.6572309136390686,0.40731167793273926,,,0.3420652449131012,,
20211117,,,,0.31275662779808044,0.27859431505203247,,0.5427557826042175,0.4911312460899353,1.7770001888275146,1.7771228551864624,0.8292472958564758,0.3028029799461365,0.23092013597488403,0.21793657541275024,0.3260602653026581,0.3789931535720825,,0.5786734819412231,0.3215809464454651,0.7212364077568054
20211118,,,,,,,,,,,,,,,,,,,0.5114479660987854,0.6021181344985962
20211119,,,,,,,,,,,,,,,,,,,,
20211120,0.19281481206417084,0.23301997780799866,0.21905413269996643,0.2525773048400879,0.30521005392074585,0.5083392262458801,0.2746383249759674,0.31656455993652344,,,0.1574813276529312,,0.18046823143959045,0.2675741910934448,0.3545779287815094,0.45425379276275635,,0.24546051025390625,0.2508012652397156,
20211121,0.23466724157333374,0.6801698803901672,0.4365929663181305,0.453488290309906,0.3957942724227905,1.6146000623703003,0.44586381316185,0.3851943910121918,2.2375011444091797,1.9639545679092407,0.544177770614624,0.4430840015411377,0.2318638265132904,0.18683701753616333,0.5467986464500427,0.4580913782119751,,0.3782236874103546,0.2949676811695099,0.4262928068637848
20211122,,,,,,1.6136630773544312,1.1199191808700562,0.3151044249534607,2.5973970890045166,2.676941156387329,0.3994786739349365,0.4638461470603943,,,,0.438864141702652,,0.4149504601955414,,
20211123,,,,,,,,,,,,,,,,,,,,
20211124,,0.9600402116775513,,,,,,,,,,,,,,,,,,0.5179725885391235
20211125,,,,0.09763647615909576,0.14930804073810577,,0.3436216413974762,0.3409167230129242,,,,,0.12513108551502228,,,,,,,
20211126,0.17871898412704468,0.726786196231842,0.3444695472717285,0.26700088381767273,,,,,,,,,,,,0.45002737641334534,,0.370877206325531,,
20211127,0.28808125853538513,0.8298107385635376,0.527410089969635,0.3333643674850464,0.4044669568538666,1.841037392616272,0.444670706987381,0.4486970603466034,2.376494884490967,2.421482801437378,0.7383294105529785,0.4086962342262268,0.22425459325313568,0.3898175358772278,0.7052456140518188,0.4237300157546997,,0.39959800243377686,0.3732887804508209,0.3854711651802063
20211128,,,,,0.40941426157951355,2.020982265472412,0.4660266041755676,0.4263288974761963,2.2625792026519775,3.090031862258911,0.6228582262992859,0.46110862493515015,0.27852964401245117,0.8870962858200073,0.715184211730957,0.4548737704753876,,0.42563241720199585,0.3578454852104187,0.8899794816970825
20211129,0.21932193636894226,0.7247814536094666,0.30038532614707947,0.4296465516090393,,0.6619414687156677,0.4289047420024872,,,,,,0.3639199435710907,,,,,,0.3691868484020233,0.828393816947937
20211130,0.24343617260456085,,,,,1.4836808443069458,0.6810802221298218,0.35229167342185974,1.4185922145843506,2.374958038330078,0.3316115140914917,0.2835366427898407,0.16996730864048004,,0.6701685190200806,0.27641063928604126,,0.509940505027771,0.2816827595233917,1.5166611671447754
20211201,0.21105635166168213,0.14518317580223083,0.29208970069885254,0.32555297017097473,0.35255229473114014,1.6127560138702393,0.2514747083187103,0.3680996596813202,1.7618792057037354,4.4004364013671875,0.49817225337028503,0.30227142572402954,0.259400874376297,0.4595673680305481,0.20766344666481018,0.22811512649059296,,0.4668029248714447,0.31760478019714355,0.22869668900966644
20211202,0.15073218941688538,0.14013680815696716,0.4591168761253357,0.4225832223892212,0.34379902482032776,1.8952457904815674,0.35099175572395325,0.3698633015155792,1.860042691230774,2.477543830871582,0.4246253967285156,0.322112500667572,0.22252608835697174,0.5576655268669128,,,,0.15893609821796417,0.12401565909385681,
20211203,,,,,0.2039724588394165,0.5922858715057373,,0.25929272174835205,,,0.18701502680778503,,0.20330661535263062,0.5147367119789124,0.25570303201675415,0.23093169927597046,,0.2638740837574005,0.23591290414333344,0.5585979223251343
20211204,,,,,,,,,,,,,,,,,,,0.16412319242954254,0.16024531424045563
20211205,0.29310640692710876,,,0.18541760742664337,,,,,,,,,,,,,,0.12637564539909363,,
20211206,0.2547056972980499,0.5143675208091736,0.37060171365737915,0.29278409481048584,0.37799638509750366,1.2508691549301147,0.31961682438850403,0.40547946095466614,1.5674444437026978,1.7066401243209839,0.4303171634674072,0.3637322187423706,0.18196792900562286,0.2815604507923126,0.3941255211830139,0.25063803791999817,,0.36842045187950134,0.19366997480392456,0.2516077756881714
20211207,0.2471056431531906,0.5727767944335938,0.41225436329841614,0.27458101511001587,0.21648932993412018,1.7172800302505493,0.4052175283432007,0.19552218914031982,,,,,0.15572752058506012,,,0.18909050524234772,,0.19023507833480835,0.1444707065820694,0.1813971996307373
20211208,,,0.38873517513275146,0.49421456456184387,0.33614519238471985,1.9204708337783813,0.3575461804866791,0.25428828597068787,2.292818546295166,2.074727773666382,0.22850261628627777,0.2738672196865082,0.23130305111408234,0.22217506170272827,0.18908876180648804,0.23355910181999207,,0.3126303255558014,0.13768775761127472,0.2828464210033417
20211209,,,,,,,,,,,,,,,,,,0.3591601550579071,0.17055515944957733,0.5283884406089783
20211210,0.3652727007865906,0.6360740065574646,0.40072593092918396,0.47172147035598755,0.2704176902770996,,,,,,,,,,,,,,,
20211211,0.3308480381965637,0.3973723351955414,0.4721561670303345,0.442052960395813,,2.2253098487854004,0.19637055695056915,,2.4113430976867676,3.2869856357574463,0.28527867794036865,0.3982528746128082,0.3462713956832886,0.35414937138557434,0.42632895708084106,0.3381936550140381,,0.30719003081321716,0.31259170174598694,
20211212,0.25190746784210205,,0.23143458366394043,0.36831724643707275,0.3154180347919464,2.3946428298950195,,,,2.2990100383758545,0.22332777082920074,0.3776084780693054,0.15216976404190063,0.2606392800807953,0.4283534586429596,0.2799508273601532,,0.3257276713848114,0.2612157464027405,0.7252340912818909
20211213,0.2895188629627228,0.49563875794410706,0.3309538960456848,0.4888748228549957,0.33003124594688416,,,0.29452943801879883,,,,,0.2495417445898056,,,,,,,
20211214,,,,,,2.178373098373413,0.8111426830291748,0.5710464715957642,2.1853997707366943,4.259142875671387,0.3383101522922516,0.4548300504684448,,0.5328355431556702,0.39377298951148987,0.233814999461174,,0.4211024343967438,0.2659415602684021,1.259433388710022
20211215,0.2512035071849823,0.2794504761695862,,,,,,,,,,,,,,,,,,0.14513255655765533
20211216,0.22783242166042328,0.21830607950687408,0.2942447364330292,0.31223931908607483,0.2768467664718628,1.4226291179656982,0.3820776343345642,0.3978247046470642,2.0505456924438477,5.14034366607666,0.3958362638950348,0.3821778893470764,0.22944246232509613,0.3377310633659363,0.3575001060962677,0.2314877212047577,,0.40984001755714417,0.14791181683540344,
20211217,0.37117546796798706,,,,,,,,,,,,,,,,,,,0.7725246548652649
20211218,0.2323216199874878,0.643245279788971,0.5364091992378235,0.4478458762168884,0.3902990221977234,1.7158257961273193,0.37216103076934814,0.4376760721206665,2.444810628890991,3.433431386947632,0.5874205231666565,0.3519754409790039,0.2116844654083252,0.45931515097618103,0.2690410912036896,0.22366324067115784,,0.2493654191493988,0.18745842576026917,1.4186986684799194
20211219,,,,,,1.329055905342102,0.3577347695827484,,,,,0.4593924582004547,,,0.28089261054992676,0.14318189024925232,,0.2206445187330246,0.1417083442211151,0.3022567331790924
20211220,0.20394539833068848,0.21995191276073456,,,,,,,,,,,,,,,,,,0.7781468629837036
20211221,0.1897539496421814,0.9719372987747192,0.42406296730041504,0.3865728974342346,0.2993256747722626,0.6959090232849121,0.2616519331932068,0.3284909129142761,,,0.8623365163803101,0.2565794289112091,0.2286979705095291,0.23198553919792175,,,,,,
20211222,0.15678267180919647,,0.15914636850357056,0.5044301748275757,0.4179757535457611,1.8460230827331543,0.3435402810573578,0.4099506735801697,2.3907508850097656,3.7143259048461914,0.4449569880962372,0.374822199344635,0.22335347533226013,0.4922636151313782,0.5095005035400391,0.21420438587665558,,0.3793186545372009,0.17162780463695526,0.296758770942688
20211223,0.19513395428657532,0.6201502084732056,0.5158354043960571,0.5073736310005188,0.3654455542564392,1.5675140619277954,0.403280645608902,0.45009034872055054,2.142199993133545,2.111564874649048,0.5695391297340393,0.40902698040008545,0.22573044896125793,0.3185648024082184,0.36261430382728577,0.36140677332878113,,0.34694424271583557,0.23576746881008148,0.6285984516143799
20211224,,,,0.16423819959163666,0.43152564764022827,1.9526820182800293,0.306139200925827,0.2617757320404053,2.163905382156372,2.7547366619110107,0.5454298853874207,0.2152293622493744,0.19246603548526764,,,0.0960860624909401,,,0.20202098786830902,0.8206482529640198
20211225,,,,,,,,,,,,,,,,,,0.14710518717765808,0.09797277301549911,1.2525593042373657
20211226,0.3569566607475281,0.309058278799057,,,,,,,,,,,,,,,,,,
20211227,0.36557525396347046,0.602179765701294,0.4568847715854645,0.3952855169773102,0.34963810443878174,1.6691325902938843,0.4523410201072693,0.35569727420806885,2.376008987426758,2.6215333938598633,0.23862330615520477,0.36501622200012207,,,0.36259007453918457,0.34400585293769836,,,,
20211228,0.3376593589782715,0.7007020115852356,0.5249848961830139,0.39613839983940125,0.524897038936615,1.7404229640960693,0.4290115237236023,0.4550181031227112,2.448343515396118,2.288679599761963,0.4015880525112152,0.3385387659072876,0.29075199365615845,0.37929442524909973,0.5676467418670654,0.4422352910041809,,0.3918992280960083,0.23654642701148987,0.7493509650230408
20211229,,0.9256725907325745,0.6935797333717346,0.5072744488716125,0.4443431794643402,1.2086824178695679,0.38341572880744934,0.4478375315666199,1.9926530122756958,2.600282669067383,0.4857408106327057,0.30494919419288635,0.2962714433670044,0.5764207243919373,0.4994058609008789,0.47679251432418823,,0.36312174797058105,0.2223026007413864,0.7826008796691895
20211230,,,,,,1.8685674667358398,0.5998888611793518,0.5529534816741943,1.6494313478469849,2.9569427967071533,0.6166179180145264,0.4468909204006195,,0.7414078712463379,0.46279630064964294,0.4754895865917206,,0.36449792981147766,0.20459558069705963,0.7383291721343994
20211231,,,,0.278715044260025,0.23594704270362854,,,0.21517996490001678,,,,,,,,,,,,0.6323927640914917
20220101,0.23642879724502563,0.2357950359582901,0.1373082846403122,0.11458773165941238,,,,,,,,,0.1765476018190384,,,,,0.09382201731204987,,
20220102,0.17891405522823334,0.5559244751930237,0.3521440923213959,0.2826060354709625,0.4028533399105072,1.9125101566314697,0.29217398166656494,0.3935477137565613,2.5444252490997314,3.3274290561676025,0.5182431936264038,0.33262398838996887,0.23518012464046478,0.25161075592041016,0.1472664624452591,0.2075725793838501,,0.4188314974308014,0.14136375486850739,0.6532829403877258
20220103,0.24738453328609467,0.742967963218689,0.619788646697998,0.32910603284835815,0.35153669118881226,1.5979716777801514,0.41612163186073303,0.4091750681400299,2.1078274250030518,2.385787010192871,0.5576842427253723,0.43667182326316833,0.17646436393260956,0.16192752122879028,0.20431247353553772,0.26101863384246826,,0.41671496629714966,0.2336081862449646,0.9257026314735413
20220104,,,,,,2.1187338829040527,0.570497453212738,0.48256316781044006,2.094064950942993,1.1984483003616333,0.34555456042289734,0.434382826089859,,,0.20763550698757172,0.2745971083641052,,0.34517940878868103,,
20220105,0.190105602145195,,,,,,,,,,,,,,,,,,,1.6751177310943604
20220106,0.20885469019412994,0.6611407995223999,0.15257056057453156,,,,,,,,,,,,,,,0.3847483694553375,,
20220107,0.20351587235927582,0.8797352910041809,,,,0.7730876803398132,0.18454594910144806,,,,,,,,,,,,,
20220108,0.23652753233909607,0.7621625065803528,0.6199302077293396,0.29113703966140747,0.2744238078594208,1.328331708908081,0.3399171233177185,0.20173536241054535,2.119804620742798,1.649728775024414,0.3768548369407654,0.2659016251564026,0.20002931356430054,,0.14144422113895416,0.3665894567966461,,0.4746911823749542,,
20220109,,0.5742892622947693,0.7195241451263428,0.5152673125267029,0.41972029209136963,1.800399899482727,0.4337417483329773,0.45658379793167114,2.598836660385132,2.892404079437256,0.589567244052887,0.5294502377510071,0.2672974467277527,0.5631803274154663,0.46896880865097046,0.3855295777320862,,0.49450090527534485,0.4152049720287323,1.2316161394119263
20220110,,,,,,,,,,,,,,,,,,0.34579193592071533,0.15671667456626892,1.0909720659255981
20220111,,,0.6732471585273743,0.2846843898296356,0.40393251180648804,1.9038468599319458,0.27735424041748047,0.6757992506027222,,,0.4910178780555725,,0.21645349264144897,0.262839138507843,,,,,,
20220112,0.17384769022464752,,,,0.2220507115125656,1.1906781196594238,0.20608794689178467,0.27197372913360596,,,,,0.2097981572151184,0.18394988775253296,0.2976735830307007,0.2022400200366974,,,,
20220113,,,,,,,,,,,,,,,,,,,,2.4385645389556885
20220114,0.2545335292816162,0.8764117956161499,1.09891676902771,0.22537189722061157,0.5788173675537109,1.753714680671692,0.4356871545314789,0.49232029914855957,2.2412445545196533,3.6588306427001953,0.5119763612747192,0.26342806220054626,0.15050740540027618,0.28069868683815,0.15494339168071747,0.2997404932975769,,0.22236861288547516,0.36778682470321655,0.41109350323677063
20220115,,,,,,3.1363027095794678,,,3.226865530014038,4.056753635406494,0.19365623593330383,0.485506534576416,,0.2864011526107788,0.259488582611084,0.30281227827072144,,0.36077648401260376,0.11741667985916138,0.5193253755569458
20220116,,,,,,,,,,,,,,,,,,,,0.9065224528312683
20220117,0.16417783498764038,,,,,,,,,,,,0.10952296108007431,0.12023436278104782,,,,0.2663385570049286,,
20220118,0.20721332728862762,0.18463298678398132,0.2357788234949112,0.20492783188819885,0.15143638849258423,,,,,,,,,,0.13045133650302887,0.1798211634159088,,0.1980651170015335,,0.22808121144771576
20220119,0.27611708641052246,0.706598162651062,0.6467872858047485,0.4336952567100525,0.517616868019104,1.849564552307129,0.5156753659248352,0.48760777711868286,2.3633530139923096,2.3565566539764404,0.5630207657814026,0.437288373708725,0.21560028195381165,0.36991697549819946,0.4347662925720215,0.33888524770736694,,0.38216373324394226,0.2287406474351883,0.6897268891334534
20220120,,,,,,1.6122245788574219,0.36514151096343994,0.5867244005203247,2.6206555366516113,3.548494338989258,0.6609259247779846,0.5720590353012085,,0.41660743951797485,0.46225738525390625,0.2698376178741455,,0.39153221249580383,0.268318772315979,0.8400754332542419
20220121,0.18656326830387115,0.4619654715061188,,,,,,,,,,,,,,,,,0.40450525283813477,0.8971449732780457
20220122,0.2590002715587616,0.25684046745300293,0.1954621523618698,0.18106156587600708,,,,,,,,,,,,,,0.31145432591438293,,
20220123,0.11741665750741959,0.15603570640087128,0.6376498341560364,,,,,,,,,,,,,,,,,0.7758247256278992
20220124,0.14163893461227417,0.8365888595581055,0.4096110761165619,0.4232245087623596,,0.9097321033477783,0.2527766823768616,0.31861746311187744,,,0.32977068424224854,,0.15828193724155426,0.6603221893310547,0.14748139679431915,,,,0.13326440751552582,0.6359071731567383
20220125,,,0.19733604788780212,0.3287017047405243,0.3613760769367218,1.935175895690918,0.27186310291290283,0.17507679760456085,1.6991981267929077,,0.452065646648407,0.3335120379924774,0.24600394070148468,0.3808053135871887,0.20256133377552032,0.1690123826265335,,0.44018927216529846,0.2600557506084442,0.8044594526290894
20220126,0.14459319412708282,,,,,4.902016639709473,,,,,,,,,0.26869118213653564,0.3140632212162018,,,0.31689703464508057,0.7046617865562439
20220127,0.1462441086769104,0.3032912015914917,0.5666248798370361,0.35962313413619995,0.3979138731956482,2.0082592964172363,0.23491564393043518,0.40966710448265076,,,,,0.24672214686870575,0.6187741160392761,0.19664567708969116,,,,0.265762060880661,
20220128,0.15342013537883759,0.29532575607299805,0.3409267067909241,0.4113360047340393,0.17612998187541962,0.9011210203170776,0.36326882243156433,0.28802838921546936,1.9910935163497925,3.4701976776123047,0.4867594540119171,0.3553042411804199,0.14669327437877655,0.2561046779155731,0.28587833046913147,0.1515026092529297,,0.3604566752910614,0.1400633603334427,
20220129,0.19830913841724396,0.7299740314483643,0.4276562035083771,0.21849489212036133,0.3904365599155426,1.9227253198623657,0.37299320101737976,0.1369885355234146,2.31654953956604,3.530726671218872,0.542413055896759,0.377187579870224,,0.11299304664134979,0.16367024183273315,0.23124559223651886,,0.3766025900840759,,
20220130,,0.9578577280044556,0.662467896938324,0.6261206865310669,0.5092505812644958,1.894808053970337,0.4551895260810852,0.4606998562812805,2.5121171474456787,3.259476661682129,0.5848245024681091,0.6446858048439026,0.23457349836826324,0.47662776708602905,0.3821520507335663,0.29093068838119507,,0.471866250038147,0.14915956556797028,0.5527393817901611
20220131,,,,,,1.875095248222351,0.7765924334526062,0.5580880641937256,2.5071632862091064,3.5973379611968994,0.6337306499481201,0.5980299115180969,0.23098932206630707,0.6087552905082703,0.40019503235816956,0.29977259039878845,,0.2296316772699356,0.22283069789409637,0.909354031085968
20220201,0.09877988696098328,,,,,,,,,,,,,,,,,,,0.8463661074638367
20220202,0.29750990867614746,0.267318457365036,0.30335694551467896,0.28426212072372437,0.4185011386871338,3.111349105834961,0.4411097764968872,0.3104483187198639,3.1976890563964844,3.1037189960479736,,0.7561161518096924,,0.08413029462099075,0.25873908400535583,0.28481990098953247,,0.4015597403049469,0.19680900871753693,
20220203,0.30684295296669006,0.7162046432495117,0.4906618893146515,0.36156782507896423,0.35473984479904175,2.455099105834961,0.4981394112110138,0.39609095454216003,3.5975351333618164,2.9802935123443604,0.27241551876068115,0.6305422782897949,0.21979229152202606,,,0.26088783144950867,,,,
20220204,0.3513035774230957,0.7591691017150879,0.6775227189064026,0.5823001265525818,0.6853083968162537,2.9081244468688965,0.6025261282920837,0.7710368037223816,3.02177095413208,2.646638870239258,0.614301860332489,0.5562315583229065,0.33217740058898926,0.4513346552848816,0.4592689275741577,0.31332623958587646,,0.44115838408470154,0.2605695426464081,0.8360583782196045
20220205,,,,,0.5786235332489014,2.5136845111846924,0.5535643100738525,0.40586546063423157,3.3167173862457275,2.739555597305298,0.6678357720375061,0.4849996268749237,0.29602885246276855,0.2746548056602478,0.49601370096206665,0.27679869532585144,,0.38184481859207153,0.22134198248386383,0.7286126017570496
20220206,0.274292916059494,0.5887953042984009,0.3394451439380646,0.2902853488922119,,,,,,,,,,,,,,,0.4392942786216736,0.8714224696159363
20220207,0.28775110840797424,0.9203930497169495,0.4673489034175873,0.2549368739128113,0.37397757172584534,1.3829001188278198,0.3462028205394745,0.35699930787086487,2.3072025775909424,,0.5326194167137146,0.29329371452331543,0.31467992067337036,0.36292925477027893,0.33172520995140076,0.2971949279308319,,0.43695786595344543,0.5645390152931213,
20220208,0.2607581913471222,0.6152645349502563,0.5399606823921204,0.3229227066040039,0.2419935017824173,,,,,,,,,,,,,0.24725142121315002,0.33345797657966614,0.9536442756652832
20220209,0.23764148354530334,0.6541378498077393,0.5254319310188293,0.3956320583820343,0.4946959316730499,1.9006671905517578,0.5008296966552734,0.4015912711620331,1.386608362197876,1.874382734298706,0.3532508313655853,0.4703526198863983,0.27034252882003784,0.24985601007938385,0.17403146624565125,,,0.28000521659851074,0.1444668024778366,0.37749457359313965
20220210,,,0.5866110920906067,0.5200521945953369,0.453286349773407,2.3000707626342773,0.5479434132575989,0.4197036027908325,3.301460027694702,3.800980567932129,0.9415115118026733,0.6563211679458618,0.20964211225509644,0.20302888751029968,,0.3114321529865265,,0.3443760275840759,0.27690446376800537,0.6507114171981812
20220211,0.2955593466758728,,,,,,,,,,,,,,,,,0.8824223875999451,0.2582258880138397,0.5000285506248474
20220212,0.28297483921051025,0.791145384311676,0.43842583894729614,0.5227341651916504,0.5094728469848633,2.9061455726623535,0.6350090503692627,0.4976056218147278,2.843247175216675,,0.6782021522521973,0.5259441137313843,0.30330878496170044,0.44066697359085083,0.3693264126777649,,,0.37882277369499207,,1.9014170169830322
20220213,,,,,,3.2636427879333496,,,,,,,,,,,,,,0.344345360994339
20220214,,0.7395262718200684,0.3388567566871643,0.40130454301834106,0.46241211891174316,2.6026158332824707,0.5178682804107666,0.4620122015476227,2.7191779613494873,4.013303279876709,0.5765599608421326,0.44195982813835144,0.20921021699905396,0.5197728276252747,0.15390367805957794,0.33147871494293213,,0.4191482961177826,0.31241193413734436,0.7013229727745056
20220215,,,,,,,,,,,,,,,,0.36455947160720825,,0.43844595551490784,0.42679351568222046,0.86937415599823
20220216,0.27676576375961304,,,,,0.9949348568916321,0.3621830642223358,,,,,0.22588421404361725,,,,,,0.19814623892307281,,
20220217,0.2197699099779129,,0.11687116324901581,0.1212594136595726,0.15892429649829865,,0.24178437888622284,,,,,,0.18502482771873474,,,,,,0.3165819048881531,0.35501351952552795
20220218,,,,,,2.6969854831695557,,,,,,,,,,,,0.3876459002494812,0.1423189789056778,0.21396780014038086
20220219,0.28349748253822327,0.7860610485076904,0.475180983543396,0.2743140757083893,0.7002112865447998,2.8381848335266113,0.6162202954292297,0.6108109354972839,4.153500080108643,4.308319091796875,0.9089599251747131,0.7611639499664307,0.2423485815525055,0.46503278613090515,0.3780445158481598,0.35726499557495117,,0.7276408672332764,0.2582453191280365,0.6973949670791626
20220220,0.19405725598335266,0.1566912829875946,0.30099067091941833,0.08894343674182892,,,0.27498096227645874,0.20890800654888153,,,,,0.10935945063829422,,0.1288328319787979,0.2050866037607193,,0.3934271037578583,0.13490480184555054,
20220221,,,,,0.5143530964851379,2.829725503921509,,,,,,,,,0.36181285977363586,0.40489423274993896,,0.44692936539649963,0.17643575370311737,0.32944267988204956
20220222,0.3137134611606598,0.9093108177185059,0.45677149295806885,0.277881920337677,0.7868057489395142,5.976444721221924,1.0079989433288574,0.6934953331947327,,,0.7016968727111816,0.5471252799034119,0.29243001341819763,0.6990864276885986,0.4585365355014801,0.47048521041870117,,0.5519772171974182,0.3007785379886627,0.9093549847602844
20220223,0.30180123448371887,0.8733586668968201,0.54096519947052,0.5095122456550598,0.4672725796699524,2.6887400150299072,0.6195440888404846,0.5005362629890442,2.9538826942443848,5.902286529541016,0.7637456059455872,1.0882328748703003,0.2766217887401581,0.48274239897727966,0.37470322847366333,0.4135540723800659,,0.4820877015590668,0.24919648468494415,0.8458224534988403
20220224,0.26792213320732117,0.8324744701385498,0.5137181878089905,0.351703017950058,0.9979226589202881,2.1969189643859863,0.5724417567253113,0.5877382755279541,2.583900213241577,3.4617466926574707,0.6518914103507996,0.5779405832290649,0.2438293695449829,0.5945829749107361,0.3325229585170746,0.45288926362991333,,0.6090514063835144,0.24492520093917847,0.7260810732841492
20220225,0.30786728858947754,0.774750292301178,0.6592313647270203,0.4746258854866028,0.6555520296096802,2.210599184036255,0.5870420336723328,0.5494317412376404,2.6251959800720215,2.6577811241149902,0.6843546628952026,0.6427634358406067,0.266399621963501,0.5098008513450623,0.37586885690689087,0.5717381834983826,,0.692612886428833,,0.47916704416275024
20220226,,1.164848804473877,0.7974497079849243,0.5360738039016724,0.7237792015075684,2.1459431648254395,0.4379221796989441,0.4433760643005371,2.104384422302246,2.6273562908172607,0.6141061782836914,0.5870409607887268,0.3114246428012848,0.563497006893158,0.4509051740169525,0.5770350694656372,,0.4823681116104126,0.32873860001564026,1.0508426427841187
20220227,0.39637190103530884,0.20378732681274414,0.31527358293533325,0.3136725425720215,,3.860217571258545,,0.49349290132522583,,,,,,0.33427608013153076,0.30315709114074707,,,,,
20220228,0.3684895634651184,0.6530040502548218,0.49231916666030884,0.41792458295822144,0.3596671521663666,2.7139036655426025,0.550530731678009,0.36384114623069763,2.0269486904144287,,,,,,,,,,0.7700052857398987,1.4466333389282227
20220301,0.3522706925868988,0.932521641254425,0.43444329500198364,0.37643322348594666,,1.375537633895874,0.2960677742958069,0.2231331765651703,1.6793639659881592,1.6172921657562256,0.4615234136581421,0.3155742287635803,,0.15624375641345978,,,,,,
20220302,0.3764069080352783,0.8950238227844238,0.5010157823562622,0.5466985106468201,0.5474438071250916,2.155236005783081,0.5409150123596191,0.4704495966434479,2.6101279258728027,2.911611795425415,0.5673792362213135,0.6340293288230896,0.30175045132637024,0.5718814730644226,0.5714730024337769,0.2668699324131012,,0.3619981110095978,0.2650003731250763,0.31892046332359314
20220303,,,,,,2.7237708568573,0.7690436244010925,0.5492282509803772,3.001908302307129,3.88785457611084,0.6457067131996155,0.576581597328186,,0.5491455793380737,0.4239979684352875,0.30593153834342957,,0.45684555172920227,0.4107891619205475,0.8756136894226074
20220304,,,,,,,,0.4496532380580902,,,0.6987704634666443,0.32670295238494873,0.1832304745912552,0.325198233127594,0.3412000238895416,0.268420934677124,,0.5404930114746094,,
20220305,0.1996321976184845,0.40932080149650574,0.22620882093906403,0.17751307785511017,0.23186036944389343,,0.46614348888397217,0.18493063747882843,,,0.5222530364990234,,,0.17280519008636475,0.20192889869213104,,,,0.12365058064460754,0.2131997048854828
20220306,,,0.22346770763397217,0.22049131989479065,0.13966193795204163,2.4368481636047363,0.7679318785667419,0.43273234367370605,2.8586928844451904,3.106462240219116,,1.0632579326629639,0.20467816293239594,,0.40725478529930115,0.4022914171218872,,0.8700918555259705,,
20220307,,,0.5457321405410767,0.295226514339447,0.914832353591919,2.1239078044891357,0.5791847109794617,0.28065723180770874,,2.3902339935302734,0.48241108655929565,,,,0.6368620991706848,0.44697514176368713,,0.5868723392486572,0.12116867303848267,
20220308,0.5004794597625732,0.8014971017837524,0.8092973232269287,0.27265214920043945,0.30352699756622314,2.4479055404663086,0.5198208093643188,,2.9826042652130127,3.128674268722534,0.30617961287498474,,0.34733229875564575,0.41845864057540894,0.5025708079338074,0.7540150880813599,,1.1457741260528564,0.5864337086677551,0.34836381673812866
20220309,0.3511929512023926,,1.2492059469223022,0.5051186680793762,1.3578011989593506,2.559279441833496,0.7381271123886108,0.5768502354621887,3.052553653717041,3.3442182540893555,0.6328198909759521,0.813865065574646,,0.48118799924850464,0.6685046553611755,1.0388902425765991,,0.6976683735847473,0.8249431848526001,1.3316951990127563
20220310,0.507314145565033,1.0255564451217651,0.9889153242111206,0.31882989406585693,0.6649722456932068,4.178793430328369,0.815060555934906,0.6678344011306763,2.609013080596924,,0.7432610392570496,0.7642789483070374,0.4828817546367645,0.6236250996589661,0.8463540077209473,1.607881784439087,,0.7213249802589417,0.45692792534828186,1.124853253364563
20220311,0.711179792881012,0.8997618556022644,0.5287232995033264,0.48050594329833984,0.5591306686401367,1.9661753177642822,0.5868980884552002,0.5104409456253052,2.930056095123291,2.9403183460235596,0.552569568157196,0.6526564955711365,0.4035249352455139,0.5281153917312622,0.6863018274307251,1.4625247716903687,,0.963054358959198,1.1663812398910522,1.4617856740951538
20220312,0.49586227536201477,0.7178922295570374,0.5349098443984985,0.569730281829834,0.647955060005188,2.931541681289673,0.5041567087173462,0.5683504939079285,2.6792352199554443,3.250997304916382,0.5620774626731873,0.6032524108886719,0.6853883862495422,0.5789178013801575,0.6006942391395569,1.3158466815948486,,0.8787083625793457,0.7602770924568176,0.9742419719696045
20220313,,,0.3766174614429474,0.6947857737541199,0.5853193402290344,2.4657411575317383,0.40159252285957336,0.48610439896583557,3.2700815200805664,3.577610492706299,0.8504432439804077,0.4749828279018402,0.311567097902298,0.463076114654541,0.5999661087989807,1.0179591178894043,,1.2382025718688965,0.9597391486167908,0.6294666528701782
20220314,0.3922838270664215,0.19890613853931427,0.5750282406806946,0.6182733178138733,0.6563313603401184,2.4523093700408936,0.5409184098243713,0.49956032633781433,2.685744524002075,3.889542579650879,0.6611860394477844,0.5793250203132629,0.48159894347190857,0.6724519729614258,0.6352718472480774,0.8657693862915039,,1.971331238746643,0.723361074924469,
20220315,0.33727169036865234,0.8765028119087219,0.6305820941925049,0.5694847702980042,0.6386975646018982,3.2655253410339355,0.3815314769744873,0.5627012848854065,2.9275107383728027,4.965893268585205,0.7892671227455139,0.549586296081543,0.6182739734649658,0.6531322002410889,0.5178778171539307,0.8518403172492981,,1.3038945198059082,,
20220316,0.3654719591140747,0.2080506831407547,0.16855406761169434,,,,,,,,,,,,,,,2.6911137104034424,1.038687825202942,0.29425400495529175
20220317,0.3244324326515198,0.7402504086494446,0.4503556191921234,0.34949830174446106,0.47319331765174866,2.205841541290283,0.5213510394096375,0.4673158824443817,2.5949106216430664,6.327365398406982,0.564851701259613,0.500259280204773,0.33875203132629395,0.44572317600250244,0.3961453139781952,0.564994752407074,,0.790109395980835,0.693869948387146,0.7132589221000671
20220318,0.33767691254615784,0.7371450662612915,0.5338801145553589,0.33884602785110474,0.6763939261436462,2.4417355060577393,0.6395469307899475,0.5076532363891602,2.851774215698242,4.229639053344727,0.7092475295066833,0.5998753905296326,0.25236502289772034,0.38402697443962097,0.43318450450897217,0.581693708896637,,0.6676706671714783,0.4074172377586365,0.352774441242218
20220319,0.34352466464042664,0.8899011611938477,0.7001755833625793,0.47816231846809387,0.7994160652160645,2.1033806800842285,0.6138878464698792,0.5773995518684387,2.814953088760376,3.5327987670898438,0.8275727033615112,0.7689506411552429,0.33587846159935,0.781711757183075,0.4671022593975067,0.8546549677848816,,0.5789061784744263,0.5590133666992188,1.15142822265625
20220320,0.3498130738735199,1.047352910041809,0.7922336459159851,0.30534887313842773,0.6809112429618835,2.639230966567993,0.6048221588134766,0.4358300268650055,2.8824312686920166,3.8707776069641113,0.6131010055541992,0.996522068977356,0.2758847177028656,1.4685711860656738,0.3747089207172394,0.9773842096328735,,0.43093299865722656,0.32307320833206177,0.3833412528038025
20220321,0.3277912139892578,0.7664104700088501,0.689146876335144,0.4148635268211365,0.7163856029510498,2.6937570571899414,0.582231879234314,0.4852103292942047,2.858065605163574,5.033933162689209,0.6842724084854126,0.8656051158905029,0.25489431619644165,0.5345097780227661,,0.5755826830863953,,0.19184936583042145,0.35912755131721497,2.0979418754577637
20220322,0.21889685094356537,0.22767846286296844,0.17784298956394196,0.21267157793045044,0.16729290783405304,,,,,,,,0.1780261993408203,,,,,,,
20220323,0.4476035237312317,,0.3036360740661621,0.3267265558242798,,,0.6264320611953735,,,,,,,,,,,0.12585105001926422,0.2353229820728302,0.37222838401794434
20220324,0.39931604266166687,0.9050634503364563,0.683628499507904,0.30885204672813416,0.5334173440933228,2.1123878955841064,0.5263010263442993,0.27616575360298157,2.8169922828674316,2.6739535331726074,0.6755616664886475,0.8424099683761597,0.17405909299850464,,,,,0.1379440426826477,0.15295284986495972,1.4055445194244385
20220325,0.42817649245262146,1.160464882850647,0.8265035152435303,0.7709525227546692,0.3678624927997589,2.4344115257263184,0.680414080619812,0.5291137099266052,2.808758497238159,3.520887851715088,0.6578666567802429,1.1362018585205078,0.2004649043083191,0.43494898080825806,0.6471819877624512,0.646186351776123,,0.1618564873933792,0.23343835771083832,0.496023029088974
20220326,0.3952828049659729,0.93741774559021,0.6851478219032288,0.6042506098747253,0.7705343961715698,2.6805529594421387,0.709663450717926,0.6189677119255066,2.9666571617126465,5.5217976570129395,0.8641065359115601,1.149823784828186,0.3327740430831909,0.7594166994094849,0.5242745280265808,0.6975579857826233,,0.3909437656402588,0.37026333808898926,1.1130847930908203
20220327,,0.457009881734848,0.8838708400726318,0.3923989534378052,0.4357215166091919,2.0444250106811523,0.7362189292907715,0.5234245657920837,2.4694838523864746,3.981144666671753,0.7077109217643738,0.6969999074935913,0.28558722138404846,0.48640599846839905,0.3264586329460144,,,0.12410814315080643,0.3360286056995392,1.1210451126098633
20220328,0.6986691355705261,1.2764034271240234,0.6760276556015015,0.5112517476081848,0.6612326502799988,3.9770073890686035,0.5461242198944092,0.5978108644485474,2.768948793411255,7.489423751831055,0.5739436149597168,0.6506133079528809,0.2515637278556824,0.38101279735565186,0.4125732183456421,0.4505576193332672,,0.3329178988933563,0.2743479311466217,0.6768719553947449
20220329,1.063038945198059,1.34546959400177,0.5431463718414307,0.64460688829422,0.7790764570236206,2.624711751937866,0.6267653703689575,0.5596632957458496,2.07903790473938,3.4438936710357666,0.8129469156265259,0.584751307964325,0.2777373194694519,0.5504719614982605,0.4939154088497162,0.5107337832450867,,0.3386458456516266,,0.16784167289733887
20220330,,,0.30528247356414795,0.3279789984226227,0.6194859743118286,2.156667947769165,0.5605284571647644,0.39149633049964905,2.5678117275238037,3.2078118324279785,0.7717267274856567,0.6437139511108398,,,,0.3543911278247833,,0.3054969906806946,0.24008043110370636,0.7293673157691956
20220331,0.5381457805633545,1.0234642028808594,0.6834441423416138,,,2.8051235675811768,1.068725824356079,,2.9224891662597656,3.829301357269287,,1.1614868640899658,,,0.633699357509613,0.8407856822013855,,0.7024244666099548,0.35203227400779724,1.762576937675476
20220401,0.6111567616462708,0.7994841933250427,0.6033719778060913,0.8239920139312744,0.5687574744224548,2.5504775047302246,0.76904296875,0.7358723282814026,2.8114676475524902,3.79146409034729,0.9520444273948669,1.391623854637146,0.43729063868522644,0.7206805944442749,0.7977489233016968,0.9185238480567932,,0.5706644654273987,0.6084339022636414,0.8921266198158264
20220402,0.6464827060699463,0.9191582798957825,0.6806994080543518,0.44094711542129517,0.4614781439304352,1.6234179735183716,0.6223877668380737,0.5560155510902405,,,,,0.41848134994506836,0.6186580061912537,0.7576417922973633,0.7588403820991516,,,,0.6420618891716003
20220403,0.5962235331535339,0.8077992796897888,0.6366690397262573,0.7990558743476868,0.655993640422821,2.044612407684326,0.6621163487434387,0.5996250510215759,2.786322832107544,2.658736228942871,0.8761416077613831,0.8234243988990784,0.4631631672382355,0.7012205123901367,0.7924492955207825,0.8044918179512024,,0.33627942204475403,0.2640511691570282,
20220404,0.6149314641952515,0.9016271829605103,0.8395315408706665,0.9841722846031189,0.7942927479743958,2.301935911178589,0.5861536264419556,0.7293069958686829,2.995417594909668,3.526390314102173,0.8405981659889221,0.7402217388153076,0.4868575930595398,0.6199873685836792,0.562317967414856,0.8194922208786011,,0.388273149728775,0.3739485442638397,
20220405,0.23081223666667938,,,,,3.3348402976989746,,,,,,,,,,,,,,
20220406,0.5682439804077148,0.836783230304718,0.6792761087417603,0.7715227007865906,0.6644197702407837,2.0425050258636475,0.6112019419670105,0.5961575508117676,2.9094345569610596,3.4066755771636963,0.6538886427879333,0.7612711191177368,0.4355822205543518,0.6663424968719482,0.3164566457271576,0.2288266122341156,,0.8968637585639954,0.8815402984619141,
20220407,0.6537169218063354,0.36505624651908875,0.39547964930534363,0.7997651100158691,0.6386062502861023,1.6944265365600586,0.5990363955497742,0.47440433502197266,2.731473207473755,2.5325450897216797,0.7090922594070435,0.9719690680503845,0.30562976002693176,0.31477707624435425,0.46495485305786133,0.6517160534858704,,0.8018079996109009,0.9165299534797668,0.846872091293335
20220408,0.554065465927124,0.8496297001838684,0.6255371570587158,0.6812382340431213,0.761431097984314,2.7064578533172607,0.5969595909118652,0.7530673146247864,3.777935266494751,3.568026542663574,1.0465569496154785,0.8825049996376038,0.796329915523529,1.0547568798065186,0.6728715896606445,0.4698645770549774,,0.6508487462997437,0.7603947520256042,1.065220832824707
20220409,0.5242027044296265,0.8611431121826172,0.8083781003952026,0.7632573246955872,0.9135631918907166,2.299726724624634,0.6402984261512756,0.6671878099441528,3.065631628036499,2.72957181930542,0.867569625377655,0.8344775438308716,0.6932927370071411,0.7605164647102356,0.5548964142799377,0.6530905961990356,,0.636293351650238,0.5779870748519897,
20220410,,1.6877785921096802,1.4928644895553589,,,2.74592924118042,0.4268215298652649,,,,,,,,,,,,,1.4255449771881104
20220411,0.7131329774856567,1.423408031463623,1.3592607975006104,,,3.943401336669922,,,,,,,,,,,,0.7256407737731934,0.7024897336959839,1.311203122138977
20220412,,,,,,,,,,,,,,,,,,0.5443411469459534,0.2851645052433014,
20220413,0.4573553204536438,,,,0.6093736290931702,3.9821383953094482,0.7462721467018127,1.0165029764175415,3.720107078552246,5.628296375274658,0.8003117442131042,1.2010014057159424,1.3966424465179443,0.8482648134231567,0.596042811870575,0.8136840462684631,,0.5087108612060547,0.4450455904006958,0.642734706401825
20220414,0.5553070306777954,0.6395829319953918,,,,,,,,,,,,,,,,,0.3107151389122009,0.45412448048591614
20220415,0.494955837726593,1.0974414348602295,1.083177089691162,0.6130698919296265,1.2353990077972412,3.1095988750457764,0.7755131721496582,0.693186342716217,2.8188400268554688,6.390105724334717,0.9164182543754578,0.6611111164093018,0.5162176489830017,0.7946428060531616,0.46944743394851685,0.47175267338752747,,,,
20220416,0.4916991889476776,1.0087180137634277,0.8685188293457031,0.6359556913375854,0.9558801651000977,2.557886838912964,0.6948544979095459,0.9258888363838196,2.9441511631011963,4.596032619476318,0.9362624287605286,0.8150964379310608,0.5321114659309387,1.0226702690124512,0.7173503637313843,0.7432583570480347,,0.8963262438774109,0.7766939401626587,1.9494712352752686
20220417,0.4256100058555603,,,,,,,,,,,,0.3547084331512451,,,,,,,
20220418,0.2873196303844452,0.23132726550102234,0.3674616515636444,,,,,,,,,,,,,,,,,
20220419,0.3413509428501129,0.4250801205635071,0.34550413489341736,0.4117501676082611,0.5048474073410034,2.090611219406128,0.74644535779953,0.7950271368026733,,1.9001896381378174,0.9684895277023315,1.409167766571045,0.45157095789909363,0.7449392676353455,0.5171718001365662,0.6439946889877319,,0.8591382503509521,0.3375924527645111,
20220420,0.22015155851840973,0.8045946359634399,0.3869040012359619,0.26155734062194824,0.4806195795536041,0.9841052889823914,0.6377492547035217,0.6900729537010193,,,0.7098859548568726,,0.293732225894928,0.3918818533420563,0.4061339497566223,0.30839741230010986,,0.30236318707466125,0.18775111436843872,0.43774348497390747
20220421,0.3045981228351593,0.34279581904411316,0.5574568510055542,0.2809452712535858,0.5873326063156128,2.001772165298462,0.5183143019676208,0.47270214557647705,,1.443118691444397,1.0076392889022827,,0.26043224334716797,0.395107626914978,0.3383646607398987,0.30085012316703796,,0.3856618404388428,,0.34090298414230347
20220422,0.3304741084575653,,0.45290887355804443,,0.2532035708427429,2.573650598526001,,0.6049548983573914,,,0.9217605590820312,,0.2443670630455017,0.45246607065200806,0.8064221143722534,1.128348708152771,,,,0.7628271579742432
20220423,0.5682200789451599,0.5867488384246826,0.8534952998161316,0.2525593340396881,0.5806417465209961,2.1889421939849854,0.7957755923271179,0.8294681310653687,2.371790885925293,1.6198203563690186,0.9230726361274719,1.2611525058746338,0.3978610634803772,0.7822476029396057,0.48833799362182617,0.8709635138511658,,0.6676550507545471,0.46280622482299805,0.8722410202026367
20220424,0.569288969039917,0.9246266484260559,1.203080415725708,1.0578097105026245,0.9680212140083313,,,0.9056334495544434,,,,0.8210965394973755,,,0.5934082269668579,2.5200350284576416,,0.46665817499160767,0.6812392473220825,2.464604377746582
20220425,0.5622529983520508,,,0.3015463352203369,0.6706903576850891,,0.7260733842849731,0.6429946422576904,,,,,,,,,,0.546334981918335,0.5848709940910339,3.9457626342773438
20220426,0.4730963706970215,0.5352627038955688,0.8776820302009583,0.4313521683216095,0.8947123885154724,0.8421584963798523,0.5370225310325623,0.5267056226730347,,,,,0.411786824464798,0.910614013671875,,,,,,
20220427,,,,,0.6381688714027405,1.6813032627105713,0.6700571179389954,0.7136520147323608,,0.5560949444770813,0.48313581943511963,0.4584566354751587,0.2537194788455963,0.38922691345214844,,,,0.18629810214042664,0.431558758020401,0.7176461815834045
20220428,0.5266693234443665,1.1159749031066895,0.9009024500846863,0.6370936036109924,0.6748486757278442,2.2853317260742188,0.9466175436973572,1.0092722177505493,2.219465970993042,5.577731132507324,0.8205683827400208,0.9122706651687622,0.3487466275691986,0.9569585919380188,0.752440869808197,0.9063260555267334,,0.6642364263534546,0.5676177144050598,
20220429,,,,,,,,,,,,,,,,,,,,
20220430,0.5324783325195312,0.9743367433547974,0.6993671655654907,0.4683726727962494,0.643077552318573,2.495267868041992,0.7371258735656738,1.0512516498565674,,,,,0.35673555731773376,0.7873844504356384,0.8133953213691711,,,1.2429614067077637,,0.5935376286506653
20220501,0.5257697701454163,0.8627110123634338,0.7506961226463318,0.3610513210296631,0.24625669419765472,2.5227508544921875,0.8142885565757751,0.6452246308326721,2.012899160385132,2.9966139793395996,,0.9103840589523315,0.2612915337085724,0.5258849859237671,0.23062150180339813,0.7060259580612183,,0.5050918459892273,0.3418997824192047,0.43080008029937744
20220502,0.521568238735199,1.1409244537353516,0.7768172025680542,0.7295651435852051,0.775539755821228,2.455528736114502,0.7697268724441528,0.7457929253578186,2.8445687294006348,3.886125087738037,0.4254818260669708,1.0191916227340698,0.3084709644317627,0.7146441340446472,0.47595083713531494,0.39987486600875854,,0.6302963495254517,,0.3244827389717102
20220503,0.5389130711555481,0.9501754641532898,0.6253307461738586,0.5041173696517944,0.8046523332595825,2.324258804321289,0.8001740574836731,0.8824772834777832,2.563883066177368,4.564093112945557,0.9992135763168335,1.0818278789520264,0.3878009617328644,0.82417893409729,0.6916298270225525,0.6376861929893494,,0.6716136932373047,0.32242146134376526,1.6215451955795288
20220504,0.5791285634040833,0.9330384731292725,0.506618857383728,0.579870343208313,0.39714086055755615,,0.4241228699684143,0.6269404888153076,,,0.6558724045753479,0.6593979597091675,0.24828360974788666,0.5957700610160828,0.5797974467277527,0.5241845846176147,,0.38384172320365906,0.24450801312923431,
20220505,0.4660365581512451,0.27820026874542236,0.35863423347473145,0.42528703808784485,0.5431467294692993,2.7798259258270264,0.8482794165611267,0.7736253142356873,2.5125656127929688,,,,0.41079041361808777,1.1226427555084229,,,,,0.6978607773780823,1.318712592124939
20220506,0.5420008897781372,0.9913550019264221,0.9121736884117126,0.7782342433929443,1.0299514532089233,1.8015011548995972,0.8239315748214722,0.7823193669319153,2.284989356994629,2.5535285472869873,0.8823167085647583,1.364543080329895,0.4393468201160431,0.9436834454536438,0.6893598437309265,,,0.2868952453136444,,
20220507,0.5541712641716003,1.185333251953125,0.8002502918243408,0.45265713334083557,0.3139265179634094,2.5936150550842285,0.574223518371582,0.5153819918632507,,,0.4939880967140198,,0.2138625681400299,0.3792237639427185,0.3623659312725067,0.31814247369766235,,0.3316204249858856,,0.3251732289791107
20220508,0.6686943769454956,0.8491908311843872,0.5881178379058838,0.2976469099521637,0.5687170624732971,2.093992233276367,0.586205005645752,0.7232335805892944,1.6080527305603027,,,0.49440982937812805,0.325411856174469,0.5122488141059875,0.6934084296226501,0.5402076840400696,,0.27159446477890015,0.28007909655570984,0.4318820536136627
20220509,0.8342210054397583,0.8126318454742432,1.413230061531067,0.7550065517425537,0.5434854626655579,1.379158854484558,0.8943454623222351,0.7581149339675903,2.2620654106140137,5.033616065979004,0.9838727116584778,1.6509578227996826,0.3769872784614563,0.719553530216217,0.7773900628089905,0.8567804098129272,,0.45317986607551575,0.2648187279701233,1.0364090204238892
20220510,0.7462790608406067,1.313188076019287,1.1312834024429321,0.8523989319801331,0.9266232848167419,4.67500638961792,0.8776249289512634,1.1072638034820557,6.489808559417725,8.444663047790527,1.0889683961868286,1.3445419073104858,0.7024399042129517,1.0313162803649902,1.14595365524292,1.2773410081863403,,0.7882688045501709,0.3741189241409302,1.781640648841858
20220511,0.6916884183883667,1.413925051689148,1.3557533025741577,0.7639427185058594,1.1855018138885498,2.64030385017395,0.795329213142395,1.0813556909561157,3.309758186340332,6.267205715179443,0.9768446683883667,0.9947280883789062,0.4668877422809601,0.9499288201332092,0.8728098273277283,,,,,
20220512,0.752363920211792,0.9097407460212708,1.1666330099105835,0.8165632486343384,0.4819526672363281,1.560158133506775,0.5812437534332275,0.4955853223800659,1.14023756980896,0.9726948738098145,0.5891108512878418,,0.275331050157547,0.3843748867511749,,,,0.3258408010005951,0.3601360619068146,
20220513,,,,,,3.0397229194641113,,,,,,,,,,,,0.38599011301994324,0.36745476722717285,
20220514,0.8065519332885742,1.0858955383300781,0.7274449467658997,0.28417307138442993,0.3497835695743561,1.0831440687179565,0.734519898891449,0.8750511407852173,1.4734982252120972,3.940688371658325,0.5710744261741638,0.8751364946365356,0.2613774240016937,0.5188338160514832,0.6421254277229309,0.8751932382583618,,0.6139422059059143,0.27738621830940247,0.4122341275215149
20220515,0.6874850988388062,1.7803616523742676,0.9337692856788635,0.5639838576316833,0.450989693403244,4.054389476776123,0.555591344833374,0.6660476326942444,,,,,0.3381749391555786,0.5168262124061584,,,,,,0.46401554346084595
20220516,0.5755794644355774,1.3611741065979004,0.7888210415840149,0.4667055010795593,0.526360273361206,1.8433141708374023,0.6938202977180481,0.7378129363059998,,,1.041593313217163,1.253875732421875,0.36458268761634827,0.7640275955200195,0.8209121823310852,0.8715695142745972,,1.0267887115478516,,0.4367810785770416
20220517,0.6366400718688965,1.3352601528167725,0.8850678205490112,0.610464334487915,0.41241711378097534,2.9582743644714355,0.7233770489692688,0.3815458118915558,1.460540533065796,,,,0.3131483793258667,0.40827468037605286,0.7760682106018066,1.2477651834487915,,0.5223897099494934,0.39659687876701355,0.4033140242099762
20220518,0.6050886511802673,1.002632975578308,0.9794712066650391,0.4871881902217865,0.5519617199897766,1.974631905555725,0.8385547995567322,0.8002939820289612,2.3920068740844727,3.8923726081848145,0.9412822127342224,1.1212621927261353,0.3422631323337555,0.6536321640014648,1.019371509552002,1.8280079364776611,,0.5308319926261902,0.3510291576385498,0.7815373539924622
20220519,,0.9631818532943726,0.8797067999839783,0.7071112394332886,0.7776203155517578,1.0882076025009155,0.8817605376243591,0.9204535484313965,1.474461555480957,,0.8796185851097107,0.6044328212738037,0.29184210300445557,0.8373234868049622,0.997494637966156,0.6567652225494385,,0.30233728885650635,0.2691103219985962,0.2964954376220703
20220520,0.6575559377670288,1.4747177362442017,1.8408677577972412,1.044333577156067,0.6769347190856934,3.0474584102630615,1.1903705596923828,1.213402271270752,3.360327959060669,8.06218433380127,0.9319325685501099,0.7498623728752136,0.4161777198314667,1.0750463008880615,1.1664661169052124,0.9783545136451721,,1.3496170043945312,,
20220521,0.6235548853874207,1.3347771167755127,0.9391249418258667,0.6491037607192993,0.9461426138877869,4.0548553466796875,1.0382766723632812,1.2529140710830688,4.587986946105957,7.227467060089111,1.160954475402832,1.1445062160491943,0.5397131443023682,1.2514961957931519,1.4128437042236328,1.1886931657791138,,0.836852490901947,0.41561436653137207,2.5322177410125732
20220522,0.571496307849884,0.7227951884269714,0.6429334878921509,0.7099918127059937,0.7718351483345032,2.059774160385132,0.8898398876190186,0.9311516880989075,2.6681699752807617,3.1541221141815186,1.0147877931594849,1.0273464918136597,0.4692503809928894,1.1190414428710938,1.2228091955184937,0.8942810297012329,,0.549127459526062,0.3928474485874176,3.327023983001709
20220523,0.5718704462051392,1.4018481969833374,1.1253117322921753,0.5575976967811584,0.8025741577148438,1.8055553436279297,0.7563322186470032,0.7918576002120972,2.348872661590576,3.3928048610687256,0.9222096800804138,0.7626323103904724,0.45033296942710876,0.9802745580673218,1.2641035318374634,1.4661617279052734,,0.6313210725784302,0.3882858157157898,1.8337438106536865
20220524,0.3555706739425659,,,,,,,,,,,,,,,,,0.4655466079711914,0.3788810074329376,1.8054391145706177
20220525,0.7239853739738464,0.617601752281189,0.6174554228782654,0.2573552429676056,0.3768165111541748,0.3649244010448456,0.39296674728393555,0.6459980010986328,,,,,0.24443365633487701,,,,,,,0.8930019736289978
20220526,0.600417971611023,1.1505377292633057,0.6088559031486511,0.3391673266887665,0.6430834531784058,3.4094581604003906,0.8835145235061646,0.7114670276641846,,8.24065113067627,0.6425584554672241,1.044614315032959,0.4070318639278412,0.6036666631698608,1.265747308731079,,,0.7139437794685364,,0.3013826012611389
20220527,0.6434882879257202,1.5447587966918945,0.8109881281852722,0.7254824638366699,1.7966862916946411,1.7050018310546875,0.4368356168270111,0.9274433255195618,,,,,0.4912492632865906,,,,,0.40494832396507263,,0.3647301495075226
20220528,0.6382668018341064,1.5018184185028076,0.9322815537452698,0.6126636862754822,0.802766740322113,1.5579655170440674,0.5920501351356506,0.7552499771118164,1.5511572360992432,1.5748291015625,0.610379695892334,0.7424379587173462,0.3544292151927948,0.6968198418617249,0.8566529750823975,1.2189511060714722,,0.21214549243450165,0.30021196603775024,0.8154122233390808
20220529,0.4089334309101105,,,,,,,0.6646177172660828,3.0898001194000244,5.168569087982178,0.6657440662384033,0.706668496131897,0.3313787579536438,0.6493379473686218,0.9038180112838745,0.8332505226135254,,0.9145486354827881,0.3036773204803467,2.344714403152466
20220530,,,,,,,0.5691413879394531,0.7550167441368103,,,,,0.3802677392959595,0.520677387714386,,,,0.32135164737701416,0.19969399273395538,
20220531,0.6656134724617004,0.3212701678276062,,0.4419916272163391,0.5103132724761963,,,,,,,,,,,,,,,
20220601,,,,,,,,,,,,,0.24431735277175903,,0.631271243095398,,,,,1.1635252237319946
20220602,0.6051537990570068,,0.5518929362297058,0.7904273271560669,,,,,,,,,,,,,,,,
20220603,0.5519479513168335,0.8431934118270874,0.43933552503585815,0.32559967041015625,0.4215100407600403,1.2240298986434937,0.794831395149231,0.5029764771461487,,,0.5038644671440125,,0.25535324215888977,0.37301474809646606,,,,0.1872415691614151,0.43446671962738037,0.4998001158237457
20220604,0.7151283621788025,,0.189504012465477,0.3527187407016754,0.34986400604248047,2.0767266750335693,0.5645846128463745,0.5078993439674377,,,,,0.3175255358219147,0.4726506769657135,0.5487552285194397,,,0.47003817558288574,0.28718361258506775,0.32736679911613464
20220605,0.6883503794670105,,0.7930931448936462,,,,,,,,,,,,,,,,,0.2994580566883087
20220606,0.5135704874992371,0.9096930623054504,0.8310728669166565,0.5351030230522156,0.8069952130317688,2.39585542678833,1.582182765007019,0.9620535969734192,,2.9345436096191406,1.018161416053772,,0.5196884870529175,0.839400589466095,0.6353296041488647,,,,,
20220607,0.6386361718177795,0.5103694796562195,0.72877037525177,0.3815631866455078,0.6081230640411377,2.4564578533172607,1.1863919496536255,0.9226404428482056,1.4516538381576538,,,,0.45868781208992004,0.49911999702453613,0.5922613739967346,1.3880231380462646,,0.592252790927887,,
20220608,0.6117313504219055,0.908698320388794,0.9496029615402222,0.42651066184043884,0.558620274066925,1.7202545404434204,0.8108664155006409,0.4904713034629822,1.6388462781906128,,0.9094356894493103,0.9654706120491028,0.27437812089920044,0.4046126902103424,0.8372375965118408,1.1773196458816528,,0.3722996711730957,0.18138810992240906,0.23219230771064758
20220609,0.5559242367744446,0.8555285334587097,0.33548471331596375,,,0.6537861227989197,,,,,,,,,0.931445300579071,1.6063655614852905,,0.1816587597131729,0.1838264912366867,0.423822283744812
20220610,,,,0.3697313964366913,,,0.5313127636909485,0.615506649017334,,,0.6956103444099426,0.5963240265846252,0.38430851697921753,,,,,0.2018795758485794,0.1799144595861435,0.3921355903148651
20220611,0.9193791151046753,2.0034737586975098,2.624706983566284,0.39465197920799255,1.2256879806518555,2.193585157394409,0.6545708775520325,,,,0.7105174660682678,,,,,,,,,
20220612,0.7987461686134338,,1.148369312286377,,,,,,,,,,,,,,,0.24007824063301086,,
20220613,0.6155853867530823,1.3547817468643188,1.485516905784607,0.5133291482925415,1.6016579866409302,3.4655497074127197,0.8977276682853699,1.4609943628311157,2.9882724285125732,4.172911643981934,0.8948231935501099,1.010253667831421,0.26332151889801025,0.5967381000518799,,,,0.2960681617259979,0.3168541491031647,
20220614,0.7061768174171448,1.6224318742752075,1.770386815071106,,1.4402602910995483,2.2394816875457764,0.9881381988525391,1.9409643411636353,1.8946692943572998,,0.8493703007698059,0.8843711018562317,,1.1434576511383057,0.9823875427246094,1.433924913406372,,0.6268095970153809,,
20220615,0.7018275260925293,0.994193434715271,1.2143086194992065,0.3923126459121704,0.3834996521472931,1.001975178718567,0.7166224122047424,0.6580004096031189,,,0.6703311800956726,0.6223742961883545,0.39583590626716614,,0.5826273560523987,0.6073462963104248,,0.3708571195602417,,1.1427589654922485
20220616,0.8494106531143188,2.0063207149505615,1.0541188716888428,,,1.7195576429367065,,,,1.793049693107605,,,,,,,,,,0.2353755086660385
20220617,0.6170592904090881,1.3192814588546753,1.654868483543396,0.6604233980178833,1.590234637260437,4.0116658210754395,0.7276802062988281,0.9144628047943115,,,1.3903186321258545,,0.4846198260784149,1.4387634992599487,0.7410299777984619,1.257631778717041,,1.2577053308486938,,
20220618,,,,,1.090557336807251,3.888807773590088,0.8716435432434082,1.5296038389205933,2.88106632232666,8.226923942565918,1.1203267574310303,1.8914732933044434,0.4853817820549011,0.9747126698493958,0.9874499440193176,1.2209393978118896,,0.7046738862991333,0.6658656001091003,
20220619,0.4542888402938843,1.2230323553085327,0.5349875092506409,0.3548101782798767,0.3457604944705963,,,,,,,,,,,,,,,
20220620,0.5963287353515625,0.345558762550354,0.5565927624702454,0.4868282973766327,0.5679959058761597,1.6539777517318726,0.39163634181022644,0.4284105598926544,,,,,0.277235746383667,0.29604601860046387,,,,,,0.4847315847873688
20220621,0.6796669960021973,0.9142345786094666,1.4349846839904785,0.36996355652809143,,2.44811749458313,,,,,,,,0.24843326210975647,0.7513682246208191,1.090265154838562,,0.24880489706993103,0.3231668472290039,0.7284644246101379
20220622,0.5969502329826355,1.1612502336502075,2.7061972618103027,,,9.11445426940918,,,,,,,,,,,,,,
20220623,0.551790177822113,1.3419972658157349,1.77443528175354,0.7869163751602173,3.2665553092956543,5.054522514343262,,1.0383386611938477,,,1.081497311592102,,0.9042395353317261,,,,,,,
20220624,0.33814239501953125,0.2626928687095642,0.4590906500816345,0.41950470209121704,0.4050092399120331,,0.3439072370529175,0.6190162301063538,,,0.6846895217895508,,0.3496011793613434,0.561774730682373,0.6610980033874512,0.8995121717453003,,0.3910946547985077,0.2812783122062683,2.1683390140533447
20220625,0.32562628388404846,,0.631325900554657,0.3680860996246338,0.3711225688457489,2.4612250328063965,0.9207375049591064,0.7138916254043579,1.3820785284042358,5.989288330078125,,0.5675314664840698,0.3625301718711853,0.41740110516548157,0.5404307842254639,1.1764447689056396,,0.3512749671936035,0.2680376172065735,0.33300307393074036
20220626,0.6939123272895813,0.7137681841850281,1.1481987237930298,0.3712598383426666,0.39452117681503296,2.879575252532959,0.42317700386047363,0.6057165265083313,,,,0.33112236857414246,,,,,,0.31911468505859375,0.30208829045295715,
20220627,0.5604755878448486,1.1335076093673706,1.2181286811828613,0.5922072529792786,4.39694881439209,4.807155132293701,1.0129667520523071,4.6018500328063965,,8.135594367980957,1.7454501390457153,1.3766648769378662,,1.0187561511993408,2.6638500690460205,,,,,0.36635535955429077
20220628,0.5363490581512451,1.1347365379333496,1.7183804512023926,0.8315394520759583,2.0166738033294678,4.3457770347595215,0.8368110060691833,1.6709269285202026,3.6449220180511475,10.958197593688965,1.2481971979141235,1.7704074382781982,0.5316940546035767,1.1327059268951416,1.006832242012024,1.323205590248108,,1.07152259349823,,
20220629,0.4141385853290558,0.5720220804214478,1.0043392181396484,0.4549217224121094,0.4882633686065674,0.9839515089988708,0.5702091455459595,0.6498050689697266,0.8699823617935181,2.7416980266571045,0.5711951851844788,0.4415282905101776,0.3449966311454773,0.47160065174102783,0.5271950960159302,,,0.42922842502593994,,
20220630,0.45342713594436646,1.1886556148529053,0.8068307042121887,0.47293972969055176,0.7116507887840271,1.8799593448638916,0.5813230872154236,0.6303072571754456,1.7069536447525024,2.310774326324463,0.9423433542251587,0.7687640190124512,0.39369431138038635,0.6023924946784973,0.8398745059967041,1.2507715225219727,,0.2944555878639221,0.17477934062480927,5.506753444671631
20220701,0.4928165674209595,1.2019842863082886,1.173410177230835,0.35503843426704407,0.48210409283638,,,,,,,,,0.22926579415798187,,,,0.18330667912960052,0.20247004926204681,0.278324693441391
20220702,0.3834930658340454,0.5829485058784485,0.37416553497314453,0.45859774947166443,,2.9550704956054688,0.5831208229064941,0.5832400918006897,,,0.44847017526626587,,,0.494202196598053,,0.8282907009124756,,0.30131205916404724,0.19784772396087646,0.2700425088405609
20220703,0.34388476610183716,0.5783842206001282,,0.27713778614997864,0.46776431798934937,6.348003387451172,,0.49653181433677673,,,,,0.29611286520957947,,,,,,,0.15128545463085175
20220704,0.3693498969078064,0.2642560601234436,0.6358755230903625,0.5040357112884521,0.780283510684967,3.2670576572418213,0.8080537915229797,1.8534913063049316,2.4139881134033203,6.808379173278809,1.1396253108978271,1.220022201538086,0.24993431568145752,0.6380237340927124,1.1340583562850952,1.045799732208252,,0.4201728105545044,0.2830840051174164,2.480365037918091
20220705,0.5121555924415588,1.4200605154037476,1.4315048456192017,0.39979806542396545,0.6580918431282043,3.034365653991699,0.8034287691116333,1.1927512884140015,2.0887749195098877,5.579653739929199,1.0139552354812622,1.5796313285827637,0.3873410224914551,0.706396222114563,0.9890949726104736,1.026280403137207,,0.4671558737754822,0.29071158170700073,0.5658714175224304
20220706,0.5326768159866333,0.4508545398712158,0.20034834742546082,0.33271685242652893,0.4922155439853668,3.022085428237915,0.6750342845916748,2.486234188079834,2.1021552085876465,8.741079330444336,0.8041524291038513,1.0585989952087402,,0.5209814310073853,1.101806879043579,0.980796217918396,,0.44215285778045654,0.2889164686203003,1.503106713294983
20220707,0.49491262435913086,,,,,,,,,,,,,,,0.761578381061554,,,0.226474791765213,0.37428101897239685
20220708,0.3852404057979584,,,0.2539953589439392,,,,0.5656301379203796,,3.8956501483917236,0.6124732494354248,1.2891440391540527,0.30533093214035034,0.666796088218689,0.6721341013908386,0.9775985479354858,,1.0336447954177856,,
20220709,0.4729584753513336,1.2476325035095215,1.3495583534240723,0.41531169414520264,0.5137537121772766,1.3573838472366333,0.6222741007804871,0.65068519115448,,,,,0.347256600856781,,,0.5833678841590881,,0.4573984146118164,0.2923886477947235,
20220710,0.48385676741600037,1.8003873825073242,4.2779927253723145,,0.4722975194454193,,,1.0013056993484497,,,0.7038140892982483,1.1358253955841064,0.42950892448425293,0.858841061592102,1.1001111268997192,1.0699286460876465,,0.5851669311523438,0.3277393579483032,1.2836970090866089
20220711,0.3839941918849945,1.0676008462905884,1.3900752067565918,0.28244051337242126,0.25127437710762024,,,,,,,,0.2882572114467621,0.2193286418914795,,,,0.13556444644927979,,
20220712,0.49071767926216125,,0.7645421028137207,0.38442787528038025,,0.8428575396537781,0.48743799328804016,,,,,,,,0.3515852391719818,0.47062912583351135,,0.20117758214473724,0.2892477810382843,0.21803966164588928
20220713,0.4844457805156708,0.392256498336792,0.23326843976974487,0.3595426678657532,0.46981126070022583,2.900860071182251,,0.5437944531440735,,6.275040149688721,1.3303807973861694,1.3192455768585205,,0.6615933179855347,1.0376262664794922,0.8331043124198914,,1.126590371131897,0.21107572317123413,0.2686271369457245
20220714,0.47796937823295593,1.2060649394989014,1.511432409286499,0.7831010222434998,0.5071912407875061,4.412449836730957,0.682675302028656,,2.235311508178711,7.633752822875977,0.472037136554718,,0.2754098176956177,0.5499870181083679,0.8607206344604492,1.0730689764022827,,0.31157052516937256,0.21246647834777832,
20220715,0.43678519129753113,1.917748212814331,,,,3.089252471923828,,,,,,3.5941097736358643,,,,,,,,
20220716,0.4164527654647827,0.6027458310127258,0.6132073998451233,0.30804169178009033,0.2341178059577942,2.422405481338501,0.4291475713253021,0.6177969574928284,1.9404593706130981,,,,0.2119998186826706,0.22233691811561584,,,,,0.2846068739891052,0.5189367532730103
20220717,0.41975638270378113,0.45376378297805786,0.44182950258255005,,0.4155435264110565,0.9091999530792236,0.6147180795669556,,,2.330723524093628,,,,,0.4205692708492279,0.5801224708557129,,0.3356970548629761,0.1862238496541977,0.7433990836143494
20220718,0.39349159598350525,0.323816180229187,0.6646198034286499,0.5684840679168701,0.5023128986358643,1.061326503753662,0.7625716924667358,1.813917875289917,1.551383376121521,2.4841983318328857,0.7309747934341431,,0.403116911649704,0.6353780627250671,0.6393760442733765,0.9775432348251343,,0.3079860508441925,0.18151737749576569,0.32569944858551025
20220719,0.4265215992927551,0.5027873516082764,0.8456807732582092,,,3.2544431686401367,,,,,,,,,,,,,,2.1051156520843506
20220720,0.41079139709472656,1.1018317937850952,1.4323210716247559,0.2728942334651947,0.7777690887451172,2.1185169219970703,0.7546414732933044,1.9464737176895142,3.2129294872283936,8.259919166564941,1.077638864517212,1.1130754947662354,0.3674490451812744,0.8094885945320129,1.1421676874160767,1.0581964254379272,,0.5318650007247925,0.3464106619358063,1.5471094846725464
20220721,,,,0.6769866943359375,0.6749393939971924,1.8979992866516113,1.0879130363464355,1.4247183799743652,2.495610475540161,8.249539375305176,0.8915828466415405,1.3800230026245117,0.36163434386253357,0.8817560076713562,1.1922922134399414,1.1456527709960938,,0.48033836483955383,0.3230973780155182,1.4000072479248047
20220722,0.21147172152996063,,,,,,,,,,,,,,,0.8508933186531067,,,,
20220723,0.5055097937583923,0.9985352158546448,1.0801777839660645,0.6891869902610779,0.4247645437717438,2.7315502166748047,0.5441617965698242,0.8883687853813171,1.7093521356582642,3.821674108505249,0.7936495542526245,0.9951261281967163,0.35366424918174744,0.5917163491249084,1.0324963331222534,1.0700236558914185,,1.02971613407135,,
20220724,0.3570607006549835,,,,,,,,,,,,,,,,,,0.2902070879936218,1.2438321113586426
20220725,0.40427905321121216,0.5771705508232117,0.7065157294273376,0.3374548852443695,0.3403262495994568,1.3117696046829224,0.6149882078170776,1.0812478065490723,1.0883105993270874,5.441944599151611,0.701653003692627,1.2582404613494873,0.2352772057056427,0.5102978348731995,0.5577760934829712,0.7847759127616882,,0.3631226122379303,,
20220726,0.425706148147583,1.054957389831543,1.526877999305725,,0.1897938847541809,2.057241201400757,0.4012012481689453,0.3400970697402954,,2.7233686447143555,0.5592350959777832,0.5060133337974548,0.23058493435382843,0.4178006947040558,0.7679870128631592,0.6622263789176941,,0.7736231684684753,0.2840491235256195,
20220727,0.4099560081958771,0.8227322101593018,0.8804182410240173,0.48671379685401917,0.5091543793678284,2.471456527709961,0.6360608339309692,2.1128416061401367,,,0.8511085510253906,0.5473968386650085,0.28927046060562134,0.5470248460769653,0.878620445728302,1.269163966178894,,0.5189105868339539,,
20220728,1.132415771484375,0.749322772026062,0.6873045563697815,0.5235095620155334,0.3583622872829437,2.4717307090759277,0.5900746583938599,0.6964316964149475,,7.71530818939209,,,0.21704734861850739,0.23802629113197327,,,,0.22297634184360504,,
20220729,0.45947036147117615,0.9702058434486389,0.8697300553321838,0.7100939154624939,0.5415580868721008,0.7234597206115723,0.44102925062179565,0.769851803779602,,,1.0556161403656006,0.8752045631408691,0.3592686057090759,0.8715289235115051,1.244848608970642,2.1876277923583984,,0.8286967873573303,,0.993146538734436
20220730,,,,,,,,,,,,,,,,,,,,2.0966250896453857
20220731,0.3498839735984802,0.6850260496139526,1.1230158805847168,0.44740501046180725,0.4393653869628906,1.170938491821289,0.4272514879703522,0.8176606297492981,,,,,0.2174088954925537,0.35379758477211,0.6222276091575623,,,,0.23375239968299866,
20220801,0.39078378677368164,0.7369731068611145,1.0027352571487427,0.543494462966919,0.33399537205696106,1.9245723485946655,0.7581543326377869,1.4583450555801392,2.545369863510132,5.935390949249268,0.8677219152450562,0.8656956553459167,0.2332022339105606,0.47677305340766907,0.5600535869598389,0.7528387308120728,,0.552473247051239,0.18522144854068756,0.45660334825515747
20220802,0.39036157727241516,,,,,,,,,,,,,,,,,,0.380100280046463,0.42682915925979614
20220803,0.4854646623134613,0.5647269487380981,0.9110215902328491,0.5453636646270752,,2.4256293773651123,0.9955654144287109,2.3500304222106934,,,0.7286422848701477,,,,0.7654065489768982,1.239642858505249,,1.2047895193099976,0.24653787910938263,0.8076483011245728
20220804,0.5434278845787048,,0.5940657258033752,0.5853263139724731,0.5744249224662781,2.382187843322754,0.8294054269790649,,,,,,,0.36376306414604187,,,,,0.42461949586868286,1.4503520727157593
20220805,0.48009178042411804,0.8181096911430359,0.6534954309463501,0.618680477142334,0.38771122694015503,1.4668657779693604,0.8511025309562683,0.7275571823120117,1.3794828653335571,4.001556396484375,0.7801842093467712,0.7000818252563477,0.30608826875686646,0.5364750623703003,0.5546265244483948,1.4900565147399902,,0.5830559730529785,0.2449566125869751,
20220806,0.4741179645061493,0.7234501242637634,0.8544967174530029,0.4176141917705536,0.3689107298851013,1.078689455986023,0.6318930387496948,1.095258116722107,1.610453486442566,4.550801753997803,0.6288501620292664,1.158880591392517,0.334909588098526,0.5135409235954285,0.6956171989440918,2.492771863937378,,0.6548537611961365,0.2878899574279785,0.35641130805015564
20220807,0.404858261346817,0.6800832748413086,0.7784454822540283,0.4049653112888336,0.3857156038284302,1.3710583448410034,0.4704447090625763,0.6796320080757141,,3.713517189025879,0.5738561749458313,0.880393385887146,0.3274303078651428,0.40469953417778015,0.4185481071472168,0.8114174008369446,,0.4332684278488159,0.25154054164886475,0.4411114752292633
20220808,0.5015792846679688,1.0101609230041504,1.1309746503829956,0.792902410030365,0.4915662109851837,2.034444808959961,0.37644466757774353,0.8370282053947449,,,,,0.5022302865982056,0.4316425919532776,,1.0133366584777832,,0.501446008682251,0.29908931255340576,1.1090909242630005
20220809,,,,,,,0.5812951922416687,,1.1237186193466187,,,0.40373751521110535,0.6095634698867798,0.6851127743721008,0.8257594704627991,1.8921786546707153,,0.4666469097137451,0.328838050365448,1.244667410850525
20220810,0.418346643447876,0.5182244181632996,0.5495481491088867,0.2877466380596161,,,,,,,,,,,0.24881523847579956,,,,,
20220811,0.40709584951400757,,0.43671849370002747,0.5944350361824036,,1.0122061967849731,0.4476104974746704,,,,,,0.2244541198015213,,,,,1.274562954902649,0.3572012782096863,0.754482090473175
20220812,0.4200025498867035,0.5612600445747375,0.6729352474212646,0.4561569392681122,0.3626481592655182,1.332971453666687,0.4361374080181122,0.6435009837150574,0.6498802900314331,2.962244749069214,0.5535154342651367,0.7145432233810425,0.2526630461215973,0.3645390272140503,0.3747921288013458,,,0.5398215055465698,0.20128794014453888,
20220813,0.41757330298423767,0.41795814037323,0.49520936608314514,0.2560826241970062,0.3567905128002167,1.5384494066238403,0.4199039340019226,0.38241565227508545,,1.9000426530838013,0.5292398929595947,0.6968846917152405,0.2406633049249649,0.4095325767993927,0.4108799397945404,0.6185349225997925,,0.310609370470047,0.25050926208496094,1.2115206718444824
20220814,0.4020218253135681,0.5637614130973816,0.6107205748558044,,,,,,,,0.39414992928504944,0.5427399277687073,,0.442100465297699,0.38282135128974915,0.6631571054458618,,0.8806034922599792,,
20220815,0.4126899242401123,0.6102389693260193,0.6045510768890381,0.4364009499549866,,1.375714898109436,,0.2582280933856964,,,,,0.2547822892665863,0.6771053671836853,,0.5963276028633118,,0.5274773836135864,0.2544095516204834,
20220816,0.40767425298690796,0.876303493976593,1.0857620239257812,0.4506308436393738,0.3814700245857239,1.6293729543685913,0.6047845482826233,0.4454542398452759,2.405897855758667,4.919740676879883,0.6896486878395081,0.7668759226799011,0.3029937148094177,0.4153081178665161,0.6825422048568726,0.6511301398277283,,0.5798236131668091,,1.5488301515579224
20220817,,,,,,,,,,,,,,,,,,,,
20220818,0.43149733543395996,,,,,,,,,,,,,,,,,,,
20220819,0.39659643173217773,0.3600635230541229,0.3600917458534241,0.3668960928916931,,1.9709149599075317,,,,,,,,,,,,,,1.147242546081543
20220820,0.3029538691043854,0.6315526366233826,0.6520919799804688,0.3683079779148102,0.36258208751678467,1.659242868423462,0.5507863759994507,0.47560250759124756,1.6698685884475708,3.6731722354888916,0.8090090155601501,0.9398086071014404,0.31531277298927307,0.657622218132019,0.4827154874801636,0.9669829607009888,,1.148777961730957,0.23173587024211884,0.9703243374824524
20220821,0.2837585508823395,0.7211304903030396,1.0245970487594604,0.2900625467300415,0.25057387351989746,1.8249435424804688,0.7170494198799133,1.1366857290267944,,,0.2555930018424988,,0.1902497410774231,,0.3047920763492584,0.9000762104988098,,,,0.7592349052429199
20220822,,,,,,0.6831702589988708,,,,,,,,,,,,,,
20220823,0.19939637184143066,,0.42557674646377563,0.2592131197452545,0.30188700556755066,1.532557487487793,0.43552643060684204,0.3634108304977417,0.911345362663269,3.3445885181427,0.4152199327945709,0.8049834966659546,0.25997602939605713,0.39808720350265503,0.39496350288391113,0.44250062108039856,,0.35446077585220337,0.24807262420654297,0.5169647932052612
20220824,0.31231722235679626,0.41463929414749146,1.2716882228851318,,,1.2037626504898071,0.20847074687480927,0.18807952105998993,,,,,,,,,,,,
20220825,0.31433600187301636,0.620557427406311,0.3802611827850342,0.3142445683479309,0.35909536480903625,1.23024582862854,0.49941685795783997,0.3954419195652008,1.1018850803375244,4.363349914550781,0.4222967028617859,0.3886580765247345,0.24118702113628387,0.4251159131526947,0.3423682749271393,0.896428108215332,,1.0173497200012207,,0.5800102353096008
20220826,0.3194672763347626,0.42226919531822205,0.46581918001174927,0.3371967375278473,0.33696845173835754,0.549332320690155,0.40246477723121643,0.5232974290847778,0.9310106039047241,,0.5569804906845093,0.5180562734603882,0.24029484391212463,0.9555161595344543,0.3782299757003784,0.6734175086021423,,0.4423009157180786,0.19783325493335724,
20220827,0.3386332094669342,0.7754221558570862,0.7911806702613831,0.3751242756843567,0.33013617992401123,2.108515501022339,0.7745657563209534,1.118612289428711,4.156113624572754,3.185696601867676,0.5074838399887085,0.5450299978256226,0.293233722448349,1.2427819967269897,,,,0.6898208856582642,0.24446724355220795,1.0312621593475342
20220828,0.37731099128723145,0.7099020481109619,1.3854790925979614,0.6025128364562988,0.2604600787162781,2.49760365486145,0.65684974193573,0.7239132523536682,2.320420265197754,7.365791320800781,0.5829507112503052,1.2358622550964355,0.31694135069847107,0.7927046418190002,0.6340694427490234,0.7493220567703247,,0.5932960510253906,0.48457884788513184,0.828431248664856
20220829,0.45078524947166443,,,,0.17062216997146606,1.8039439916610718,0.37925422191619873,,,,,,0.17621947824954987,0.1909646838903427,,,,,0.4150621294975281,0.5666130781173706
20220830,0.3762771487236023,0.44977471232414246,0.39467501640319824,0.3611229956150055,0.3374931812286377,1.1728861331939697,0.3963441252708435,0.4981306791305542,,,0.9446781277656555,,0.2947577238082886,0.41925063729286194,,,,,,
20220831,0.37958309054374695,0.4810604453086853,1.2155238389968872,0.38043007254600525,0.333868145942688,2.0018227100372314,0.7659534215927124,1.0573612451553345,1.3340877294540405,3.545205593109131,,0.7658358216285706,0.24313129484653473,,0.36693546175956726,0.4493858814239502,,0.2628515660762787,0.23898135125637054,1.7672860622406006
20220901,0.33759793639183044,0.9112984538078308,0.979259729385376,0.4343673884868622,0.3020111918449402,2.418367624282837,0.4126797914505005,0.3390815556049347,,5.427188396453857,0.4685668647289276,0.7027492523193359,0.18585681915283203,0.44902533292770386,0.5038523077964783,1.0892153978347778,,0.2653368413448334,0.2405979484319687,0.3610728681087494
20220902,0.26397421956062317,,,0.25217944383621216,0.3477209806442261,,,0.2547168433666229,,,0.3176114559173584,,0.16146238148212433,0.38999924063682556,0.44846683740615845,1.5118972063064575,,0.39419257640838623,0.2916869521141052,0.7551174759864807
20220903,0.542375922203064,,0.5041114091873169,,0.29572632908821106,1.636167049407959,0.22753769159317017,0.2915164530277252,0.8143851161003113,1.874719262123108,0.4916231632232666,,0.21761804819107056,0.3641470968723297,0.6543095707893372,0.5712399482727051,,0.37260767817497253,0.28096628189086914,0.586780846118927
20220904,,,0.582764744758606,,,,,,,,0.3437994420528412,0.17353951930999756,,,,,,,0.2756623923778534,0.39922505617141724
20220905,0.4158541262149811,0.9810596108436584,0.8863210678100586,,0.39262768626213074,,0.4277849495410919,0.45249149203300476,,,,,0.30658960342407227,,0.3720272183418274,0.6174028515815735,,,0.96248859167099,0.7863738536834717
20220906,,0.3293265402317047,1.5949593782424927,0.6870169639587402,0.5844692587852478,2.798123359680176,0.5920575261116028,0.8896457552909851,2.7870752811431885,9.07790756225586,0.6779006719589233,0.723797619342804,0.32406002283096313,0.611056387424469,0.8960050940513611,0.774364173412323,,0.31216371059417725,0.5386703610420227,
20220907,0.3260907828807831,0.2843439280986786,0.3253086805343628,0.26824069023132324,0.30661553144454956,0.23776736855506897,0.2204090803861618,0.349353551864624,,,0.29958635568618774,0.32580164074897766,0.1851886808872223,,,,,0.37353113293647766,0.46401119232177734,0.6972965002059937
20220908,,0.23780770599842072,,,,,,,,,,,,,0.3544653654098511,0.5783816576004028,,,,
20220909,0.3071742355823517,0.5716119408607483,0.2806189954280853,,,0.7735130786895752,,,,,,,,,,,,0.21407155692577362,0.2082870900630951,0.43020811676979065
20220910,0.2912048399448395,1.0095739364624023,,,,2.588810920715332,,,,,,0.49314382672309875,,,,,,,,
20220911,0.3030920922756195,0.9701253175735474,0.976677417755127,0.3775426745414734,0.3559603989124298,2.454315185546875,0.46528926491737366,0.31515297293663025,,,0.34159713983535767,,0.3009360432624817,0.3923647701740265,0.4958418309688568,0.8686100244522095,,0.6577374339103699,0.24220481514930725,
20220912,0.27948352694511414,0.726230800151825,0.8272172212600708,0.33458465337753296,0.38946986198425293,2.3824448585510254,0.4096691310405731,0.28057214617729187,2.3299601078033447,6.542270660400391,0.37487637996673584,1.1309003829956055,0.2789311408996582,0.37259766459465027,0.4208923578262329,1.4207645654678345,,0.5787453055381775,0.37580427527427673,0.6942463517189026
20220913,,,0.30415064096450806,0.9784241914749146,0.43783774971961975,1.9486820697784424,0.7303038239479065,0.32283827662467957,,,0.38434043526649475,,0.322372168302536,0.7144940495491028,0.5574465990066528,0.7530890107154846,,0.32500529289245605,0.3946559727191925,0.7648485898971558
20220914,0.32820847630500793,0.291989803314209,0.4760678708553314,0.327677845954895,0.29420268535614014,,,0.17422088980674744,,,,,0.212887704372406,,,,,,,1.4007312059402466
20220915,0.39718112349510193,,,,,,,,,,,,,,,,,0.4695337414741516,0.3232566714286804,0.548140823841095
20220916,0.42643409967422485,0.5911343097686768,0.6937776803970337,0.5649881362915039,0.35971376299858093,1.1386616230010986,0.5059463977813721,0.6202529072761536,,,0.4511511027812958,,0.27380794286727905,0.5193969011306763,0.5543776750564575,0.7564663887023926,,0.5566664338111877,0.3127978444099426,
20220917,0.408914715051651,,,0.3264181315898895,0.2956605851650238,,0.5996242761611938,0.6852667331695557,,,0.48240822553634644,0.8061782717704773,0.31053563952445984,0.6281355619430542,1.3484477996826172,,,0.4017232358455658,0.23789428174495697,
20220918,0.3289133906364441,0.6728433966636658,0.5534767508506775,0.3529645502567291,0.2346320003271103,2.08831787109375,0.9213424921035767,0.7907485961914062,1.7166340351104736,3.1993532180786133,0.3060106337070465,0.40702059864997864,0.28120389580726624,0.35052889585494995,,1.6928271055221558,,0.21349716186523438,0.34493348002433777,0.45323851704597473
20220919,,,0.3797492980957031,0.41693395376205444,0.30781683325767517,1.9710614681243896,0.5728464722633362,0.5182314515113831,1.8209222555160522,3.3865673542022705,0.6017444729804993,1.29647958278656,0.2926030158996582,0.641716718673706,0.5024822950363159,1.0435515642166138,,0.24094536900520325,0.2895815074443817,0.3524700701236725
20220920,0.2577001750469208,,,,,,,,,,,,,,,,,,,
20220921,0.30176687240600586,0.8660399317741394,0.8291706442832947,0.40679800510406494,0.3698224425315857,1.5939866304397583,0.5301202535629272,0.5313372015953064,,,0.8458850383758545,,0.3091859519481659,0.44920021295547485,,1.6842055320739746,,0.7695782780647278,0.954904317855835,
20220922,0.2618540823459625,0.967139720916748,1.034800410270691,0.34157270193099976,0.4371747672557831,2.8360800743103027,0.4830597937107086,,1.2046540975570679,,0.46104878187179565,,,,,,,,,2.1388840675354004
20220923,0.12973733246326447,,,,,0.688871443271637,,,,,,,0.2533726990222931,,,,,,,
20220924,0.262042760848999,0.7254797220230103,0.5581858158111572,0.4909990727901459,0.33611080050468445,2.4464783668518066,0.46334007382392883,0.4259462356567383,1.8984590768814087,7.284159183502197,0.6675024628639221,0.7768682241439819,0.23044607043266296,0.48904848098754883,0.7687796950340271,1.0317591428756714,,0.6759011149406433,0.5500081777572632,0.8540981411933899
20220925,,,,,,,,,,,,,,,,,,,,0.7991714477539062
20220926,0.21221013367176056,0.26185503602027893,0.3263607621192932,0.3355221450328827,0.2725498378276825,2.0865535736083984,0.5045562386512756,0.3169505298137665,1.2262765169143677,6.724753379821777,,0.9986793994903564,,0.25593167543411255,0.7306732535362244,0.7723294496536255,,0.7469098567962646,0.7860063314437866,
20220927,0.20815874636173248,1.2822768688201904,0.3110135495662689,0.4249989986419678,0.26039671897888184,1.4142767190933228,0.22390851378440857,,1.3671780824661255,2.697728157043457,,,0.18259796500205994,0.38363561034202576,0.5257971882820129,1.474521279335022,,0.6573253273963928,0.48522016406059265,
20220928,0.2613746225833893,1.2609233856201172,1.2177938222885132,,,2.8113958835601807,,,1.9367302656173706,2.7910966873168945,,,,,,2.01180100440979,,0.7711168527603149,0.2065335512161255,0.2819878160953522
20220929,0.2759380340576172,0.6695926189422607,0.6244699954986572,0.25615352392196655,0.2697433531284332,2.2210865020751953,0.259376585483551,0.37788063287734985,,,0.6921504735946655,0.35186660289764404,0.21879424154758453,0.3826284408569336,0.5889530777931213,1.0451546907424927,,0.6480568051338196,0.5085994005203247,0.7822557091712952
20220930,0.3626660704612732,0.36557185649871826,0.6573286652565002,0.25950464606285095,0.27151283621788025,1.9897911548614502,0.2825526297092438,0.2878934144973755,1.440427303314209,1.741125464439392,0.5138741731643677,0.33893805742263794,0.1998826563358307,0.23198343813419342,0.47353845834732056,0.7995284795761108,,0.5616787075996399,0.3692363500595093,0.46501511335372925
20221001,0.33562153577804565,0.8715381026268005,0.6513441205024719,0.4134749472141266,0.3228254020214081,1.4621341228485107,0.3901188373565674,0.4105691909790039,1.3070310354232788,2.2043814659118652,0.5088950991630554,0.44289490580558777,0.2829759120941162,0.4094429910182953,1.4614548683166504,1.039553165435791,,0.9906611442565918,0.6124607920646667,0.9393231868743896
20221003,,,,,,,,,,,,,,,,,,,0.4656852185726166,0.3868640661239624
20221004,0.14965835213661194,,,,,,,,,,,,,,,,,,,
20221005,0.2481715977191925,0.6232239007949829,0.15464159846305847,0.06325063854455948,,0.9886706471443176,,0.19258666038513184,,1.5804177522659302,0.27759018540382385,0.15976305305957794,,,,,,,,
20221006,0.15521015226840973,,,,0.231256365776062,,,0.3141283094882965,,,0.32034382224082947,0.2218904197216034,0.2829398214817047,0.33801397681236267,,0.6548196077346802,,0.31102848052978516,,0.3453311324119568
20221007,0.21034526824951172,0.33994412422180176,0.39208534359931946,0.242610901594162,,2.6339001655578613,,,,3.0678839683532715,,,0.2394615113735199,0.37851595878601074,,,,0.49016326665878296,0.30233684182167053,0.4816558361053467
20221008,0.22809076309204102,0.9398466348648071,0.993249773979187,0.3048247694969177,0.25825440883636475,1.6575137376785278,0.44246920943260193,0.38621917366981506,,5.493971824645996,0.34605950117111206,0.605209231376648,0.25965622067451477,0.28834572434425354,0.5347793698310852,0.8351359963417053,,0.5413655042648315,0.4650722146034241,0.9652283787727356
20221009,0.21535822749137878,0.84828120470047,0.5747604966163635,0.5028599500656128,0.33382025361061096,2.7921786308288574,0.9219828248023987,0.5640400648117065,4.799868106842041,10.31235408782959,0.25343796610832214,0.2556377649307251,0.2361743301153183,0.3943594694137573,0.36227381229400635,0.8861992955207825,,0.5453979969024658,0.5229589343070984,0.7669833898544312
20221010,,,,,,,0.2077510952949524,0.1995215266942978,,,,,,0.33633071184158325,0.5877707004547119,,,0.48872119188308716,0.478049635887146,1.4951212406158447
20221011,0.23493516445159912,0.875126302242279,0.39163675904273987,0.2532404959201813,,6.9541778564453125,,,,,,,,,,,,,,
20221012,,,,,,,,,,,,,,,,,,,,
20221013,0.2199690192937851,0.5729192495346069,0.28457584977149963,0.2152203470468521,0.2745036482810974,,0.3909290134906769,0.2976777255535126,,0.9608003497123718,0.2598874568939209,0.31781402230262756,0.17352084815502167,0.46033960580825806,0.400323748588562,0.5118710398674011,,0.4572661519050598,,
20221014,0.19274476170539856,,,,,0.5322844386100769,0.21311256289482117,0.26682981848716736,,3.4630563259124756,0.3161410689353943,0.4343957006931305,0.2708440124988556,0.30166399478912354,0.3614538311958313,1.153903603553772,,0.48175644874572754,0.32782959938049316,0.5372986197471619
20221015,0.20219063758850098,0.5514101982116699,0.47079235315322876,0.19894683361053467,0.17268209159374237,2.81665301322937,0.7624284029006958,0.3429642915725708,,6.5853776931762695,,0.6808459758758545,0.21034878492355347,0.35615140199661255,0.3153298497200012,0.9564487338066101,,0.3327943980693817,0.3293161392211914,0.3286300301551819
20221016,0.2704598903656006,0.301829069852829,0.4531486928462982,0.3385789096355438,0.2605547606945038,1.687597632408142,0.43872663378715515,0.326958030462265,2.9240927696228027,8.677560806274414,0.5271778702735901,0.5193198919296265,0.2046930342912674,0.3930495083332062,0.3913570046424866,0.7375392317771912,,0.3909774422645569,0.6038177013397217,1.4572527408599854
20221017,,,,,,,,,,,,,,,,0.8732115626335144,,0.510805070400238,0.46977174282073975,1.8197729587554932
20221018,0.16729618608951569,,,0.14254678785800934,0.1636049598455429,0.34085845947265625,0.24286702275276184,0.15215367078781128,,,,,0.20100027322769165,0.30477336049079895,0.4321236312389374,0.5465566515922546,,0.5462244749069214,1.2613284587860107,1.4457943439483643
20221019,,,1.0841567516326904,0.46152231097221375,0.5533323884010315,0.9333987236022949,0.28707802295684814,0.4257686138153076,,12.599271774291992,,,0.21933020651340485,0.6982084512710571,0.5338183045387268,0.6641199588775635,,0.6155341267585754,1.0184147357940674,3.258857011795044
20221020,0.2054232656955719,0.3245500326156616,0.2555631995201111,0.19697706401348114,0.3024091124534607,,,0.2272575944662094,,,,,0.17858131229877472,,,0.6953896284103394,,0.5843634009361267,0.8916215896606445,3.6267755031585693
20221021,0.2424745261669159,0.9625129103660583,0.5456333756446838,0.4325845539569855,0.24851252138614655,1.0080742835998535,0.2406042218208313,0.2344423085451126,,,,,0.15682458877563477,,,,,,0.2995394170284271,
20221022,,,0.38922467827796936,,,,,0.2233532816171646,,,,,,,,0.409965455532074,,,,
20221023,0.16680337488651276,0.2465929090976715,0.2666780650615692,0.2127126008272171,,,,,,,,,,,,,,,,
20221024,0.2893567979335785,1.2565804719924927,,0.19709205627441406,,0.734980583190918,,,,,,,,,,,,,,
20221025,,,,,,1.5364995002746582,0.19844335317611694,,,,0.22999347746372223,0.2364646941423416,,,,,,,,2.889667510986328
20221026,0.15470001101493835,0.26494142413139343,0.4096658527851105,,,,,,,,,,,,,,,,0.294781893491745,
20221027,0.19778935611248016,0.2896173298358917,0.18952299654483795,0.2328203320503235,0.13205665349960327,2.4550976753234863,0.3637191355228424,0.36924993991851807,,,0.2532317340373993,0.2555381953716278,0.20279072225093842,0.2099088430404663,,,,,,
20221028,0.14617031812667847,0.714111328125,0.41578376293182373,0.2464555948972702,0.2553849220275879,1.9455857276916504,0.42663174867630005,0.2866411507129669,,,0.3698798418045044,0.44157999753952026,,,,,,0.25978580117225647,,
20221029,0.23641465604305267,0.18838921189308167,0.63133305311203,0.2722703516483307,0.3097776770591736,1.7784003019332886,0.4373684525489807,0.321618914604187,,,0.37658295035362244,0.2499607652425766,0.24005116522312164,0.3061351776123047,0.2811132073402405,0.40345868468284607,,0.4187453091144562,0.28339332342147827,
20221030,,,,,,2.836646318435669,,,2.2680492401123047,,0.4539371132850647,0.40197479724884033,,0.45978838205337524,0.5677365064620972,1.1120742559432983,,0.8466116786003113,,
20221031,,,,,,,,,,,,,,,,,,,,
20221101,0.39291033148765564,,,,,,,,,,,,,,,,,,,
20221102,0.38014400005340576,0.5167356729507446,,,,1.7479664087295532,0.34432291984558105,,,,,,,,,,,0.21499507129192352,,
20221103,0.27968156337738037,0.7606438398361206,0.4638899564743042,0.5026451945304871,0.4374378025531769,1.2634731531143188,0.37861040234565735,0.2427850216627121,1.8920246362686157,2.83439040184021,0.26803141832351685,0.5515281558036804,0.17288757860660553,0.19968587160110474,,0.5967751741409302,,0.28152796626091003,0.30628809332847595,0.6571748852729797
20221104,,,0.7050579786300659,0.4922848343849182,0.4243018329143524,1.7403473854064941,0.5284790396690369,0.42372897267341614,,3.1805875301361084,0.6009933948516846,0.47739142179489136,0.22751276195049286,0.7629258632659912,0.5918861627578735,0.8328072428703308,,0.22627046704292297,,2.1057608127593994
20221105,0.2599877417087555,0.24317890405654907,,0.22154441475868225,,,,,,,,,,,,,,0.5871138572692871,1.0402514934539795,1.0181024074554443
20221106,0.2086513638496399,0.47293031215667725,0.42067834734916687,0.1433141529560089,0.25268179178237915,1.6417245864868164,0.35183265805244446,0.3467733860015869,2.592569589614868,3.0731470584869385,0.4906674027442932,0.335496187210083,0.21438822150230408,0.3897024691104889,0.8328400254249573,0.4747571647167206,,0.6127768754959106,0.8051088452339172,5.575491905212402
20221107,0.2069399207830429,0.21259424090385437,0.5427899360656738,0.22324776649475098,0.292321115732193,2.3835179805755615,0.23492518067359924,0.36082759499549866,3.727475881576538,8.883624076843262,0.3912612199783325,0.383714497089386,0.20546849071979523,0.364190012216568,1.0821301937103271,0.44796717166900635,,0.505723774433136,2.089263916015625,2.730931282043457
20221108,0.21046604216098785,0.6607545018196106,0.4904152750968933,,,1.7879725694656372,,0.4572424292564392,,4.994978904724121,,0.3239981234073639,,0.23279640078544617,1.0712106227874756,0.43763890862464905,,1.0513973236083984,1.8626201152801514,1.3653178215026855
20221109,,,0.6296768188476562,0.2928737699985504,,,0.2210138887166977,0.39393192529678345,1.7485730648040771,2.550532341003418,0.5720422863960266,,0.13361124694347382,0.4409381151199341,,,,0.24627792835235596,0.3801186680793762,2.3106689453125
20221110,0.15957890450954437,,,,,4.223189353942871,,,,6.243946552276611,,,,,,,,0.8720157742500305,0.35514360666275024,
20221111,,0.12810491025447845,,0.17318251729011536,0.14106404781341553,,,,,,,,,,,,,,,
20221112,0.23456358909606934,0.25002336502075195,0.20938730239868164,0.291805237531662,,,,,,,,,0.15675164759159088,,,,,,,
20221113,0.1800563931465149,0.27722975611686707,,,,1.4000065326690674,0.26955530047416687,0.2769645154476166,,2.320744752883911,0.3345226049423218,0.47407519817352295,0.11726223677396774,0.4065539240837097,,0.3926364481449127,,0.629653811454773,0.31464794278144836,
20221114,0.28812238574028015,0.18924933671951294,0.2486022561788559,0.21324895322322845,0.32948222756385803,2.612504720687866,0.584918737411499,0.21700851619243622,,,,,0.13978789746761322,0.2531156539916992,,,,0.26705387234687805,,0.3178892433643341
20221115,,,,,,2.4263670444488525,0.500730037689209,,,3.0773510932922363,0.4940418303012848,0.5914382934570312,,0.36117449402809143,0.388214111328125,0.48802506923675537,,0.45448794960975647,0.2661360800266266,0.24629101157188416
20221116,0.2899184226989746,1.060861587524414,0.6139894127845764,,,,,,,,,,,,,,,,,0.8682389855384827
20221117,0.28291696310043335,0.27016976475715637,0.9186785221099854,0.3519498407840729,0.3493691384792328,1.7144349813461304,0.6076819896697998,0.4328625202178955,2.1909217834472656,6.189363956451416,0.7403245568275452,0.7436304688453674,0.22932825982570648,0.3990974724292755,1.4016547203063965,0.4760785698890686,,0.3811590075492859,0.2959911525249481,
20221118,0.2413889467716217,0.43301907181739807,0.45654934644699097,0.3017362356185913,0.41592082381248474,1.5496548414230347,0.4210485517978668,0.24418573081493378,,,,,,,,,,3.0089635848999023,1.009775161743164,3.905266284942627
20221119,0.2015540897846222,0.5545470118522644,0.40530744194984436,0.1966436505317688,,0.8350623846054077,0.2886236906051636,0.3228388726711273,,,0.3613497018814087,,,0.26529449224472046,,,,0.2423313707113266,,4.140050888061523
20221120,,,,,,1.556389331817627,2.264045238494873,0.18414263427257538,,,0.6308965682983398,0.603602945804596,,0.25614994764328003,0.2787042260169983,,,0.22804464399814606,,0.35250285267829895
20221121,,,,,,,,,,,,,,,,,,,,0.9004424214363098
20221122,0.33790865540504456,1.1867352724075317,0.43288126587867737,,,,,,,,,,,,,,,,,
20221123,0.26302072405815125,0.6615243554115295,0.447622150182724,0.27301448583602905,0.29989057779312134,1.7747151851654053,0.4852701723575592,0.30429476499557495,,2.5590341091156006,0.22567808628082275,0.8356575965881348,0.17958392202854156,0.1999647468328476,0.30463120341300964,0.8047754168510437,,0.17939744889736176,0.29045209288597107,
20221124,0.273994117975235,0.9953197836875916,0.6328322291374207,0.5697301626205444,0.4017379879951477,1.9784908294677734,0.647330105304718,0.3848409652709961,2.1556003093719482,3.1737775802612305,0.5771180987358093,0.965480387210846,0.1899917870759964,0.3671388030052185,0.9926286935806274,0.97463059425354,,0.42367449402809143,0.47693735361099243,0.49567711353302
20221125,,0.7091432213783264,0.6928153038024902,0.5802817940711975,0.39163678884506226,2.218020439147949,0.6431172490119934,0.4243011474609375,2.1330389976501465,3.996799945831299,0.6971815824508667,0.9506195783615112,0.17853926122188568,0.7944312691688538,1.1508334875106812,0.7042116522789001,,0.41089433431625366,1.460573673248291,
20221126,,,,,,,,,,,,,,,,,,,,
20221127,,,,,,,,,,,,,,,,,,,,
20221128,0.17507244646549225,,,0.10158516466617584,,1.2659002542495728,,,,,,,,,,,,,,
20221129,0.2450512796640396,0.697961688041687,0.5068473219871521,0.2709118723869324,0.40637490153312683,2.162609815597534,0.419572114944458,0.25246885418891907,1.5584588050842285,1.8880188465118408,0.6728243231773376,0.5881966352462769,,0.13327187299728394,,,,0.2913784682750702,0.40502843260765076,0.46827611327171326
20221130,0.3207927942276001,0.7547882199287415,0.5451290607452393,0.5112311840057373,0.43003472685813904,2.0478663444519043,0.5493854284286499,0.4283748269081116,2.067674160003662,3.0857980251312256,0.702523946762085,0.7054556012153625,0.1309022158384323,0.3712148666381836,0.3177047669887543,0.5144876837730408,,0.245096355676651,0.25668591260910034,0.5771625638008118
20221201,,,,,,2.0925490856170654,0.7210608720779419,1.0016117095947266,2.148224353790283,3.8772144317626953,0.726058840751648,0.865081787109375,,0.32443997263908386,1.2858226299285889,0.8098862171173096,,0.5049834847450256,0.6087287664413452,0.7386974692344666
20221202,0.2807921767234802,0.9341341853141785,0.4660555422306061,0.2957160174846649,,,,,,,,,,,,,,,0.28803569078445435,2.563138484954834
20221203,0.2599683701992035,0.2703751027584076,0.3229437470436096,0.7124714255332947,0.25267133116722107,1.8677202463150024,0.5321134328842163,0.3644391894340515,1.8278813362121582,7.025793075561523,0.46656373143196106,1.157519817352295,0.18089011311531067,0.3919074535369873,1.7495806217193604,0.6306835412979126,,0.5460823774337769,0.3547622263431549,1.0440454483032227
20221204,,,,,,3.8416614532470703,,0.15309689939022064,,,,,,,,,,,,0.575666606426239
20221205,0.18221169710159302,,0.24318712949752808,0.1952633261680603,0.3854480981826782,1.153560996055603,0.42014333605766296,0.4298088550567627,1.433572769165039,2.863581895828247,0.5803375244140625,0.6339828968048096,0.16975845396518707,0.40050917863845825,1.459282636642456,0.6752433180809021,,0.5708763599395752,,
20221206,,,,,0.23743386566638947,,,0.4015294909477234,,,0.49798768758773804,0.5572195649147034,0.2097480744123459,0.4856579303741455,0.4291734993457794,0.573844850063324,,,0.29803788661956787,1.7542272806167603
20221207,0.24537302553653717,,,,,,,,,,,,,,,,,,,0.708225429058075
20221208,,,0.26193079352378845,0.3529621660709381,0.3749840557575226,0.6817386746406555,0.3592800498008728,0.4516527056694031,,,,,0.16793420910835266,,,,,,,
20221209,0.3288690447807312,0.8900663256645203,0.44798049330711365,0.33334779739379883,0.4243125021457672,1.9592797756195068,0.5094341039657593,0.453113853931427,,3.250863552093506,0.6175180673599243,0.7416517734527588,0.21953891217708588,0.6537951827049255,1.3045763969421387,0.7642489671707153,,0.4495278596878052,0.24849016964435577,
20221210,0.256768137216568,0.6218454241752625,0.32189837098121643,0.42835476994514465,0.3964431881904602,1.0993824005126953,0.42035818099975586,0.4057517945766449,1.9100449085235596,2.800743579864502,0.6214154958724976,0.6081499457359314,0.20436479151248932,0.4459184408187866,1.5835821628570557,,,,0.3058605492115021,2.926029920578003
20221211,,,,0.2163071632385254,0.1133660301566124,2.2209744453430176,0.2821148931980133,,2.442656993865967,2.622147560119629,,,,,,,,,,
20221212,,,,,,,,,,,,,,,,,,,0.29746103286743164,1.0897902250289917
20221213,0.21055549383163452,0.1971019208431244,0.2280270755290985,,,,,,,,,,,,,,,,,
20221214,0.2538943588733673,0.5625370740890503,0.5412684082984924,0.24726545810699463,0.23082919418811798,1.308558464050293,,0.17413976788520813,,,,,,,,,,0.43162450194358826,,
20221215,0.3074387311935425,0.784266471862793,0.4421004056930542,0.21863052248954773,0.4625449478626251,1.8747656345367432,0.4476388394832611,0.34819909930229187,2.401923418045044,2.6530046463012695,,0.5256300568580627,,,0.5698462128639221,0.9589640498161316,,,,0.3134829103946686
20221216,0.49767500162124634,0.6493221521377563,0.5187652111053467,0.4877690076828003,0.3275936543941498,1.7760037183761597,0.5223091244697571,0.4604368507862091,2.5437204837799072,2.7113308906555176,0.6338396072387695,0.5036891102790833,0.19435179233551025,0.396790087223053,1.7746901512145996,0.7712372541427612,,0.4722100794315338,0.43685269355773926,2.9795336723327637
20221217,,,,,,2.2616381645202637,,,2.249171257019043,2.9889943599700928,,0.6043367981910706,,,2.267136573791504,0.5837096571922302,,0.5415980219841003,0.44683733582496643,0.5580570101737976
20221218,,,,,,,,,,,,,,,,,,,,1.4375876188278198
20221219,0.33692243695259094,0.3411770761013031,,,,,,,1.787339210510254,3.017465114593506,0.44320040941238403,0.5960805416107178,0.2002529799938202,0.5993070602416992,2.5284852981567383,0.44062963128089905,,0.5864720940589905,,
20221220,0.2941901683807373,0.7124031186103821,0.48070475459098816,0.30666300654411316,0.3713330626487732,2.0507118701934814,,,,,,,,,,,,,0.33491063117980957,3.40122389793396
20221221,,0.7047682404518127,0.6377103924751282,0.43400144577026367,0.3888985216617584,0.9964501857757568,0.44391945004463196,0.42297303676605225,,1.9140843152999878,0.5157598257064819,0.5177144408226013,0.23769986629486084,0.759114146232605,1.6353392601013184,,,,,
20221222,,,,,0.3990524709224701,1.6675214767456055,0.47223299741744995,0.5835846066474915,2.074988842010498,3.412877321243286,0.8730061650276184,0.44437146186828613,0.25612324476242065,1.3139755725860596,0.43494001030921936,,,,0.3140650689601898,0.6644403338432312
20221223,0.26005592942237854,,,,,,,,,,,,,,,,,,,0.48691871762275696
20221224,0.2557937204837799,0.90748530626297,0.47501179575920105,0.4742363393306732,0.3149329125881195,1.2820780277252197,0.3250488042831421,0.43467703461647034,2.7759313583374023,6.782627582550049,0.8941001892089844,,0.2393738329410553,0.7052456140518188,2.0625388622283936,0.617955207824707,,0.5123393535614014,,
20221225,0.23464976251125336,0.6413453221321106,0.4042398929595947,0.2511935532093048,0.35599079728126526,2.5446176528930664,0.3823375105857849,0.49893516302108765,2.5163650512695312,6.923340797424316,0.5500956773757935,0.4287996292114258,0.22883208096027374,0.7307640314102173,2.986997365951538,2.4113965034484863,,0.40908083319664,0.21473705768585205,3.792848587036133
20221226,0.18887515366077423,0.2532551884651184,0.2624179422855377,0.33085957169532776,0.3554574251174927,1.851575255393982,0.4580046832561493,0.42657265067100525,2.314321994781494,2.559922218322754,0.6891008019447327,0.5392495393753052,0.23132701218128204,0.6617975234985352,2.889936685562134,0.7574937343597412,,0.4063080847263336,0.2244775891304016,1.8019287586212158
20221227,,,0.9336331486701965,0.2867673933506012,0.2182786911725998,2.0243945121765137,0.4580775499343872,0.4004998207092285,1.9327397346496582,2.465834617614746,0.28955066204071045,0.5072381496429443,0.2588901221752167,0.7095544934272766,2.400345802307129,0.8073776960372925,,0.3741752803325653,0.19609422981739044,1.043044924736023
20221228,,,,,,,,,,,,,,,,,,0.45560356974601746,0.1632089763879776,0.20825888216495514
20221229,0.29358887672424316,0.8604986667633057,0.4639548361301422,0.335859477519989,0.2917674779891968,,,,,,,,0.2189309149980545,,,,,,,
20221230,0.3012133538722992,0.6374956965446472,0.46445751190185547,0.2998664081096649,0.2993422746658325,1.3921959400177002,0.4617391526699066,0.4530530273914337,2.2733824253082275,3.511683940887451,0.5968238115310669,0.49429529905319214,0.23734159767627716,0.7235361337661743,3.2821531295776367,0.5351083874702454,,0.4897158145904541,,
20221231,0.29107585549354553,0.7667245268821716,0.45199134945869446,0.3730247914791107,0.3518328070640564,1.8308318853378296,0.4680449962615967,0.44373705983161926,2.4470207691192627,2.682363510131836,0.619322657585144,0.5089867115020752,0.2446245551109314,0.883759617805481,3.2423694133758545,0.3549184799194336,,0.4290115237236023,0.21233585476875305,2.2021217346191406
20230101,0.37985050678253174,0.7956542372703552,0.6879488825798035,0.5209689140319824,0.37910139560699463,1.8049980401992798,0.4124450981616974,0.4524680972099304,2.272569179534912,3.8100576400756836,0.7283537983894348,0.4597611427307129,0.2422584891319275,1.0524095296859741,2.632200002670288,0.3811028003692627,,0.6286107301712036,0.246038556098938,1.0307691097259521
20230102,,,,,,,,,,,,,,,0.34558919072151184,0.26814013719558716,,0.5899955034255981,0.18952269852161407,0.6881307363510132
20230103,0.14756880700588226,,,,,,,,,,,,,,,,,,,0.9249038696289062
20230104,0.2593452036380768,0.26110678911209106,0.541056752204895,0.5618911385536194,0.30431875586509705,1.2409316301345825,0.6099311709403992,0.465957373380661,,,0.49646154046058655,0.4855627119541168,,,,,,,,
20230105,0.31067967414855957,0.7085667848587036,0.5161001086235046,0.5192571878433228,0.4142583906650543,1.708152174949646,0.4569558799266815,0.44029250741004944,2.648850917816162,2.942323923110962,0.6305351853370667,0.5407474637031555,0.13400733470916748,0.44730105996131897,1.581947922706604,0.3534935414791107,,0.506495475769043,0.16591215133666992,0.36844950914382935
20230106,0.37365037202835083,0.7999879121780396,0.7881680727005005,0.7183189988136292,0.4266873002052307,1.691798448562622,0.44397661089897156,0.5508788824081421,2.4285941123962402,2.5871245861053467,0.8089221715927124,0.5194413661956787,0.31890565156936646,1.4135123491287231,2.5770559310913086,0.3449432849884033,,0.49889108538627625,0.2619290351867676,2.4623146057128906
20230107,,,,,0.41661661863327026,1.9606045484542847,0.48535215854644775,0.6211227774620056,2.4778406620025635,3.1957337856292725,0.8939948678016663,0.6333096623420715,0.3572179973125458,2.159085273742676,2.6077020168304443,0.6704298853874207,,0.48691457509994507,0.25859642028808594,1.182893991470337
20230108,,,,,,,,,,,,,,,,,,,0.254584401845932,1.0877026319503784
20230109,,0.834043025970459,0.558371901512146,0.7443146109580994,0.3952910900115967,0.7130259871482849,0.26708778738975525,0.4512610137462616,,,,,0.39917993545532227,,,,,,,
20230110,0.3449039161205292,0.24457520246505737,0.3738853931427002,0.652015745639801,0.3791869580745697,0.7292068600654602,0.3439163267612457,0.609656810760498,2.034614086151123,2.209517240524292,0.7017712593078613,0.4879528284072876,0.5578047037124634,3.6954987049102783,2.0905628204345703,0.29085445404052734,,1.3753567934036255,,0.6200758814811707
20230111,0.271009236574173,0.6957152485847473,0.4968980550765991,0.7625090479850769,0.39589083194732666,0.5271121263504028,0.2738490700721741,0.5350526571273804,,,0.8192436695098877,0.4607261121273041,0.3732772767543793,1.1605322360992432,1.1054909229278564,0.2664623558521271,,0.6655463576316833,0.1782030165195465,0.9517824053764343
20230112,,,0.6355960965156555,0.8895443677902222,0.475774884223938,2.041135549545288,0.42124417424201965,0.6462587714195251,2.774237871170044,3.0813040733337402,0.8448365926742554,0.5492851138114929,0.3892954885959625,1.060572624206543,2.0115408897399902,0.6654831171035767,,0.6426310539245605,0.39304977655410767,1.4146109819412231
20230113,0.30771324038505554,,,,,,,,,,,,,,,0.7095012664794922,,0.8788374066352844,0.37446990609169006,2.6307060718536377
20230114,,0.26177889108657837,,,,,,,,,,,,,,,,,,0.9469352960586548
20230115,0.35149288177490234,0.34457215666770935,0.2557656764984131,0.8642764091491699,0.2803661823272705,,,,,,,,0.30636119842529297,0.8322510123252869,1.5870593786239624,0.3541981279850006,,1.1153075695037842,0.9499544501304626,
20230116,0.3704063594341278,0.8237075805664062,0.5400919914245605,0.7222439050674438,0.5052713751792908,1.554876446723938,0.4171881079673767,0.6286484599113464,3.125746250152588,3.3985934257507324,0.8877732157707214,0.5758437514305115,0.45637068152427673,1.4521375894546509,2.821014404296875,0.35514819622039795,,0.6921284198760986,0.42465463280677795,0.9855648279190063
20230117,,,,,,,,,,,,,,,,,,,,0.2883705794811249
20230118,,,,,,,,,,,,,,,,0.3553827106952667,,0.6913434863090515,0.11405101418495178,
20230119,0.5424209237098694,0.5402339100837708,,,,,,,,,,,,,,,,,,0.27176719903945923
20230120,0.422684907913208,0.4260558485984802,0.7821857333183289,,,,,,,,,,,,,,,0.8601267337799072,0.08918829262256622,
20230121,0.43477189540863037,0.8543260097503662,0.6593254804611206,0.7161577939987183,0.4275440275669098,2.4538650512695312,0.5203474760055542,0.6575338840484619,3.668830394744873,3.4158823490142822,1.0150885581970215,0.8038734793663025,0.44540703296661377,2.0849907398223877,1.9229661226272583,0.6193042993545532,,0.6621279120445251,0.23218058049678802,1.78484308719635
20230122,0.4514656662940979,0.8884775042533875,0.9317305088043213,0.7650152444839478,0.556419849395752,2.0242717266082764,0.452989786863327,0.6509596109390259,2.744582176208496,2.8294241428375244,0.9173271059989929,0.6115092039108276,0.5929979681968689,1.3525474071502686,1.6124746799468994,0.6632891297340393,,0.5489224791526794,0.26735609769821167,0.4528341293334961
20230123,,,,,,,,,,,,,,,0.5051160454750061,0.827722430229187,,0.29211995005607605,0.24805879592895508,1.151134729385376
20230124,0.3900107443332672,0.2266361564397812,,,,,,,,,,,,,,,,,0.2953929007053375,0.21198461949825287
20230125,0.33611544966697693,1.3095544576644897,0.6221701502799988,0.8410459756851196,0.4746810793876648,2.171816110610962,0.5355660915374756,1.0613470077514648,2.105348825454712,,0.9302534461021423,0.5018561482429504,0.9296278357505798,3.1111598014831543,2.5757458209991455,,,,,
20230126,0.3617704510688782,0.7556718587875366,0.6313736438751221,0.6617023944854736,0.6244409084320068,2.2581188678741455,0.3840274512767792,1.0095525979995728,2.913703203201294,4.137500762939453,0.8954475522041321,0.5844002366065979,0.7962332963943481,2.948415517807007,0.8425374031066895,1.0164350271224976,,0.4050002694129944,0.21053148806095123,0.41405189037323
20230127,0.25484392046928406,0.38756516575813293,0.5987250804901123,0.9281600117683411,0.38036373257637024,1.3829281330108643,0.25218838453292847,0.6582168936729431,3.04677152633667,2.800605058670044,0.9424281716346741,0.702318012714386,0.4978067874908447,1.26687490940094,3.5258007049560547,0.6928790807723999,,0.5516508221626282,0.28251317143440247,1.5810062885284424
20230128,,,,,,,,,,,,,,,,,,,,
20230129,0.2059491127729416,,,,,,,,,,,,,,,,,0.5285081267356873,0.16912849247455597,
20230130,0.23785489797592163,0.5962321162223816,0.4398636817932129,0.7970427870750427,0.5416106581687927,,0.30609655380249023,0.9376976490020752,,,1.7591509819030762,,0.8622356653213501,1.4117512702941895,,,,,,0.16999422013759613
20230131,0.3168814778327942,0.26092731952667236,0.5054227113723755,0.3441169857978821,0.41248199343681335,2.116732597351074,0.48876678943634033,0.6386668682098389,2.7479891777038574,5.274612903594971,0.9263441562652588,0.66592937707901,0.4219648241996765,0.9838812351226807,3.2067689895629883,0.3869122862815857,,0.3578731119632721,,0.6013458371162415
20230201,0.18187448382377625,,,0.35319724678993225,0.3537159562110901,2.4244232177734375,,0.3021336495876312,,,,,0.32405903935432434,,0.3791261911392212,0.3822231888771057,,0.5897390246391296,0.16551131010055542,0.17737895250320435
20230202,,0.3800109326839447,0.5053607821464539,0.18034981191158295,0.2941557466983795,,,0.6290836930274963,,,,,0.2531679570674896,0.41024309396743774,0.16540741920471191,0.3257768154144287,,0.2530626654624939,0.11245369911193848,
20230203,,,,,,,,,,,,,,,,1.7404460906982422,,0.48257288336753845,0.19060571491718292,0.3333360254764557
20230204,0.3872707188129425,1.7246049642562866,1.7824903726577759,,0.6893495321273804,,,,,,,,,,,,,,,1.4104459285736084
20230205,0.349525511264801,0.3516790270805359,0.8674575686454773,0.5448790192604065,0.5043057203292847,2.457111120223999,0.8267003297805786,0.7699609994888306,2.6875076293945312,2.8890726566314697,0.9175851345062256,0.7693238854408264,0.5656571388244629,0.8210203051567078,3.1916420459747314,,,0.2201484739780426,0.2148294597864151,
20230206,0.34242209792137146,0.8016733527183533,0.6341551542282104,0.5616137385368347,0.5975801944732666,2.894761562347412,0.616858959197998,0.8337697982788086,3.52313232421875,2.906712770462036,1.033618688583374,0.6688768863677979,0.6800079941749573,2.1415646076202393,2.531904935836792,2.4508960247039795,,0.5797491073608398,0.11591771990060806,0.5511350631713867
20230207,0.34921514987945557,0.7740750312805176,0.7759292721748352,0.6249250173568726,0.6839986443519592,2.2778806686401367,0.6565409302711487,0.7857412695884705,2.579399585723877,2.472437858581543,0.9479275345802307,0.6660040616989136,0.7234157919883728,1.0872228145599365,2.0115725994110107,1.485018014907837,,0.4442659616470337,0.2771233320236206,6.4919233322143555
20230208,,,,0.49604400992393494,0.539864182472229,2.5262370109558105,0.6552923321723938,0.9338764548301697,,,1.2494415044784546,,0.7547804713249207,1.271531343460083,2.009012460708618,1.3989484310150146,,0.4298046827316284,0.26231658458709717,0.7639641165733337
20230209,0.4235868453979492,0.3894127905368805,,0.29851484298706055,0.972631573677063,,0.4342527389526367,,,,,0.8787076473236084,,,,,,0.986508309841156,0.305529922246933,1.2822321653366089
20230210,0.30329933762550354,,,,0.5666297078132629,2.335252523422241,0.5826749205589294,0.5355982184410095,2.5474867820739746,3.0642528533935547,0.9489688277244568,0.6538926959037781,0.2721382975578308,0.5106761455535889,1.329370379447937,0.872435450553894,,0.627952516078949,,1.656840205192566
20230211,0.2827219069004059,1.2488328218460083,0.6401142477989197,0.23741504549980164,0.5597119927406311,2.3873212337493896,0.45225822925567627,0.6962175965309143,2.8061182498931885,3.9522809982299805,0.9325081706047058,0.714126467704773,0.40791428089141846,1.02165949344635,1.5183831453323364,,,,,1.495308756828308
20230212,,0.19361676275730133,0.2529367506504059,0.47878825664520264,0.5294728875160217,1.6921519041061401,0.5411167144775391,0.7890549302101135,2.9919209480285645,3.2304587364196777,1.1467069387435913,0.8397294878959656,0.468733549118042,1.0321261882781982,0.3522608280181885,2.505105495452881,,0.5216583013534546,0.17082016170024872,0.14269597828388214
20230213,,,0.8587932586669922,0.6316375732421875,0.5472771525382996,2.1047894954681396,0.6283805966377258,0.7425024509429932,2.5362513065338135,2.9555678367614746,1.1043485403060913,0.7375496029853821,0.3736998438835144,0.7718465924263,0.3205482065677643,1.2599236965179443,,0.4934278130531311,0.1784181296825409,0.250771164894104
20230214,0.38222095370292664,0.3795834183692932,0.6941747069358826,0.2551123797893524,0.9352028369903564,2.3779819011688232,0.4633103013038635,0.7430888414382935,,4.45859956741333,0.9805111885070801,0.8641486167907715,0.32312148809432983,1.171643853187561,2.24859881401062,1.179953694343567,,0.5748754739761353,0.23175331950187683,0.9981642365455627
20230215,0.3544888496398926,0.8981698155403137,0.6793658137321472,0.4825180768966675,0.47094154357910156,2.7109858989715576,0.44313251972198486,0.6584873795509338,2.9928791522979736,3.3792450428009033,1.051864504814148,0.6349005699157715,0.43635091185569763,0.47589075565338135,,0.6057033538818359,,0.5958029627799988,0.3144190013408661,0.2520780563354492
20230216,0.18372920155525208,0.27372482419013977,0.2172398716211319,0.18540914356708527,0.24564652144908905,3.1058669090270996,1.4091757535934448,0.41936126351356506,,,,,0.3792319893836975,0.5811676979064941,1.4000194072723389,0.5658411979675293,,,,
20230217,0.2722501754760742,0.8398520350456238,0.5432688593864441,0.465909868478775,0.53275066614151,2.607318162918091,0.566346287727356,0.7341291904449463,3.5225696563720703,5.1122918128967285,1.174460530281067,0.5351642966270447,0.3512953519821167,1.212618350982666,,,,0.1537356674671173,,0.8285709619522095
20230218,0.37940993905067444,0.9402102828025818,0.8210901618003845,0.5016061067581177,0.5051161050796509,2.01068377494812,0.5275301933288574,0.6900869011878967,2.2569620609283447,3.2979238033294678,0.9800195097923279,0.6308522820472717,0.32828256487846375,0.7118676900863647,1.4691861867904663,0.7391611337661743,,0.4206355810165405,0.1812647134065628,1.6198137998580933
20230219,0.3027844727039337,0.24434874951839447,,0.2195652425289154,0.9115884304046631,2.484605550765991,0.6371888518333435,0.8586452603340149,2.6588308811187744,4.016823768615723,1.1825730800628662,0.6649283766746521,0.39026156067848206,1.519500732421875,1.8656299114227295,1.0105457305908203,,0.3632649779319763,0.17102506756782532,0.9976169466972351
20230220,0.29181820154190063,0.8896615505218506,0.713431715965271,0.40404707193374634,0.5973008871078491,1.40303373336792,0.5510258674621582,1.0831044912338257,,,1.6009753942489624,,0.36467140913009644,,,,,0.4722713232040405,0.1470642387866974,1.218611717224121
20230221,0.3042148947715759,0.24760307371616364,,,,2.95381236076355,0.6374160647392273,0.6524903774261475,2.440514087677002,6.145795822143555,0.7526333332061768,0.642723023891449,,1.1737254858016968,2.0394532680511475,0.7675580978393555,,0.3967151641845703,0.21647946536540985,0.2457384318113327
20230222,0.32690706849098206,0.9802291989326477,0.8355457782745361,0.30734801292419434,,4.985208034515381,0.3144780099391937,0.9717563986778259,,,1.0172829627990723,,1.2164908647537231,1.6875442266464233,3.7376954555511475,,,0.4769064486026764,0.27395346760749817,0.8269310593605042
20230223,0.2710306644439697,0.5740346908569336,0.5795990824699402,0.5080858469009399,0.589310348033905,2.7092950344085693,0.5531792640686035,0.9819700121879578,3.4714810848236084,6.365694522857666,1.2637301683425903,0.7412785291671753,0.4564291536808014,0.9899722933769226,2.141507625579834,0.5734308362007141,,0.5279671549797058,0.23302777111530304,0.7863742113113403
20230224,,,,,0.3851960599422455,,,,,,,0.42723923921585083,,,0.6559807062149048,,,0.13675493001937866,0.16639187932014465,1.0912728309631348
20230225,0.2658784091472626,0.6304280161857605,0.8192449808120728,0.30946096777915955,0.20776832103729248,,,,,,,,,,,,,,0.11780766397714615,
20230226,0.33303406834602356,0.8032271862030029,0.652797281742096,0.36048421263694763,0.4335786700248718,2.855032444000244,0.5688745379447937,0.7213610410690308,2.599045753479004,4.5732197761535645,1.186031699180603,0.8646144270896912,0.47211045026779175,0.6478356719017029,0.8060780167579651,0.4842686653137207,,0.3676302134990692,0.099981389939785,0.1963944435119629
20230227,0.3028346002101898,0.7624809145927429,0.6748584508895874,0.38884031772613525,0.7207267880439758,1.9812992811203003,0.4848335385322571,0.3270987868309021,,,,,,,0.36043426394462585,0.4309847354888916,,0.363452672958374,,
20230228,0.41043341159820557,,,0.274105966091156,0.254467636346817,,,,,,,,0.26052984595298767,,,,,,,
20230301,,1.115303635597229,1.0288455486297607,0.7208765149116516,0.4873442053794861,2.0301268100738525,0.577154815196991,0.4567307233810425,2.5554792881011963,2.655395746231079,0.8253731727600098,0.8537080883979797,0.3126499354839325,0.4232019782066345,0.7672017216682434,0.3902042508125305,,0.2292766273021698,0.13745562732219696,0.49101927876472473
20230302,0.42289838194847107,0.43648189306259155,0.2683122456073761,1.547864317893982,,2.550964832305908,0.7622109651565552,0.5302791595458984,2.761613368988037,2.8177943229675293,1.2227579355239868,0.7070311307907104,,,,,,0.4075578451156616,0.09780126810073853,0.13205087184906006
20230303,0.4327806234359741,0.8523234128952026,0.6185747385025024,0.43376392126083374,0.4857153594493866,2.5476608276367188,0.716391384601593,0.8331427574157715,2.7328693866729736,5.091114044189453,1.079916000366211,1.1457810401916504,0.613154947757721,1.0698871612548828,1.7016764879226685,0.5847256779670715,,0.870370626449585,0.7052251100540161,1.1058800220489502
20230304,0.3676377534866333,0.7935033440589905,0.5582427382469177,0.47156012058258057,0.5886198282241821,2.0041306018829346,0.6163767576217651,0.7161800861358643,2.251101016998291,3.2468018531799316,0.8750553727149963,0.7380574345588684,0.4303149878978729,0.8632369637489319,1.258726716041565,0.5187448859214783,,0.6730257272720337,,
20230305,0.281579852104187,0.6471530199050903,0.40671974420547485,0.2857559621334076,0.24976839125156403,,,,,,,,0.19063901901245117,,,,,,,0.2287224531173706
20230306,0.30201178789138794,0.9721744060516357,0.33005210757255554,0.6253881454467773,0.27493396401405334,2.4800150394439697,0.5358750224113464,0.5112829208374023,,,,,0.32516464591026306,0.6309317350387573,0.3309480547904968,0.4634723663330078,,0.2119983434677124,0.13903461396694183,0.2931748032569885
20230307,0.3543245196342468,,,,,3.213731050491333,,,,,,,,,,0.2832883596420288,,,,
20230308,,0.18986600637435913,0.3734131455421448,0.34917590022087097,0.3890382945537567,,0.6679854393005371,0.520910382270813,,,,,0.3397713899612427,0.5060624480247498,0.4700056314468384,,,0.41317880153656006,0.24074400961399078,1.195921540260315
20230309,0.2978099584579468,0.22303985059261322,0.5657095909118652,0.33469292521476746,0.6396493911743164,2.7630841732025146,,,2.356527090072632,,0.8877917528152466,0.6575556993484497,,,,0.3674297630786896,,0.8417355418205261,0.21835145354270935,0.43819594383239746
20230310,0.3388822674751282,0.7409806251525879,0.5257204174995422,0.5155919194221497,0.5801573395729065,2.711409091949463,0.6816886067390442,0.8873341083526611,4.340403079986572,4.065820217132568,1.366599202156067,0.9582414627075195,0.6165481209754944,0.9909077882766724,1.0012061595916748,1.027569055557251,,0.7083523273468018,,2.0943973064422607
20230311,0.3527179956436157,,0.27559933066368103,0.5766915678977966,0.6505110859870911,2.285799264907837,0.7128903269767761,0.8118170499801636,2.7919845581054688,3.1332859992980957,1.1524173021316528,1.1326364278793335,0.49412333965301514,0.9251088500022888,1.0719767808914185,0.9261738657951355,,0.5000135898590088,0.2965537905693054,1.14407479763031
20230312,0.2189079374074936,2.27990984916687,0.9510143995285034,0.8324165940284729,0.7084949016571045,2.3369827270507812,0.757397472858429,0.8311132192611694,2.759173631668091,3.328876495361328,1.1837873458862305,0.9052735567092896,0.4340991675853729,0.6430509090423584,1.0243440866470337,0.7599273920059204,,0.5426377654075623,0.22767634689807892,0.3506285846233368
20230313,0.37889549136161804,0.34868502616882324,0.670145571231842,1.166377067565918,0.8310602903366089,2.2307276725769043,0.5123003125190735,0.3445150852203369,,,,,0.27591103315353394,,,0.827828049659729,,0.7807050943374634,0.37587428092956543,0.9838800430297852
20230314,0.36911383271217346,0.8632062077522278,0.6323058605194092,0.6806378960609436,0.5694624781608582,2.237659454345703,0.5913810133934021,0.7079896926879883,2.644418478012085,4.292464256286621,0.9562954902648926,1.1269420385360718,0.546412467956543,1.1444274187088013,0.9018388390541077,,,,,0.7631011009216309
20230315,0.31049811840057373,0.5465009212493896,0.3719756305217743,0.40148916840553284,0.6864388585090637,2.7552099227905273,0.5233384966850281,1.2543758153915405,2.866912364959717,5.597999095916748,0.9000019431114197,0.9378056526184082,0.4567992091178894,0.9825783967971802,1.0138975381851196,0.5445898771286011,,,,
20230316,0.290127158164978,0.7129490375518799,0.5611552000045776,0.45525169372558594,0.5670925974845886,2.231874704360962,0.6050382256507874,0.7057350277900696,3.0350987911224365,3.0568292140960693,1.0637433528900146,0.7210255265235901,0.31934359669685364,0.856208860874176,1.0566997528076172,0.4469795227050781,,0.5853404998779297,,1.1360903978347778
20230317,0.33275607228279114,0.8420006632804871,0.7551273107528687,0.6027582883834839,0.6777999401092529,2.409158706665039,0.6168745756149292,0.7909029722213745,3.0214009284973145,4.065225601196289,1.0783209800720215,0.8533946871757507,0.3497743606567383,1.0028483867645264,1.0510061979293823,0.789850652217865,,0.6036838889122009,0.28411898016929626,1.1466068029403687
20230318,0.2154756337404251,0.33159422874450684,0.7051447629928589,0.6080381274223328,0.9703777432441711,2.091836929321289,0.6720793843269348,0.9703055024147034,3.1354901790618896,5.595100402832031,1.312957525253296,0.8836186528205872,0.49065962433815,0.64961838722229,1.7735748291015625,,,0.12640078365802765,0.1133498102426529,0.5782877206802368
20230319,0.1995472013950348,1.519436240196228,0.3893938660621643,,,,,,,,,0.48227232694625854,,,,0.5092156529426575,,1.254876732826233,,
20230320,0.5680261254310608,0.3354544937610626,0.29765552282333374,0.765264630317688,0.316785991191864,,,,,,,,0.24443694949150085,0.43699154257774353,,0.25547826290130615,,0.7265154123306274,0.5215529203414917,1.599005937576294
20230321,0.33550840616226196,0.8743630647659302,0.6168414950370789,0.5552684664726257,0.9254692196846008,2.0561885833740234,0.6684880256652832,0.7807252407073975,2.4201695919036865,2.8086862564086914,1.30997633934021,,0.7188470959663391,1.0513811111450195,1.3102189302444458,0.843197226524353,,1.0096302032470703,,
20230322,0.4851999282836914,1.2568330764770508,1.048564076423645,0.2563178241252899,0.8345630764961243,2.562629222869873,0.7305408716201782,0.9641895890235901,2.9035961627960205,3.6981561183929443,1.1874163150787354,1.551178216934204,0.7863087058067322,1.0145381689071655,1.4975920915603638,0.7475007772445679,,0.5127923488616943,0.3135879933834076,1.5133575201034546
20230323,,0.25217291712760925,0.6691749691963196,0.7558720111846924,0.7622904181480408,2.657313346862793,0.732244610786438,0.932248592376709,2.969074010848999,3.6405868530273438,1.2318450212478638,1.0549405813217163,0.47436392307281494,0.8954998254776001,1.0011216402053833,0.37930265069007874,,0.7079598903656006,0.3160383105278015,1.3948564529418945
20230324,,,0.25356942415237427,0.6581375002861023,0.49843016266822815,,0.5087068676948547,0.7912189960479736,,,1.1890242099761963,,0.3883810341358185,0.5770547389984131,1.1378370523452759,1.1891413927078247,,0.7362732887268066,0.3822757303714752,0.757798969745636
20230325,,,,,0.41352564096450806,2.080336332321167,0.6133608818054199,0.4802793264389038,,,0.668653666973114,,0.4181087911128998,,,0.6168937683105469,,1.1651591062545776,,0.5147626399993896
20230326,,,,,,,,,,,,,,,,,,,,
20230327,0.27738073468208313,0.4807082712650299,0.5564518570899963,0.5080316662788391,0.6156275272369385,1.2991307973861694,0.6156349182128906,0.6794425845146179,,1.4374721050262451,1.1874969005584717,0.9574029445648193,0.230267733335495,0.74656742811203,1.4218806028366089,0.569320023059845,,0.39930376410484314,,
20230328,0.35163870453834534,0.5329535603523254,0.6422827243804932,0.4248087406158447,0.5082147121429443,1.3058887720108032,0.7013865113258362,0.598238468170166,,1.385677456855774,,,0.22542966902256012,,,0.7179035544395447,,0.5409133434295654,0.17981809377670288,0.5424785614013672
20230329,0.2842976450920105,0.6375159025192261,0.47502997517585754,0.3409547209739685,0.5126366019248962,2.381498098373413,0.6355292201042175,0.6664840579032898,2.6138954162597656,3.673140525817871,0.9061414003372192,,0.3379679322242737,0.7376915216445923,0.951201856136322,0.6090955138206482,,0.46339312195777893,0.25026223063468933,0.5436326861381531
20230330,,0.22646960616111755,0.18396919965744019,,0.2985050082206726,1.0628100633621216,0.5090272426605225,0.49137037992477417,,,,1.05263090133667,0.33280062675476074,0.6224781274795532,0.5468658208847046,0.4417654275894165,,0.6486863493919373,0.29712244868278503,0.32716819643974304
20230331,,,0.29388242959976196,0.3554043769836426,0.39495834708213806,0.9810968637466431,0.45066261291503906,0.3384454548358917,,0.8929551243782043,0.7374067902565002,0.6013797521591187,,,0.17594602704048157,0.5346998572349548,,0.48305124044418335,,
20230401,0.4275711476802826,1.030885100364685,0.623437762260437,0.37444886565208435,,2.8826699256896973,0.46566787362098694,0.5809921622276306,2.200254440307617,2.934628963470459,1.2046297788619995,,0.2683047354221344,,,0.3855148255825043,,0.5872781872749329,0.24607683718204498,0.2565310001373291
20230402,0.47181642055511475,1.0076427459716797,0.9124603867530823,0.7308810949325562,0.8154890537261963,2.4723918437957764,0.734114408493042,0.8292722105979919,2.772874116897583,4.616105079650879,1.0899611711502075,1.2019587755203247,0.25703325867652893,0.7966410517692566,0.9612045288085938,0.7885351777076721,,0.4533599317073822,0.2759212553501129,0.5859866738319397
20230403,0.411072701215744,0.7375321984291077,0.5471383333206177,0.6399164795875549,0.7264065742492676,2.3843538761138916,0.7714663743972778,0.9310693740844727,2.802873373031616,4.386112213134766,1.0946221351623535,1.035172700881958,0.4063973128795624,1.3292183876037598,0.9657007455825806,0.7921589016914368,,0.5792385935783386,0.34449151158332825,1.2558231353759766
20230404,,0.6032816171646118,0.7761461734771729,0.6374225616455078,0.5693081617355347,2.323796272277832,0.6207471489906311,0.879090428352356,2.593522787094116,4.4460248947143555,1.1117408275604248,1.3891440629959106,0.37391549348831177,0.9535688757896423,0.939599871635437,0.7414948344230652,,0.6397588849067688,0.1652461141347885,
20230405,0.3799578845500946,,,,0.2721247673034668,,,0.45152798295021057,,3.0733249187469482,0.8639530539512634,1.2920453548431396,0.30051755905151367,0.6455917358398438,0.8261758685112,0.5532408356666565,,0.4672413468360901,0.16837573051452637,
20230406,0.36991921067237854,1.3207296133041382,1.640260100364685,,,1.4788150787353516,0.6904005408287048,1.3668911457061768,,,1.19790518283844,,0.4702373445034027,1.2222294807434082,0.39043793082237244,0.5042677521705627,,1.2575477361679077,,
20230407,0.22456538677215576,0.4576112627983093,0.40066489577293396,0.2782938778400421,0.22275660932064056,,0.27847906947135925,1.0710018873214722,,,1.1099820137023926,0.9143133163452148,0.2895231544971466,0.7586139440536499,0.7823212146759033,0.5167912840843201,,0.1760585606098175,,
20230408,0.3231852352619171,0.9016181230545044,0.9554086327552795,,0.6475743651390076,2.189188003540039,0.5467267036437988,0.2508566677570343,,,,,0.20836971700191498,0.5874414443969727,0.5622040033340454,0.49075084924697876,,0.4198399782180786,0.17913705110549927,0.24695414304733276
20230409,0.2627134621143341,0.8668962717056274,0.7032483220100403,0.2504684329032898,,2.089770793914795,0.5897090435028076,0.3586132526397705,,,,,0.1515073925256729,,0.31565895676612854,0.49482136964797974,,0.27895161509513855,0.1514284908771515,0.18140752613544464
20230410,0.5114480257034302,0.38880711793899536,0.38733425736427307,0.4161929488182068,0.3197396993637085,1.4977856874465942,0.7517783641815186,0.43451595306396484,2.135005235671997,2.940662145614624,0.8989506959915161,1.1783170700073242,0.18148764967918396,0.5664752721786499,0.8075661659240723,0.5819084644317627,,0.39111343026161194,0.19950303435325623,
20230411,0.44474905729293823,0.30531156063079834,,,,,,,,,,,,,,,,,,0.3453238904476166
20230412,0.45235130190849304,0.8261528015136719,0.7104791402816772,0.43375664949417114,0.9601980447769165,2.5991952419281006,0.7399186491966248,0.8276000618934631,,,1.3519490957260132,,0.305494487285614,0.4503345787525177,0.5144122838973999,0.5985926985740662,,,,0.24793386459350586
20230413,0.47307032346725464,0.9861485958099365,1.1817314624786377,0.6992470026016235,0.8393599390983582,2.291231155395508,0.7784222364425659,0.925782322883606,2.754647731781006,3.0332353115081787,2.469733476638794,1.605768084526062,0.4757081866264343,1.6462774276733398,,,,0.2966162860393524,0.34693658351898193,0.9203128218650818
20230414,,,,,,,,,,,,,,,,,,,0.4906219244003296,1.1239986419677734
20230415,0.5024626851081848,,,,0.6402527093887329,2.0203161239624023,0.48996031284332275,0.3731352984905243,,,,,,,0.5254667401313782,,,0.31163591146469116,0.11415894329547882,
20230416,0.5412206053733826,0.8454325199127197,0.7220550775527954,0.4928571581840515,0.5041408538818359,1.7220185995101929,0.7042770981788635,1.3394137620925903,,,0.7033202648162842,1.2771157026290894,0.5625600814819336,0.8644997477531433,1.065944790840149,0.9488905668258667,,0.5112902522087097,0.29777655005455017,0.47985559701919556
20230417,0.6507470011711121,0.8876404762268066,0.7127968072891235,,,2.4873111248016357,0.8083488941192627,0.9272684454917908,3.6127829551696777,5.023075580596924,0.815673828125,1.2640979290008545,,0.6567110419273376,1.2632948160171509,1.5091301202774048,,0.2875574827194214,0.3059580624103546,0.34452906250953674
20230418,0.5288112163543701,0.9525433778762817,0.996239423751831,0.3076883554458618,0.5368912220001221,2.35037899017334,0.6338112950325012,0.869363009929657,2.579266309738159,3.016075372695923,1.0284316539764404,0.8924385905265808,,0.6417749524116516,1.4231375455856323,1.1955159902572632,,1.4639259576797485,0.25321945548057556,0.47430676221847534
20230419,0.42475655674934387,0.7307552695274353,0.5135384202003479,0.26814380288124084,0.7046548128128052,1.8675596714019775,1.1037635803222656,0.5070292949676514,2.242892265319824,2.9775936603546143,0.7480688691139221,,,,1.490032434463501,1.6775107383728027,,0.1316213607788086,0.3891064524650574,0.6809718608856201
20230420,,,,,1.0744800567626953,3.3202455043792725,0.7640854120254517,1.2922495603561401,,,1.7551393508911133,1.064285397529602,0.560647189617157,1.1772949695587158,3.503330707550049,2.321185827255249,,0.7772255539894104,0.4564187526702881,0.5763973593711853
20230421,0.6395882368087769,1.1717288494110107,0.8991588950157166,0.5439473390579224,0.31337645649909973,2.265787363052368,0.7438947558403015,0.5099811553955078,2.7110190391540527,5.058775424957275,0.7384526133537292,0.8552202582359314,0.2659459412097931,0.564069926738739,0.8772458434104919,0.7997365593910217,,0.3763546943664551,0.32420098781585693,0.20466801524162292
20230422,0.6012386083602905,1.1207338571548462,0.7897863984107971,0.552237868309021,1.1030057668685913,3.0606865882873535,0.7726781964302063,1.0532381534576416,4.300207138061523,8.025659561157227,1.443888545036316,1.1147410869598389,0.3735753297805786,1.1961696147918701,1.4252564907073975,1.2371032238006592,,0.9054641723632812,,
20230423,0.6039257645606995,1.1452264785766602,1.2728617191314697,0.7239218354225159,0.8858221769332886,2.517627239227295,0.768961489200592,0.9759129881858826,3.2339553833007812,5.608883380889893,1.2730995416641235,1.2704408168792725,0.3937530815601349,1.5729498863220215,1.3114492893218994,0.9875784516334534,,0.5486398339271545,0.3358934819698334,2.0862741470336914
20230424,0.6490694284439087,1.1993999481201172,1.1594566106796265,0.6799492239952087,0.6749920845031738,2.525308609008789,0.7603615522384644,0.906144917011261,2.9653940200805664,5.738788604736328,1.1599359512329102,1.089859127998352,0.356364905834198,1.1421838998794556,1.2262651920318604,0.9139919281005859,,0.5608075857162476,0.42916983366012573,2.1617467403411865
20230425,0.5373281836509705,0.8700523972511292,0.8222271203994751,1.088254451751709,,3.4141299724578857,,,,,1.0805553197860718,,,0.7514706254005432,,,,0.4712626338005066,0.3811520040035248,1.740241527557373
20230426,0.6866682767868042,,,,,2.282683849334717,0.7334181666374207,0.9364022612571716,,,1.0994229316711426,,0.2989903688430786,0.8027054667472839,,,,,0.30846622586250305,1.5848448276519775
20230427,0.6164170503616333,0.9392198920249939,0.6372562050819397,0.37742528319358826,0.5243973731994629,2.4926302433013916,0.6338045001029968,0.8570858240127563,2.70235013961792,4.775596618652344,0.8362072706222534,0.9264493584632874,0.27903056144714355,0.42535969614982605,0.9588349461555481,0.8769449591636658,,0.5816070437431335,0.2715008556842804,0.371327668428421
20230428,0.5540094375610352,0.5800457000732422,0.6690685749053955,0.3263121545314789,0.646362841129303,,0.7130287885665894,0.7411820888519287,,,2.075014114379883,0.9735767245292664,0.352609246969223,0.5758270025253296,0.5607448220252991,0.7351685762405396,,0.4825274348258972,0.42619219422340393,
20230429,0.5472727417945862,1.0966906547546387,0.9317117929458618,0.6081229448318481,0.5828179717063904,1.8082878589630127,0.6420577764511108,0.6532981991767883,1.2991183996200562,3.6630496978759766,0.7482725381851196,0.9613143801689148,0.2794371247291565,0.48092055320739746,1.1171292066574097,0.7919712662696838,,0.9996635913848877,0.4281981587409973,2.413296937942505
20230430,,1.1285954713821411,0.6635559797286987,0.2520603537559509,0.20582321286201477,1.585955262184143,0.7869974970817566,0.5639052987098694,,,,,0.2770724296569824,0.46276554465293884,0.6755207777023315,0.5739039778709412,,0.3054213225841522,0.2744242250919342,1.6265305280685425
20230501,0.5852962136268616,0.6531358361244202,0.3602599501609802,,,,0.6435802578926086,0.7144827842712402,,,,,0.4707244038581848,,,,,,,1.8175630569458008
20230502,0.564471960067749,0.9162462949752808,0.6368058919906616,0.5255074501037598,0.7366946339607239,1.0238980054855347,0.7760899066925049,0.7417137622833252,,,0.5293580293655396,,,1.3578412532806396,0.5185943245887756,,,0.1613701730966568,,1.300836443901062
20230503,0.47994208335876465,0.995587170124054,0.9625813961029053,0.33708369731903076,0.1984035223722458,,,,,,,,0.16568563878536224,0.5970611572265625,0.7993327975273132,,,0.5959006547927856,0.36328622698783875,0.47949105501174927
20230504,0.5521866083145142,1.531323790550232,1.0022594928741455,0.7042937278747559,,2.607401132583618,,0.5886743664741516,,,,,0.32019177079200745,1.1297892332077026,,,,,0.21125240623950958,
20230505,0.5877630114555359,0.6630178689956665,1.5775012969970703,0.29210928082466125,,2.9918253421783447,,,,,,,,,,,,0.1542602777481079,,
20230506,,,0.5560951828956604,0.4820277690887451,0.5100077986717224,1.7664843797683716,0.9672210812568665,0.9919195175170898,2.054863214492798,2.861487865447998,0.9839895963668823,1.0297688245773315,0.3098662793636322,0.833365261554718,0.8966659307479858,0.7114611268043518,,0.27264145016670227,0.3334411680698395,0.32248654961586
20230507,0.7049434781074524,3.5978033542633057,0.5516282916069031,0.6274354457855225,0.2452247142791748,1.5993057489395142,1.1501357555389404,0.829971194267273,,,0.9595949649810791,0.657739520072937,0.3182995915412903,,0.7097993493080139,,,0.27471813559532166,0.2967624068260193,0.4828045070171356
20230508,0.5854359865188599,2.2470290660858154,0.681171178817749,0.2293725311756134,,2.153827428817749,0.5719753503799438,,,2.32627010345459,,,0.19025886058807373,,,,,0.48631781339645386,0.15515848994255066,0.2716725468635559
20230509,0.5991923213005066,1.3626489639282227,0.970550537109375,0.20533837378025055,0.4606024920940399,1.5186340808868408,0.5944676399230957,,,,,,0.18709087371826172,0.3618733882904053,1.141969919204712,0.6191918253898621,,0.15536825358867645,0.20554719865322113,0.8849905729293823
20230510,0.6008846163749695,1.3303945064544678,1.189062476158142,0.48269328474998474,0.8354939818382263,2.678539752960205,0.8623809218406677,0.9403935670852661,3.0044267177581787,4.30123233795166,1.367155909538269,1.3172807693481445,0.399608850479126,0.9980090856552124,0.7204691767692566,0.5420753955841064,,0.36817866563796997,0.17635752260684967,0.21944177150726318
20230511,0.7207371592521667,1.5917432308197021,0.9382579326629639,0.630287766456604,0.48843103647232056,2.28049635887146,0.8257502913475037,,,,,,0.2988128960132599,,1.2624871730804443,1.9577218294143677,,0.7492475509643555,0.432148814201355,2.038998603820801
20230512,0.7196465134620667,0.6880371570587158,0.6190609335899353,0.4230797290802002,0.5889878869056702,2.4608254432678223,0.5770571827888489,0.7684186697006226,1.5899795293807983,,0.8220973014831543,,0.3663814961910248,0.6746362447738647,0.7319010496139526,0.9640154838562012,,0.5342986583709717,0.35846686363220215,0.3432585597038269
20230513,0.8319865465164185,1.2881799936294556,1.017560601234436,0.737939178943634,1.0304440259933472,3.5971691608428955,0.6664137244224548,1.2076754570007324,4.1070237159729,,2.3509504795074463,1.3228552341461182,0.5241179466247559,1.4556288719177246,3.4181320667266846,2.2111024856567383,,1.0167150497436523,0.37533697485923767,1.5045498609542847
20230514,0.5366528630256653,0.8779856562614441,1.0403738021850586,0.7664930820465088,0.9395586252212524,4.05580997467041,0.8050272464752197,1.063691258430481,6.198431015014648,4.852569103240967,2.330200433731079,,0.5355647206306458,1.3208606243133545,1.8105114698410034,1.5360267162322998,,0.6738647222518921,0.5176995396614075,2.5297608375549316
20230515,0.539888858795166,1.1316701173782349,1.3573408126831055,0.9085994958877563,1.044438362121582,2.6847317218780518,0.6927068829536438,0.9599114060401917,3.339110851287842,5.36758279800415,1.3140387535095215,1.1314517259597778,0.43151989579200745,1.1650958061218262,1.485754132270813,1.1255720853805542,,0.5907374024391174,0.48439866304397583,2.3501036167144775
20230516,0.5028858780860901,0.6740730404853821,1.7116646766662598,0.2827471196651459,0.3279930651187897,1.7697734832763672,0.4926798343658447,0.8002214431762695,1.4670674800872803,2.4023451805114746,0.9196053147315979,0.5658798217773438,0.30937570333480835,0.6340452432632446,,,,0.35047462582588196,0.36506837606430054,0.8807833194732666
20230517,0.5160881876945496,,0.554801344871521,0.2068757861852646,0.5382325053215027,1.0532844066619873,0.4710996150970459,,,,,0.6119268536567688,,,1.4103734493255615,0.6406877040863037,,,0.29853084683418274,0.7867661714553833
20230518,0.5425211191177368,1.204931378364563,1.2640230655670166,0.3697562515735626,0.5095053315162659,1.7503472566604614,0.6119908690452576,0.8924813866615295,0.8062613606452942,,0.742415726184845,0.452317476272583,0.5480328798294067,1.1027145385742188,1.2133234739303589,0.6351673007011414,,1.0345457792282104,0.3338450491428375,0.5024930834770203
20230519,0.5351772308349609,0.5128825902938843,0.6364590525627136,0.2791748046875,0.49974632263183594,2.0569493770599365,0.7341892719268799,0.7822953462600708,,,1.2227156162261963,,0.4074302017688751,0.7756481766700745,,0.7145571112632751,,0.8316959142684937,,
20230520,0.4380611181259155,0.9546374678611755,0.8091132044792175,0.3956749737262726,0.5180789232254028,1.8606537580490112,0.6194199323654175,0.6001843214035034,,,1.0304198265075684,0.792961597442627,0.34246838092803955,0.4127999544143677,0.7615336775779724,1.082901954650879,,0.5879824161529541,,2.610011577606201
20230521,0.3371807038784027,0.4768790304660797,,0.20291154086589813,0.47328293323516846,0.9875287413597107,0.6244281530380249,0.5915060043334961,1.4705513715744019,3.19802188873291,,,0.3260461091995239,,,,,,,0.6055290699005127
20230522,,0.48589545488357544,,,,0.6257284283638,,0.7924848794937134,,2.3293607234954834,0.804394543170929,0.8109010457992554,,,,,,,,
20230523,0.6934414505958557,1.0810179710388184,1.2934776544570923,,,5.366279602050781,,,,,,,,,,,,,,
20230524,0.6576831936836243,,,,,,,,,,,,,,,,,,0.269179105758667,0.7545046806335449
20230525,0.49722084403038025,0.4618718922138214,0.38570523262023926,,,,,,2.00736665725708,3.6701037883758545,,0.5621083974838257,,,,,,,,
20230526,,0.47300010919570923,0.46534985303878784,0.3343275487422943,0.3227129280567169,1.5227034091949463,0.48424196243286133,0.48056817054748535,,2.5786051750183105,0.6020649075508118,0.9816946387290955,0.2276405394077301,0.5472409725189209,0.9603538513183594,0.6669723391532898,,0.3587576448917389,0.1452515870332718,0.7092462182044983
20230527,0.4257794916629791,0.40299496054649353,0.41160693764686584,,0.3083193004131317,1.1420714855194092,0.4635295569896698,0.47911539673805237,1.211257815361023,,0.5728707909584045,0.624993085861206,,0.535631537437439,0.9426406025886536,2.028163194656372,,0.6129960417747498,,0.4265528917312622
20230528,0.7019252777099609,,,,,,0.5959746241569519,0.7534242272377014,,,0.7518463134765625,0.6282833218574524,0.4604569971561432,0.6440107226371765,1.085402488708496,,,0.18275775015354156,0.27334898710250854,0.44641831517219543
20230529,0.6340227723121643,1.1370607614517212,0.8539724946022034,0.4173155725002289,0.5212685465812683,1.0215469598770142,0.5905238389968872,1.0214347839355469,,,,0.606483519077301,,,,,,,,
20230530,0.9208182096481323,1.0427366495132446,1.2317543029785156,1.0058130025863647,,,,,,,,,,,,,,,,
20230531,0.570254921913147,,3.2912425994873047,0.9511561393737793,,2.968977451324463,,1.2075355052947998,,,,,,0.7167813777923584,2.152658462524414,,,0.5316213369369507,,0.9480271935462952
20230601,0.5975377559661865,,0.6456599831581116,,,,,,,,,,,,,,,,,2.574819326400757
20230602,0.7258718013763428,1.0718505382537842,0.9632642269134521,0.8001377582550049,0.4308624565601349,,0.6157487630844116,0.5698747038841248,,,,,0.2921815514564514,,,,,,0.37607645988464355,2.1140666007995605
20230603,0.5884988903999329,2.957988977432251,,0.831246018409729,1.0197277069091797,4.893002033233643,,,,,,,,0.8745864629745483,1.5005828142166138,1.8669660091400146,,0.8577578663825989,,
20230604,0.6137034296989441,,,,,1.3027080297470093,,,,,,,0.5428239107131958,,,,,,,1.704660177230835
20230605,0.5487590432167053,0.7314393520355225,0.8960632681846619,0.45820099115371704,0.5673395395278931,1.5817108154296875,0.6823527812957764,0.4190121293067932,,,,,0.367222398519516,0.4679456353187561,,,,0.44134506583213806,0.3506634533405304,
20230606,0.6170697212219238,1.4668148756027222,1.1268872022628784,0.9366838335990906,1.2436977624893188,2.7657482624053955,0.965480625629425,1.046509861946106,3.9029595851898193,10.276007652282715,1.3787992000579834,1.7374086380004883,0.4465937316417694,1.1218254566192627,1.2031314373016357,1.8015162944793701,,0.6569225788116455,0.3892424702644348,0.7286830544471741
20230607,,,2.0836496353149414,,0.7282652258872986,2.8508849143981934,0.8124595880508423,0.8447370529174805,2.3144445419311523,5.212887763977051,1.0394806861877441,0.651358962059021,0.3881167769432068,0.8021417856216431,1.2585480213165283,1.707845687866211,,0.6807721853256226,0.3267347812652588,
20230608,0.7567914128303528,1.6157549619674683,,,,3.1530120372772217,,,,2.751965284347534,,,,,,,,,0.3572874963283539,1.1880912780761719
